
=== Token: DASH (DASH) ===
Contract: DASH-USD
Timestamp: 2025-06-29T13:25:00.000Z

Calculations:
{
  "momentumScore": 75.81353195432077,
  "volumeScore": 55.257954255730596,
  "patternScore": 39.993594353158045,
  "totalScore": 50.72265973530558,
  "finalScore": 50.72265973530558,
  "weights": "0.23,0.45,0.23",
  "hourlyUptrend": false,
  "rsi": 50,
  "ultraShortVolumeSurge": 0.5843579287887795,
  "baseVolumeSurge": 0.01295652513723634,
  "currentPrice": 19.98,
  "resistance": 20.03,
  "support": 19.95,
  "rocMin5": -0.0019980019980019555,
  "shortROC": 0,
  "priceAcceleration": -0.0004995624680777303,
  "buySellRatio": 0.27341154195103373,
  "macdHistogram": -0.01251297364642106,
  "stochasticK": 33.33333333333465,
  "atr": 0.021428571428571734,
  "bbUpper": 20.05913142742834,
  "bbLower": 19.944868572571657,
  "hammerDetected": true,
  "engulfingDetected": false,
  "compressionSpring": {
    "detected": true,
    "confidence": 54,
    "signals": {
      "sidewaysPrice": true,
      "atrCompression": true,
      "bbSqueeze": true,
      "consolidationTime": true,
      "strongBuying": false,
      "obvPositive": false,
      "chaikinPositive": false,
      "rsiNeutral": false,
      "volumeBuilding": false
    },
    "metrics": {
      "priceRange": 0.4,
      "atrRatio": 0.405,
      "bbWidth": 0.57,
      "volumeRatio": 0.913,
      "signalCount": 4,
      "buySellRatio": 0.273
    }
  },
  "riskTier": "HIGH",
  "atrPercent": 0.1716001716001705,
  "distanceToResistance": 0.2502502502502538,
  "slPercent": 4,
  "tpPercent": 0.21271271271271575,
  "trailingActivation": 0.12762762762762944,
  "shortMomentumScore": 15,
  "overboughtScore": 0,
  "shortPatternScore": 0,
  "shootingStarDetected": false,
  "bearishEngulfingDetected": false,
  "eveningStarDetected": false,
  "bearishPatternsCount": 0,
  "shortTotalScore": 6,
  "chaikin": 0.4295255679243062,
  "obvIncreasing": true,
  "obvTrend": "increasing",
  "adx": 27.777777777778223,
  "recentCandles": {
    "redCount": 0,
    "greenCount": 10
  },
  "resistanceDistance": 0.2502502502502538,
  "multiplePatterns": false,
  "bullishPattern": true,
  "priceAboveVWAP": true,
  "breakingResistance": true,
  "atrSufficient": false,
  "macdDivergenceBearish": false,
  "rvolMin1": -0.12682434548784974,
  "rvolMin5": -0.4049226355938851,
  "atrPercentileOld": 0.12195121951219512,
  "vwapDeviation": 1.1505126557964802,
  "bbWidthPercent": 0.5712571485685597,
  "bbSqueeze": true,
  "multiTFMomentum": {
    "min1": {
      "roc1": -0.0005005005005005788,
      "roc3": -0.0015000000000000568
    },
    "min5": {
      "roc1": 0,
      "roc3": -0.0009999999999999788
    },
    "min15": {
      "roc1": -0.0009999999999999788,
      "roc3": -0.0024962556165751726
    },
    "hourly": {
      "roc1": -0.0035017508754375554,
      "roc3": -0.003003003003002939
    },
    "fourHour": {
      "roc1": -0.004497751124437774,
      "roc3": 0.005045408678102998
    },
    "divergenceShortUpLongDown": false
  },
  "returnZMin5": -0.07201265511539583,
  "wickClosePct": 1,
  "wickUpper": 0,
  "wickLower": 0.010000000000001563,
  "wickRatio": 1,
  "donchianBreakout15": false,
  "bbWidthPercentile15": 0.06493506493506493,
  "signedMin5": 1009.4900698600002,
  "signedMin5Z": 23.43187651115875,
  "signedMin1": 477.4441699599999,
  "signedMin1Z": 13.5967708949344,
  "streakMin1": {
    "upStreak": 0,
    "downStreak": 1
  },
  "streakMin5": {
    "upStreak": 0,
    "downStreak": 0
  },
  "rvolPercentileMin1": 0.6118055555555556,
  "rvolPercentileMin5": 0.5694444444444444,
  "perTfMetrics": {
    "min1": {
      "sma20": 19.989000000000004,
      "sma50": 19.992800000000003,
      "ema20": 19.991858966261944,
      "ema50": 19.97146597551546,
      "vwma20": 19.98588065036609,
      "hma21": 20.006450216450215,
      "atr14": 0.022142857142857304,
      "atrPercentile": 0.2311178247734139,
      "rvolZ": -0.12682434548784974,
      "rvolPercentile": 0.6118055555555556,
      "mfi14": 16.06497211207089,
      "ppo": {
        "ppo": -0.0012604349914373076,
        "signal": 0.018934417640647325,
        "histogram": -0.020194852632084634
      },
      "stochRsi": {
        "k": 49.857549857547895,
        "d": 48.71604938271587
      },
      "vprofile": {
        "vpBins": [
          0.00032066829742688805,
          0.04535660666124876,
          0.06432990848340286,
          0,
          0.000873500442190843,
          0.05915795013991633,
          0.00629600135167952,
          0.02575383297124566,
          0.013777513398946244,
          0.044773311028229255,
          0.20486824119179278,
          0.04346177769175327,
          0.07997798867159252,
          0.07577135333559423,
          0.09837893399793146,
          0.020091151506984244,
          0.08879841626757422,
          0.09132967401004476,
          0.014265249879332543,
          0.022417920673113743
        ],
        "currentBinShare": 0.08879841626757422
      },
      "ttm": {
        "squeeze": false,
        "release": false,
        "widthPct": 0.39467873176881346
      }
    },
    "min5": {
      "sma20": 19.989500000000003,
      "sma50": 19.963000000000005,
      "ema20": 19.991251213954733,
      "ema50": 19.95720940013451,
      "vwma20": 19.98641254111964,
      "hma21": 20.005887445887446,
      "atr14": 0.021428571428571734,
      "atrPercentile": 0.11678832116788321,
      "rvolZ": -0.4049226355938851,
      "rvolPercentile": 0.5694444444444444,
      "mfi14": 14.031489727338595,
      "ppo": {
        "ppo": 0.02303778071981543,
        "signal": 0.05004559088161849,
        "histogram": -0.027007810161803057
      },
      "stochRsi": {
        "k": 70.4225352112674,
        "d": 51.38271604938265
      },
      "vprofile": {
        "vpBins": [
          0.0032062086426662235,
          0.03569500438571608,
          0.09274179384853784,
          0.06058799052594108,
          0.1036534458256255,
          0.01631393065291081,
          0.06886966957050607,
          0.033893111912363404,
          0.02088542791510176,
          0.01112162116342768,
          0.05425323579026433,
          0.12129280265661505,
          0.0446244177607596,
          0.0558829162880639,
          0.06667660399447496,
          0.05424213772417994,
          0.022856378352514035,
          0.09440633237081765,
          0.02296297470196711,
          0.015833995917547024
        ],
        "currentBinShare": 0.09440633237081765
      },
      "ttm": {
        "squeeze": false,
        "release": false,
        "widthPct": 0.3873725842588435
      }
    },
    "min15": {
      "sma20": 20.002,
      "sma50": 19.899800000000003,
      "ema20": 19.977583671949706,
      "ema50": 19.903246561804277,
      "vwma20": 20.000719235316026,
      "hma21": 19.984025974025982,
      "atr14": 0.034285714285714065,
      "atrPercentile": 0.12195121951219512,
      "rvolZ": 0.15678401858095115,
      "rvolPercentile": 0.7604166666666666,
      "mfi14": 48.288047661129475,
      "ppo": {
        "ppo": 0.1535635988660009,
        "signal": 0.19657311866144148,
        "histogram": -0.04300951979544057
      },
      "stochRsi": {
        "k": 0,
        "d": 45.011337868480744
      },
      "vprofile": {
        "vpBins": [
          0.08497796159094867,
          0.01524938408187702,
          0.09222466579172274,
          0.07340538037967359,
          0.020214504281592372,
          0.02051753397117449,
          0.028568483980539072,
          0.000009830950684710123,
          0.02858711104499431,
          0.05237438977279318,
          0.05615671869412113,
          0.13733139591622967,
          0.06308736784242894,
          0.083120170620767,
          0.004227425798261054,
          0.0017959594645594124,
          0.05163699856303219,
          0.1569271776228227,
          0.011501177464196662,
          0.018086362167581176
        ],
        "currentBinShare": 0.05163699856303219
      },
      "ttm": {
        "squeeze": false,
        "release": false,
        "widthPct": 0.5712571485685597
      }
    },
    "hourly": {
      "sma20": 19.8655,
      "sma50": 19.6212,
      "ema20": 19.85734419839665,
      "ema50": 19.714850657537944,
      "vwma20": 19.8810230912981,
      "hma21": 19.990043290043285,
      "atr14": 0.07785714285714233,
      "atrPercentile": 0.015527950310559006,
      "rvolZ": -0.11248686621012835,
      "rvolPercentile": 0.44345238095238093,
      "mfi14": 52.645570094361105,
      "ppo": {
        "ppo": 0.5210720186228517,
        "signal": 0.5262997867661987,
        "histogram": -0.0052277681433470224
      },
      "stochRsi": {
        "k": 0,
        "d": 63.19376693766957
      },
      "vprofile": {
        "vpBins": [
          0,
          0,
          0.006940395300533125,
          0.08413372856217075,
          0.004717085429368056,
          0.022428057681475495,
          0.011039971749552858,
          0.4336876031319228,
          0.0312445049787595,
          0.012799084929439505,
          0.015547465870121251,
          0.03962422159097711,
          0.04041017769952832,
          0.04916325089193203,
          0.08328698511035344,
          0.11083720560348731,
          0.050035009583919376,
          0.004105251886458983,
          0,
          0
        ],
        "currentBinShare": 0.11083720560348731
      },
      "ttm": {
        "squeeze": false,
        "release": false,
        "widthPct": 2.0499341316917734
      }
    },
    "fourHour": {
      "sma20": 19.5495,
      "sma50": 19.400199999999998,
      "ema20": 19.66202969603898,
      "ema50": 19.60446206979455,
      "vwma20": 19.61305111866712,
      "hma21": 19.804329004329013,
      "atr14": 0.20999999999999958,
      "atrPercentile": 0.014285714285714285,
      "rvolZ": -0.24078428571125934,
      "rvolPercentile": 0.23809523809523808,
      "mfi14": 85.1511138736244,
      "ppo": {
        "ppo": 0.4738540947201584,
        "signal": 0.21013124010744433,
        "histogram": 0.26372285461271405
      },
      "stochRsi": {
        "k": 95.4005966793498,
        "d": 72.23691674065309
      },
      "vprofile": {
        "vpBins": [
          0,
          0,
          0.0135846299854518,
          0.041777221758651645,
          0.031871195493714484,
          0.006890990862141093,
          0.02641710915930055,
          0.04112865263815174,
          0.32829062382580704,
          0.010561024743112548,
          0.030662730199143298,
          0.06786570111890182,
          0.05457101383162503,
          0.1606271416380148,
          0.10105484802039634,
          0.05779620842811909,
          0.0022244516156346783,
          0.0019920355411338062,
          0.01929750192174743,
          0.0033869192189527443
        ],
        "currentBinShare": 0.10105484802039634
      },
      "ttm": {
        "squeeze": false,
        "release": false,
        "widthPct": 4.7244148458751205
      }
    },
    "daily": {
      "sma20": 20.041500000000003,
      "sma50": 21.897800000000004,
      "ema20": 20.153646361235705,
      "ema50": 21.128268927902404,
      "vwma20": 0,
      "hma21": 18.943290043290045,
      "atr14": 0.9907142857142858,
      "atrPercentile": 0.2631578947368421,
      "rvolZ": 0,
      "rvolPercentile": 1,
      "mfi14": 50,
      "ppo": {
        "ppo": -2.7824158634605882,
        "signal": -3.4790710668908966,
        "histogram": 0.6966552034303084
      },
      "stochRsi": {
        "k": 100,
        "d": 46.58452064163733
      },
      "vprofile": {
        "vpBins": [
          0,
          0,
          0,
          0,
          0,
          0,
          0,
          0,
          0,
          0,
          0,
          0,
          0,
          0,
          0,
          0,
          0,
          0,
          0,
          0
        ],
        "currentBinShare": 0
      },
      "ttm": {
        "squeeze": false,
        "release": false,
        "widthPct": 18.73783595582522
      }
    }
  },
  "smaMin5": 19.989500000000003,
  "emaMin5": 19.991251213954733,
  "vwmaMin5": 19.98641254111964,
  "hmaMin5": 20.005887445887446,
  "keltner15": {
    "upper": 20.024083671949708,
    "middle": 19.977583671949706,
    "lower": 19.931083671949704
  },
  "superTrend15": {
    "isBull": true,
    "finalUpper": 20.063,
    "finalLower": 19.877
  },
  "mfi15": 48.288047661129475,
  "stochRsi15": {
    "k": 0,
    "d": 45.011337868480744
  },
  "ppo15": {
    "ppo": 0.1535635988660009,
    "signal": 0.19657311866144148,
    "histogram": -0.04300951979544057
  },
  "vpMin15": {
    "vpBins": [
      0.08497796159094867,
      0.01524938408187702,
      0.09222466579172274,
      0.07340538037967359,
      0.020214504281592372,
      0.02051753397117449,
      0.028568483980539072,
      0.000009830950684710123,
      0.02858711104499431,
      0.05237438977279318,
      0.05615671869412113,
      0.13733139591622967,
      0.06308736784242894,
      0.083120170620767,
      0.004227425798261054,
      0.0017959594645594124,
      0.05163699856303219,
      0.1569271776228227,
      0.011501177464196662,
      0.018086362167581176
    ],
    "currentBinShare": 0.05163699856303219
  },
  "ttm15": {
    "squeeze": false,
    "release": false,
    "widthPct": 0.5712571485685597
  },
  "marketCorrelation": {
    "hourly": {
      "btcCorrelation": 0,
      "ethCorrelation": 0,
      "btcBeta": 1,
      "ethBeta": 1,
      "btcTrend": "UNKNOWN",
      "ethTrend": "UNKNOWN",
      "tokenVol": 0,
      "btcVol": 0,
      "ethVol": 0,
      "marketDependence": 0,
      "verdict": "INSUFFICIENT_DATA"
    },
    "min15": {
      "btcCorrelation": 0,
      "ethCorrelation": 0,
      "btcBeta": 1,
      "ethBeta": 1,
      "btcTrend": "UNKNOWN",
      "ethTrend": "UNKNOWN",
      "tokenVol": 0,
      "btcVol": 0,
      "ethVol": 0,
      "marketDependence": 0,
      "verdict": "INSUFFICIENT_DATA"
    },
    "daily": {
      "btcCorrelation": 0,
      "ethCorrelation": 0,
      "btcBeta": 1,
      "ethBeta": 1,
      "btcTrend": "UNKNOWN",
      "ethTrend": "UNKNOWN",
      "tokenVol": 0,
      "btcVol": 0,
      "ethVol": 0,
      "marketDependence": 0,
      "verdict": "INSUFFICIENT_DATA"
    }
  },
  "tradeTape": {
    "totalTrades": 0,
    "totalVolume": 0,
    "buysVolume": 0,
    "sellsVolume": 0,
    "buySellRatio": 0.5,
    "vwap": 0,
    "signedVolume": 0,
    "avgTradeSize": 0,
    "tradesPerSec": 0,
    "cumulativeDelta": 0,
    "tradesLast1m": 0,
    "tradesLast5m": 0,
    "tradesLast15m": 0,
    "tradesLast1h": 0,
    "buyVWAP": 0,
    "sellVWAP": 0,
    "aggressorVWAP": 0,
    "bucketDurationMs": 60000,
    "bucketCount": 15,
    "bucketSignedVolumes": [],
    "bucketVolumes": [],
    "bucketVWAPs": [],
    "latestBucketSignedZ": 0
  },
  "enhancedMetrics": {
    "relativeVolumeZScore": -1,
    "volumePercentile": 40,
    "atrPercentile": 8.75912408759124,
    "volatilityPercentile": 0.6329113924050633,
    "relativeVolatilityRatio": 0.8679680141371497,
    "isHighVolume": false,
    "isHighVolatility": false,
    "isLowVolatility": true,
    "isExpandingVolatility": false,
    "isContractingVolatility": false
  },
  "orderBook": {
    "bidAskSpread": 0,
    "spreadPct": 0,
    "midPrice": 0,
    "bestBid": 0,
    "bestAsk": 0,
    "bidDepth": 0,
    "askDepth": 0,
    "orderBookImbalance": 0,
    "liquidityScore": 0,
    "depthAt1Pct": {
      "bidVolume": 0,
      "askVolume": 0,
      "imbalance": 0
    },
    "depthAt2Pct": {
      "bidVolume": 0,
      "askVolume": 0,
      "imbalance": 0
    },
    "depthAt5Pct": {
      "bidVolume": 0,
      "askVolume": 0,
      "imbalance": 0
    },
    "weightedMidPrice": 0,
    "volumeWeightedSpread": 0,
    "totalBidLevels": 0,
    "totalAskLevels": 0
  },
  "marketCap": {
    "marketCap": 0,
    "totalVolume24h": 0,
    "volumeToMarketCapRatio": 0,
    "marketCapRank": 0,
    "normalizedRank": 0,
    "isHighLiquidity": false,
    "isVeryHighLiquidity": false,
    "isLowLiquidity": true,
    "liquidityTier": "VERY_LOW"
  },
  "sweeps": {
    "sweepScore": 0,
    "sweepCount": 0,
    "sweepDirection": "NEUTRAL",
    "buySweeps": 0,
    "sellSweeps": 0,
    "avgSweepSize": 0,
    "avgSweepIntensity": 0,
    "bidLiftRatio": 0,
    "askLiftRatio": 0,
    "sweepFrequency": 0,
    "largestSweep": null,
    "recentSweepClusters": 0,
    "sweepDetails": []
  },
  "absorption": {
    "absorptionScore": 0,
    "absorptionLevel": null,
    "absorptionSide": "NONE",
    "icebergProbability": 0,
    "hiddenLiquidityEstimate": 0,
    "volumeAtPrice": {},
    "topAbsorptionLevels": [],
    "persistenceDuration": 0,
    "refillDetected": false
  },
  "orderArrival": {
    "avgInterArrivalTime": 0,
    "recentInterArrivalTime": 0,
    "accelerationRatio": 1,
    "hawkesIntensity": 0,
    "hawkesDirection": "NEUTRAL",
    "clusteringScore": 0,
    "burstCount": 0,
    "cascadeDetected": false,
    "timeToNextTrade": 0,
    "accelerationTrend": "STABLE"
  },
  "liquidityVacuum": {
    "vacuumScore": 0,
    "vacuumSide": "NONE",
    "bidVacuumSeverity": 0,
    "askVacuumSeverity": 0,
    "depthConcentration": 0,
    "priceImpact10k": 0,
    "priceImpact50k": 0,
    "priceImpact100k": 0,
    "largestGapBid": 0,
    "largestGapAsk": 0,
    "avgGapBid": 0,
    "avgGapAsk": 0,
    "bidCliffDistance": 0,
    "askCliffDistance": 0
  },
  "volatilityRegime": {
    "regime": "LOW",
    "regimeScore": -1,
    "currentATR": 1.014615,
    "avgATR": 1.051744,
    "atrPercentile": 35.5,
    "realizedVolatility": 43.51,
    "volPercentile": 3.4,
    "expanding": false,
    "contracting": false,
    "transitionProbability": 0.3,
    "daysInRegime": 1,
    "regimeStrength": 0.05
  },
  "temporalPatterns": {
    "currentHour": 10,
    "currentDay": 0,
    "currentDayName": "Sunday",
    "dayBias": "NEUTRAL",
    "hourlyProfile": [
      {
        "avgVolume": 139.9,
        "avgATR": 0.155714,
        "avgReturn": 0.251
      },
      {
        "avgVolume": 247.02,
        "avgATR": 0.155,
        "avgReturn": -0.143
      },
      {
        "avgVolume": 191.22,
        "avgATR": 0.136429,
        "avgReturn": 0.211
      },
      {
        "avgVolume": 81.1,
        "avgATR": 0.101429,
        "avgReturn": 0.055
      },
      {
        "avgVolume": 133.19,
        "avgATR": 0.113571,
        "avgReturn": 0.03
      },
      {
        "avgVolume": 117.52,
        "avgATR": 0.144286,
        "avgReturn": 0.18
      },
      {
        "avgVolume": 214.53,
        "avgATR": 0.092143,
        "avgReturn": 0.041
      },
      {
        "avgVolume": 330.35,
        "avgATR": 0.112857,
        "avgReturn": 0.004
      },
      {
        "avgVolume": 95.55,
        "avgATR": 0.093571,
        "avgReturn": -0.109
      },
      {
        "avgVolume": 102.54,
        "avgATR": 0.1,
        "avgReturn": -0.058
      },
      {
        "avgVolume": 218.69,
        "avgATR": 0.117857,
        "avgReturn": -0.106
      },
      {
        "avgVolume": 116.32,
        "avgATR": 0.109286,
        "avgReturn": -0.015
      },
      {
        "avgVolume": 2586.87,
        "avgATR": 0.203571,
        "avgReturn": -0.047
      },
      {
        "avgVolume": 516.02,
        "avgATR": 0.258571,
        "avgReturn": -0.279
      },
      {
        "avgVolume": 310.74,
        "avgATR": 0.211538,
        "avgReturn": -0.053
      },
      {
        "avgVolume": 159.98,
        "avgATR": 0.165,
        "avgReturn": -0.379
      },
      {
        "avgVolume": 310.14,
        "avgATR": 0.168571,
        "avgReturn": -0.206
      },
      {
        "avgVolume": 290.94,
        "avgATR": 0.235714,
        "avgReturn": 0.305
      },
      {
        "avgVolume": 157.84,
        "avgATR": 0.131429,
        "avgReturn": -0.065
      },
      {
        "avgVolume": 181.36,
        "avgATR": 0.143571,
        "avgReturn": 0.138
      },
      {
        "avgVolume": 138.65,
        "avgATR": 0.210714,
        "avgReturn": 0.17
      },
      {
        "avgVolume": 338.88,
        "avgATR": 0.177143,
        "avgReturn": -0.349
      },
      {
        "avgVolume": 365.58,
        "avgATR": 0.222857,
        "avgReturn": 0.32
      },
      {
        "avgVolume": 206.71,
        "avgATR": 0.129286,
        "avgReturn": 0.012
      }
    ],
    "dailyProfile": [
      {
        "avgVolume": 308.27,
        "avgATR": 0.181702,
        "avgReturn": -0.07
      },
      {
        "avgVolume": 898.25,
        "avgATR": 0.186458,
        "avgReturn": 0.168
      },
      {
        "avgVolume": 260.68,
        "avgATR": 0.160208,
        "avgReturn": -0.019
      },
      {
        "avgVolume": 217.82,
        "avgATR": 0.175417,
        "avgReturn": -0.015
      },
      {
        "avgVolume": 219.92,
        "avgATR": 0.126875,
        "avgReturn": -0.037
      },
      {
        "avgVolume": 134.47,
        "avgATR": 0.128333,
        "avgReturn": -0.024
      },
      {
        "avgVolume": 163.1,
        "avgATR": 0.116667,
        "avgReturn": -0.03
      }
    ],
    "favorableHours": [
      12,
      13,
      22,
      21,
      7,
      14
    ],
    "favorableWindow": false,
    "currentVsAvgVolume": 0,
    "currentVsAvgVolatility": 0,
    "anomalyDetected": true,
    "timeUntilFavorable": 2,
    "temporalScore": 0
  },
  "unifiedMicrostructure": {
    "signalDirections": {
      "vpin": "NEUTRAL",
      "sweeps": "NEUTRAL",
      "absorption": "NEUTRAL",
      "arrival": "NEUTRAL",
      "vacuum": "NONE",
      "volRegime": "FAVORABLE",
      "temporal": "UNFAVORABLE"
    },
    "consensusDirection": "NEUTRAL",
    "consensusStrength": 50,
    "bullishSignals": 1,
    "bearishSignals": 1,
    "neutralSignals": 0,
    "totalAvailableSignals": 2,
    "dominantPattern": "NONE",
    "clusters": {
      "strongBuyCluster": false,
      "distributionPattern": false,
      "accumulationPattern": false,
      "momentumCascade": false
    },
    "adaptiveWeights": {
      "vpin": 0,
      "sweeps": 0,
      "absorption": 0,
      "arrival": 0,
      "vacuum": 0,
      "volRegime": 0.021,
      "temporal": 0.02
    },
    "convictionLevel": "LOW",
    "convictionScore": 30,
    "riskAdjustment": "REDUCE",
    "timingQuality": "UNFAVORABLE",
    "signalQuality": "LOW"
  },
  "deltaAnalysis": {
    "currentDelta": 0,
    "cumulativeDelta": 0,
    "deltaPerVolume": 0,
    "deltaDirection": "NEUTRAL",
    "deltaDivergence": false,
    "institutionalRatio": 0,
    "aggressionScore": 0
  },
  "volumeProfile": {
    "pointOfControl": 0,
    "valueAreaHigh": 0,
    "valueAreaLow": 0,
    "currentPosition": "ABOVE_VALUE_AREA",
    "volumeNodes": [],
    "airPockets": []
  },
  "momentumCascade": {
    "cascadeDetected": false,
    "alignmentScore": -0.00202537281328224,
    "cascadeStrength": 0,
    "acceleratingTimeframes": [],
    "divergingTimeframes": [
      "1m",
      "5m",
      "15m",
      "1h"
    ]
  },
  "breakoutConfirmation": {
    "breakoutConfirmed": false,
    "volumeConfirmation": false,
    "retestStrength": 0,
    "falseBreakoutRisk": 0,
    "breakoutQuality": "NO_BREAKOUT"
  },
  "liquidityHeatmap": {
    "liquidityScore": 0,
    "magnetDirection": "NONE",
    "magnetStrength": 0,
    "priceTarget5pct": null,
    "message": "No order book data"
  },
  "smartMoneyDivergence": {
    "divergenceDetected": false,
    "divergenceDirection": "NONE",
    "smartMoneyScore": 0.5,
    "message": "Insufficient trade data"
  },
  "microstructure": {
    "raw": -0.02000230989559272,
    "pct": 50,
    "summary": {
      "latestBucketSignedZ": 0,
      "buySellRatio": 0.5,
      "tradesPerSec": 0,
      "vwap": 0,
      "aggressorVWAP": 0,
      "vpinToxicity": "UNKNOWN",
      "sweepDirection": "NEUTRAL",
      "absorptionSide": "NONE",
      "icebergDetected": false,
      "hawkesDirection": "NEUTRAL",
      "cascadeDetected": false,
      "vacuumSide": "NONE",
      "volatilityRegime": "LOW",
      "volExpanding": false,
      "favorableTimeWindow": false,
      "temporalAnomaly": true,
      "consensusDirection": "NEUTRAL",
      "consensusStrength": 50,
      "dominantPattern": "NONE",
      "convictionLevel": "LOW",
      "riskAdjustment": "REDUCE",
      "timingQuality": "UNFAVORABLE",
      "deltaDirection": "NEUTRAL",
      "deltaDivergence": false,
      "institutionalRatio": 0,
      "volumeProfilePosition": "ABOVE_VALUE_AREA",
      "pointOfControl": 0,
      "momentumCascadeDetected": false,
      "cascadeStrength": 0,
      "breakoutQuality": "NO_BREAKOUT",
      "breakoutConfirmed": false,
      "magnetDirection": "NONE",
      "magnetStrength": 0,
      "priceTarget5pct": null,
      "nearestBidWall": 0,
      "nearestAskWall": 0,
      "divergenceDetected": false,
      "divergenceDirection": "NONE",
      "whaleAccumulation": false,
      "whaleDistribution": false,
      "retailPanic": false,
      "smartMoneyScore": 0.5
    }
  }
}

=== MICROSTRUCTURE ALERTS ===

🔬 VPIN: Insufficient data for VPIN analysis

🌊 SWEEP DETECTION: No significant sweeps detected

🧊 ABSORPTION & ICEBERG: No significant absorption or iceberg orders detected

⚡ ORDER ARRIVAL DYNAMICS: Insufficient trades for analysis

🌪️ LIQUIDITY VACUUM: No significant vacuum detected

📊 VOLATILITY REGIME DETECTION:
   Current Regime: LOW
   Regime Score: -1.00 (-1=low vol, +1=extreme vol)
   Days in Regime: 1
   ATR: $1.014615 (avg: $1.051744)
   ATR Percentile: 35.5%
   Realized Volatility: 43.51% (annualized)
   Vol Percentile: 3.4%

   🔵 LOW VOLATILITY REGIME:
   ✅ Ideal for breakout setups - price coiling
   ✅ Tight stops recommended
   ✅ Can increase position size (lower risk)

   📍 MODERATE REGIME TRANSITION PROBABILITY: 30%
   Monitor for potential regime change

   ⚠️ NEW REGIME: Only 1 day(s) - conditions still settling

⏰ TEMPORAL PATTERN ANALYSIS:
   Current Time: Sunday 10:00 UTC
   Day Bias: NEUTRAL
   Current vs Avg Volume: 0x
   Current vs Avg Volatility: 0x

   ⏳ NON-FAVORABLE TIME WINDOW:
   This hour typically shows weaker activity
   Next favorable window in 2 hour(s)

   ⚠️ LOW ACTIVITY ANOMALY:
   Volume 0x below typical - Extremely quiet

   📉 LOW VOLATILITY ANOMALY:
   Volatility 0x below typical - Consolidation likely

   🔥 Best Trading Hours (UTC): 12:00, 13:00, 22:00

🎯 UNIFIED MICROSTRUCTURE INTEGRATION:
   Signal Consensus: NEUTRAL (50% agreement)
   Available Signals: 2 (1 bullish / 1 bearish / 0 neutral)
   Conviction Level: LOW (30%)
   Signal Quality: LOW
   Risk Adjustment: REDUCE
   Timing Quality: UNFAVORABLE

   ⚠️ LOW CONVICTION: Only 50% signal agreement
   Weak alignment - Reduce position size or wait for clarity

   ⚠️ RISK REDUCTION RECOMMENDED: Extreme volatility or unfavorable timing detected

   ⏰ UNFAVORABLE TIMING: Avoid trading during this hour

   Signal Directions Breakdown:
   • VPIN: NEUTRAL
   • Sweeps: NEUTRAL
   • Absorption: NEUTRAL
   • Arrival Dynamics: NEUTRAL
   • Liquidity Vacuum: NONE
   • Vol Regime: FAVORABLE
   • Temporal: UNFAVORABLE

   Adaptive Weights (Total: 4.1%):
   • VPIN: 0.0%
   • Sweeps: 0.0%
   • Absorption: 0.0%
   • Arrival: 0.0%
   • Vacuum: 0.0%
   • Vol Regime: 2.1%
   • Temporal: 2.0%


💹 DELTA ANALYSIS (Order Flow Aggression):
   Direction: NEUTRAL
   Delta Per Volume: 0.00%
   Institutional Ratio: 0.0%
   Aggression Score: 0.0%

📊 VOLUME PROFILE (Support/Resistance Strength):
   Point of Control (POC): $0.000000
   Value Area High: $0.000000
   Value Area Low: $0.000000
   Current Position: ABOVE_VALUE_AREA
   ⚠️ DISTRIBUTION RISK: Price above value area - potential rejection zone

⚡ MOMENTUM CASCADE (Multi-Timeframe Alignment):
   Cascade Detected: NO
   Alignment Score: -0.2%
   Cascade Strength: 0.0%
   Accelerating: None
   Diverging: 1m, 5m, 15m, 1h

💥 BREAKOUT CONFIRMATION:
   Quality: NO_BREAKOUT
   Volume Confirmation: NO
   Retest Strength: 0.0%
   False Breakout Risk: 0.0%
   No breakout detected - price below resistance


levels:
Entry=19.94004, StopLoss=19.1424384, TakeProfit=19.961247500000002, 19.982455, 19.999420999999998

---

=== Token: ZEC (ZEC) ===
Contract: ZEC-USD
Timestamp: 2025-06-29T13:25:00.000Z

Calculations:
{
  "momentumScore": 64.80567349584575,
  "volumeScore": 90.65540375025938,
  "patternScore": 35.016286307056546,
  "totalScore": 61.57230095571007,
  "finalScore": 61.57230095571007,
  "weights": "0.27,0.41,0.23",
  "hourlyUptrend": false,
  "rsi": 41.40625000000006,
  "ultraShortVolumeSurge": 2.3193676866574067,
  "baseVolumeSurge": 0.022315913424161792,
  "currentPrice": 39.54,
  "resistance": 39.9,
  "support": 39.33,
  "rocMin5": -0.0010106114199090234,
  "shortROC": 0,
  "priceAcceleration": -0.00025107426705764293,
  "buySellRatio": 0.7331015444936458,
  "macdHistogram": -0.13615228694749892,
  "stochasticK": 44.28571428571443,
  "atr": 0.10357142857142979,
  "bbUpper": 40.02223278392405,
  "bbLower": 39.437767216075954,
  "hammerDetected": false,
  "engulfingDetected": false,
  "compressionSpring": {
    "detected": true,
    "confidence": 77,
    "signals": {
      "sidewaysPrice": true,
      "atrCompression": true,
      "bbSqueeze": true,
      "consolidationTime": true,
      "strongBuying": true,
      "obvPositive": false,
      "chaikinPositive": false,
      "rsiNeutral": true,
      "volumeBuilding": false
    },
    "metrics": {
      "priceRange": 1.78,
      "atrRatio": 0.674,
      "bbWidth": 1.47,
      "volumeRatio": 0.463,
      "signalCount": 6,
      "buySellRatio": 0.733
    }
  },
  "riskTier": "HIGH",
  "atrPercent": 0.49859093865163884,
  "distanceToResistance": 0.910470409711683,
  "slPercent": 4,
  "tpPercent": 0.7738998482549305,
  "trailingActivation": 0.4643399089529583,
  "shortMomentumScore": 0,
  "overboughtScore": 0,
  "shortPatternScore": 0,
  "shootingStarDetected": false,
  "bearishEngulfingDetected": false,
  "eveningStarDetected": false,
  "bearishPatternsCount": 0,
  "shortTotalScore": 0,
  "chaikin": 0.503433597289988,
  "obvIncreasing": true,
  "obvTrend": "increasing",
  "adx": 46.47887323943659,
  "recentCandles": {
    "redCount": 4,
    "greenCount": 6
  },
  "resistanceDistance": 0.910470409711683,
  "multiplePatterns": false,
  "bullishPattern": false,
  "priceAboveVWAP": true,
  "breakingResistance": true,
  "atrSufficient": false,
  "macdDivergenceBearish": false,
  "rvolMin1": -0.14508450177120588,
  "rvolMin5": -0.3264690926089343,
  "atrPercentileOld": 0.9512195121951219,
  "vwapDeviation": 1.134430778633699,
  "bbWidthPercent": 1.4710938027890736,
  "bbSqueeze": true,
  "multiTFMomentum": {
    "min1": {
      "roc1": -0.0015151515151515726,
      "roc3": -0.002522704339051499
    },
    "min5": {
      "roc1": 0,
      "roc3": -0.002522704339051499
    },
    "min15": {
      "roc1": 0.0007593014426727698,
      "roc3": 0.005339435545385224
    },
    "hourly": {
      "roc1": -0.007579585649317766,
      "roc3": -0.014056224899598449
    },
    "fourHour": {
      "roc1": -0.010828506673382012,
      "roc3": 0.013415892672858698
    },
    "divergenceShortUpLongDown": false
  },
  "returnZMin5": -0.08850573383341158,
  "wickClosePct": 0,
  "wickUpper": 0,
  "wickLower": 0,
  "wickRatio": 0,
  "donchianBreakout15": false,
  "bbWidthPercentile15": 0.33766233766233766,
  "signedMin5": 2392.766170000001,
  "signedMin5Z": 24.09038944584033,
  "signedMin1": -569.3824699999998,
  "signedMin1Z": -7.860336117320074,
  "streakMin1": {
    "upStreak": 0,
    "downStreak": 1
  },
  "streakMin5": {
    "upStreak": 0,
    "downStreak": 0
  },
  "rvolPercentileMin1": 0.4701388888888889,
  "rvolPercentileMin5": 0.3784722222222222,
  "perTfMetrics": {
    "min1": {
      "sma20": 39.542500000000004,
      "sma50": 39.69460000000001,
      "ema20": 39.56987275591395,
      "ema50": 39.65351165709781,
      "vwma20": 39.56986219563277,
      "hma21": 39.43878787878788,
      "atr14": 0.07500000000000132,
      "atrPercentile": 0.7930513595166163,
      "rvolZ": -0.14508450177120588,
      "rvolPercentile": 0.4701388888888889,
      "mfi14": 81.81991213598761,
      "ppo": {
        "ppo": -0.11980740395448541,
        "signal": -0.16576484595872165,
        "histogram": 0.04595744200423624
      },
      "stochRsi": {
        "k": 73.48856113364748,
        "d": 49.669074969246516
      },
      "vprofile": {
        "vpBins": [
          0.004262985998861047,
          0.004657129925523252,
          0.0011772258297011258,
          0.029984939503032524,
          0.003154871180626118,
          0,
          0,
          0.006759979313780245,
          0.002068923634574558,
          0.10610381001980981,
          0.08018580925996498,
          0.08380525086078087,
          0.08097332275150856,
          0.21927625249550528,
          0.04376238119743114,
          0.040848292992225546,
          0.06838822404591367,
          0.18810723297255103,
          0.004699122725227525,
          0.03178424529298283
        ],
        "currentBinShare": 0.08380525086078087
      },
      "ttm": {
        "squeeze": false,
        "release": false,
        "widthPct": 1.1057504004950325
      }
    },
    "min5": {
      "sma20": 39.6245,
      "sma50": 39.72660000000001,
      "ema20": 39.59692830429746,
      "ema50": 39.62459594367523,
      "vwma20": 39.59947548429226,
      "hma21": 39.386969696969686,
      "atr14": 0.10357142857142979,
      "atrPercentile": 0.8211678832116789,
      "rvolZ": -0.3264690926089343,
      "rvolPercentile": 0.3784722222222222,
      "mfi14": 70.50126604162216,
      "ppo": {
        "ppo": -0.1626205576942202,
        "signal": -0.16062902527471926,
        "histogram": -0.001991532419500952
      },
      "stochRsi": {
        "k": 69.89520236784116,
        "d": 38.95772953341915
      },
      "vprofile": {
        "vpBins": [
          0.038429426599108515,
          0.011363604141931,
          0.01300094920976124,
          0.015025361519963679,
          0.016639935684278667,
          0.02423764574667359,
          0.03034821230502822,
          0.05441327311116527,
          0.03580972870197508,
          0.03794060710955805,
          0.025892749281618024,
          0.04464327857065508,
          0.07078298616790117,
          0.006314363286012102,
          0.13095839691975264,
          0.03297890283306908,
          0.18399873680673323,
          0.14683169665637863,
          0.05283939561045634,
          0.027550749737980558
        ],
        "currentBinShare": 0.13095839691975264
      },
      "ttm": {
        "squeeze": false,
        "release": false,
        "widthPct": 1.702539735776313
      }
    },
    "min15": {
      "sma20": 39.730000000000004,
      "sma50": 39.340799999999994,
      "ema20": 39.62692200833512,
      "ema50": 39.39501350002488,
      "vwma20": 39.71816736711801,
      "hma21": 39.641688311688306,
      "atr14": 0.197142857142858,
      "atrPercentile": 0.9512195121951219,
      "rvolZ": -0.4451731744830756,
      "rvolPercentile": 0.28125,
      "mfi14": 32.960997214142225,
      "ppo": {
        "ppo": 0.09997344846731501,
        "signal": 0.26891078584384753,
        "histogram": -0.16893733737653252
      },
      "stochRsi": {
        "k": 23.986206896551476,
        "d": 42.283581963384925
      },
      "vprofile": {
        "vpBins": [
          0,
          0,
          0.017028715757434306,
          0.022559567964332446,
          0.1136186268847621,
          0.04499764569148345,
          0.020685846412545353,
          0.012368164192556217,
          0.025844004583808644,
          0.031663985809765274,
          0.017626660461205545,
          0.039506743282025185,
          0.05681287989248283,
          0.06062984099154121,
          0.005074669553812783,
          0.0011809551147843038,
          0.140197058001626,
          0.21163505207173422,
          0.15883994317155206,
          0.01972964016254817
        ],
        "currentBinShare": 0.140197058001626
      },
      "ttm": {
        "squeeze": false,
        "release": false,
        "widthPct": 1.4710938027890736
      }
    },
    "hourly": {
      "sma20": 39.1775,
      "sma50": 38.666199999999996,
      "ema20": 39.20613139661293,
      "ema50": 39.04842430597011,
      "vwma20": 39.563465460600554,
      "hma21": 39.729696969696974,
      "atr14": 0.32071428571428584,
      "atrPercentile": 0.08695652173913043,
      "rvolZ": -0.23500578384483276,
      "rvolPercentile": 0.5863095238095238,
      "mfi14": 54.01432548783608,
      "ppo": {
        "ppo": 0.7677332854057545,
        "signal": 0.6824000198926975,
        "histogram": 0.08533326551305698
      },
      "stochRsi": {
        "k": 0,
        "d": 60.9905012896288
      },
      "vprofile": {
        "vpBins": [
          0,
          0.015196059589376316,
          0.013618586589998464,
          0.10613741983164789,
          0.1704645266409426,
          0.07247131600036107,
          0.07791213750571466,
          0.07539014954996662,
          0.05871267349184246,
          0.04114904928027042,
          0.02218974806237044,
          0.023151999665816842,
          0.17234540568684065,
          0.03589490643203792,
          0.03602120112873097,
          0.04460655827538402,
          0.034738262268698576,
          0,
          0,
          0
        ],
        "currentBinShare": 0.07539014954996662
      },
      "ttm": {
        "squeeze": false,
        "release": false,
        "widthPct": 4.503715793420759
      }
    },
    "fourHour": {
      "sma20": 38.978,
      "sma50": 39.812799999999996,
      "ema20": 39.22212612157982,
      "ema50": 39.96376061123588,
      "vwma20": 38.67166729486323,
      "hma21": 38.211731601731614,
      "atr14": 0.8585714285714288,
      "atrPercentile": 0.11428571428571428,
      "rvolZ": -0.3225297672410026,
      "rvolPercentile": 0.5119047619047619,
      "mfi14": 25.09828534780334,
      "ppo": {
        "ppo": -0.943048342713474,
        "signal": -1.2957754053203392,
        "histogram": 0.35272706260686515
      },
      "stochRsi": {
        "k": 85.9163146777271,
        "d": 47.80788491409035
      },
      "vprofile": {
        "vpBins": [
          0.017909136351177014,
          0,
          0.02043936156519037,
          0.15665323652473634,
          0.051027726832158206,
          0.05665358080549379,
          0.09630752444805901,
          0.01460802036726028,
          0.06757380545895757,
          0.09713823607281113,
          0.13703385895530068,
          0.07132982839316465,
          0.14023797289839618,
          0.005817913055700054,
          0.014225688389353865,
          0,
          0.030903664690091478,
          0.00799135635903031,
          0,
          0.014149088833119114
        ],
        "currentBinShare": 0.05665358080549379
      },
      "ttm": {
        "squeeze": false,
        "release": false,
        "widthPct": 7.353895089591429
      }
    },
    "daily": {
      "sma20": 42.542500000000004,
      "sma50": 45.666599999999995,
      "ema20": 42.1905223889778,
      "ema50": 43.44537050623072,
      "vwma20": 0,
      "hma21": 37.41844155844156,
      "atr14": 2.697857142857142,
      "atrPercentile": 0.18421052631578946,
      "rvolZ": 0,
      "rvolPercentile": 1,
      "mfi14": 50,
      "ppo": {
        "ppo": -4.698874481703562,
        "signal": -4.075042936034807,
        "histogram": -0.6238315456687555
      },
      "stochRsi": {
        "k": 100,
        "d": 35.56524679989776
      },
      "vprofile": {
        "vpBins": [
          0,
          0,
          0,
          0,
          0,
          0,
          0,
          0,
          0,
          0,
          0,
          0,
          0,
          0,
          0,
          0,
          0,
          0,
          0,
          0
        ],
        "currentBinShare": 0
      },
      "ttm": {
        "squeeze": false,
        "release": false,
        "widthPct": 34.282099735821035
      }
    }
  },
  "smaMin5": 39.6245,
  "emaMin5": 39.59692830429746,
  "vwmaMin5": 39.59947548429226,
  "hmaMin5": 39.386969696969686,
  "keltner15": {
    "upper": 39.86092200833512,
    "middle": 39.62692200833512,
    "lower": 39.39292200833512
  },
  "superTrend15": {
    "isBull": false,
    "finalUpper": 40.038000000000004,
    "finalLower": 39.102
  },
  "mfi15": 32.960997214142225,
  "stochRsi15": {
    "k": 23.986206896551476,
    "d": 42.283581963384925
  },
  "ppo15": {
    "ppo": 0.09997344846731501,
    "signal": 0.26891078584384753,
    "histogram": -0.16893733737653252
  },
  "vpMin15": {
    "vpBins": [
      0,
      0,
      0.017028715757434306,
      0.022559567964332446,
      0.1136186268847621,
      0.04499764569148345,
      0.020685846412545353,
      0.012368164192556217,
      0.025844004583808644,
      0.031663985809765274,
      0.017626660461205545,
      0.039506743282025185,
      0.05681287989248283,
      0.06062984099154121,
      0.005074669553812783,
      0.0011809551147843038,
      0.140197058001626,
      0.21163505207173422,
      0.15883994317155206,
      0.01972964016254817
    ],
    "currentBinShare": 0.140197058001626
  },
  "ttm15": {
    "squeeze": false,
    "release": false,
    "widthPct": 1.4710938027890736
  },
  "marketCorrelation": {
    "hourly": {
      "btcCorrelation": 0,
      "ethCorrelation": 0,
      "btcBeta": 1,
      "ethBeta": 1,
      "btcTrend": "UNKNOWN",
      "ethTrend": "UNKNOWN",
      "tokenVol": 0,
      "btcVol": 0,
      "ethVol": 0,
      "marketDependence": 0,
      "verdict": "INSUFFICIENT_DATA"
    },
    "min15": {
      "btcCorrelation": 0,
      "ethCorrelation": 0,
      "btcBeta": 1,
      "ethBeta": 1,
      "btcTrend": "UNKNOWN",
      "ethTrend": "UNKNOWN",
      "tokenVol": 0,
      "btcVol": 0,
      "ethVol": 0,
      "marketDependence": 0,
      "verdict": "INSUFFICIENT_DATA"
    },
    "daily": {
      "btcCorrelation": 0,
      "ethCorrelation": 0,
      "btcBeta": 1,
      "ethBeta": 1,
      "btcTrend": "UNKNOWN",
      "ethTrend": "UNKNOWN",
      "tokenVol": 0,
      "btcVol": 0,
      "ethVol": 0,
      "marketDependence": 0,
      "verdict": "INSUFFICIENT_DATA"
    }
  },
  "tradeTape": {
    "totalTrades": 0,
    "totalVolume": 0,
    "buysVolume": 0,
    "sellsVolume": 0,
    "buySellRatio": 0.5,
    "vwap": 0,
    "signedVolume": 0,
    "avgTradeSize": 0,
    "tradesPerSec": 0,
    "cumulativeDelta": 0,
    "tradesLast1m": 0,
    "tradesLast5m": 0,
    "tradesLast15m": 0,
    "tradesLast1h": 0,
    "buyVWAP": 0,
    "sellVWAP": 0,
    "aggressorVWAP": 0,
    "bucketDurationMs": 60000,
    "bucketCount": 15,
    "bucketSignedVolumes": [],
    "bucketVolumes": [],
    "bucketVWAPs": [],
    "latestBucketSignedZ": 0
  },
  "enhancedMetrics": {
    "relativeVolumeZScore": -1,
    "volumePercentile": 40,
    "atrPercentile": 81.38686131386861,
    "volatilityPercentile": 29.746835443037973,
    "relativeVolatilityRatio": 1.188015916564817,
    "isHighVolume": false,
    "isHighVolatility": false,
    "isLowVolatility": false,
    "isExpandingVolatility": false,
    "isContractingVolatility": false
  },
  "orderBook": {
    "bidAskSpread": 0,
    "spreadPct": 0,
    "midPrice": 0,
    "bestBid": 0,
    "bestAsk": 0,
    "bidDepth": 0,
    "askDepth": 0,
    "orderBookImbalance": 0,
    "liquidityScore": 0,
    "depthAt1Pct": {
      "bidVolume": 0,
      "askVolume": 0,
      "imbalance": 0
    },
    "depthAt2Pct": {
      "bidVolume": 0,
      "askVolume": 0,
      "imbalance": 0
    },
    "depthAt5Pct": {
      "bidVolume": 0,
      "askVolume": 0,
      "imbalance": 0
    },
    "weightedMidPrice": 0,
    "volumeWeightedSpread": 0,
    "totalBidLevels": 0,
    "totalAskLevels": 0
  },
  "marketCap": {
    "marketCap": 0,
    "totalVolume24h": 0,
    "volumeToMarketCapRatio": 0,
    "marketCapRank": 0,
    "normalizedRank": 0,
    "isHighLiquidity": false,
    "isVeryHighLiquidity": false,
    "isLowLiquidity": true,
    "liquidityTier": "VERY_LOW"
  },
  "sweeps": {
    "sweepScore": 0,
    "sweepCount": 0,
    "sweepDirection": "NEUTRAL",
    "buySweeps": 0,
    "sellSweeps": 0,
    "avgSweepSize": 0,
    "avgSweepIntensity": 0,
    "bidLiftRatio": 0,
    "askLiftRatio": 0,
    "sweepFrequency": 0,
    "largestSweep": null,
    "recentSweepClusters": 0,
    "sweepDetails": []
  },
  "absorption": {
    "absorptionScore": 0,
    "absorptionLevel": null,
    "absorptionSide": "NONE",
    "icebergProbability": 0,
    "hiddenLiquidityEstimate": 0,
    "volumeAtPrice": {},
    "topAbsorptionLevels": [],
    "persistenceDuration": 0,
    "refillDetected": false
  },
  "orderArrival": {
    "avgInterArrivalTime": 0,
    "recentInterArrivalTime": 0,
    "accelerationRatio": 1,
    "hawkesIntensity": 0,
    "hawkesDirection": "NEUTRAL",
    "clusteringScore": 0,
    "burstCount": 0,
    "cascadeDetected": false,
    "timeToNextTrade": 0,
    "accelerationTrend": "STABLE"
  },
  "liquidityVacuum": {
    "vacuumScore": 0,
    "vacuumSide": "NONE",
    "bidVacuumSeverity": 0,
    "askVacuumSeverity": 0,
    "depthConcentration": 0,
    "priceImpact10k": 0,
    "priceImpact50k": 0,
    "priceImpact100k": 0,
    "largestGapBid": 0,
    "largestGapAsk": 0,
    "avgGapBid": 0,
    "avgGapAsk": 0,
    "bidCliffDistance": 0,
    "askCliffDistance": 0
  },
  "volatilityRegime": {
    "regime": "BELOW_NORMAL",
    "regimeScore": -0.5,
    "currentATR": 2.78,
    "avgATR": 3.793949,
    "atrPercentile": 23.7,
    "realizedVolatility": 63.01,
    "volPercentile": 18.6,
    "expanding": false,
    "contracting": true,
    "transitionProbability": 0.7,
    "daysInRegime": 1,
    "regimeStrength": 0.12
  },
  "temporalPatterns": {
    "currentHour": 10,
    "currentDay": 0,
    "currentDayName": "Sunday",
    "dayBias": "NEUTRAL",
    "hourlyProfile": [
      {
        "avgVolume": 1167.09,
        "avgATR": 0.587143,
        "avgReturn": -0.101
      },
      {
        "avgVolume": 299.42,
        "avgATR": 0.462857,
        "avgReturn": -0.108
      },
      {
        "avgVolume": 394.57,
        "avgATR": 0.383571,
        "avgReturn": -0.156
      },
      {
        "avgVolume": 322.04,
        "avgATR": 0.248571,
        "avgReturn": 0.026
      },
      {
        "avgVolume": 350.45,
        "avgATR": 0.300714,
        "avgReturn": -0.099
      },
      {
        "avgVolume": 363.94,
        "avgATR": 0.360714,
        "avgReturn": 0.203
      },
      {
        "avgVolume": 366.01,
        "avgATR": 0.285,
        "avgReturn": 0.103
      },
      {
        "avgVolume": 527.51,
        "avgATR": 0.445,
        "avgReturn": -0.018
      },
      {
        "avgVolume": 414.33,
        "avgATR": 0.427143,
        "avgReturn": 0.103
      },
      {
        "avgVolume": 503.55,
        "avgATR": 0.488571,
        "avgReturn": 0.13
      },
      {
        "avgVolume": 406.15,
        "avgATR": 0.445,
        "avgReturn": -0.257
      },
      {
        "avgVolume": 743.66,
        "avgATR": 0.452857,
        "avgReturn": -0.075
      },
      {
        "avgVolume": 622.34,
        "avgATR": 0.482857,
        "avgReturn": -0.033
      },
      {
        "avgVolume": 594.58,
        "avgATR": 0.469286,
        "avgReturn": -0.169
      },
      {
        "avgVolume": 1227.6,
        "avgATR": 0.69,
        "avgReturn": -0.176
      },
      {
        "avgVolume": 962.27,
        "avgATR": 0.48,
        "avgReturn": -0.042
      },
      {
        "avgVolume": 666.43,
        "avgATR": 0.507143,
        "avgReturn": -0.503
      },
      {
        "avgVolume": 1544.24,
        "avgATR": 0.697143,
        "avgReturn": 0.185
      },
      {
        "avgVolume": 1615.09,
        "avgATR": 0.52,
        "avgReturn": -0.265
      },
      {
        "avgVolume": 485.4,
        "avgATR": 0.435714,
        "avgReturn": 0.243
      },
      {
        "avgVolume": 561.56,
        "avgATR": 0.488571,
        "avgReturn": 0.454
      },
      {
        "avgVolume": 362.35,
        "avgATR": 0.545714,
        "avgReturn": -0.433
      },
      {
        "avgVolume": 720.02,
        "avgATR": 0.551429,
        "avgReturn": 0.121
      },
      {
        "avgVolume": 951.35,
        "avgATR": 0.500714,
        "avgReturn": 0.122
      }
    ],
    "dailyProfile": [
      {
        "avgVolume": 786.76,
        "avgATR": 0.520638,
        "avgReturn": -0.088
      },
      {
        "avgVolume": 777.45,
        "avgATR": 0.5425,
        "avgReturn": 0.171
      },
      {
        "avgVolume": 719.22,
        "avgATR": 0.466667,
        "avgReturn": -0.035
      },
      {
        "avgVolume": 1110.93,
        "avgATR": 0.53375,
        "avgReturn": -0.02
      },
      {
        "avgVolume": 425.42,
        "avgATR": 0.4175,
        "avgReturn": -0.138
      },
      {
        "avgVolume": 366.43,
        "avgATR": 0.389583,
        "avgReturn": -0.093
      },
      {
        "avgVolume": 521.44,
        "avgATR": 0.40875,
        "avgReturn": -0.014
      }
    ],
    "favorableHours": [
      18,
      17,
      14,
      0,
      15,
      23
    ],
    "favorableWindow": false,
    "currentVsAvgVolume": 0,
    "currentVsAvgVolatility": 0,
    "anomalyDetected": true,
    "timeUntilFavorable": 4,
    "temporalScore": 0
  },
  "unifiedMicrostructure": {
    "signalDirections": {
      "vpin": "NEUTRAL",
      "sweeps": "NEUTRAL",
      "absorption": "NEUTRAL",
      "arrival": "NEUTRAL",
      "vacuum": "NONE",
      "volRegime": "FAVORABLE",
      "temporal": "UNFAVORABLE"
    },
    "consensusDirection": "NEUTRAL",
    "consensusStrength": 50,
    "bullishSignals": 1,
    "bearishSignals": 1,
    "neutralSignals": 0,
    "totalAvailableSignals": 2,
    "dominantPattern": "NONE",
    "clusters": {
      "strongBuyCluster": false,
      "distributionPattern": false,
      "accumulationPattern": false,
      "momentumCascade": false
    },
    "adaptiveWeights": {
      "vpin": 0,
      "sweeps": 0,
      "absorption": 0,
      "arrival": 0,
      "vacuum": 0,
      "volRegime": 0.021,
      "temporal": 0.02
    },
    "convictionLevel": "LOW",
    "convictionScore": 30,
    "riskAdjustment": "REDUCE",
    "timingQuality": "UNFAVORABLE",
    "signalQuality": "LOW"
  },
  "deltaAnalysis": {
    "currentDelta": 0,
    "cumulativeDelta": 0,
    "deltaPerVolume": 0,
    "deltaDirection": "NEUTRAL",
    "deltaDivergence": false,
    "institutionalRatio": 0,
    "aggressionScore": 0
  },
  "volumeProfile": {
    "pointOfControl": 0,
    "valueAreaHigh": 0,
    "valueAreaLow": 0,
    "currentPosition": "ABOVE_VALUE_AREA",
    "volumeNodes": [],
    "airPockets": []
  },
  "momentumCascade": {
    "cascadeDetected": false,
    "alignmentScore": -0.0025362470057400436,
    "cascadeStrength": 0,
    "acceleratingTimeframes": [],
    "divergingTimeframes": [
      "1m",
      "5m",
      "15m",
      "1h"
    ]
  },
  "breakoutConfirmation": {
    "breakoutConfirmed": false,
    "volumeConfirmation": false,
    "retestStrength": 0,
    "falseBreakoutRisk": 0,
    "breakoutQuality": "NO_BREAKOUT"
  },
  "liquidityHeatmap": {
    "liquidityScore": 0,
    "magnetDirection": "NONE",
    "magnetStrength": 0,
    "priceTarget5pct": null,
    "message": "No order book data"
  },
  "smartMoneyDivergence": {
    "divergenceDetected": false,
    "divergenceDirection": "NONE",
    "smartMoneyScore": 0.5,
    "message": "Insufficient trade data"
  },
  "microstructure": {
    "raw": -0.05193338261110597,
    "pct": 49,
    "summary": {
      "latestBucketSignedZ": 0,
      "buySellRatio": 0.5,
      "tradesPerSec": 0,
      "vwap": 0,
      "aggressorVWAP": 0,
      "vpinToxicity": "UNKNOWN",
      "sweepDirection": "NEUTRAL",
      "absorptionSide": "NONE",
      "icebergDetected": false,
      "hawkesDirection": "NEUTRAL",
      "cascadeDetected": false,
      "vacuumSide": "NONE",
      "volatilityRegime": "BELOW_NORMAL",
      "volExpanding": false,
      "favorableTimeWindow": false,
      "temporalAnomaly": true,
      "consensusDirection": "NEUTRAL",
      "consensusStrength": 50,
      "dominantPattern": "NONE",
      "convictionLevel": "LOW",
      "riskAdjustment": "REDUCE",
      "timingQuality": "UNFAVORABLE",
      "deltaDirection": "NEUTRAL",
      "deltaDivergence": false,
      "institutionalRatio": 0,
      "volumeProfilePosition": "ABOVE_VALUE_AREA",
      "pointOfControl": 0,
      "momentumCascadeDetected": false,
      "cascadeStrength": 0,
      "breakoutQuality": "NO_BREAKOUT",
      "breakoutConfirmed": false,
      "magnetDirection": "NONE",
      "magnetStrength": 0,
      "priceTarget5pct": null,
      "nearestBidWall": 0,
      "nearestAskWall": 0,
      "divergenceDetected": false,
      "divergenceDirection": "NONE",
      "whaleAccumulation": false,
      "whaleDistribution": false,
      "retailPanic": false,
      "smartMoneyScore": 0.5
    }
  }
}

=== MICROSTRUCTURE ALERTS ===

🔬 VPIN: Insufficient data for VPIN analysis

🌊 SWEEP DETECTION: No significant sweeps detected

🧊 ABSORPTION & ICEBERG: No significant absorption or iceberg orders detected

⚡ ORDER ARRIVAL DYNAMICS: Insufficient trades for analysis

🌪️ LIQUIDITY VACUUM: No significant vacuum detected

📊 VOLATILITY REGIME DETECTION:
   Current Regime: BELOW_NORMAL
   Regime Score: -0.50 (-1=low vol, +1=extreme vol)
   Days in Regime: 1
   ATR: $2.780000 (avg: $3.793949)
   ATR Percentile: 23.7%
   Realized Volatility: 63.01% (annualized)
   Vol Percentile: 18.6%

   🟢 BELOW NORMAL VOLATILITY:
   ⚡ Consolidation phase - watch for expansion
   ✅ Good entry zone for patient trades

   📉 VOLATILITY CONTRACTING:
   🔄 Consolidation phase - accumulation likely
   ⏳ Wait for expansion before entering

   ⚠️ HIGH REGIME TRANSITION PROBABILITY: 70%
   Market near regime boundary - expect volatility shift soon

   ⚠️ NEW REGIME: Only 1 day(s) - conditions still settling

⏰ TEMPORAL PATTERN ANALYSIS:
   Current Time: Sunday 10:00 UTC
   Day Bias: NEUTRAL
   Current vs Avg Volume: 0x
   Current vs Avg Volatility: 0x

   ⏳ NON-FAVORABLE TIME WINDOW:
   This hour typically shows weaker activity
   Next favorable window in 4 hour(s)

   ⚠️ LOW ACTIVITY ANOMALY:
   Volume 0x below typical - Extremely quiet

   📉 LOW VOLATILITY ANOMALY:
   Volatility 0x below typical - Consolidation likely

   🔥 Best Trading Hours (UTC): 18:00, 17:00, 14:00

🎯 UNIFIED MICROSTRUCTURE INTEGRATION:
   Signal Consensus: NEUTRAL (50% agreement)
   Available Signals: 2 (1 bullish / 1 bearish / 0 neutral)
   Conviction Level: LOW (30%)
   Signal Quality: LOW
   Risk Adjustment: REDUCE
   Timing Quality: UNFAVORABLE

   ⚠️ LOW CONVICTION: Only 50% signal agreement
   Weak alignment - Reduce position size or wait for clarity

   ⚠️ RISK REDUCTION RECOMMENDED: Extreme volatility or unfavorable timing detected

   ⏰ UNFAVORABLE TIMING: Avoid trading during this hour

   Signal Directions Breakdown:
   • VPIN: NEUTRAL
   • Sweeps: NEUTRAL
   • Absorption: NEUTRAL
   • Arrival Dynamics: NEUTRAL
   • Liquidity Vacuum: NONE
   • Vol Regime: FAVORABLE
   • Temporal: UNFAVORABLE

   Adaptive Weights (Total: 4.1%):
   • VPIN: 0.0%
   • Sweeps: 0.0%
   • Absorption: 0.0%
   • Arrival: 0.0%
   • Vacuum: 0.0%
   • Vol Regime: 2.1%
   • Temporal: 2.0%


💹 DELTA ANALYSIS (Order Flow Aggression):
   Direction: NEUTRAL
   Delta Per Volume: 0.00%
   Institutional Ratio: 0.0%
   Aggression Score: 0.0%

📊 VOLUME PROFILE (Support/Resistance Strength):
   Point of Control (POC): $0.000000
   Value Area High: $0.000000
   Value Area Low: $0.000000
   Current Position: ABOVE_VALUE_AREA
   ⚠️ DISTRIBUTION RISK: Price above value area - potential rejection zone

⚡ MOMENTUM CASCADE (Multi-Timeframe Alignment):
   Cascade Detected: NO
   Alignment Score: -0.3%
   Cascade Strength: 0.0%
   Accelerating: None
   Diverging: 1m, 5m, 15m, 1h

💥 BREAKOUT CONFIRMATION:
   Quality: NO_BREAKOUT
   Volume Confirmation: NO
   Retest Strength: 0.0%
   False Breakout Risk: 0.0%
   No breakout detected - price below resistance


levels:
Entry=39.46092, StopLoss=37.8824832, TakeProfit=39.613614, 39.766308, 39.888463200000004

---

=== Token: OMNI (OMNI) ===
Contract: OMNI-USD
Timestamp: 2025-06-29T13:25:00.000Z

Calculations:
{
  "momentumScore": 51.723703523544415,
  "volumeScore": 20.461592810977727,
  "patternScore": 30.0388892984457,
  "totalScore": 27.318635361936167,
  "finalScore": 27.318635361936167,
  "weights": "0.23,0.45,0.23",
  "hourlyUptrend": true,
  "rsi": 34.00000000000007,
  "ultraShortVolumeSurge": 0.25626566824027347,
  "baseVolumeSurge": 0.011206572063965609,
  "currentPrice": 1.561,
  "resistance": 1.583,
  "support": 1.551,
  "rocMin5": 0.0064474532559639,
  "shortROC": -0.0019181585677750088,
  "priceAcceleration": 0.001611116316970943,
  "buySellRatio": 0.34666311933364713,
  "macdHistogram": 0.0011189654241123923,
  "stochasticK": 31.25,
  "atr": 0.0050000000000000044,
  "bbUpper": 1.581584661438412,
  "bbLower": 1.5366153385615884,
  "hammerDetected": false,
  "engulfingDetected": false,
  "compressionSpring": {
    "detected": true,
    "confidence": 66,
    "signals": {
      "sidewaysPrice": true,
      "atrCompression": true,
      "bbSqueeze": true,
      "consolidationTime": true,
      "strongBuying": false,
      "obvPositive": false,
      "chaikinPositive": false,
      "rsiNeutral": true,
      "volumeBuilding": false
    },
    "metrics": {
      "priceRange": 2.06,
      "atrRatio": 0.769,
      "bbWidth": 2.88,
      "volumeRatio": 0.352,
      "signalCount": 5,
      "buySellRatio": 0.347
    }
  },
  "riskTier": "LOW",
  "atrPercent": 0.42097556511393835,
  "distanceToResistance": 1.4093529788597066,
  "slPercent": 2.5,
  "tpPercent": 1.1979500320307506,
  "trailingActivation": 0.7187700192184503,
  "shortMomentumScore": 10,
  "overboughtScore": 0,
  "shortPatternScore": 0,
  "shootingStarDetected": false,
  "bearishEngulfingDetected": false,
  "eveningStarDetected": false,
  "bearishPatternsCount": 0,
  "shortTotalScore": 4,
  "chaikin": -0.5377031627310033,
  "obvIncreasing": true,
  "obvTrend": "increasing",
  "adx": 24.528301886792296,
  "recentCandles": {
    "redCount": 3,
    "greenCount": 7
  },
  "resistanceDistance": 1.4093529788597066,
  "multiplePatterns": false,
  "bullishPattern": false,
  "priceAboveVWAP": true,
  "breakingResistance": false,
  "atrSufficient": false,
  "macdDivergenceBearish": false,
  "rvolMin1": -0.3884040535630354,
  "rvolMin5": -0.48512422595559895,
  "atrPercentileOld": 0.32926829268292684,
  "vwapDeviation": 2.9480701976100514,
  "bbWidthPercent": 2.8843129290503198,
  "bbSqueeze": true,
  "multiTFMomentum": {
    "min1": {
      "roc1": -0.0019181585677750088,
      "roc3": 0.0032133676092544303
    },
    "min5": {
      "roc1": -0.0019181585677750088,
      "roc3": 0.005151320025756605
    },
    "min15": {
      "roc1": 0.0032133676092544303,
      "roc3": 0.001282873636946762
    },
    "hourly": {
      "roc1": 0.006426735218509003,
      "roc3": 0.002560819462227915
    },
    "fourHour": {
      "roc1": -0.0025477707006369447,
      "roc3": 0.0038461538461538494
    },
    "divergenceShortUpLongDown": false
  },
  "returnZMin5": -0.5561131559496755,
  "wickClosePct": 0,
  "wickUpper": 0,
  "wickLower": 0,
  "wickRatio": 0,
  "donchianBreakout15": false,
  "bbWidthPercentile15": 0.16883116883116883,
  "signedMin5": -718.3099999999998,
  "signedMin5Z": -2.450185558991086,
  "signedMin1": 3086.4600000000023,
  "signedMin1Z": 13.914307246436975,
  "streakMin1": {
    "upStreak": 0,
    "downStreak": 0
  },
  "streakMin5": {
    "upStreak": 0,
    "downStreak": 0
  },
  "rvolPercentileMin1": 0.26319444444444445,
  "rvolPercentileMin5": 0.16666666666666666,
  "perTfMetrics": {
    "min1": {
      "sma20": 1.5637,
      "sma50": 1.55976,
      "ema20": 1.5621018572695353,
      "ema50": 1.5618421391984114,
      "vwma20": 1.568141266058357,
      "hma21": 1.5515714285714286,
      "atr14": 0.0040000000000000036,
      "atrPercentile": 0.16364551863041288,
      "rvolZ": -0.3884040535630354,
      "rvolPercentile": 0.26319444444444445,
      "mfi14": 10.51809247769576,
      "ppo": {
        "ppo": -0.0751919299094391,
        "signal": -0.065150249840397,
        "histogram": -0.010041680069042103
      },
      "stochRsi": {
        "k": 53.06122448979568,
        "d": 41.87755102040817
      },
      "vprofile": {
        "vpBins": [
          0.023014745716572825,
          0.1366503655337501,
          0.0662180742741786,
          0.022087579476204974,
          0.08606667049135576,
          0.08985542290216124,
          0.08215470662003627,
          0.008962863680765265,
          0.1047955825611119,
          0.016530742607023585,
          0.05530846951729213,
          0.0228287734183595,
          0.05799332424905504,
          0.017830623515446287,
          0.022697861241563384,
          0.021527737402494487,
          0.03969488221946964,
          0.10098950353867164,
          0.008561271326652449,
          0.01623079970783482
        ],
        "currentBinShare": 0.017830623515446287
      },
      "ttm": {
        "squeeze": false,
        "release": false,
        "widthPct": 1.9195495130528504
      }
    },
    "min5": {
      "sma20": 1.5664500000000001,
      "sma50": 1.5578599999999994,
      "ema20": 1.561845365439764,
      "ema50": 1.5597907305814902,
      "vwma20": 1.5718231324999032,
      "hma21": 1.556939393939394,
      "atr14": 0.0050000000000000044,
      "atrPercentile": 0.25547445255474455,
      "rvolZ": -0.48512422595559895,
      "rvolPercentile": 0.16666666666666666,
      "mfi14": 46.50685056022494,
      "ppo": {
        "ppo": -0.025307630534977154,
        "signal": 0.06598786845871762,
        "histogram": -0.09129549899369478
      },
      "stochRsi": {
        "k": 4.114817688130771,
        "d": 37.176672384219664
      },
      "vprofile": {
        "vpBins": [
          0.02696363548696445,
          0.0031499958033391127,
          0.0498191864192482,
          0.07140806008904062,
          0.18493077295350277,
          0.03505408335104263,
          0.025134784246985096,
          0.06245667170861243,
          0.017140055967383907,
          0.07322726793804656,
          0.06629438415340849,
          0.029143041846959383,
          0.09779702090651447,
          0.03836658815041547,
          0.05009420164330523,
          0.056622420169687944,
          0.015135480714110956,
          0.013892376185110246,
          0.07935760729611815,
          0.0040123649702037065
        ],
        "currentBinShare": 0.015135480714110956
      },
      "ttm": {
        "squeeze": false,
        "release": false,
        "widthPct": 2.064229322706642
      }
    },
    "min15": {
      "sma20": 1.5591000000000002,
      "sma50": 1.5597799999999995,
      "ema20": 1.560404989462917,
      "ema50": 1.553086060889931,
      "vwma20": 1.5606384289864645,
      "hma21": 1.5729696969696967,
      "atr14": 0.006571428571428577,
      "atrPercentile": 0.32926829268292684,
      "rvolZ": -0.4532601605079318,
      "rvolPercentile": 0.4791666666666667,
      "mfi14": 30.284797988900138,
      "ppo": {
        "ppo": 0.12034548943848113,
        "signal": 0.18701061324483514,
        "histogram": -0.06666512380635402
      },
      "stochRsi": {
        "k": 2.52206809583772,
        "d": 56.04859022150573
      },
      "vprofile": {
        "vpBins": [
          0,
          0.08595852398005052,
          0.08693615867164231,
          0.0025838385157431073,
          0.06264019125779118,
          0.00015594943320793757,
          0.0020785723972014483,
          0.10743082726026226,
          0.04407919519042907,
          0.11399401314897314,
          0.029808189730943277,
          0.06795854407015463,
          0.08688944917957035,
          0.07222040853226722,
          0.04172840188244275,
          0.04773484076081224,
          0.019650130836803063,
          0.10368929649477905,
          0.024088285962541995,
          0.00037518269438431356
        ],
        "currentBinShare": 0.019650130836803063
      },
      "ttm": {
        "squeeze": false,
        "release": false,
        "widthPct": 2.8843129290503198
      }
    },
    "hourly": {
      "sma20": 1.5576500000000002,
      "sma50": 1.5038999999999993,
      "ema20": 1.5501236760069654,
      "ema50": 1.5243648703386992,
      "vwma20": 1.5559411717578575,
      "hma21": 1.5581948051948045,
      "atr14": 0.012928571428571447,
      "atrPercentile": 0.006211180124223602,
      "rvolZ": -0.32326083865369665,
      "rvolPercentile": 0.5505952380952381,
      "mfi14": 36.11529315965801,
      "ppo": {
        "ppo": 0.9687904581708114,
        "signal": 1.1430639995523673,
        "histogram": -0.17427354138155582
      },
      "stochRsi": {
        "k": 21.146125501842334,
        "d": 45.42164027251
      },
      "vprofile": {
        "vpBins": [
          0.004286708294907088,
          0.021229669278413216,
          0.013292625357675043,
          0.15049137584902217,
          0.057226568369608634,
          0.036205780020007135,
          0.07437747563802748,
          0.08763202024812547,
          0.19589086445981108,
          0.056039498722198,
          0.10123494738026746,
          0.058791330013126746,
          0.028701500189732717,
          0.027882392655788728,
          0.014030826281285352,
          0.03583333640887096,
          0.012591378815917383,
          0.003762660650307971,
          0.013931538340938061,
          0.006567503025969537
        ],
        "currentBinShare": 0.058791330013126746
      },
      "ttm": {
        "squeeze": false,
        "release": false,
        "widthPct": 2.9180953821233793
      }
    },
    "fourHour": {
      "sma20": 1.4917,
      "sma50": 1.52786,
      "ema20": 1.5215254603074986,
      "ema50": 1.5581219313702475,
      "vwma20": 1.4801491747546964,
      "hma21": 1.5439480519480522,
      "atr14": 0.03714285714285716,
      "atrPercentile": 0.014285714285714285,
      "rvolZ": -1.0289231163491515,
      "rvolPercentile": 0.08333333333333333,
      "mfi14": 88.26744143176359,
      "ppo": {
        "ppo": 0.3101436647056058,
        "signal": -0.7421899910899001,
        "histogram": 1.0523336557955059
      },
      "stochRsi": {
        "k": 94.96924077101838,
        "d": 76.98052123923692
      },
      "vprofile": {
        "vpBins": [
          0.019987363185557307,
          0.0816626104378514,
          0.09350118593404214,
          0.20572319201189904,
          0.12218161264841346,
          0.05288939459104661,
          0.08770558523366397,
          0.009050381666663632,
          0.03240478848861809,
          0.05011468695679175,
          0.03374931373022644,
          0.06935668471224274,
          0.10326212426564804,
          0,
          0,
          0.013456757505412526,
          0.00739226936654328,
          0.012214325256741055,
          0.005347724008638443,
          0
        ],
        "currentBinShare": 0.12218161264841346
      },
      "ttm": {
        "squeeze": false,
        "release": false,
        "widthPct": 13.261414809864307
      }
    },
    "daily": {
      "sma20": 1.7468999999999997,
      "sma50": 2.2505,
      "ema20": 1.7390802658352218,
      "ema50": 2.03263616059376,
      "vwma20": 0,
      "hma21": 1.356251082251082,
      "atr14": 0.13907142857142857,
      "atrPercentile": 0.05263157894736842,
      "rvolZ": 0,
      "rvolPercentile": 1,
      "mfi14": 50,
      "ppo": {
        "ppo": -10.605544631828616,
        "signal": -10.882088042272281,
        "histogram": 0.27654341044366504
      },
      "stochRsi": {
        "k": 100,
        "d": 28.63106262289884
      },
      "vprofile": {
        "vpBins": [
          0,
          0,
          0,
          0,
          0,
          0,
          0,
          0,
          0,
          0,
          0,
          0,
          0,
          0,
          0,
          0,
          0,
          0,
          0,
          0
        ],
        "currentBinShare": 0
      },
      "ttm": {
        "squeeze": false,
        "release": false,
        "widthPct": 56.01931245647307
      }
    }
  },
  "smaMin5": 1.5664500000000001,
  "emaMin5": 1.561845365439764,
  "vwmaMin5": 1.5718231324999032,
  "hmaMin5": 1.556939393939394,
  "keltner15": {
    "upper": 1.571954989462917,
    "middle": 1.560404989462917,
    "lower": 1.548854989462917
  },
  "superTrend15": {
    "isBull": false,
    "finalUpper": 1.5876000000000001,
    "finalLower": 1.5413999999999999
  },
  "mfi15": 30.284797988900138,
  "stochRsi15": {
    "k": 2.52206809583772,
    "d": 56.04859022150573
  },
  "ppo15": {
    "ppo": 0.12034548943848113,
    "signal": 0.18701061324483514,
    "histogram": -0.06666512380635402
  },
  "vpMin15": {
    "vpBins": [
      0,
      0.08595852398005052,
      0.08693615867164231,
      0.0025838385157431073,
      0.06264019125779118,
      0.00015594943320793757,
      0.0020785723972014483,
      0.10743082726026226,
      0.04407919519042907,
      0.11399401314897314,
      0.029808189730943277,
      0.06795854407015463,
      0.08688944917957035,
      0.07222040853226722,
      0.04172840188244275,
      0.04773484076081224,
      0.019650130836803063,
      0.10368929649477905,
      0.024088285962541995,
      0.00037518269438431356
    ],
    "currentBinShare": 0.019650130836803063
  },
  "ttm15": {
    "squeeze": false,
    "release": false,
    "widthPct": 2.8843129290503198
  },
  "marketCorrelation": {
    "hourly": {
      "btcCorrelation": 0,
      "ethCorrelation": 0,
      "btcBeta": 1,
      "ethBeta": 1,
      "btcTrend": "UNKNOWN",
      "ethTrend": "UNKNOWN",
      "tokenVol": 0,
      "btcVol": 0,
      "ethVol": 0,
      "marketDependence": 0,
      "verdict": "INSUFFICIENT_DATA"
    },
    "min15": {
      "btcCorrelation": 0,
      "ethCorrelation": 0,
      "btcBeta": 1,
      "ethBeta": 1,
      "btcTrend": "UNKNOWN",
      "ethTrend": "UNKNOWN",
      "tokenVol": 0,
      "btcVol": 0,
      "ethVol": 0,
      "marketDependence": 0,
      "verdict": "INSUFFICIENT_DATA"
    },
    "daily": {
      "btcCorrelation": 0,
      "ethCorrelation": 0,
      "btcBeta": 1,
      "ethBeta": 1,
      "btcTrend": "UNKNOWN",
      "ethTrend": "UNKNOWN",
      "tokenVol": 0,
      "btcVol": 0,
      "ethVol": 0,
      "marketDependence": 0,
      "verdict": "INSUFFICIENT_DATA"
    }
  },
  "tradeTape": {
    "totalTrades": 0,
    "totalVolume": 0,
    "buysVolume": 0,
    "sellsVolume": 0,
    "buySellRatio": 0.5,
    "vwap": 0,
    "signedVolume": 0,
    "avgTradeSize": 0,
    "tradesPerSec": 0,
    "cumulativeDelta": 0,
    "tradesLast1m": 0,
    "tradesLast5m": 0,
    "tradesLast15m": 0,
    "tradesLast1h": 0,
    "buyVWAP": 0,
    "sellVWAP": 0,
    "aggressorVWAP": 0,
    "bucketDurationMs": 60000,
    "bucketCount": 15,
    "bucketSignedVolumes": [],
    "bucketVolumes": [],
    "bucketVWAPs": [],
    "latestBucketSignedZ": 0
  },
  "enhancedMetrics": {
    "relativeVolumeZScore": -1,
    "volumePercentile": 40,
    "atrPercentile": 24.087591240875913,
    "volatilityPercentile": 2.2151898734177213,
    "relativeVolatilityRatio": 0.8172212830234241,
    "isHighVolume": false,
    "isHighVolatility": false,
    "isLowVolatility": true,
    "isExpandingVolatility": false,
    "isContractingVolatility": false
  },
  "orderBook": {
    "bidAskSpread": 0,
    "spreadPct": 0,
    "midPrice": 0,
    "bestBid": 0,
    "bestAsk": 0,
    "bidDepth": 0,
    "askDepth": 0,
    "orderBookImbalance": 0,
    "liquidityScore": 0,
    "depthAt1Pct": {
      "bidVolume": 0,
      "askVolume": 0,
      "imbalance": 0
    },
    "depthAt2Pct": {
      "bidVolume": 0,
      "askVolume": 0,
      "imbalance": 0
    },
    "depthAt5Pct": {
      "bidVolume": 0,
      "askVolume": 0,
      "imbalance": 0
    },
    "weightedMidPrice": 0,
    "volumeWeightedSpread": 0,
    "totalBidLevels": 0,
    "totalAskLevels": 0
  },
  "marketCap": {
    "marketCap": 0,
    "totalVolume24h": 0,
    "volumeToMarketCapRatio": 0,
    "marketCapRank": 0,
    "normalizedRank": 0,
    "isHighLiquidity": false,
    "isVeryHighLiquidity": false,
    "isLowLiquidity": true,
    "liquidityTier": "VERY_LOW"
  },
  "sweeps": {
    "sweepScore": 0,
    "sweepCount": 0,
    "sweepDirection": "NEUTRAL",
    "buySweeps": 0,
    "sellSweeps": 0,
    "avgSweepSize": 0,
    "avgSweepIntensity": 0,
    "bidLiftRatio": 0,
    "askLiftRatio": 0,
    "sweepFrequency": 0,
    "largestSweep": null,
    "recentSweepClusters": 0,
    "sweepDetails": []
  },
  "absorption": {
    "absorptionScore": 0,
    "absorptionLevel": null,
    "absorptionSide": "NONE",
    "icebergProbability": 0,
    "hiddenLiquidityEstimate": 0,
    "volumeAtPrice": {},
    "topAbsorptionLevels": [],
    "persistenceDuration": 0,
    "refillDetected": false
  },
  "orderArrival": {
    "avgInterArrivalTime": 0,
    "recentInterArrivalTime": 0,
    "accelerationRatio": 1,
    "hawkesIntensity": 0,
    "hawkesDirection": "NEUTRAL",
    "clusteringScore": 0,
    "burstCount": 0,
    "cascadeDetected": false,
    "timeToNextTrade": 0,
    "accelerationTrend": "STABLE"
  },
  "liquidityVacuum": {
    "vacuumScore": 0,
    "vacuumSide": "NONE",
    "bidVacuumSeverity": 0,
    "askVacuumSeverity": 0,
    "depthConcentration": 0,
    "priceImpact10k": 0,
    "priceImpact50k": 0,
    "priceImpact100k": 0,
    "largestGapBid": 0,
    "largestGapAsk": 0,
    "avgGapBid": 0,
    "avgGapAsk": 0,
    "bidCliffDistance": 0,
    "askCliffDistance": 0
  },
  "volatilityRegime": {
    "regime": "LOW",
    "regimeScore": -1,
    "currentATR": 0.139231,
    "avgATR": 0.192985,
    "atrPercentile": 5.3,
    "realizedVolatility": 74.77,
    "volPercentile": 0,
    "expanding": false,
    "contracting": true,
    "transitionProbability": 0.4,
    "daysInRegime": 12,
    "regimeStrength": 1.74
  },
  "temporalPatterns": {
    "currentHour": 10,
    "currentDay": 0,
    "currentDayName": "Sunday",
    "dayBias": "NEUTRAL",
    "hourlyProfile": [
      {
        "avgVolume": 2357.72,
        "avgATR": 0.023571,
        "avgReturn": 0.15
      },
      {
        "avgVolume": 1170.8,
        "avgATR": 0.015929,
        "avgReturn": -0.135
      },
      {
        "avgVolume": 1712.47,
        "avgATR": 0.013714,
        "avgReturn": -0.072
      },
      {
        "avgVolume": 1444.82,
        "avgATR": 0.011714,
        "avgReturn": -0.068
      },
      {
        "avgVolume": 908.25,
        "avgATR": 0.015357,
        "avgReturn": -0.052
      },
      {
        "avgVolume": 2862.48,
        "avgATR": 0.022071,
        "avgReturn": -0.035
      },
      {
        "avgVolume": 2046.43,
        "avgATR": 0.015714,
        "avgReturn": 0.027
      },
      {
        "avgVolume": 1704.18,
        "avgATR": 0.017917,
        "avgReturn": 0.479
      },
      {
        "avgVolume": 1479.73,
        "avgATR": 0.022462,
        "avgReturn": -0.394
      },
      {
        "avgVolume": 1516.51,
        "avgATR": 0.018643,
        "avgReturn": -0.349
      },
      {
        "avgVolume": 1248.83,
        "avgATR": 0.013067,
        "avgReturn": 0.187
      },
      {
        "avgVolume": 1490.21,
        "avgATR": 0.0145,
        "avgReturn": 0.037
      },
      {
        "avgVolume": 1676.44,
        "avgATR": 0.017867,
        "avgReturn": -0.183
      },
      {
        "avgVolume": 3510.33,
        "avgATR": 0.0266,
        "avgReturn": -0.496
      },
      {
        "avgVolume": 3362.59,
        "avgATR": 0.03,
        "avgReturn": 0.012
      },
      {
        "avgVolume": 1387.87,
        "avgATR": 0.021071,
        "avgReturn": -0.498
      },
      {
        "avgVolume": 3067.94,
        "avgATR": 0.026071,
        "avgReturn": -0.507
      },
      {
        "avgVolume": 3261.81,
        "avgATR": 0.027429,
        "avgReturn": 0.277
      },
      {
        "avgVolume": 863.98,
        "avgATR": 0.0185,
        "avgReturn": -0.103
      },
      {
        "avgVolume": 1566.8,
        "avgATR": 0.016462,
        "avgReturn": -0.186
      },
      {
        "avgVolume": 2978.41,
        "avgATR": 0.031214,
        "avgReturn": 0.364
      },
      {
        "avgVolume": 3016.41,
        "avgATR": 0.022714,
        "avgReturn": -0.162
      },
      {
        "avgVolume": 2912.87,
        "avgATR": 0.025286,
        "avgReturn": 0.403
      },
      {
        "avgVolume": 1104.72,
        "avgATR": 0.013,
        "avgReturn": 0.043
      }
    ],
    "dailyProfile": [
      {
        "avgVolume": 1612.9,
        "avgATR": 0.018509,
        "avgReturn": -0.01
      },
      {
        "avgVolume": 2383.36,
        "avgATR": 0.024792,
        "avgReturn": 0.043
      },
      {
        "avgVolume": 1669.13,
        "avgATR": 0.020872,
        "avgReturn": -0.097
      },
      {
        "avgVolume": 2059.38,
        "avgATR": 0.020043,
        "avgReturn": -0.054
      },
      {
        "avgVolume": 1760.1,
        "avgATR": 0.018313,
        "avgReturn": -0.171
      },
      {
        "avgVolume": 1886.98,
        "avgATR": 0.017152,
        "avgReturn": -0.215
      },
      {
        "avgVolume": 2909.9,
        "avgATR": 0.020702,
        "avgReturn": 0.108
      }
    ],
    "favorableHours": [
      13,
      14,
      17,
      16,
      21,
      20
    ],
    "favorableWindow": false,
    "currentVsAvgVolume": 0,
    "currentVsAvgVolatility": 0,
    "anomalyDetected": true,
    "timeUntilFavorable": 3,
    "temporalScore": 0
  },
  "unifiedMicrostructure": {
    "signalDirections": {
      "vpin": "NEUTRAL",
      "sweeps": "NEUTRAL",
      "absorption": "NEUTRAL",
      "arrival": "NEUTRAL",
      "vacuum": "NONE",
      "volRegime": "FAVORABLE",
      "temporal": "UNFAVORABLE"
    },
    "consensusDirection": "NEUTRAL",
    "consensusStrength": 50,
    "bullishSignals": 1,
    "bearishSignals": 1,
    "neutralSignals": 0,
    "totalAvailableSignals": 2,
    "dominantPattern": "NONE",
    "clusters": {
      "strongBuyCluster": false,
      "distributionPattern": false,
      "accumulationPattern": false,
      "momentumCascade": false
    },
    "adaptiveWeights": {
      "vpin": 0,
      "sweeps": 0,
      "absorption": 0,
      "arrival": 0,
      "vacuum": 0,
      "volRegime": 0.021,
      "temporal": 0.02
    },
    "convictionLevel": "LOW",
    "convictionScore": 30,
    "riskAdjustment": "REDUCE",
    "timingQuality": "UNFAVORABLE",
    "signalQuality": "LOW"
  },
  "deltaAnalysis": {
    "currentDelta": 0,
    "cumulativeDelta": 0,
    "deltaPerVolume": 0,
    "deltaDirection": "NEUTRAL",
    "deltaDivergence": false,
    "institutionalRatio": 0,
    "aggressionScore": 0
  },
  "volumeProfile": {
    "pointOfControl": 0,
    "valueAreaHigh": 0,
    "valueAreaLow": 0,
    "currentPosition": "ABOVE_VALUE_AREA",
    "volumeNodes": [],
    "airPockets": []
  },
  "momentumCascade": {
    "cascadeDetected": false,
    "alignmentScore": 0.0009888483313914,
    "cascadeStrength": 0,
    "acceleratingTimeframes": [
      "1m"
    ],
    "divergingTimeframes": [
      "5m",
      "15m",
      "1h"
    ]
  },
  "breakoutConfirmation": {
    "breakoutConfirmed": false,
    "volumeConfirmation": false,
    "retestStrength": 0,
    "falseBreakoutRisk": 0,
    "breakoutQuality": "NO_BREAKOUT"
  },
  "liquidityHeatmap": {
    "liquidityScore": 0,
    "magnetDirection": "NONE",
    "magnetStrength": 0,
    "priceTarget5pct": null,
    "message": "No order book data"
  },
  "smartMoneyDivergence": {
    "divergenceDetected": false,
    "divergenceDirection": "NONE",
    "smartMoneyScore": 0.5,
    "message": "Insufficient trade data"
  },
  "microstructure": {
    "raw": -0.02856647879515846,
    "pct": 50,
    "summary": {
      "latestBucketSignedZ": 0,
      "buySellRatio": 0.5,
      "tradesPerSec": 0,
      "vwap": 0,
      "aggressorVWAP": 0,
      "vpinToxicity": "UNKNOWN",
      "sweepDirection": "NEUTRAL",
      "absorptionSide": "NONE",
      "icebergDetected": false,
      "hawkesDirection": "NEUTRAL",
      "cascadeDetected": false,
      "vacuumSide": "NONE",
      "volatilityRegime": "LOW",
      "volExpanding": false,
      "favorableTimeWindow": false,
      "temporalAnomaly": true,
      "consensusDirection": "NEUTRAL",
      "consensusStrength": 50,
      "dominantPattern": "NONE",
      "convictionLevel": "LOW",
      "riskAdjustment": "REDUCE",
      "timingQuality": "UNFAVORABLE",
      "deltaDirection": "NEUTRAL",
      "deltaDivergence": false,
      "institutionalRatio": 0,
      "volumeProfilePosition": "ABOVE_VALUE_AREA",
      "pointOfControl": 0,
      "momentumCascadeDetected": false,
      "cascadeStrength": 0,
      "breakoutQuality": "NO_BREAKOUT",
      "breakoutConfirmed": false,
      "magnetDirection": "NONE",
      "magnetStrength": 0,
      "priceTarget5pct": null,
      "nearestBidWall": 0,
      "nearestAskWall": 0,
      "divergenceDetected": false,
      "divergenceDirection": "NONE",
      "whaleAccumulation": false,
      "whaleDistribution": false,
      "retailPanic": false,
      "smartMoneyScore": 0.5
    }
  }
}

=== MICROSTRUCTURE ALERTS ===

🔬 VPIN: Insufficient data for VPIN analysis

🌊 SWEEP DETECTION: No significant sweeps detected

🧊 ABSORPTION & ICEBERG: No significant absorption or iceberg orders detected

⚡ ORDER ARRIVAL DYNAMICS: Insufficient trades for analysis

🌪️ LIQUIDITY VACUUM: No significant vacuum detected

📊 VOLATILITY REGIME DETECTION:
   Current Regime: LOW
   Regime Score: -1.00 (-1=low vol, +1=extreme vol)
   Days in Regime: 12
   ATR: $0.139231 (avg: $0.192985)
   ATR Percentile: 5.3%
   Realized Volatility: 74.77% (annualized)
   Vol Percentile: 0.0%

   🔵 LOW VOLATILITY REGIME:
   ✅ Ideal for breakout setups - price coiling
   ✅ Tight stops recommended
   ✅ Can increase position size (lower risk)

   📉 VOLATILITY CONTRACTING:
   🔄 Consolidation phase - accumulation likely
   ⏳ Wait for expansion before entering

   📍 MODERATE REGIME TRANSITION PROBABILITY: 40%
   Monitor for potential regime change

   ✅ STABLE REGIME: 12 days - predictable conditions

⏰ TEMPORAL PATTERN ANALYSIS:
   Current Time: Sunday 10:00 UTC
   Day Bias: NEUTRAL
   Current vs Avg Volume: 0x
   Current vs Avg Volatility: 0x

   ⏳ NON-FAVORABLE TIME WINDOW:
   This hour typically shows weaker activity
   Next favorable window in 3 hour(s)

   ⚠️ LOW ACTIVITY ANOMALY:
   Volume 0x below typical - Extremely quiet

   📉 LOW VOLATILITY ANOMALY:
   Volatility 0x below typical - Consolidation likely

   🔥 Best Trading Hours (UTC): 13:00, 14:00, 17:00

🎯 UNIFIED MICROSTRUCTURE INTEGRATION:
   Signal Consensus: NEUTRAL (50% agreement)
   Available Signals: 2 (1 bullish / 1 bearish / 0 neutral)
   Conviction Level: LOW (30%)
   Signal Quality: LOW
   Risk Adjustment: REDUCE
   Timing Quality: UNFAVORABLE

   ⚠️ LOW CONVICTION: Only 50% signal agreement
   Weak alignment - Reduce position size or wait for clarity

   ⚠️ RISK REDUCTION RECOMMENDED: Extreme volatility or unfavorable timing detected

   ⏰ UNFAVORABLE TIMING: Avoid trading during this hour

   Signal Directions Breakdown:
   • VPIN: NEUTRAL
   • Sweeps: NEUTRAL
   • Absorption: NEUTRAL
   • Arrival Dynamics: NEUTRAL
   • Liquidity Vacuum: NONE
   • Vol Regime: FAVORABLE
   • Temporal: UNFAVORABLE

   Adaptive Weights (Total: 4.1%):
   • VPIN: 0.0%
   • Sweeps: 0.0%
   • Absorption: 0.0%
   • Arrival: 0.0%
   • Vacuum: 0.0%
   • Vol Regime: 2.1%
   • Temporal: 2.0%


💹 DELTA ANALYSIS (Order Flow Aggression):
   Direction: NEUTRAL
   Delta Per Volume: 0.00%
   Institutional Ratio: 0.0%
   Aggression Score: 0.0%

📊 VOLUME PROFILE (Support/Resistance Strength):
   Point of Control (POC): $0.000000
   Value Area High: $0.000000
   Value Area Low: $0.000000
   Current Position: ABOVE_VALUE_AREA
   ⚠️ DISTRIBUTION RISK: Price above value area - potential rejection zone

⚡ MOMENTUM CASCADE (Multi-Timeframe Alignment):
   Cascade Detected: NO
   Alignment Score: 0.1%
   Cascade Strength: 0.0%
   Accelerating: 1m
   Diverging: 5m, 15m, 1h

💥 BREAKOUT CONFIRMATION:
   Quality: NO_BREAKOUT
   Volume Confirmation: NO
   Retest Strength: 0.0%
   False Breakout Risk: 0.0%
   No breakout detected - price below resistance


levels:
Entry=1.5578779999999999, StopLoss=1.51893105, TakeProfit=1.5672093, 1.5765406, 1.5840056399999998

---

=== Token: CLANKER (CLANKER) ===
Contract: CLANKER-USD
Timestamp: 2025-06-29T13:25:00.000Z

Calculations:
{
  "momentumScore": 44.079233645025674,
  "volumeScore": 15,
  "patternScore": 20,
  "totalScore": 22.248789831823938,
  "finalScore": 22.248789831823938,
  "weights": "0.27,0.41,0.23",
  "hourlyUptrend": false,
  "rsi": 56.666666666666565,
  "ultraShortVolumeSurge": 0.4911149450308042,
  "baseVolumeSurge": 0.02772607485929609,
  "currentPrice": 43.94,
  "resistance": 45.14,
  "support": 43.72,
  "rocMin5": -0.0034021320027218345,
  "shortROC": 0.0018239854081166962,
  "priceAcceleration": -0.0008486999945919928,
  "buySellRatio": 0.36398462742135024,
  "macdHistogram": -0.16260604211959456,
  "stochasticK": 11.167512690355279,
  "atr": 0.19571428571428587,
  "bbUpper": 46.24591435858549,
  "bbLower": 43.2100856414145,
  "hammerDetected": false,
  "engulfingDetected": false,
  "compressionSpring": {
    "detected": false,
    "confidence": 0,
    "signals": {
      "sidewaysPrice": true,
      "atrCompression": true,
      "bbSqueeze": false,
      "consolidationTime": true,
      "strongBuying": false,
      "obvPositive": false,
      "chaikinPositive": false,
      "rsiNeutral": false,
      "volumeBuilding": false
    },
    "metrics": {
      "priceRange": 3.96,
      "atrRatio": 0.395,
      "bbWidth": 6.79,
      "volumeRatio": 0.486,
      "signalCount": 3,
      "buySellRatio": 0.364
    }
  },
  "riskTier": "LOW",
  "atrPercent": 0.9542232915013987,
  "distanceToResistance": 2.730996813837057,
  "slPercent": 2.5,
  "tpPercent": 2.3213472917614983,
  "trailingActivation": 1.392808375056899,
  "shortMomentumScore": 25,
  "overboughtScore": 0,
  "shortPatternScore": 0,
  "shootingStarDetected": false,
  "bearishEngulfingDetected": false,
  "eveningStarDetected": false,
  "bearishPatternsCount": 0,
  "shortTotalScore": 10,
  "chaikin": -0.5341375210723838,
  "obvIncreasing": true,
  "obvTrend": "increasing",
  "adx": 15.517241379310509,
  "recentCandles": {
    "redCount": 2,
    "greenCount": 8
  },
  "resistanceDistance": 2.730996813837057,
  "multiplePatterns": false,
  "bullishPattern": false,
  "priceAboveVWAP": false,
  "breakingResistance": false,
  "atrSufficient": false,
  "macdDivergenceBearish": false,
  "rvolMin1": -0.4090879014244866,
  "rvolMin5": -0.08522183951096857,
  "atrPercentileOld": 0.32926829268292684,
  "vwapDeviation": -2.3858772386263625,
  "bbWidthPercent": 6.787311565844631,
  "bbSqueeze": false,
  "multiTFMomentum": {
    "min1": {
      "roc1": 0,
      "roc3": -0.0015934441156385223
    },
    "min5": {
      "roc1": 0.0018239854081166962,
      "roc3": -0.004079782411604708
    },
    "min15": {
      "roc1": -0.004079782411604708,
      "roc3": -0.003628117913832283
    },
    "hourly": {
      "roc1": -0.009072352007258009,
      "roc3": -0.033193184332817
    },
    "fourHour": {
      "roc1": -0.03893532776066879,
      "roc3": -0.04460966542750928
    },
    "divergenceShortUpLongDown": true
  },
  "returnZMin5": 0.4351600651874266,
  "wickClosePct": 1,
  "wickUpper": 0,
  "wickLower": 0.10000000000000142,
  "wickRatio": 2.000000000000142,
  "donchianBreakout15": false,
  "bbWidthPercentile15": 0.8051948051948052,
  "signedMin5": 238.4634,
  "signedMin5Z": 3.628339674107949,
  "signedMin1": 802.8331000000002,
  "signedMin1Z": 14.043836947588158,
  "streakMin1": {
    "upStreak": 4,
    "downStreak": 0
  },
  "streakMin5": {
    "upStreak": 2,
    "downStreak": 0
  },
  "rvolPercentileMin1": 0.2534722222222222,
  "rvolPercentileMin5": 0.75,
  "perTfMetrics": {
    "min1": {
      "sma20": 44.039,
      "sma50": 44.01139999999999,
      "ema20": 44.01008201378765,
      "ema50": 44.19336173628432,
      "vwma20": 44.04901580584236,
      "hma21": 43.97943722943724,
      "atr14": 0.05357142857142857,
      "atrPercentile": 0.003524672708962739,
      "rvolZ": -0.4090879014244866,
      "rvolPercentile": 0.2534722222222222,
      "mfi14": 60.80139187686117,
      "ppo": {
        "ppo": -0.12207586431581385,
        "signal": -0.07697433522393013,
        "histogram": -0.045101529091883724
      },
      "stochRsi": {
        "k": 0,
        "d": 29.98013675754575
      },
      "vprofile": {
        "vpBins": [
          0.033415784105512936,
          0.0304122648097995,
          0.07919419466512143,
          0.2698559264539833,
          0.016083326517988623,
          0.03346314156942137,
          0.025353955464608537,
          0.07587501438082778,
          0.04911052163518879,
          0.12005383200673533,
          0.007266938390683611,
          0.04642486696772821,
          0.06039822928820903,
          0.01441966172135276,
          0.028100106277799387,
          0.0736660942885859,
          0.0021411477777811506,
          0.008855679438449414,
          0.007820634042016925,
          0.018088680198206166
        ],
        "currentBinShare": 0.0304122648097995
      },
      "ttm": {
        "squeeze": false,
        "release": true,
        "widthPct": 0.7812842261823413
      }
    },
    "min5": {
      "sma20": 44.005500000000005,
      "sma50": 44.85360000000001,
      "ema20": 44.16490643689142,
      "ema50": 44.6000681916394,
      "vwma20": 44.12540075286699,
      "hma21": 44.09086580086581,
      "atr14": 0.19571428571428587,
      "atrPercentile": 0.1678832116788321,
      "rvolZ": -0.08522183951096857,
      "rvolPercentile": 0.75,
      "mfi14": 90.32558657352,
      "ppo": {
        "ppo": -0.5193521942336754,
        "signal": -0.5999354289877767,
        "histogram": 0.08058323475410134
      },
      "stochRsi": {
        "k": 98.5811725071104,
        "d": 49.236962715223534
      },
      "vprofile": {
        "vpBins": [
          0.03610145224176385,
          0.016695625803584347,
          0.04714268351553918,
          0.14024278952233327,
          0.010163601802213337,
          0.024268050251904656,
          0.015824805078662088,
          0.13573028769510323,
          0.14637106083806803,
          0.023996259462285917,
          0.04507701760683976,
          0.14543095462681188,
          0.03766269185615397,
          0.04724024227237705,
          0.06285900788894132,
          0.0428962219822322,
          0.0036492286279083646,
          0.014152109676169419,
          0.004495909251107953,
          0
        ],
        "currentBinShare": 0.016695625803584347
      },
      "ttm": {
        "squeeze": false,
        "release": false,
        "widthPct": 1.6921326935608396
      }
    },
    "min15": {
      "sma20": 44.727999999999994,
      "sma50": 45.0964,
      "ema20": 44.52487021914743,
      "ema50": 44.83597952978589,
      "vwma20": 44.28129332104825,
      "hma21": 43.421125541125534,
      "atr14": 0.4192857142857146,
      "atrPercentile": 0.32926829268292684,
      "rvolZ": 0.0395497270831856,
      "rvolPercentile": 0.7604166666666666,
      "mfi14": 49.08970870240732,
      "ppo": {
        "ppo": -0.8382168186079826,
        "signal": -0.6787291734478376,
        "histogram": -0.15948764516014502
      },
      "stochRsi": {
        "k": 26.646361956115793,
        "d": 19.5183800392403
      },
      "vprofile": {
        "vpBins": [
          0.02738817861465084,
          0.00814496406084363,
          0.04480057916038369,
          0.009245651782529361,
          0,
          0.043808332872753646,
          0.09425001641018697,
          0.026261380520040976,
          0.028968194933894503,
          0.12232713623696838,
          0.2050039252854545,
          0.011252658691328825,
          0.04775932479722181,
          0.0740988279699839,
          0.17386567693239494,
          0,
          0.005856449808032733,
          0.07696870192333123,
          0,
          0
        ],
        "currentBinShare": 0.043808332872753646
      },
      "ttm": {
        "squeeze": false,
        "release": false,
        "widthPct": 6.787311565844631
      }
    },
    "hourly": {
      "sma20": 45.011,
      "sma50": 45.05119999999999,
      "ema20": 44.83344224616494,
      "ema50": 45.045480464595514,
      "vwma20": 44.64784893284784,
      "hma21": 44.698658008658015,
      "atr14": 1.0221428571428568,
      "atrPercentile": 0.45962732919254656,
      "rvolZ": -0.010731528489776149,
      "rvolPercentile": 0.6636904761904762,
      "mfi14": 38.01603199860436,
      "ppo": {
        "ppo": -0.4436537583882897,
        "signal": -0.1277096182182373,
        "histogram": -0.3159441401700524
      },
      "stochRsi": {
        "k": 3.7229774185615003,
        "d": 40.24765209633308
      },
      "vprofile": {
        "vpBins": [
          0.03997282785340658,
          0.05058740858575834,
          0.06483355448618137,
          0.061974555037769254,
          0.07526937102628163,
          0.01913374683394916,
          0.016126555638073848,
          0,
          0.050099236619919794,
          0.0597265084739673,
          0.08258598110816533,
          0.07395287725812837,
          0.0666189993449938,
          0.07502748941437233,
          0.05030994393064644,
          0.1017594903221773,
          0.02707080221394951,
          0.05309698854634111,
          0.03185366330591842,
          0
        ],
        "currentBinShare": 0.0666189993449938
      },
      "ttm": {
        "squeeze": false,
        "release": true,
        "widthPct": 5.627677727258173
      }
    },
    "fourHour": {
      "sma20": 46.215999999999994,
      "sma50": 38.6226,
      "ema20": 44.390369745196345,
      "ema50": 40.06063647064875,
      "vwma20": 47.220851196720595,
      "hma21": 43.3944155844156,
      "atr14": 2.9864285714285708,
      "atrPercentile": 0.6285714285714286,
      "rvolZ": -0.5268831698683695,
      "rvolPercentile": 0.34523809523809523,
      "mfi14": 37.38730444085554,
      "ppo": {
        "ppo": 3.1197400743741985,
        "signal": 4.9515410586567485,
        "histogram": -1.83180098428255
      },
      "stochRsi": {
        "k": 0.5871405859081369,
        "d": 38.31092135705893
      },
      "vprofile": {
        "vpBins": [
          0.03679148378325092,
          0.0594867205286363,
          0.10515463308721193,
          0.10607981440105282,
          0.11638371226600992,
          0.06185703144616038,
          0.010940599754270332,
          0.014693352260067573,
          0,
          0.08896919710886145,
          0.023748572289520282,
          0.0847211865186986,
          0.020050255622668052,
          0.056885342552837066,
          0.054932844954391546,
          0.08947208019011446,
          0.0698331732362483,
          0,
          0,
          0
        ],
        "currentBinShare": 0.020050255622668052
      },
      "ttm": {
        "squeeze": true,
        "release": false,
        "widthPct": 17.795456641972844
      }
    },
    "daily": {
      "sma20": 32.589,
      "sma50": 30.901599999999988,
      "ema20": 35.827167019193624,
      "ema50": 33.16646906035486,
      "vwma20": 0,
      "hma21": 43.747316017315995,
      "atr14": 6.732857142857142,
      "atrPercentile": 1,
      "rvolZ": 0,
      "rvolPercentile": 1,
      "mfi14": 50,
      "ppo": {
        "ppo": 13.331234063678824,
        "signal": 7.5160023280035935,
        "histogram": 5.815231735675231
      },
      "stochRsi": {
        "k": 74.397004275774,
        "d": 72.58909791980464
      },
      "vprofile": {
        "vpBins": [
          0,
          0,
          0,
          0,
          0,
          0,
          0,
          0,
          0,
          0,
          0,
          0,
          0,
          0,
          0,
          0,
          0,
          0,
          0,
          0
        ],
        "currentBinShare": 0
      },
      "ttm": {
        "squeeze": false,
        "release": false,
        "widthPct": 106.83112140377719
      }
    }
  },
  "smaMin5": 44.005500000000005,
  "emaMin5": 44.16490643689142,
  "vwmaMin5": 44.12540075286699,
  "hmaMin5": 44.09086580086581,
  "keltner15": {
    "upper": 45.25987021914743,
    "middle": 44.52487021914743,
    "lower": 43.78987021914743
  },
  "superTrend15": {
    "isBull": true,
    "finalUpper": 45.375,
    "finalLower": 42.435
  },
  "mfi15": 49.08970870240732,
  "stochRsi15": {
    "k": 26.646361956115793,
    "d": 19.5183800392403
  },
  "ppo15": {
    "ppo": -0.8382168186079826,
    "signal": -0.6787291734478376,
    "histogram": -0.15948764516014502
  },
  "vpMin15": {
    "vpBins": [
      0.02738817861465084,
      0.00814496406084363,
      0.04480057916038369,
      0.009245651782529361,
      0,
      0.043808332872753646,
      0.09425001641018697,
      0.026261380520040976,
      0.028968194933894503,
      0.12232713623696838,
      0.2050039252854545,
      0.011252658691328825,
      0.04775932479722181,
      0.0740988279699839,
      0.17386567693239494,
      0,
      0.005856449808032733,
      0.07696870192333123,
      0,
      0
    ],
    "currentBinShare": 0.043808332872753646
  },
  "ttm15": {
    "squeeze": false,
    "release": false,
    "widthPct": 6.787311565844631
  },
  "marketCorrelation": {
    "hourly": {
      "btcCorrelation": 0,
      "ethCorrelation": 0,
      "btcBeta": 1,
      "ethBeta": 1,
      "btcTrend": "UNKNOWN",
      "ethTrend": "UNKNOWN",
      "tokenVol": 0,
      "btcVol": 0,
      "ethVol": 0,
      "marketDependence": 0,
      "verdict": "INSUFFICIENT_DATA"
    },
    "min15": {
      "btcCorrelation": 0,
      "ethCorrelation": 0,
      "btcBeta": 1,
      "ethBeta": 1,
      "btcTrend": "UNKNOWN",
      "ethTrend": "UNKNOWN",
      "tokenVol": 0,
      "btcVol": 0,
      "ethVol": 0,
      "marketDependence": 0,
      "verdict": "INSUFFICIENT_DATA"
    },
    "daily": {
      "btcCorrelation": 0,
      "ethCorrelation": 0,
      "btcBeta": 1,
      "ethBeta": 1,
      "btcTrend": "UNKNOWN",
      "ethTrend": "UNKNOWN",
      "tokenVol": 0,
      "btcVol": 0,
      "ethVol": 0,
      "marketDependence": 0,
      "verdict": "INSUFFICIENT_DATA"
    }
  },
  "tradeTape": {
    "totalTrades": 0,
    "totalVolume": 0,
    "buysVolume": 0,
    "sellsVolume": 0,
    "buySellRatio": 0.5,
    "vwap": 0,
    "signedVolume": 0,
    "avgTradeSize": 0,
    "tradesPerSec": 0,
    "cumulativeDelta": 0,
    "tradesLast1m": 0,
    "tradesLast5m": 0,
    "tradesLast15m": 0,
    "tradesLast1h": 0,
    "buyVWAP": 0,
    "sellVWAP": 0,
    "aggressorVWAP": 0,
    "bucketDurationMs": 60000,
    "bucketCount": 15,
    "bucketSignedVolumes": [],
    "bucketVolumes": [],
    "bucketVWAPs": [],
    "latestBucketSignedZ": 0
  },
  "enhancedMetrics": {
    "relativeVolumeZScore": -1,
    "volumePercentile": 40,
    "atrPercentile": 17.153284671532848,
    "volatilityPercentile": 6.329113924050633,
    "relativeVolatilityRatio": 0.707441625996074,
    "isHighVolume": false,
    "isHighVolatility": false,
    "isLowVolatility": true,
    "isExpandingVolatility": false,
    "isContractingVolatility": true
  },
  "orderBook": {
    "bidAskSpread": 0,
    "spreadPct": 0,
    "midPrice": 0,
    "bestBid": 0,
    "bestAsk": 0,
    "bidDepth": 0,
    "askDepth": 0,
    "orderBookImbalance": 0,
    "liquidityScore": 0,
    "depthAt1Pct": {
      "bidVolume": 0,
      "askVolume": 0,
      "imbalance": 0
    },
    "depthAt2Pct": {
      "bidVolume": 0,
      "askVolume": 0,
      "imbalance": 0
    },
    "depthAt5Pct": {
      "bidVolume": 0,
      "askVolume": 0,
      "imbalance": 0
    },
    "weightedMidPrice": 0,
    "volumeWeightedSpread": 0,
    "totalBidLevels": 0,
    "totalAskLevels": 0
  },
  "marketCap": {
    "marketCap": 0,
    "totalVolume24h": 0,
    "volumeToMarketCapRatio": 0,
    "marketCapRank": 0,
    "normalizedRank": 0,
    "isHighLiquidity": false,
    "isVeryHighLiquidity": false,
    "isLowLiquidity": true,
    "liquidityTier": "VERY_LOW"
  },
  "sweeps": {
    "sweepScore": 0,
    "sweepCount": 0,
    "sweepDirection": "NEUTRAL",
    "buySweeps": 0,
    "sellSweeps": 0,
    "avgSweepSize": 0,
    "avgSweepIntensity": 0,
    "bidLiftRatio": 0,
    "askLiftRatio": 0,
    "sweepFrequency": 0,
    "largestSweep": null,
    "recentSweepClusters": 0,
    "sweepDetails": []
  },
  "absorption": {
    "absorptionScore": 0,
    "absorptionLevel": null,
    "absorptionSide": "NONE",
    "icebergProbability": 0,
    "hiddenLiquidityEstimate": 0,
    "volumeAtPrice": {},
    "topAbsorptionLevels": [],
    "persistenceDuration": 0,
    "refillDetected": false
  },
  "orderArrival": {
    "avgInterArrivalTime": 0,
    "recentInterArrivalTime": 0,
    "accelerationRatio": 1,
    "hawkesIntensity": 0,
    "hawkesDirection": "NEUTRAL",
    "clusteringScore": 0,
    "burstCount": 0,
    "cascadeDetected": false,
    "timeToNextTrade": 0,
    "accelerationTrend": "STABLE"
  },
  "liquidityVacuum": {
    "vacuumScore": 0,
    "vacuumSide": "NONE",
    "bidVacuumSeverity": 0,
    "askVacuumSeverity": 0,
    "depthConcentration": 0,
    "priceImpact10k": 0,
    "priceImpact50k": 0,
    "priceImpact100k": 0,
    "largestGapBid": 0,
    "largestGapAsk": 0,
    "avgGapBid": 0,
    "avgGapAsk": 0,
    "bidCliffDistance": 0,
    "askCliffDistance": 0
  },
  "volatilityRegime": {
    "regime": "EXTREME",
    "regimeScore": 1,
    "currentATR": 6.830769,
    "avgATR": 3.397256,
    "atrPercentile": 100,
    "realizedVolatility": 154.97,
    "volPercentile": 91.9,
    "expanding": true,
    "contracting": false,
    "transitionProbability": 0.4,
    "daysInRegime": 3,
    "regimeStrength": 1.59
  },
  "temporalPatterns": {
    "currentHour": 10,
    "currentDay": 0,
    "currentDayName": "Sunday",
    "dayBias": "NEUTRAL",
    "hourlyProfile": [
      {
        "avgVolume": 1240.68,
        "avgATR": 1.270714,
        "avgReturn": 0.013
      },
      {
        "avgVolume": 914.95,
        "avgATR": 1.395,
        "avgReturn": 0.343
      },
      {
        "avgVolume": 1091.17,
        "avgATR": 1.171429,
        "avgReturn": 0.193
      },
      {
        "avgVolume": 642.08,
        "avgATR": 0.875714,
        "avgReturn": 0.198
      },
      {
        "avgVolume": 500.77,
        "avgATR": 0.896429,
        "avgReturn": -0.615
      },
      {
        "avgVolume": 517.43,
        "avgATR": 1.071429,
        "avgReturn": 0.744
      },
      {
        "avgVolume": 482.07,
        "avgATR": 0.873571,
        "avgReturn": 0.434
      },
      {
        "avgVolume": 515.36,
        "avgATR": 0.990714,
        "avgReturn": 0.501
      },
      {
        "avgVolume": 655.44,
        "avgATR": 1.085,
        "avgReturn": -0.19
      },
      {
        "avgVolume": 449.82,
        "avgATR": 1.009286,
        "avgReturn": -0.446
      },
      {
        "avgVolume": 651.38,
        "avgATR": 1.117143,
        "avgReturn": 0.877
      },
      {
        "avgVolume": 845.63,
        "avgATR": 1.208571,
        "avgReturn": 0.802
      },
      {
        "avgVolume": 1528.38,
        "avgATR": 1.570714,
        "avgReturn": 0.629
      },
      {
        "avgVolume": 1255.74,
        "avgATR": 1.562857,
        "avgReturn": -0.463
      },
      {
        "avgVolume": 1753.88,
        "avgATR": 1.93,
        "avgReturn": -0.093
      },
      {
        "avgVolume": 986.83,
        "avgATR": 1.314286,
        "avgReturn": 0.37
      },
      {
        "avgVolume": 1076.44,
        "avgATR": 1.373571,
        "avgReturn": -0.469
      },
      {
        "avgVolume": 1163.31,
        "avgATR": 1.547143,
        "avgReturn": -0.661
      },
      {
        "avgVolume": 1117.46,
        "avgATR": 1.622143,
        "avgReturn": 0.547
      },
      {
        "avgVolume": 1260.24,
        "avgATR": 1.453571,
        "avgReturn": -0.011
      },
      {
        "avgVolume": 1204.11,
        "avgATR": 1.508571,
        "avgReturn": 1.654
      },
      {
        "avgVolume": 1008.26,
        "avgATR": 1.022143,
        "avgReturn": -0.785
      },
      {
        "avgVolume": 797.27,
        "avgATR": 0.995714,
        "avgReturn": 0.34
      },
      {
        "avgVolume": 628.72,
        "avgATR": 0.888571,
        "avgReturn": 0.964
      }
    ],
    "dailyProfile": [
      {
        "avgVolume": 507.38,
        "avgATR": 0.884255,
        "avgReturn": -0.408
      },
      {
        "avgVolume": 624.38,
        "avgATR": 0.785208,
        "avgReturn": 0.471
      },
      {
        "avgVolume": 1300.2,
        "avgATR": 1.364375,
        "avgReturn": 0.706
      },
      {
        "avgVolume": 860.17,
        "avgATR": 1.273958,
        "avgReturn": 0.234
      },
      {
        "avgVolume": 1560.03,
        "avgATR": 1.812708,
        "avgReturn": 0.535
      },
      {
        "avgVolume": 823.27,
        "avgATR": 1.334375,
        "avgReturn": -0.21
      },
      {
        "avgVolume": 799.09,
        "avgATR": 1.201667,
        "avgReturn": 0.089
      }
    ],
    "favorableHours": [
      14,
      12,
      19,
      13,
      0,
      20
    ],
    "favorableWindow": false,
    "currentVsAvgVolume": 0,
    "currentVsAvgVolatility": 0,
    "anomalyDetected": true,
    "timeUntilFavorable": 2,
    "temporalScore": 0
  },
  "unifiedMicrostructure": {
    "signalDirections": {
      "vpin": "NEUTRAL",
      "sweeps": "NEUTRAL",
      "absorption": "NEUTRAL",
      "arrival": "NEUTRAL",
      "vacuum": "NONE",
      "volRegime": "UNFAVORABLE",
      "temporal": "UNFAVORABLE"
    },
    "consensusDirection": "BEARISH",
    "consensusStrength": 100,
    "bullishSignals": 0,
    "bearishSignals": 2,
    "neutralSignals": 0,
    "totalAvailableSignals": 2,
    "dominantPattern": "NONE",
    "clusters": {
      "strongBuyCluster": false,
      "distributionPattern": false,
      "accumulationPattern": false,
      "momentumCascade": false
    },
    "adaptiveWeights": {
      "vpin": 0,
      "sweeps": 0,
      "absorption": 0,
      "arrival": 0,
      "vacuum": 0,
      "volRegime": 0.021,
      "temporal": 0.012
    },
    "convictionLevel": "HIGH",
    "convictionScore": 100,
    "riskAdjustment": "REDUCE",
    "timingQuality": "UNFAVORABLE",
    "signalQuality": "LOW"
  },
  "deltaAnalysis": {
    "currentDelta": 0,
    "cumulativeDelta": 0,
    "deltaPerVolume": 0,
    "deltaDirection": "NEUTRAL",
    "deltaDivergence": false,
    "institutionalRatio": 0,
    "aggressionScore": 0
  },
  "volumeProfile": {
    "pointOfControl": 0,
    "valueAreaHigh": 0,
    "valueAreaLow": 0,
    "currentPosition": "ABOVE_VALUE_AREA",
    "volumeNodes": [],
    "airPockets": []
  },
  "momentumCascade": {
    "cascadeDetected": false,
    "alignmentScore": -0.009685287095876932,
    "cascadeStrength": 0,
    "acceleratingTimeframes": [],
    "divergingTimeframes": [
      "1m",
      "5m",
      "15m",
      "1h"
    ]
  },
  "breakoutConfirmation": {
    "breakoutConfirmed": false,
    "volumeConfirmation": false,
    "retestStrength": 0,
    "falseBreakoutRisk": 0,
    "breakoutQuality": "NO_BREAKOUT"
  },
  "liquidityHeatmap": {
    "liquidityScore": 0,
    "magnetDirection": "NONE",
    "magnetStrength": 0,
    "priceTarget5pct": null,
    "message": "No order book data"
  },
  "smartMoneyDivergence": {
    "divergenceDetected": false,
    "divergenceDirection": "NONE",
    "smartMoneyScore": 0.5,
    "message": "Insufficient trade data"
  },
  "microstructure": {
    "raw": -0.022760325233299454,
    "pct": 50,
    "summary": {
      "latestBucketSignedZ": 0,
      "buySellRatio": 0.5,
      "tradesPerSec": 0,
      "vwap": 0,
      "aggressorVWAP": 0,
      "vpinToxicity": "UNKNOWN",
      "sweepDirection": "NEUTRAL",
      "absorptionSide": "NONE",
      "icebergDetected": false,
      "hawkesDirection": "NEUTRAL",
      "cascadeDetected": false,
      "vacuumSide": "NONE",
      "volatilityRegime": "EXTREME",
      "volExpanding": true,
      "favorableTimeWindow": false,
      "temporalAnomaly": true,
      "consensusDirection": "BEARISH",
      "consensusStrength": 100,
      "dominantPattern": "NONE",
      "convictionLevel": "HIGH",
      "riskAdjustment": "REDUCE",
      "timingQuality": "UNFAVORABLE",
      "deltaDirection": "NEUTRAL",
      "deltaDivergence": false,
      "institutionalRatio": 0,
      "volumeProfilePosition": "ABOVE_VALUE_AREA",
      "pointOfControl": 0,
      "momentumCascadeDetected": false,
      "cascadeStrength": 0,
      "breakoutQuality": "NO_BREAKOUT",
      "breakoutConfirmed": false,
      "magnetDirection": "NONE",
      "magnetStrength": 0,
      "priceTarget5pct": null,
      "nearestBidWall": 0,
      "nearestAskWall": 0,
      "divergenceDetected": false,
      "divergenceDirection": "NONE",
      "whaleAccumulation": false,
      "whaleDistribution": false,
      "retailPanic": false,
      "smartMoneyScore": 0.5
    }
  }
}

=== MICROSTRUCTURE ALERTS ===

🔬 VPIN: Insufficient data for VPIN analysis

🌊 SWEEP DETECTION: No significant sweeps detected

🧊 ABSORPTION & ICEBERG: No significant absorption or iceberg orders detected

⚡ ORDER ARRIVAL DYNAMICS: Insufficient trades for analysis

🌪️ LIQUIDITY VACUUM: No significant vacuum detected

📊 VOLATILITY REGIME DETECTION:
   Current Regime: EXTREME
   Regime Score: 1.00 (-1=low vol, +1=extreme vol)
   Days in Regime: 3
   ATR: $6.830769 (avg: $3.397256)
   ATR Percentile: 100.0%
   Realized Volatility: 154.97% (annualized)
   Vol Percentile: 91.9%

   🔴 EXTREME VOLATILITY:
   🚨 HIGH RISK ENVIRONMENT!
   ⚠️ Significantly reduce position size
   ⚠️ Wide stops or avoid trading
   💡 Only for experienced traders

   🚀 VOLATILITY EXPANDING:
   💥 Breakout likely imminent!
   📈 Market transitioning to higher vol regime
   ✅ Strong signal when combined with other indicators

   📍 MODERATE REGIME TRANSITION PROBABILITY: 40%
   Monitor for potential regime change

⏰ TEMPORAL PATTERN ANALYSIS:
   Current Time: Sunday 10:00 UTC
   Day Bias: NEUTRAL
   Current vs Avg Volume: 0x
   Current vs Avg Volatility: 0x

   ⏳ NON-FAVORABLE TIME WINDOW:
   This hour typically shows weaker activity
   Next favorable window in 2 hour(s)

   ⚠️ LOW ACTIVITY ANOMALY:
   Volume 0x below typical - Extremely quiet

   📉 LOW VOLATILITY ANOMALY:
   Volatility 0x below typical - Consolidation likely

   🔥 Best Trading Hours (UTC): 14:00, 12:00, 19:00

🎯 UNIFIED MICROSTRUCTURE INTEGRATION:
   Signal Consensus: BEARISH (100% agreement)
   Available Signals: 2 (0 bullish / 2 bearish / 0 neutral)
   Conviction Level: HIGH (100%)
   Signal Quality: LOW
   Risk Adjustment: REDUCE
   Timing Quality: UNFAVORABLE

   ✅ HIGH CONVICTION: 100% of signals agree on direction
   Strong institutional alignment - Follow the smart money

   ⚠️ RISK REDUCTION RECOMMENDED: Extreme volatility or unfavorable timing detected

   ⏰ UNFAVORABLE TIMING: Avoid trading during this hour

   Signal Directions Breakdown:
   • VPIN: NEUTRAL
   • Sweeps: NEUTRAL
   • Absorption: NEUTRAL
   • Arrival Dynamics: NEUTRAL
   • Liquidity Vacuum: NONE
   • Vol Regime: UNFAVORABLE
   • Temporal: UNFAVORABLE

   Adaptive Weights (Total: 3.3%):
   • VPIN: 0.0%
   • Sweeps: 0.0%
   • Absorption: 0.0%
   • Arrival: 0.0%
   • Vacuum: 0.0%
   • Vol Regime: 2.1%
   • Temporal: 1.2%


💹 DELTA ANALYSIS (Order Flow Aggression):
   Direction: NEUTRAL
   Delta Per Volume: 0.00%
   Institutional Ratio: 0.0%
   Aggression Score: 0.0%

📊 VOLUME PROFILE (Support/Resistance Strength):
   Point of Control (POC): $0.000000
   Value Area High: $0.000000
   Value Area Low: $0.000000
   Current Position: ABOVE_VALUE_AREA
   ⚠️ DISTRIBUTION RISK: Price above value area - potential rejection zone

⚡ MOMENTUM CASCADE (Multi-Timeframe Alignment):
   Cascade Detected: NO
   Alignment Score: -1.0%
   Cascade Strength: 0.0%
   Accelerating: None
   Diverging: 1m, 5m, 15m, 1h

💥 BREAKOUT CONFIRMATION:
   Quality: NO_BREAKOUT
   Volume Confirmation: NO
   Retest Strength: 0.0%
   False Breakout Risk: 0.0%
   No breakout detected - price below resistance


levels:
Entry=43.85212, StopLoss=42.755817, TakeProfit=44.3611, 44.87008, 45.277264

---

=== Token: SQD (SQD) ===
Contract: SQD-USD
Timestamp: 2025-06-29T13:25:00.000Z

Calculations:
{
  "momentumScore": 101.59583039256347,
  "volumeScore": 85.59978363170595,
  "patternScore": 80.05905412136927,
  "totalScore": 78.87092207399938,
  "finalScore": 78.87092207399938,
  "weights": "0.23,0.45,0.23",
  "hourlyUptrend": true,
  "rsi": 81.0810810810812,
  "ultraShortVolumeSurge": 0.6483578134265037,
  "baseVolumeSurge": 0.062165473921830174,
  "currentPrice": 0.1551,
  "resistance": 0.1569,
  "support": 0.1445,
  "rocMin5": 0.001937984496123997,
  "shortROC": -0.001930501930502075,
  "priceAcceleration": 0.00048647425855242294,
  "buySellRatio": 0.6918051647288777,
  "macdHistogram": 0.0012690749702886925,
  "stochasticK": 85.82677165354315,
  "atr": 0.0017214285714285762,
  "bbUpper": 0.15519655416675143,
  "bbLower": 0.14065344583324857,
  "hammerDetected": false,
  "engulfingDetected": false,
  "compressionSpring": {
    "detected": false,
    "confidence": 0,
    "signals": {
      "sidewaysPrice": false,
      "atrCompression": false,
      "bbSqueeze": false,
      "consolidationTime": true,
      "strongBuying": true,
      "obvPositive": false,
      "chaikinPositive": false,
      "rsiNeutral": false,
      "volumeBuilding": false
    },
    "metrics": {
      "priceRange": 8.81,
      "atrRatio": 1.685,
      "bbWidth": 9.83,
      "volumeRatio": 4.138,
      "signalCount": 2,
      "buySellRatio": 0.692
    }
  },
  "riskTier": "HIGH",
  "atrPercent": 1.35857050750668,
  "distanceToResistance": 1.1605415860735164,
  "slPercent": 4,
  "tpPercent": 0.986460348162489,
  "trailingActivation": 0.5918762088974934,
  "shortMomentumScore": 0,
  "overboughtScore": 70,
  "shortPatternScore": 25,
  "shootingStarDetected": true,
  "bearishEngulfingDetected": false,
  "eveningStarDetected": false,
  "bearishPatternsCount": 1,
  "shortTotalScore": 30.75,
  "chaikin": 0.10421693994035827,
  "obvIncreasing": true,
  "obvTrend": "increasing",
  "adx": 76.87074829931927,
  "recentCandles": {
    "redCount": 3,
    "greenCount": 7
  },
  "resistanceDistance": 1.1605415860735164,
  "multiplePatterns": false,
  "bullishPattern": false,
  "priceAboveVWAP": true,
  "breakingResistance": false,
  "atrSufficient": true,
  "macdDivergenceBearish": false,
  "rvolMin1": -0.2740128995469231,
  "rvolMin5": 0.12524342740106717,
  "atrPercentileOld": 1,
  "vwapDeviation": 3.263792296995058,
  "bbWidthPercent": 9.831406681428334,
  "bbSqueeze": false,
  "multiTFMomentum": {
    "min1": {
      "roc1": 0,
      "roc3": 0.0025806451612903963
    },
    "min5": {
      "roc1": -0.001930501930502075,
      "roc3": 0.003234152652005178
    },
    "min15": {
      "roc1": 0.003234152652005178,
      "roc3": 0.013063357282821514
    },
    "hourly": {
      "roc1": 0.026675341574495724,
      "roc3": 0.0890269151138716
    },
    "fourHour": {
      "roc1": 0.08602890571231922,
      "roc3": 0.06048387096774199
    },
    "divergenceShortUpLongDown": false
  },
  "returnZMin5": -0.5296238796584097,
  "wickClosePct": 0,
  "wickUpper": 0.0007999999999999952,
  "wickLower": 0,
  "wickRatio": 2.6666666666664507,
  "donchianBreakout15": false,
  "bbWidthPercentile15": 1,
  "signedMin5": 256720.69999999998,
  "signedMin5Z": 10.481913523976722,
  "signedMin1": 420090.29999999993,
  "signedMin1Z": 23.48415290713341,
  "streakMin1": {
    "upStreak": 0,
    "downStreak": 0
  },
  "streakMin5": {
    "upStreak": 0,
    "downStreak": 1
  },
  "rvolPercentileMin1": 0.4930555555555556,
  "rvolPercentileMin5": 0.8402777777777778,
  "perTfMetrics": {
    "min1": {
      "sma20": 0.154545,
      "sma50": 0.15370800000000004,
      "ema20": 0.15468364003088705,
      "ema50": 0.15333334755376804,
      "vwma20": 0.15379591140864754,
      "hma21": 0.15565887445887447,
      "atr14": 0.0005642857142857235,
      "atrPercentile": 0.622356495468278,
      "rvolZ": -0.2740128995469231,
      "rvolPercentile": 0.4930555555555556,
      "mfi14": 96.87269539629408,
      "ppo": {
        "ppo": 0.35557738584303494,
        "signal": 0.3652475634946073,
        "histogram": -0.009670177651572354
      },
      "stochRsi": {
        "k": 29.929221435793572,
        "d": 61.742092642636855
      },
      "vprofile": {
        "vpBins": [
          0.009219612521184488,
          0.08267565015677464,
          0.08926714280170663,
          0.007682978177160131,
          0.06093342093087779,
          0.010390547439170174,
          0.011259845651423513,
          0.07445094522995468,
          0.02119798641773558,
          0.03519104577358784,
          0.11778782717348989,
          0,
          0.04730935123141226,
          0.15887641730301177,
          0.08052190407952757,
          0.08287819286614191,
          0.013193339838312276,
          0.09376391997269495,
          0.0033998724358339765,
          0
        ],
        "currentBinShare": 0.09376391997269495
      },
      "ttm": {
        "squeeze": false,
        "release": false,
        "widthPct": 2.543170918786728
      }
    },
    "min5": {
      "sma20": 0.152225,
      "sma50": 0.14817000000000002,
      "ema20": 0.15244092474874538,
      "ema50": 0.14991100901332294,
      "vwma20": 0.15291481995745856,
      "hma21": 0.15656060606060607,
      "atr14": 0.0017214285714285762,
      "atrPercentile": 0.9890510948905109,
      "rvolZ": 0.12524342740106717,
      "rvolPercentile": 0.8402777777777778,
      "mfi14": 63.11904975487233,
      "ppo": {
        "ppo": 1.4187021801611224,
        "signal": 1.3368056279936125,
        "histogram": 0.0818965521675099
      },
      "stochRsi": {
        "k": 0,
        "d": 83.88281898920212
      },
      "vprofile": {
        "vpBins": [
          0.01132313627918485,
          0.048283179467012174,
          0.05693473620587058,
          0.03240028770359856,
          0.05812523199950233,
          0.010390564200188409,
          0.020841721369848826,
          0.05335151768168501,
          0.07844093536172332,
          0.16716082762462534,
          0.07696243461905587,
          0.15724166165940567,
          0.005739973074335518,
          0,
          0.13453829394951752,
          0.020540855213260878,
          0.0408387466102108,
          0.026885896980974124,
          0,
          0
        ],
        "currentBinShare": 0.026885896980974124
      },
      "ttm": {
        "squeeze": false,
        "release": false,
        "widthPct": 7.149476067506927
      }
    },
    "min15": {
      "sma20": 0.147925,
      "sma50": 0.14858,
      "ema20": 0.14955953454403484,
      "ema50": 0.14866068729245524,
      "vwma20": 0.1514211945306183,
      "hma21": 0.15182121212121208,
      "atr14": 0.002107142857142861,
      "atrPercentile": 1,
      "rvolZ": 0.7158572421840562,
      "rvolPercentile": 0.8541666666666666,
      "mfi14": 91.70740248065486,
      "ppo": {
        "ppo": 1.1204263853187266,
        "signal": 0.34851713347402913,
        "histogram": 0.7719092518446975
      },
      "stochRsi": {
        "k": 100,
        "d": 85.6405585913782
      },
      "vprofile": {
        "vpBins": [
          0.010238767361287895,
          0.019274053156458946,
          0.043521930012474785,
          0.07804426176185168,
          0.03411982634053033,
          0.012077083532264507,
          0.011563096613402105,
          0.1146509759363246,
          0.04509563970405574,
          0.09210668641216668,
          0.14658199899748295,
          0.1458078245130213,
          0.048049155228564476,
          0,
          0.07056414543298535,
          0,
          0.10430692315067017,
          0.023997631846458502,
          0,
          0
        ],
        "currentBinShare": 0.023997631846458502
      },
      "ttm": {
        "squeeze": false,
        "release": false,
        "widthPct": 9.831406681428334
      }
    },
    "hourly": {
      "sma20": 0.14866,
      "sma50": 0.14680999999999997,
      "ema20": 0.14896647662929718,
      "ema50": 0.14779575789644595,
      "vwma20": 0.1515805242704515,
      "hma21": 0.14960389610389616,
      "atr14": 0.0029000000000000076,
      "atrPercentile": 0.1956521739130435,
      "rvolZ": 2.1306348366877788,
      "rvolPercentile": 0.9613095238095238,
      "mfi14": 79.83544643578378,
      "ppo": {
        "ppo": 0.7684563625735347,
        "signal": 0.3407219417620973,
        "histogram": 0.42773442081143737
      },
      "stochRsi": {
        "k": 100,
        "d": 59.33279465632402
      },
      "vprofile": {
        "vpBins": [
          0.013590373999419092,
          0.009904798297669423,
          0.025972534563907523,
          0.05611481371521732,
          0.1305678631398608,
          0.10649060464485227,
          0.16830336457976283,
          0.1091737578607256,
          0.15665911117675502,
          0.10991130175090617,
          0.06411965826539592,
          0.008946255396972578,
          0.005525100838170487,
          0.0067183304531824245,
          0.00037281053528389317,
          0.006233179389570476,
          0.005510166351391277,
          0.0035420790534050456,
          0.010507061749649391,
          0.0018368342379020412
        ],
        "currentBinShare": 0.06411965826539592
      },
      "ttm": {
        "squeeze": false,
        "release": true,
        "widthPct": 7.968935672714285
      }
    },
    "fourHour": {
      "sma20": 0.14756,
      "sma50": 0.150334,
      "ema20": 0.1479665479669142,
      "ema50": 0.1554625256785219,
      "vwma20": 0.1491501592522701,
      "hma21": 0.14713116883116878,
      "atr14": 0.005985714285714289,
      "atrPercentile": 0.04285714285714286,
      "rvolZ": 1.3632323056846796,
      "rvolPercentile": 0.9047619047619048,
      "mfi14": 61.936733050498404,
      "ppo": {
        "ppo": -0.03748191904768707,
        "signal": -0.9833403006037791,
        "histogram": 0.945858381556092
      },
      "stochRsi": {
        "k": 80.93072668719465,
        "d": 49.43938365592453
      },
      "vprofile": {
        "vpBins": [
          0,
          0.05086740677184783,
          0.09976202584347371,
          0.27124846673867564,
          0.211126444338051,
          0.03818845446797001,
          0.0331405441970963,
          0.005149541544958954,
          0.0201014818269185,
          0.012072683181141557,
          0.07007056907651468,
          0.007293944735635671,
          0.019378423965593798,
          0.010016442690498983,
          0.05905564518621562,
          0.014032666735145286,
          0.03967828495976316,
          0.02015123536134154,
          0.018665738379158022,
          0
        ],
        "currentBinShare": 0.0331405441970963
      },
      "ttm": {
        "squeeze": true,
        "release": true,
        "widthPct": 9.671532857720987
      }
    },
    "daily": {
      "sma20": 0,
      "sma50": 0,
      "ema20": 0.18281182536001558,
      "ema50": 0.21469762579305038,
      "vwma20": 0,
      "hma21": 0,
      "atr14": 0.02399285714285715,
      "atrPercentile": 0.75,
      "rvolZ": 0,
      "rvolPercentile": 1,
      "mfi14": 50,
      "ppo": {
        "ppo": 0,
        "signal": 0,
        "histogram": 0
      },
      "stochRsi": {
        "k": 50,
        "d": 50
      },
      "vprofile": {
        "vpBins": [
          0,
          0,
          0,
          0,
          0,
          0,
          0,
          0,
          0,
          0,
          0,
          0,
          0,
          0,
          0,
          0,
          0,
          0,
          0,
          0
        ],
        "currentBinShare": 0
      },
      "ttm": {
        "squeeze": false,
        "release": false
      }
    }
  },
  "smaMin5": 0.152225,
  "emaMin5": 0.15244092474874538,
  "vwmaMin5": 0.15291481995745856,
  "hmaMin5": 0.15656060606060607,
  "keltner15": {
    "upper": 0.15368453454403486,
    "middle": 0.14955953454403484,
    "lower": 0.14543453454403482
  },
  "superTrend15": {
    "isBull": false,
    "finalUpper": 0.16365,
    "finalLower": 0.14714999999999998
  },
  "mfi15": 91.70740248065486,
  "stochRsi15": {
    "k": 100,
    "d": 85.6405585913782
  },
  "ppo15": {
    "ppo": 1.1204263853187266,
    "signal": 0.34851713347402913,
    "histogram": 0.7719092518446975
  },
  "vpMin15": {
    "vpBins": [
      0.010238767361287895,
      0.019274053156458946,
      0.043521930012474785,
      0.07804426176185168,
      0.03411982634053033,
      0.012077083532264507,
      0.011563096613402105,
      0.1146509759363246,
      0.04509563970405574,
      0.09210668641216668,
      0.14658199899748295,
      0.1458078245130213,
      0.048049155228564476,
      0,
      0.07056414543298535,
      0,
      0.10430692315067017,
      0.023997631846458502,
      0,
      0
    ],
    "currentBinShare": 0.023997631846458502
  },
  "ttm15": {
    "squeeze": false,
    "release": false,
    "widthPct": 9.831406681428334
  },
  "marketCorrelation": {
    "hourly": {
      "btcCorrelation": 0,
      "ethCorrelation": 0,
      "btcBeta": 1,
      "ethBeta": 1,
      "btcTrend": "UNKNOWN",
      "ethTrend": "UNKNOWN",
      "tokenVol": 0,
      "btcVol": 0,
      "ethVol": 0,
      "marketDependence": 0,
      "verdict": "INSUFFICIENT_DATA"
    },
    "min15": {
      "btcCorrelation": 0,
      "ethCorrelation": 0,
      "btcBeta": 1,
      "ethBeta": 1,
      "btcTrend": "UNKNOWN",
      "ethTrend": "UNKNOWN",
      "tokenVol": 0,
      "btcVol": 0,
      "ethVol": 0,
      "marketDependence": 0,
      "verdict": "INSUFFICIENT_DATA"
    },
    "daily": {
      "btcCorrelation": 0,
      "ethCorrelation": 0,
      "btcBeta": 1,
      "ethBeta": 1,
      "btcTrend": "UNKNOWN",
      "ethTrend": "UNKNOWN",
      "tokenVol": 0,
      "btcVol": 0,
      "ethVol": 0,
      "marketDependence": 0,
      "verdict": "INSUFFICIENT_DATA"
    }
  },
  "tradeTape": {
    "totalTrades": 0,
    "totalVolume": 0,
    "buysVolume": 0,
    "sellsVolume": 0,
    "buySellRatio": 0.5,
    "vwap": 0,
    "signedVolume": 0,
    "avgTradeSize": 0,
    "tradesPerSec": 0,
    "cumulativeDelta": 0,
    "tradesLast1m": 0,
    "tradesLast5m": 0,
    "tradesLast15m": 0,
    "tradesLast1h": 0,
    "buyVWAP": 0,
    "sellVWAP": 0,
    "aggressorVWAP": 0,
    "bucketDurationMs": 60000,
    "bucketCount": 15,
    "bucketSignedVolumes": [],
    "bucketVolumes": [],
    "bucketVWAPs": [],
    "latestBucketSignedZ": 0
  },
  "enhancedMetrics": {
    "relativeVolumeZScore": -1,
    "volumePercentile": 40,
    "atrPercentile": 98.17518248175182,
    "volatilityPercentile": 54.43037974683544,
    "relativeVolatilityRatio": 1.0196871107163494,
    "isHighVolume": false,
    "isHighVolatility": false,
    "isLowVolatility": false,
    "isExpandingVolatility": false,
    "isContractingVolatility": false
  },
  "orderBook": {
    "bidAskSpread": 0,
    "spreadPct": 0,
    "midPrice": 0,
    "bestBid": 0,
    "bestAsk": 0,
    "bidDepth": 0,
    "askDepth": 0,
    "orderBookImbalance": 0,
    "liquidityScore": 0,
    "depthAt1Pct": {
      "bidVolume": 0,
      "askVolume": 0,
      "imbalance": 0
    },
    "depthAt2Pct": {
      "bidVolume": 0,
      "askVolume": 0,
      "imbalance": 0
    },
    "depthAt5Pct": {
      "bidVolume": 0,
      "askVolume": 0,
      "imbalance": 0
    },
    "weightedMidPrice": 0,
    "volumeWeightedSpread": 0,
    "totalBidLevels": 0,
    "totalAskLevels": 0
  },
  "marketCap": {
    "marketCap": 0,
    "totalVolume24h": 0,
    "volumeToMarketCapRatio": 0,
    "marketCapRank": 0,
    "normalizedRank": 0,
    "isHighLiquidity": false,
    "isVeryHighLiquidity": false,
    "isLowLiquidity": true,
    "liquidityTier": "VERY_LOW"
  },
  "sweeps": {
    "sweepScore": 0,
    "sweepCount": 0,
    "sweepDirection": "NEUTRAL",
    "buySweeps": 0,
    "sellSweeps": 0,
    "avgSweepSize": 0,
    "avgSweepIntensity": 0,
    "bidLiftRatio": 0,
    "askLiftRatio": 0,
    "sweepFrequency": 0,
    "largestSweep": null,
    "recentSweepClusters": 0,
    "sweepDetails": []
  },
  "absorption": {
    "absorptionScore": 0,
    "absorptionLevel": null,
    "absorptionSide": "NONE",
    "icebergProbability": 0,
    "hiddenLiquidityEstimate": 0,
    "volumeAtPrice": {},
    "topAbsorptionLevels": [],
    "persistenceDuration": 0,
    "refillDetected": false
  },
  "orderArrival": {
    "avgInterArrivalTime": 0,
    "recentInterArrivalTime": 0,
    "accelerationRatio": 1,
    "hawkesIntensity": 0,
    "hawkesDirection": "NEUTRAL",
    "clusteringScore": 0,
    "burstCount": 0,
    "cascadeDetected": false,
    "timeToNextTrade": 0,
    "accelerationTrend": "STABLE"
  },
  "liquidityVacuum": {
    "vacuumScore": 0,
    "vacuumSide": "NONE",
    "bidVacuumSeverity": 0,
    "askVacuumSeverity": 0,
    "depthConcentration": 0,
    "priceImpact10k": 0,
    "priceImpact50k": 0,
    "priceImpact100k": 0,
    "largestGapBid": 0,
    "largestGapAsk": 0,
    "avgGapBid": 0,
    "avgGapAsk": 0,
    "bidCliffDistance": 0,
    "askCliffDistance": 0
  },
  "volatilityRegime": {
    "regime": "UNKNOWN",
    "regimeScore": 0,
    "currentATR": 0,
    "avgATR": 0,
    "atrPercentile": 0,
    "realizedVolatility": 0,
    "volPercentile": 0,
    "expanding": false,
    "contracting": false,
    "transitionProbability": 0,
    "daysInRegime": 0,
    "regimeStrength": 0
  },
  "temporalPatterns": {
    "currentHour": 10,
    "currentDay": 0,
    "currentDayName": "Sunday",
    "dayBias": "NEUTRAL",
    "hourlyProfile": [
      {
        "avgVolume": 105754.3,
        "avgATR": 0.004157,
        "avgReturn": 0.378
      },
      {
        "avgVolume": 78368.21,
        "avgATR": 0.003721,
        "avgReturn": -0.251
      },
      {
        "avgVolume": 102934.11,
        "avgATR": 0.004029,
        "avgReturn": 0.337
      },
      {
        "avgVolume": 60362.56,
        "avgATR": 0.003121,
        "avgReturn": -0.361
      },
      {
        "avgVolume": 66729.21,
        "avgATR": 0.003579,
        "avgReturn": 0.134
      },
      {
        "avgVolume": 43149.86,
        "avgATR": 0.002721,
        "avgReturn": -0.291
      },
      {
        "avgVolume": 43448.99,
        "avgATR": 0.002957,
        "avgReturn": 0.032
      },
      {
        "avgVolume": 98066.82,
        "avgATR": 0.004471,
        "avgReturn": 0.42
      },
      {
        "avgVolume": 50632.26,
        "avgATR": 0.003079,
        "avgReturn": -0.795
      },
      {
        "avgVolume": 42383.39,
        "avgATR": 0.002529,
        "avgReturn": -1.009
      },
      {
        "avgVolume": 56065.72,
        "avgATR": 0.003507,
        "avgReturn": 0.181
      },
      {
        "avgVolume": 72756.96,
        "avgATR": 0.0039,
        "avgReturn": -0.088
      },
      {
        "avgVolume": 88500.89,
        "avgATR": 0.003536,
        "avgReturn": -0.005
      },
      {
        "avgVolume": 115860.85,
        "avgATR": 0.004364,
        "avgReturn": 0.432
      },
      {
        "avgVolume": 102308.34,
        "avgATR": 0.004123,
        "avgReturn": -0.21
      },
      {
        "avgVolume": 135316.19,
        "avgATR": 0.005143,
        "avgReturn": -1.168
      },
      {
        "avgVolume": 172598.43,
        "avgATR": 0.004407,
        "avgReturn": -0.899
      },
      {
        "avgVolume": 119772.89,
        "avgATR": 0.003929,
        "avgReturn": 0.625
      },
      {
        "avgVolume": 80682.32,
        "avgATR": 0.003614,
        "avgReturn": 0.061
      },
      {
        "avgVolume": 120082.26,
        "avgATR": 0.003364,
        "avgReturn": -0.229
      },
      {
        "avgVolume": 158352.71,
        "avgATR": 0.004671,
        "avgReturn": 1.012
      },
      {
        "avgVolume": 68437.04,
        "avgATR": 0.003979,
        "avgReturn": -0.252
      },
      {
        "avgVolume": 82718.66,
        "avgATR": 0.00345,
        "avgReturn": 0.101
      },
      {
        "avgVolume": 118680.91,
        "avgATR": 0.003636,
        "avgReturn": -0.43
      }
    ],
    "dailyProfile": [
      {
        "avgVolume": 115502.22,
        "avgATR": 0.003685,
        "avgReturn": -0.322
      },
      {
        "avgVolume": 86211.37,
        "avgATR": 0.004598,
        "avgReturn": 0.04
      },
      {
        "avgVolume": 138524.81,
        "avgATR": 0.0044,
        "avgReturn": -0.151
      },
      {
        "avgVolume": 69807.93,
        "avgATR": 0.00386,
        "avgReturn": 0.024
      },
      {
        "avgVolume": 130016.4,
        "avgATR": 0.004083,
        "avgReturn": -0.092
      },
      {
        "avgVolume": 49394.43,
        "avgATR": 0.002725,
        "avgReturn": -0.166
      },
      {
        "avgVolume": 47807.17,
        "avgATR": 0.002885,
        "avgReturn": 0.001
      }
    ],
    "favorableHours": [
      16,
      20,
      15,
      17,
      19,
      23
    ],
    "favorableWindow": false,
    "currentVsAvgVolume": 0,
    "currentVsAvgVolatility": 0,
    "anomalyDetected": true,
    "timeUntilFavorable": 5,
    "temporalScore": 0
  },
  "unifiedMicrostructure": {
    "signalDirections": {
      "vpin": "NEUTRAL",
      "sweeps": "NEUTRAL",
      "absorption": "NEUTRAL",
      "arrival": "NEUTRAL",
      "vacuum": "NONE",
      "volRegime": "NEUTRAL",
      "temporal": "UNFAVORABLE"
    },
    "consensusDirection": "BEARISH",
    "consensusStrength": 100,
    "bullishSignals": 0,
    "bearishSignals": 1,
    "neutralSignals": 0,
    "totalAvailableSignals": 1,
    "dominantPattern": "NONE",
    "clusters": {
      "strongBuyCluster": false,
      "distributionPattern": false,
      "accumulationPattern": false,
      "momentumCascade": false
    },
    "adaptiveWeights": {
      "vpin": 0,
      "sweeps": 0,
      "absorption": 0,
      "arrival": 0,
      "vacuum": 0,
      "volRegime": 0,
      "temporal": 0.02
    },
    "convictionLevel": "HIGH",
    "convictionScore": 100,
    "riskAdjustment": "REDUCE",
    "timingQuality": "UNFAVORABLE",
    "signalQuality": "LOW"
  },
  "deltaAnalysis": {
    "currentDelta": 0,
    "cumulativeDelta": 0,
    "deltaPerVolume": 0,
    "deltaDirection": "NEUTRAL",
    "deltaDivergence": false,
    "institutionalRatio": 0,
    "aggressionScore": 0
  },
  "volumeProfile": {
    "pointOfControl": 0,
    "valueAreaHigh": 0,
    "valueAreaLow": 0,
    "currentPosition": "ABOVE_VALUE_AREA",
    "volumeNodes": [],
    "airPockets": []
  },
  "momentumCascade": {
    "cascadeDetected": false,
    "alignmentScore": 0.027309396422265035,
    "cascadeStrength": 0,
    "acceleratingTimeframes": [
      "1h"
    ],
    "divergingTimeframes": [
      "1m",
      "5m",
      "15m"
    ]
  },
  "breakoutConfirmation": {
    "breakoutConfirmed": false,
    "volumeConfirmation": false,
    "retestStrength": 0,
    "falseBreakoutRisk": 0,
    "breakoutQuality": "NO_BREAKOUT"
  },
  "liquidityHeatmap": {
    "liquidityScore": 0,
    "magnetDirection": "NONE",
    "magnetStrength": 0,
    "priceTarget5pct": null,
    "message": "No order book data"
  },
  "smartMoneyDivergence": {
    "divergenceDetected": false,
    "divergenceDirection": "NONE",
    "smartMoneyScore": 0.5,
    "message": "Insufficient trade data"
  },
  "microstructure": {
    "raw": -0.052132957590316914,
    "pct": 49,
    "summary": {
      "latestBucketSignedZ": 0,
      "buySellRatio": 0.5,
      "tradesPerSec": 0,
      "vwap": 0,
      "aggressorVWAP": 0,
      "vpinToxicity": "UNKNOWN",
      "sweepDirection": "NEUTRAL",
      "absorptionSide": "NONE",
      "icebergDetected": false,
      "hawkesDirection": "NEUTRAL",
      "cascadeDetected": false,
      "vacuumSide": "NONE",
      "volatilityRegime": "UNKNOWN",
      "volExpanding": false,
      "favorableTimeWindow": false,
      "temporalAnomaly": true,
      "consensusDirection": "BEARISH",
      "consensusStrength": 100,
      "dominantPattern": "NONE",
      "convictionLevel": "HIGH",
      "riskAdjustment": "REDUCE",
      "timingQuality": "UNFAVORABLE",
      "deltaDirection": "NEUTRAL",
      "deltaDivergence": false,
      "institutionalRatio": 0,
      "volumeProfilePosition": "ABOVE_VALUE_AREA",
      "pointOfControl": 0,
      "momentumCascadeDetected": false,
      "cascadeStrength": 0,
      "breakoutQuality": "NO_BREAKOUT",
      "breakoutConfirmed": false,
      "magnetDirection": "NONE",
      "magnetStrength": 0,
      "priceTarget5pct": null,
      "nearestBidWall": 0,
      "nearestAskWall": 0,
      "divergenceDetected": false,
      "divergenceDirection": "NONE",
      "whaleAccumulation": false,
      "whaleDistribution": false,
      "retailPanic": false,
      "smartMoneyScore": 0.5
    }
  }
}

=== MICROSTRUCTURE ALERTS ===

🔬 VPIN: Insufficient data for VPIN analysis

🌊 SWEEP DETECTION: No significant sweeps detected

🧊 ABSORPTION & ICEBERG: No significant absorption or iceberg orders detected

⚡ ORDER ARRIVAL DYNAMICS: Insufficient trades for analysis

🌪️ LIQUIDITY VACUUM: No significant vacuum detected

📊 VOLATILITY REGIME: Insufficient data for classification

⏰ TEMPORAL PATTERN ANALYSIS:
   Current Time: Sunday 10:00 UTC
   Day Bias: NEUTRAL
   Current vs Avg Volume: 0x
   Current vs Avg Volatility: 0x

   ⏳ NON-FAVORABLE TIME WINDOW:
   This hour typically shows weaker activity
   Next favorable window in 5 hour(s)

   ⚠️ LOW ACTIVITY ANOMALY:
   Volume 0x below typical - Extremely quiet

   📉 LOW VOLATILITY ANOMALY:
   Volatility 0x below typical - Consolidation likely

   🔥 Best Trading Hours (UTC): 16:00, 20:00, 15:00

🎯 UNIFIED MICROSTRUCTURE INTEGRATION:
   Signal Consensus: BEARISH (100% agreement)
   Available Signals: 1 (0 bullish / 1 bearish / 0 neutral)
   Conviction Level: HIGH (100%)
   Signal Quality: LOW
   Risk Adjustment: REDUCE
   Timing Quality: UNFAVORABLE

   ✅ HIGH CONVICTION: 100% of signals agree on direction
   Strong institutional alignment - Follow the smart money

   ⚠️ RISK REDUCTION RECOMMENDED: Extreme volatility or unfavorable timing detected

   ⏰ UNFAVORABLE TIMING: Avoid trading during this hour

   Signal Directions Breakdown:
   • VPIN: NEUTRAL
   • Sweeps: NEUTRAL
   • Absorption: NEUTRAL
   • Arrival Dynamics: NEUTRAL
   • Liquidity Vacuum: NONE
   • Vol Regime: NEUTRAL
   • Temporal: UNFAVORABLE

   Adaptive Weights (Total: 2.0%):
   • VPIN: 0.0%
   • Sweeps: 0.0%
   • Absorption: 0.0%
   • Arrival: 0.0%
   • Vacuum: 0.0%
   • Vol Regime: 0.0%
   • Temporal: 2.0%


💹 DELTA ANALYSIS (Order Flow Aggression):
   Direction: NEUTRAL
   Delta Per Volume: 0.00%
   Institutional Ratio: 0.0%
   Aggression Score: 0.0%

📊 VOLUME PROFILE (Support/Resistance Strength):
   Point of Control (POC): $0.000000
   Value Area High: $0.000000
   Value Area Low: $0.000000
   Current Position: ABOVE_VALUE_AREA
   ⚠️ DISTRIBUTION RISK: Price above value area - potential rejection zone

⚡ MOMENTUM CASCADE (Multi-Timeframe Alignment):
   Cascade Detected: NO
   Alignment Score: 2.7%
   Cascade Strength: 0.0%
   Accelerating: 1h
   Diverging: 1m, 5m, 15m

💥 BREAKOUT CONFIRMATION:
   Quality: NO_BREAKOUT
   Volume Confirmation: NO
   Retest Strength: 0.0%
   False Breakout Risk: 0.0%
   No breakout detected - price below resistance


levels:
Entry=0.15478979999999998, StopLoss=0.14859820799999998, TakeProfit=0.15555327, 0.15631674, 0.15692751600000002

---

=== Token: ZEN (ZEN) ===
Contract: ZEN-USD
Timestamp: 2025-06-29T13:25:00.000Z

Calculations:
{
  "momentumScore": 59.56026237979415,
  "volumeScore": 15.846056996875319,
  "patternScore": 10.00723082683694,
  "totalScore": 22.284312479367053,
  "finalScore": 22.284312479367053,
  "weights": "0.23,0.45,0.23",
  "hourlyUptrend": false,
  "rsi": 44.692737430167846,
  "ultraShortVolumeSurge": 0.3497543932907214,
  "baseVolumeSurge": 0.040746059611207475,
  "currentPrice": 7.517,
  "resistance": 7.551,
  "support": 7.503,
  "rocMin5": 0.0010653882008256768,
  "shortROC": -0.0006647168306301374,
  "priceAcceleration": 0.0002671199188162988,
  "buySellRatio": 0.22014082900447404,
  "macdHistogram": -0.012986728725279301,
  "stochasticK": 14.14141414141435,
  "atr": 0.014000000000000108,
  "bbUpper": 7.581319452993946,
  "bbLower": 7.495580547006058,
  "hammerDetected": false,
  "engulfingDetected": false,
  "compressionSpring": {
    "detected": true,
    "confidence": 54,
    "signals": {
      "sidewaysPrice": true,
      "atrCompression": true,
      "bbSqueeze": true,
      "consolidationTime": true,
      "strongBuying": false,
      "obvPositive": false,
      "chaikinPositive": false,
      "rsiNeutral": false,
      "volumeBuilding": false
    },
    "metrics": {
      "priceRange": 0.64,
      "atrRatio": 0.349,
      "bbWidth": 1.14,
      "volumeRatio": 0.912,
      "signalCount": 4,
      "buySellRatio": 0.22
    }
  },
  "riskTier": "LOW",
  "atrPercent": 0.2575115452593186,
  "distanceToResistance": 0.4523081016362885,
  "slPercent": 2.5,
  "tpPercent": 0.3844618863908452,
  "trailingActivation": 0.2306771318345071,
  "shortMomentumScore": 30,
  "overboughtScore": 0,
  "shortPatternScore": 0,
  "shootingStarDetected": false,
  "bearishEngulfingDetected": false,
  "eveningStarDetected": false,
  "bearishPatternsCount": 0,
  "shortTotalScore": 12,
  "chaikin": -0.03551351734303298,
  "obvIncreasing": true,
  "obvTrend": "increasing",
  "adx": 23.364485981308192,
  "recentCandles": {
    "redCount": 4,
    "greenCount": 6
  },
  "resistanceDistance": 0.4523081016362885,
  "multiplePatterns": false,
  "bullishPattern": false,
  "priceAboveVWAP": true,
  "breakingResistance": true,
  "atrSufficient": false,
  "macdDivergenceBearish": false,
  "rvolMin1": -0.25896431023719396,
  "rvolMin5": -0.5052142953379294,
  "atrPercentileOld": 0.10975609756097561,
  "vwapDeviation": 1.1307176517293802,
  "bbWidthPercent": 1.1373545753820526,
  "bbSqueeze": true,
  "multiTFMomentum": {
    "min1": {
      "roc1": -0.0006647168306301374,
      "roc3": -0.001991502920870908
    },
    "min5": {
      "roc1": -0.0006647168306301374,
      "roc3": 0
    },
    "min15": {
      "roc1": -0.001991502920870908,
      "roc3": -0.0027858848500928505
    },
    "hourly": {
      "roc1": -0.0011972861513902275,
      "roc3": -0.0018612071257644554
    },
    "fourHour": {
      "roc1": -0.009367990500065936,
      "roc3": 0.013635749966248141
    },
    "divergenceShortUpLongDown": false
  },
  "returnZMin5": -0.34658323315072764,
  "wickClosePct": 0,
  "wickUpper": 0,
  "wickLower": 0,
  "wickRatio": 0,
  "donchianBreakout15": false,
  "bbWidthPercentile15": 0.11688311688311688,
  "signedMin5": 4045.585000000001,
  "signedMin5Z": 17.266766381951744,
  "signedMin1": 2137.2969999999996,
  "signedMin1Z": 13.728752999139113,
  "streakMin1": {
    "upStreak": 0,
    "downStreak": 1
  },
  "streakMin5": {
    "upStreak": 0,
    "downStreak": 3
  },
  "rvolPercentileMin1": 0.5909722222222222,
  "rvolPercentileMin5": 0.3090277777777778,
  "perTfMetrics": {
    "min1": {
      "sma20": 7.521949999999999,
      "sma50": 7.545079999999998,
      "ema20": 7.524908540494829,
      "ema50": 7.535109530603659,
      "vwma20": 7.525751765233547,
      "hma21": 7.518307359307363,
      "atr14": 0.009785714285714382,
      "atrPercentile": 0.7150050352467271,
      "rvolZ": -0.25896431023719396,
      "rvolPercentile": 0.5909722222222222,
      "mfi14": 59.6425321673543,
      "ppo": {
        "ppo": -0.08989968476643215,
        "signal": -0.11505922036324062,
        "histogram": 0.025159535596808474
      },
      "stochRsi": {
        "k": 100,
        "d": 53.129896723646716
      },
      "vprofile": {
        "vpBins": [
          0.04997846812735725,
          0.044458563620378144,
          0.01503668955044135,
          0.012470481467262278,
          0.039175901624370055,
          0.016727420771905022,
          0.026684388845209465,
          0.04865318505249563,
          0.01324499251060238,
          0.005272340355851349,
          0.025043480879239216,
          0.05472424962258108,
          0.09225963131256572,
          0.09417549845955342,
          0.13001223308374366,
          0.13862296437660515,
          0.10278514326397734,
          0.060985216850287086,
          0.019801639805956266,
          0.00988751041961813
        ],
        "currentBinShare": 0.09225963131256572
      },
      "ttm": {
        "squeeze": false,
        "release": false,
        "widthPct": 0.6808978273011481
      }
    },
    "min5": {
      "sma20": 7.5256,
      "sma50": 7.543839999999998,
      "ema20": 7.528042650959021,
      "ema50": 7.524256445562478,
      "vwma20": 7.528724157107926,
      "hma21": 7.508030303030305,
      "atr14": 0.014000000000000108,
      "atrPercentile": 0.5912408759124088,
      "rvolZ": -0.5052142953379294,
      "rvolPercentile": 0.3090277777777778,
      "mfi14": 74.2404447106829,
      "ppo": {
        "ppo": -0.09187207706109116,
        "signal": -0.08222408186612679,
        "histogram": -0.00964799519496437
      },
      "stochRsi": {
        "k": 70.27860184837579,
        "d": 48.93360968901843
      },
      "vprofile": {
        "vpBins": [
          0.040356715457789634,
          0.010757064154054748,
          0.005011276668821204,
          0.010966733698629293,
          0.043083754358061575,
          0.0504383089463284,
          0.019715508615498194,
          0.14727406489385345,
          0.05797475853861765,
          0.051808348482693785,
          0.033159772402785254,
          0.029456671460042393,
          0.011754277972325058,
          0.022689540703563507,
          0.07545023248984638,
          0.07636751107772918,
          0.2048150580107987,
          0.03914177183086588,
          0.06193091070202846,
          0.007847719535667182
        ],
        "currentBinShare": 0.07545023248984638
      },
      "ttm": {
        "squeeze": false,
        "release": false,
        "widthPct": 0.7275018771541018
      }
    },
    "min15": {
      "sma20": 7.538450000000002,
      "sma50": 7.486439999999999,
      "ema20": 7.526502071829481,
      "ema50": 7.490297069212271,
      "vwma20": 7.548270303774369,
      "hma21": 7.511376623376618,
      "atr14": 0.01935714285714298,
      "atrPercentile": 0.10975609756097561,
      "rvolZ": -0.5403258113153779,
      "rvolPercentile": 0.3229166666666667,
      "mfi14": 69.07891890332724,
      "ppo": {
        "ppo": 0.08949258366297387,
        "signal": 0.17643845510770534,
        "histogram": -0.08694587144473147
      },
      "stochRsi": {
        "k": 0.06599066088706132,
        "d": 36.327019501466445
      },
      "vprofile": {
        "vpBins": [
          0.032614366390724556,
          0.051791290696566496,
          0.05912498604015517,
          0.004673508237431728,
          0.032103960649426576,
          0.05939855499451635,
          0,
          0.11873920934681265,
          0.06370580692952107,
          0.05839006476858479,
          0.02520322314810239,
          0.01524236722467909,
          0.03326688346828738,
          0.01590025748183993,
          0.05537839760389541,
          0.0930311852395792,
          0.17499000750716565,
          0.09759982383382201,
          0.008846106438889554,
          0
        ],
        "currentBinShare": 0.05537839760389541
      },
      "ttm": {
        "squeeze": false,
        "release": false,
        "widthPct": 1.1373545753820526
      }
    },
    "hourly": {
      "sma20": 7.455500000000001,
      "sma50": 7.3413,
      "ema20": 7.4584353627936535,
      "ema50": 7.382540661375158,
      "vwma20": 7.490886995149555,
      "hma21": 7.554103896103894,
      "atr14": 0.06185714285714296,
      "atrPercentile": 0.10559006211180125,
      "rvolZ": -0.37249581779700053,
      "rvolPercentile": 0.44047619047619047,
      "mfi14": 68.34967779470568,
      "ppo": {
        "ppo": 0.7763725953792208,
        "signal": 0.7502134522300159,
        "histogram": 0.026159143149204866
      },
      "stochRsi": {
        "k": 34.55665930831509,
        "d": 62.39298514043087
      },
      "vprofile": {
        "vpBins": [
          0,
          0.004048367894674739,
          0.01636291612335869,
          0.020965928034701282,
          0.030256126981120866,
          0.03876389657522131,
          0.044411598681647006,
          0.029724123595989686,
          0.04807350471758551,
          0.15141205348047856,
          0.17222670436212895,
          0.08392666681607197,
          0.06360048755982542,
          0.1077778894906178,
          0.08962545442020134,
          0.07681027037226065,
          0.004497626632336791,
          0.006139490927389529,
          0.01137689333438985,
          0
        ],
        "currentBinShare": 0.1077778894906178
      },
      "ttm": {
        "squeeze": false,
        "release": false,
        "widthPct": 3.737696403054283
      }
    },
    "fourHour": {
      "sma20": 7.316900000000001,
      "sma50": 7.293759999999997,
      "ema20": 7.370089899435784,
      "ema50": 7.44698681627706,
      "vwma20": 7.310770018257933,
      "hma21": 7.436372294372292,
      "atr14": 0.1355,
      "atrPercentile": 0.014285714285714285,
      "rvolZ": -0.814856044003093,
      "rvolPercentile": 0.14285714285714285,
      "mfi14": 46.010140993473584,
      "ppo": {
        "ppo": 0.46189693977186597,
        "signal": -0.04454944991177778,
        "histogram": 0.5064463896836437
      },
      "stochRsi": {
        "k": 89.94203522882303,
        "d": 64.93157013519966
      },
      "vprofile": {
        "vpBins": [
          0.02086010120453398,
          0,
          0,
          0.09473241413684415,
          0.06850333594598321,
          0.16181833637851264,
          0.12413834940534453,
          0.06031694015333503,
          0.13692816936999683,
          0.06572556622877535,
          0.019006369221651737,
          0.02480306159256212,
          0.06890750035110282,
          0.04471966825850069,
          0,
          0.020524369923710293,
          0.02975953426980871,
          0,
          0.04877227988516215,
          0.010484003674175669
        ],
        "currentBinShare": 0.06031694015333503
      },
      "ttm": {
        "squeeze": false,
        "release": false,
        "widthPct": 6.3411747221276915
      }
    },
    "daily": {
      "sma20": 8.084800000000001,
      "sma50": 9.16736,
      "ema20": 8.03402492687018,
      "ema50": 8.691236220780416,
      "vwma20": 0,
      "hma21": 6.6201645021644975,
      "atr14": 0.5394999999999998,
      "atrPercentile": 0.05263157894736842,
      "rvolZ": 0,
      "rvolPercentile": 1,
      "mfi14": 50,
      "ppo": {
        "ppo": -7.023136563493949,
        "signal": -6.840811720330345,
        "histogram": -0.1823248431636042
      },
      "stochRsi": {
        "k": 100,
        "d": 31.274404415328956
      },
      "vprofile": {
        "vpBins": [
          0,
          0,
          0,
          0,
          0,
          0,
          0,
          0,
          0,
          0,
          0,
          0,
          0,
          0,
          0,
          0,
          0,
          0,
          0,
          0
        ],
        "currentBinShare": 0
      },
      "ttm": {
        "squeeze": false,
        "release": false,
        "widthPct": 45.02239339771682
      }
    }
  },
  "smaMin5": 7.5256,
  "emaMin5": 7.528042650959021,
  "vwmaMin5": 7.528724157107926,
  "hmaMin5": 7.508030303030305,
  "keltner15": {
    "upper": 7.553952071829481,
    "middle": 7.526502071829481,
    "lower": 7.499052071829481
  },
  "superTrend15": {
    "isBull": false,
    "finalUpper": 7.5774,
    "finalLower": 7.4676
  },
  "mfi15": 69.07891890332724,
  "stochRsi15": {
    "k": 0.06599066088706132,
    "d": 36.327019501466445
  },
  "ppo15": {
    "ppo": 0.08949258366297387,
    "signal": 0.17643845510770534,
    "histogram": -0.08694587144473147
  },
  "vpMin15": {
    "vpBins": [
      0.032614366390724556,
      0.051791290696566496,
      0.05912498604015517,
      0.004673508237431728,
      0.032103960649426576,
      0.05939855499451635,
      0,
      0.11873920934681265,
      0.06370580692952107,
      0.05839006476858479,
      0.02520322314810239,
      0.01524236722467909,
      0.03326688346828738,
      0.01590025748183993,
      0.05537839760389541,
      0.0930311852395792,
      0.17499000750716565,
      0.09759982383382201,
      0.008846106438889554,
      0
    ],
    "currentBinShare": 0.05537839760389541
  },
  "ttm15": {
    "squeeze": false,
    "release": false,
    "widthPct": 1.1373545753820526
  },
  "marketCorrelation": {
    "hourly": {
      "btcCorrelation": 0,
      "ethCorrelation": 0,
      "btcBeta": 1,
      "ethBeta": 1,
      "btcTrend": "UNKNOWN",
      "ethTrend": "UNKNOWN",
      "tokenVol": 0,
      "btcVol": 0,
      "ethVol": 0,
      "marketDependence": 0,
      "verdict": "INSUFFICIENT_DATA"
    },
    "min15": {
      "btcCorrelation": 0,
      "ethCorrelation": 0,
      "btcBeta": 1,
      "ethBeta": 1,
      "btcTrend": "UNKNOWN",
      "ethTrend": "UNKNOWN",
      "tokenVol": 0,
      "btcVol": 0,
      "ethVol": 0,
      "marketDependence": 0,
      "verdict": "INSUFFICIENT_DATA"
    },
    "daily": {
      "btcCorrelation": 0,
      "ethCorrelation": 0,
      "btcBeta": 1,
      "ethBeta": 1,
      "btcTrend": "UNKNOWN",
      "ethTrend": "UNKNOWN",
      "tokenVol": 0,
      "btcVol": 0,
      "ethVol": 0,
      "marketDependence": 0,
      "verdict": "INSUFFICIENT_DATA"
    }
  },
  "tradeTape": {
    "totalTrades": 0,
    "totalVolume": 0,
    "buysVolume": 0,
    "sellsVolume": 0,
    "buySellRatio": 0.5,
    "vwap": 0,
    "signedVolume": 0,
    "avgTradeSize": 0,
    "tradesPerSec": 0,
    "cumulativeDelta": 0,
    "tradesLast1m": 0,
    "tradesLast5m": 0,
    "tradesLast15m": 0,
    "tradesLast1h": 0,
    "buyVWAP": 0,
    "sellVWAP": 0,
    "aggressorVWAP": 0,
    "bucketDurationMs": 60000,
    "bucketCount": 15,
    "bucketSignedVolumes": [],
    "bucketVolumes": [],
    "bucketVWAPs": [],
    "latestBucketSignedZ": 0
  },
  "enhancedMetrics": {
    "relativeVolumeZScore": -1,
    "volumePercentile": 40,
    "atrPercentile": 58.3941605839416,
    "volatilityPercentile": 0.31645569620253167,
    "relativeVolatilityRatio": 0.9376111280773017,
    "isHighVolume": false,
    "isHighVolatility": false,
    "isLowVolatility": true,
    "isExpandingVolatility": false,
    "isContractingVolatility": false
  },
  "orderBook": {
    "bidAskSpread": 0,
    "spreadPct": 0,
    "midPrice": 0,
    "bestBid": 0,
    "bestAsk": 0,
    "bidDepth": 0,
    "askDepth": 0,
    "orderBookImbalance": 0,
    "liquidityScore": 0,
    "depthAt1Pct": {
      "bidVolume": 0,
      "askVolume": 0,
      "imbalance": 0
    },
    "depthAt2Pct": {
      "bidVolume": 0,
      "askVolume": 0,
      "imbalance": 0
    },
    "depthAt5Pct": {
      "bidVolume": 0,
      "askVolume": 0,
      "imbalance": 0
    },
    "weightedMidPrice": 0,
    "volumeWeightedSpread": 0,
    "totalBidLevels": 0,
    "totalAskLevels": 0
  },
  "marketCap": {
    "marketCap": 0,
    "totalVolume24h": 0,
    "volumeToMarketCapRatio": 0,
    "marketCapRank": 0,
    "normalizedRank": 0,
    "isHighLiquidity": false,
    "isVeryHighLiquidity": false,
    "isLowLiquidity": true,
    "liquidityTier": "VERY_LOW"
  },
  "sweeps": {
    "sweepScore": 0,
    "sweepCount": 0,
    "sweepDirection": "NEUTRAL",
    "buySweeps": 0,
    "sellSweeps": 0,
    "avgSweepSize": 0,
    "avgSweepIntensity": 0,
    "bidLiftRatio": 0,
    "askLiftRatio": 0,
    "sweepFrequency": 0,
    "largestSweep": null,
    "recentSweepClusters": 0,
    "sweepDetails": []
  },
  "absorption": {
    "absorptionScore": 0,
    "absorptionLevel": null,
    "absorptionSide": "NONE",
    "icebergProbability": 0,
    "hiddenLiquidityEstimate": 0,
    "volumeAtPrice": {},
    "topAbsorptionLevels": [],
    "persistenceDuration": 0,
    "refillDetected": false
  },
  "orderArrival": {
    "avgInterArrivalTime": 0,
    "recentInterArrivalTime": 0,
    "accelerationRatio": 1,
    "hawkesIntensity": 0,
    "hawkesDirection": "NEUTRAL",
    "clusteringScore": 0,
    "burstCount": 0,
    "cascadeDetected": false,
    "timeToNextTrade": 0,
    "accelerationTrend": "STABLE"
  },
  "liquidityVacuum": {
    "vacuumScore": 0,
    "vacuumSide": "NONE",
    "bidVacuumSeverity": 0,
    "askVacuumSeverity": 0,
    "depthConcentration": 0,
    "priceImpact10k": 0,
    "priceImpact50k": 0,
    "priceImpact100k": 0,
    "largestGapBid": 0,
    "largestGapAsk": 0,
    "avgGapBid": 0,
    "avgGapAsk": 0,
    "bidCliffDistance": 0,
    "askCliffDistance": 0
  },
  "volatilityRegime": {
    "regime": "BELOW_NORMAL",
    "regimeScore": -0.5,
    "currentATR": 0.546462,
    "avgATR": 0.978074,
    "atrPercentile": 7.9,
    "realizedVolatility": 91.04,
    "volPercentile": 57.6,
    "expanding": false,
    "contracting": true,
    "transitionProbability": 0.4,
    "daysInRegime": 1,
    "regimeStrength": 0.72
  },
  "temporalPatterns": {
    "currentHour": 10,
    "currentDay": 0,
    "currentDayName": "Sunday",
    "dayBias": "NEUTRAL",
    "hourlyProfile": [
      {
        "avgVolume": 900.12,
        "avgATR": 0.086143,
        "avgReturn": 0.316
      },
      {
        "avgVolume": 826.46,
        "avgATR": 0.095857,
        "avgReturn": 0.043
      },
      {
        "avgVolume": 963.32,
        "avgATR": 0.069857,
        "avgReturn": -0.14
      },
      {
        "avgVolume": 925.47,
        "avgATR": 0.063571,
        "avgReturn": -0.055
      },
      {
        "avgVolume": 1400.3,
        "avgATR": 0.076357,
        "avgReturn": -0.074
      },
      {
        "avgVolume": 1060.18,
        "avgATR": 0.079214,
        "avgReturn": 0.359
      },
      {
        "avgVolume": 1127.67,
        "avgATR": 0.060286,
        "avgReturn": 0.17
      },
      {
        "avgVolume": 1631.22,
        "avgATR": 0.085071,
        "avgReturn": 0.291
      },
      {
        "avgVolume": 1280.23,
        "avgATR": 0.068714,
        "avgReturn": -0.188
      },
      {
        "avgVolume": 895.18,
        "avgATR": 0.074857,
        "avgReturn": -0.174
      },
      {
        "avgVolume": 1268.72,
        "avgATR": 0.074214,
        "avgReturn": -0.188
      },
      {
        "avgVolume": 808.58,
        "avgATR": 0.059857,
        "avgReturn": 0.001
      },
      {
        "avgVolume": 919.66,
        "avgATR": 0.061571,
        "avgReturn": -0.276
      },
      {
        "avgVolume": 1204,
        "avgATR": 0.114357,
        "avgReturn": -0.338
      },
      {
        "avgVolume": 2067.68,
        "avgATR": 0.125231,
        "avgReturn": -0.373
      },
      {
        "avgVolume": 1671.24,
        "avgATR": 0.115071,
        "avgReturn": -0.304
      },
      {
        "avgVolume": 1294.66,
        "avgATR": 0.113643,
        "avgReturn": -0.119
      },
      {
        "avgVolume": 2095.64,
        "avgATR": 0.148214,
        "avgReturn": 0.07
      },
      {
        "avgVolume": 1947.4,
        "avgATR": 0.100571,
        "avgReturn": 0
      },
      {
        "avgVolume": 1080.5,
        "avgATR": 0.088357,
        "avgReturn": -0.19
      },
      {
        "avgVolume": 1061.68,
        "avgATR": 0.102,
        "avgReturn": 0.376
      },
      {
        "avgVolume": 2365.24,
        "avgATR": 0.1175,
        "avgReturn": -0.241
      },
      {
        "avgVolume": 1295.13,
        "avgATR": 0.112929,
        "avgReturn": 0.414
      },
      {
        "avgVolume": 2089.76,
        "avgATR": 0.0965,
        "avgReturn": -0.325
      }
    ],
    "dailyProfile": [
      {
        "avgVolume": 1191.56,
        "avgATR": 0.095723,
        "avgReturn": -0.062
      },
      {
        "avgVolume": 1643.87,
        "avgATR": 0.10575,
        "avgReturn": 0.163
      },
      {
        "avgVolume": 1512.25,
        "avgATR": 0.108625,
        "avgReturn": -0.082
      },
      {
        "avgVolume": 933.26,
        "avgATR": 0.086333,
        "avgReturn": -0.093
      },
      {
        "avgVolume": 968.45,
        "avgATR": 0.082521,
        "avgReturn": -0.021
      },
      {
        "avgVolume": 1877.69,
        "avgATR": 0.087938,
        "avgReturn": -0.076
      },
      {
        "avgVolume": 1240.52,
        "avgATR": 0.071229,
        "avgReturn": -0.099
      }
    ],
    "favorableHours": [
      21,
      17,
      23,
      14,
      18,
      15
    ],
    "favorableWindow": false,
    "currentVsAvgVolume": 0,
    "currentVsAvgVolatility": 0,
    "anomalyDetected": true,
    "timeUntilFavorable": 4,
    "temporalScore": 0
  },
  "unifiedMicrostructure": {
    "signalDirections": {
      "vpin": "NEUTRAL",
      "sweeps": "NEUTRAL",
      "absorption": "NEUTRAL",
      "arrival": "NEUTRAL",
      "vacuum": "NONE",
      "volRegime": "FAVORABLE",
      "temporal": "UNFAVORABLE"
    },
    "consensusDirection": "NEUTRAL",
    "consensusStrength": 50,
    "bullishSignals": 1,
    "bearishSignals": 1,
    "neutralSignals": 0,
    "totalAvailableSignals": 2,
    "dominantPattern": "NONE",
    "clusters": {
      "strongBuyCluster": false,
      "distributionPattern": false,
      "accumulationPattern": false,
      "momentumCascade": false
    },
    "adaptiveWeights": {
      "vpin": 0,
      "sweeps": 0,
      "absorption": 0,
      "arrival": 0,
      "vacuum": 0,
      "volRegime": 0.021,
      "temporal": 0.02
    },
    "convictionLevel": "LOW",
    "convictionScore": 30,
    "riskAdjustment": "REDUCE",
    "timingQuality": "UNFAVORABLE",
    "signalQuality": "LOW"
  },
  "deltaAnalysis": {
    "currentDelta": 0,
    "cumulativeDelta": 0,
    "deltaPerVolume": 0,
    "deltaDirection": "NEUTRAL",
    "deltaDivergence": false,
    "institutionalRatio": 0,
    "aggressionScore": 0
  },
  "volumeProfile": {
    "pointOfControl": 0,
    "valueAreaHigh": 0,
    "valueAreaLow": 0,
    "currentPosition": "ABOVE_VALUE_AREA",
    "volumeNodes": [],
    "airPockets": []
  },
  "momentumCascade": {
    "cascadeDetected": false,
    "alignmentScore": -0.0009518064502499185,
    "cascadeStrength": 0,
    "acceleratingTimeframes": [
      "5m"
    ],
    "divergingTimeframes": [
      "1m",
      "15m",
      "1h"
    ]
  },
  "breakoutConfirmation": {
    "breakoutConfirmed": false,
    "volumeConfirmation": false,
    "retestStrength": 0,
    "falseBreakoutRisk": 0,
    "breakoutQuality": "NO_BREAKOUT"
  },
  "liquidityHeatmap": {
    "liquidityScore": 0,
    "magnetDirection": "NONE",
    "magnetStrength": 0,
    "priceTarget5pct": null,
    "message": "No order book data"
  },
  "smartMoneyDivergence": {
    "divergenceDetected": false,
    "divergenceDirection": "NONE",
    "smartMoneyScore": 0.5,
    "message": "Insufficient trade data"
  },
  "microstructure": {
    "raw": -0.04990991407188395,
    "pct": 49,
    "summary": {
      "latestBucketSignedZ": 0,
      "buySellRatio": 0.5,
      "tradesPerSec": 0,
      "vwap": 0,
      "aggressorVWAP": 0,
      "vpinToxicity": "UNKNOWN",
      "sweepDirection": "NEUTRAL",
      "absorptionSide": "NONE",
      "icebergDetected": false,
      "hawkesDirection": "NEUTRAL",
      "cascadeDetected": false,
      "vacuumSide": "NONE",
      "volatilityRegime": "BELOW_NORMAL",
      "volExpanding": false,
      "favorableTimeWindow": false,
      "temporalAnomaly": true,
      "consensusDirection": "NEUTRAL",
      "consensusStrength": 50,
      "dominantPattern": "NONE",
      "convictionLevel": "LOW",
      "riskAdjustment": "REDUCE",
      "timingQuality": "UNFAVORABLE",
      "deltaDirection": "NEUTRAL",
      "deltaDivergence": false,
      "institutionalRatio": 0,
      "volumeProfilePosition": "ABOVE_VALUE_AREA",
      "pointOfControl": 0,
      "momentumCascadeDetected": false,
      "cascadeStrength": 0,
      "breakoutQuality": "NO_BREAKOUT",
      "breakoutConfirmed": false,
      "magnetDirection": "NONE",
      "magnetStrength": 0,
      "priceTarget5pct": null,
      "nearestBidWall": 0,
      "nearestAskWall": 0,
      "divergenceDetected": false,
      "divergenceDirection": "NONE",
      "whaleAccumulation": false,
      "whaleDistribution": false,
      "retailPanic": false,
      "smartMoneyScore": 0.5
    }
  }
}

=== MICROSTRUCTURE ALERTS ===

🔬 VPIN: Insufficient data for VPIN analysis

🌊 SWEEP DETECTION: No significant sweeps detected

🧊 ABSORPTION & ICEBERG: No significant absorption or iceberg orders detected

⚡ ORDER ARRIVAL DYNAMICS: Insufficient trades for analysis

🌪️ LIQUIDITY VACUUM: No significant vacuum detected

📊 VOLATILITY REGIME DETECTION:
   Current Regime: BELOW_NORMAL
   Regime Score: -0.50 (-1=low vol, +1=extreme vol)
   Days in Regime: 1
   ATR: $0.546462 (avg: $0.978074)
   ATR Percentile: 7.9%
   Realized Volatility: 91.04% (annualized)
   Vol Percentile: 57.6%

   🟢 BELOW NORMAL VOLATILITY:
   ⚡ Consolidation phase - watch for expansion
   ✅ Good entry zone for patient trades

   📉 VOLATILITY CONTRACTING:
   🔄 Consolidation phase - accumulation likely
   ⏳ Wait for expansion before entering

   📍 MODERATE REGIME TRANSITION PROBABILITY: 40%
   Monitor for potential regime change

   ⚠️ NEW REGIME: Only 1 day(s) - conditions still settling

⏰ TEMPORAL PATTERN ANALYSIS:
   Current Time: Sunday 10:00 UTC
   Day Bias: NEUTRAL
   Current vs Avg Volume: 0x
   Current vs Avg Volatility: 0x

   ⏳ NON-FAVORABLE TIME WINDOW:
   This hour typically shows weaker activity
   Next favorable window in 4 hour(s)

   ⚠️ LOW ACTIVITY ANOMALY:
   Volume 0x below typical - Extremely quiet

   📉 LOW VOLATILITY ANOMALY:
   Volatility 0x below typical - Consolidation likely

   🔥 Best Trading Hours (UTC): 21:00, 17:00, 23:00

🎯 UNIFIED MICROSTRUCTURE INTEGRATION:
   Signal Consensus: NEUTRAL (50% agreement)
   Available Signals: 2 (1 bullish / 1 bearish / 0 neutral)
   Conviction Level: LOW (30%)
   Signal Quality: LOW
   Risk Adjustment: REDUCE
   Timing Quality: UNFAVORABLE

   ⚠️ LOW CONVICTION: Only 50% signal agreement
   Weak alignment - Reduce position size or wait for clarity

   ⚠️ RISK REDUCTION RECOMMENDED: Extreme volatility or unfavorable timing detected

   ⏰ UNFAVORABLE TIMING: Avoid trading during this hour

   Signal Directions Breakdown:
   • VPIN: NEUTRAL
   • Sweeps: NEUTRAL
   • Absorption: NEUTRAL
   • Arrival Dynamics: NEUTRAL
   • Liquidity Vacuum: NONE
   • Vol Regime: FAVORABLE
   • Temporal: UNFAVORABLE

   Adaptive Weights (Total: 4.1%):
   • VPIN: 0.0%
   • Sweeps: 0.0%
   • Absorption: 0.0%
   • Arrival: 0.0%
   • Vacuum: 0.0%
   • Vol Regime: 2.1%
   • Temporal: 2.0%


💹 DELTA ANALYSIS (Order Flow Aggression):
   Direction: NEUTRAL
   Delta Per Volume: 0.00%
   Institutional Ratio: 0.0%
   Aggression Score: 0.0%

📊 VOLUME PROFILE (Support/Resistance Strength):
   Point of Control (POC): $0.000000
   Value Area High: $0.000000
   Value Area Low: $0.000000
   Current Position: ABOVE_VALUE_AREA
   ⚠️ DISTRIBUTION RISK: Price above value area - potential rejection zone

⚡ MOMENTUM CASCADE (Multi-Timeframe Alignment):
   Cascade Detected: NO
   Alignment Score: -0.1%
   Cascade Strength: 0.0%
   Accelerating: 5m
   Diverging: 1m, 15m, 1h

💥 BREAKOUT CONFIRMATION:
   Quality: NO_BREAKOUT
   Volume Confirmation: NO
   Retest Strength: 0.0%
   False Breakout Risk: 0.0%
   No breakout detected - price below resistance


levels:
Entry=7.501966, StopLoss=7.31441685, TakeProfit=7.5163871, 7.530808200000001, 7.5423450800000005

---

=== Token: FIS (FIS) ===
Contract: FIS-USD
Timestamp: 2025-06-29T13:25:00.000Z

Calculations:
{
  "momentumScore": 84.28997613365155,
  "volumeScore": 87.93634825633467,
  "patternScore": 63.29218113171499,
  "totalScore": 72.76996429353491,
  "finalScore": 72.76996429353491,
  "weights": "0.23,0.45,0.23",
  "hourlyUptrend": false,
  "rsi": 55.55555555555544,
  "ultraShortVolumeSurge": 3.75930139195805,
  "baseVolumeSurge": 0.028123575728991965,
  "currentPrice": 0.0838,
  "resistance": 0.0838,
  "support": 0.0827,
  "rocMin5": 0.0023923444976077244,
  "shortROC": 0,
  "priceAcceleration": 0.0005984434040461378,
  "buySellRatio": 0.5759105978808718,
  "macdHistogram": 0.00010571209763606901,
  "stochasticK": 91.66666666666647,
  "atr": 0.00020000000000000077,
  "bbUpper": 0.0840088262143604,
  "bbLower": 0.08288117378563956,
  "hammerDetected": false,
  "engulfingDetected": false,
  "compressionSpring": {
    "detected": true,
    "confidence": 66,
    "signals": {
      "sidewaysPrice": true,
      "atrCompression": true,
      "bbSqueeze": true,
      "consolidationTime": true,
      "strongBuying": false,
      "obvPositive": false,
      "chaikinPositive": false,
      "rsiNeutral": true,
      "volumeBuilding": false
    },
    "metrics": {
      "priceRange": 1.45,
      "atrRatio": 0.583,
      "bbWidth": 1.35,
      "volumeRatio": 5.081,
      "signalCount": 5,
      "buySellRatio": 0.576
    }
  },
  "riskTier": "HIGH",
  "atrPercent": 0.34094783498124814,
  "distanceToResistance": 2,
  "slPercent": 4,
  "tpPercent": 1.7,
  "trailingActivation": 1.02,
  "shortMomentumScore": 0,
  "overboughtScore": 55,
  "shortPatternScore": 0,
  "shootingStarDetected": false,
  "bearishEngulfingDetected": false,
  "eveningStarDetected": false,
  "bearishPatternsCount": 0,
  "shortTotalScore": 19.25,
  "chaikin": 0.272133977954599,
  "obvIncreasing": true,
  "obvTrend": "increasing",
  "adx": 3.0303030303027,
  "recentCandles": {
    "redCount": 3,
    "greenCount": 7
  },
  "resistanceDistance": 100,
  "multiplePatterns": false,
  "bullishPattern": false,
  "priceAboveVWAP": false,
  "breakingResistance": false,
  "atrSufficient": false,
  "macdDivergenceBearish": false,
  "rvolMin1": -0.014697933193909257,
  "rvolMin5": -0.6107574868280186,
  "atrPercentileOld": 0.024390243902439025,
  "vwapDeviation": -0.15932565197060553,
  "bbWidthPercent": 1.3513720758833287,
  "bbSqueeze": true,
  "multiTFMomentum": {
    "min1": {
      "roc1": 0.0011947431302270354,
      "roc3": 0.0011947431302270354
    },
    "min5": {
      "roc1": 0,
      "roc3": 0.0011947431302270354
    },
    "min15": {
      "roc1": 0.0023923444976077244,
      "roc3": 0.007211538461538502
    },
    "hourly": {
      "roc1": 0.0011990407673861255,
      "roc3": 0
    },
    "fourHour": {
      "roc1": -0.004767580452920114,
      "roc3": -0.01416765053128681
    },
    "divergenceShortUpLongDown": true
  },
  "returnZMin5": 0.026945006075432557,
  "wickClosePct": 0,
  "wickUpper": 0,
  "wickLower": 0,
  "wickRatio": 0,
  "donchianBreakout15": false,
  "bbWidthPercentile15": 0.16883116883116883,
  "signedMin5": 179247.1,
  "signedMin5Z": 7.869292661028259,
  "signedMin1": 161581.5,
  "signedMin1Z": 14.660473710089825,
  "streakMin1": {
    "upStreak": 1,
    "downStreak": 0
  },
  "streakMin5": {
    "upStreak": 0,
    "downStreak": 0
  },
  "rvolPercentileMin1": 0.7340277777777777,
  "rvolPercentileMin5": 0.1076388888888889,
  "perTfMetrics": {
    "min1": {
      "sma20": 0.08337999999999998,
      "sma50": 0.08340199999999999,
      "ema20": 0.08349257747702604,
      "ema50": 0.08347283810094325,
      "vwma20": 0.08352749655297123,
      "hma21": 0.08373203463203463,
      "atr14": 0.00012142857142857193,
      "atrPercentile": 0.0553877139979859,
      "rvolZ": -0.014697933193909257,
      "rvolPercentile": 0.7340277777777777,
      "mfi14": 88.412054928403,
      "ppo": {
        "ppo": 0.10684432539500234,
        "signal": 0.03251493378707472,
        "histogram": 0.07432939160792762
      },
      "stochRsi": {
        "k": 100,
        "d": 67.4342105263156
      },
      "vprofile": {
        "vpBins": [
          0.03721837802484796,
          0.022747171553534652,
          0.1073513308073869,
          0.0519383342377309,
          0.20196561538440302,
          0.05873612599062497,
          0.05508971143761608,
          0.023766418769966106,
          0.10093569147690422,
          0.06510528329081433,
          0.03780645404855873,
          0.08190969369685017,
          0.07357113082423383,
          0.034911212980289756,
          0.012214552397073827,
          0.003743332943620431,
          0.004270601816947497,
          0.0000012683700080034149,
          0.00811794110122421,
          0.01859975084736443
        ],
        "currentBinShare": 0.05873612599062497
      },
      "ttm": {
        "squeeze": false,
        "release": false,
        "widthPct": 1.6728803813060844
      }
    },
    "min5": {
      "sma20": 0.08348000000000001,
      "sma50": 0.08341599999999999,
      "ema20": 0.08347526599515008,
      "ema50": 0.08354514181405073,
      "vwma20": 0.08355355410868548,
      "hma21": 0.08334199134199134,
      "atr14": 0.00020000000000000077,
      "atrPercentile": 0.08394160583941605,
      "rvolZ": -0.6107574868280186,
      "rvolPercentile": 0.1076388888888889,
      "mfi14": 90.89089043345982,
      "ppo": {
        "ppo": 0.06371601572815735,
        "signal": -0.00708848633497583,
        "histogram": 0.07080450206313318
      },
      "stochRsi": {
        "k": 77.70270270270223,
        "d": 54.98575498575485
      },
      "vprofile": {
        "vpBins": [
          0,
          0.009772168742253692,
          0.010469037833062692,
          0.08592301792974882,
          0.17211187161707903,
          0.10542362812420544,
          0.20997754108012853,
          0.061934951202809944,
          0.02641057872338756,
          0.018618264934341388,
          0.1014883732960006,
          0.023023952944001443,
          0.03394022685758334,
          0.07232000647304787,
          0.02637374514879934,
          0.018786833889082536,
          0.002525565494750134,
          0.002880214447889122,
          0.018020021261828698,
          0
        ],
        "currentBinShare": 0.061934951202809944
      },
      "ttm": {
        "squeeze": false,
        "release": false,
        "widthPct": 1.5121929887934407
      }
    },
    "min15": {
      "sma20": 0.08344499999999998,
      "sma50": 0.083976,
      "ema20": 0.08354425607481321,
      "ema50": 0.08365820992861003,
      "vwma20": 0.08351265432017434,
      "hma21": 0.08370259740259745,
      "atr14": 0.00028571428571428595,
      "atrPercentile": 0.024390243902439025,
      "rvolZ": -0.12106044628908855,
      "rvolPercentile": 0.65625,
      "mfi14": 65.52523506160534,
      "ppo": {
        "ppo": -0.03932401622378015,
        "signal": -0.10172160543896597,
        "histogram": 0.06239758921518582
      },
      "stochRsi": {
        "k": 93.74999999999987,
        "d": 50.267857142857146
      },
      "vprofile": {
        "vpBins": [
          0,
          0.010264147305555629,
          0.0009740697145341507,
          0.051946456080158486,
          0.17333187390242086,
          0.11688006791744687,
          0.21268529456518254,
          0.07583515907541492,
          0.0024752892572160834,
          0.007692032453275704,
          0.15959025014881917,
          0.02048913098341349,
          0.10581208847470461,
          0,
          0,
          0.040061589957663644,
          0,
          0,
          0.021962550164193906,
          0
        ],
        "currentBinShare": 0.07583515907541492
      },
      "ttm": {
        "squeeze": false,
        "release": false,
        "widthPct": 1.3513720758833287
      }
    },
    "hourly": {
      "sma20": 0.08387499999999998,
      "sma50": 0.084138,
      "ema20": 0.08373741304553045,
      "ema50": 0.08375630915730341,
      "vwma20": 0.08423810311484983,
      "hma21": 0.0831943722943723,
      "atr14": 0.001021428571428572,
      "atrPercentile": 0.2608695652173913,
      "rvolZ": 0.5359653027610386,
      "rvolPercentile": 0.9255952380952381,
      "mfi14": 48.35608097796685,
      "ppo": {
        "ppo": -0.1764174220472136,
        "signal": -0.11807337960422129,
        "histogram": -0.05834404244299232
      },
      "stochRsi": {
        "k": 0,
        "d": 42.56183093392395
      },
      "vprofile": {
        "vpBins": [
          0.003501868556281368,
          0.04076005992389055,
          0.029486657753827916,
          0.01963597020683833,
          0.035947436201999916,
          0.058569939838121116,
          0.09559788538934108,
          0.08596554113656023,
          0.06451888499680622,
          0.09832966634858517,
          0.12657758633626714,
          0.03780573222363745,
          0.10880556848789806,
          0.054398400738127746,
          0.14009880186181772,
          0,
          0,
          0,
          0,
          0
        ],
        "currentBinShare": 0.09559788538934108
      },
      "ttm": {
        "squeeze": false,
        "release": false,
        "widthPct": 4.270520343027676
      }
    },
    "fourHour": {
      "sma20": 0.083015,
      "sma50": 0.08414400000000002,
      "ema20": 0.08387519420986732,
      "ema50": 0.08547508153871727,
      "vwma20": 0.08535497626164959,
      "hma21": 0.08607445887445889,
      "atr14": 0.0036785714285714317,
      "atrPercentile": 0.8571428571428571,
      "rvolZ": -0.045255622329859385,
      "rvolPercentile": 0.7142857142857143,
      "mfi14": 69.14939977578501,
      "ppo": {
        "ppo": -0.3339231158463864,
        "signal": -0.5192397438694724,
        "histogram": 0.18531662802308596
      },
      "stochRsi": {
        "k": 53.27025506997053,
        "d": 58.8269415860835
      },
      "vprofile": {
        "vpBins": [
          0.014305255823860599,
          0.0482064424920948,
          0.009228192046751313,
          0.032389214164216036,
          0.07750831608644011,
          0.11299469601557159,
          0.10255387430850912,
          0.058537314229839495,
          0.25050697079525663,
          0.07377659577982539,
          0.031167239398216456,
          0.01817759002491821,
          0.0395104366268669,
          0.025216683934118182,
          0.02790730432806782,
          0,
          0.03423012868443447,
          0.0048074199264547795,
          0.03364372567916637,
          0.005332599655391861
        ],
        "currentBinShare": 0.11299469601557159
      },
      "ttm": {
        "squeeze": false,
        "release": false,
        "widthPct": 12.33481429934596
      }
    },
    "daily": {
      "sma20": 0.093145,
      "sma50": 0.13623599999999997,
      "ema20": 0.09675145209288928,
      "ema50": 0.12282381811821647,
      "vwma20": 0,
      "hma21": 0.07660606060606057,
      "atr14": 0.008678571428571428,
      "atrPercentile": 0.11842105263157894,
      "rvolZ": 0,
      "rvolPercentile": 1,
      "mfi14": 50,
      "ppo": {
        "ppo": -13.993638887773752,
        "signal": -15.011448647996493,
        "histogram": 1.0178097602227414
      },
      "stochRsi": {
        "k": 95.47743812035262,
        "d": 38.866111579539066
      },
      "vprofile": {
        "vpBins": [
          0,
          0,
          0,
          0,
          0,
          0,
          0,
          0,
          0,
          0,
          0,
          0,
          0,
          0,
          0,
          0,
          0,
          0,
          0,
          0
        ],
        "currentBinShare": 0
      },
      "ttm": {
        "squeeze": false,
        "release": false,
        "widthPct": 45.19974410068798
      }
    }
  },
  "smaMin5": 0.08348000000000001,
  "emaMin5": 0.08347526599515008,
  "vwmaMin5": 0.08355355410868548,
  "hmaMin5": 0.08334199134199134,
  "keltner15": {
    "upper": 0.08396425607481321,
    "middle": 0.08354425607481321,
    "lower": 0.0831242560748132
  },
  "superTrend15": {
    "isBull": true,
    "finalUpper": 0.08459,
    "finalLower": 0.08290999999999998
  },
  "mfi15": 65.52523506160534,
  "stochRsi15": {
    "k": 93.74999999999987,
    "d": 50.267857142857146
  },
  "ppo15": {
    "ppo": -0.03932401622378015,
    "signal": -0.10172160543896597,
    "histogram": 0.06239758921518582
  },
  "vpMin15": {
    "vpBins": [
      0,
      0.010264147305555629,
      0.0009740697145341507,
      0.051946456080158486,
      0.17333187390242086,
      0.11688006791744687,
      0.21268529456518254,
      0.07583515907541492,
      0.0024752892572160834,
      0.007692032453275704,
      0.15959025014881917,
      0.02048913098341349,
      0.10581208847470461,
      0,
      0,
      0.040061589957663644,
      0,
      0,
      0.021962550164193906,
      0
    ],
    "currentBinShare": 0.07583515907541492
  },
  "ttm15": {
    "squeeze": false,
    "release": false,
    "widthPct": 1.3513720758833287
  },
  "marketCorrelation": {
    "hourly": {
      "btcCorrelation": 0,
      "ethCorrelation": 0,
      "btcBeta": 1,
      "ethBeta": 1,
      "btcTrend": "UNKNOWN",
      "ethTrend": "UNKNOWN",
      "tokenVol": 0,
      "btcVol": 0,
      "ethVol": 0,
      "marketDependence": 0,
      "verdict": "INSUFFICIENT_DATA"
    },
    "min15": {
      "btcCorrelation": 0,
      "ethCorrelation": 0,
      "btcBeta": 1,
      "ethBeta": 1,
      "btcTrend": "UNKNOWN",
      "ethTrend": "UNKNOWN",
      "tokenVol": 0,
      "btcVol": 0,
      "ethVol": 0,
      "marketDependence": 0,
      "verdict": "INSUFFICIENT_DATA"
    },
    "daily": {
      "btcCorrelation": 0,
      "ethCorrelation": 0,
      "btcBeta": 1,
      "ethBeta": 1,
      "btcTrend": "UNKNOWN",
      "ethTrend": "UNKNOWN",
      "tokenVol": 0,
      "btcVol": 0,
      "ethVol": 0,
      "marketDependence": 0,
      "verdict": "INSUFFICIENT_DATA"
    }
  },
  "tradeTape": {
    "totalTrades": 0,
    "totalVolume": 0,
    "buysVolume": 0,
    "sellsVolume": 0,
    "buySellRatio": 0.5,
    "vwap": 0,
    "signedVolume": 0,
    "avgTradeSize": 0,
    "tradesPerSec": 0,
    "cumulativeDelta": 0,
    "tradesLast1m": 0,
    "tradesLast5m": 0,
    "tradesLast15m": 0,
    "tradesLast1h": 0,
    "buyVWAP": 0,
    "sellVWAP": 0,
    "aggressorVWAP": 0,
    "bucketDurationMs": 60000,
    "bucketCount": 15,
    "bucketSignedVolumes": [],
    "bucketVolumes": [],
    "bucketVWAPs": [],
    "latestBucketSignedZ": 0
  },
  "enhancedMetrics": {
    "relativeVolumeZScore": -1,
    "volumePercentile": 40,
    "atrPercentile": 7.664233576642336,
    "volatilityPercentile": 47.151898734177216,
    "relativeVolatilityRatio": 0.8771272057309307,
    "isHighVolume": false,
    "isHighVolatility": false,
    "isLowVolatility": false,
    "isExpandingVolatility": false,
    "isContractingVolatility": false
  },
  "orderBook": {
    "bidAskSpread": 0,
    "spreadPct": 0,
    "midPrice": 0,
    "bestBid": 0,
    "bestAsk": 0,
    "bidDepth": 0,
    "askDepth": 0,
    "orderBookImbalance": 0,
    "liquidityScore": 0,
    "depthAt1Pct": {
      "bidVolume": 0,
      "askVolume": 0,
      "imbalance": 0
    },
    "depthAt2Pct": {
      "bidVolume": 0,
      "askVolume": 0,
      "imbalance": 0
    },
    "depthAt5Pct": {
      "bidVolume": 0,
      "askVolume": 0,
      "imbalance": 0
    },
    "weightedMidPrice": 0,
    "volumeWeightedSpread": 0,
    "totalBidLevels": 0,
    "totalAskLevels": 0
  },
  "marketCap": {
    "marketCap": 0,
    "totalVolume24h": 0,
    "volumeToMarketCapRatio": 0,
    "marketCapRank": 0,
    "normalizedRank": 0,
    "isHighLiquidity": false,
    "isVeryHighLiquidity": false,
    "isLowLiquidity": true,
    "liquidityTier": "VERY_LOW"
  },
  "sweeps": {
    "sweepScore": 0,
    "sweepCount": 0,
    "sweepDirection": "NEUTRAL",
    "buySweeps": 0,
    "sellSweeps": 0,
    "avgSweepSize": 0,
    "avgSweepIntensity": 0,
    "bidLiftRatio": 0,
    "askLiftRatio": 0,
    "sweepFrequency": 0,
    "largestSweep": null,
    "recentSweepClusters": 0,
    "sweepDetails": []
  },
  "absorption": {
    "absorptionScore": 0,
    "absorptionLevel": null,
    "absorptionSide": "NONE",
    "icebergProbability": 0,
    "hiddenLiquidityEstimate": 0,
    "volumeAtPrice": {},
    "topAbsorptionLevels": [],
    "persistenceDuration": 0,
    "refillDetected": false
  },
  "orderArrival": {
    "avgInterArrivalTime": 0,
    "recentInterArrivalTime": 0,
    "accelerationRatio": 1,
    "hawkesIntensity": 0,
    "hawkesDirection": "NEUTRAL",
    "clusteringScore": 0,
    "burstCount": 0,
    "cascadeDetected": false,
    "timeToNextTrade": 0,
    "accelerationTrend": "STABLE"
  },
  "liquidityVacuum": {
    "vacuumScore": 0,
    "vacuumSide": "NONE",
    "bidVacuumSeverity": 0,
    "askVacuumSeverity": 0,
    "depthConcentration": 0,
    "priceImpact10k": 0,
    "priceImpact50k": 0,
    "priceImpact100k": 0,
    "largestGapBid": 0,
    "largestGapAsk": 0,
    "avgGapBid": 0,
    "avgGapAsk": 0,
    "bidCliffDistance": 0,
    "askCliffDistance": 0
  },
  "volatilityRegime": {
    "regime": "BELOW_NORMAL",
    "regimeScore": -0.5,
    "currentATR": 0.008992,
    "avgATR": 0.011516,
    "atrPercentile": 14.5,
    "realizedVolatility": 97.89,
    "volPercentile": 52.5,
    "expanding": false,
    "contracting": true,
    "transitionProbability": 0.4,
    "daysInRegime": 1,
    "regimeStrength": 0.65
  },
  "temporalPatterns": {
    "currentHour": 10,
    "currentDay": 0,
    "currentDayName": "Sunday",
    "dayBias": "NEUTRAL",
    "hourlyProfile": [
      {
        "avgVolume": 157947.89,
        "avgATR": 0.001707,
        "avgReturn": -0.04
      },
      {
        "avgVolume": 68034.16,
        "avgATR": 0.00135,
        "avgReturn": 0.111
      },
      {
        "avgVolume": 61000.01,
        "avgATR": 0.001336,
        "avgReturn": -0.123
      },
      {
        "avgVolume": 47687.28,
        "avgATR": 0.001057,
        "avgReturn": -0.013
      },
      {
        "avgVolume": 41350.59,
        "avgATR": 0.001029,
        "avgReturn": 0.058
      },
      {
        "avgVolume": 40997.21,
        "avgATR": 0.001014,
        "avgReturn": -0.011
      },
      {
        "avgVolume": 41517.84,
        "avgATR": 0.000693,
        "avgReturn": -0.109
      },
      {
        "avgVolume": 32982.94,
        "avgATR": 0.001271,
        "avgReturn": -0.069
      },
      {
        "avgVolume": 34971.71,
        "avgATR": 0.001007,
        "avgReturn": -0.023
      },
      {
        "avgVolume": 31607.34,
        "avgATR": 0.001121,
        "avgReturn": -0.123
      },
      {
        "avgVolume": 47357.74,
        "avgATR": 0.001036,
        "avgReturn": -0.292
      },
      {
        "avgVolume": 63704.66,
        "avgATR": 0.001129,
        "avgReturn": 0.173
      },
      {
        "avgVolume": 50827.45,
        "avgATR": 0.001307,
        "avgReturn": -0.321
      },
      {
        "avgVolume": 70050.36,
        "avgATR": 0.001507,
        "avgReturn": -0.395
      },
      {
        "avgVolume": 58348.98,
        "avgATR": 0.001423,
        "avgReturn": -0.02
      },
      {
        "avgVolume": 38545.69,
        "avgATR": 0.001079,
        "avgReturn": -0.263
      },
      {
        "avgVolume": 45174.34,
        "avgATR": 0.001079,
        "avgReturn": -0.325
      },
      {
        "avgVolume": 43022.39,
        "avgATR": 0.0015,
        "avgReturn": 0.252
      },
      {
        "avgVolume": 36630.51,
        "avgATR": 0.00125,
        "avgReturn": -0.243
      },
      {
        "avgVolume": 20002.21,
        "avgATR": 0.000943,
        "avgReturn": 0.157
      },
      {
        "avgVolume": 40350.35,
        "avgATR": 0.001529,
        "avgReturn": 0.424
      },
      {
        "avgVolume": 108489.85,
        "avgATR": 0.001664,
        "avgReturn": 0.051
      },
      {
        "avgVolume": 192318.41,
        "avgATR": 0.001821,
        "avgReturn": 0.418
      },
      {
        "avgVolume": 133531.88,
        "avgATR": 0.001364,
        "avgReturn": -0.354
      }
    ],
    "dailyProfile": [
      {
        "avgVolume": 59803.14,
        "avgATR": 0.001309,
        "avgReturn": -0.111
      },
      {
        "avgVolume": 35887.5,
        "avgATR": 0.001196,
        "avgReturn": 0.277
      },
      {
        "avgVolume": 47485.84,
        "avgATR": 0.001046,
        "avgReturn": -0.106
      },
      {
        "avgVolume": 30275.8,
        "avgATR": 0.001031,
        "avgReturn": -0.18
      },
      {
        "avgVolume": 43698.1,
        "avgATR": 0.001279,
        "avgReturn": -0.161
      },
      {
        "avgVolume": 114346.34,
        "avgATR": 0.001606,
        "avgReturn": 0.213
      },
      {
        "avgVolume": 107915.35,
        "avgATR": 0.001344,
        "avgReturn": -0.248
      }
    ],
    "favorableHours": [
      22,
      0,
      23,
      21,
      13,
      1
    ],
    "favorableWindow": false,
    "currentVsAvgVolume": 0,
    "currentVsAvgVolatility": 0,
    "anomalyDetected": true,
    "timeUntilFavorable": 3,
    "temporalScore": 0
  },
  "unifiedMicrostructure": {
    "signalDirections": {
      "vpin": "NEUTRAL",
      "sweeps": "NEUTRAL",
      "absorption": "NEUTRAL",
      "arrival": "NEUTRAL",
      "vacuum": "NONE",
      "volRegime": "FAVORABLE",
      "temporal": "UNFAVORABLE"
    },
    "consensusDirection": "NEUTRAL",
    "consensusStrength": 50,
    "bullishSignals": 1,
    "bearishSignals": 1,
    "neutralSignals": 0,
    "totalAvailableSignals": 2,
    "dominantPattern": "NONE",
    "clusters": {
      "strongBuyCluster": false,
      "distributionPattern": false,
      "accumulationPattern": false,
      "momentumCascade": false
    },
    "adaptiveWeights": {
      "vpin": 0,
      "sweeps": 0,
      "absorption": 0,
      "arrival": 0,
      "vacuum": 0,
      "volRegime": 0.021,
      "temporal": 0.02
    },
    "convictionLevel": "LOW",
    "convictionScore": 30,
    "riskAdjustment": "REDUCE",
    "timingQuality": "UNFAVORABLE",
    "signalQuality": "LOW"
  },
  "deltaAnalysis": {
    "currentDelta": 0,
    "cumulativeDelta": 0,
    "deltaPerVolume": 0,
    "deltaDirection": "NEUTRAL",
    "deltaDivergence": false,
    "institutionalRatio": 0,
    "aggressionScore": 0
  },
  "volumeProfile": {
    "pointOfControl": 0,
    "valueAreaHigh": 0,
    "valueAreaLow": 0,
    "currentPosition": "ABOVE_VALUE_AREA",
    "volumeNodes": [],
    "airPockets": []
  },
  "momentumCascade": {
    "cascadeDetected": false,
    "alignmentScore": 0.000825748136951803,
    "cascadeStrength": 0,
    "acceleratingTimeframes": [],
    "divergingTimeframes": [
      "1m",
      "5m",
      "15m",
      "1h"
    ]
  },
  "breakoutConfirmation": {
    "breakoutConfirmed": false,
    "volumeConfirmation": false,
    "retestStrength": 0,
    "falseBreakoutRisk": 0,
    "breakoutQuality": "NO_BREAKOUT"
  },
  "liquidityHeatmap": {
    "liquidityScore": 0,
    "magnetDirection": "NONE",
    "magnetStrength": 0,
    "priceTarget5pct": null,
    "message": "No order book data"
  },
  "smartMoneyDivergence": {
    "divergenceDetected": false,
    "divergenceDirection": "NONE",
    "smartMoneyScore": 0.5,
    "message": "Insufficient trade data"
  },
  "microstructure": {
    "raw": -0.0007377806523145185,
    "pct": 50,
    "summary": {
      "latestBucketSignedZ": 0,
      "buySellRatio": 0.5,
      "tradesPerSec": 0,
      "vwap": 0,
      "aggressorVWAP": 0,
      "vpinToxicity": "UNKNOWN",
      "sweepDirection": "NEUTRAL",
      "absorptionSide": "NONE",
      "icebergDetected": false,
      "hawkesDirection": "NEUTRAL",
      "cascadeDetected": false,
      "vacuumSide": "NONE",
      "volatilityRegime": "BELOW_NORMAL",
      "volExpanding": false,
      "favorableTimeWindow": false,
      "temporalAnomaly": true,
      "consensusDirection": "NEUTRAL",
      "consensusStrength": 50,
      "dominantPattern": "NONE",
      "convictionLevel": "LOW",
      "riskAdjustment": "REDUCE",
      "timingQuality": "UNFAVORABLE",
      "deltaDirection": "NEUTRAL",
      "deltaDivergence": false,
      "institutionalRatio": 0,
      "volumeProfilePosition": "ABOVE_VALUE_AREA",
      "pointOfControl": 0,
      "momentumCascadeDetected": false,
      "cascadeStrength": 0,
      "breakoutQuality": "NO_BREAKOUT",
      "breakoutConfirmed": false,
      "magnetDirection": "NONE",
      "magnetStrength": 0,
      "priceTarget5pct": null,
      "nearestBidWall": 0,
      "nearestAskWall": 0,
      "divergenceDetected": false,
      "divergenceDirection": "NONE",
      "whaleAccumulation": false,
      "whaleDistribution": false,
      "retailPanic": false,
      "smartMoneyScore": 0.5
    }
  }
}

=== MICROSTRUCTURE ALERTS ===

🔬 VPIN: Insufficient data for VPIN analysis

🌊 SWEEP DETECTION: No significant sweeps detected

🧊 ABSORPTION & ICEBERG: No significant absorption or iceberg orders detected

⚡ ORDER ARRIVAL DYNAMICS: Insufficient trades for analysis

🌪️ LIQUIDITY VACUUM: No significant vacuum detected

📊 VOLATILITY REGIME DETECTION:
   Current Regime: BELOW_NORMAL
   Regime Score: -0.50 (-1=low vol, +1=extreme vol)
   Days in Regime: 1
   ATR: $0.008992 (avg: $0.011516)
   ATR Percentile: 14.5%
   Realized Volatility: 97.89% (annualized)
   Vol Percentile: 52.5%

   🟢 BELOW NORMAL VOLATILITY:
   ⚡ Consolidation phase - watch for expansion
   ✅ Good entry zone for patient trades

   📉 VOLATILITY CONTRACTING:
   🔄 Consolidation phase - accumulation likely
   ⏳ Wait for expansion before entering

   📍 MODERATE REGIME TRANSITION PROBABILITY: 40%
   Monitor for potential regime change

   ⚠️ NEW REGIME: Only 1 day(s) - conditions still settling

⏰ TEMPORAL PATTERN ANALYSIS:
   Current Time: Sunday 10:00 UTC
   Day Bias: NEUTRAL
   Current vs Avg Volume: 0x
   Current vs Avg Volatility: 0x

   ⏳ NON-FAVORABLE TIME WINDOW:
   This hour typically shows weaker activity
   Next favorable window in 3 hour(s)

   ⚠️ LOW ACTIVITY ANOMALY:
   Volume 0x below typical - Extremely quiet

   📉 LOW VOLATILITY ANOMALY:
   Volatility 0x below typical - Consolidation likely

   🔥 Best Trading Hours (UTC): 22:00, 0:00, 23:00

🎯 UNIFIED MICROSTRUCTURE INTEGRATION:
   Signal Consensus: NEUTRAL (50% agreement)
   Available Signals: 2 (1 bullish / 1 bearish / 0 neutral)
   Conviction Level: LOW (30%)
   Signal Quality: LOW
   Risk Adjustment: REDUCE
   Timing Quality: UNFAVORABLE

   ⚠️ LOW CONVICTION: Only 50% signal agreement
   Weak alignment - Reduce position size or wait for clarity

   ⚠️ RISK REDUCTION RECOMMENDED: Extreme volatility or unfavorable timing detected

   ⏰ UNFAVORABLE TIMING: Avoid trading during this hour

   Signal Directions Breakdown:
   • VPIN: NEUTRAL
   • Sweeps: NEUTRAL
   • Absorption: NEUTRAL
   • Arrival Dynamics: NEUTRAL
   • Liquidity Vacuum: NONE
   • Vol Regime: FAVORABLE
   • Temporal: UNFAVORABLE

   Adaptive Weights (Total: 4.1%):
   • VPIN: 0.0%
   • Sweeps: 0.0%
   • Absorption: 0.0%
   • Arrival: 0.0%
   • Vacuum: 0.0%
   • Vol Regime: 2.1%
   • Temporal: 2.0%


💹 DELTA ANALYSIS (Order Flow Aggression):
   Direction: NEUTRAL
   Delta Per Volume: 0.00%
   Institutional Ratio: 0.0%
   Aggression Score: 0.0%

📊 VOLUME PROFILE (Support/Resistance Strength):
   Point of Control (POC): $0.000000
   Value Area High: $0.000000
   Value Area Low: $0.000000
   Current Position: ABOVE_VALUE_AREA
   ⚠️ DISTRIBUTION RISK: Price above value area - potential rejection zone

⚡ MOMENTUM CASCADE (Multi-Timeframe Alignment):
   Cascade Detected: NO
   Alignment Score: 0.1%
   Cascade Strength: 0.0%
   Accelerating: None
   Diverging: 1m, 5m, 15m, 1h

💥 BREAKOUT CONFIRMATION:
   Quality: NO_BREAKOUT
   Volume Confirmation: NO
   Retest Strength: 0.0%
   False Breakout Risk: 0.0%
   No breakout detected - price below resistance


levels:
Entry=0.0836324, StopLoss=0.080287104, TakeProfit=0.08434327539999999, 0.08505415079999999, 0.08562285112

---

=== Token: ELA (ELA) ===
Contract: ELA-USD
Timestamp: 2025-06-29T13:25:00.000Z

Calculations:
{
  "momentumScore": 32.021713756729824,
  "volumeScore": 0.14953438609310055,
  "patternScore": 30.034290840740894,
  "totalScore": 13.801604526744367,
  "finalScore": 24,
  "weights": "0.23,0.45,0.23",
  "hourlyUptrend": false,
  "rsi": 53.6585365853657,
  "ultraShortVolumeSurge": 0.5300774828255556,
  "baseVolumeSurge": 0.029238574292322763,
  "currentPrice": 1.303,
  "resistance": 1.319,
  "support": 1.295,
  "rocMin5": 0.002307692307692224,
  "shortROC": 0.0015372790161414312,
  "priceAcceleration": 0.0005766274463430289,
  "buySellRatio": 0.1500394506796987,
  "macdHistogram": -0.000020276348832688057,
  "stochasticK": 27.58620689655162,
  "atr": 0.0031428571428571616,
  "bbUpper": 1.3307158228552074,
  "bbLower": 1.2908841771447925,
  "hammerDetected": false,
  "engulfingDetected": false,
  "compressionSpring": {
    "detected": true,
    "confidence": 54,
    "signals": {
      "sidewaysPrice": true,
      "atrCompression": true,
      "bbSqueeze": true,
      "consolidationTime": true,
      "strongBuying": false,
      "obvPositive": false,
      "chaikinPositive": false,
      "rsiNeutral": false,
      "volumeBuilding": false
    },
    "metrics": {
      "priceRange": 2.24,
      "atrRatio": 0.543,
      "bbWidth": 3.04,
      "volumeRatio": 0.835,
      "signalCount": 4,
      "buySellRatio": 0.15
    }
  },
  "riskTier": "LOW",
  "atrPercent": 0.4659576800789397,
  "distanceToResistance": 1.2279355333844986,
  "slPercent": 2.5,
  "tpPercent": 0.42977743668457447,
  "trailingActivation": 0.25786646201074465,
  "shortMomentumScore": 60,
  "overboughtScore": 0,
  "shortPatternScore": 0,
  "shootingStarDetected": false,
  "bearishEngulfingDetected": false,
  "eveningStarDetected": false,
  "bearishPatternsCount": 0,
  "shortTotalScore": 24,
  "chaikin": -0.3448196066669153,
  "obvIncreasing": false,
  "obvTrend": "declining",
  "adx": 37.03703703703744,
  "recentCandles": {
    "redCount": 1,
    "greenCount": 9
  },
  "resistanceDistance": 1.2279355333844986,
  "multiplePatterns": false,
  "bullishPattern": false,
  "priceAboveVWAP": false,
  "breakingResistance": false,
  "atrSufficient": false,
  "macdDivergenceBearish": false,
  "rvolMin1": -0.306534778969006,
  "rvolMin5": -0.3576372893656338,
  "atrPercentileOld": 0.8414634146341463,
  "vwapDeviation": -1.262321363290048,
  "bbWidthPercent": 3.03872793030324,
  "bbSqueeze": false,
  "multiTFMomentum": {
    "min1": {
      "roc1": 0.0015372790161414312,
      "roc3": 0.002307692307692224
    },
    "min5": {
      "roc1": 0.0015372790161414312,
      "roc3": 0.002307692307692224
    },
    "min15": {
      "roc1": 0.0015372790161414312,
      "roc3": 0.002307692307692224
    },
    "hourly": {
      "roc1": 0,
      "roc3": -0.0015349194167306231
    },
    "fourHour": {
      "roc1": -0.017371601208459313,
      "roc3": -0.025468164794007514
    },
    "divergenceShortUpLongDown": true
  },
  "returnZMin5": 0.38919785351725233,
  "wickClosePct": 0,
  "wickUpper": 0,
  "wickLower": 0,
  "wickRatio": 0,
  "donchianBreakout15": false,
  "bbWidthPercentile15": 0.8831168831168831,
  "signedMin5": 12724.260000000006,
  "signedMin5Z": 11.246199674847542,
  "signedMin1": 6331.820000000001,
  "signedMin1Z": 5.983325735337675,
  "streakMin1": {
    "upStreak": 0,
    "downStreak": 0
  },
  "streakMin5": {
    "upStreak": 0,
    "downStreak": 0
  },
  "rvolPercentileMin1": 0.015277777777777777,
  "rvolPercentileMin5": 0.006944444444444444,
  "perTfMetrics": {
    "min1": {
      "sma20": 1.3020000000000003,
      "sma50": 1.3170399999999993,
      "ema20": 1.303992174720517,
      "ema50": 1.312493222546517,
      "vwma20": 1.3024437349605227,
      "hma21": 1.2974978354978353,
      "atr14": 0.0022142857142857402,
      "atrPercentile": 0.08257804632426989,
      "rvolZ": -0.306534778969006,
      "rvolPercentile": 0.015277777777777777,
      "mfi14": 37.66967419200324,
      "ppo": {
        "ppo": -0.3390388650127699,
        "signal": -0.4161566136562678,
        "histogram": 0.07711774864349791
      },
      "stochRsi": {
        "k": 100,
        "d": 53.01587301587305
      },
      "vprofile": {
        "vpBins": [
          0,
          0,
          0.006863629282416115,
          0.027683958299994593,
          0.16185228792941622,
          0.11098258401980222,
          0.023940658282437664,
          0.01854022426947097,
          0.07959683353522035,
          0.020019316155802384,
          0.04089051434740324,
          0.03815294029124721,
          0.13204065577430477,
          0.03437837692715569,
          0.025871920604523608,
          0.14429217840525843,
          0.02907650193885737,
          0,
          0.10555018014399509,
          0.0002672397926939855
        ],
        "currentBinShare": 0.11098258401980222
      },
      "ttm": {
        "squeeze": false,
        "release": false,
        "widthPct": 1.4829515681901213
      }
    },
    "min5": {
      "sma20": 1.3055500000000002,
      "sma50": 1.3203199999999997,
      "ema20": 1.3059641132090178,
      "ema50": 1.3148813417991922,
      "vwma20": 1.3049593189227024,
      "hma21": 1.2964588744588748,
      "atr14": 0.0031428571428571616,
      "atrPercentile": 0.16423357664233576,
      "rvolZ": -0.3576372893656338,
      "rvolPercentile": 0.006944444444444444,
      "mfi14": 36.63251297621229,
      "ppo": {
        "ppo": -0.4545930340803442,
        "signal": -0.5107261230379841,
        "histogram": 0.056133088957639965
      },
      "stochRsi": {
        "k": 100,
        "d": 40.723091404583464
      },
      "vprofile": {
        "vpBins": [
          0,
          0.0036757993934301955,
          0.10186416824432454,
          0.10456348144051911,
          0.05772780563128797,
          0.04178231480673935,
          0.23104232878005537,
          0.027644595726390133,
          0.11874348370697355,
          0.025079037396309227,
          0.07427169340282029,
          0.053485865591683654,
          0.0862539159243776,
          0.0008759335645066422,
          0.007405327757123866,
          0.0259212957611437,
          0.012849737286145926,
          0.0001662949466957535,
          0.014394350587963312,
          0.012252570051509815
        ],
        "currentBinShare": 0.10456348144051911
      },
      "ttm": {
        "squeeze": false,
        "release": false,
        "widthPct": 2.6770956756952518
      }
    },
    "min15": {
      "sma20": 1.3108,
      "sma50": 1.32434,
      "ema20": 1.3100580960557677,
      "ema50": 1.3174437628779583,
      "vwma20": 1.306114536176381,
      "hma21": 1.2953939393939393,
      "atr14": 0.006071428571428584,
      "atrPercentile": 0.8414634146341463,
      "rvolZ": -0.5200642673611503,
      "rvolPercentile": 0.010416666666666666,
      "mfi14": 37.07100585725943,
      "ppo": {
        "ppo": -0.5573072716722307,
        "signal": -0.5094223853133695,
        "histogram": -0.047884886358861234
      },
      "stochRsi": {
        "k": 81.87919463087152,
        "d": 36.91314553990615
      },
      "vprofile": {
        "vpBins": [
          0,
          0,
          0.006406822600804944,
          0.024811990530320828,
          0.137776445599219,
          0.1355989601752804,
          0.020044835722434005,
          0.04966948616982672,
          0.10232120572711476,
          0.009830257699060534,
          0.12803060317516843,
          0.05079969458817299,
          0.006554054711320369,
          0.026420662089446226,
          0.008055393567259272,
          0.17758319397393646,
          0.01732161873544269,
          0,
          0,
          0.0987747749351923
        ],
        "currentBinShare": 0.1355989601752804
      },
      "ttm": {
        "squeeze": false,
        "release": false,
        "widthPct": 3.03872793030324
      }
    },
    "hourly": {
      "sma20": 1.32325,
      "sma50": 1.3198600000000003,
      "ema20": 1.317966374684349,
      "ema50": 1.32373721899905,
      "vwma20": 1.3239106480782565,
      "hma21": 1.303683982683983,
      "atr14": 0.008428571428571452,
      "atrPercentile": 0.11490683229813664,
      "rvolZ": -0.3837892921621585,
      "rvolPercentile": 0.3244047619047619,
      "mfi14": 37.137094448572185,
      "ppo": {
        "ppo": -0.4973935319240094,
        "signal": -0.2554981893177368,
        "histogram": -0.2418953426062726
      },
      "stochRsi": {
        "k": 0,
        "d": 25.296925296925252
      },
      "vprofile": {
        "vpBins": [
          0.026829034192749374,
          0.07817190072030375,
          0.008594812803621387,
          0.04382832901590658,
          0.06075118246326325,
          0.1633589631719806,
          0.02550866910791438,
          0.1350922404620411,
          0.04910803800297078,
          0.03847010106847942,
          0.056418199572086276,
          0.04794062435021826,
          0.019099149031665312,
          0.052805314358289945,
          0.15457454072932833,
          0,
          0,
          0.03944890094918143,
          0,
          0
        ],
        "currentBinShare": 0.1350922404620411
      },
      "ttm": {
        "squeeze": false,
        "release": false,
        "widthPct": 3.875720803075948
      }
    },
    "fourHour": {
      "sma20": 1.3464,
      "sma50": 1.2883199999999997,
      "ema20": 1.3234021140805665,
      "ema50": 1.3144833107418077,
      "vwma20": 1.3898255625838698,
      "hma21": 1.2963809523809522,
      "atr14": 0.023285714285714337,
      "atrPercentile": 0.014285714285714285,
      "rvolZ": -0.2854617851562589,
      "rvolPercentile": 0.5238095238095238,
      "mfi14": 23.147728399277142,
      "ppo": {
        "ppo": 0.3127266498285724,
        "signal": 0.7653964775921926,
        "histogram": -0.45266982776362025
      },
      "stochRsi": {
        "k": 25.196265120742282,
        "d": 24.954143780720926
      },
      "vprofile": {
        "vpBins": [
          0.017516562153208733,
          0.04074352658180976,
          0.005308455575174311,
          0.012640179031455034,
          0.04115666483821896,
          0.20557468222991476,
          0.11437589272256735,
          0.07923485046069063,
          0.14752493378561507,
          0.045504884892188215,
          0.017809380293834703,
          0.09116959565804547,
          0.04216388747666256,
          0.023687577527654775,
          0.08011065723036453,
          0,
          0,
          0.035478269542595274,
          0,
          0
        ],
        "currentBinShare": 0.07923485046069063
      },
      "ttm": {
        "squeeze": false,
        "release": false,
        "widthPct": 14.66648786363067
      }
    },
    "daily": {
      "sma20": 1.3457000000000001,
      "sma50": 1.4097400000000002,
      "ema20": 1.3423259968956163,
      "ema50": 1.3659158055032088,
      "vwma20": 0,
      "hma21": 1.232316017316017,
      "atr14": 0.10657142857142858,
      "atrPercentile": 0.23684210526315788,
      "rvolZ": 0,
      "rvolPercentile": 1,
      "mfi14": 50,
      "ppo": {
        "ppo": -1.9459126595086196,
        "signal": -2.446444743388378,
        "histogram": 0.5005320838797584
      },
      "stochRsi": {
        "k": 100,
        "d": 45.6967704015529
      },
      "vprofile": {
        "vpBins": [
          0,
          0,
          0,
          0,
          0,
          0,
          0,
          0,
          0,
          0,
          0,
          0,
          0,
          0,
          0,
          0,
          0,
          0,
          0,
          0
        ],
        "currentBinShare": 0
      },
      "ttm": {
        "squeeze": false,
        "release": false,
        "widthPct": 25.01545479764263
      }
    }
  },
  "smaMin5": 1.3055500000000002,
  "emaMin5": 1.3059641132090178,
  "vwmaMin5": 1.3049593189227024,
  "hmaMin5": 1.2964588744588748,
  "keltner15": {
    "upper": 1.3195080960557677,
    "middle": 1.3100580960557677,
    "lower": 1.3006080960557678
  },
  "superTrend15": {
    "isBull": true,
    "finalUpper": 1.3219,
    "finalLower": 1.2840999999999998
  },
  "mfi15": 37.07100585725943,
  "stochRsi15": {
    "k": 81.87919463087152,
    "d": 36.91314553990615
  },
  "ppo15": {
    "ppo": -0.5573072716722307,
    "signal": -0.5094223853133695,
    "histogram": -0.047884886358861234
  },
  "vpMin15": {
    "vpBins": [
      0,
      0,
      0.006406822600804944,
      0.024811990530320828,
      0.137776445599219,
      0.1355989601752804,
      0.020044835722434005,
      0.04966948616982672,
      0.10232120572711476,
      0.009830257699060534,
      0.12803060317516843,
      0.05079969458817299,
      0.006554054711320369,
      0.026420662089446226,
      0.008055393567259272,
      0.17758319397393646,
      0.01732161873544269,
      0,
      0,
      0.0987747749351923
    ],
    "currentBinShare": 0.1355989601752804
  },
  "ttm15": {
    "squeeze": false,
    "release": false,
    "widthPct": 3.03872793030324
  },
  "marketCorrelation": {
    "hourly": {
      "btcCorrelation": 0,
      "ethCorrelation": 0,
      "btcBeta": 1,
      "ethBeta": 1,
      "btcTrend": "UNKNOWN",
      "ethTrend": "UNKNOWN",
      "tokenVol": 0,
      "btcVol": 0,
      "ethVol": 0,
      "marketDependence": 0,
      "verdict": "INSUFFICIENT_DATA"
    },
    "min15": {
      "btcCorrelation": 0,
      "ethCorrelation": 0,
      "btcBeta": 1,
      "ethBeta": 1,
      "btcTrend": "UNKNOWN",
      "ethTrend": "UNKNOWN",
      "tokenVol": 0,
      "btcVol": 0,
      "ethVol": 0,
      "marketDependence": 0,
      "verdict": "INSUFFICIENT_DATA"
    },
    "daily": {
      "btcCorrelation": 0,
      "ethCorrelation": 0,
      "btcBeta": 1,
      "ethBeta": 1,
      "btcTrend": "UNKNOWN",
      "ethTrend": "UNKNOWN",
      "tokenVol": 0,
      "btcVol": 0,
      "ethVol": 0,
      "marketDependence": 0,
      "verdict": "INSUFFICIENT_DATA"
    }
  },
  "tradeTape": {
    "totalTrades": 0,
    "totalVolume": 0,
    "buysVolume": 0,
    "sellsVolume": 0,
    "buySellRatio": 0.5,
    "vwap": 0,
    "signedVolume": 0,
    "avgTradeSize": 0,
    "tradesPerSec": 0,
    "cumulativeDelta": 0,
    "tradesLast1m": 0,
    "tradesLast5m": 0,
    "tradesLast15m": 0,
    "tradesLast1h": 0,
    "buyVWAP": 0,
    "sellVWAP": 0,
    "aggressorVWAP": 0,
    "bucketDurationMs": 60000,
    "bucketCount": 15,
    "bucketSignedVolumes": [],
    "bucketVolumes": [],
    "bucketVWAPs": [],
    "latestBucketSignedZ": 0
  },
  "enhancedMetrics": {
    "relativeVolumeZScore": -1,
    "volumePercentile": 40,
    "atrPercentile": 16.423357664233578,
    "volatilityPercentile": 5.063291139240507,
    "relativeVolatilityRatio": 1.0072950545521615,
    "isHighVolume": false,
    "isHighVolatility": false,
    "isLowVolatility": true,
    "isExpandingVolatility": false,
    "isContractingVolatility": false
  },
  "orderBook": {
    "bidAskSpread": 0,
    "spreadPct": 0,
    "midPrice": 0,
    "bestBid": 0,
    "bestAsk": 0,
    "bidDepth": 0,
    "askDepth": 0,
    "orderBookImbalance": 0,
    "liquidityScore": 0,
    "depthAt1Pct": {
      "bidVolume": 0,
      "askVolume": 0,
      "imbalance": 0
    },
    "depthAt2Pct": {
      "bidVolume": 0,
      "askVolume": 0,
      "imbalance": 0
    },
    "depthAt5Pct": {
      "bidVolume": 0,
      "askVolume": 0,
      "imbalance": 0
    },
    "weightedMidPrice": 0,
    "volumeWeightedSpread": 0,
    "totalBidLevels": 0,
    "totalAskLevels": 0
  },
  "marketCap": {
    "marketCap": 0,
    "totalVolume24h": 0,
    "volumeToMarketCapRatio": 0,
    "marketCapRank": 0,
    "normalizedRank": 0,
    "isHighLiquidity": false,
    "isVeryHighLiquidity": false,
    "isLowLiquidity": true,
    "liquidityTier": "VERY_LOW"
  },
  "sweeps": {
    "sweepScore": 0,
    "sweepCount": 0,
    "sweepDirection": "NEUTRAL",
    "buySweeps": 0,
    "sellSweeps": 0,
    "avgSweepSize": 0,
    "avgSweepIntensity": 0,
    "bidLiftRatio": 0,
    "askLiftRatio": 0,
    "sweepFrequency": 0,
    "largestSweep": null,
    "recentSweepClusters": 0,
    "sweepDetails": []
  },
  "absorption": {
    "absorptionScore": 0,
    "absorptionLevel": null,
    "absorptionSide": "NONE",
    "icebergProbability": 0,
    "hiddenLiquidityEstimate": 0,
    "volumeAtPrice": {},
    "topAbsorptionLevels": [],
    "persistenceDuration": 0,
    "refillDetected": false
  },
  "orderArrival": {
    "avgInterArrivalTime": 0,
    "recentInterArrivalTime": 0,
    "accelerationRatio": 1,
    "hawkesIntensity": 0,
    "hawkesDirection": "NEUTRAL",
    "clusteringScore": 0,
    "burstCount": 0,
    "cascadeDetected": false,
    "timeToNextTrade": 0,
    "accelerationTrend": "STABLE"
  },
  "liquidityVacuum": {
    "vacuumScore": 0,
    "vacuumSide": "NONE",
    "bidVacuumSeverity": 0,
    "askVacuumSeverity": 0,
    "depthConcentration": 0,
    "priceImpact10k": 0,
    "priceImpact50k": 0,
    "priceImpact100k": 0,
    "largestGapBid": 0,
    "largestGapAsk": 0,
    "avgGapBid": 0,
    "avgGapAsk": 0,
    "bidCliffDistance": 0,
    "askCliffDistance": 0
  },
  "volatilityRegime": {
    "regime": "BELOW_NORMAL",
    "regimeScore": -0.5,
    "currentATR": 0.109538,
    "avgATR": 0.131038,
    "atrPercentile": 26.3,
    "realizedVolatility": 75.36,
    "volPercentile": 30.5,
    "expanding": false,
    "contracting": true,
    "transitionProbability": 0.4,
    "daysInRegime": 2,
    "regimeStrength": 0.84
  },
  "temporalPatterns": {
    "currentHour": 10,
    "currentDay": 0,
    "currentDayName": "Sunday",
    "dayBias": "NEUTRAL",
    "hourlyProfile": [
      {
        "avgVolume": 2110.98,
        "avgATR": 0.0126,
        "avgReturn": 0.148
      },
      {
        "avgVolume": 2325.25,
        "avgATR": 0.013077,
        "avgReturn": -0.092
      },
      {
        "avgVolume": 2068.21,
        "avgATR": 0.0095,
        "avgReturn": -0.164
      },
      {
        "avgVolume": 1483.15,
        "avgATR": 0.007214,
        "avgReturn": -0.21
      },
      {
        "avgVolume": 1620.34,
        "avgATR": 0.010846,
        "avgReturn": 0.035
      },
      {
        "avgVolume": 685.92,
        "avgATR": 0.0054,
        "avgReturn": 0.029
      },
      {
        "avgVolume": 1282.94,
        "avgATR": 0.009308,
        "avgReturn": -0.08
      },
      {
        "avgVolume": 5083.71,
        "avgATR": 0.016071,
        "avgReturn": -0.061
      },
      {
        "avgVolume": 2269.46,
        "avgATR": 0.01125,
        "avgReturn": 0.159
      },
      {
        "avgVolume": 7498.43,
        "avgATR": 0.012167,
        "avgReturn": -0.59
      },
      {
        "avgVolume": 2466.37,
        "avgATR": 0.013357,
        "avgReturn": -0.023
      },
      {
        "avgVolume": 8834.83,
        "avgATR": 0.022667,
        "avgReturn": 0.284
      },
      {
        "avgVolume": 3543.47,
        "avgATR": 0.0196,
        "avgReturn": -0.123
      },
      {
        "avgVolume": 2189.96,
        "avgATR": 0.0116,
        "avgReturn": -0.045
      },
      {
        "avgVolume": 4716.68,
        "avgATR": 0.018533,
        "avgReturn": -0.212
      },
      {
        "avgVolume": 3573.47,
        "avgATR": 0.013929,
        "avgReturn": 0.119
      },
      {
        "avgVolume": 6366.39,
        "avgATR": 0.0234,
        "avgReturn": 0.526
      },
      {
        "avgVolume": 2944.53,
        "avgATR": 0.018786,
        "avgReturn": 0.337
      },
      {
        "avgVolume": 6195.22,
        "avgATR": 0.024385,
        "avgReturn": -0.294
      },
      {
        "avgVolume": 4056.7,
        "avgATR": 0.017214,
        "avgReturn": 0.207
      },
      {
        "avgVolume": 3499.66,
        "avgATR": 0.016867,
        "avgReturn": -0.133
      },
      {
        "avgVolume": 4284.14,
        "avgATR": 0.015643,
        "avgReturn": -0.207
      },
      {
        "avgVolume": 1729.2,
        "avgATR": 0.011462,
        "avgReturn": -0.095
      },
      {
        "avgVolume": 1237.27,
        "avgATR": 0.009286,
        "avgReturn": -0.081
      }
    ],
    "dailyProfile": [
      {
        "avgVolume": 2163.91,
        "avgATR": 0.010075,
        "avgReturn": -0.13
      },
      {
        "avgVolume": 2244.02,
        "avgATR": 0.012651,
        "avgReturn": 0.264
      },
      {
        "avgVolume": 2818.55,
        "avgATR": 0.010091,
        "avgReturn": -0.275
      },
      {
        "avgVolume": 4574.13,
        "avgATR": 0.017955,
        "avgReturn": 0.18
      },
      {
        "avgVolume": 8295.94,
        "avgATR": 0.028937,
        "avgReturn": 0.084
      },
      {
        "avgVolume": 2680.3,
        "avgATR": 0.0145,
        "avgReturn": -0.144
      },
      {
        "avgVolume": 1543.08,
        "avgATR": 0.007927,
        "avgReturn": -0.063
      }
    ],
    "favorableHours": [
      11,
      9,
      16,
      18,
      7,
      14
    ],
    "favorableWindow": false,
    "currentVsAvgVolume": 0,
    "currentVsAvgVolatility": 0,
    "anomalyDetected": true,
    "timeUntilFavorable": 1,
    "temporalScore": 0
  },
  "unifiedMicrostructure": {
    "signalDirections": {
      "vpin": "NEUTRAL",
      "sweeps": "NEUTRAL",
      "absorption": "NEUTRAL",
      "arrival": "NEUTRAL",
      "vacuum": "NONE",
      "volRegime": "FAVORABLE",
      "temporal": "UNFAVORABLE"
    },
    "consensusDirection": "NEUTRAL",
    "consensusStrength": 50,
    "bullishSignals": 1,
    "bearishSignals": 1,
    "neutralSignals": 0,
    "totalAvailableSignals": 2,
    "dominantPattern": "NONE",
    "clusters": {
      "strongBuyCluster": false,
      "distributionPattern": false,
      "accumulationPattern": false,
      "momentumCascade": false
    },
    "adaptiveWeights": {
      "vpin": 0,
      "sweeps": 0,
      "absorption": 0,
      "arrival": 0,
      "vacuum": 0,
      "volRegime": 0.021,
      "temporal": 0.02
    },
    "convictionLevel": "LOW",
    "convictionScore": 30,
    "riskAdjustment": "REDUCE",
    "timingQuality": "UNFAVORABLE",
    "signalQuality": "LOW"
  },
  "deltaAnalysis": {
    "currentDelta": 0,
    "cumulativeDelta": 0,
    "deltaPerVolume": 0,
    "deltaDirection": "NEUTRAL",
    "deltaDivergence": false,
    "institutionalRatio": 0,
    "aggressionScore": 0
  },
  "volumeProfile": {
    "pointOfControl": 0,
    "valueAreaHigh": 0,
    "valueAreaLow": 0,
    "currentPosition": "ABOVE_VALUE_AREA",
    "volumeNodes": [],
    "airPockets": []
  },
  "momentumCascade": {
    "cascadeDetected": false,
    "alignmentScore": -0.001704342553082909,
    "cascadeStrength": 0,
    "acceleratingTimeframes": [
      "1m",
      "5m"
    ],
    "divergingTimeframes": [
      "1h"
    ]
  },
  "breakoutConfirmation": {
    "breakoutConfirmed": false,
    "volumeConfirmation": false,
    "retestStrength": 0,
    "falseBreakoutRisk": 0,
    "breakoutQuality": "NO_BREAKOUT"
  },
  "liquidityHeatmap": {
    "liquidityScore": 0,
    "magnetDirection": "NONE",
    "magnetStrength": 0,
    "priceTarget5pct": null,
    "message": "No order book data"
  },
  "smartMoneyDivergence": {
    "divergenceDetected": false,
    "divergenceDirection": "NONE",
    "smartMoneyScore": 0.5,
    "message": "Insufficient trade data"
  },
  "microstructure": {
    "raw": -0.022828698142843946,
    "pct": 50,
    "summary": {
      "latestBucketSignedZ": 0,
      "buySellRatio": 0.5,
      "tradesPerSec": 0,
      "vwap": 0,
      "aggressorVWAP": 0,
      "vpinToxicity": "UNKNOWN",
      "sweepDirection": "NEUTRAL",
      "absorptionSide": "NONE",
      "icebergDetected": false,
      "hawkesDirection": "NEUTRAL",
      "cascadeDetected": false,
      "vacuumSide": "NONE",
      "volatilityRegime": "BELOW_NORMAL",
      "volExpanding": false,
      "favorableTimeWindow": false,
      "temporalAnomaly": true,
      "consensusDirection": "NEUTRAL",
      "consensusStrength": 50,
      "dominantPattern": "NONE",
      "convictionLevel": "LOW",
      "riskAdjustment": "REDUCE",
      "timingQuality": "UNFAVORABLE",
      "deltaDirection": "NEUTRAL",
      "deltaDivergence": false,
      "institutionalRatio": 0,
      "volumeProfilePosition": "ABOVE_VALUE_AREA",
      "pointOfControl": 0,
      "momentumCascadeDetected": false,
      "cascadeStrength": 0,
      "breakoutQuality": "NO_BREAKOUT",
      "breakoutConfirmed": false,
      "magnetDirection": "NONE",
      "magnetStrength": 0,
      "priceTarget5pct": null,
      "nearestBidWall": 0,
      "nearestAskWall": 0,
      "divergenceDetected": false,
      "divergenceDirection": "NONE",
      "whaleAccumulation": false,
      "whaleDistribution": false,
      "retailPanic": false,
      "smartMoneyScore": 0.5
    }
  }
}

=== MICROSTRUCTURE ALERTS ===

🔬 VPIN: Insufficient data for VPIN analysis

🌊 SWEEP DETECTION: No significant sweeps detected

🧊 ABSORPTION & ICEBERG: No significant absorption or iceberg orders detected

⚡ ORDER ARRIVAL DYNAMICS: Insufficient trades for analysis

🌪️ LIQUIDITY VACUUM: No significant vacuum detected

📊 VOLATILITY REGIME DETECTION:
   Current Regime: BELOW_NORMAL
   Regime Score: -0.50 (-1=low vol, +1=extreme vol)
   Days in Regime: 2
   ATR: $0.109538 (avg: $0.131038)
   ATR Percentile: 26.3%
   Realized Volatility: 75.36% (annualized)
   Vol Percentile: 30.5%

   🟢 BELOW NORMAL VOLATILITY:
   ⚡ Consolidation phase - watch for expansion
   ✅ Good entry zone for patient trades

   📉 VOLATILITY CONTRACTING:
   🔄 Consolidation phase - accumulation likely
   ⏳ Wait for expansion before entering

   📍 MODERATE REGIME TRANSITION PROBABILITY: 40%
   Monitor for potential regime change

   ⚠️ NEW REGIME: Only 2 day(s) - conditions still settling

⏰ TEMPORAL PATTERN ANALYSIS:
   Current Time: Sunday 10:00 UTC
   Day Bias: NEUTRAL
   Current vs Avg Volume: 0x
   Current vs Avg Volatility: 0x

   ⏳ NON-FAVORABLE TIME WINDOW:
   This hour typically shows weaker activity
   Next favorable window in 1 hour(s)

   ⚠️ LOW ACTIVITY ANOMALY:
   Volume 0x below typical - Extremely quiet

   📉 LOW VOLATILITY ANOMALY:
   Volatility 0x below typical - Consolidation likely

   🔥 Best Trading Hours (UTC): 11:00, 9:00, 16:00

🎯 UNIFIED MICROSTRUCTURE INTEGRATION:
   Signal Consensus: NEUTRAL (50% agreement)
   Available Signals: 2 (1 bullish / 1 bearish / 0 neutral)
   Conviction Level: LOW (30%)
   Signal Quality: LOW
   Risk Adjustment: REDUCE
   Timing Quality: UNFAVORABLE

   ⚠️ LOW CONVICTION: Only 50% signal agreement
   Weak alignment - Reduce position size or wait for clarity

   ⚠️ RISK REDUCTION RECOMMENDED: Extreme volatility or unfavorable timing detected

   ⏰ UNFAVORABLE TIMING: Avoid trading during this hour

   Signal Directions Breakdown:
   • VPIN: NEUTRAL
   • Sweeps: NEUTRAL
   • Absorption: NEUTRAL
   • Arrival Dynamics: NEUTRAL
   • Liquidity Vacuum: NONE
   • Vol Regime: FAVORABLE
   • Temporal: UNFAVORABLE

   Adaptive Weights (Total: 4.1%):
   • VPIN: 0.0%
   • Sweeps: 0.0%
   • Absorption: 0.0%
   • Arrival: 0.0%
   • Vacuum: 0.0%
   • Vol Regime: 2.1%
   • Temporal: 2.0%


💹 DELTA ANALYSIS (Order Flow Aggression):
   Direction: NEUTRAL
   Delta Per Volume: 0.00%
   Institutional Ratio: 0.0%
   Aggression Score: 0.0%

📊 VOLUME PROFILE (Support/Resistance Strength):
   Point of Control (POC): $0.000000
   Value Area High: $0.000000
   Value Area Low: $0.000000
   Current Position: ABOVE_VALUE_AREA
   ⚠️ DISTRIBUTION RISK: Price above value area - potential rejection zone

⚡ MOMENTUM CASCADE (Multi-Timeframe Alignment):
   Cascade Detected: NO
   Alignment Score: -0.2%
   Cascade Strength: 0.0%
   Accelerating: 1m, 5m
   Diverging: 1h

💥 BREAKOUT CONFIRMATION:
   Quality: NO_BREAKOUT
   Volume Confirmation: NO
   Retest Strength: 0.0%
   False Breakout Risk: 0.0%
   No breakout detected - price below resistance


levels:
Entry=1.305606, StopLoss=1.33824615, TakeProfit=1.3033615200000002, 1.2999948000000001, 1.29831144

---

=== Token: EDGE (EDGE) ===
Contract: EDGE-USD
Timestamp: 2025-06-29T13:25:00.000Z

Calculations:
{
  "momentumScore": 22.23364557898708,
  "volumeScore": 10.272219553080319,
  "patternScore": 62.67478451224517,
  "totalScore": 23.041350896032636,
  "finalScore": 0,
  "weights": "0.23,0.45,0.23",
  "hourlyUptrend": false,
  "rsi": 27.565982404692008,
  "ultraShortVolumeSurge": 2.2309126800400265,
  "baseVolumeSurge": 0.020624673852984936,
  "currentPrice": 0.07463,
  "resistance": 0.077,
  "support": 0.07309,
  "rocMin5": 0.0001340123291342284,
  "shortROC": 0.0017449664429530888,
  "priceAcceleration": 0.00003404285952609198,
  "buySellRatio": 0.16012299892486903,
  "macdHistogram": -0.0002156862545416435,
  "stochasticK": 37.37864077669904,
  "atr": 0.0006878571428571428,
  "bbUpper": 0.07808937506025451,
  "bbLower": 0.0741996249397455,
  "hammerDetected": false,
  "engulfingDetected": false,
  "compressionSpring": {
    "detected": false,
    "confidence": 0,
    "signals": {
      "sidewaysPrice": true,
      "atrCompression": false,
      "bbSqueeze": false,
      "consolidationTime": true,
      "strongBuying": false,
      "obvPositive": false,
      "chaikinPositive": false,
      "rsiNeutral": false,
      "volumeBuilding": false
    },
    "metrics": {
      "priceRange": 5.35,
      "atrRatio": 5.068,
      "bbWidth": 5.11,
      "volumeRatio": 2.479,
      "signalCount": 2,
      "buySellRatio": 0.16
    }
  },
  "riskTier": "LOW",
  "atrPercent": 1.0700407725732644,
  "distanceToResistance": 3.1756666220018723,
  "slPercent": 2.5,
  "tpPercent": 2.6993166287015913,
  "trailingActivation": 1.6195899772209548,
  "shortMomentumScore": 60,
  "overboughtScore": 0,
  "shortPatternScore": 25,
  "shootingStarDetected": true,
  "bearishEngulfingDetected": false,
  "eveningStarDetected": false,
  "bearishPatternsCount": 1,
  "shortTotalScore": 30.25,
  "chaikin": -0.23691874698545895,
  "obvIncreasing": false,
  "obvTrend": "declining",
  "adx": 44.783306581059406,
  "recentCandles": {
    "redCount": 3,
    "greenCount": 7
  },
  "resistanceDistance": 3.1756666220018723,
  "multiplePatterns": false,
  "bullishPattern": false,
  "priceAboveVWAP": false,
  "breakingResistance": false,
  "atrSufficient": true,
  "macdDivergenceBearish": false,
  "rvolMin1": -0.2612053878107888,
  "rvolMin5": 0.4437826414797616,
  "atrPercentileOld": 1,
  "vwapDeviation": -2.271148220830587,
  "bbWidthPercent": 5.108379620995629,
  "bbSqueeze": false,
  "multiTFMomentum": {
    "min1": {
      "roc1": 0,
      "roc3": 0
    },
    "min5": {
      "roc1": 0.0017449664429530888,
      "roc3": 0.0009388412017167464
    },
    "min15": {
      "roc1": 0.0009388412017167464,
      "roc3": 0.0021485161810125874
    },
    "hourly": {
      "roc1": -0.002814258911819912,
      "roc3": -0.018467220683287145
    },
    "fourHour": {
      "roc1": -0.036514307911433244,
      "roc3": -0.04246557714579845
    },
    "divergenceShortUpLongDown": true
  },
  "returnZMin5": 0.8038366279103526,
  "wickClosePct": 0.24528301886793294,
  "wickUpper": 0.0003999999999999976,
  "wickLower": 0,
  "wickRatio": 3.076923076922937,
  "donchianBreakout15": false,
  "bbWidthPercentile15": 1,
  "signedMin5": -343376.5,
  "signedMin5Z": -12.739438774025507,
  "signedMin1": -36396.30000000004,
  "signedMin1Z": -1.5961109829767965,
  "streakMin1": {
    "upStreak": 0,
    "downStreak": 0
  },
  "streakMin5": {
    "upStreak": 1,
    "downStreak": 0
  },
  "rvolPercentileMin1": 0.10972222222222222,
  "rvolPercentileMin5": 0.9270833333333334,
  "perTfMetrics": {
    "min1": {
      "sma20": 0.07467599999999999,
      "sma50": 0.0752936,
      "ema20": 0.07472113050583092,
      "ema50": 0.0751199508286359,
      "vwma20": 0.07471583646018184,
      "hma21": 0.0745961904761905,
      "atr14": 0.0002614285714285692,
      "atrPercentile": 0.7064451158106747,
      "rvolZ": -0.2612053878107888,
      "rvolPercentile": 0.10972222222222222,
      "mfi14": 10.844505233986169,
      "ppo": {
        "ppo": -0.2686421942193587,
        "signal": -0.2850632430690859,
        "histogram": 0.016421048849727227
      },
      "stochRsi": {
        "k": 7.629893844956344,
        "d": 38.940087487236504
      },
      "vprofile": {
        "vpBins": [
          0,
          0,
          0,
          0,
          0,
          0.05051881577958336,
          0.1698559725455894,
          0.0261124269222133,
          0.04708883376685678,
          0.026097489394115662,
          0.02716207553122781,
          0.03708126446175346,
          0.18585540568554873,
          0.018637055889814666,
          0.03678021581855499,
          0.025919292344181707,
          0.11703122374262637,
          0.09594987118775851,
          0.055024299815339586,
          0.08088575711483559
        ],
        "currentBinShare": 0.05051881577958336
      },
      "ttm": {
        "squeeze": false,
        "release": false,
        "widthPct": 0.917725056299216
      }
    },
    "min5": {
      "sma20": 0.07524149999999999,
      "sma50": 0.07600880000000002,
      "ema20": 0.07509013001255027,
      "ema50": 0.07577499653327328,
      "vwma20": 0.07519815329978362,
      "hma21": 0.07405372294372294,
      "atr14": 0.0006878571428571428,
      "atrPercentile": 0.9927007299270073,
      "rvolZ": 0.4437826414797616,
      "rvolPercentile": 0.9270833333333334,
      "mfi14": 12.603327654082406,
      "ppo": {
        "ppo": -0.5779898963692861,
        "signal": -0.5448636866108385,
        "histogram": -0.0331262097584476
      },
      "stochRsi": {
        "k": 5.996569817636042,
        "d": 27.204138966295787
      },
      "vprofile": {
        "vpBins": [
          0,
          0,
          0,
          0,
          0,
          0.03417008033802921,
          0.1298483461003265,
          0.026930442736836677,
          0.02178583403384649,
          0.01605251882996899,
          0.02077744565482768,
          0.023076556134579658,
          0.11956401162789242,
          0.02772586009118315,
          0.057784197374684515,
          0.0807674769581878,
          0.2565818814118238,
          0.10932080648032892,
          0.022732997938400407,
          0.05288154428908368
        ],
        "currentBinShare": 0.1298483461003265
      },
      "ttm": {
        "squeeze": false,
        "release": false,
        "widthPct": 3.5987782435717914
      }
    },
    "min15": {
      "sma20": 0.0761445,
      "sma50": 0.0768132,
      "ema20": 0.07585735953570656,
      "ema50": 0.076506292539435,
      "vwma20": 0.0754220473980034,
      "hma21": 0.07459142857142857,
      "atr14": 0.0007985714285714272,
      "atrPercentile": 1,
      "rvolZ": 0.7673268443456783,
      "rvolPercentile": 0.90625,
      "mfi14": 44.911348949072725,
      "ppo": {
        "ppo": -0.8277580706375048,
        "signal": -0.5899088838276371,
        "histogram": -0.23784918680986777
      },
      "stochRsi": {
        "k": 11.090815921714661,
        "d": 17.425135883499138
      },
      "vprofile": {
        "vpBins": [
          0,
          0,
          0,
          0,
          0,
          0.06734572699371487,
          0.15507209970779978,
          0,
          0,
          0,
          0.0467807053071218,
          0.013470179527343015,
          0.1273886734381582,
          0.05477255585014404,
          0.011697499843571687,
          0.07633636250108322,
          0.25098621833832024,
          0.1025063611999138,
          0.09364361729282936,
          0
        ],
        "currentBinShare": 0.15507209970779978
      },
      "ttm": {
        "squeeze": false,
        "release": false,
        "widthPct": 5.108379620995629
      }
    },
    "hourly": {
      "sma20": 0.07678549999999998,
      "sma50": 0.07737,
      "ema20": 0.07652942236362274,
      "ema50": 0.07714240863034283,
      "vwma20": 0.07591938548969467,
      "hma21": 0.07611099567099568,
      "atr14": 0.0007799999999999989,
      "atrPercentile": 0.2422360248447205,
      "rvolZ": 0.29871882115494475,
      "rvolPercentile": 0.8125,
      "mfi14": 20.71173216385921,
      "ppo": {
        "ppo": -0.7185589467127989,
        "signal": -0.3747367021738662,
        "histogram": -0.3438222445389327
      },
      "stochRsi": {
        "k": 0,
        "d": 27.81621869158769
      },
      "vprofile": {
        "vpBins": [
          0.02540665970936363,
          0.06412534718152185,
          0.03810474088377794,
          0.06073090540087183,
          0.04321107719426932,
          0.057654660401845234,
          0.04016473561192877,
          0.0588647193983126,
          0.08897534038216193,
          0.1738565842377065,
          0.09946374605164825,
          0.14388791266793718,
          0.09228534997387851,
          0.013268220904776189,
          0,
          0,
          0,
          0,
          0,
          0
        ],
        "currentBinShare": 0.0588647193983126
      },
      "ttm": {
        "squeeze": false,
        "release": true,
        "widthPct": 4.4943900128196335
      }
    },
    "fourHour": {
      "sma20": 0.077964,
      "sma50": 0.07361619999999998,
      "ema20": 0.07697704106059008,
      "ema50": 0.07624860742653382,
      "vwma20": 0.07878437813925515,
      "hma21": 0.0756939393939394,
      "atr14": 0.00192,
      "atrPercentile": 0.21428571428571427,
      "rvolZ": -0.01360099892537663,
      "rvolPercentile": 0.7023809523809523,
      "mfi14": 7.907149975556663,
      "ppo": {
        "ppo": 0.4056336287737895,
        "signal": 1.1504546065293844,
        "histogram": -0.7448209777555949
      },
      "stochRsi": {
        "k": 0,
        "d": 39.137224220856474
      },
      "vprofile": {
        "vpBins": [
          0.02153056701378658,
          0.06362985551419276,
          0,
          0.04494093924275589,
          0.03761771876195369,
          0.030996849446356976,
          0.018014923685029702,
          0.14361520568624087,
          0.12795559961132874,
          0.152208391122315,
          0.16321135333256503,
          0.04647863426438166,
          0.05254622833326338,
          0.06879201123706126,
          0.028461722748768317,
          0,
          0,
          0,
          0,
          0
        ],
        "currentBinShare": 0.14361520568624087
      },
      "ttm": {
        "squeeze": false,
        "release": false,
        "widthPct": 11.25621777687957
      }
    },
    "daily": {
      "sma20": 0.07950750000000001,
      "sma50": 0.0911164,
      "ema20": 0.07931912448681476,
      "ema50": 0.08246030821048854,
      "vwma20": 0,
      "hma21": 0.06731753246753248,
      "atr14": 0.009144999999999999,
      "atrPercentile": 0.24,
      "rvolZ": 0,
      "rvolPercentile": 1,
      "mfi14": 50,
      "ppo": {
        "ppo": -5.043370984206504,
        "signal": -5.427288066095002,
        "histogram": 0.38391708188849805
      },
      "stochRsi": {
        "k": 75.29458599834035,
        "d": 39.43686186295208
      },
      "vprofile": {
        "vpBins": [
          0,
          0,
          0,
          0,
          0,
          0,
          0,
          0,
          0,
          0,
          0,
          0,
          0,
          0,
          0,
          0,
          0,
          0,
          0,
          0
        ],
        "currentBinShare": 0
      },
      "ttm": {
        "squeeze": false,
        "release": false,
        "widthPct": 40.58567673361225
      }
    }
  },
  "smaMin5": 0.07524149999999999,
  "emaMin5": 0.07509013001255027,
  "vwmaMin5": 0.07519815329978362,
  "hmaMin5": 0.07405372294372294,
  "keltner15": {
    "upper": 0.07723585953570657,
    "middle": 0.07585735953570656,
    "lower": 0.07447885953570656
  },
  "superTrend15": {
    "isBull": true,
    "finalUpper": 0.077367,
    "finalLower": 0.07185300000000001
  },
  "mfi15": 44.911348949072725,
  "stochRsi15": {
    "k": 11.090815921714661,
    "d": 17.425135883499138
  },
  "ppo15": {
    "ppo": -0.8277580706375048,
    "signal": -0.5899088838276371,
    "histogram": -0.23784918680986777
  },
  "vpMin15": {
    "vpBins": [
      0,
      0,
      0,
      0,
      0,
      0.06734572699371487,
      0.15507209970779978,
      0,
      0,
      0,
      0.0467807053071218,
      0.013470179527343015,
      0.1273886734381582,
      0.05477255585014404,
      0.011697499843571687,
      0.07633636250108322,
      0.25098621833832024,
      0.1025063611999138,
      0.09364361729282936,
      0
    ],
    "currentBinShare": 0.15507209970779978
  },
  "ttm15": {
    "squeeze": false,
    "release": false,
    "widthPct": 5.108379620995629
  },
  "marketCorrelation": {
    "hourly": {
      "btcCorrelation": 0,
      "ethCorrelation": 0,
      "btcBeta": 1,
      "ethBeta": 1,
      "btcTrend": "UNKNOWN",
      "ethTrend": "UNKNOWN",
      "tokenVol": 0,
      "btcVol": 0,
      "ethVol": 0,
      "marketDependence": 0,
      "verdict": "INSUFFICIENT_DATA"
    },
    "min15": {
      "btcCorrelation": 0,
      "ethCorrelation": 0,
      "btcBeta": 1,
      "ethBeta": 1,
      "btcTrend": "UNKNOWN",
      "ethTrend": "UNKNOWN",
      "tokenVol": 0,
      "btcVol": 0,
      "ethVol": 0,
      "marketDependence": 0,
      "verdict": "INSUFFICIENT_DATA"
    },
    "daily": {
      "btcCorrelation": 0,
      "ethCorrelation": 0,
      "btcBeta": 1,
      "ethBeta": 1,
      "btcTrend": "UNKNOWN",
      "ethTrend": "UNKNOWN",
      "tokenVol": 0,
      "btcVol": 0,
      "ethVol": 0,
      "marketDependence": 0,
      "verdict": "INSUFFICIENT_DATA"
    }
  },
  "tradeTape": {
    "totalTrades": 0,
    "totalVolume": 0,
    "buysVolume": 0,
    "sellsVolume": 0,
    "buySellRatio": 0.5,
    "vwap": 0,
    "signedVolume": 0,
    "avgTradeSize": 0,
    "tradesPerSec": 0,
    "cumulativeDelta": 0,
    "tradesLast1m": 0,
    "tradesLast5m": 0,
    "tradesLast15m": 0,
    "tradesLast1h": 0,
    "buyVWAP": 0,
    "sellVWAP": 0,
    "aggressorVWAP": 0,
    "bucketDurationMs": 60000,
    "bucketCount": 15,
    "bucketSignedVolumes": [],
    "bucketVolumes": [],
    "bucketVWAPs": [],
    "latestBucketSignedZ": 0
  },
  "enhancedMetrics": {
    "relativeVolumeZScore": -1,
    "volumePercentile": 40,
    "atrPercentile": 98.54014598540147,
    "volatilityPercentile": 13.924050632911392,
    "relativeVolatilityRatio": 1.5530255998870364,
    "isHighVolume": false,
    "isHighVolatility": false,
    "isLowVolatility": true,
    "isExpandingVolatility": true,
    "isContractingVolatility": false
  },
  "orderBook": {
    "bidAskSpread": 0,
    "spreadPct": 0,
    "midPrice": 0,
    "bestBid": 0,
    "bestAsk": 0,
    "bidDepth": 0,
    "askDepth": 0,
    "orderBookImbalance": 0,
    "liquidityScore": 0,
    "depthAt1Pct": {
      "bidVolume": 0,
      "askVolume": 0,
      "imbalance": 0
    },
    "depthAt2Pct": {
      "bidVolume": 0,
      "askVolume": 0,
      "imbalance": 0
    },
    "depthAt5Pct": {
      "bidVolume": 0,
      "askVolume": 0,
      "imbalance": 0
    },
    "weightedMidPrice": 0,
    "volumeWeightedSpread": 0,
    "totalBidLevels": 0,
    "totalAskLevels": 0
  },
  "marketCap": {
    "marketCap": 0,
    "totalVolume24h": 0,
    "volumeToMarketCapRatio": 0,
    "marketCapRank": 0,
    "normalizedRank": 0,
    "isHighLiquidity": false,
    "isVeryHighLiquidity": false,
    "isLowLiquidity": true,
    "liquidityTier": "VERY_LOW"
  },
  "sweeps": {
    "sweepScore": 0,
    "sweepCount": 0,
    "sweepDirection": "NEUTRAL",
    "buySweeps": 0,
    "sellSweeps": 0,
    "avgSweepSize": 0,
    "avgSweepIntensity": 0,
    "bidLiftRatio": 0,
    "askLiftRatio": 0,
    "sweepFrequency": 0,
    "largestSweep": null,
    "recentSweepClusters": 0,
    "sweepDetails": []
  },
  "absorption": {
    "absorptionScore": 0,
    "absorptionLevel": null,
    "absorptionSide": "NONE",
    "icebergProbability": 0,
    "hiddenLiquidityEstimate": 0,
    "volumeAtPrice": {},
    "topAbsorptionLevels": [],
    "persistenceDuration": 0,
    "refillDetected": false
  },
  "orderArrival": {
    "avgInterArrivalTime": 0,
    "recentInterArrivalTime": 0,
    "accelerationRatio": 1,
    "hawkesIntensity": 0,
    "hawkesDirection": "NEUTRAL",
    "clusteringScore": 0,
    "burstCount": 0,
    "cascadeDetected": false,
    "timeToNextTrade": 0,
    "accelerationTrend": "STABLE"
  },
  "liquidityVacuum": {
    "vacuumScore": 0,
    "vacuumSide": "NONE",
    "bidVacuumSeverity": 0,
    "askVacuumSeverity": 0,
    "depthConcentration": 0,
    "priceImpact10k": 0,
    "priceImpact50k": 0,
    "priceImpact100k": 0,
    "largestGapBid": 0,
    "largestGapAsk": 0,
    "avgGapBid": 0,
    "avgGapAsk": 0,
    "bidCliffDistance": 0,
    "askCliffDistance": 0
  },
  "volatilityRegime": {
    "regime": "BELOW_NORMAL",
    "regimeScore": -0.5,
    "currentATR": 0.00914,
    "avgATR": 0.012298,
    "atrPercentile": 25.3,
    "realizedVolatility": 141.05,
    "volPercentile": 19,
    "expanding": false,
    "contracting": true,
    "transitionProbability": 0.7,
    "daysInRegime": 8,
    "regimeStrength": 0.21
  },
  "temporalPatterns": {
    "currentHour": 10,
    "currentDay": 0,
    "currentDayName": "Sunday",
    "dayBias": "NEUTRAL",
    "hourlyProfile": [
      {
        "avgVolume": 509910.09,
        "avgATR": 0.002874,
        "avgReturn": 0.811
      },
      {
        "avgVolume": 253744.86,
        "avgATR": 0.001358,
        "avgReturn": -0.635
      },
      {
        "avgVolume": 214688.68,
        "avgATR": 0.001149,
        "avgReturn": -0.353
      },
      {
        "avgVolume": 109002.59,
        "avgATR": 0.000833,
        "avgReturn": -0.001
      },
      {
        "avgVolume": 180655.26,
        "avgATR": 0.00132,
        "avgReturn": -0.049
      },
      {
        "avgVolume": 148445.46,
        "avgATR": 0.001511,
        "avgReturn": 0.392
      },
      {
        "avgVolume": 151794.86,
        "avgATR": 0.000863,
        "avgReturn": -0.093
      },
      {
        "avgVolume": 147578.09,
        "avgATR": 0.001244,
        "avgReturn": -0.151
      },
      {
        "avgVolume": 76013.16,
        "avgATR": 0.000889,
        "avgReturn": 0.163
      },
      {
        "avgVolume": 63675.92,
        "avgATR": 0.000709,
        "avgReturn": -0.058
      },
      {
        "avgVolume": 107445.19,
        "avgATR": 0.000996,
        "avgReturn": 0.015
      },
      {
        "avgVolume": 126551.35,
        "avgATR": 0.000998,
        "avgReturn": 0.184
      },
      {
        "avgVolume": 219335.61,
        "avgATR": 0.001262,
        "avgReturn": -0.746
      },
      {
        "avgVolume": 180592.19,
        "avgATR": 0.001269,
        "avgReturn": -0.684
      },
      {
        "avgVolume": 226036.62,
        "avgATR": 0.00124,
        "avgReturn": 0.776
      },
      {
        "avgVolume": 275254.19,
        "avgATR": 0.001492,
        "avgReturn": 0.195
      },
      {
        "avgVolume": 264252.76,
        "avgATR": 0.001439,
        "avgReturn": -0.245
      },
      {
        "avgVolume": 204039.57,
        "avgATR": 0.000944,
        "avgReturn": -0.022
      },
      {
        "avgVolume": 75380.07,
        "avgATR": 0.000704,
        "avgReturn": -0.131
      },
      {
        "avgVolume": 203304.75,
        "avgATR": 0.00114,
        "avgReturn": -0.48
      },
      {
        "avgVolume": 216247.99,
        "avgATR": 0.001155,
        "avgReturn": -0.029
      },
      {
        "avgVolume": 355982.74,
        "avgATR": 0.00167,
        "avgReturn": -0.86
      },
      {
        "avgVolume": 417661.55,
        "avgATR": 0.002307,
        "avgReturn": 1.529
      },
      {
        "avgVolume": 252954.36,
        "avgATR": 0.001256,
        "avgReturn": -0.44
      }
    ],
    "dailyProfile": [
      {
        "avgVolume": 207151.51,
        "avgATR": 0.001078,
        "avgReturn": -0.228
      },
      {
        "avgVolume": 220660.58,
        "avgATR": 0.001319,
        "avgReturn": 0.356
      },
      {
        "avgVolume": 220876.59,
        "avgATR": 0.00123,
        "avgReturn": -0.299
      },
      {
        "avgVolume": 294269.99,
        "avgATR": 0.001805,
        "avgReturn": 0.176
      },
      {
        "avgVolume": 138484.23,
        "avgATR": 0.001057,
        "avgReturn": -0.114
      },
      {
        "avgVolume": 280865.36,
        "avgATR": 0.001803,
        "avgReturn": -0.037
      },
      {
        "avgVolume": 89958.11,
        "avgATR": 0.000636,
        "avgReturn": -0.14
      }
    ],
    "favorableHours": [
      0,
      22,
      21,
      15,
      16,
      1
    ],
    "favorableWindow": false,
    "currentVsAvgVolume": 0,
    "currentVsAvgVolatility": 0,
    "anomalyDetected": true,
    "timeUntilFavorable": 5,
    "temporalScore": 0
  },
  "unifiedMicrostructure": {
    "signalDirections": {
      "vpin": "NEUTRAL",
      "sweeps": "NEUTRAL",
      "absorption": "NEUTRAL",
      "arrival": "NEUTRAL",
      "vacuum": "NONE",
      "volRegime": "FAVORABLE",
      "temporal": "UNFAVORABLE"
    },
    "consensusDirection": "NEUTRAL",
    "consensusStrength": 50,
    "bullishSignals": 1,
    "bearishSignals": 1,
    "neutralSignals": 0,
    "totalAvailableSignals": 2,
    "dominantPattern": "NONE",
    "clusters": {
      "strongBuyCluster": false,
      "distributionPattern": false,
      "accumulationPattern": false,
      "momentumCascade": false
    },
    "adaptiveWeights": {
      "vpin": 0,
      "sweeps": 0,
      "absorption": 0,
      "arrival": 0,
      "vacuum": 0,
      "volRegime": 0.021,
      "temporal": 0.02
    },
    "convictionLevel": "LOW",
    "convictionScore": 30,
    "riskAdjustment": "REDUCE",
    "timingQuality": "UNFAVORABLE",
    "signalQuality": "LOW"
  },
  "deltaAnalysis": {
    "currentDelta": 0,
    "cumulativeDelta": 0,
    "deltaPerVolume": 0,
    "deltaDirection": "NEUTRAL",
    "deltaDivergence": false,
    "institutionalRatio": 0,
    "aggressionScore": 0
  },
  "volumeProfile": {
    "pointOfControl": 0,
    "valueAreaHigh": 0,
    "valueAreaLow": 0,
    "currentPosition": "ABOVE_VALUE_AREA",
    "volumeNodes": [],
    "airPockets": []
  },
  "momentumCascade": {
    "cascadeDetected": false,
    "alignmentScore": -0.013607577484161864,
    "cascadeStrength": 0,
    "acceleratingTimeframes": [],
    "divergingTimeframes": [
      "1m",
      "5m",
      "15m",
      "1h"
    ]
  },
  "breakoutConfirmation": {
    "breakoutConfirmed": false,
    "volumeConfirmation": false,
    "retestStrength": 0,
    "falseBreakoutRisk": 0,
    "breakoutQuality": "NO_BREAKOUT"
  },
  "liquidityHeatmap": {
    "liquidityScore": 0,
    "magnetDirection": "NONE",
    "magnetStrength": 0,
    "priceTarget5pct": null,
    "message": "No order book data"
  },
  "smartMoneyDivergence": {
    "divergenceDetected": false,
    "divergenceDirection": "NONE",
    "smartMoneyScore": 0.5,
    "message": "Insufficient trade data"
  },
  "microstructure": {
    "raw": -0.06855446733807632,
    "pct": 49,
    "summary": {
      "latestBucketSignedZ": 0,
      "buySellRatio": 0.5,
      "tradesPerSec": 0,
      "vwap": 0,
      "aggressorVWAP": 0,
      "vpinToxicity": "UNKNOWN",
      "sweepDirection": "NEUTRAL",
      "absorptionSide": "NONE",
      "icebergDetected": false,
      "hawkesDirection": "NEUTRAL",
      "cascadeDetected": false,
      "vacuumSide": "NONE",
      "volatilityRegime": "BELOW_NORMAL",
      "volExpanding": false,
      "favorableTimeWindow": false,
      "temporalAnomaly": true,
      "consensusDirection": "NEUTRAL",
      "consensusStrength": 50,
      "dominantPattern": "NONE",
      "convictionLevel": "LOW",
      "riskAdjustment": "REDUCE",
      "timingQuality": "UNFAVORABLE",
      "deltaDirection": "NEUTRAL",
      "deltaDivergence": false,
      "institutionalRatio": 0,
      "volumeProfilePosition": "ABOVE_VALUE_AREA",
      "pointOfControl": 0,
      "momentumCascadeDetected": false,
      "cascadeStrength": 0,
      "breakoutQuality": "NO_BREAKOUT",
      "breakoutConfirmed": false,
      "magnetDirection": "NONE",
      "magnetStrength": 0,
      "priceTarget5pct": null,
      "nearestBidWall": 0,
      "nearestAskWall": 0,
      "divergenceDetected": false,
      "divergenceDirection": "NONE",
      "whaleAccumulation": false,
      "whaleDistribution": false,
      "retailPanic": false,
      "smartMoneyScore": 0.5
    }
  }
}

=== MICROSTRUCTURE ALERTS ===

🔬 VPIN: Insufficient data for VPIN analysis

🌊 SWEEP DETECTION: No significant sweeps detected

🧊 ABSORPTION & ICEBERG: No significant absorption or iceberg orders detected

⚡ ORDER ARRIVAL DYNAMICS: Insufficient trades for analysis

🌪️ LIQUIDITY VACUUM: No significant vacuum detected

📊 VOLATILITY REGIME DETECTION:
   Current Regime: BELOW_NORMAL
   Regime Score: -0.50 (-1=low vol, +1=extreme vol)
   Days in Regime: 8
   ATR: $0.009140 (avg: $0.012298)
   ATR Percentile: 25.3%
   Realized Volatility: 141.05% (annualized)
   Vol Percentile: 19.0%

   🟢 BELOW NORMAL VOLATILITY:
   ⚡ Consolidation phase - watch for expansion
   ✅ Good entry zone for patient trades

   📉 VOLATILITY CONTRACTING:
   🔄 Consolidation phase - accumulation likely
   ⏳ Wait for expansion before entering

   ⚠️ HIGH REGIME TRANSITION PROBABILITY: 70%
   Market near regime boundary - expect volatility shift soon

   ✅ STABLE REGIME: 8 days - predictable conditions

⏰ TEMPORAL PATTERN ANALYSIS:
   Current Time: Sunday 10:00 UTC
   Day Bias: NEUTRAL
   Current vs Avg Volume: 0x
   Current vs Avg Volatility: 0x

   ⏳ NON-FAVORABLE TIME WINDOW:
   This hour typically shows weaker activity
   Next favorable window in 5 hour(s)

   ⚠️ LOW ACTIVITY ANOMALY:
   Volume 0x below typical - Extremely quiet

   📉 LOW VOLATILITY ANOMALY:
   Volatility 0x below typical - Consolidation likely

   🔥 Best Trading Hours (UTC): 0:00, 22:00, 21:00

🎯 UNIFIED MICROSTRUCTURE INTEGRATION:
   Signal Consensus: NEUTRAL (50% agreement)
   Available Signals: 2 (1 bullish / 1 bearish / 0 neutral)
   Conviction Level: LOW (30%)
   Signal Quality: LOW
   Risk Adjustment: REDUCE
   Timing Quality: UNFAVORABLE

   ⚠️ LOW CONVICTION: Only 50% signal agreement
   Weak alignment - Reduce position size or wait for clarity

   ⚠️ RISK REDUCTION RECOMMENDED: Extreme volatility or unfavorable timing detected

   ⏰ UNFAVORABLE TIMING: Avoid trading during this hour

   Signal Directions Breakdown:
   • VPIN: NEUTRAL
   • Sweeps: NEUTRAL
   • Absorption: NEUTRAL
   • Arrival Dynamics: NEUTRAL
   • Liquidity Vacuum: NONE
   • Vol Regime: FAVORABLE
   • Temporal: UNFAVORABLE

   Adaptive Weights (Total: 4.1%):
   • VPIN: 0.0%
   • Sweeps: 0.0%
   • Absorption: 0.0%
   • Arrival: 0.0%
   • Vacuum: 0.0%
   • Vol Regime: 2.1%
   • Temporal: 2.0%


💹 DELTA ANALYSIS (Order Flow Aggression):
   Direction: NEUTRAL
   Delta Per Volume: 0.00%
   Institutional Ratio: 0.0%
   Aggression Score: 0.0%

📊 VOLUME PROFILE (Support/Resistance Strength):
   Point of Control (POC): $0.000000
   Value Area High: $0.000000
   Value Area Low: $0.000000
   Current Position: ABOVE_VALUE_AREA
   ⚠️ DISTRIBUTION RISK: Price above value area - potential rejection zone

⚡ MOMENTUM CASCADE (Multi-Timeframe Alignment):
   Cascade Detected: NO
   Alignment Score: -1.4%
   Cascade Strength: 0.0%
   Accelerating: None
   Diverging: 1m, 5m, 15m, 1h

💥 BREAKOUT CONFIRMATION:
   Quality: NO_BREAKOUT
   Volume Confirmation: NO
   Retest Strength: 0.0%
   False Breakout Risk: 0.0%
   No breakout detected - price below resistance


levels:
Entry=0.07448074, StopLoss=0.0726187215, TakeProfit=0.0754859755, 0.076491211, 0.0772953994

---

=== Token: HONEY (HONEY) ===
Contract: HONEY-USD
Timestamp: 2025-06-29T13:25:00.000Z

Calculations:
{
  "momentumScore": 6.7094221105527545,
  "volumeScore": 10,
  "patternScore": 0,
  "totalScore": 5.73380458173014,
  "finalScore": 0,
  "weights": "0.23,0.45,0.23",
  "hourlyUptrend": false,
  "rsi": 50,
  "ultraShortVolumeSurge": 0.21167255338563082,
  "baseVolumeSurge": 0.08741853829666714,
  "currentPrice": 0.0199,
  "resistance": 0.02,
  "support": 0.0199,
  "rocMin5": -0.00499999999999997,
  "shortROC": 0,
  "priceAcceleration": -0.0012437185929648166,
  "buySellRatio": 0,
  "macdHistogram": -0.000011513529306892437,
  "stochasticK": 50,
  "atr": 0.0000499999999999997,
  "bbUpper": 0.02004135528725661,
  "bbLower": 0.01981864471274341,
  "hammerDetected": false,
  "engulfingDetected": false,
  "compressionSpring": {
    "detected": true,
    "confidence": 66,
    "signals": {
      "sidewaysPrice": true,
      "atrCompression": true,
      "bbSqueeze": true,
      "consolidationTime": true,
      "strongBuying": false,
      "obvPositive": false,
      "chaikinPositive": false,
      "rsiNeutral": true,
      "volumeBuilding": false
    },
    "metrics": {
      "priceRange": 0.5,
      "atrRatio": 0.636,
      "bbWidth": 1.12,
      "volumeRatio": 0.222,
      "signalCount": 5,
      "buySellRatio": 0
    }
  },
  "riskTier": "LOW",
  "atrPercent": 0.3589375448671909,
  "distanceToResistance": 0.5025125628140673,
  "slPercent": 2.5,
  "tpPercent": 0.4271356783919572,
  "trailingActivation": 0.2562814070351743,
  "shortMomentumScore": 30,
  "overboughtScore": 0,
  "shortPatternScore": 0,
  "shootingStarDetected": false,
  "bearishEngulfingDetected": false,
  "eveningStarDetected": false,
  "bearishPatternsCount": 0,
  "shortTotalScore": 12,
  "chaikin": 0.8407074912327824,
  "obvIncreasing": false,
  "obvTrend": "declining",
  "adx": 14.285714285714285,
  "recentCandles": {
    "redCount": 1,
    "greenCount": 9
  },
  "resistanceDistance": 0.5025125628140673,
  "multiplePatterns": false,
  "bullishPattern": false,
  "priceAboveVWAP": false,
  "breakingResistance": true,
  "atrSufficient": false,
  "macdDivergenceBearish": false,
  "rvolMin1": -0.05531322748868956,
  "rvolMin5": -0.3447967113717508,
  "atrPercentileOld": 0.5,
  "vwapDeviation": -0.017597367329028966,
  "bbWidthPercent": 1.1174639965539475,
  "bbSqueeze": true,
  "multiTFMomentum": {
    "min1": {
      "roc1": 0,
      "roc3": 0
    },
    "min5": {
      "roc1": 0,
      "roc3": 0
    },
    "min15": {
      "roc1": 0,
      "roc3": 0
    },
    "hourly": {
      "roc1": -0.00499999999999997,
      "roc3": -0.00499999999999997
    },
    "fourHour": {
      "roc1": -0.00499999999999997,
      "roc3": 0.00505050505050502
    },
    "divergenceShortUpLongDown": false
  },
  "returnZMin5": -0.0016690199776160399,
  "wickClosePct": 0,
  "wickUpper": 0,
  "wickLower": 0,
  "wickRatio": 0,
  "donchianBreakout15": false,
  "bbWidthPercentile15": 0.4155844155844156,
  "signedMin5": 2884544.1,
  "signedMin5Z": 26.16799718470042,
  "signedMin1": 1486088.0000000005,
  "signedMin1Z": 18.449650820855066,
  "streakMin1": {
    "upStreak": 0,
    "downStreak": 0
  },
  "streakMin5": {
    "upStreak": 0,
    "downStreak": 0
  },
  "rvolPercentileMin1": 0.7881944444444444,
  "rvolPercentileMin5": 0.4965277777777778,
  "perTfMetrics": {
    "min1": {
      "sma20": 0.019950000000000006,
      "sma50": 0.019916000000000017,
      "ema20": 0.019939777558298215,
      "ema50": 0.019920748273318488,
      "vwma20": 0.019959363148736163,
      "hma21": 0.019961471861471854,
      "atr14": 0.0000499999999999997,
      "atrPercentile": 0.7829808660624371,
      "rvolZ": -0.05531322748868956,
      "rvolPercentile": 0.7881944444444444,
      "mfi14": 49.39732707856572,
      "ppo": {
        "ppo": 0.024238773786343128,
        "signal": 0.06907452942770576,
        "histogram": -0.04483575564136263
      },
      "stochRsi": {
        "k": 10.71428571428573,
        "d": 50
      },
      "vprofile": {
        "vpBins": [
          0.00013838524552392496,
          0,
          0,
          0.02944892258720858,
          0,
          0,
          0.022885885343003287,
          0,
          0,
          0,
          0.19524986618742268,
          0,
          0,
          0.3366094551435428,
          0,
          0,
          0.38841372722084566,
          0,
          0,
          0.027253758272453042
        ],
        "currentBinShare": 0.3366094551435428
      },
      "ttm": {
        "squeeze": false,
        "release": false,
        "widthPct": 1.0025062656641541
      }
    },
    "min5": {
      "sma20": 0.01993000000000001,
      "sma50": 0.01990000000000002,
      "ema20": 0.019931707946293512,
      "ema50": 0.01991165211004892,
      "vwma20": 0.019947989281937903,
      "hma21": 0.01998051948051947,
      "atr14": 0.0000499999999999997,
      "atrPercentile": 0.2846715328467153,
      "rvolZ": -0.3447967113717508,
      "rvolPercentile": 0.4965277777777778,
      "mfi14": 11.92506262832839,
      "ppo": {
        "ppo": 0.04110270998995987,
        "signal": 0.07362891311337841,
        "histogram": -0.032526203123418536
      },
      "stochRsi": {
        "k": 50.00000000000002,
        "d": 50
      },
      "vprofile": {
        "vpBins": [
          0.00009933663281587698,
          0,
          0,
          0.03228346420629368,
          0,
          0,
          0.09523759724633966,
          0,
          0,
          0,
          0.2398717091814223,
          0,
          0,
          0.32220769407004074,
          0,
          0,
          0.3103001986630876,
          0,
          0,
          0
        ],
        "currentBinShare": 0.32220769407004074
      },
      "ttm": {
        "squeeze": false,
        "release": false,
        "widthPct": 1.1174639965539475
      }
    },
    "min15": {
      "sma20": 0.01993000000000001,
      "sma50": 0.019878000000000014,
      "ema20": 0.019928023206492628,
      "ema50": 0.019906777145114723,
      "vwma20": 0.019919853598504105,
      "hma21": 0.019962337662337657,
      "atr14": 0.000071428571428571,
      "atrPercentile": 0.5,
      "rvolZ": -0.42874324911458833,
      "rvolPercentile": 0.4583333333333333,
      "mfi14": 25.417407324998834,
      "ppo": {
        "ppo": 0.06351752991961737,
        "signal": 0.09183585471888239,
        "histogram": -0.02831832479926502
      },
      "stochRsi": {
        "k": 88.88888888888893,
        "d": 53.7037037037037
      },
      "vprofile": {
        "vpBins": [
          0.02531787258059855,
          0,
          0,
          0.0014520365465982483,
          0,
          0,
          0.018872736111669737,
          0,
          0,
          0,
          0.15478272160727666,
          0,
          0,
          0.3945826367793015,
          0,
          0,
          0.4049919963745552,
          0,
          0,
          0
        ],
        "currentBinShare": 0.3945826367793015
      },
      "ttm": {
        "squeeze": false,
        "release": false,
        "widthPct": 1.1174639965539475
      }
    },
    "hourly": {
      "sma20": 0.019885000000000003,
      "sma50": 0.019850000000000013,
      "ema20": 0.01990601264241106,
      "ema50": 0.019864277559465182,
      "vwma20": 0.019861685527861356,
      "hma21": 0.019968831168831157,
      "atr14": 0.00011428571428571384,
      "atrPercentile": 0.06521739130434782,
      "rvolZ": -0.4628432533383157,
      "rvolPercentile": 0.15178571428571427,
      "mfi14": 34.33789957561693,
      "ppo": {
        "ppo": 0.13910913250442272,
        "signal": 0.11751257365070414,
        "histogram": 0.021596558853718584
      },
      "stochRsi": {
        "k": 64.28571428571371,
        "d": 63.49206349206355
      },
      "vprofile": {
        "vpBins": [
          0.011478626544290445,
          0,
          0.02572927125333537,
          0.002904099579109808,
          0,
          0.015831809235954623,
          0.021710408877969784,
          0.0010437866709587507,
          0.04030280130180288,
          0.024397932778888028,
          0.04265929359237781,
          0.11796429488275847,
          0.11328858072964393,
          0.30447314873976217,
          0.09429318735266175,
          0.08542572492044165,
          0.031854410601044096,
          0.053444666111509206,
          0.013197956827491345,
          0
        ],
        "currentBinShare": 0.30447314873976217
      },
      "ttm": {
        "squeeze": false,
        "release": false,
        "widthPct": 1.7157377027137828
      }
    },
    "fourHour": {
      "sma20": 0.019755000000000005,
      "sma50": 0.019780000000000013,
      "ema20": 0.019832573063010613,
      "ema50": 0.020094233544801585,
      "vwma20": 0.019749225485992103,
      "hma21": 0.019906060606060604,
      "atr14": 0.00027142857142857226,
      "atrPercentile": 0.05714285714285714,
      "rvolZ": -0.697974507740691,
      "rvolPercentile": 0.05952380952380952,
      "mfi14": 53.03139220494549,
      "ppo": {
        "ppo": -0.013069025797352918,
        "signal": -0.18699479909795186,
        "histogram": 0.17392577330059894
      },
      "stochRsi": {
        "k": 59.13461538461547,
        "d": 60.68376068376059
      },
      "vprofile": {
        "vpBins": [
          0.011222811657220187,
          0.010630989188579593,
          0.02029429832910852,
          0.028419470236248644,
          0.14244293587921453,
          0.1716925369019141,
          0.07087666920617738,
          0.03656333960483415,
          0.14897332559644808,
          0.18225149490035253,
          0.05746480794774341,
          0,
          0.028852273869346984,
          0.008826563467915964,
          0.028316954219174396,
          0.01043529957725217,
          0.01002586293490265,
          0.006756815630505178,
          0.025953550853061433,
          0
        ],
        "currentBinShare": 0.14244293587921453
      },
      "ttm": {
        "squeeze": true,
        "release": false,
        "widthPct": 2.9672186058725174
      }
    },
    "daily": {
      "sma20": 0.02178,
      "sma50": 0.02502,
      "ema20": 0.021462879935852795,
      "ema50": 0.024143766992976025,
      "vwma20": 0,
      "hma21": 0.01772727272727273,
      "atr14": 0.0013785714285714282,
      "atrPercentile": 0.013157894736842105,
      "rvolZ": 0,
      "rvolPercentile": 1,
      "mfi14": 50,
      "ppo": {
        "ppo": -7.375743528971472,
        "signal": -7.309986126270876,
        "histogram": -0.06575740270059605
      },
      "stochRsi": {
        "k": 52.57095890410959,
        "d": 23.227239415976126
      },
      "vprofile": {
        "vpBins": [
          0,
          0,
          0,
          0,
          0,
          0,
          0,
          0,
          0,
          0,
          0,
          0,
          0,
          0,
          0,
          0,
          0,
          0,
          0,
          0
        ],
        "currentBinShare": 0
      },
      "ttm": {
        "squeeze": false,
        "release": false,
        "widthPct": 47.1123602789074
      }
    }
  },
  "smaMin5": 0.01993000000000001,
  "emaMin5": 0.019931707946293512,
  "vwmaMin5": 0.019947989281937903,
  "hmaMin5": 0.01998051948051947,
  "keltner15": {
    "upper": 0.02003302320649263,
    "middle": 0.019928023206492628,
    "lower": 0.019823023206492627
  },
  "superTrend15": {
    "isBull": true,
    "finalUpper": 0.02011,
    "finalLower": 0.019690000000000003
  },
  "mfi15": 25.417407324998834,
  "stochRsi15": {
    "k": 88.88888888888893,
    "d": 53.7037037037037
  },
  "ppo15": {
    "ppo": 0.06351752991961737,
    "signal": 0.09183585471888239,
    "histogram": -0.02831832479926502
  },
  "vpMin15": {
    "vpBins": [
      0.02531787258059855,
      0,
      0,
      0.0014520365465982483,
      0,
      0,
      0.018872736111669737,
      0,
      0,
      0,
      0.15478272160727666,
      0,
      0,
      0.3945826367793015,
      0,
      0,
      0.4049919963745552,
      0,
      0,
      0
    ],
    "currentBinShare": 0.3945826367793015
  },
  "ttm15": {
    "squeeze": false,
    "release": false,
    "widthPct": 1.1174639965539475
  },
  "marketCorrelation": {
    "hourly": {
      "btcCorrelation": 0,
      "ethCorrelation": 0,
      "btcBeta": 1,
      "ethBeta": 1,
      "btcTrend": "UNKNOWN",
      "ethTrend": "UNKNOWN",
      "tokenVol": 0,
      "btcVol": 0,
      "ethVol": 0,
      "marketDependence": 0,
      "verdict": "INSUFFICIENT_DATA"
    },
    "min15": {
      "btcCorrelation": 0,
      "ethCorrelation": 0,
      "btcBeta": 1,
      "ethBeta": 1,
      "btcTrend": "UNKNOWN",
      "ethTrend": "UNKNOWN",
      "tokenVol": 0,
      "btcVol": 0,
      "ethVol": 0,
      "marketDependence": 0,
      "verdict": "INSUFFICIENT_DATA"
    },
    "daily": {
      "btcCorrelation": 0,
      "ethCorrelation": 0,
      "btcBeta": 1,
      "ethBeta": 1,
      "btcTrend": "UNKNOWN",
      "ethTrend": "UNKNOWN",
      "tokenVol": 0,
      "btcVol": 0,
      "ethVol": 0,
      "marketDependence": 0,
      "verdict": "INSUFFICIENT_DATA"
    }
  },
  "tradeTape": {
    "totalTrades": 0,
    "totalVolume": 0,
    "buysVolume": 0,
    "sellsVolume": 0,
    "buySellRatio": 0.5,
    "vwap": 0,
    "signedVolume": 0,
    "avgTradeSize": 0,
    "tradesPerSec": 0,
    "cumulativeDelta": 0,
    "tradesLast1m": 0,
    "tradesLast5m": 0,
    "tradesLast15m": 0,
    "tradesLast1h": 0,
    "buyVWAP": 0,
    "sellVWAP": 0,
    "aggressorVWAP": 0,
    "bucketDurationMs": 60000,
    "bucketCount": 15,
    "bucketSignedVolumes": [],
    "bucketVolumes": [],
    "bucketVWAPs": [],
    "latestBucketSignedZ": 0
  },
  "enhancedMetrics": {
    "relativeVolumeZScore": -1,
    "volumePercentile": 40,
    "atrPercentile": 29.1970802919708,
    "volatilityPercentile": 12.341772151898734,
    "relativeVolatilityRatio": 0.9977475144802525,
    "isHighVolume": false,
    "isHighVolatility": false,
    "isLowVolatility": true,
    "isExpandingVolatility": false,
    "isContractingVolatility": false
  },
  "orderBook": {
    "bidAskSpread": 0,
    "spreadPct": 0,
    "midPrice": 0,
    "bestBid": 0,
    "bestAsk": 0,
    "bidDepth": 0,
    "askDepth": 0,
    "orderBookImbalance": 0,
    "liquidityScore": 0,
    "depthAt1Pct": {
      "bidVolume": 0,
      "askVolume": 0,
      "imbalance": 0
    },
    "depthAt2Pct": {
      "bidVolume": 0,
      "askVolume": 0,
      "imbalance": 0
    },
    "depthAt5Pct": {
      "bidVolume": 0,
      "askVolume": 0,
      "imbalance": 0
    },
    "weightedMidPrice": 0,
    "volumeWeightedSpread": 0,
    "totalBidLevels": 0,
    "totalAskLevels": 0
  },
  "marketCap": {
    "marketCap": 0,
    "totalVolume24h": 0,
    "volumeToMarketCapRatio": 0,
    "marketCapRank": 0,
    "normalizedRank": 0,
    "isHighLiquidity": false,
    "isVeryHighLiquidity": false,
    "isLowLiquidity": true,
    "liquidityTier": "VERY_LOW"
  },
  "sweeps": {
    "sweepScore": 0,
    "sweepCount": 0,
    "sweepDirection": "NEUTRAL",
    "buySweeps": 0,
    "sellSweeps": 0,
    "avgSweepSize": 0,
    "avgSweepIntensity": 0,
    "bidLiftRatio": 0,
    "askLiftRatio": 0,
    "sweepFrequency": 0,
    "largestSweep": null,
    "recentSweepClusters": 0,
    "sweepDetails": []
  },
  "absorption": {
    "absorptionScore": 0,
    "absorptionLevel": null,
    "absorptionSide": "NONE",
    "icebergProbability": 0,
    "hiddenLiquidityEstimate": 0,
    "volumeAtPrice": {},
    "topAbsorptionLevels": [],
    "persistenceDuration": 0,
    "refillDetected": false
  },
  "orderArrival": {
    "avgInterArrivalTime": 0,
    "recentInterArrivalTime": 0,
    "accelerationRatio": 1,
    "hawkesIntensity": 0,
    "hawkesDirection": "NEUTRAL",
    "clusteringScore": 0,
    "burstCount": 0,
    "cascadeDetected": false,
    "timeToNextTrade": 0,
    "accelerationTrend": "STABLE"
  },
  "liquidityVacuum": {
    "vacuumScore": 0,
    "vacuumSide": "NONE",
    "bidVacuumSeverity": 0,
    "askVacuumSeverity": 0,
    "depthConcentration": 0,
    "priceImpact10k": 0,
    "priceImpact50k": 0,
    "priceImpact100k": 0,
    "largestGapBid": 0,
    "largestGapAsk": 0,
    "avgGapBid": 0,
    "avgGapAsk": 0,
    "bidCliffDistance": 0,
    "askCliffDistance": 0
  },
  "volatilityRegime": {
    "regime": "LOW",
    "regimeScore": -1,
    "currentATR": 0.001446,
    "avgATR": 0.001873,
    "atrPercentile": 1.3,
    "realizedVolatility": 56.27,
    "volPercentile": 22,
    "expanding": false,
    "contracting": false,
    "transitionProbability": 0,
    "daysInRegime": 5,
    "regimeStrength": 0.83
  },
  "temporalPatterns": {
    "currentHour": 10,
    "currentDay": 0,
    "currentDayName": "Sunday",
    "dayBias": "NEUTRAL",
    "hourlyProfile": [
      {
        "avgVolume": 451850.5,
        "avgATR": 0.000293,
        "avgReturn": 0.158
      },
      {
        "avgVolume": 207027.71,
        "avgATR": 0.000193,
        "avgReturn": -0.235
      },
      {
        "avgVolume": 303188.21,
        "avgATR": 0.000214,
        "avgReturn": -0.192
      },
      {
        "avgVolume": 213437.24,
        "avgATR": 0.000208,
        "avgReturn": -0.171
      },
      {
        "avgVolume": 174922.69,
        "avgATR": 0.000179,
        "avgReturn": 0.073
      },
      {
        "avgVolume": 299689.95,
        "avgATR": 0.000193,
        "avgReturn": 0.126
      },
      {
        "avgVolume": 342742.02,
        "avgATR": 0.000257,
        "avgReturn": -0.007
      },
      {
        "avgVolume": 279948.4,
        "avgATR": 0.000264,
        "avgReturn": 0.21
      },
      {
        "avgVolume": 112225.86,
        "avgATR": 0.00015,
        "avgReturn": 0.109
      },
      {
        "avgVolume": 129152.1,
        "avgATR": 0.000171,
        "avgReturn": -0.287
      },
      {
        "avgVolume": 179195.22,
        "avgATR": 0.000157,
        "avgReturn": 0.161
      },
      {
        "avgVolume": 280688.89,
        "avgATR": 0.000246,
        "avgReturn": -0.156
      },
      {
        "avgVolume": 214780.37,
        "avgATR": 0.000229,
        "avgReturn": 0.009
      },
      {
        "avgVolume": 189868.07,
        "avgATR": 0.000167,
        "avgReturn": -0.159
      },
      {
        "avgVolume": 448681.53,
        "avgATR": 0.000379,
        "avgReturn": 0.318
      },
      {
        "avgVolume": 371160.01,
        "avgATR": 0.000279,
        "avgReturn": -0.711
      },
      {
        "avgVolume": 518204.42,
        "avgATR": 0.000336,
        "avgReturn": -0.297
      },
      {
        "avgVolume": 806421.58,
        "avgATR": 0.000371,
        "avgReturn": 0.412
      },
      {
        "avgVolume": 956992.29,
        "avgATR": 0.000414,
        "avgReturn": 0.046
      },
      {
        "avgVolume": 478839.95,
        "avgATR": 0.0004,
        "avgReturn": -0.278
      },
      {
        "avgVolume": 332646.26,
        "avgATR": 0.000329,
        "avgReturn": 0.2
      },
      {
        "avgVolume": 431156.93,
        "avgATR": 0.00035,
        "avgReturn": -0.604
      },
      {
        "avgVolume": 470954.65,
        "avgATR": 0.000264,
        "avgReturn": -0.264
      },
      {
        "avgVolume": 306870.06,
        "avgATR": 0.000236,
        "avgReturn": 0.292
      }
    ],
    "dailyProfile": [
      {
        "avgVolume": 173405.98,
        "avgATR": 0.000196,
        "avgReturn": -0.118
      },
      {
        "avgVolume": 222002.74,
        "avgATR": 0.00021,
        "avgReturn": 0.155
      },
      {
        "avgVolume": 669478.02,
        "avgATR": 0.000415,
        "avgReturn": -0.205
      },
      {
        "avgVolume": 563320.11,
        "avgATR": 0.000373,
        "avgReturn": -0.054
      },
      {
        "avgVolume": 394553.45,
        "avgATR": 0.000279,
        "avgReturn": -0.058
      },
      {
        "avgVolume": 219807.96,
        "avgATR": 0.000194,
        "avgReturn": -0.039
      },
      {
        "avgVolume": 235350.94,
        "avgATR": 0.000162,
        "avgReturn": -0.041
      }
    ],
    "favorableHours": [
      18,
      17,
      16,
      19,
      22,
      0
    ],
    "favorableWindow": false,
    "currentVsAvgVolume": 0,
    "currentVsAvgVolatility": 0,
    "anomalyDetected": true,
    "timeUntilFavorable": 6,
    "temporalScore": 0
  },
  "unifiedMicrostructure": {
    "signalDirections": {
      "vpin": "NEUTRAL",
      "sweeps": "NEUTRAL",
      "absorption": "NEUTRAL",
      "arrival": "NEUTRAL",
      "vacuum": "NONE",
      "volRegime": "FAVORABLE",
      "temporal": "UNFAVORABLE"
    },
    "consensusDirection": "NEUTRAL",
    "consensusStrength": 50,
    "bullishSignals": 1,
    "bearishSignals": 1,
    "neutralSignals": 0,
    "totalAvailableSignals": 2,
    "dominantPattern": "NONE",
    "clusters": {
      "strongBuyCluster": false,
      "distributionPattern": false,
      "accumulationPattern": false,
      "momentumCascade": false
    },
    "adaptiveWeights": {
      "vpin": 0,
      "sweeps": 0,
      "absorption": 0,
      "arrival": 0,
      "vacuum": 0,
      "volRegime": 0.021,
      "temporal": 0.02
    },
    "convictionLevel": "LOW",
    "convictionScore": 30,
    "riskAdjustment": "REDUCE",
    "timingQuality": "UNFAVORABLE",
    "signalQuality": "LOW"
  },
  "deltaAnalysis": {
    "currentDelta": 0,
    "cumulativeDelta": 0,
    "deltaPerVolume": 0,
    "deltaDirection": "NEUTRAL",
    "deltaDivergence": false,
    "institutionalRatio": 0,
    "aggressionScore": 0
  },
  "volumeProfile": {
    "pointOfControl": 0,
    "valueAreaHigh": 0,
    "valueAreaLow": 0,
    "currentPosition": "ABOVE_VALUE_AREA",
    "volumeNodes": [],
    "airPockets": []
  },
  "momentumCascade": {
    "cascadeDetected": false,
    "alignmentScore": -0.004455527638190928,
    "cascadeStrength": 0,
    "acceleratingTimeframes": [],
    "divergingTimeframes": [
      "1m",
      "5m",
      "15m",
      "1h"
    ]
  },
  "breakoutConfirmation": {
    "breakoutConfirmed": false,
    "volumeConfirmation": false,
    "retestStrength": 0,
    "falseBreakoutRisk": 0,
    "breakoutQuality": "NO_BREAKOUT"
  },
  "liquidityHeatmap": {
    "liquidityScore": 0,
    "magnetDirection": "NONE",
    "magnetStrength": 0,
    "priceTarget5pct": null,
    "message": "No order book data"
  },
  "smartMoneyDivergence": {
    "divergenceDetected": false,
    "divergenceDirection": "NONE",
    "smartMoneyScore": 0.5,
    "message": "Insufficient trade data"
  },
  "microstructure": {
    "raw": -0.027581539314422986,
    "pct": 50,
    "summary": {
      "latestBucketSignedZ": 0,
      "buySellRatio": 0.5,
      "tradesPerSec": 0,
      "vwap": 0,
      "aggressorVWAP": 0,
      "vpinToxicity": "UNKNOWN",
      "sweepDirection": "NEUTRAL",
      "absorptionSide": "NONE",
      "icebergDetected": false,
      "hawkesDirection": "NEUTRAL",
      "cascadeDetected": false,
      "vacuumSide": "NONE",
      "volatilityRegime": "LOW",
      "volExpanding": false,
      "favorableTimeWindow": false,
      "temporalAnomaly": true,
      "consensusDirection": "NEUTRAL",
      "consensusStrength": 50,
      "dominantPattern": "NONE",
      "convictionLevel": "LOW",
      "riskAdjustment": "REDUCE",
      "timingQuality": "UNFAVORABLE",
      "deltaDirection": "NEUTRAL",
      "deltaDivergence": false,
      "institutionalRatio": 0,
      "volumeProfilePosition": "ABOVE_VALUE_AREA",
      "pointOfControl": 0,
      "momentumCascadeDetected": false,
      "cascadeStrength": 0,
      "breakoutQuality": "NO_BREAKOUT",
      "breakoutConfirmed": false,
      "magnetDirection": "NONE",
      "magnetStrength": 0,
      "priceTarget5pct": null,
      "nearestBidWall": 0,
      "nearestAskWall": 0,
      "divergenceDetected": false,
      "divergenceDirection": "NONE",
      "whaleAccumulation": false,
      "whaleDistribution": false,
      "retailPanic": false,
      "smartMoneyScore": 0.5
    }
  }
}

=== MICROSTRUCTURE ALERTS ===

🔬 VPIN: Insufficient data for VPIN analysis

🌊 SWEEP DETECTION: No significant sweeps detected

🧊 ABSORPTION & ICEBERG: No significant absorption or iceberg orders detected

⚡ ORDER ARRIVAL DYNAMICS: Insufficient trades for analysis

🌪️ LIQUIDITY VACUUM: No significant vacuum detected

📊 VOLATILITY REGIME DETECTION:
   Current Regime: LOW
   Regime Score: -1.00 (-1=low vol, +1=extreme vol)
   Days in Regime: 5
   ATR: $0.001446 (avg: $0.001873)
   ATR Percentile: 1.3%
   Realized Volatility: 56.27% (annualized)
   Vol Percentile: 22.0%

   🔵 LOW VOLATILITY REGIME:
   ✅ Ideal for breakout setups - price coiling
   ✅ Tight stops recommended
   ✅ Can increase position size (lower risk)

⏰ TEMPORAL PATTERN ANALYSIS:
   Current Time: Sunday 10:00 UTC
   Day Bias: NEUTRAL
   Current vs Avg Volume: 0x
   Current vs Avg Volatility: 0x

   ⏳ NON-FAVORABLE TIME WINDOW:
   This hour typically shows weaker activity
   Next favorable window in 6 hour(s)

   ⚠️ LOW ACTIVITY ANOMALY:
   Volume 0x below typical - Extremely quiet

   📉 LOW VOLATILITY ANOMALY:
   Volatility 0x below typical - Consolidation likely

   🔥 Best Trading Hours (UTC): 18:00, 17:00, 16:00

🎯 UNIFIED MICROSTRUCTURE INTEGRATION:
   Signal Consensus: NEUTRAL (50% agreement)
   Available Signals: 2 (1 bullish / 1 bearish / 0 neutral)
   Conviction Level: LOW (30%)
   Signal Quality: LOW
   Risk Adjustment: REDUCE
   Timing Quality: UNFAVORABLE

   ⚠️ LOW CONVICTION: Only 50% signal agreement
   Weak alignment - Reduce position size or wait for clarity

   ⚠️ RISK REDUCTION RECOMMENDED: Extreme volatility or unfavorable timing detected

   ⏰ UNFAVORABLE TIMING: Avoid trading during this hour

   Signal Directions Breakdown:
   • VPIN: NEUTRAL
   • Sweeps: NEUTRAL
   • Absorption: NEUTRAL
   • Arrival Dynamics: NEUTRAL
   • Liquidity Vacuum: NONE
   • Vol Regime: FAVORABLE
   • Temporal: UNFAVORABLE

   Adaptive Weights (Total: 4.1%):
   • VPIN: 0.0%
   • Sweeps: 0.0%
   • Absorption: 0.0%
   • Arrival: 0.0%
   • Vacuum: 0.0%
   • Vol Regime: 2.1%
   • Temporal: 2.0%


💹 DELTA ANALYSIS (Order Flow Aggression):
   Direction: NEUTRAL
   Delta Per Volume: 0.00%
   Institutional Ratio: 0.0%
   Aggression Score: 0.0%

📊 VOLUME PROFILE (Support/Resistance Strength):
   Point of Control (POC): $0.000000
   Value Area High: $0.000000
   Value Area Low: $0.000000
   Current Position: ABOVE_VALUE_AREA
   ⚠️ DISTRIBUTION RISK: Price above value area - potential rejection zone

⚡ MOMENTUM CASCADE (Multi-Timeframe Alignment):
   Cascade Detected: NO
   Alignment Score: -0.4%
   Cascade Strength: 0.0%
   Accelerating: None
   Diverging: 1m, 5m, 15m, 1h

💥 BREAKOUT CONFIRMATION:
   Quality: NO_BREAKOUT
   Volume Confirmation: NO
   Retest Strength: 0.0%
   False Breakout Risk: 0.0%
   No breakout detected - price below resistance


levels:
Entry=0.0198602, StopLoss=0.019363695, TakeProfit=0.019902615, 0.019945030000000002, 0.019978962

---

=== Token: STRK (STRK) ===
Contract: STRK-USD
Timestamp: 2025-06-29T13:25:00.000Z

Calculations:
{
  "momentumScore": 63.847405718937836,
  "volumeScore": 59.427006582179,
  "patternScore": 20,
  "totalScore": 45.343710406461234,
  "finalScore": 45.343710406461234,
  "weights": "0.23,0.45,0.23",
  "hourlyUptrend": false,
  "rsi": 50,
  "ultraShortVolumeSurge": 1.3508172988381497,
  "baseVolumeSurge": 0.020687931130646823,
  "currentPrice": 0.115,
  "resistance": 0.116,
  "support": 0.115,
  "rocMin5": 0,
  "shortROC": 0,
  "priceAcceleration": 0,
  "buySellRatio": 0,
  "macdHistogram": -0.000046191675633117275,
  "stochasticK": 50,
  "atr": 0.00028571428571428595,
  "bbUpper": 0.11670997512422424,
  "bbLower": 0.11269002487577587,
  "hammerDetected": false,
  "engulfingDetected": false,
  "compressionSpring": {
    "detected": true,
    "confidence": 56,
    "signals": {
      "sidewaysPrice": true,
      "atrCompression": false,
      "bbSqueeze": true,
      "consolidationTime": true,
      "strongBuying": false,
      "obvPositive": false,
      "chaikinPositive": false,
      "rsiNeutral": true,
      "volumeBuilding": true
    },
    "metrics": {
      "priceRange": 0.87,
      "atrRatio": 1.333,
      "bbWidth": 3.5,
      "volumeRatio": 1.069,
      "signalCount": 5,
      "buySellRatio": 0
    }
  },
  "riskTier": "MEDIUM",
  "atrPercent": 0.37267080745341646,
  "distanceToResistance": 0.8695652173913051,
  "slPercent": 3,
  "tpPercent": 0.7391304347826093,
  "trailingActivation": 0.4434782608695656,
  "shortMomentumScore": 0,
  "overboughtScore": 0,
  "shortPatternScore": 0,
  "shootingStarDetected": false,
  "bearishEngulfingDetected": false,
  "eveningStarDetected": false,
  "bearishPatternsCount": 0,
  "shortTotalScore": 0,
  "chaikin": 0.07482982385801083,
  "obvIncreasing": true,
  "obvTrend": "increasing",
  "adx": 20.000000000000007,
  "recentCandles": {
    "redCount": 0,
    "greenCount": 10
  },
  "resistanceDistance": 0.8695652173913051,
  "multiplePatterns": false,
  "bullishPattern": false,
  "priceAboveVWAP": true,
  "breakingResistance": true,
  "atrSufficient": false,
  "macdDivergenceBearish": false,
  "rvolMin1": -0.03811572169767902,
  "rvolMin5": 0.751429039987618,
  "atrPercentileOld": 0.2682926829268293,
  "vwapDeviation": 2.028326541201048,
  "bbWidthPercent": 3.5047517423263868,
  "bbSqueeze": false,
  "multiTFMomentum": {
    "min1": {
      "roc1": 0,
      "roc3": 0
    },
    "min5": {
      "roc1": 0,
      "roc3": 0
    },
    "min15": {
      "roc1": 0,
      "roc3": 0
    },
    "hourly": {
      "roc1": 0,
      "roc3": 0
    },
    "fourHour": {
      "roc1": -0.00862068965517242,
      "roc3": 0.008771929824561412
    },
    "divergenceShortUpLongDown": false
  },
  "returnZMin5": -0.052268597277656446,
  "wickClosePct": 0,
  "wickUpper": 0,
  "wickLower": 0,
  "wickRatio": 0,
  "donchianBreakout15": false,
  "bbWidthPercentile15": 0.6363636363636364,
  "signedMin5": 295976.53000000014,
  "signedMin5Z": 50.771974465819646,
  "signedMin1": 250450.08000000007,
  "signedMin1Z": 50.48270086790562,
  "streakMin1": {
    "upStreak": 0,
    "downStreak": 0
  },
  "streakMin5": {
    "upStreak": 0,
    "downStreak": 0
  },
  "rvolPercentileMin1": 0.7680555555555556,
  "rvolPercentileMin5": 0.8611111111111112,
  "perTfMetrics": {
    "min1": {
      "sma20": 0.11530000000000004,
      "sma50": 0.11412000000000004,
      "ema20": 0.11500892552076293,
      "ema50": 0.11448556259191767,
      "vwma20": 0.11545404153387016,
      "hma21": 0.11507792207792204,
      "atr14": 0.00021428571428571446,
      "atrPercentile": 0.2945619335347432,
      "rvolZ": -0.03811572169767902,
      "rvolPercentile": 0.7680555555555556,
      "mfi14": 11.57635262963258,
      "ppo": {
        "ppo": 0.17718028950622955,
        "signal": 0.2909870244602587,
        "histogram": -0.11380673495402915
      },
      "stochRsi": {
        "k": 0,
        "d": 33.33333333333333
      },
      "vprofile": {
        "vpBins": [
          0.03133931351607859,
          0,
          0,
          0.08536429014690433,
          0,
          0,
          0.10106737247544241,
          0,
          0,
          0,
          0.3244546592059401,
          0,
          0,
          0.22552140495193557,
          0,
          0,
          0.17219686115091132,
          0,
          0,
          0.06005609855278769
        ],
        "currentBinShare": 0.17219686115091132
      },
      "ttm": {
        "squeeze": false,
        "release": false,
        "widthPct": 1.589792088449561
      }
    },
    "min5": {
      "sma20": 0.11505000000000006,
      "sma50": 0.11384000000000002,
      "ema20": 0.11489613078398292,
      "ema50": 0.11430439646617711,
      "vwma20": 0.11480637380278019,
      "hma21": 0.1157272727272727,
      "atr14": 0.00028571428571428595,
      "atrPercentile": 0.29927007299270075,
      "rvolZ": 0.751429039987618,
      "rvolPercentile": 0.8611111111111112,
      "mfi14": 17.691728986850308,
      "ppo": {
        "ppo": 0.3201521497877322,
        "signal": 0.40658508465095705,
        "histogram": -0.08643293486322484
      },
      "stochRsi": {
        "k": 66.66666666666666,
        "d": 50
      },
      "vprofile": {
        "vpBins": [
          0.0052106001945783345,
          0,
          0.015247575987772186,
          0,
          0.05824844369719444,
          0,
          0.1756919461466341,
          0,
          0.21079028025540777,
          0,
          0,
          0.0676232510971816,
          0,
          0.18733853876490802,
          0,
          0.13747862625204918,
          0,
          0.10607164639033496,
          0,
          0.03629909121393922
        ],
        "currentBinShare": 0.10607164639033496
      },
      "ttm": {
        "squeeze": false,
        "release": false,
        "widthPct": 2.049513450247993
      }
    },
    "min15": {
      "sma20": 0.11470000000000005,
      "sma50": 0.11408000000000003,
      "ema20": 0.11478349683492788,
      "ema50": 0.11404286567686717,
      "vwma20": 0.1146133798057844,
      "hma21": 0.11610822510822508,
      "atr14": 0.00042857142857142893,
      "atrPercentile": 0.2682926829268293,
      "rvolZ": 0.24107498918248327,
      "rvolPercentile": 0.75,
      "mfi14": 26.7210630503686,
      "ppo": {
        "ppo": 0.39376937922730465,
        "signal": 0.42831435915201205,
        "histogram": -0.0345449799247074
      },
      "stochRsi": {
        "k": 75,
        "d": 62.22222222222222
      },
      "vprofile": {
        "vpBins": [
          0.023287740217982706,
          0,
          0.10741039261279269,
          0,
          0,
          0.1825818317174366,
          0,
          0,
          0.07892598281609084,
          0,
          0,
          0.2318490610162926,
          0,
          0,
          0.184962378683711,
          0,
          0,
          0.1240693411135645,
          0,
          0.0669132718221291
        ],
        "currentBinShare": 0.1240693411135645
      },
      "ttm": {
        "squeeze": false,
        "release": false,
        "widthPct": 3.5047517423263868
      }
    },
    "hourly": {
      "sma20": 0.11410000000000002,
      "sma50": 0.11138000000000009,
      "ema20": 0.11383233536758675,
      "ema50": 0.11228024039972857,
      "vwma20": 0.1141407475248952,
      "hma21": 0.11431601731601726,
      "atr14": 0.0007857142857142864,
      "atrPercentile": 0.012422360248447204,
      "rvolZ": -0.6191204247366839,
      "rvolPercentile": 0.16964285714285715,
      "mfi14": 36.54910549756667,
      "ppo": {
        "ppo": 0.8580646906233672,
        "signal": 0.8575843292326598,
        "histogram": 0.0004803613907073956
      },
      "stochRsi": {
        "k": 0,
        "d": 52.38095238095238
      },
      "vprofile": {
        "vpBins": [
          0,
          0.011888943578110751,
          0.04813169798660275,
          0.009507309423312115,
          0.050885109068805986,
          0.024729842634426,
          0.12652787718542788,
          0.017253184889247465,
          0.09354327096090152,
          0.052231384924927356,
          0.01826401234495809,
          0.03026610511484542,
          0.13873095858912043,
          0.09486502069470346,
          0.035012724488684116,
          0.07441614414373995,
          0.08545397234795322,
          0.03650921999195456,
          0.007895209991741918,
          0.04388801164053682
        ],
        "currentBinShare": 0.08545397234795322
      },
      "ttm": {
        "squeeze": false,
        "release": false,
        "widthPct": 3.307267706242447
      }
    },
    "fourHour": {
      "sma20": 0.11040000000000003,
      "sma50": 0.10944000000000004,
      "ema20": 0.11171925615312267,
      "ema50": 0.11120061363959627,
      "vwma20": 0.10926358774610397,
      "hma21": 0.11380086580086576,
      "atr14": 0.0022142857142857164,
      "atrPercentile": 0.02857142857142857,
      "rvolZ": -0.9630602787156637,
      "rvolPercentile": 0.07142857142857142,
      "mfi14": 66.07916239048615,
      "ppo": {
        "ppo": 1.0392776196787539,
        "signal": 0.4266434810802983,
        "histogram": 0.6126341385984555
      },
      "stochRsi": {
        "k": 74.4038155802862,
        "d": 65.91386554621849
      },
      "vprofile": {
        "vpBins": [
          0,
          0.07311624854362625,
          0,
          0.00886740235721501,
          0.018038150637691527,
          0.06420819167104651,
          0.0575950657545953,
          0.05215259067206378,
          0.07532753506808569,
          0.16501345714067606,
          0.09203533885100827,
          0.08514371229563952,
          0.10927589342082562,
          0.03387738053153284,
          0.04063617246829684,
          0.022549328163127005,
          0,
          0.012183041279143709,
          0.07982354707830515,
          0.010156944067120888
        ],
        "currentBinShare": 0.10927589342082562
      },
      "ttm": {
        "squeeze": false,
        "release": false,
        "widthPct": 10.014692000786424
      }
    },
    "daily": {
      "sma20": 0.11740000000000003,
      "sma50": 0.13852000000000003,
      "ema20": 0.11843300754974491,
      "ema50": 0.12970718111013801,
      "vwma20": 0,
      "hma21": 0.10466233766233764,
      "atr14": 0.009142857142857147,
      "atrPercentile": 0.10526315789473684,
      "rvolZ": 0,
      "rvolPercentile": 1,
      "mfi14": 50,
      "ppo": {
        "ppo": -5.121685535290373,
        "signal": -6.490717959733063,
        "histogram": 1.3690324244426897
      },
      "stochRsi": {
        "k": 100,
        "d": 46.38715837212079
      },
      "vprofile": {
        "vpBins": [
          0,
          0,
          0,
          0,
          0,
          0,
          0,
          0,
          0,
          0,
          0,
          0,
          0,
          0,
          0,
          0,
          0,
          0,
          0,
          0
        ],
        "currentBinShare": 0
      },
      "ttm": {
        "squeeze": false,
        "release": false,
        "widthPct": 36.080468677457134
      }
    }
  },
  "smaMin5": 0.11505000000000006,
  "emaMin5": 0.11489613078398292,
  "vwmaMin5": 0.11480637380278019,
  "hmaMin5": 0.1157272727272727,
  "keltner15": {
    "upper": 0.11538349683492788,
    "middle": 0.11478349683492788,
    "lower": 0.11418349683492787
  },
  "superTrend15": {
    "isBull": true,
    "finalUpper": 0.11620000000000001,
    "finalLower": 0.1138
  },
  "mfi15": 26.7210630503686,
  "stochRsi15": {
    "k": 75,
    "d": 62.22222222222222
  },
  "ppo15": {
    "ppo": 0.39376937922730465,
    "signal": 0.42831435915201205,
    "histogram": -0.0345449799247074
  },
  "vpMin15": {
    "vpBins": [
      0.023287740217982706,
      0,
      0.10741039261279269,
      0,
      0,
      0.1825818317174366,
      0,
      0,
      0.07892598281609084,
      0,
      0,
      0.2318490610162926,
      0,
      0,
      0.184962378683711,
      0,
      0,
      0.1240693411135645,
      0,
      0.0669132718221291
    ],
    "currentBinShare": 0.1240693411135645
  },
  "ttm15": {
    "squeeze": false,
    "release": false,
    "widthPct": 3.5047517423263868
  },
  "marketCorrelation": {
    "hourly": {
      "btcCorrelation": 0,
      "ethCorrelation": 0,
      "btcBeta": 1,
      "ethBeta": 1,
      "btcTrend": "UNKNOWN",
      "ethTrend": "UNKNOWN",
      "tokenVol": 0,
      "btcVol": 0,
      "ethVol": 0,
      "marketDependence": 0,
      "verdict": "INSUFFICIENT_DATA"
    },
    "min15": {
      "btcCorrelation": 0,
      "ethCorrelation": 0,
      "btcBeta": 1,
      "ethBeta": 1,
      "btcTrend": "UNKNOWN",
      "ethTrend": "UNKNOWN",
      "tokenVol": 0,
      "btcVol": 0,
      "ethVol": 0,
      "marketDependence": 0,
      "verdict": "INSUFFICIENT_DATA"
    },
    "daily": {
      "btcCorrelation": 0,
      "ethCorrelation": 0,
      "btcBeta": 1,
      "ethBeta": 1,
      "btcTrend": "UNKNOWN",
      "ethTrend": "UNKNOWN",
      "tokenVol": 0,
      "btcVol": 0,
      "ethVol": 0,
      "marketDependence": 0,
      "verdict": "INSUFFICIENT_DATA"
    }
  },
  "tradeTape": {
    "totalTrades": 0,
    "totalVolume": 0,
    "buysVolume": 0,
    "sellsVolume": 0,
    "buySellRatio": 0.5,
    "vwap": 0,
    "signedVolume": 0,
    "avgTradeSize": 0,
    "tradesPerSec": 0,
    "cumulativeDelta": 0,
    "tradesLast1m": 0,
    "tradesLast5m": 0,
    "tradesLast15m": 0,
    "tradesLast1h": 0,
    "buyVWAP": 0,
    "sellVWAP": 0,
    "aggressorVWAP": 0,
    "bucketDurationMs": 60000,
    "bucketCount": 15,
    "bucketSignedVolumes": [],
    "bucketVolumes": [],
    "bucketVWAPs": [],
    "latestBucketSignedZ": 0
  },
  "enhancedMetrics": {
    "relativeVolumeZScore": -1,
    "volumePercentile": 40,
    "atrPercentile": 20.072992700729927,
    "volatilityPercentile": 1.5822784810126582,
    "relativeVolatilityRatio": 0.9751039362001191,
    "isHighVolume": false,
    "isHighVolatility": false,
    "isLowVolatility": true,
    "isExpandingVolatility": false,
    "isContractingVolatility": false
  },
  "orderBook": {
    "bidAskSpread": 0,
    "spreadPct": 0,
    "midPrice": 0,
    "bestBid": 0,
    "bestAsk": 0,
    "bidDepth": 0,
    "askDepth": 0,
    "orderBookImbalance": 0,
    "liquidityScore": 0,
    "depthAt1Pct": {
      "bidVolume": 0,
      "askVolume": 0,
      "imbalance": 0
    },
    "depthAt2Pct": {
      "bidVolume": 0,
      "askVolume": 0,
      "imbalance": 0
    },
    "depthAt5Pct": {
      "bidVolume": 0,
      "askVolume": 0,
      "imbalance": 0
    },
    "weightedMidPrice": 0,
    "volumeWeightedSpread": 0,
    "totalBidLevels": 0,
    "totalAskLevels": 0
  },
  "marketCap": {
    "marketCap": 0,
    "totalVolume24h": 0,
    "volumeToMarketCapRatio": 0,
    "marketCapRank": 0,
    "normalizedRank": 0,
    "isHighLiquidity": false,
    "isVeryHighLiquidity": false,
    "isLowLiquidity": true,
    "liquidityTier": "VERY_LOW"
  },
  "sweeps": {
    "sweepScore": 0,
    "sweepCount": 0,
    "sweepDirection": "NEUTRAL",
    "buySweeps": 0,
    "sellSweeps": 0,
    "avgSweepSize": 0,
    "avgSweepIntensity": 0,
    "bidLiftRatio": 0,
    "askLiftRatio": 0,
    "sweepFrequency": 0,
    "largestSweep": null,
    "recentSweepClusters": 0,
    "sweepDetails": []
  },
  "absorption": {
    "absorptionScore": 0,
    "absorptionLevel": null,
    "absorptionSide": "NONE",
    "icebergProbability": 0,
    "hiddenLiquidityEstimate": 0,
    "volumeAtPrice": {},
    "topAbsorptionLevels": [],
    "persistenceDuration": 0,
    "refillDetected": false
  },
  "orderArrival": {
    "avgInterArrivalTime": 0,
    "recentInterArrivalTime": 0,
    "accelerationRatio": 1,
    "hawkesIntensity": 0,
    "hawkesDirection": "NEUTRAL",
    "clusteringScore": 0,
    "burstCount": 0,
    "cascadeDetected": false,
    "timeToNextTrade": 0,
    "accelerationTrend": "STABLE"
  },
  "liquidityVacuum": {
    "vacuumScore": 0,
    "vacuumSide": "NONE",
    "bidVacuumSeverity": 0,
    "askVacuumSeverity": 0,
    "depthConcentration": 0,
    "priceImpact10k": 0,
    "priceImpact50k": 0,
    "priceImpact100k": 0,
    "largestGapBid": 0,
    "largestGapAsk": 0,
    "avgGapBid": 0,
    "avgGapAsk": 0,
    "bidCliffDistance": 0,
    "askCliffDistance": 0
  },
  "volatilityRegime": {
    "regime": "LOW",
    "regimeScore": -1,
    "currentATR": 0.008923,
    "avgATR": 0.011559,
    "atrPercentile": 7.9,
    "realizedVolatility": 73.18,
    "volPercentile": 0,
    "expanding": false,
    "contracting": true,
    "transitionProbability": 0.4,
    "daysInRegime": 5,
    "regimeStrength": 1.61
  },
  "temporalPatterns": {
    "currentHour": 10,
    "currentDay": 0,
    "currentDayName": "Sunday",
    "dayBias": "NEUTRAL",
    "hourlyProfile": [
      {
        "avgVolume": 93038.38,
        "avgATR": 0.0015,
        "avgReturn": 0.232
      },
      {
        "avgVolume": 46510.93,
        "avgATR": 0.0015,
        "avgReturn": -0.046
      },
      {
        "avgVolume": 56209.09,
        "avgATR": 0.0015,
        "avgReturn": 0.122
      },
      {
        "avgVolume": 33164.16,
        "avgATR": 0.001143,
        "avgReturn": -0.068
      },
      {
        "avgVolume": 52717.94,
        "avgATR": 0.000929,
        "avgReturn": -0.254
      },
      {
        "avgVolume": 27297.45,
        "avgATR": 0.001214,
        "avgReturn": 0.458
      },
      {
        "avgVolume": 38582.41,
        "avgATR": 0.001214,
        "avgReturn": 0.077
      },
      {
        "avgVolume": 42874.62,
        "avgATR": 0.001214,
        "avgReturn": 0.196
      },
      {
        "avgVolume": 55224.36,
        "avgATR": 0.001214,
        "avgReturn": -0.373
      },
      {
        "avgVolume": 64872.32,
        "avgATR": 0.001143,
        "avgReturn": -0.144
      },
      {
        "avgVolume": 83084.19,
        "avgATR": 0.001286,
        "avgReturn": -0.367
      },
      {
        "avgVolume": 56911.23,
        "avgATR": 0.001154,
        "avgReturn": 0.28
      },
      {
        "avgVolume": 30942.29,
        "avgATR": 0.001214,
        "avgReturn": -0.379
      },
      {
        "avgVolume": 119812.28,
        "avgATR": 0.002071,
        "avgReturn": -0.218
      },
      {
        "avgVolume": 168873.05,
        "avgATR": 0.002214,
        "avgReturn": -0.108
      },
      {
        "avgVolume": 50302.71,
        "avgATR": 0.001786,
        "avgReturn": -0.389
      },
      {
        "avgVolume": 109789.73,
        "avgATR": 0.002,
        "avgReturn": -0.714
      },
      {
        "avgVolume": 120254.48,
        "avgATR": 0.002643,
        "avgReturn": 0.548
      },
      {
        "avgVolume": 83055.02,
        "avgATR": 0.001857,
        "avgReturn": -0.128
      },
      {
        "avgVolume": 51728.25,
        "avgATR": 0.001571,
        "avgReturn": 0.335
      },
      {
        "avgVolume": 71042.62,
        "avgATR": 0.002071,
        "avgReturn": 0.981
      },
      {
        "avgVolume": 55290.96,
        "avgATR": 0.001857,
        "avgReturn": -0.573
      },
      {
        "avgVolume": 69113.76,
        "avgATR": 0.002214,
        "avgReturn": 0.31
      },
      {
        "avgVolume": 72652.07,
        "avgATR": 0.001357,
        "avgReturn": 0.223
      }
    ],
    "dailyProfile": [
      {
        "avgVolume": 66561.51,
        "avgATR": 0.001521,
        "avgReturn": -0.053
      },
      {
        "avgVolume": 73643.87,
        "avgATR": 0.001771,
        "avgReturn": 0.258
      },
      {
        "avgVolume": 105957.91,
        "avgATR": 0.001937,
        "avgReturn": -0.081
      },
      {
        "avgVolume": 91691.64,
        "avgATR": 0.001792,
        "avgReturn": -0.068
      },
      {
        "avgVolume": 59557.15,
        "avgATR": 0.001375,
        "avgReturn": -0.069
      },
      {
        "avgVolume": 41061.1,
        "avgATR": 0.001438,
        "avgReturn": -0.031
      },
      {
        "avgVolume": 43472.25,
        "avgATR": 0.001213,
        "avgReturn": 0.038
      }
    ],
    "favorableHours": [
      14,
      17,
      13,
      16,
      0,
      18
    ],
    "favorableWindow": false,
    "currentVsAvgVolume": 0,
    "currentVsAvgVolatility": 0,
    "anomalyDetected": true,
    "timeUntilFavorable": 3,
    "temporalScore": 0
  },
  "unifiedMicrostructure": {
    "signalDirections": {
      "vpin": "NEUTRAL",
      "sweeps": "NEUTRAL",
      "absorption": "NEUTRAL",
      "arrival": "NEUTRAL",
      "vacuum": "NONE",
      "volRegime": "FAVORABLE",
      "temporal": "UNFAVORABLE"
    },
    "consensusDirection": "NEUTRAL",
    "consensusStrength": 50,
    "bullishSignals": 1,
    "bearishSignals": 1,
    "neutralSignals": 0,
    "totalAvailableSignals": 2,
    "dominantPattern": "NONE",
    "clusters": {
      "strongBuyCluster": false,
      "distributionPattern": false,
      "accumulationPattern": false,
      "momentumCascade": false
    },
    "adaptiveWeights": {
      "vpin": 0,
      "sweeps": 0,
      "absorption": 0,
      "arrival": 0,
      "vacuum": 0,
      "volRegime": 0.021,
      "temporal": 0.02
    },
    "convictionLevel": "LOW",
    "convictionScore": 30,
    "riskAdjustment": "REDUCE",
    "timingQuality": "UNFAVORABLE",
    "signalQuality": "LOW"
  },
  "deltaAnalysis": {
    "currentDelta": 0,
    "cumulativeDelta": 0,
    "deltaPerVolume": 0,
    "deltaDirection": "NEUTRAL",
    "deltaDivergence": false,
    "institutionalRatio": 0,
    "aggressionScore": 0
  },
  "volumeProfile": {
    "pointOfControl": 0,
    "valueAreaHigh": 0,
    "valueAreaLow": 0,
    "currentPosition": "ABOVE_VALUE_AREA",
    "volumeNodes": [],
    "airPockets": []
  },
  "momentumCascade": {
    "cascadeDetected": false,
    "alignmentScore": -0.004482758620689659,
    "cascadeStrength": 0,
    "acceleratingTimeframes": [],
    "divergingTimeframes": [
      "1m",
      "5m",
      "15m",
      "1h"
    ]
  },
  "breakoutConfirmation": {
    "breakoutConfirmed": false,
    "volumeConfirmation": false,
    "retestStrength": 0,
    "falseBreakoutRisk": 0,
    "breakoutQuality": "NO_BREAKOUT"
  },
  "liquidityHeatmap": {
    "liquidityScore": 0,
    "magnetDirection": "NONE",
    "magnetStrength": 0,
    "priceTarget5pct": null,
    "message": "No order book data"
  },
  "smartMoneyDivergence": {
    "divergenceDetected": false,
    "divergenceDirection": "NONE",
    "smartMoneyScore": 0.5,
    "message": "Insufficient trade data"
  },
  "microstructure": {
    "raw": -0.026410884228032894,
    "pct": 50,
    "summary": {
      "latestBucketSignedZ": 0,
      "buySellRatio": 0.5,
      "tradesPerSec": 0,
      "vwap": 0,
      "aggressorVWAP": 0,
      "vpinToxicity": "UNKNOWN",
      "sweepDirection": "NEUTRAL",
      "absorptionSide": "NONE",
      "icebergDetected": false,
      "hawkesDirection": "NEUTRAL",
      "cascadeDetected": false,
      "vacuumSide": "NONE",
      "volatilityRegime": "LOW",
      "volExpanding": false,
      "favorableTimeWindow": false,
      "temporalAnomaly": true,
      "consensusDirection": "NEUTRAL",
      "consensusStrength": 50,
      "dominantPattern": "NONE",
      "convictionLevel": "LOW",
      "riskAdjustment": "REDUCE",
      "timingQuality": "UNFAVORABLE",
      "deltaDirection": "NEUTRAL",
      "deltaDivergence": false,
      "institutionalRatio": 0,
      "volumeProfilePosition": "ABOVE_VALUE_AREA",
      "pointOfControl": 0,
      "momentumCascadeDetected": false,
      "cascadeStrength": 0,
      "breakoutQuality": "NO_BREAKOUT",
      "breakoutConfirmed": false,
      "magnetDirection": "NONE",
      "magnetStrength": 0,
      "priceTarget5pct": null,
      "nearestBidWall": 0,
      "nearestAskWall": 0,
      "divergenceDetected": false,
      "divergenceDirection": "NONE",
      "whaleAccumulation": false,
      "whaleDistribution": false,
      "retailPanic": false,
      "smartMoneyScore": 0.5
    }
  }
}

=== MICROSTRUCTURE ALERTS ===

🔬 VPIN: Insufficient data for VPIN analysis

🌊 SWEEP DETECTION: No significant sweeps detected

🧊 ABSORPTION & ICEBERG: No significant absorption or iceberg orders detected

⚡ ORDER ARRIVAL DYNAMICS: Insufficient trades for analysis

🌪️ LIQUIDITY VACUUM: No significant vacuum detected

📊 VOLATILITY REGIME DETECTION:
   Current Regime: LOW
   Regime Score: -1.00 (-1=low vol, +1=extreme vol)
   Days in Regime: 5
   ATR: $0.008923 (avg: $0.011559)
   ATR Percentile: 7.9%
   Realized Volatility: 73.18% (annualized)
   Vol Percentile: 0.0%

   🔵 LOW VOLATILITY REGIME:
   ✅ Ideal for breakout setups - price coiling
   ✅ Tight stops recommended
   ✅ Can increase position size (lower risk)

   📉 VOLATILITY CONTRACTING:
   🔄 Consolidation phase - accumulation likely
   ⏳ Wait for expansion before entering

   📍 MODERATE REGIME TRANSITION PROBABILITY: 40%
   Monitor for potential regime change

⏰ TEMPORAL PATTERN ANALYSIS:
   Current Time: Sunday 10:00 UTC
   Day Bias: NEUTRAL
   Current vs Avg Volume: 0x
   Current vs Avg Volatility: 0x

   ⏳ NON-FAVORABLE TIME WINDOW:
   This hour typically shows weaker activity
   Next favorable window in 3 hour(s)

   ⚠️ LOW ACTIVITY ANOMALY:
   Volume 0x below typical - Extremely quiet

   📉 LOW VOLATILITY ANOMALY:
   Volatility 0x below typical - Consolidation likely

   🔥 Best Trading Hours (UTC): 14:00, 17:00, 13:00

🎯 UNIFIED MICROSTRUCTURE INTEGRATION:
   Signal Consensus: NEUTRAL (50% agreement)
   Available Signals: 2 (1 bullish / 1 bearish / 0 neutral)
   Conviction Level: LOW (30%)
   Signal Quality: LOW
   Risk Adjustment: REDUCE
   Timing Quality: UNFAVORABLE

   ⚠️ LOW CONVICTION: Only 50% signal agreement
   Weak alignment - Reduce position size or wait for clarity

   ⚠️ RISK REDUCTION RECOMMENDED: Extreme volatility or unfavorable timing detected

   ⏰ UNFAVORABLE TIMING: Avoid trading during this hour

   Signal Directions Breakdown:
   • VPIN: NEUTRAL
   • Sweeps: NEUTRAL
   • Absorption: NEUTRAL
   • Arrival Dynamics: NEUTRAL
   • Liquidity Vacuum: NONE
   • Vol Regime: FAVORABLE
   • Temporal: UNFAVORABLE

   Adaptive Weights (Total: 4.1%):
   • VPIN: 0.0%
   • Sweeps: 0.0%
   • Absorption: 0.0%
   • Arrival: 0.0%
   • Vacuum: 0.0%
   • Vol Regime: 2.1%
   • Temporal: 2.0%


💹 DELTA ANALYSIS (Order Flow Aggression):
   Direction: NEUTRAL
   Delta Per Volume: 0.00%
   Institutional Ratio: 0.0%
   Aggression Score: 0.0%

📊 VOLUME PROFILE (Support/Resistance Strength):
   Point of Control (POC): $0.000000
   Value Area High: $0.000000
   Value Area Low: $0.000000
   Current Position: ABOVE_VALUE_AREA
   ⚠️ DISTRIBUTION RISK: Price above value area - potential rejection zone

⚡ MOMENTUM CASCADE (Multi-Timeframe Alignment):
   Cascade Detected: NO
   Alignment Score: -0.4%
   Cascade Strength: 0.0%
   Accelerating: None
   Diverging: 1m, 5m, 15m, 1h

💥 BREAKOUT CONFIRMATION:
   Quality: NO_BREAKOUT
   Volume Confirmation: NO
   Retest Strength: 0.0%
   False Breakout Risk: 0.0%
   No breakout detected - price below resistance


levels:
Entry=0.11477000000000001, StopLoss=0.1113269, TakeProfit=0.11519415000000002, 0.11561830000000002, 0.11595762000000001

---

=== Token: NEON (NEON) ===
Contract: NEON-USD
Timestamp: 2025-06-29T13:25:00.000Z

Calculations:
{
  "momentumScore": 35.89179539616879,
  "volumeScore": 50.04794231267653,
  "patternScore": 10.036075769086324,
  "totalScore": 32.490145939886744,
  "finalScore": 32.490145939886744,
  "weights": "0.23,0.45,0.23",
  "hourlyUptrend": false,
  "rsi": 40.236686390532455,
  "ultraShortVolumeSurge": 0.08255297519374859,
  "baseVolumeSurge": 0.01383789261502271,
  "currentPrice": 0.10152,
  "resistance": 0.10303,
  "support": 0.10056,
  "rocMin5": 0.007042952088086522,
  "shortROC": 0.006543723973825044,
  "priceAcceleration": 0.0017602361572904433,
  "buySellRatio": 0.9350650028658742,
  "macdHistogram": 0.00004794231267653569,
  "stochasticK": 38.8663967611337,
  "atr": 0.000707857142857143,
  "bbUpper": 0.1034269730531363,
  "bbLower": 0.1004860269468637,
  "hammerDetected": false,
  "engulfingDetected": false,
  "compressionSpring": {
    "detected": true,
    "confidence": 56,
    "signals": {
      "sidewaysPrice": true,
      "atrCompression": false,
      "bbSqueeze": true,
      "consolidationTime": true,
      "strongBuying": true,
      "obvPositive": false,
      "chaikinPositive": false,
      "rsiNeutral": true,
      "volumeBuilding": false
    },
    "metrics": {
      "priceRange": 2.46,
      "atrRatio": 1.428,
      "bbWidth": 2.88,
      "volumeRatio": 1.32,
      "signalCount": 5,
      "buySellRatio": 0.935
    }
  },
  "riskTier": "LOW",
  "atrPercent": 0.687408533153213,
  "distanceToResistance": 1.4873916469661126,
  "slPercent": 2.5,
  "tpPercent": 1.2642828999211957,
  "trailingActivation": 0.7585697399527174,
  "shortMomentumScore": 0,
  "overboughtScore": 0,
  "shortPatternScore": 0,
  "shootingStarDetected": false,
  "bearishEngulfingDetected": false,
  "eveningStarDetected": false,
  "bearishPatternsCount": 0,
  "shortTotalScore": 0,
  "chaikin": -0.5672299525801254,
  "obvIncreasing": true,
  "obvTrend": "increasing",
  "adx": 5.416666666666616,
  "recentCandles": {
    "redCount": 3,
    "greenCount": 7
  },
  "resistanceDistance": 1.4873916469661126,
  "multiplePatterns": false,
  "bullishPattern": false,
  "priceAboveVWAP": false,
  "breakingResistance": false,
  "atrSufficient": false,
  "macdDivergenceBearish": true,
  "rvolMin1": -0.29160206175170694,
  "rvolMin5": -0.4370557577109546,
  "atrPercentileOld": 0.24390243902439024,
  "vwapDeviation": -5.516165649854809,
  "bbWidthPercent": 2.884510655301625,
  "bbSqueeze": true,
  "multiTFMomentum": {
    "min1": {
      "roc1": 0.006543723973825044,
      "roc3": 0.005646359583952462
    },
    "min5": {
      "roc1": 0.006543723973825044,
      "roc3": 0.005646359583952462
    },
    "min15": {
      "roc1": 0.005646359583952462,
      "roc3": -0.0017699115044247748
    },
    "hourly": {
      "roc1": 0.006646166054954905,
      "roc3": -0.010723337882628229
    },
    "fourHour": {
      "roc1": -0.01004780021461324,
      "roc3": -0.01024090510094602
    },
    "divergenceShortUpLongDown": true
  },
  "returnZMin5": 1.7153301446099196,
  "wickClosePct": 0,
  "wickUpper": 0,
  "wickLower": 0,
  "wickRatio": 0,
  "donchianBreakout15": false,
  "bbWidthPercentile15": 0.4025974025974026,
  "signedMin5": -191760.24000000005,
  "signedMin5Z": -11.583586200613071,
  "signedMin1": -70194.82000000004,
  "signedMin1Z": -11.854799153312294,
  "streakMin1": {
    "upStreak": 0,
    "downStreak": 0
  },
  "streakMin5": {
    "upStreak": 0,
    "downStreak": 0
  },
  "rvolPercentileMin1": 0.1451388888888889,
  "rvolPercentileMin5": 0.0763888888888889,
  "perTfMetrics": {
    "min1": {
      "sma20": 0.10090800000000003,
      "sma50": 0.10149160000000002,
      "ema20": 0.1010337025517381,
      "ema50": 0.10133381761158895,
      "vwma20": 0.10092122680204793,
      "hma21": 0.10129164502164503,
      "atr14": 0.0003635714285714274,
      "atrPercentile": 0.5246727089627392,
      "rvolZ": -0.29160206175170694,
      "rvolPercentile": 0.1451388888888889,
      "mfi14": 86.21875954380027,
      "ppo": {
        "ppo": -0.0449262799599583,
        "signal": -0.11740634509424394,
        "histogram": 0.07248006513428565
      },
      "stochRsi": {
        "k": 71.9495091164088,
        "d": 58.984744458656316
      },
      "vprofile": {
        "vpBins": [
          0.06364281253096181,
          0.05711381909894363,
          0.0046703436244674565,
          0.10844835976035708,
          0.009049552080446175,
          0.08722552934522099,
          0.03831080776017649,
          0.07880447869387837,
          0.07274389448588016,
          0.07210981209075529,
          0.004791275006176688,
          0.07004190741114663,
          0,
          0,
          0,
          0.08338671830418898,
          0.09221353340364932,
          0.002997417705834179,
          0.15074396158288736,
          0.003705777115029353
        ],
        "currentBinShare": 0.10844835976035708
      },
      "ttm": {
        "squeeze": false,
        "release": true,
        "widthPct": 1.2042102071781995
      }
    },
    "min5": {
      "sma20": 0.101576,
      "sma50": 0.10192460000000002,
      "ema20": 0.10143175150582616,
      "ema50": 0.10194251069258436,
      "vwma20": 0.10102297477961643,
      "hma21": 0.10037982683982682,
      "atr14": 0.000707857142857143,
      "atrPercentile": 0.6459854014598541,
      "rvolZ": -0.4370557577109546,
      "rvolPercentile": 0.0763888888888889,
      "mfi14": 24.94809901749342,
      "ppo": {
        "ppo": -0.32056630437874634,
        "signal": -0.32708588630880153,
        "histogram": 0.006519581930055196
      },
      "stochRsi": {
        "k": 75.77336067934488,
        "d": 33.77827298269701
      },
      "vprofile": {
        "vpBins": [
          0.0014390862161349014,
          0.018412102126429956,
          0.02385718403714506,
          0.024135175891044712,
          0.05942507083468631,
          0.05991656597493133,
          0.019911747927892354,
          0.08817736728361236,
          0.06434794339027626,
          0.10960448596882931,
          0.10033852413268786,
          0.06681768672354323,
          0.06199054051378602,
          0.044243140486180214,
          0.06459585517289473,
          0.022683761110920835,
          0.12134335282927718,
          0,
          0,
          0.04876040937972766
        ],
        "currentBinShare": 0.024135175891044712
      },
      "ttm": {
        "squeeze": false,
        "release": false,
        "widthPct": 3.3719743249878324
      }
    },
    "min15": {
      "sma20": 0.1019565,
      "sma50": 0.10228420000000003,
      "ema20": 0.10185655133398092,
      "ema50": 0.10243733640081953,
      "vwma20": 0.10133802397512376,
      "hma21": 0.10163177489177491,
      "atr14": 0.0006978571428571419,
      "atrPercentile": 0.24390243902439024,
      "rvolZ": -0.5445208129209793,
      "rvolPercentile": 0.20833333333333334,
      "mfi14": 32.91488619035678,
      "ppo": {
        "ppo": -0.3730368082221761,
        "signal": -0.28895931619813525,
        "histogram": -0.08407749202404086
      },
      "stochRsi": {
        "k": 21.551577201515055,
        "d": 41.07695216239099
      },
      "vprofile": {
        "vpBins": [
          0.011049225397721867,
          0.023359486104975756,
          0.00879220954390692,
          0.0013666570320750484,
          0,
          0.06365176482285285,
          0.031111257212607855,
          0.09016524070657131,
          0.0629693117083454,
          0.05558501518882028,
          0.11039915092778806,
          0.07671687176375806,
          0.035486796517088665,
          0.08885824466054874,
          0.04394375961739624,
          0.0922272597914804,
          0.08175145042605879,
          0.08281304080570819,
          0,
          0.03975325777229561
        ],
        "currentBinShare": 0.06365176482285285
      },
      "ttm": {
        "squeeze": false,
        "release": false,
        "widthPct": 2.884510655301625
      }
    },
    "hourly": {
      "sma20": 0.10350600000000001,
      "sma50": 0.09991539999999995,
      "ema20": 0.10234029626613055,
      "ema50": 0.10071798087986385,
      "vwma20": 0.10626179661884488,
      "hma21": 0.10024281385281382,
      "atr14": 0.0012100000000000008,
      "atrPercentile": 0.2919254658385093,
      "rvolZ": -0.3669825466909864,
      "rvolPercentile": 0.21428571428571427,
      "mfi14": 56.563771385077786,
      "ppo": {
        "ppo": 0.1844562517328261,
        "signal": 0.6921664129640392,
        "histogram": -0.5077101612312132
      },
      "stochRsi": {
        "k": 55.663432530363465,
        "d": 32.77691833661199
      },
      "vprofile": {
        "vpBins": [
          0.02134343145865908,
          0.0272244264544475,
          0.03809412614205686,
          0.0015825906770553008,
          0.1058758516760315,
          0.04532765274366175,
          0.030560445004551313,
          0.10816423380410675,
          0.034921371474518216,
          0.07127336549955789,
          0.09828459913057758,
          0.07410502139698472,
          0.1072093087272343,
          0.03696030516294676,
          0.038255947676904184,
          0.05593522252801399,
          0.015700001011092337,
          0,
          0.06072024137782581,
          0.02846185805377434
        ],
        "currentBinShare": 0.09828459913057758
      },
      "ttm": {
        "squeeze": false,
        "release": false,
        "widthPct": 9.685864406707214
      }
    },
    "fourHour": {
      "sma20": 0.09831300000000001,
      "sma50": 0.09705399999999993,
      "ema20": 0.09985858356700218,
      "ema50": 0.09930427255212651,
      "vwma20": 0.10988191649556871,
      "hma21": 0.10350385281385285,
      "atr14": 0.0037585714285714314,
      "atrPercentile": 0.2857142857142857,
      "rvolZ": -0.3505249113897219,
      "rvolPercentile": 0.5,
      "mfi14": 59.27414222933085,
      "ppo": {
        "ppo": 1.6849021076252766,
        "signal": 1.0233879708307383,
        "histogram": 0.6615141367945383
      },
      "stochRsi": {
        "k": 51.574592966851974,
        "d": 59.587664885712876
      },
      "vprofile": {
        "vpBins": [
          0.017266458231772697,
          0.015168756098118519,
          0.05975297842842125,
          0.08073040430229816,
          0.052777258717226216,
          0.058490642598772034,
          0.1262367680948224,
          0.03429867617434343,
          0.09794172513386679,
          0.027780386864864535,
          0.0679934568869928,
          0.18630900703349382,
          0,
          0,
          0,
          0.17525348143500732,
          0,
          0,
          0,
          0
        ],
        "currentBinShare": 0.058490642598772034
      },
      "ttm": {
        "squeeze": false,
        "release": false,
        "widthPct": 21.833950689087597
      }
    },
    "daily": {
      "sma20": 0.10237450000000001,
      "sma50": 0.1208646,
      "ema20": 0.10316771471640378,
      "ema50": 0.11292626247102702,
      "vwma20": 0,
      "hma21": 0.0939095238095238,
      "atr14": 0.015470714285714282,
      "atrPercentile": 0.7894736842105263,
      "rvolZ": 0,
      "rvolPercentile": 1,
      "mfi14": 50,
      "ppo": {
        "ppo": -5.41598460137815,
        "signal": -6.2664944172376975,
        "histogram": 0.8505098158595477
      },
      "stochRsi": {
        "k": 96.57379218139158,
        "d": 45.86808374180057
      },
      "vprofile": {
        "vpBins": [
          0,
          0,
          0,
          0,
          0,
          0,
          0,
          0,
          0,
          0,
          0,
          0,
          0,
          0,
          0,
          0,
          0,
          0,
          0,
          0
        ],
        "currentBinShare": 0
      },
      "ttm": {
        "squeeze": true,
        "release": false,
        "widthPct": 27.769281344689222
      }
    }
  },
  "smaMin5": 0.101576,
  "emaMin5": 0.10143175150582616,
  "vwmaMin5": 0.10102297477961643,
  "hmaMin5": 0.10037982683982682,
  "keltner15": {
    "upper": 0.10302505133398092,
    "middle": 0.10185655133398092,
    "lower": 0.10068805133398091
  },
  "superTrend15": {
    "isBull": true,
    "finalUpper": 0.103527,
    "finalLower": 0.09885300000000001
  },
  "mfi15": 32.91488619035678,
  "stochRsi15": {
    "k": 21.551577201515055,
    "d": 41.07695216239099
  },
  "ppo15": {
    "ppo": -0.3730368082221761,
    "signal": -0.28895931619813525,
    "histogram": -0.08407749202404086
  },
  "vpMin15": {
    "vpBins": [
      0.011049225397721867,
      0.023359486104975756,
      0.00879220954390692,
      0.0013666570320750484,
      0,
      0.06365176482285285,
      0.031111257212607855,
      0.09016524070657131,
      0.0629693117083454,
      0.05558501518882028,
      0.11039915092778806,
      0.07671687176375806,
      0.035486796517088665,
      0.08885824466054874,
      0.04394375961739624,
      0.0922272597914804,
      0.08175145042605879,
      0.08281304080570819,
      0,
      0.03975325777229561
    ],
    "currentBinShare": 0.06365176482285285
  },
  "ttm15": {
    "squeeze": false,
    "release": false,
    "widthPct": 2.884510655301625
  },
  "marketCorrelation": {
    "hourly": {
      "btcCorrelation": 0,
      "ethCorrelation": 0,
      "btcBeta": 1,
      "ethBeta": 1,
      "btcTrend": "UNKNOWN",
      "ethTrend": "UNKNOWN",
      "tokenVol": 0,
      "btcVol": 0,
      "ethVol": 0,
      "marketDependence": 0,
      "verdict": "INSUFFICIENT_DATA"
    },
    "min15": {
      "btcCorrelation": 0,
      "ethCorrelation": 0,
      "btcBeta": 1,
      "ethBeta": 1,
      "btcTrend": "UNKNOWN",
      "ethTrend": "UNKNOWN",
      "tokenVol": 0,
      "btcVol": 0,
      "ethVol": 0,
      "marketDependence": 0,
      "verdict": "INSUFFICIENT_DATA"
    },
    "daily": {
      "btcCorrelation": 0,
      "ethCorrelation": 0,
      "btcBeta": 1,
      "ethBeta": 1,
      "btcTrend": "UNKNOWN",
      "ethTrend": "UNKNOWN",
      "tokenVol": 0,
      "btcVol": 0,
      "ethVol": 0,
      "marketDependence": 0,
      "verdict": "INSUFFICIENT_DATA"
    }
  },
  "tradeTape": {
    "totalTrades": 0,
    "totalVolume": 0,
    "buysVolume": 0,
    "sellsVolume": 0,
    "buySellRatio": 0.5,
    "vwap": 0,
    "signedVolume": 0,
    "avgTradeSize": 0,
    "tradesPerSec": 0,
    "cumulativeDelta": 0,
    "tradesLast1m": 0,
    "tradesLast5m": 0,
    "tradesLast15m": 0,
    "tradesLast1h": 0,
    "buyVWAP": 0,
    "sellVWAP": 0,
    "aggressorVWAP": 0,
    "bucketDurationMs": 60000,
    "bucketCount": 15,
    "bucketSignedVolumes": [],
    "bucketVolumes": [],
    "bucketVWAPs": [],
    "latestBucketSignedZ": 0
  },
  "enhancedMetrics": {
    "relativeVolumeZScore": -1,
    "volumePercentile": 40,
    "atrPercentile": 63.503649635036496,
    "volatilityPercentile": 41.45569620253164,
    "relativeVolatilityRatio": 0.37745416781903857,
    "isHighVolume": false,
    "isHighVolatility": false,
    "isLowVolatility": false,
    "isExpandingVolatility": false,
    "isContractingVolatility": true
  },
  "orderBook": {
    "bidAskSpread": 0,
    "spreadPct": 0,
    "midPrice": 0,
    "bestBid": 0,
    "bestAsk": 0,
    "bidDepth": 0,
    "askDepth": 0,
    "orderBookImbalance": 0,
    "liquidityScore": 0,
    "depthAt1Pct": {
      "bidVolume": 0,
      "askVolume": 0,
      "imbalance": 0
    },
    "depthAt2Pct": {
      "bidVolume": 0,
      "askVolume": 0,
      "imbalance": 0
    },
    "depthAt5Pct": {
      "bidVolume": 0,
      "askVolume": 0,
      "imbalance": 0
    },
    "weightedMidPrice": 0,
    "volumeWeightedSpread": 0,
    "totalBidLevels": 0,
    "totalAskLevels": 0
  },
  "marketCap": {
    "marketCap": 0,
    "totalVolume24h": 0,
    "volumeToMarketCapRatio": 0,
    "marketCapRank": 0,
    "normalizedRank": 0,
    "isHighLiquidity": false,
    "isVeryHighLiquidity": false,
    "isLowLiquidity": true,
    "liquidityTier": "VERY_LOW"
  },
  "sweeps": {
    "sweepScore": 0,
    "sweepCount": 0,
    "sweepDirection": "NEUTRAL",
    "buySweeps": 0,
    "sellSweeps": 0,
    "avgSweepSize": 0,
    "avgSweepIntensity": 0,
    "bidLiftRatio": 0,
    "askLiftRatio": 0,
    "sweepFrequency": 0,
    "largestSweep": null,
    "recentSweepClusters": 0,
    "sweepDetails": []
  },
  "absorption": {
    "absorptionScore": 0,
    "absorptionLevel": null,
    "absorptionSide": "NONE",
    "icebergProbability": 0,
    "hiddenLiquidityEstimate": 0,
    "volumeAtPrice": {},
    "topAbsorptionLevels": [],
    "persistenceDuration": 0,
    "refillDetected": false
  },
  "orderArrival": {
    "avgInterArrivalTime": 0,
    "recentInterArrivalTime": 0,
    "accelerationRatio": 1,
    "hawkesIntensity": 0,
    "hawkesDirection": "NEUTRAL",
    "clusteringScore": 0,
    "burstCount": 0,
    "cascadeDetected": false,
    "timeToNextTrade": 0,
    "accelerationTrend": "STABLE"
  },
  "liquidityVacuum": {
    "vacuumScore": 0,
    "vacuumSide": "NONE",
    "bidVacuumSeverity": 0,
    "askVacuumSeverity": 0,
    "depthConcentration": 0,
    "priceImpact10k": 0,
    "priceImpact50k": 0,
    "priceImpact100k": 0,
    "largestGapBid": 0,
    "largestGapAsk": 0,
    "avgGapBid": 0,
    "avgGapAsk": 0,
    "bidCliffDistance": 0,
    "askCliffDistance": 0
  },
  "volatilityRegime": {
    "regime": "NORMAL",
    "regimeScore": 0,
    "currentATR": 0.015938,
    "avgATR": 0.013639,
    "atrPercentile": 80.3,
    "realizedVolatility": 70.77,
    "volPercentile": 6.8,
    "expanding": false,
    "contracting": false,
    "transitionProbability": 0.3,
    "daysInRegime": 1,
    "regimeStrength": 0.35
  },
  "temporalPatterns": {
    "currentHour": 10,
    "currentDay": 0,
    "currentDayName": "Sunday",
    "dayBias": "NEUTRAL",
    "hourlyProfile": [
      {
        "avgVolume": 79092.08,
        "avgATR": 0.003139,
        "avgReturn": 1.617
      },
      {
        "avgVolume": 106368.19,
        "avgATR": 0.002788,
        "avgReturn": -0.031
      },
      {
        "avgVolume": 218704.9,
        "avgATR": 0.003282,
        "avgReturn": 2.177
      },
      {
        "avgVolume": 330760.69,
        "avgATR": 0.003358,
        "avgReturn": 0.131
      },
      {
        "avgVolume": 117264.84,
        "avgATR": 0.002936,
        "avgReturn": -1.581
      },
      {
        "avgVolume": 117306.37,
        "avgATR": 0.00217,
        "avgReturn": -0.114
      },
      {
        "avgVolume": 54025.59,
        "avgATR": 0.001358,
        "avgReturn": -0.019
      },
      {
        "avgVolume": 96631.63,
        "avgATR": 0.001821,
        "avgReturn": -0.039
      },
      {
        "avgVolume": 54398.88,
        "avgATR": 0.001623,
        "avgReturn": -0.172
      },
      {
        "avgVolume": 47559.48,
        "avgATR": 0.001858,
        "avgReturn": -0.38
      },
      {
        "avgVolume": 36786.71,
        "avgATR": 0.00143,
        "avgReturn": -0.165
      },
      {
        "avgVolume": 49357.67,
        "avgATR": 0.001796,
        "avgReturn": -0.431
      },
      {
        "avgVolume": 90657.39,
        "avgATR": 0.001744,
        "avgReturn": -0.232
      },
      {
        "avgVolume": 60669.89,
        "avgATR": 0.001386,
        "avgReturn": -0.057
      },
      {
        "avgVolume": 185779.69,
        "avgATR": 0.003585,
        "avgReturn": 0.51
      },
      {
        "avgVolume": 254596.45,
        "avgATR": 0.003189,
        "avgReturn": -0.377
      },
      {
        "avgVolume": 185931.61,
        "avgATR": 0.003532,
        "avgReturn": -0.26
      },
      {
        "avgVolume": 165551.8,
        "avgATR": 0.002876,
        "avgReturn": -0.051
      },
      {
        "avgVolume": 97467.24,
        "avgATR": 0.002289,
        "avgReturn": -0.264
      },
      {
        "avgVolume": 123501.77,
        "avgATR": 0.003178,
        "avgReturn": 0.69
      },
      {
        "avgVolume": 72605.32,
        "avgATR": 0.002141,
        "avgReturn": 0.082
      },
      {
        "avgVolume": 80793.03,
        "avgATR": 0.002223,
        "avgReturn": -0.303
      },
      {
        "avgVolume": 110697.71,
        "avgATR": 0.003309,
        "avgReturn": 0.582
      },
      {
        "avgVolume": 94334.6,
        "avgATR": 0.001817,
        "avgReturn": -0.891
      }
    ],
    "dailyProfile": [
      {
        "avgVolume": 82581.23,
        "avgATR": 0.001881,
        "avgReturn": -0.136
      },
      {
        "avgVolume": 57147.89,
        "avgATR": 0.001916,
        "avgReturn": 0.236
      },
      {
        "avgVolume": 63089.84,
        "avgATR": 0.002333,
        "avgReturn": -0.142
      },
      {
        "avgVolume": 29068.47,
        "avgATR": 0.001457,
        "avgReturn": -0.112
      },
      {
        "avgVolume": 26242.86,
        "avgATR": 0.001426,
        "avgReturn": 0.095
      },
      {
        "avgVolume": 382621.97,
        "avgATR": 0.005118,
        "avgReturn": 0.252
      },
      {
        "avgVolume": 187834.43,
        "avgATR": 0.00305,
        "avgReturn": -0.054
      }
    ],
    "favorableHours": [
      3,
      15,
      2,
      14,
      16,
      17
    ],
    "favorableWindow": false,
    "currentVsAvgVolume": 0,
    "currentVsAvgVolatility": 0,
    "anomalyDetected": true,
    "timeUntilFavorable": 4,
    "temporalScore": 0
  },
  "unifiedMicrostructure": {
    "signalDirections": {
      "vpin": "NEUTRAL",
      "sweeps": "NEUTRAL",
      "absorption": "NEUTRAL",
      "arrival": "NEUTRAL",
      "vacuum": "NONE",
      "volRegime": "NEUTRAL",
      "temporal": "UNFAVORABLE"
    },
    "consensusDirection": "BEARISH",
    "consensusStrength": 50,
    "bullishSignals": 0,
    "bearishSignals": 1,
    "neutralSignals": 1,
    "totalAvailableSignals": 2,
    "dominantPattern": "NONE",
    "clusters": {
      "strongBuyCluster": false,
      "distributionPattern": false,
      "accumulationPattern": false,
      "momentumCascade": false
    },
    "adaptiveWeights": {
      "vpin": 0,
      "sweeps": 0,
      "absorption": 0,
      "arrival": 0,
      "vacuum": 0,
      "volRegime": 0.021,
      "temporal": 0.02
    },
    "convictionLevel": "LOW",
    "convictionScore": 30,
    "riskAdjustment": "REDUCE",
    "timingQuality": "UNFAVORABLE",
    "signalQuality": "LOW"
  },
  "deltaAnalysis": {
    "currentDelta": 0,
    "cumulativeDelta": 0,
    "deltaPerVolume": 0,
    "deltaDirection": "NEUTRAL",
    "deltaDivergence": false,
    "institutionalRatio": 0,
    "aggressionScore": 0
  },
  "volumeProfile": {
    "pointOfControl": 0,
    "valueAreaHigh": 0,
    "valueAreaLow": 0,
    "currentPosition": "ABOVE_VALUE_AREA",
    "volumeNodes": [],
    "airPockets": []
  },
  "momentumCascade": {
    "cascadeDetected": false,
    "alignmentScore": 0.002806965904347438,
    "cascadeStrength": 0,
    "acceleratingTimeframes": [
      "1m",
      "5m"
    ],
    "divergingTimeframes": [
      "15m",
      "1h"
    ]
  },
  "breakoutConfirmation": {
    "breakoutConfirmed": false,
    "volumeConfirmation": false,
    "retestStrength": 0,
    "falseBreakoutRisk": 0,
    "breakoutQuality": "NO_BREAKOUT"
  },
  "liquidityHeatmap": {
    "liquidityScore": 0,
    "magnetDirection": "NONE",
    "magnetStrength": 0,
    "priceTarget5pct": null,
    "message": "No order book data"
  },
  "smartMoneyDivergence": {
    "divergenceDetected": false,
    "divergenceDirection": "NONE",
    "smartMoneyScore": 0.5,
    "message": "Insufficient trade data"
  },
  "microstructure": {
    "raw": -0.03651991130000924,
    "pct": 49,
    "summary": {
      "latestBucketSignedZ": 0,
      "buySellRatio": 0.5,
      "tradesPerSec": 0,
      "vwap": 0,
      "aggressorVWAP": 0,
      "vpinToxicity": "UNKNOWN",
      "sweepDirection": "NEUTRAL",
      "absorptionSide": "NONE",
      "icebergDetected": false,
      "hawkesDirection": "NEUTRAL",
      "cascadeDetected": false,
      "vacuumSide": "NONE",
      "volatilityRegime": "NORMAL",
      "volExpanding": false,
      "favorableTimeWindow": false,
      "temporalAnomaly": true,
      "consensusDirection": "BEARISH",
      "consensusStrength": 50,
      "dominantPattern": "NONE",
      "convictionLevel": "LOW",
      "riskAdjustment": "REDUCE",
      "timingQuality": "UNFAVORABLE",
      "deltaDirection": "NEUTRAL",
      "deltaDivergence": false,
      "institutionalRatio": 0,
      "volumeProfilePosition": "ABOVE_VALUE_AREA",
      "pointOfControl": 0,
      "momentumCascadeDetected": false,
      "cascadeStrength": 0,
      "breakoutQuality": "NO_BREAKOUT",
      "breakoutConfirmed": false,
      "magnetDirection": "NONE",
      "magnetStrength": 0,
      "priceTarget5pct": null,
      "nearestBidWall": 0,
      "nearestAskWall": 0,
      "divergenceDetected": false,
      "divergenceDirection": "NONE",
      "whaleAccumulation": false,
      "whaleDistribution": false,
      "retailPanic": false,
      "smartMoneyScore": 0.5
    }
  }
}

=== MICROSTRUCTURE ALERTS ===

🔬 VPIN: Insufficient data for VPIN analysis

🌊 SWEEP DETECTION: No significant sweeps detected

🧊 ABSORPTION & ICEBERG: No significant absorption or iceberg orders detected

⚡ ORDER ARRIVAL DYNAMICS: Insufficient trades for analysis

🌪️ LIQUIDITY VACUUM: No significant vacuum detected

📊 VOLATILITY REGIME DETECTION:
   Current Regime: NORMAL
   Regime Score: 0.00 (-1=low vol, +1=extreme vol)
   Days in Regime: 1
   ATR: $0.015938 (avg: $0.013639)
   ATR Percentile: 80.3%
   Realized Volatility: 70.77% (annualized)
   Vol Percentile: 6.8%

   ⚪ NORMAL VOLATILITY:
   📊 Balanced market conditions
   ✅ Standard risk management applies

   📍 MODERATE REGIME TRANSITION PROBABILITY: 30%
   Monitor for potential regime change

   ⚠️ NEW REGIME: Only 1 day(s) - conditions still settling

⏰ TEMPORAL PATTERN ANALYSIS:
   Current Time: Sunday 10:00 UTC
   Day Bias: NEUTRAL
   Current vs Avg Volume: 0x
   Current vs Avg Volatility: 0x

   ⏳ NON-FAVORABLE TIME WINDOW:
   This hour typically shows weaker activity
   Next favorable window in 4 hour(s)

   ⚠️ LOW ACTIVITY ANOMALY:
   Volume 0x below typical - Extremely quiet

   📉 LOW VOLATILITY ANOMALY:
   Volatility 0x below typical - Consolidation likely

   🔥 Best Trading Hours (UTC): 3:00, 15:00, 2:00

🎯 UNIFIED MICROSTRUCTURE INTEGRATION:
   Signal Consensus: BEARISH (50% agreement)
   Available Signals: 2 (0 bullish / 1 bearish / 1 neutral)
   Conviction Level: LOW (30%)
   Signal Quality: LOW
   Risk Adjustment: REDUCE
   Timing Quality: UNFAVORABLE

   ⚠️ LOW CONVICTION: Only 50% signal agreement
   Weak alignment - Reduce position size or wait for clarity

   ⚠️ RISK REDUCTION RECOMMENDED: Extreme volatility or unfavorable timing detected

   ⏰ UNFAVORABLE TIMING: Avoid trading during this hour

   Signal Directions Breakdown:
   • VPIN: NEUTRAL
   • Sweeps: NEUTRAL
   • Absorption: NEUTRAL
   • Arrival Dynamics: NEUTRAL
   • Liquidity Vacuum: NONE
   • Vol Regime: NEUTRAL
   • Temporal: UNFAVORABLE

   Adaptive Weights (Total: 4.1%):
   • VPIN: 0.0%
   • Sweeps: 0.0%
   • Absorption: 0.0%
   • Arrival: 0.0%
   • Vacuum: 0.0%
   • Vol Regime: 2.1%
   • Temporal: 2.0%


💹 DELTA ANALYSIS (Order Flow Aggression):
   Direction: NEUTRAL
   Delta Per Volume: 0.00%
   Institutional Ratio: 0.0%
   Aggression Score: 0.0%

📊 VOLUME PROFILE (Support/Resistance Strength):
   Point of Control (POC): $0.000000
   Value Area High: $0.000000
   Value Area Low: $0.000000
   Current Position: ABOVE_VALUE_AREA
   ⚠️ DISTRIBUTION RISK: Price above value area - potential rejection zone

⚡ MOMENTUM CASCADE (Multi-Timeframe Alignment):
   Cascade Detected: NO
   Alignment Score: 0.3%
   Cascade Strength: 0.0%
   Accelerating: 1m, 5m
   Diverging: 15m, 1h

💥 BREAKOUT CONFIRMATION:
   Quality: NO_BREAKOUT
   Volume Confirmation: NO
   Retest Strength: 0.0%
   False Breakout Risk: 0.0%
   No breakout detected - price below resistance


levels:
Entry=0.10131696, StopLoss=0.09878403599999999, TakeProfit=0.1019574265, 0.102597893, 0.1031102662

---

=== Token: PRCL (PRCL) ===
Contract: PRCL-USD
Timestamp: 2025-06-29T13:25:00.000Z

Calculations:
{
  "momentumScore": 79.34342940832947,
  "volumeScore": 50,
  "patternScore": 39.668721109399,
  "totalScore": 48.719815544397065,
  "finalScore": 48.719815544397065,
  "weights": "0.23,0.45,0.23",
  "hourlyUptrend": false,
  "rsi": 53.3333333333334,
  "ultraShortVolumeSurge": 0.26303754732927276,
  "baseVolumeSurge": 0.02923742789270969,
  "currentPrice": 0.0658,
  "resistance": 0.0661,
  "support": 0.0649,
  "rocMin5": -0.00453857791225429,
  "shortROC": -0.0015174506828528507,
  "priceAcceleration": -0.0011329061254877005,
  "buySellRatio": 0.8531321962849788,
  "macdHistogram": -0.0001849051654080712,
  "stochasticK": 39.13043478260867,
  "atr": 0.00021428571428571745,
  "bbUpper": 0.06694608777127597,
  "bbLower": 0.06439391222872409,
  "hammerDetected": false,
  "engulfingDetected": false,
  "compressionSpring": {
    "detected": true,
    "confidence": 77,
    "signals": {
      "sidewaysPrice": true,
      "atrCompression": true,
      "bbSqueeze": true,
      "consolidationTime": true,
      "strongBuying": true,
      "obvPositive": false,
      "chaikinPositive": false,
      "rsiNeutral": true,
      "volumeBuilding": false
    },
    "metrics": {
      "priceRange": 3.39,
      "atrRatio": 0.417,
      "bbWidth": 3.89,
      "volumeRatio": 0.662,
      "signalCount": 6,
      "buySellRatio": 0.853
    }
  },
  "riskTier": "MEDIUM",
  "atrPercent": 0.8575770733825465,
  "distanceToResistance": 0.4559270516717456,
  "slPercent": 3,
  "tpPercent": 0.3875379939209837,
  "trailingActivation": 0.2325227963525902,
  "shortMomentumScore": 15,
  "overboughtScore": 0,
  "shortPatternScore": 0,
  "shootingStarDetected": false,
  "bearishEngulfingDetected": false,
  "eveningStarDetected": false,
  "bearishPatternsCount": 0,
  "shortTotalScore": 6,
  "chaikin": -0.25368431499319805,
  "obvIncreasing": true,
  "obvTrend": "increasing",
  "adx": 4.347826086956939,
  "recentCandles": {
    "redCount": 1,
    "greenCount": 9
  },
  "resistanceDistance": 0.4559270516717456,
  "multiplePatterns": false,
  "bullishPattern": false,
  "priceAboveVWAP": true,
  "breakingResistance": true,
  "atrSufficient": false,
  "macdDivergenceBearish": true,
  "rvolMin1": -0.22576447948160222,
  "rvolMin5": -0.2696420755840479,
  "atrPercentileOld": 0.8414634146341463,
  "vwapDeviation": 2.175977269113293,
  "bbWidthPercent": 3.8863644625428364,
  "bbSqueeze": false,
  "multiTFMomentum": {
    "min1": {
      "roc1": 0.0015197568389058187,
      "roc3": 0.0030441400304414877
    },
    "min5": {
      "roc1": -0.0015174506828528507,
      "roc3": -0.003030303030303117
    },
    "min15": {
      "roc1": -0.003030303030303117,
      "roc3": 0.004580152671755645
    },
    "hourly": {
      "roc1": -0.0015220700152205327,
      "roc3": 0.001526717557251952
    },
    "fourHour": {
      "roc1": -0.0015220700152205327,
      "roc3": 0.037974683544303785
    },
    "divergenceShortUpLongDown": true
  },
  "returnZMin5": -0.5277850251481472,
  "wickClosePct": 0,
  "wickUpper": 0,
  "wickLower": 0,
  "wickRatio": 0,
  "donchianBreakout15": false,
  "bbWidthPercentile15": 0.6103896103896104,
  "signedMin5": 87836.59999999999,
  "signedMin5Z": 5.428918274486532,
  "signedMin1": 75048.79999999999,
  "signedMin1Z": 7.0412917566349185,
  "streakMin1": {
    "upStreak": 0,
    "downStreak": 0
  },
  "streakMin5": {
    "upStreak": 0,
    "downStreak": 0
  },
  "rvolPercentileMin1": 0.32013888888888886,
  "rvolPercentileMin5": 0.1076388888888889,
  "perTfMetrics": {
    "min1": {
      "sma20": 0.06574500000000001,
      "sma50": 0.06559000000000002,
      "ema20": 0.065767109365626,
      "ema50": 0.06567428266473525,
      "vwma20": 0.06578542542555374,
      "hma21": 0.06598051948051945,
      "atr14": 0.00011428571428571657,
      "atrPercentile": 0.7719033232628398,
      "rvolZ": -0.22576447948160222,
      "rvolPercentile": 0.32013888888888886,
      "mfi14": 86.17005642573233,
      "ppo": {
        "ppo": 0.1096082754687403,
        "signal": 0.11459348372331134,
        "histogram": -0.004985208254571036
      },
      "stochRsi": {
        "k": 26.19047619047637,
        "d": 58.139083139083006
      },
      "vprofile": {
        "vpBins": [
          0.02682780079217861,
          0.018094425338133935,
          0,
          0.007773915481547717,
          0.0797682760136632,
          0.03853409879379854,
          0.01234963105477224,
          0.03203857693842306,
          0.0026203080819324166,
          0.0747223585786284,
          0.17871319503420746,
          0.033781411234884824,
          0.07911327285460984,
          0.22992029022223873,
          0,
          0.024796020582521464,
          0.07781183446235454,
          0.003961631646254569,
          0.04578817753274167,
          0.03338477535710894
        ],
        "currentBinShare": 0.07911327285460984
      },
      "ttm": {
        "squeeze": false,
        "release": false,
        "widthPct": 1.0621090729391542
      }
    },
    "min5": {
      "sma20": 0.06561,
      "sma50": 0.065832,
      "ema20": 0.0657003553104244,
      "ema50": 0.06552694707061094,
      "vwma20": 0.06571014626264644,
      "hma21": 0.06590909090909088,
      "atr14": 0.00021428571428571745,
      "atrPercentile": 0.7335766423357665,
      "rvolZ": -0.2696420755840479,
      "rvolPercentile": 0.1076388888888889,
      "mfi14": 71.05944232752408,
      "ppo": {
        "ppo": 0.12643725763183217,
        "signal": 0.07634688050562019,
        "histogram": 0.05009037712621198
      },
      "stochRsi": {
        "k": 1.3855583347321315e-12,
        "d": 62.22222222222215
      },
      "vprofile": {
        "vpBins": [
          0.012030279976971982,
          0.09162844974019926,
          0.016377632068599126,
          0.023059104272509845,
          0.061659752051341166,
          0.024268158561206423,
          0.0034430525583918543,
          0.05171423660238662,
          0.021222509051002713,
          0.03853492799116082,
          0.05684417612950548,
          0.010988609479616726,
          0.0954653465135119,
          0.14184145184263935,
          0.034390429395773,
          0.1645150158445189,
          0.006789067596360454,
          0.07743202658116295,
          0.008457092748770455,
          0.05933868099437125
        ],
        "currentBinShare": 0.14184145184263935
      },
      "ttm": {
        "squeeze": false,
        "release": false,
        "widthPct": 1.6002932173030682
      }
    },
    "min15": {
      "sma20": 0.06567000000000003,
      "sma50": 0.064428,
      "ema20": 0.06544842693213343,
      "ema50": 0.06469428221923422,
      "vwma20": 0.0659509710088776,
      "hma21": 0.06540952380952378,
      "atr14": 0.0005642857142857156,
      "atrPercentile": 0.8414634146341463,
      "rvolZ": -0.38846391727996593,
      "rvolPercentile": 0.3645833333333333,
      "mfi14": 43.8674703738487,
      "ppo": {
        "ppo": 0.5215119594772744,
        "signal": 0.6173802762629959,
        "histogram": -0.0958683167857215
      },
      "stochRsi": {
        "k": 15.60402684563767,
        "d": 48.38627049180331
      },
      "vprofile": {
        "vpBins": [
          0.00877465696595451,
          0.07479242956434841,
          0.004150207084322219,
          0,
          0.009440286444980005,
          0.010677381407803435,
          0.04071103502252471,
          0.048750003914396545,
          0.07443434420894707,
          0.1909848279446112,
          0.03937059999069284,
          0.026056189760623183,
          0.04408710191406345,
          0.0631078648201202,
          0.05240390192874516,
          0.07269664344318913,
          0.18455720673905424,
          0,
          0,
          0.0550053188456237
        ],
        "currentBinShare": 0.07269664344318913
      },
      "ttm": {
        "squeeze": false,
        "release": false,
        "widthPct": 3.8863644625428364
      }
    },
    "hourly": {
      "sma20": 0.06414,
      "sma50": 0.06237199999999999,
      "ema20": 0.06418679026650392,
      "ema50": 0.06311253109083854,
      "vwma20": 0.06467793149490188,
      "hma21": 0.06527316017316018,
      "atr14": 0.0008642857142857142,
      "atrPercentile": 0.18633540372670807,
      "rvolZ": -0.6849120384910591,
      "rvolPercentile": 0.19642857142857142,
      "mfi14": 79.96234812195937,
      "ppo": {
        "ppo": 1.444196166343144,
        "signal": 1.2502580485534518,
        "histogram": 0.19393811778969217
      },
      "stochRsi": {
        "k": 64.80375426621167,
        "d": 68.9625850340138
      },
      "vprofile": {
        "vpBins": [
          0,
          0.018529402630981018,
          0.012726799068172829,
          0.048410378571280936,
          0.02967209565491998,
          0.1007049489301434,
          0.11182507502817188,
          0.07596370281660249,
          0.08066038438945937,
          0.06073416547449472,
          0.09617517703682067,
          0.06381692238152092,
          0.018314938210798742,
          0.007109133858491164,
          0.06408974777571146,
          0.014369715889021833,
          0.08179609940248515,
          0.07578540545155786,
          0.022269855058679785,
          0.017046052370685735
        ],
        "currentBinShare": 0.08179609940248515
      },
      "ttm": {
        "squeeze": false,
        "release": false,
        "widthPct": 5.861513009047292
      }
    },
    "fourHour": {
      "sma20": 0.06196,
      "sma50": 0.061853999999999985,
      "ema20": 0.06296804715201136,
      "ema50": 0.06348470792000402,
      "vwma20": 0.06161640183466052,
      "hma21": 0.06340432900432899,
      "atr14": 0.0016142857142857155,
      "atrPercentile": 0.07142857142857142,
      "rvolZ": -0.3704658891098857,
      "rvolPercentile": 0.44047619047619047,
      "mfi14": 54.16352379831738,
      "ppo": {
        "ppo": 0.6777154045294581,
        "signal": -0.14293269346608697,
        "histogram": 0.8206480979955451
      },
      "stochRsi": {
        "k": 100,
        "d": 67.3795995658965
      },
      "vprofile": {
        "vpBins": [
          0,
          0.04613053543216296,
          0.04392462242853408,
          0.08996162435754487,
          0.07922833893507732,
          0.06379480706971133,
          0.12102966039770352,
          0.05598913516347179,
          0.031235339509756203,
          0.14296560026861224,
          0.0947401960235991,
          0.09344688306673161,
          0.0246525929649685,
          0.021524312750371467,
          0.024572981284455227,
          0,
          0,
          0.005194246068165583,
          0.045820144039406,
          0.015788980239727964
        ],
        "currentBinShare": 0.14296560026861224
      },
      "ttm": {
        "squeeze": false,
        "release": true,
        "widthPct": 10.755023761230667
      }
    },
    "daily": {
      "sma20": 0.07062500000000001,
      "sma50": 0.09251199999999998,
      "ema20": 0.07057185751607847,
      "ema50": 0.08157839943718555,
      "vwma20": 0,
      "hma21": 0.05435411255411251,
      "atr14": 0.006742857142857143,
      "atrPercentile": 0.05263157894736842,
      "rvolZ": 0,
      "rvolPercentile": 1,
      "mfi14": 50,
      "ppo": {
        "ppo": -9.878099820088384,
        "signal": -11.10225800561416,
        "histogram": 1.224158185525777
      },
      "stochRsi": {
        "k": 100,
        "d": 33.512796727082424
      },
      "vprofile": {
        "vpBins": [
          0,
          0,
          0,
          0,
          0,
          0,
          0,
          0,
          0,
          0,
          0,
          0,
          0,
          0,
          0,
          0,
          0,
          0,
          0,
          0
        ],
        "currentBinShare": 0
      },
      "ttm": {
        "squeeze": false,
        "release": false,
        "widthPct": 65.16077888351789
      }
    }
  },
  "smaMin5": 0.06561,
  "emaMin5": 0.0657003553104244,
  "vwmaMin5": 0.06571014626264644,
  "hmaMin5": 0.06590909090909088,
  "keltner15": {
    "upper": 0.06607842693213344,
    "middle": 0.06544842693213343,
    "lower": 0.06481842693213342
  },
  "superTrend15": {
    "isBull": false,
    "finalUpper": 0.06711,
    "finalLower": 0.06458999999999998
  },
  "mfi15": 43.8674703738487,
  "stochRsi15": {
    "k": 15.60402684563767,
    "d": 48.38627049180331
  },
  "ppo15": {
    "ppo": 0.5215119594772744,
    "signal": 0.6173802762629959,
    "histogram": -0.0958683167857215
  },
  "vpMin15": {
    "vpBins": [
      0.00877465696595451,
      0.07479242956434841,
      0.004150207084322219,
      0,
      0.009440286444980005,
      0.010677381407803435,
      0.04071103502252471,
      0.048750003914396545,
      0.07443434420894707,
      0.1909848279446112,
      0.03937059999069284,
      0.026056189760623183,
      0.04408710191406345,
      0.0631078648201202,
      0.05240390192874516,
      0.07269664344318913,
      0.18455720673905424,
      0,
      0,
      0.0550053188456237
    ],
    "currentBinShare": 0.07269664344318913
  },
  "ttm15": {
    "squeeze": false,
    "release": false,
    "widthPct": 3.8863644625428364
  },
  "marketCorrelation": {
    "hourly": {
      "btcCorrelation": 0,
      "ethCorrelation": 0,
      "btcBeta": 1,
      "ethBeta": 1,
      "btcTrend": "UNKNOWN",
      "ethTrend": "UNKNOWN",
      "tokenVol": 0,
      "btcVol": 0,
      "ethVol": 0,
      "marketDependence": 0,
      "verdict": "INSUFFICIENT_DATA"
    },
    "min15": {
      "btcCorrelation": 0,
      "ethCorrelation": 0,
      "btcBeta": 1,
      "ethBeta": 1,
      "btcTrend": "UNKNOWN",
      "ethTrend": "UNKNOWN",
      "tokenVol": 0,
      "btcVol": 0,
      "ethVol": 0,
      "marketDependence": 0,
      "verdict": "INSUFFICIENT_DATA"
    },
    "daily": {
      "btcCorrelation": 0,
      "ethCorrelation": 0,
      "btcBeta": 1,
      "ethBeta": 1,
      "btcTrend": "UNKNOWN",
      "ethTrend": "UNKNOWN",
      "tokenVol": 0,
      "btcVol": 0,
      "ethVol": 0,
      "marketDependence": 0,
      "verdict": "INSUFFICIENT_DATA"
    }
  },
  "tradeTape": {
    "totalTrades": 0,
    "totalVolume": 0,
    "buysVolume": 0,
    "sellsVolume": 0,
    "buySellRatio": 0.5,
    "vwap": 0,
    "signedVolume": 0,
    "avgTradeSize": 0,
    "tradesPerSec": 0,
    "cumulativeDelta": 0,
    "tradesLast1m": 0,
    "tradesLast5m": 0,
    "tradesLast15m": 0,
    "tradesLast1h": 0,
    "buyVWAP": 0,
    "sellVWAP": 0,
    "aggressorVWAP": 0,
    "bucketDurationMs": 60000,
    "bucketCount": 15,
    "bucketSignedVolumes": [],
    "bucketVolumes": [],
    "bucketVWAPs": [],
    "latestBucketSignedZ": 0
  },
  "enhancedMetrics": {
    "relativeVolumeZScore": -1,
    "volumePercentile": 40,
    "atrPercentile": 72.62773722627736,
    "volatilityPercentile": 6.962025316455696,
    "relativeVolatilityRatio": 0.8972472037867569,
    "isHighVolume": false,
    "isHighVolatility": false,
    "isLowVolatility": true,
    "isExpandingVolatility": false,
    "isContractingVolatility": false
  },
  "orderBook": {
    "bidAskSpread": 0,
    "spreadPct": 0,
    "midPrice": 0,
    "bestBid": 0,
    "bestAsk": 0,
    "bidDepth": 0,
    "askDepth": 0,
    "orderBookImbalance": 0,
    "liquidityScore": 0,
    "depthAt1Pct": {
      "bidVolume": 0,
      "askVolume": 0,
      "imbalance": 0
    },
    "depthAt2Pct": {
      "bidVolume": 0,
      "askVolume": 0,
      "imbalance": 0
    },
    "depthAt5Pct": {
      "bidVolume": 0,
      "askVolume": 0,
      "imbalance": 0
    },
    "weightedMidPrice": 0,
    "volumeWeightedSpread": 0,
    "totalBidLevels": 0,
    "totalAskLevels": 0
  },
  "marketCap": {
    "marketCap": 0,
    "totalVolume24h": 0,
    "volumeToMarketCapRatio": 0,
    "marketCapRank": 0,
    "normalizedRank": 0,
    "isHighLiquidity": false,
    "isVeryHighLiquidity": false,
    "isLowLiquidity": true,
    "liquidityTier": "VERY_LOW"
  },
  "sweeps": {
    "sweepScore": 0,
    "sweepCount": 0,
    "sweepDirection": "NEUTRAL",
    "buySweeps": 0,
    "sellSweeps": 0,
    "avgSweepSize": 0,
    "avgSweepIntensity": 0,
    "bidLiftRatio": 0,
    "askLiftRatio": 0,
    "sweepFrequency": 0,
    "largestSweep": null,
    "recentSweepClusters": 0,
    "sweepDetails": []
  },
  "absorption": {
    "absorptionScore": 0,
    "absorptionLevel": null,
    "absorptionSide": "NONE",
    "icebergProbability": 0,
    "hiddenLiquidityEstimate": 0,
    "volumeAtPrice": {},
    "topAbsorptionLevels": [],
    "persistenceDuration": 0,
    "refillDetected": false
  },
  "orderArrival": {
    "avgInterArrivalTime": 0,
    "recentInterArrivalTime": 0,
    "accelerationRatio": 1,
    "hawkesIntensity": 0,
    "hawkesDirection": "NEUTRAL",
    "clusteringScore": 0,
    "burstCount": 0,
    "cascadeDetected": false,
    "timeToNextTrade": 0,
    "accelerationTrend": "STABLE"
  },
  "liquidityVacuum": {
    "vacuumScore": 0,
    "vacuumSide": "NONE",
    "bidVacuumSeverity": 0,
    "askVacuumSeverity": 0,
    "depthConcentration": 0,
    "priceImpact10k": 0,
    "priceImpact50k": 0,
    "priceImpact100k": 0,
    "largestGapBid": 0,
    "largestGapAsk": 0,
    "avgGapBid": 0,
    "avgGapAsk": 0,
    "bidCliffDistance": 0,
    "askCliffDistance": 0
  },
  "volatilityRegime": {
    "regime": "LOW",
    "regimeScore": -1,
    "currentATR": 0.006277,
    "avgATR": 0.009352,
    "atrPercentile": 2.6,
    "realizedVolatility": 103.18,
    "volPercentile": 6.8,
    "expanding": false,
    "contracting": true,
    "transitionProbability": 0.4,
    "daysInRegime": 6,
    "regimeStrength": 1.53
  },
  "temporalPatterns": {
    "currentHour": 10,
    "currentDay": 0,
    "currentDayName": "Sunday",
    "dayBias": "NEUTRAL",
    "hourlyProfile": [
      {
        "avgVolume": 179282.76,
        "avgATR": 0.001379,
        "avgReturn": 0.626
      },
      {
        "avgVolume": 251136.91,
        "avgATR": 0.001307,
        "avgReturn": 0.027
      },
      {
        "avgVolume": 192470.2,
        "avgATR": 0.000971,
        "avgReturn": -0.183
      },
      {
        "avgVolume": 106087.81,
        "avgATR": 0.000764,
        "avgReturn": -0.181
      },
      {
        "avgVolume": 107638.23,
        "avgATR": 0.000793,
        "avgReturn": -0.261
      },
      {
        "avgVolume": 124957.69,
        "avgATR": 0.001143,
        "avgReturn": 0.531
      },
      {
        "avgVolume": 93141.1,
        "avgATR": 0.000871,
        "avgReturn": 0.317
      },
      {
        "avgVolume": 103361.39,
        "avgATR": 0.001007,
        "avgReturn": -0.094
      },
      {
        "avgVolume": 54627.76,
        "avgATR": 0.001021,
        "avgReturn": -0.224
      },
      {
        "avgVolume": 160654.01,
        "avgATR": 0.001207,
        "avgReturn": -0.172
      },
      {
        "avgVolume": 179050.71,
        "avgATR": 0.001114,
        "avgReturn": -0.625
      },
      {
        "avgVolume": 131933.18,
        "avgATR": 0.000871,
        "avgReturn": 0.02
      },
      {
        "avgVolume": 102600.76,
        "avgATR": 0.001057,
        "avgReturn": -0.209
      },
      {
        "avgVolume": 191271.53,
        "avgATR": 0.001521,
        "avgReturn": -0.389
      },
      {
        "avgVolume": 148900.56,
        "avgATR": 0.001438,
        "avgReturn": -0.366
      },
      {
        "avgVolume": 100598.22,
        "avgATR": 0.001257,
        "avgReturn": -0.344
      },
      {
        "avgVolume": 189958.15,
        "avgATR": 0.00135,
        "avgReturn": -0.544
      },
      {
        "avgVolume": 156036.12,
        "avgATR": 0.001621,
        "avgReturn": 0.433
      },
      {
        "avgVolume": 131545.33,
        "avgATR": 0.000993,
        "avgReturn": -0.194
      },
      {
        "avgVolume": 115654.49,
        "avgATR": 0.000936,
        "avgReturn": 0.261
      },
      {
        "avgVolume": 162396.79,
        "avgATR": 0.001379,
        "avgReturn": 0.743
      },
      {
        "avgVolume": 134681.02,
        "avgATR": 0.0011,
        "avgReturn": -0.462
      },
      {
        "avgVolume": 139949.27,
        "avgATR": 0.001321,
        "avgReturn": 0.468
      },
      {
        "avgVolume": 207362.08,
        "avgATR": 0.001071,
        "avgReturn": -0.292
      }
    ],
    "dailyProfile": [
      {
        "avgVolume": 178101.9,
        "avgATR": 0.001209,
        "avgReturn": 0.045
      },
      {
        "avgVolume": 155990,
        "avgATR": 0.001304,
        "avgReturn": 0.143
      },
      {
        "avgVolume": 201298.18,
        "avgATR": 0.001306,
        "avgReturn": -0.083
      },
      {
        "avgVolume": 163599.8,
        "avgATR": 0.0013,
        "avgReturn": -0.072
      },
      {
        "avgVolume": 92368.52,
        "avgATR": 0.001054,
        "avgReturn": -0.122
      },
      {
        "avgVolume": 101582.37,
        "avgATR": 0.000962,
        "avgReturn": -0.175
      },
      {
        "avgVolume": 118378.95,
        "avgATR": 0.000879,
        "avgReturn": -0.053
      }
    ],
    "favorableHours": [
      1,
      23,
      2,
      13,
      16,
      0
    ],
    "favorableWindow": false,
    "currentVsAvgVolume": 0,
    "currentVsAvgVolatility": 0,
    "anomalyDetected": true,
    "timeUntilFavorable": 3,
    "temporalScore": 0
  },
  "unifiedMicrostructure": {
    "signalDirections": {
      "vpin": "NEUTRAL",
      "sweeps": "NEUTRAL",
      "absorption": "NEUTRAL",
      "arrival": "NEUTRAL",
      "vacuum": "NONE",
      "volRegime": "FAVORABLE",
      "temporal": "UNFAVORABLE"
    },
    "consensusDirection": "NEUTRAL",
    "consensusStrength": 50,
    "bullishSignals": 1,
    "bearishSignals": 1,
    "neutralSignals": 0,
    "totalAvailableSignals": 2,
    "dominantPattern": "NONE",
    "clusters": {
      "strongBuyCluster": false,
      "distributionPattern": false,
      "accumulationPattern": false,
      "momentumCascade": false
    },
    "adaptiveWeights": {
      "vpin": 0,
      "sweeps": 0,
      "absorption": 0,
      "arrival": 0,
      "vacuum": 0,
      "volRegime": 0.021,
      "temporal": 0.02
    },
    "convictionLevel": "LOW",
    "convictionScore": 30,
    "riskAdjustment": "REDUCE",
    "timingQuality": "UNFAVORABLE",
    "signalQuality": "LOW"
  },
  "deltaAnalysis": {
    "currentDelta": 0,
    "cumulativeDelta": 0,
    "deltaPerVolume": 0,
    "deltaDirection": "NEUTRAL",
    "deltaDivergence": false,
    "institutionalRatio": 0,
    "aggressionScore": 0
  },
  "volumeProfile": {
    "pointOfControl": 0,
    "valueAreaHigh": 0,
    "valueAreaLow": 0,
    "currentPosition": "ABOVE_VALUE_AREA",
    "volumeNodes": [],
    "airPockets": []
  },
  "momentumCascade": {
    "cascadeDetected": false,
    "alignmentScore": 0.0017671471869832027,
    "cascadeStrength": 0,
    "acceleratingTimeframes": [],
    "divergingTimeframes": [
      "1m",
      "5m",
      "15m",
      "1h"
    ]
  },
  "breakoutConfirmation": {
    "breakoutConfirmed": false,
    "volumeConfirmation": false,
    "retestStrength": 0,
    "falseBreakoutRisk": 0,
    "breakoutQuality": "NO_BREAKOUT"
  },
  "liquidityHeatmap": {
    "liquidityScore": 0,
    "magnetDirection": "NONE",
    "magnetStrength": 0,
    "priceTarget5pct": null,
    "message": "No order book data"
  },
  "smartMoneyDivergence": {
    "divergenceDetected": false,
    "divergenceDirection": "NONE",
    "smartMoneyScore": 0.5,
    "message": "Insufficient trade data"
  },
  "microstructure": {
    "raw": -0.05579183220918414,
    "pct": 49,
    "summary": {
      "latestBucketSignedZ": 0,
      "buySellRatio": 0.5,
      "tradesPerSec": 0,
      "vwap": 0,
      "aggressorVWAP": 0,
      "vpinToxicity": "UNKNOWN",
      "sweepDirection": "NEUTRAL",
      "absorptionSide": "NONE",
      "icebergDetected": false,
      "hawkesDirection": "NEUTRAL",
      "cascadeDetected": false,
      "vacuumSide": "NONE",
      "volatilityRegime": "LOW",
      "volExpanding": false,
      "favorableTimeWindow": false,
      "temporalAnomaly": true,
      "consensusDirection": "NEUTRAL",
      "consensusStrength": 50,
      "dominantPattern": "NONE",
      "convictionLevel": "LOW",
      "riskAdjustment": "REDUCE",
      "timingQuality": "UNFAVORABLE",
      "deltaDirection": "NEUTRAL",
      "deltaDivergence": false,
      "institutionalRatio": 0,
      "volumeProfilePosition": "ABOVE_VALUE_AREA",
      "pointOfControl": 0,
      "momentumCascadeDetected": false,
      "cascadeStrength": 0,
      "breakoutQuality": "NO_BREAKOUT",
      "breakoutConfirmed": false,
      "magnetDirection": "NONE",
      "magnetStrength": 0,
      "priceTarget5pct": null,
      "nearestBidWall": 0,
      "nearestAskWall": 0,
      "divergenceDetected": false,
      "divergenceDirection": "NONE",
      "whaleAccumulation": false,
      "whaleDistribution": false,
      "retailPanic": false,
      "smartMoneyScore": 0.5
    }
  }
}

=== MICROSTRUCTURE ALERTS ===

🔬 VPIN: Insufficient data for VPIN analysis

🌊 SWEEP DETECTION: No significant sweeps detected

🧊 ABSORPTION & ICEBERG: No significant absorption or iceberg orders detected

⚡ ORDER ARRIVAL DYNAMICS: Insufficient trades for analysis

🌪️ LIQUIDITY VACUUM: No significant vacuum detected

📊 VOLATILITY REGIME DETECTION:
   Current Regime: LOW
   Regime Score: -1.00 (-1=low vol, +1=extreme vol)
   Days in Regime: 6
   ATR: $0.006277 (avg: $0.009352)
   ATR Percentile: 2.6%
   Realized Volatility: 103.18% (annualized)
   Vol Percentile: 6.8%

   🔵 LOW VOLATILITY REGIME:
   ✅ Ideal for breakout setups - price coiling
   ✅ Tight stops recommended
   ✅ Can increase position size (lower risk)

   📉 VOLATILITY CONTRACTING:
   🔄 Consolidation phase - accumulation likely
   ⏳ Wait for expansion before entering

   📍 MODERATE REGIME TRANSITION PROBABILITY: 40%
   Monitor for potential regime change

⏰ TEMPORAL PATTERN ANALYSIS:
   Current Time: Sunday 10:00 UTC
   Day Bias: NEUTRAL
   Current vs Avg Volume: 0x
   Current vs Avg Volatility: 0x

   ⏳ NON-FAVORABLE TIME WINDOW:
   This hour typically shows weaker activity
   Next favorable window in 3 hour(s)

   ⚠️ LOW ACTIVITY ANOMALY:
   Volume 0x below typical - Extremely quiet

   📉 LOW VOLATILITY ANOMALY:
   Volatility 0x below typical - Consolidation likely

   🔥 Best Trading Hours (UTC): 1:00, 23:00, 2:00

🎯 UNIFIED MICROSTRUCTURE INTEGRATION:
   Signal Consensus: NEUTRAL (50% agreement)
   Available Signals: 2 (1 bullish / 1 bearish / 0 neutral)
   Conviction Level: LOW (30%)
   Signal Quality: LOW
   Risk Adjustment: REDUCE
   Timing Quality: UNFAVORABLE

   ⚠️ LOW CONVICTION: Only 50% signal agreement
   Weak alignment - Reduce position size or wait for clarity

   ⚠️ RISK REDUCTION RECOMMENDED: Extreme volatility or unfavorable timing detected

   ⏰ UNFAVORABLE TIMING: Avoid trading during this hour

   Signal Directions Breakdown:
   • VPIN: NEUTRAL
   • Sweeps: NEUTRAL
   • Absorption: NEUTRAL
   • Arrival Dynamics: NEUTRAL
   • Liquidity Vacuum: NONE
   • Vol Regime: FAVORABLE
   • Temporal: UNFAVORABLE

   Adaptive Weights (Total: 4.1%):
   • VPIN: 0.0%
   • Sweeps: 0.0%
   • Absorption: 0.0%
   • Arrival: 0.0%
   • Vacuum: 0.0%
   • Vol Regime: 2.1%
   • Temporal: 2.0%


💹 DELTA ANALYSIS (Order Flow Aggression):
   Direction: NEUTRAL
   Delta Per Volume: 0.00%
   Institutional Ratio: 0.0%
   Aggression Score: 0.0%

📊 VOLUME PROFILE (Support/Resistance Strength):
   Point of Control (POC): $0.000000
   Value Area High: $0.000000
   Value Area Low: $0.000000
   Current Position: ABOVE_VALUE_AREA
   ⚠️ DISTRIBUTION RISK: Price above value area - potential rejection zone

⚡ MOMENTUM CASCADE (Multi-Timeframe Alignment):
   Cascade Detected: NO
   Alignment Score: 0.2%
   Cascade Strength: 0.0%
   Accelerating: None
   Diverging: 1m, 5m, 15m, 1h

💥 BREAKOUT CONFIRMATION:
   Quality: NO_BREAKOUT
   Volume Confirmation: NO
   Retest Strength: 0.0%
   False Breakout Risk: 0.0%
   No breakout detected - price below resistance


levels:
Entry=0.0656684, StopLoss=0.063698348, TakeProfit=0.065795645, 0.06592289000000001, 0.06602468600000001

---

=== Token: XCN (XCN) ===
Contract: XCN-USD
Timestamp: 2025-06-29T13:25:00.000Z

Calculations:
{
  "momentumScore": 119.8889811320874,
  "volumeScore": 83.68176916532295,
  "patternScore": 45.17369946165708,
  "totalScore": 74.23986581069965,
  "finalScore": 74.23986581069965,
  "weights": "0.23,0.45,0.23",
  "hourlyUptrend": true,
  "rsi": 64.51612903225798,
  "ultraShortVolumeSurge": 6.4986927534681875,
  "baseVolumeSurge": 0.03903743394689297,
  "currentPrice": 0.01507,
  "resistance": 0.01507,
  "support": 0.01492,
  "rocMin5": 0.005336891260840575,
  "shortROC": 0.001328903654485111,
  "priceAcceleration": 0.0013325597662109405,
  "buySellRatio": 0.7304316719276481,
  "macdHistogram": 0.0000020676396773637373,
  "stochasticK": 83.33333333333317,
  "atr": 0.0000392857142857143,
  "bbUpper": 0.015069888820216981,
  "bbLower": 0.014890111179783026,
  "hammerDetected": false,
  "engulfingDetected": false,
  "compressionSpring": {
    "detected": true,
    "confidence": 77,
    "signals": {
      "sidewaysPrice": true,
      "atrCompression": true,
      "bbSqueeze": true,
      "consolidationTime": true,
      "strongBuying": true,
      "obvPositive": false,
      "chaikinPositive": false,
      "rsiNeutral": false,
      "volumeBuilding": true
    },
    "metrics": {
      "priceRange": 1.21,
      "atrRatio": 0.821,
      "bbWidth": 1.2,
      "volumeRatio": 1.13,
      "signalCount": 6,
      "buySellRatio": 0.73
    }
  },
  "riskTier": "HIGH",
  "atrPercent": 0.4550194331216232,
  "distanceToResistance": 2,
  "slPercent": 4,
  "tpPercent": 1.7,
  "trailingActivation": 1.02,
  "shortMomentumScore": 0,
  "overboughtScore": 15.001484376275286,
  "shortPatternScore": 0,
  "shootingStarDetected": false,
  "bearishEngulfingDetected": false,
  "eveningStarDetected": false,
  "bearishPatternsCount": 0,
  "shortTotalScore": 5.25051953169635,
  "chaikin": 0.33728795400515554,
  "obvIncreasing": true,
  "obvTrend": "increasing",
  "adx": 25.714285714285435,
  "recentCandles": {
    "redCount": 4,
    "greenCount": 6
  },
  "resistanceDistance": 100,
  "multiplePatterns": false,
  "bullishPattern": true,
  "priceAboveVWAP": true,
  "breakingResistance": false,
  "atrSufficient": false,
  "macdDivergenceBearish": false,
  "rvolMin1": 0.29034948091828766,
  "rvolMin5": 0.17272968120381585,
  "atrPercentileOld": 0.6463414634146342,
  "vwapDeviation": 1.0008028840712728,
  "bbWidthPercent": 1.2001177599062405,
  "bbSqueeze": true,
  "multiTFMomentum": {
    "min1": {
      "roc1": 0.0006644518272426131,
      "roc3": 0
    },
    "min5": {
      "roc1": 0.001328903654485111,
      "roc3": 0.001994680851063864
    },
    "min15": {
      "roc1": 0.001994680851063864,
      "roc3": 0.008026755852842831
    },
    "hourly": {
      "roc1": 0.005340453938584793,
      "roc3": 0.0013297872340426143
    },
    "fourHour": {
      "roc1": 0.006684491978609702,
      "roc3": 0.014824797843665747
    },
    "divergenceShortUpLongDown": false
  },
  "returnZMin5": 0.7786293281350709,
  "wickClosePct": 1,
  "wickUpper": 0,
  "wickLower": 0,
  "wickRatio": 0,
  "donchianBreakout15": false,
  "bbWidthPercentile15": 0.3116883116883117,
  "signedMin5": 9643139.999999996,
  "signedMin5Z": 12.524253279284233,
  "signedMin1": 6469556.900000001,
  "signedMin1Z": 18.48722734712351,
  "streakMin1": {
    "upStreak": 1,
    "downStreak": 0
  },
  "streakMin5": {
    "upStreak": 2,
    "downStreak": 0
  },
  "rvolPercentileMin1": 0.8798611111111111,
  "rvolPercentileMin5": 0.7916666666666666,
  "perTfMetrics": {
    "min1": {
      "sma20": 0.015027000000000002,
      "sma50": 0.014993999999999993,
      "ema20": 0.01503155811794805,
      "ema50": 0.015006128743858867,
      "vwma20": 0.01505416724107299,
      "hma21": 0.015078787878787876,
      "atr14": 0.000023571428571428602,
      "atrPercentile": 0.9274924471299094,
      "rvolZ": 0.29034948091828766,
      "rvolPercentile": 0.8798611111111111,
      "mfi14": 71.09071471408829,
      "ppo": {
        "ppo": 0.13208026972157916,
        "signal": 0.12359221588984966,
        "histogram": 0.0084880538317295
      },
      "stochRsi": {
        "k": 74.99999999999946,
        "d": 69.59064327485368
      },
      "vprofile": {
        "vpBins": [
          0,
          0.010568181764557025,
          0.005773575503725796,
          0.026403186230195386,
          0.04073990298936636,
          0.07145547772515651,
          0.049344560310568705,
          0.13371802034263813,
          0.13857366242663954,
          0,
          0.1075451204259106,
          0.0396900356170824,
          0.0040607277651096285,
          0.044583861214554064,
          0.007909514715894267,
          0.17639181330107076,
          0.09902388299752053,
          0.04421847667001045,
          0,
          0
        ],
        "currentBinShare": 0.17639181330107076
      },
      "ttm": {
        "squeeze": false,
        "release": false,
        "widthPct": 0.8547065606176725
      }
    },
    "min5": {
      "sma20": 0.014989000000000002,
      "sma50": 0.014992199999999997,
      "ema20": 0.015002839280849724,
      "ema50": 0.01498121439213097,
      "vwma20": 0.015016901886207147,
      "hma21": 0.01501467532467533,
      "atr14": 0.0000392857142857143,
      "atrPercentile": 0.6788321167883211,
      "rvolZ": 0.17272968120381585,
      "rvolPercentile": 0.7916666666666666,
      "mfi14": 89.1396589616684,
      "ppo": {
        "ppo": 0.11030507718739423,
        "signal": 0.042938488877730864,
        "histogram": 0.06736658830966336
      },
      "stochRsi": {
        "k": 91.65085388994335,
        "d": 64.56093189964149
      },
      "vprofile": {
        "vpBins": [
          0.05285788204672028,
          0.04117905654036969,
          0.03538386422012982,
          0.05308062054777373,
          0.08022781017878919,
          0.08985947160064713,
          0.02763538658354604,
          0.045697488619325016,
          0.011724257849450784,
          0.003920200991464127,
          0.031140042458511374,
          0.10455382566469061,
          0.08785833855318234,
          0.030979135267403164,
          0.008078484475298683,
          0.09427317534074792,
          0.01842501642819885,
          0.17262400416587537,
          0.010501938467875867,
          0
        ],
        "currentBinShare": 0.17262400416587537
      },
      "ttm": {
        "squeeze": false,
        "release": true,
        "widthPct": 0.9873907532190193
      }
    },
    "min15": {
      "sma20": 0.014980000000000004,
      "sma50": 0.0149118,
      "ema20": 0.014977211506072046,
      "ema50": 0.014936106714189568,
      "vwma20": 0.015011908832120316,
      "hma21": 0.01501116883116883,
      "atr14": 0.00006857142857142862,
      "atrPercentile": 0.6463414634146342,
      "rvolZ": 2.777350382329177,
      "rvolPercentile": 0.96875,
      "mfi14": 85.84860113958983,
      "ppo": {
        "ppo": 0.1949591836294924,
        "signal": 0.1686140693693838,
        "histogram": 0.026345114260108604
      },
      "stochRsi": {
        "k": 73.98052343274551,
        "d": 55.6981132075472
      },
      "vprofile": {
        "vpBins": [
          0.02078226219803405,
          0.0065490755628457905,
          0.04062737780399828,
          0.05853190449283819,
          0.05393983686924008,
          0.10337566039950588,
          0.08229442378235563,
          0.0275861087970901,
          0.12602177274803703,
          0.03337531649992702,
          0.031317366916153305,
          0.07266106371620963,
          0.08138658855437758,
          0.04006071135982239,
          0.03550724540837734,
          0.009930455000765014,
          0.05481683186154231,
          0.11103143036516101,
          0.010204567663719325,
          0
        ],
        "currentBinShare": 0.11103143036516101
      },
      "ttm": {
        "squeeze": false,
        "release": true,
        "widthPct": 1.2001177599062405
      }
    },
    "hourly": {
      "sma20": 0.01492,
      "sma50": 0.014932799999999994,
      "ema20": 0.014933861414267691,
      "ema50": 0.014966245508630795,
      "vwma20": 0.014932997504960521,
      "hma21": 0.01494939393939394,
      "atr14": 0.00010000000000000014,
      "atrPercentile": 0.003105590062111801,
      "rvolZ": -0.22977969726484787,
      "rvolPercentile": 0.5654761904761905,
      "mfi14": 58.78272981366222,
      "ppo": {
        "ppo": 0.14605704525639143,
        "signal": -0.0004723977302376753,
        "histogram": 0.14652944298662912
      },
      "stochRsi": {
        "k": 100,
        "d": 57.48470846396625
      },
      "vprofile": {
        "vpBins": [
          0.01280378683518095,
          0.026076270626318294,
          0.06683307686932194,
          0.03044802419360681,
          0.053157703610393243,
          0.06981579267711345,
          0.04065879480690636,
          0.029406021051044718,
          0.0701943641337654,
          0.07138483320776745,
          0.13708475729490394,
          0.10478155262525857,
          0.03785283837757506,
          0.033309694483345254,
          0.0321341518791125,
          0.06768901100172402,
          0.02413535673861822,
          0.04409890479547819,
          0.022795324305257568,
          0.02533974048730805
        ],
        "currentBinShare": 0.10478155262525857
      },
      "ttm": {
        "squeeze": false,
        "release": false,
        "widthPct": 2.047035835798507
      }
    },
    "fourHour": {
      "sma20": 0.0150655,
      "sma50": 0.014602799999999997,
      "ema20": 0.014991666606528316,
      "ema50": 0.014701828028752117,
      "vwma20": 0.015149832750168577,
      "hma21": 0.014651731601731601,
      "atr14": 0.00032071428571428604,
      "atrPercentile": 0.014285714285714285,
      "rvolZ": -0.6438814186857509,
      "rvolPercentile": 0.25,
      "mfi14": 44.701493128764305,
      "ppo": {
        "ppo": 0.1706559428546305,
        "signal": 0.5212590109887959,
        "histogram": -0.3506030681341654
      },
      "stochRsi": {
        "k": 86.20504001177501,
        "d": 43.91950351069848
      },
      "vprofile": {
        "vpBins": [
          0,
          0.01399810525502664,
          0.037359154350210276,
          0.0346577645372809,
          0.09221401032306613,
          0.15631784143003108,
          0.05428066869845256,
          0.024329415789473344,
          0.11181088650316708,
          0.11016820757911233,
          0.059734148435212096,
          0.11569450766734517,
          0.03599205462032599,
          0.009181528655871298,
          0.01567390438857249,
          0.01342199331239112,
          0.021950576918096227,
          0.010345850458024436,
          0.08286938107834084,
          0
        ],
        "currentBinShare": 0.11569450766734517
      },
      "ttm": {
        "squeeze": false,
        "release": false,
        "widthPct": 6.915674828479072
      }
    },
    "daily": {
      "sma20": 0.014237,
      "sma50": 0.016272000000000005,
      "ema20": 0.01472292570336142,
      "ema50": 0.01536132762444064,
      "vwma20": 0,
      "hma21": 0.014529956709956712,
      "atr14": 0.0014957142857142858,
      "atrPercentile": 0.4868421052631579,
      "rvolZ": 0,
      "rvolPercentile": 1,
      "mfi14": 50,
      "ppo": {
        "ppo": -1.457100852628768,
        "signal": -3.4333879321857266,
        "histogram": 1.9762870795569585
      },
      "stochRsi": {
        "k": 100,
        "d": 58.88233466738732
      },
      "vprofile": {
        "vpBins": [
          0,
          0,
          0,
          0,
          0,
          0,
          0,
          0,
          0,
          0,
          0,
          0,
          0,
          0,
          0,
          0,
          0,
          0,
          0,
          0
        ],
        "currentBinShare": 0
      },
      "ttm": {
        "squeeze": false,
        "release": false,
        "widthPct": 23.645271344329284
      }
    }
  },
  "smaMin5": 0.014989000000000002,
  "emaMin5": 0.015002839280849724,
  "vwmaMin5": 0.015016901886207147,
  "hmaMin5": 0.01501467532467533,
  "keltner15": {
    "upper": 0.015079211506072046,
    "middle": 0.014977211506072046,
    "lower": 0.014875211506072046
  },
  "superTrend15": {
    "isBull": true,
    "finalUpper": 0.015248999999999999,
    "finalLower": 0.014841
  },
  "mfi15": 85.84860113958983,
  "stochRsi15": {
    "k": 73.98052343274551,
    "d": 55.6981132075472
  },
  "ppo15": {
    "ppo": 0.1949591836294924,
    "signal": 0.1686140693693838,
    "histogram": 0.026345114260108604
  },
  "vpMin15": {
    "vpBins": [
      0.02078226219803405,
      0.0065490755628457905,
      0.04062737780399828,
      0.05853190449283819,
      0.05393983686924008,
      0.10337566039950588,
      0.08229442378235563,
      0.0275861087970901,
      0.12602177274803703,
      0.03337531649992702,
      0.031317366916153305,
      0.07266106371620963,
      0.08138658855437758,
      0.04006071135982239,
      0.03550724540837734,
      0.009930455000765014,
      0.05481683186154231,
      0.11103143036516101,
      0.010204567663719325,
      0
    ],
    "currentBinShare": 0.11103143036516101
  },
  "ttm15": {
    "squeeze": false,
    "release": true,
    "widthPct": 1.2001177599062405
  },
  "marketCorrelation": {
    "hourly": {
      "btcCorrelation": 0,
      "ethCorrelation": 0,
      "btcBeta": 1,
      "ethBeta": 1,
      "btcTrend": "UNKNOWN",
      "ethTrend": "UNKNOWN",
      "tokenVol": 0,
      "btcVol": 0,
      "ethVol": 0,
      "marketDependence": 0,
      "verdict": "INSUFFICIENT_DATA"
    },
    "min15": {
      "btcCorrelation": 0,
      "ethCorrelation": 0,
      "btcBeta": 1,
      "ethBeta": 1,
      "btcTrend": "UNKNOWN",
      "ethTrend": "UNKNOWN",
      "tokenVol": 0,
      "btcVol": 0,
      "ethVol": 0,
      "marketDependence": 0,
      "verdict": "INSUFFICIENT_DATA"
    },
    "daily": {
      "btcCorrelation": 0,
      "ethCorrelation": 0,
      "btcBeta": 1,
      "ethBeta": 1,
      "btcTrend": "UNKNOWN",
      "ethTrend": "UNKNOWN",
      "tokenVol": 0,
      "btcVol": 0,
      "ethVol": 0,
      "marketDependence": 0,
      "verdict": "INSUFFICIENT_DATA"
    }
  },
  "tradeTape": {
    "totalTrades": 0,
    "totalVolume": 0,
    "buysVolume": 0,
    "sellsVolume": 0,
    "buySellRatio": 0.5,
    "vwap": 0,
    "signedVolume": 0,
    "avgTradeSize": 0,
    "tradesPerSec": 0,
    "cumulativeDelta": 0,
    "tradesLast1m": 0,
    "tradesLast5m": 0,
    "tradesLast15m": 0,
    "tradesLast1h": 0,
    "buyVWAP": 0,
    "sellVWAP": 0,
    "aggressorVWAP": 0,
    "bucketDurationMs": 60000,
    "bucketCount": 15,
    "bucketSignedVolumes": [],
    "bucketVolumes": [],
    "bucketVWAPs": [],
    "latestBucketSignedZ": 0
  },
  "enhancedMetrics": {
    "relativeVolumeZScore": -1,
    "volumePercentile": 40,
    "atrPercentile": 67.88321167883211,
    "volatilityPercentile": 0.31645569620253167,
    "relativeVolatilityRatio": 0.8867925480764326,
    "isHighVolume": false,
    "isHighVolatility": false,
    "isLowVolatility": true,
    "isExpandingVolatility": false,
    "isContractingVolatility": false
  },
  "orderBook": {
    "bidAskSpread": 0,
    "spreadPct": 0,
    "midPrice": 0,
    "bestBid": 0,
    "bestAsk": 0,
    "bidDepth": 0,
    "askDepth": 0,
    "orderBookImbalance": 0,
    "liquidityScore": 0,
    "depthAt1Pct": {
      "bidVolume": 0,
      "askVolume": 0,
      "imbalance": 0
    },
    "depthAt2Pct": {
      "bidVolume": 0,
      "askVolume": 0,
      "imbalance": 0
    },
    "depthAt5Pct": {
      "bidVolume": 0,
      "askVolume": 0,
      "imbalance": 0
    },
    "weightedMidPrice": 0,
    "volumeWeightedSpread": 0,
    "totalBidLevels": 0,
    "totalAskLevels": 0
  },
  "marketCap": {
    "marketCap": 0,
    "totalVolume24h": 0,
    "volumeToMarketCapRatio": 0,
    "marketCapRank": 0,
    "normalizedRank": 0,
    "isHighLiquidity": false,
    "isVeryHighLiquidity": false,
    "isLowLiquidity": true,
    "liquidityTier": "VERY_LOW"
  },
  "sweeps": {
    "sweepScore": 0,
    "sweepCount": 0,
    "sweepDirection": "NEUTRAL",
    "buySweeps": 0,
    "sellSweeps": 0,
    "avgSweepSize": 0,
    "avgSweepIntensity": 0,
    "bidLiftRatio": 0,
    "askLiftRatio": 0,
    "sweepFrequency": 0,
    "largestSweep": null,
    "recentSweepClusters": 0,
    "sweepDetails": []
  },
  "absorption": {
    "absorptionScore": 0,
    "absorptionLevel": null,
    "absorptionSide": "NONE",
    "icebergProbability": 0,
    "hiddenLiquidityEstimate": 0,
    "volumeAtPrice": {},
    "topAbsorptionLevels": [],
    "persistenceDuration": 0,
    "refillDetected": false
  },
  "orderArrival": {
    "avgInterArrivalTime": 0,
    "recentInterArrivalTime": 0,
    "accelerationRatio": 1,
    "hawkesIntensity": 0,
    "hawkesDirection": "NEUTRAL",
    "clusteringScore": 0,
    "burstCount": 0,
    "cascadeDetected": false,
    "timeToNextTrade": 0,
    "accelerationTrend": "STABLE"
  },
  "liquidityVacuum": {
    "vacuumScore": 0,
    "vacuumSide": "NONE",
    "bidVacuumSeverity": 0,
    "askVacuumSeverity": 0,
    "depthConcentration": 0,
    "priceImpact10k": 0,
    "priceImpact50k": 0,
    "priceImpact100k": 0,
    "largestGapBid": 0,
    "largestGapAsk": 0,
    "avgGapBid": 0,
    "avgGapAsk": 0,
    "bidCliffDistance": 0,
    "askCliffDistance": 0
  },
  "volatilityRegime": {
    "regime": "NORMAL",
    "regimeScore": 0,
    "currentATR": 0.001558,
    "avgATR": 0.001246,
    "atrPercentile": 52.6,
    "realizedVolatility": 78.5,
    "volPercentile": 28.8,
    "expanding": true,
    "contracting": false,
    "transitionProbability": 0.7,
    "daysInRegime": 6,
    "regimeStrength": 0.07
  },
  "temporalPatterns": {
    "currentHour": 10,
    "currentDay": 0,
    "currentDayName": "Sunday",
    "dayBias": "NEUTRAL",
    "hourlyProfile": [
      {
        "avgVolume": 15337179.49,
        "avgATR": 0.000244,
        "avgReturn": -0.303
      },
      {
        "avgVolume": 15649150.28,
        "avgATR": 0.000285,
        "avgReturn": 0.187
      },
      {
        "avgVolume": 15335547.44,
        "avgATR": 0.000256,
        "avgReturn": 0.036
      },
      {
        "avgVolume": 15468765.9,
        "avgATR": 0.000218,
        "avgReturn": 0.638
      },
      {
        "avgVolume": 11813912.36,
        "avgATR": 0.000254,
        "avgReturn": -0.188
      },
      {
        "avgVolume": 10749796.96,
        "avgATR": 0.000239,
        "avgReturn": 0.344
      },
      {
        "avgVolume": 9014341.8,
        "avgATR": 0.000244,
        "avgReturn": 0.136
      },
      {
        "avgVolume": 6930916.44,
        "avgATR": 0.000207,
        "avgReturn": 0.068
      },
      {
        "avgVolume": 6869613.84,
        "avgATR": 0.000223,
        "avgReturn": -0.185
      },
      {
        "avgVolume": 7310217.26,
        "avgATR": 0.000202,
        "avgReturn": -0.27
      },
      {
        "avgVolume": 8679338.5,
        "avgATR": 0.00022,
        "avgReturn": 0.121
      },
      {
        "avgVolume": 12057240.06,
        "avgATR": 0.000286,
        "avgReturn": 0.134
      },
      {
        "avgVolume": 28595898.78,
        "avgATR": 0.000382,
        "avgReturn": 0.607
      },
      {
        "avgVolume": 29008124.31,
        "avgATR": 0.000378,
        "avgReturn": -0.134
      },
      {
        "avgVolume": 25094070.37,
        "avgATR": 0.000347,
        "avgReturn": -0.215
      },
      {
        "avgVolume": 30876227.33,
        "avgATR": 0.000384,
        "avgReturn": -0.054
      },
      {
        "avgVolume": 24641739.85,
        "avgATR": 0.000299,
        "avgReturn": -0.601
      },
      {
        "avgVolume": 35363186.09,
        "avgATR": 0.000451,
        "avgReturn": 1.417
      },
      {
        "avgVolume": 26208776.3,
        "avgATR": 0.000348,
        "avgReturn": -0.13
      },
      {
        "avgVolume": 26166200.74,
        "avgATR": 0.000271,
        "avgReturn": -0.362
      },
      {
        "avgVolume": 22484886.2,
        "avgATR": 0.000272,
        "avgReturn": 0.463
      },
      {
        "avgVolume": 22097828.83,
        "avgATR": 0.00029,
        "avgReturn": -0.455
      },
      {
        "avgVolume": 26392635.03,
        "avgATR": 0.000344,
        "avgReturn": 0.278
      },
      {
        "avgVolume": 16732867.77,
        "avgATR": 0.000261,
        "avgReturn": -0.309
      }
    ],
    "dailyProfile": [
      {
        "avgVolume": 14054451.83,
        "avgATR": 0.000229,
        "avgReturn": -0.096
      },
      {
        "avgVolume": 27616844.36,
        "avgATR": 0.000344,
        "avgReturn": 0.486
      },
      {
        "avgVolume": 20389325.42,
        "avgATR": 0.000317,
        "avgReturn": -0.131
      },
      {
        "avgVolume": 24953494.04,
        "avgATR": 0.000347,
        "avgReturn": 0.228
      },
      {
        "avgVolume": 13053420.79,
        "avgATR": 0.000286,
        "avgReturn": -0.129
      },
      {
        "avgVolume": 11627832.95,
        "avgATR": 0.000226,
        "avgReturn": -0.087
      },
      {
        "avgVolume": 18997523.29,
        "avgATR": 0.000263,
        "avgReturn": 0.089
      }
    ],
    "favorableHours": [
      17,
      15,
      13,
      12,
      22,
      18
    ],
    "favorableWindow": false,
    "currentVsAvgVolume": 0,
    "currentVsAvgVolatility": 0,
    "anomalyDetected": true,
    "timeUntilFavorable": 2,
    "temporalScore": 0
  },
  "unifiedMicrostructure": {
    "signalDirections": {
      "vpin": "NEUTRAL",
      "sweeps": "NEUTRAL",
      "absorption": "NEUTRAL",
      "arrival": "NEUTRAL",
      "vacuum": "NONE",
      "volRegime": "NEUTRAL",
      "temporal": "UNFAVORABLE"
    },
    "consensusDirection": "BEARISH",
    "consensusStrength": 50,
    "bullishSignals": 0,
    "bearishSignals": 1,
    "neutralSignals": 1,
    "totalAvailableSignals": 2,
    "dominantPattern": "NONE",
    "clusters": {
      "strongBuyCluster": false,
      "distributionPattern": false,
      "accumulationPattern": false,
      "momentumCascade": false
    },
    "adaptiveWeights": {
      "vpin": 0,
      "sweeps": 0,
      "absorption": 0,
      "arrival": 0,
      "vacuum": 0,
      "volRegime": 0.021,
      "temporal": 0.02
    },
    "convictionLevel": "LOW",
    "convictionScore": 30,
    "riskAdjustment": "REDUCE",
    "timingQuality": "UNFAVORABLE",
    "signalQuality": "LOW"
  },
  "deltaAnalysis": {
    "currentDelta": 0,
    "cumulativeDelta": 0,
    "deltaPerVolume": 0,
    "deltaDirection": "NEUTRAL",
    "deltaDivergence": false,
    "institutionalRatio": 0,
    "aggressionScore": 0
  },
  "volumeProfile": {
    "pointOfControl": 0,
    "valueAreaHigh": 0,
    "valueAreaLow": 0,
    "currentPosition": "ABOVE_VALUE_AREA",
    "volumeNodes": [],
    "airPockets": []
  },
  "momentumCascade": {
    "cascadeDetected": false,
    "alignmentScore": 0.005401602831417804,
    "cascadeStrength": 0,
    "acceleratingTimeframes": [
      "5m",
      "15m"
    ],
    "divergingTimeframes": [
      "1m",
      "1h"
    ]
  },
  "breakoutConfirmation": {
    "breakoutConfirmed": false,
    "volumeConfirmation": false,
    "retestStrength": 0,
    "falseBreakoutRisk": 0,
    "breakoutQuality": "NO_BREAKOUT"
  },
  "liquidityHeatmap": {
    "liquidityScore": 0,
    "magnetDirection": "NONE",
    "magnetStrength": 0,
    "priceTarget5pct": null,
    "message": "No order book data"
  },
  "smartMoneyDivergence": {
    "divergenceDetected": false,
    "divergenceDirection": "NONE",
    "smartMoneyScore": 0.5,
    "message": "Insufficient trade data"
  },
  "microstructure": {
    "raw": -0.055603344728818255,
    "pct": 49,
    "summary": {
      "latestBucketSignedZ": 0,
      "buySellRatio": 0.5,
      "tradesPerSec": 0,
      "vwap": 0,
      "aggressorVWAP": 0,
      "vpinToxicity": "UNKNOWN",
      "sweepDirection": "NEUTRAL",
      "absorptionSide": "NONE",
      "icebergDetected": false,
      "hawkesDirection": "NEUTRAL",
      "cascadeDetected": false,
      "vacuumSide": "NONE",
      "volatilityRegime": "NORMAL",
      "volExpanding": true,
      "favorableTimeWindow": false,
      "temporalAnomaly": true,
      "consensusDirection": "BEARISH",
      "consensusStrength": 50,
      "dominantPattern": "NONE",
      "convictionLevel": "LOW",
      "riskAdjustment": "REDUCE",
      "timingQuality": "UNFAVORABLE",
      "deltaDirection": "NEUTRAL",
      "deltaDivergence": false,
      "institutionalRatio": 0,
      "volumeProfilePosition": "ABOVE_VALUE_AREA",
      "pointOfControl": 0,
      "momentumCascadeDetected": false,
      "cascadeStrength": 0,
      "breakoutQuality": "NO_BREAKOUT",
      "breakoutConfirmed": false,
      "magnetDirection": "NONE",
      "magnetStrength": 0,
      "priceTarget5pct": null,
      "nearestBidWall": 0,
      "nearestAskWall": 0,
      "divergenceDetected": false,
      "divergenceDirection": "NONE",
      "whaleAccumulation": false,
      "whaleDistribution": false,
      "retailPanic": false,
      "smartMoneyScore": 0.5
    }
  }
}

=== MICROSTRUCTURE ALERTS ===

🔬 VPIN: Insufficient data for VPIN analysis

🌊 SWEEP DETECTION: No significant sweeps detected

🧊 ABSORPTION & ICEBERG: No significant absorption or iceberg orders detected

⚡ ORDER ARRIVAL DYNAMICS: Insufficient trades for analysis

🌪️ LIQUIDITY VACUUM: No significant vacuum detected

📊 VOLATILITY REGIME DETECTION:
   Current Regime: NORMAL
   Regime Score: 0.00 (-1=low vol, +1=extreme vol)
   Days in Regime: 6
   ATR: $0.001558 (avg: $0.001246)
   ATR Percentile: 52.6%
   Realized Volatility: 78.50% (annualized)
   Vol Percentile: 28.8%

   ⚪ NORMAL VOLATILITY:
   📊 Balanced market conditions
   ✅ Standard risk management applies

   🚀 VOLATILITY EXPANDING:
   💥 Breakout likely imminent!
   📈 Market transitioning to higher vol regime
   ✅ Strong signal when combined with other indicators

   ⚠️ HIGH REGIME TRANSITION PROBABILITY: 70%
   Market near regime boundary - expect volatility shift soon

⏰ TEMPORAL PATTERN ANALYSIS:
   Current Time: Sunday 10:00 UTC
   Day Bias: NEUTRAL
   Current vs Avg Volume: 0x
   Current vs Avg Volatility: 0x

   ⏳ NON-FAVORABLE TIME WINDOW:
   This hour typically shows weaker activity
   Next favorable window in 2 hour(s)

   ⚠️ LOW ACTIVITY ANOMALY:
   Volume 0x below typical - Extremely quiet

   📉 LOW VOLATILITY ANOMALY:
   Volatility 0x below typical - Consolidation likely

   🔥 Best Trading Hours (UTC): 17:00, 15:00, 13:00

🎯 UNIFIED MICROSTRUCTURE INTEGRATION:
   Signal Consensus: BEARISH (50% agreement)
   Available Signals: 2 (0 bullish / 1 bearish / 1 neutral)
   Conviction Level: LOW (30%)
   Signal Quality: LOW
   Risk Adjustment: REDUCE
   Timing Quality: UNFAVORABLE

   ⚠️ LOW CONVICTION: Only 50% signal agreement
   Weak alignment - Reduce position size or wait for clarity

   ⚠️ RISK REDUCTION RECOMMENDED: Extreme volatility or unfavorable timing detected

   ⏰ UNFAVORABLE TIMING: Avoid trading during this hour

   Signal Directions Breakdown:
   • VPIN: NEUTRAL
   • Sweeps: NEUTRAL
   • Absorption: NEUTRAL
   • Arrival Dynamics: NEUTRAL
   • Liquidity Vacuum: NONE
   • Vol Regime: NEUTRAL
   • Temporal: UNFAVORABLE

   Adaptive Weights (Total: 4.1%):
   • VPIN: 0.0%
   • Sweeps: 0.0%
   • Absorption: 0.0%
   • Arrival: 0.0%
   • Vacuum: 0.0%
   • Vol Regime: 2.1%
   • Temporal: 2.0%


💹 DELTA ANALYSIS (Order Flow Aggression):
   Direction: NEUTRAL
   Delta Per Volume: 0.00%
   Institutional Ratio: 0.0%
   Aggression Score: 0.0%

📊 VOLUME PROFILE (Support/Resistance Strength):
   Point of Control (POC): $0.000000
   Value Area High: $0.000000
   Value Area Low: $0.000000
   Current Position: ABOVE_VALUE_AREA
   ⚠️ DISTRIBUTION RISK: Price above value area - potential rejection zone

⚡ MOMENTUM CASCADE (Multi-Timeframe Alignment):
   Cascade Detected: NO
   Alignment Score: 0.5%
   Cascade Strength: 0.0%
   Accelerating: 5m, 15m
   Diverging: 1m, 1h

💥 BREAKOUT CONFIRMATION:
   Quality: NO_BREAKOUT
   Volume Confirmation: NO
   Retest Strength: 0.0%
   False Breakout Risk: 0.0%
   No breakout detected - price below resistance


levels:
Entry=0.01503986, StopLoss=0.0144382656, TakeProfit=0.01516769881, 0.015295537619999999, 0.015397808668000001

---
