
=== Token: BNKR (BNKR) ===
Contract: BNKR-USD
Timestamp: 2025-09-16T12:15:00.000Z

Calculations:
{
  "momentumScore": 89.48722782700321,
  "volumeScore": 28.374233128834295,
  "patternScore": 74.08753932453459,
  "totalScore": 49.3360325156855,
  "finalScore": 49.3360325156855,
  "weights": "0.23,0.45,0.23",
  "hourlyUptrend": true,
  "rsi": 81.46067415730371,
  "ultraShortVolumeSurge": 21.971869613430293,
  "baseVolumeSurge": 0.0332843033111168,
  "currentPrice": 0.0005538,
  "resistance": 0.0005581,
  "support": 0.0005421,
  "rocMin5": 0.011876484560570062,
  "shortROC": 0.0069090909090908795,
  "priceAcceleration": 0.0029615951064056543,
  "buySellRatio": 0.25839547600506546,
  "macdHistogram": -8.684712898966104e-7,
  "stochasticK": 83.43558282208573,
  "atr": 0.0000032571428571428433,
  "bbUpper": 0.0005536532127131488,
  "bbLower": 0.0005334567872868512,
  "hammerDetected": false,
  "engulfingDetected": false,
  "compressionSpring": {
    "detected": true,
    "confidence": 54,
    "signals": {
      "sidewaysPrice": true,
      "atrCompression": true,
      "bbSqueeze": true,
      "consolidationTime": true,
      "strongBuying": false,
      "obvPositive": false,
      "chaikinPositive": false,
      "rsiNeutral": false,
      "volumeBuilding": false
    },
    "metrics": {
      "priceRange": 2.95,
      "atrRatio": 0.615,
      "bbWidth": 3.72,
      "volumeRatio": 31.782,
      "signalCount": 4,
      "buySellRatio": 0.258
    }
  },
  "riskTier": "MEDIUM",
  "atrPercent": 0.5752463498942344,
  "distanceToResistance": 0.7764535933549913,
  "slPercent": 3,
  "tpPercent": 0.6599855543517426,
  "trailingActivation": 0.3959913326110455,
  "shortMomentumScore": 15,
  "overboughtScore": 40.05401009533578,
  "shortPatternScore": 0,
  "shootingStarDetected": false,
  "bearishEngulfingDetected": false,
  "eveningStarDetected": false,
  "bearishPatternsCount": 0,
  "shortTotalScore": 20.01890353336752,
  "chaikin": -0.1940352466864553,
  "obvIncreasing": true,
  "obvTrend": "increasing",
  "adx": 70.85427135678451,
  "recentCandles": {
    "redCount": 2,
    "greenCount": 8
  },
  "resistanceDistance": 0.7764535933549913,
  "multiplePatterns": false,
  "bullishPattern": true,
  "priceAboveVWAP": true,
  "breakingResistance": true,
  "atrSufficient": false,
  "macdDivergenceBearish": false,
  "rvolMin1": 0.24582630753922638,
  "rvolMin5": -0.3095077788819382,
  "atrPercentileOld": 0.10975609756097561,
  "vwapDeviation": 4.718229744801851,
  "bbWidthPercent": 3.7156176332289443,
  "bbSqueeze": false,
  "multiTFMomentum": {
    "min1": {
      "roc1": -0.004344677769731987,
      "roc3": 0.003649635036496439
    },
    "min5": {
      "roc1": 0.0069090909090908795,
      "roc3": 0.008192244675041063
    },
    "min15": {
      "roc1": 0.009818181818181662,
      "roc3": 0.015542146644724695
    },
    "hourly": {
      "roc1": 0.012241914854741458,
      "roc3": 0.020069968698213946
    },
    "fourHour": {
      "roc1": 0.01763409257898607,
      "roc3": 0.06908529525279815
    },
    "divergenceShortUpLongDown": false
  },
  "returnZMin5": 1.354874458499987,
  "wickClosePct": 1,
  "wickUpper": 0,
  "wickLower": 0,
  "wickRatio": 0,
  "donchianBreakout15": false,
  "bbWidthPercentile15": 0.36363636363636365,
  "signedMin5": 101020118,
  "signedMin5Z": 6.983265541604171,
  "signedMin1": 130843290,
  "signedMin1Z": 13.480895621103993,
  "streakMin1": {
    "upStreak": 0,
    "downStreak": 1
  },
  "streakMin5": {
    "upStreak": 1,
    "downStreak": 0
  },
  "rvolPercentileMin1": 0.8791666666666667,
  "rvolPercentileMin5": 0.4409722222222222,
  "perTfMetrics": {
    "min1": {
      "sma20": 0.000548345,
      "sma50": 0.0005455840000000001,
      "ema20": 0.0005486148654423201,
      "ema50": 0.0005453926347641244,
      "vwma20": 0.0005493007372598734,
      "hma21": 0.0005510640692640693,
      "atr14": 0.000003078571428571422,
      "atrPercentile": 0.8313192346424975,
      "rvolZ": 0.24582630753922638,
      "rvolPercentile": 0.8791666666666667,
      "mfi14": 95.49374382374695,
      "ppo": {
        "ppo": 0.3428726170186295,
        "signal": 0.2954748929008166,
        "histogram": 0.0473977241178129
      },
      "stochRsi": {
        "k": 20.659433783437517,
        "d": 63.34546475587759
      },
      "vprofile": {
        "vpBins": [
          0.016372599250716154,
          0.0008170328087175183,
          0.01865482416864692,
          0.014879421474894182,
          0.07325678774887746,
          0.03531750132931916,
          0.0949549433583059,
          0.09114632049579564,
          0.16596286375242966,
          0.04155472822342089,
          0.003769005969956458,
          0.04390005547018144,
          0.08616514888064936,
          0.01394546601512431,
          0.012777699038762738,
          0.025311079266388127,
          0.25778911319278675,
          0.0012860635716096054,
          0.002139345983417732,
          0
        ],
        "currentBinShare": 0.25778911319278675
      },
      "ttm": {
        "squeeze": false,
        "release": false,
        "widthPct": 1.7091158798373807
      }
    },
    "min5": {
      "sma20": 0.0005461700000000001,
      "sma50": 0.0005420599999999999,
      "ema20": 0.0005466882517296973,
      "ema50": 0.0005420899608584444,
      "vwma20": 0.0005490377376162223,
      "hma21": 0.0005500748917748917,
      "atr14": 0.0000032571428571428433,
      "atrPercentile": 0.5547445255474452,
      "rvolZ": -0.3095077788819382,
      "rvolPercentile": 0.4409722222222222,
      "mfi14": 96.17956798627739,
      "ppo": {
        "ppo": 0.47201812398093024,
        "signal": 0.40046807852236316,
        "histogram": 0.07155004545856708
      },
      "stochRsi": {
        "k": 100,
        "d": 72.55880414733595
      },
      "vprofile": {
        "vpBins": [
          0.008884947507356637,
          0.04396706622045743,
          0.014313247855582379,
          0.09726873261261115,
          0.05517262867588321,
          0.1662084373297496,
          0.03682168273423428,
          0.1711695710788926,
          0.055978290456276204,
          0.09070077082302902,
          0.04107868345958703,
          0.026690289317174792,
          0.03365191758886916,
          0.007895118149619587,
          0.008201666697652214,
          0.010201909646072245,
          0.13067392270047706,
          0,
          0.0011211171464753946,
          0
        ],
        "currentBinShare": 0.0011211171464753946
      },
      "ttm": {
        "squeeze": false,
        "release": true,
        "widthPct": 2.0362200330178912
      }
    },
    "min15": {
      "sma20": 0.000543555,
      "sma50": 0.0005341580000000001,
      "ema20": 0.000543992434834073,
      "ema50": 0.0005379801645338007,
      "vwma20": 0.0005480025747354469,
      "hma21": 0.0005501099567099566,
      "atr14": 0.00000318571428571427,
      "atrPercentile": 0.10975609756097561,
      "rvolZ": -0.3687684122658665,
      "rvolPercentile": 0.5,
      "mfi14": 95.06377542674714,
      "ppo": {
        "ppo": 0.8382545079000707,
        "signal": 0.7346840885615261,
        "histogram": 0.1035704193385446
      },
      "stochRsi": {
        "k": 100,
        "d": 74.928058306112
      },
      "vprofile": {
        "vpBins": [
          0.005830117318615206,
          0.05872424454509123,
          0.01666319761486011,
          0.060255233999155645,
          0.11656511034726788,
          0.08157217898309777,
          0.10964058342084462,
          0.15610863320735335,
          0.08529204610938759,
          0.06164486785605797,
          0.02662458798476923,
          0.05280582350754629,
          0.021479027624576808,
          0.027700221329666812,
          0.005785770464603569,
          0.009018133686983572,
          0.09981389378067482,
          0,
          0.004476328219447548,
          0
        ],
        "currentBinShare": 0.004476328219447548
      },
      "ttm": {
        "squeeze": false,
        "release": true,
        "widthPct": 3.7156176332289443
      }
    },
    "hourly": {
      "sma20": 0.000533815,
      "sma50": 0.0005479479999999999,
      "ema20": 0.0005394317756402583,
      "ema50": 0.0005470773144407293,
      "vwma20": 0.0005328064731194157,
      "hma21": 0.0005441051948051948,
      "atr14": 0.000009171428571428586,
      "atrPercentile": 0.43788819875776397,
      "rvolZ": 0.2531580825133648,
      "rvolPercentile": 0.8154761904761905,
      "mfi14": 52.33385859382964,
      "ppo": {
        "ppo": 0.082197366318408,
        "signal": -0.6351792110598071,
        "histogram": 0.7173765773782151
      },
      "stochRsi": {
        "k": 100,
        "d": 60.23666584189519
      },
      "vprofile": {
        "vpBins": [
          0.007122291659240242,
          0.0339364321765355,
          0.0684879468528585,
          0.09801912665372788,
          0.06534872801657393,
          0.06210124343546565,
          0.047341730810596026,
          0.031131575080126428,
          0.0793958261393465,
          0.06422839373419746,
          0.022293165911919193,
          0.04084825636040174,
          0.09967825503899835,
          0.1414885169864377,
          0.05158161131046156,
          0.0370011052686153,
          0.049995794564498014,
          0,
          0,
          0
        ],
        "currentBinShare": 0.031131575080126428
      },
      "ttm": {
        "squeeze": false,
        "release": true,
        "widthPct": 7.332934119007488
      }
    },
    "fourHour": {
      "sma20": 0.000560495,
      "sma50": 0.000553446,
      "ema20": 0.0005523205305722731,
      "ema50": 0.0005514536476469352,
      "vwma20": 0.0005594995076379382,
      "hma21": 0.0005278415584415584,
      "atr14": 0.000016185714285714284,
      "atrPercentile": 0.05714285714285714,
      "rvolZ": -0.4963291487250256,
      "rvolPercentile": 0.35714285714285715,
      "mfi14": 31.83126730931575,
      "ppo": {
        "ppo": -1.281904601793143,
        "signal": -0.692367636849334,
        "histogram": -0.589536964943809
      },
      "stochRsi": {
        "k": 55.861642946748745,
        "d": 34.93655264313757
      },
      "vprofile": {
        "vpBins": [
          0.025091877527596146,
          0.012084468620740732,
          0,
          0.005589640178087862,
          0,
          0.024399921920949877,
          0.04001988093588904,
          0.11154229984340777,
          0.13836346788880882,
          0.03533744181784019,
          0.10706807793931625,
          0.0945462813850067,
          0.10609926890976677,
          0.11620286736208997,
          0.06504119124894228,
          0.03627468266856273,
          0.08233863175299486,
          0,
          0,
          0
        ],
        "currentBinShare": 0.03533744181784019
      },
      "ttm": {
        "squeeze": false,
        "release": false,
        "widthPct": 16.097347535402324
      }
    },
    "daily": {
      "sma20": 0.0005444149999999998,
      "sma50": 0,
      "ema20": 0.0005670539157818255,
      "ema50": 0.0006038500613529338,
      "vwma20": 0,
      "hma21": 0.0005664519480519482,
      "atr14": 0.00007120714285714285,
      "atrPercentile": 0.22857142857142856,
      "rvolZ": 0,
      "rvolPercentile": 1,
      "mfi14": 50,
      "ppo": {
        "ppo": -2.536695726586104,
        "signal": -4.321156156461754,
        "histogram": 1.78446042987565
      },
      "stochRsi": {
        "k": 100,
        "d": 58.28170439188843
      },
      "vprofile": {
        "vpBins": [
          0,
          0,
          0,
          0,
          0,
          0,
          0,
          0,
          0,
          0,
          0,
          0,
          0,
          0,
          0,
          0,
          0,
          0,
          0,
          0
        ],
        "currentBinShare": 0
      },
      "ttm": {
        "squeeze": true,
        "release": false,
        "widthPct": 26.86740373505428
      }
    }
  },
  "smaMin5": 0.0005461700000000001,
  "emaMin5": 0.0005466882517296973,
  "vwmaMin5": 0.0005490377376162223,
  "hmaMin5": 0.0005500748917748917,
  "keltner15": {
    "upper": 0.000549632434834073,
    "middle": 0.000543992434834073,
    "lower": 0.000538352434834073
  },
  "superTrend15": {
    "isBull": true,
    "finalUpper": 0.00056323,
    "finalLower": 0.0005406700000000001
  },
  "mfi15": 95.06377542674714,
  "stochRsi15": {
    "k": 100,
    "d": 74.928058306112
  },
  "ppo15": {
    "ppo": 0.8382545079000707,
    "signal": 0.7346840885615261,
    "histogram": 0.1035704193385446
  },
  "vpMin15": {
    "vpBins": [
      0.005830117318615206,
      0.05872424454509123,
      0.01666319761486011,
      0.060255233999155645,
      0.11656511034726788,
      0.08157217898309777,
      0.10964058342084462,
      0.15610863320735335,
      0.08529204610938759,
      0.06164486785605797,
      0.02662458798476923,
      0.05280582350754629,
      0.021479027624576808,
      0.027700221329666812,
      0.005785770464603569,
      0.009018133686983572,
      0.09981389378067482,
      0,
      0.004476328219447548,
      0
    ],
    "currentBinShare": 0.004476328219447548
  },
  "ttm15": {
    "squeeze": false,
    "release": true,
    "widthPct": 3.7156176332289443
  },
  "marketCorrelation": {
    "hourly": {
      "btcCorrelation": 0,
      "ethCorrelation": 0,
      "btcBeta": 1,
      "ethBeta": 1,
      "btcTrend": "UNKNOWN",
      "ethTrend": "UNKNOWN",
      "tokenVol": 0,
      "btcVol": 0,
      "ethVol": 0,
      "marketDependence": 0,
      "verdict": "INSUFFICIENT_DATA"
    },
    "min15": {
      "btcCorrelation": 0,
      "ethCorrelation": 0,
      "btcBeta": 1,
      "ethBeta": 1,
      "btcTrend": "UNKNOWN",
      "ethTrend": "UNKNOWN",
      "tokenVol": 0,
      "btcVol": 0,
      "ethVol": 0,
      "marketDependence": 0,
      "verdict": "INSUFFICIENT_DATA"
    },
    "daily": {
      "btcCorrelation": 0,
      "ethCorrelation": 0,
      "btcBeta": 1,
      "ethBeta": 1,
      "btcTrend": "UNKNOWN",
      "ethTrend": "UNKNOWN",
      "tokenVol": 0,
      "btcVol": 0,
      "ethVol": 0,
      "marketDependence": 0,
      "verdict": "INSUFFICIENT_DATA"
    }
  },
  "tradeTape": {
    "totalTrades": 0,
    "totalVolume": 0,
    "buysVolume": 0,
    "sellsVolume": 0,
    "buySellRatio": 0.5,
    "vwap": 0,
    "signedVolume": 0,
    "avgTradeSize": 0,
    "tradesPerSec": 0,
    "cumulativeDelta": 0,
    "tradesLast1m": 0,
    "tradesLast5m": 0,
    "tradesLast15m": 0,
    "tradesLast1h": 0,
    "buyVWAP": 0,
    "sellVWAP": 0,
    "aggressorVWAP": 0,
    "bucketDurationMs": 60000,
    "bucketCount": 15,
    "bucketSignedVolumes": [],
    "bucketVolumes": [],
    "bucketVWAPs": [],
    "latestBucketSignedZ": 0
  },
  "enhancedMetrics": {
    "relativeVolumeZScore": -1,
    "volumePercentile": 40,
    "atrPercentile": 54.74452554744526,
    "volatilityPercentile": 60.44303797468354,
    "relativeVolatilityRatio": 0.9959338722095263,
    "isHighVolume": false,
    "isHighVolatility": false,
    "isLowVolatility": false,
    "isExpandingVolatility": false,
    "isContractingVolatility": false
  },
  "orderBook": {
    "bidAskSpread": 0,
    "spreadPct": 0,
    "midPrice": 0,
    "bestBid": 0,
    "bestAsk": 0,
    "bidDepth": 0,
    "askDepth": 0,
    "orderBookImbalance": 0,
    "liquidityScore": 0,
    "depthAt1Pct": {
      "bidVolume": 0,
      "askVolume": 0,
      "imbalance": 0
    },
    "depthAt2Pct": {
      "bidVolume": 0,
      "askVolume": 0,
      "imbalance": 0
    },
    "depthAt5Pct": {
      "bidVolume": 0,
      "askVolume": 0,
      "imbalance": 0
    },
    "weightedMidPrice": 0,
    "volumeWeightedSpread": 0,
    "totalBidLevels": 0,
    "totalAskLevels": 0
  },
  "marketCap": {
    "marketCap": 0,
    "totalVolume24h": 0,
    "volumeToMarketCapRatio": 0,
    "marketCapRank": 0,
    "normalizedRank": 0,
    "isHighLiquidity": false,
    "isVeryHighLiquidity": false,
    "isLowLiquidity": true,
    "liquidityTier": "VERY_LOW"
  },
  "sweeps": {
    "sweepScore": 0,
    "sweepCount": 0,
    "sweepDirection": "NEUTRAL",
    "buySweeps": 0,
    "sellSweeps": 0,
    "avgSweepSize": 0,
    "avgSweepIntensity": 0,
    "bidLiftRatio": 0,
    "askLiftRatio": 0,
    "sweepFrequency": 0,
    "largestSweep": null,
    "recentSweepClusters": 0,
    "sweepDetails": []
  },
  "absorption": {
    "absorptionScore": 0,
    "absorptionLevel": null,
    "absorptionSide": "NONE",
    "icebergProbability": 0,
    "hiddenLiquidityEstimate": 0,
    "volumeAtPrice": {},
    "topAbsorptionLevels": [],
    "persistenceDuration": 0,
    "refillDetected": false
  },
  "orderArrival": {
    "avgInterArrivalTime": 0,
    "recentInterArrivalTime": 0,
    "accelerationRatio": 1,
    "hawkesIntensity": 0,
    "hawkesDirection": "NEUTRAL",
    "clusteringScore": 0,
    "burstCount": 0,
    "cascadeDetected": false,
    "timeToNextTrade": 0,
    "accelerationTrend": "STABLE"
  },
  "liquidityVacuum": {
    "vacuumScore": 0,
    "vacuumSide": "NONE",
    "bidVacuumSeverity": 0,
    "askVacuumSeverity": 0,
    "depthConcentration": 0,
    "priceImpact10k": 0,
    "priceImpact50k": 0,
    "priceImpact100k": 0,
    "largestGapBid": 0,
    "largestGapAsk": 0,
    "avgGapBid": 0,
    "avgGapAsk": 0,
    "bidCliffDistance": 0,
    "askCliffDistance": 0
  },
  "volatilityRegime": {
    "regime": "NORMAL",
    "regimeScore": 0,
    "currentATR": 0.000069,
    "avgATR": 0.000082,
    "atrPercentile": 14.3,
    "realizedVolatility": 119.84,
    "volPercentile": 88.9,
    "expanding": false,
    "contracting": true,
    "transitionProbability": 0.4,
    "daysInRegime": 1,
    "regimeStrength": 0.84
  },
  "temporalPatterns": {
    "currentHour": 13,
    "currentDay": 0,
    "currentDayName": "Sunday",
    "dayBias": "NEUTRAL",
    "hourlyProfile": [
      {
        "avgVolume": 72198314.14,
        "avgATR": 0.000012,
        "avgReturn": 0.13
      },
      {
        "avgVolume": 122234042.5,
        "avgATR": 0.000016,
        "avgReturn": 0.546
      },
      {
        "avgVolume": 127237827.21,
        "avgATR": 0.000015,
        "avgReturn": 0.869
      },
      {
        "avgVolume": 241533247.29,
        "avgATR": 0.000016,
        "avgReturn": 0.33
      },
      {
        "avgVolume": 158561780.43,
        "avgATR": 0.000014,
        "avgReturn": -0.818
      },
      {
        "avgVolume": 103046668.29,
        "avgATR": 0.00001,
        "avgReturn": 0.056
      },
      {
        "avgVolume": 59387137.79,
        "avgATR": 0.00001,
        "avgReturn": 0.369
      },
      {
        "avgVolume": 51879739.07,
        "avgATR": 0.000012,
        "avgReturn": 0.455
      },
      {
        "avgVolume": 68798811,
        "avgATR": 0.00001,
        "avgReturn": 0.166
      },
      {
        "avgVolume": 66166839.14,
        "avgATR": 0.00001,
        "avgReturn": -0.459
      },
      {
        "avgVolume": 44527929.29,
        "avgATR": 0.000011,
        "avgReturn": 0.102
      },
      {
        "avgVolume": 63155271.71,
        "avgATR": 0.00001,
        "avgReturn": 0.244
      },
      {
        "avgVolume": 99048261.29,
        "avgATR": 0.000012,
        "avgReturn": -0.312
      },
      {
        "avgVolume": 116693194.77,
        "avgATR": 0.000016,
        "avgReturn": -0.374
      },
      {
        "avgVolume": 87940686,
        "avgATR": 0.000012,
        "avgReturn": -0.542
      },
      {
        "avgVolume": 184794463.5,
        "avgATR": 0.000018,
        "avgReturn": -0.721
      },
      {
        "avgVolume": 153083333.79,
        "avgATR": 0.000017,
        "avgReturn": 0.053
      },
      {
        "avgVolume": 109962022.43,
        "avgATR": 0.000013,
        "avgReturn": 0.164
      },
      {
        "avgVolume": 85746867.21,
        "avgATR": 0.000012,
        "avgReturn": 0.232
      },
      {
        "avgVolume": 93579552.64,
        "avgATR": 0.000013,
        "avgReturn": -0.479
      },
      {
        "avgVolume": 64804797.71,
        "avgATR": 0.00001,
        "avgReturn": 0.214
      },
      {
        "avgVolume": 50346006.71,
        "avgATR": 0.000011,
        "avgReturn": 0.429
      },
      {
        "avgVolume": 105934529.14,
        "avgATR": 0.000013,
        "avgReturn": 0.885
      },
      {
        "avgVolume": 112266388.21,
        "avgATR": 0.000013,
        "avgReturn": -0.32
      }
    ],
    "dailyProfile": [
      {
        "avgVolume": 51410353.48,
        "avgATR": 0.000009,
        "avgReturn": 0.008
      },
      {
        "avgVolume": 47553543.6,
        "avgATR": 0.000008,
        "avgReturn": -0.224
      },
      {
        "avgVolume": 57084619.09,
        "avgATR": 0.000009,
        "avgReturn": 0.007
      },
      {
        "avgVolume": 105798697.27,
        "avgATR": 0.000012,
        "avgReturn": 0.325
      },
      {
        "avgVolume": 223258179.15,
        "avgATR": 0.00002,
        "avgReturn": 0.168
      },
      {
        "avgVolume": 154508091.85,
        "avgATR": 0.00002,
        "avgReturn": 0.2
      },
      {
        "avgVolume": 71665252.69,
        "avgATR": 0.000012,
        "avgReturn": -0.122
      }
    ],
    "favorableHours": [
      3,
      15,
      4,
      16,
      2,
      1
    ],
    "favorableWindow": false,
    "currentVsAvgVolume": 0,
    "currentVsAvgVolatility": 0,
    "anomalyDetected": true,
    "timeUntilFavorable": 2,
    "temporalScore": 0
  },
  "unifiedMicrostructure": {
    "signalDirections": {
      "vpin": "NEUTRAL",
      "sweeps": "NEUTRAL",
      "absorption": "NEUTRAL",
      "arrival": "NEUTRAL",
      "vacuum": "NONE",
      "volRegime": "NEUTRAL",
      "temporal": "UNFAVORABLE"
    },
    "consensusDirection": "BEARISH",
    "consensusStrength": 50,
    "bullishSignals": 0,
    "bearishSignals": 1,
    "neutralSignals": 1,
    "totalAvailableSignals": 2,
    "dominantPattern": "NONE",
    "clusters": {
      "strongBuyCluster": false,
      "distributionPattern": false,
      "accumulationPattern": false,
      "momentumCascade": false
    },
    "adaptiveWeights": {
      "vpin": 0,
      "sweeps": 0,
      "absorption": 0,
      "arrival": 0,
      "vacuum": 0,
      "volRegime": 0.021,
      "temporal": 0.02
    },
    "convictionLevel": "LOW",
    "convictionScore": 30,
    "riskAdjustment": "REDUCE",
    "timingQuality": "UNFAVORABLE",
    "signalQuality": "LOW"
  },
  "deltaAnalysis": {
    "currentDelta": 0,
    "cumulativeDelta": 0,
    "deltaPerVolume": 0,
    "deltaDirection": "NEUTRAL",
    "deltaDivergence": false,
    "institutionalRatio": 0,
    "aggressionScore": 0
  },
  "volumeProfile": {
    "pointOfControl": 0,
    "valueAreaHigh": 0,
    "valueAreaLow": 0,
    "currentPosition": "ABOVE_VALUE_AREA",
    "volumeNodes": [],
    "airPockets": []
  },
  "momentumCascade": {
    "cascadeDetected": false,
    "alignmentScore": 0.014258162468260057,
    "cascadeStrength": 0,
    "acceleratingTimeframes": [
      "5m",
      "15m"
    ],
    "divergingTimeframes": [
      "1m",
      "1h"
    ]
  },
  "breakoutConfirmation": {
    "breakoutConfirmed": false,
    "volumeConfirmation": false,
    "retestStrength": 0,
    "falseBreakoutRisk": 0,
    "breakoutQuality": "NO_BREAKOUT"
  },
  "liquidityHeatmap": {
    "liquidityScore": 0,
    "magnetDirection": "NONE",
    "magnetStrength": 0,
    "priceTarget5pct": null,
    "message": "No order book data"
  },
  "smartMoneyDivergence": {
    "divergenceDetected": false,
    "divergenceDirection": "NONE",
    "smartMoneyScore": 0.5,
    "message": "Insufficient trade data"
  },
  "microstructure": {
    "raw": -0.023669500138593737,
    "pct": 50,
    "summary": {
      "latestBucketSignedZ": 0,
      "buySellRatio": 0.5,
      "tradesPerSec": 0,
      "vwap": 0,
      "aggressorVWAP": 0,
      "vpinToxicity": "UNKNOWN",
      "sweepDirection": "NEUTRAL",
      "absorptionSide": "NONE",
      "icebergDetected": false,
      "hawkesDirection": "NEUTRAL",
      "cascadeDetected": false,
      "vacuumSide": "NONE",
      "volatilityRegime": "NORMAL",
      "volExpanding": false,
      "favorableTimeWindow": false,
      "temporalAnomaly": true,
      "consensusDirection": "BEARISH",
      "consensusStrength": 50,
      "dominantPattern": "NONE",
      "convictionLevel": "LOW",
      "riskAdjustment": "REDUCE",
      "timingQuality": "UNFAVORABLE",
      "deltaDirection": "NEUTRAL",
      "deltaDivergence": false,
      "institutionalRatio": 0,
      "volumeProfilePosition": "ABOVE_VALUE_AREA",
      "pointOfControl": 0,
      "momentumCascadeDetected": false,
      "cascadeStrength": 0,
      "breakoutQuality": "NO_BREAKOUT",
      "breakoutConfirmed": false,
      "magnetDirection": "NONE",
      "magnetStrength": 0,
      "priceTarget5pct": null,
      "nearestBidWall": 0,
      "nearestAskWall": 0,
      "divergenceDetected": false,
      "divergenceDirection": "NONE",
      "whaleAccumulation": false,
      "whaleDistribution": false,
      "retailPanic": false,
      "smartMoneyScore": 0.5
    }
  }
}

=== MICROSTRUCTURE ALERTS ===

🔬 VPIN: Insufficient data for VPIN analysis

🌊 SWEEP DETECTION: No significant sweeps detected

🧊 ABSORPTION & ICEBERG: No significant absorption or iceberg orders detected

⚡ ORDER ARRIVAL DYNAMICS: Insufficient trades for analysis

🌪️ LIQUIDITY VACUUM: No significant vacuum detected

📊 VOLATILITY REGIME DETECTION:
   Current Regime: NORMAL
   Regime Score: 0.00 (-1=low vol, +1=extreme vol)
   Days in Regime: 1
   ATR: $0.000069 (avg: $0.000082)
   ATR Percentile: 14.3%
   Realized Volatility: 119.84% (annualized)
   Vol Percentile: 88.9%

   ⚪ NORMAL VOLATILITY:
   📊 Balanced market conditions
   ✅ Standard risk management applies

   📉 VOLATILITY CONTRACTING:
   🔄 Consolidation phase - accumulation likely
   ⏳ Wait for expansion before entering

   📍 MODERATE REGIME TRANSITION PROBABILITY: 40%
   Monitor for potential regime change

   ⚠️ NEW REGIME: Only 1 day(s) - conditions still settling

⏰ TEMPORAL PATTERN ANALYSIS:
   Current Time: Sunday 13:00 UTC
   Day Bias: NEUTRAL
   Current vs Avg Volume: 0x
   Current vs Avg Volatility: 0x

   ⏳ NON-FAVORABLE TIME WINDOW:
   This hour typically shows weaker activity
   Next favorable window in 2 hour(s)

   ⚠️ LOW ACTIVITY ANOMALY:
   Volume 0x below typical - Extremely quiet

   📉 LOW VOLATILITY ANOMALY:
   Volatility 0x below typical - Consolidation likely

   🔥 Best Trading Hours (UTC): 3:00, 15:00, 4:00

🎯 UNIFIED MICROSTRUCTURE INTEGRATION:
   Signal Consensus: BEARISH (50% agreement)
   Available Signals: 2 (0 bullish / 1 bearish / 1 neutral)
   Conviction Level: LOW (30%)
   Signal Quality: LOW
   Risk Adjustment: REDUCE
   Timing Quality: UNFAVORABLE

   ⚠️ LOW CONVICTION: Only 50% signal agreement
   Weak alignment - Reduce position size or wait for clarity

   ⚠️ RISK REDUCTION RECOMMENDED: Extreme volatility or unfavorable timing detected

   ⏰ UNFAVORABLE TIMING: Avoid trading during this hour

   Signal Directions Breakdown:
   • VPIN: NEUTRAL
   • Sweeps: NEUTRAL
   • Absorption: NEUTRAL
   • Arrival Dynamics: NEUTRAL
   • Liquidity Vacuum: NONE
   • Vol Regime: NEUTRAL
   • Temporal: UNFAVORABLE

   Adaptive Weights (Total: 4.1%):
   • VPIN: 0.0%
   • Sweeps: 0.0%
   • Absorption: 0.0%
   • Arrival: 0.0%
   • Vacuum: 0.0%
   • Vol Regime: 2.1%
   • Temporal: 2.0%


💹 DELTA ANALYSIS (Order Flow Aggression):
   Direction: NEUTRAL
   Delta Per Volume: 0.00%
   Institutional Ratio: 0.0%
   Aggression Score: 0.0%

📊 VOLUME PROFILE (Support/Resistance Strength):
   Point of Control (POC): $0.000000
   Value Area High: $0.000000
   Value Area Low: $0.000000
   Current Position: ABOVE_VALUE_AREA
   ⚠️ DISTRIBUTION RISK: Price above value area - potential rejection zone

⚡ MOMENTUM CASCADE (Multi-Timeframe Alignment):
   Cascade Detected: NO
   Alignment Score: 1.4%
   Cascade Strength: 0.0%
   Accelerating: 5m, 15m
   Diverging: 1m, 1h

💥 BREAKOUT CONFIRMATION:
   Quality: NO_BREAKOUT
   Volume Confirmation: NO
   Retest Strength: 0.0%
   False Breakout Risk: 0.0%
   No breakout detected - price below resistance


levels:
Entry=0.0005526924000000001, StopLoss=0.000536111628, TakeProfit=0.000554516245, 0.00055634009, 0.000557799166

---

=== Token: DASH (DASH) ===
Contract: DASH-USD
Timestamp: 2025-09-16T12:15:00.000Z

Calculations:
{
  "momentumScore": 56.41717070117197,
  "volumeScore": 35.301761183290125,
  "patternScore": 0,
  "totalScore": 29.04881361136516,
  "finalScore": 0,
  "weights": "0.27,0.41,0.23",
  "hourlyUptrend": false,
  "rsi": 52.49999999999995,
  "ultraShortVolumeSurge": 0.20014528357073513,
  "baseVolumeSurge": 0.05345330368929226,
  "currentPrice": 23.55,
  "resistance": 23.81,
  "support": 23.52,
  "rocMin5": -0.000848536274925735,
  "shortROC": -0.0012722646310431547,
  "priceAcceleration": -0.0002099256003146445,
  "buySellRatio": 0.6545267604845704,
  "macdHistogram": -0.0008258256677134146,
  "stochasticK": 50.00000000000034,
  "atr": 0.06357142857142836,
  "bbUpper": 23.768089195112513,
  "bbLower": 23.285910804887482,
  "hammerDetected": false,
  "engulfingDetected": false,
  "compressionSpring": {
    "detected": true,
    "confidence": 77,
    "signals": {
      "sidewaysPrice": true,
      "atrCompression": true,
      "bbSqueeze": true,
      "consolidationTime": true,
      "strongBuying": true,
      "obvPositive": false,
      "chaikinPositive": false,
      "rsiNeutral": true,
      "volumeBuilding": false
    },
    "metrics": {
      "priceRange": 1.54,
      "atrRatio": 0.664,
      "bbWidth": 2.05,
      "volumeRatio": 0.197,
      "signalCount": 6,
      "buySellRatio": 0.655
    }
  },
  "riskTier": "LOW",
  "atrPercent": 0.34273582044282647,
  "distanceToResistance": 1.104033970276,
  "slPercent": 2.5,
  "tpPercent": 0.9384288747346,
  "trailingActivation": 0.56305732484076,
  "shortMomentumScore": 50,
  "overboughtScore": 0,
  "shortPatternScore": 25,
  "shootingStarDetected": true,
  "bearishEngulfingDetected": false,
  "eveningStarDetected": false,
  "bearishPatternsCount": 1,
  "shortTotalScore": 26.25,
  "chaikin": -0.2531149343872925,
  "obvIncreasing": false,
  "obvTrend": "declining",
  "adx": 34.3283582089561,
  "recentCandles": {
    "redCount": 7,
    "greenCount": 3
  },
  "resistanceDistance": 1.104033970276,
  "multiplePatterns": false,
  "bullishPattern": false,
  "priceAboveVWAP": true,
  "breakingResistance": false,
  "atrSufficient": false,
  "macdDivergenceBearish": false,
  "rvolMin1": -0.2581394931634226,
  "rvolMin5": -0.25855230601825996,
  "atrPercentileOld": 0.3170731707317073,
  "vwapDeviation": 0.9537765095722381,
  "bbWidthPercent": 2.0494682289498463,
  "bbSqueeze": true,
  "multiTFMomentum": {
    "min1": {
      "roc1": -0.0008474576271187765,
      "roc3": 0.0012738853503183687
    },
    "min5": {
      "roc1": -0.0012722646310431547,
      "roc3": 0.001275510204081681
    },
    "min15": {
      "roc1": -0.0012722646310431547,
      "roc3": -0.000848536274925735
    },
    "hourly": {
      "roc1": -0.0012722646310431547,
      "roc3": -0.006748207507380858
    },
    "fourHour": {
      "roc1": -0.005489864864864823,
      "roc3": 0.012903225806451644
    },
    "divergenceShortUpLongDown": false
  },
  "returnZMin5": -0.5343995489878792,
  "wickClosePct": 0,
  "wickUpper": 0.0400000000000027,
  "wickLower": 0,
  "wickRatio": 4.000000000001066,
  "donchianBreakout15": false,
  "bbWidthPercentile15": 0.6493506493506493,
  "signedMin5": 1384.5290632899998,
  "signedMin5Z": 17.919850101923117,
  "signedMin1": 1053.6862954699998,
  "signedMin1Z": 16.783680509019714,
  "streakMin1": {
    "upStreak": 0,
    "downStreak": 1
  },
  "streakMin5": {
    "upStreak": 0,
    "downStreak": 2
  },
  "rvolPercentileMin1": 0.4131944444444444,
  "rvolPercentileMin5": 0.5902777777777778,
  "perTfMetrics": {
    "min1": {
      "sma20": 23.644000000000002,
      "sma50": 23.437799999999992,
      "ema20": 23.592784996821212,
      "ema50": 23.48476697077317,
      "vwma20": 23.709995266763432,
      "hma21": 23.637965367965368,
      "atr14": 0.04142857142857131,
      "atrPercentile": 0.44914400805639476,
      "rvolZ": -0.2581394931634226,
      "rvolPercentile": 0.4131944444444444,
      "mfi14": 61.550906093413296,
      "ppo": {
        "ppo": 0.15926342407356267,
        "signal": 0.2705500033775471,
        "histogram": -0.11128657930398442
      },
      "stochRsi": {
        "k": 0,
        "d": 39.44959802102658
      },
      "vprofile": {
        "vpBins": [
          0.012137352657420067,
          0,
          0.0047249659474715225,
          0.009442973173456335,
          0.054190572636267156,
          0.0674083778375941,
          0.055709257092107875,
          0.18498425513423958,
          0.0909962405312471,
          0.10865982688432003,
          0.054548092655052824,
          0.044598319730200196,
          0.06153791003727005,
          0.0471433161983999,
          0.0327236886315836,
          0.0270526480375705,
          0.012935828443991037,
          0.01667306362161856,
          0.0947891093841353,
          0.019744201366054443
        ],
        "currentBinShare": 0.0270526480375705
      },
      "ttm": {
        "squeeze": false,
        "release": false,
        "widthPct": 1.3043028433359027
      }
    },
    "min5": {
      "sma20": 23.575,
      "sma50": 23.38579999999999,
      "ema20": 23.554475635685364,
      "ema50": 23.439056093118737,
      "vwma20": 23.68432481600369,
      "hma21": 23.678311688311695,
      "atr14": 0.06357142857142836,
      "atrPercentile": 0.5948905109489051,
      "rvolZ": -0.25855230601825996,
      "rvolPercentile": 0.5902777777777778,
      "mfi14": 72.19138850355753,
      "ppo": {
        "ppo": 0.24057354324389696,
        "signal": 0.3330655022559978,
        "histogram": -0.09249195901210083
      },
      "stochRsi": {
        "k": 0,
        "d": 56.26822523881345
      },
      "vprofile": {
        "vpBins": [
          0.009866341448357031,
          0.004436068610284312,
          0.0562082326381782,
          0.03127082700075932,
          0.20109159723713715,
          0.20016079091889744,
          0.04809281839726744,
          0.08086609444109887,
          0.08470499550619913,
          0.03562074043835181,
          0.04923223797976146,
          0.08257495368497661,
          0,
          0,
          0.0015921593823105644,
          0.011084066620103764,
          0.03226353074693991,
          0.04510135197768112,
          0.021790280282503755,
          0.004042912689192287
        ],
        "currentBinShare": 0.08470499550619913
      },
      "ttm": {
        "squeeze": false,
        "release": false,
        "widthPct": 2.0462804389476883
      }
    },
    "min15": {
      "sma20": 23.526999999999997,
      "sma50": 23.34559999999999,
      "ema20": 23.520369214381233,
      "ema50": 23.41048193519338,
      "vwma20": 23.602090300625434,
      "hma21": 23.724285714285717,
      "atr14": 0.08071428571428564,
      "atrPercentile": 0.3170731707317073,
      "rvolZ": -0.508552332061092,
      "rvolPercentile": 0.3125,
      "mfi14": 64.20164334887852,
      "ppo": {
        "ppo": 0.3497748284658526,
        "signal": 0.39275398917170956,
        "histogram": -0.042979160705856945
      },
      "stochRsi": {
        "k": 8.26599795671961,
        "d": 62.29817479817479
      },
      "vprofile": {
        "vpBins": [
          0,
          0.004428235343316458,
          0.013054538697455483,
          0.057974353307390765,
          0.026206719411574767,
          0.06149872329816483,
          0.24248935529232396,
          0.16705494247506844,
          0.0286996567555962,
          0.05847557595793383,
          0.07595393078592189,
          0.06988745643684692,
          0.038370735665391495,
          0.002618751842182488,
          0.1442060943588662,
          0.009080930371966412,
          0,
          0,
          0,
          0
        ],
        "currentBinShare": 0.038370735665391495
      },
      "ttm": {
        "squeeze": false,
        "release": false,
        "widthPct": 2.0494682289498463
      }
    },
    "hourly": {
      "sma20": 23.344,
      "sma50": 23.720399999999998,
      "ema20": 23.465286466847463,
      "ema50": 23.732932090525335,
      "vwma20": 23.352129526313032,
      "hma21": 23.58147186147186,
      "atr14": 0.13928571428571399,
      "atrPercentile": 0.11490683229813664,
      "rvolZ": -0.5899111188831043,
      "rvolPercentile": 0.026785714285714284,
      "mfi14": 53.0124098884937,
      "ppo": {
        "ppo": -0.07145404184566387,
        "signal": -0.39787379392509353,
        "histogram": 0.32641975207942964
      },
      "stochRsi": {
        "k": 80.051612903226,
        "d": 68.10035842293904
      },
      "vprofile": {
        "vpBins": [
          0,
          0.04080526994080279,
          0.03512344710047909,
          0.028487722470589356,
          0.023221221666146038,
          0,
          0.010575231278418811,
          0.0328935967530327,
          0.06376079767822784,
          0.17319384115683226,
          0.11535047219256578,
          0.05981788052454227,
          0.24875814565059834,
          0.15729274876519603,
          0.010719624822568613,
          0,
          0,
          0,
          0,
          0
        ],
        "currentBinShare": 0.028487722470589356
      },
      "ttm": {
        "squeeze": false,
        "release": false,
        "widthPct": 3.178720142929093
      }
    },
    "fourHour": {
      "sma20": 24.190500000000004,
      "sma50": 24.592000000000006,
      "ema20": 23.941507270067337,
      "ema50": 24.23699290748639,
      "vwma20": 24.16904728541902,
      "hma21": 22.965108225108224,
      "atr14": 0.4499999999999998,
      "atrPercentile": 0.6428571428571429,
      "rvolZ": -0.21889926745298194,
      "rvolPercentile": 0.5357142857142857,
      "mfi14": 30.251039426447264,
      "ppo": {
        "ppo": -1.5486691485082302,
        "signal": -1.2667630557640706,
        "histogram": -0.2819060927441597
      },
      "stochRsi": {
        "k": 35.10627063117409,
        "d": 24.088538498349468
      },
      "vprofile": {
        "vpBins": [
          0,
          0.013311319925013755,
          0.035035127160274925,
          0.09418923129969038,
          0.07124316387415756,
          0.024490724023224428,
          0.07370970260530778,
          0.027455472723283882,
          0.052625729207022603,
          0.06752236213801319,
          0.10375002799330411,
          0.0684946526802823,
          0.23843294497667472,
          0.07208535810763857,
          0.057654183286111764,
          0,
          0,
          0,
          0,
          0
        ],
        "currentBinShare": 0.07124316387415756
      },
      "ttm": {
        "squeeze": false,
        "release": false,
        "widthPct": 13.179616687007778
      }
    },
    "daily": {
      "sma20": 24.013,
      "sma50": 22.9114,
      "ema20": 23.95940748798815,
      "ema50": 23.216505206387758,
      "vwma20": 0,
      "hma21": 24.90034632034631,
      "atr14": 1.180714285714286,
      "atrPercentile": 0.34210526315789475,
      "rvolZ": 0,
      "rvolPercentile": 1,
      "mfi14": 50,
      "ppo": {
        "ppo": 1.4506029855122953,
        "signal": 1.995751986070169,
        "histogram": -0.5451490005578736
      },
      "stochRsi": {
        "k": 3.035636567879906,
        "d": 53.07779465096934
      },
      "vprofile": {
        "vpBins": [
          0,
          0,
          0,
          0,
          0,
          0,
          0,
          0,
          0,
          0,
          0,
          0,
          0,
          0,
          0,
          0,
          0,
          0,
          0,
          0
        ],
        "currentBinShare": 0
      },
      "ttm": {
        "squeeze": true,
        "release": false,
        "widthPct": 12.714715224972528
      }
    }
  },
  "smaMin5": 23.575,
  "emaMin5": 23.554475635685364,
  "vwmaMin5": 23.68432481600369,
  "hmaMin5": 23.678311688311695,
  "keltner15": {
    "upper": 23.628369214381234,
    "middle": 23.520369214381233,
    "lower": 23.412369214381233
  },
  "superTrend15": {
    "isBull": false,
    "finalUpper": 23.791000000000004,
    "finalLower": 23.359
  },
  "mfi15": 64.20164334887852,
  "stochRsi15": {
    "k": 8.26599795671961,
    "d": 62.29817479817479
  },
  "ppo15": {
    "ppo": 0.3497748284658526,
    "signal": 0.39275398917170956,
    "histogram": -0.042979160705856945
  },
  "vpMin15": {
    "vpBins": [
      0,
      0.004428235343316458,
      0.013054538697455483,
      0.057974353307390765,
      0.026206719411574767,
      0.06149872329816483,
      0.24248935529232396,
      0.16705494247506844,
      0.0286996567555962,
      0.05847557595793383,
      0.07595393078592189,
      0.06988745643684692,
      0.038370735665391495,
      0.002618751842182488,
      0.1442060943588662,
      0.009080930371966412,
      0,
      0,
      0,
      0
    ],
    "currentBinShare": 0.038370735665391495
  },
  "ttm15": {
    "squeeze": false,
    "release": false,
    "widthPct": 2.0494682289498463
  },
  "marketCorrelation": {
    "hourly": {
      "btcCorrelation": 0,
      "ethCorrelation": 0,
      "btcBeta": 1,
      "ethBeta": 1,
      "btcTrend": "UNKNOWN",
      "ethTrend": "UNKNOWN",
      "tokenVol": 0,
      "btcVol": 0,
      "ethVol": 0,
      "marketDependence": 0,
      "verdict": "INSUFFICIENT_DATA"
    },
    "min15": {
      "btcCorrelation": 0,
      "ethCorrelation": 0,
      "btcBeta": 1,
      "ethBeta": 1,
      "btcTrend": "UNKNOWN",
      "ethTrend": "UNKNOWN",
      "tokenVol": 0,
      "btcVol": 0,
      "ethVol": 0,
      "marketDependence": 0,
      "verdict": "INSUFFICIENT_DATA"
    },
    "daily": {
      "btcCorrelation": 0,
      "ethCorrelation": 0,
      "btcBeta": 1,
      "ethBeta": 1,
      "btcTrend": "UNKNOWN",
      "ethTrend": "UNKNOWN",
      "tokenVol": 0,
      "btcVol": 0,
      "ethVol": 0,
      "marketDependence": 0,
      "verdict": "INSUFFICIENT_DATA"
    }
  },
  "tradeTape": {
    "totalTrades": 0,
    "totalVolume": 0,
    "buysVolume": 0,
    "sellsVolume": 0,
    "buySellRatio": 0.5,
    "vwap": 0,
    "signedVolume": 0,
    "avgTradeSize": 0,
    "tradesPerSec": 0,
    "cumulativeDelta": 0,
    "tradesLast1m": 0,
    "tradesLast5m": 0,
    "tradesLast15m": 0,
    "tradesLast1h": 0,
    "buyVWAP": 0,
    "sellVWAP": 0,
    "aggressorVWAP": 0,
    "bucketDurationMs": 60000,
    "bucketCount": 15,
    "bucketSignedVolumes": [],
    "bucketVolumes": [],
    "bucketVWAPs": [],
    "latestBucketSignedZ": 0
  },
  "enhancedMetrics": {
    "relativeVolumeZScore": -1,
    "volumePercentile": 40,
    "atrPercentile": 58.75912408759124,
    "volatilityPercentile": 5.379746835443038,
    "relativeVolatilityRatio": 0.6515553465611974,
    "isHighVolume": false,
    "isHighVolatility": false,
    "isLowVolatility": true,
    "isExpandingVolatility": false,
    "isContractingVolatility": true
  },
  "orderBook": {
    "bidAskSpread": 0,
    "spreadPct": 0,
    "midPrice": 0,
    "bestBid": 0,
    "bestAsk": 0,
    "bidDepth": 0,
    "askDepth": 0,
    "orderBookImbalance": 0,
    "liquidityScore": 0,
    "depthAt1Pct": {
      "bidVolume": 0,
      "askVolume": 0,
      "imbalance": 0
    },
    "depthAt2Pct": {
      "bidVolume": 0,
      "askVolume": 0,
      "imbalance": 0
    },
    "depthAt5Pct": {
      "bidVolume": 0,
      "askVolume": 0,
      "imbalance": 0
    },
    "weightedMidPrice": 0,
    "volumeWeightedSpread": 0,
    "totalBidLevels": 0,
    "totalAskLevels": 0
  },
  "marketCap": {
    "marketCap": 0,
    "totalVolume24h": 0,
    "volumeToMarketCapRatio": 0,
    "marketCapRank": 0,
    "normalizedRank": 0,
    "isHighLiquidity": false,
    "isVeryHighLiquidity": false,
    "isLowLiquidity": true,
    "liquidityTier": "VERY_LOW"
  },
  "sweeps": {
    "sweepScore": 0,
    "sweepCount": 0,
    "sweepDirection": "NEUTRAL",
    "buySweeps": 0,
    "sellSweeps": 0,
    "avgSweepSize": 0,
    "avgSweepIntensity": 0,
    "bidLiftRatio": 0,
    "askLiftRatio": 0,
    "sweepFrequency": 0,
    "largestSweep": null,
    "recentSweepClusters": 0,
    "sweepDetails": []
  },
  "absorption": {
    "absorptionScore": 0,
    "absorptionLevel": null,
    "absorptionSide": "NONE",
    "icebergProbability": 0,
    "hiddenLiquidityEstimate": 0,
    "volumeAtPrice": {},
    "topAbsorptionLevels": [],
    "persistenceDuration": 0,
    "refillDetected": false
  },
  "orderArrival": {
    "avgInterArrivalTime": 0,
    "recentInterArrivalTime": 0,
    "accelerationRatio": 1,
    "hawkesIntensity": 0,
    "hawkesDirection": "NEUTRAL",
    "clusteringScore": 0,
    "burstCount": 0,
    "cascadeDetected": false,
    "timeToNextTrade": 0,
    "accelerationTrend": "STABLE"
  },
  "liquidityVacuum": {
    "vacuumScore": 0,
    "vacuumSide": "NONE",
    "bidVacuumSeverity": 0,
    "askVacuumSeverity": 0,
    "depthConcentration": 0,
    "priceImpact10k": 0,
    "priceImpact50k": 0,
    "priceImpact100k": 0,
    "largestGapBid": 0,
    "largestGapAsk": 0,
    "avgGapBid": 0,
    "avgGapAsk": 0,
    "bidCliffDistance": 0,
    "askCliffDistance": 0
  },
  "volatilityRegime": {
    "regime": "NORMAL",
    "regimeScore": 0,
    "currentATR": 1.198462,
    "avgATR": 1.488846,
    "atrPercentile": 39.5,
    "realizedVolatility": 52.66,
    "volPercentile": 49.2,
    "expanding": false,
    "contracting": false,
    "transitionProbability": 0.3,
    "daysInRegime": 1,
    "regimeStrength": 0.43
  },
  "temporalPatterns": {
    "currentHour": 13,
    "currentDay": 0,
    "currentDayName": "Sunday",
    "dayBias": "NEUTRAL",
    "hourlyProfile": [
      {
        "avgVolume": 365.91,
        "avgATR": 0.296429,
        "avgReturn": 0.122
      },
      {
        "avgVolume": 232.84,
        "avgATR": 0.188571,
        "avgReturn": -0.023
      },
      {
        "avgVolume": 180.48,
        "avgATR": 0.150714,
        "avgReturn": 0.063
      },
      {
        "avgVolume": 369.75,
        "avgATR": 0.207857,
        "avgReturn": 0.261
      },
      {
        "avgVolume": 192.31,
        "avgATR": 0.165714,
        "avgReturn": -0.16
      },
      {
        "avgVolume": 182.58,
        "avgATR": 0.163571,
        "avgReturn": 0.108
      },
      {
        "avgVolume": 164.86,
        "avgATR": 0.213571,
        "avgReturn": -0.055
      },
      {
        "avgVolume": 129.23,
        "avgATR": 0.193571,
        "avgReturn": -0.088
      },
      {
        "avgVolume": 160.1,
        "avgATR": 0.142143,
        "avgReturn": -0.002
      },
      {
        "avgVolume": 150.05,
        "avgATR": 0.199286,
        "avgReturn": 0.106
      },
      {
        "avgVolume": 181.53,
        "avgATR": 0.193571,
        "avgReturn": -0.126
      },
      {
        "avgVolume": 303.46,
        "avgATR": 0.172143,
        "avgReturn": -0.323
      },
      {
        "avgVolume": 227.79,
        "avgATR": 0.253571,
        "avgReturn": 0.104
      },
      {
        "avgVolume": 365.43,
        "avgATR": 0.294615,
        "avgReturn": 0.229
      },
      {
        "avgVolume": 448.21,
        "avgATR": 0.343571,
        "avgReturn": -0.098
      },
      {
        "avgVolume": 371.84,
        "avgATR": 0.232857,
        "avgReturn": -0.223
      },
      {
        "avgVolume": 280.22,
        "avgATR": 0.236429,
        "avgReturn": 0.086
      },
      {
        "avgVolume": 342.01,
        "avgATR": 0.244286,
        "avgReturn": 0.152
      },
      {
        "avgVolume": 142.29,
        "avgATR": 0.160714,
        "avgReturn": -0.123
      },
      {
        "avgVolume": 153.54,
        "avgATR": 0.176429,
        "avgReturn": -0.071
      },
      {
        "avgVolume": 174.24,
        "avgATR": 0.195714,
        "avgReturn": 0.184
      },
      {
        "avgVolume": 176.92,
        "avgATR": 0.135714,
        "avgReturn": 0.024
      },
      {
        "avgVolume": 350.13,
        "avgATR": 0.163571,
        "avgReturn": 0.067
      },
      {
        "avgVolume": 101.14,
        "avgATR": 0.15,
        "avgReturn": -0.035
      }
    ],
    "dailyProfile": [
      {
        "avgVolume": 261.76,
        "avgATR": 0.224583,
        "avgReturn": -0.013
      },
      {
        "avgVolume": 316.28,
        "avgATR": 0.233125,
        "avgReturn": -0.029
      },
      {
        "avgVolume": 341.28,
        "avgATR": 0.215532,
        "avgReturn": 0.014
      },
      {
        "avgVolume": 178.52,
        "avgATR": 0.183125,
        "avgReturn": 0.043
      },
      {
        "avgVolume": 214.76,
        "avgATR": 0.195833,
        "avgReturn": -0.065
      },
      {
        "avgVolume": 213.63,
        "avgATR": 0.202083,
        "avgReturn": 0.091
      },
      {
        "avgVolume": 149.44,
        "avgATR": 0.165833,
        "avgReturn": 0.008
      }
    ],
    "favorableHours": [
      14,
      15,
      3,
      0,
      13,
      22
    ],
    "favorableWindow": true,
    "currentVsAvgVolume": 0,
    "currentVsAvgVolatility": 0,
    "anomalyDetected": true,
    "timeUntilFavorable": null,
    "temporalScore": 0.5
  },
  "unifiedMicrostructure": {
    "signalDirections": {
      "vpin": "NEUTRAL",
      "sweeps": "NEUTRAL",
      "absorption": "NEUTRAL",
      "arrival": "NEUTRAL",
      "vacuum": "NONE",
      "volRegime": "NEUTRAL",
      "temporal": "FAVORABLE"
    },
    "consensusDirection": "BULLISH",
    "consensusStrength": 50,
    "bullishSignals": 1,
    "bearishSignals": 0,
    "neutralSignals": 1,
    "totalAvailableSignals": 2,
    "dominantPattern": "NONE",
    "clusters": {
      "strongBuyCluster": false,
      "distributionPattern": false,
      "accumulationPattern": false,
      "momentumCascade": false
    },
    "adaptiveWeights": {
      "vpin": 0,
      "sweeps": 0,
      "absorption": 0,
      "arrival": 0,
      "vacuum": 0,
      "volRegime": 0.03,
      "temporal": 0.02
    },
    "convictionLevel": "LOW",
    "convictionScore": 30,
    "riskAdjustment": "NORMAL",
    "timingQuality": "FAVORABLE",
    "signalQuality": "LOW"
  },
  "deltaAnalysis": {
    "currentDelta": 0,
    "cumulativeDelta": 0,
    "deltaPerVolume": 0,
    "deltaDirection": "NEUTRAL",
    "deltaDivergence": false,
    "institutionalRatio": 0,
    "aggressionScore": 0
  },
  "volumeProfile": {
    "pointOfControl": 0,
    "valueAreaHigh": 0,
    "valueAreaLow": 0,
    "currentPosition": "ABOVE_VALUE_AREA",
    "volumeNodes": [],
    "airPockets": []
  },
  "momentumCascade": {
    "cascadeDetected": false,
    "alignmentScore": -0.001966537048802978,
    "cascadeStrength": 0,
    "acceleratingTimeframes": [],
    "divergingTimeframes": [
      "1m",
      "5m",
      "15m",
      "1h"
    ]
  },
  "breakoutConfirmation": {
    "breakoutConfirmed": false,
    "volumeConfirmation": false,
    "retestStrength": 0,
    "falseBreakoutRisk": 0,
    "breakoutQuality": "NO_BREAKOUT"
  },
  "liquidityHeatmap": {
    "liquidityScore": 0,
    "magnetDirection": "NONE",
    "magnetStrength": 0,
    "priceTarget5pct": null,
    "message": "No order book data"
  },
  "smartMoneyDivergence": {
    "divergenceDetected": false,
    "divergenceDirection": "NONE",
    "smartMoneyScore": 0.5,
    "message": "Insufficient trade data"
  },
  "microstructure": {
    "raw": -0.048103575718377534,
    "pct": 49,
    "summary": {
      "latestBucketSignedZ": 0,
      "buySellRatio": 0.5,
      "tradesPerSec": 0,
      "vwap": 0,
      "aggressorVWAP": 0,
      "vpinToxicity": "UNKNOWN",
      "sweepDirection": "NEUTRAL",
      "absorptionSide": "NONE",
      "icebergDetected": false,
      "hawkesDirection": "NEUTRAL",
      "cascadeDetected": false,
      "vacuumSide": "NONE",
      "volatilityRegime": "NORMAL",
      "volExpanding": false,
      "favorableTimeWindow": true,
      "temporalAnomaly": true,
      "consensusDirection": "BULLISH",
      "consensusStrength": 50,
      "dominantPattern": "NONE",
      "convictionLevel": "LOW",
      "riskAdjustment": "NORMAL",
      "timingQuality": "FAVORABLE",
      "deltaDirection": "NEUTRAL",
      "deltaDivergence": false,
      "institutionalRatio": 0,
      "volumeProfilePosition": "ABOVE_VALUE_AREA",
      "pointOfControl": 0,
      "momentumCascadeDetected": false,
      "cascadeStrength": 0,
      "breakoutQuality": "NO_BREAKOUT",
      "breakoutConfirmed": false,
      "magnetDirection": "NONE",
      "magnetStrength": 0,
      "priceTarget5pct": null,
      "nearestBidWall": 0,
      "nearestAskWall": 0,
      "divergenceDetected": false,
      "divergenceDirection": "NONE",
      "whaleAccumulation": false,
      "whaleDistribution": false,
      "retailPanic": false,
      "smartMoneyScore": 0.5
    }
  }
}

=== MICROSTRUCTURE ALERTS ===

🔬 VPIN: Insufficient data for VPIN analysis

🌊 SWEEP DETECTION: No significant sweeps detected

🧊 ABSORPTION & ICEBERG: No significant absorption or iceberg orders detected

⚡ ORDER ARRIVAL DYNAMICS: Insufficient trades for analysis

🌪️ LIQUIDITY VACUUM: No significant vacuum detected

📊 VOLATILITY REGIME DETECTION:
   Current Regime: NORMAL
   Regime Score: 0.00 (-1=low vol, +1=extreme vol)
   Days in Regime: 1
   ATR: $1.198462 (avg: $1.488846)
   ATR Percentile: 39.5%
   Realized Volatility: 52.66% (annualized)
   Vol Percentile: 49.2%

   ⚪ NORMAL VOLATILITY:
   📊 Balanced market conditions
   ✅ Standard risk management applies

   📍 MODERATE REGIME TRANSITION PROBABILITY: 30%
   Monitor for potential regime change

   ⚠️ NEW REGIME: Only 1 day(s) - conditions still settling

⏰ TEMPORAL PATTERN ANALYSIS:
   Current Time: Sunday 13:00 UTC
   Day Bias: NEUTRAL
   Current vs Avg Volume: 0x
   Current vs Avg Volatility: 0x

   ✅ FAVORABLE TIME WINDOW:
   This hour historically shows strong volume and positive returns
   GOOD time to trade - patterns favor entry

   ⚠️ LOW ACTIVITY ANOMALY:
   Volume 0x below typical - Extremely quiet

   📉 LOW VOLATILITY ANOMALY:
   Volatility 0x below typical - Consolidation likely

   🔥 Best Trading Hours (UTC): 14:00, 15:00, 3:00

🎯 UNIFIED MICROSTRUCTURE INTEGRATION:
   Signal Consensus: BULLISH (50% agreement)
   Available Signals: 2 (1 bullish / 0 bearish / 1 neutral)
   Conviction Level: LOW (30%)
   Signal Quality: LOW
   Risk Adjustment: NORMAL
   Timing Quality: FAVORABLE

   ⚠️ LOW CONVICTION: Only 50% signal agreement
   Weak alignment - Reduce position size or wait for clarity

   📊 NORMAL RISK LEVEL: Standard position sizing applies

   ⏰ FAVORABLE TIMING: Good time window for trading

   Signal Directions Breakdown:
   • VPIN: NEUTRAL
   • Sweeps: NEUTRAL
   • Absorption: NEUTRAL
   • Arrival Dynamics: NEUTRAL
   • Liquidity Vacuum: NONE
   • Vol Regime: NEUTRAL
   • Temporal: FAVORABLE

   Adaptive Weights (Total: 5.0%):
   • VPIN: 0.0%
   • Sweeps: 0.0%
   • Absorption: 0.0%
   • Arrival: 0.0%
   • Vacuum: 0.0%
   • Vol Regime: 3.0%
   • Temporal: 2.0%


💹 DELTA ANALYSIS (Order Flow Aggression):
   Direction: NEUTRAL
   Delta Per Volume: 0.00%
   Institutional Ratio: 0.0%
   Aggression Score: 0.0%

📊 VOLUME PROFILE (Support/Resistance Strength):
   Point of Control (POC): $0.000000
   Value Area High: $0.000000
   Value Area Low: $0.000000
   Current Position: ABOVE_VALUE_AREA
   ⚠️ DISTRIBUTION RISK: Price above value area - potential rejection zone

⚡ MOMENTUM CASCADE (Multi-Timeframe Alignment):
   Cascade Detected: NO
   Alignment Score: -0.2%
   Cascade Strength: 0.0%
   Accelerating: None
   Diverging: 1m, 5m, 15m, 1h

💥 BREAKOUT CONFIRMATION:
   Quality: NO_BREAKOUT
   Volume Confirmation: NO
   Retest Strength: 0.0%
   False Breakout Risk: 0.0%
   No breakout detected - price below resistance


levels:
Entry=23.5029, StopLoss=22.9153275, TakeProfit=23.613179, 23.723458, 23.811681199999995

---

=== Token: ZEC (ZEC) ===
Contract: ZEC-USD
Timestamp: 2025-09-16T12:15:00.000Z

Calculations:
{
  "momentumScore": 105.20825600750628,
  "volumeScore": 57.258510817615594,
  "patternScore": 30.712911128926173,
  "totalScore": 58.361366579561526,
  "finalScore": 58.361366579561526,
  "weights": "0.27,0.41,0.23",
  "hourlyUptrend": false,
  "rsi": 65.51724137931018,
  "ultraShortVolumeSurge": 1.3500287679755691,
  "baseVolumeSurge": 0.015571072419185698,
  "currentPrice": 52.21,
  "resistance": 52.29,
  "support": 51.68,
  "rocMin5": 0.005779233288383824,
  "shortROC": 0.006554848660111884,
  "priceAcceleration": 0.001446265773517892,
  "buySellRatio": 0.4624954516670976,
  "macdHistogram": -0.18731122017853258,
  "stochasticK": 41.2844036697249,
  "atr": 0.1521428571428563,
  "bbUpper": 52.925751281838146,
  "bbLower": 51.41424871816186,
  "hammerDetected": false,
  "engulfingDetected": false,
  "compressionSpring": {
    "detected": true,
    "confidence": 66,
    "signals": {
      "sidewaysPrice": true,
      "atrCompression": true,
      "bbSqueeze": true,
      "consolidationTime": true,
      "strongBuying": false,
      "obvPositive": false,
      "chaikinPositive": false,
      "rsiNeutral": false,
      "volumeBuilding": true
    },
    "metrics": {
      "priceRange": 1.26,
      "atrRatio": 0.369,
      "bbWidth": 2.9,
      "volumeRatio": 1.132,
      "signalCount": 5,
      "buySellRatio": 0.462
    }
  },
  "riskTier": "HIGH",
  "atrPercent": 0.5855473773497162,
  "distanceToResistance": 0.1532273510821649,
  "slPercent": 4,
  "tpPercent": 0.13024324841984017,
  "trailingActivation": 0.0781459490519041,
  "shortMomentumScore": 0,
  "overboughtScore": 0,
  "shortPatternScore": 0,
  "shootingStarDetected": false,
  "bearishEngulfingDetected": false,
  "eveningStarDetected": false,
  "bearishPatternsCount": 0,
  "shortTotalScore": 0,
  "chaikin": 0.28015597408168985,
  "obvIncreasing": true,
  "obvTrend": "increasing",
  "adx": 33.33333333333307,
  "recentCandles": {
    "redCount": 3,
    "greenCount": 7
  },
  "resistanceDistance": 0.1532273510821649,
  "multiplePatterns": false,
  "bullishPattern": false,
  "priceAboveVWAP": true,
  "breakingResistance": true,
  "atrSufficient": false,
  "macdDivergenceBearish": true,
  "rvolMin1": -0.20221743459698466,
  "rvolMin5": -0.007640551121190957,
  "atrPercentileOld": 0.573170731707317,
  "vwapDeviation": 2.77154243702961,
  "bbWidthPercent": 2.89726387517019,
  "bbSqueeze": true,
  "multiTFMomentum": {
    "min1": {
      "roc1": 0.0007711586658954916,
      "roc3": 0.0009641342074816267
    },
    "min5": {
      "roc1": 0.006554848660111884,
      "roc3": 0.005198305737389356
    },
    "min15": {
      "roc1": 0.005012531328320901,
      "roc3": 0.002885725278953553
    },
    "hourly": {
      "roc1": -0.006164515507609193,
      "roc3": -0.007502885725278828
    },
    "fourHour": {
      "roc1": -0.022546419098143193,
      "roc3": 0.03469715202567196
    },
    "divergenceShortUpLongDown": true
  },
  "returnZMin5": 2.0492871347328103,
  "wickClosePct": 1,
  "wickUpper": 0,
  "wickLower": 0.060000000000002274,
  "wickRatio": 0.2500000000000074,
  "donchianBreakout15": false,
  "bbWidthPercentile15": 0.5974025974025974,
  "signedMin5": 681.08619,
  "signedMin5Z": 5.770155038987868,
  "signedMin1": -21.424249999999947,
  "signedMin1Z": -1.9440235475537966,
  "streakMin1": {
    "upStreak": 0,
    "downStreak": 4
  },
  "streakMin5": {
    "upStreak": 1,
    "downStreak": 0
  },
  "rvolPercentileMin1": 0.5305555555555556,
  "rvolPercentileMin5": 0.7743055555555556,
  "perTfMetrics": {
    "min1": {
      "sma20": 51.896,
      "sma50": 51.93660000000002,
      "ema20": 51.89569630642572,
      "ema50": 51.9214230648705,
      "vwma20": 51.89141698006277,
      "hma21": 51.842294372294376,
      "atr14": 0.08999999999999934,
      "atrPercentile": 0.649043303121853,
      "rvolZ": -0.20221743459698466,
      "rvolPercentile": 0.5305555555555556,
      "mfi14": 59.722438715571315,
      "ppo": {
        "ppo": -0.0305354843830277,
        "signal": -0.035126440306476,
        "histogram": 0.004590955923448298
      },
      "stochRsi": {
        "k": 54.34782608695713,
        "d": 48.22066822066819
      },
      "vprofile": {
        "vpBins": [
          0.016887718203694405,
          0.06007899712327631,
          0.16111633240046563,
          0.24895550411604148,
          0.12760246257055446,
          0.07558027943985891,
          0.029896990684090383,
          0.03381518132885187,
          0.013068632286807496,
          0.007653339460898193,
          0.017371510733352434,
          0.004188364818027667,
          0.03509432875118406,
          0.04785351144848715,
          0.04543532478799917,
          0.019600617206351846,
          0.008372999677880294,
          0.028362895403769482,
          0.007651852694352897,
          0.011413156864056187
        ],
        "currentBinShare": 0.24895550411604148
      },
      "ttm": {
        "squeeze": true,
        "release": false,
        "widthPct": 0.32003298122440516
      }
    },
    "min5": {
      "sma20": 51.951499999999996,
      "sma50": 52.193599999999975,
      "ema20": 51.98026052716922,
      "ema50": 51.954264674246815,
      "vwma20": 51.94734108037905,
      "hma21": 52.00740259740259,
      "atr14": 0.1521428571428563,
      "atrPercentile": 0.4233576642335766,
      "rvolZ": -0.007640551121190957,
      "rvolPercentile": 0.7743055555555556,
      "mfi14": 34.18994424602283,
      "ppo": {
        "ppo": -0.027770427159220207,
        "signal": -0.0648415223983066,
        "histogram": 0.03707109523908639
      },
      "stochRsi": {
        "k": 100,
        "d": 51.31603081437991
      },
      "vprofile": {
        "vpBins": [
          0.0136324427156175,
          0.06740343920434226,
          0.07103278623833516,
          0.09234257280461772,
          0.05622185276361824,
          0.21523842654616068,
          0.07801979940765735,
          0.10495079429347771,
          0.03127184914654538,
          0.024563263183543172,
          0.010270423267998458,
          0.04658421302921157,
          0.061225632603167046,
          0.02318246277831319,
          0.00565996642874484,
          0.007286186986848567,
          0.013553297321076536,
          0.010196901778470586,
          0.017308508044475167,
          0.0500551814577788
        ],
        "currentBinShare": 0.02318246277831319
      },
      "ttm": {
        "squeeze": true,
        "release": true,
        "widthPct": 0.6805559943452474
      }
    },
    "min15": {
      "sma20": 52.17,
      "sma50": 51.2094,
      "ema20": 51.915935054128305,
      "ema50": 51.45983594785737,
      "vwma20": 52.439338394510855,
      "hma21": 51.80701298701297,
      "atr14": 0.3057142857142868,
      "atrPercentile": 0.573170731707317,
      "rvolZ": -0.3136966844272814,
      "rvolPercentile": 0.4270833333333333,
      "mfi14": 33.97134715387034,
      "ppo": {
        "ppo": 0.33813611502164087,
        "signal": 0.48165317315137435,
        "histogram": -0.14351705812973348
      },
      "stochRsi": {
        "k": 22.550915223636935,
        "d": 31.101429664862724
      },
      "vprofile": {
        "vpBins": [
          0,
          0.04131886366943011,
          0.07246280128254018,
          0.09464515357145033,
          0.12757954657343756,
          0.2165100033623873,
          0.134726231005402,
          0.08765750677089243,
          0.05086501752874559,
          0.016714111249211686,
          0.0082096050943942,
          0.01234022010601648,
          0.04957892022589794,
          0.02399436218078179,
          0.004358487693240275,
          0.005487705695654227,
          0.005417222682836467,
          0.005723662199120482,
          0.042410579108561074,
          0
        ],
        "currentBinShare": 0.02399436218078179
      },
      "ttm": {
        "squeeze": false,
        "release": false,
        "widthPct": 2.89726387517019
      }
    },
    "hourly": {
      "sma20": 50.983,
      "sma50": 51.297000000000004,
      "ema20": 51.28185361837727,
      "ema50": 51.16324960055542,
      "vwma20": 50.99002203583411,
      "hma21": 52.091948051948066,
      "atr14": 0.6964285714285724,
      "atrPercentile": 0.6055900621118012,
      "rvolZ": -0.38346494173721374,
      "rvolPercentile": 0.3958333333333333,
      "mfi14": 71.91687406022348,
      "ppo": {
        "ppo": 0.5326443803236458,
        "signal": 0.2027449764693185,
        "histogram": 0.3298994038543273
      },
      "stochRsi": {
        "k": 72.10860847662613,
        "d": 63.29422449064733
      },
      "vprofile": {
        "vpBins": [
          0,
          0.03915921129564609,
          0.0702233812554845,
          0.11096622052918878,
          0.09435458566263795,
          0.036002960347005133,
          0.06640544796861973,
          0.09510232555944291,
          0.11270091372297952,
          0.07792659072413216,
          0.05246099305543938,
          0.010979436415875779,
          0.060653205735326544,
          0.020462170988982637,
          0.02649562791280481,
          0.053494925464092326,
          0.055192586213691525,
          0.00626886277186863,
          0.005125868909099822,
          0.006024685467681797
        ],
        "currentBinShare": 0.010979436415875779
      },
      "ttm": {
        "squeeze": false,
        "release": false,
        "widthPct": 6.384827884027899
      }
    },
    "fourHour": {
      "sma20": 51.45649999999999,
      "sma50": 49.818000000000005,
      "ema20": 50.945247838980286,
      "ema50": 49.45978054428271,
      "vwma20": 51.74925272226286,
      "hma21": 50.466103896103924,
      "atr14": 1.6650000000000011,
      "atrPercentile": 0.7,
      "rvolZ": -0.6069453405303974,
      "rvolPercentile": 0.09523809523809523,
      "mfi14": 35.64466164069225,
      "ppo": {
        "ppo": 1.0140781819122948,
        "signal": 1.2397310775810226,
        "histogram": -0.22565289566872782
      },
      "stochRsi": {
        "k": 0,
        "d": 46.82922822794165
      },
      "vprofile": {
        "vpBins": [
          0.0075841173049416115,
          0.057523759189961755,
          0.0814580014445046,
          0.036588881541337256,
          0.010804310715655123,
          0,
          0.010001744552206173,
          0,
          0.05923430318061306,
          0.038815877567989744,
          0.14583941959114674,
          0.10886567046562261,
          0.10842947902072017,
          0.07614444240410694,
          0.16192625938302008,
          0.0056749110608253495,
          0.022985204244895124,
          0.05210790154373016,
          0.016015716788723357,
          0
        ],
        "currentBinShare": 0.0056749110608253495
      },
      "ttm": {
        "squeeze": false,
        "release": false,
        "widthPct": 11.232567621288743
      }
    },
    "daily": {
      "sma20": 45.778000000000006,
      "sma50": 41.49100000000001,
      "ema20": 46.89105539787721,
      "ema50": 43.67768964481491,
      "vwma20": 0,
      "hma21": 53.654718614718604,
      "atr14": 3.8057142857142856,
      "atrPercentile": 1,
      "rvolZ": 0,
      "rvolPercentile": 1,
      "mfi14": 50,
      "ppo": {
        "ppo": 6.164426893422102,
        "signal": 5.343674070400448,
        "histogram": 0.8207528230216541
      },
      "stochRsi": {
        "k": 75.3748775451916,
        "d": 71.67634581493662
      },
      "vprofile": {
        "vpBins": [
          0,
          0,
          0,
          0,
          0,
          0,
          0,
          0,
          0,
          0,
          0,
          0,
          0,
          0,
          0,
          0,
          0,
          0,
          0,
          0
        ],
        "currentBinShare": 0
      },
      "ttm": {
        "squeeze": false,
        "release": false,
        "widthPct": 38.946418823117156
      }
    }
  },
  "smaMin5": 51.951499999999996,
  "emaMin5": 51.98026052716922,
  "vwmaMin5": 51.94734108037905,
  "hmaMin5": 52.00740259740259,
  "keltner15": {
    "upper": 52.284935054128304,
    "middle": 51.915935054128305,
    "lower": 51.546935054128305
  },
  "superTrend15": {
    "isBull": true,
    "finalUpper": 52.837999999999994,
    "finalLower": 51.361999999999995
  },
  "mfi15": 33.97134715387034,
  "stochRsi15": {
    "k": 22.550915223636935,
    "d": 31.101429664862724
  },
  "ppo15": {
    "ppo": 0.33813611502164087,
    "signal": 0.48165317315137435,
    "histogram": -0.14351705812973348
  },
  "vpMin15": {
    "vpBins": [
      0,
      0.04131886366943011,
      0.07246280128254018,
      0.09464515357145033,
      0.12757954657343756,
      0.2165100033623873,
      0.134726231005402,
      0.08765750677089243,
      0.05086501752874559,
      0.016714111249211686,
      0.0082096050943942,
      0.01234022010601648,
      0.04957892022589794,
      0.02399436218078179,
      0.004358487693240275,
      0.005487705695654227,
      0.005417222682836467,
      0.005723662199120482,
      0.042410579108561074,
      0
    ],
    "currentBinShare": 0.02399436218078179
  },
  "ttm15": {
    "squeeze": false,
    "release": false,
    "widthPct": 2.89726387517019
  },
  "marketCorrelation": {
    "hourly": {
      "btcCorrelation": 0,
      "ethCorrelation": 0,
      "btcBeta": 1,
      "ethBeta": 1,
      "btcTrend": "UNKNOWN",
      "ethTrend": "UNKNOWN",
      "tokenVol": 0,
      "btcVol": 0,
      "ethVol": 0,
      "marketDependence": 0,
      "verdict": "INSUFFICIENT_DATA"
    },
    "min15": {
      "btcCorrelation": 0,
      "ethCorrelation": 0,
      "btcBeta": 1,
      "ethBeta": 1,
      "btcTrend": "UNKNOWN",
      "ethTrend": "UNKNOWN",
      "tokenVol": 0,
      "btcVol": 0,
      "ethVol": 0,
      "marketDependence": 0,
      "verdict": "INSUFFICIENT_DATA"
    },
    "daily": {
      "btcCorrelation": 0,
      "ethCorrelation": 0,
      "btcBeta": 1,
      "ethBeta": 1,
      "btcTrend": "UNKNOWN",
      "ethTrend": "UNKNOWN",
      "tokenVol": 0,
      "btcVol": 0,
      "ethVol": 0,
      "marketDependence": 0,
      "verdict": "INSUFFICIENT_DATA"
    }
  },
  "tradeTape": {
    "totalTrades": 0,
    "totalVolume": 0,
    "buysVolume": 0,
    "sellsVolume": 0,
    "buySellRatio": 0.5,
    "vwap": 0,
    "signedVolume": 0,
    "avgTradeSize": 0,
    "tradesPerSec": 0,
    "cumulativeDelta": 0,
    "tradesLast1m": 0,
    "tradesLast5m": 0,
    "tradesLast15m": 0,
    "tradesLast1h": 0,
    "buyVWAP": 0,
    "sellVWAP": 0,
    "aggressorVWAP": 0,
    "bucketDurationMs": 60000,
    "bucketCount": 15,
    "bucketSignedVolumes": [],
    "bucketVolumes": [],
    "bucketVWAPs": [],
    "latestBucketSignedZ": 0
  },
  "enhancedMetrics": {
    "relativeVolumeZScore": -1,
    "volumePercentile": 40,
    "atrPercentile": 40.51094890510949,
    "volatilityPercentile": 62.0253164556962,
    "relativeVolatilityRatio": 0.8877063438558345,
    "isHighVolume": false,
    "isHighVolatility": false,
    "isLowVolatility": false,
    "isExpandingVolatility": false,
    "isContractingVolatility": false
  },
  "orderBook": {
    "bidAskSpread": 0,
    "spreadPct": 0,
    "midPrice": 0,
    "bestBid": 0,
    "bestAsk": 0,
    "bidDepth": 0,
    "askDepth": 0,
    "orderBookImbalance": 0,
    "liquidityScore": 0,
    "depthAt1Pct": {
      "bidVolume": 0,
      "askVolume": 0,
      "imbalance": 0
    },
    "depthAt2Pct": {
      "bidVolume": 0,
      "askVolume": 0,
      "imbalance": 0
    },
    "depthAt5Pct": {
      "bidVolume": 0,
      "askVolume": 0,
      "imbalance": 0
    },
    "weightedMidPrice": 0,
    "volumeWeightedSpread": 0,
    "totalBidLevels": 0,
    "totalAskLevels": 0
  },
  "marketCap": {
    "marketCap": 0,
    "totalVolume24h": 0,
    "volumeToMarketCapRatio": 0,
    "marketCapRank": 0,
    "normalizedRank": 0,
    "isHighLiquidity": false,
    "isVeryHighLiquidity": false,
    "isLowLiquidity": true,
    "liquidityTier": "VERY_LOW"
  },
  "sweeps": {
    "sweepScore": 0,
    "sweepCount": 0,
    "sweepDirection": "NEUTRAL",
    "buySweeps": 0,
    "sellSweeps": 0,
    "avgSweepSize": 0,
    "avgSweepIntensity": 0,
    "bidLiftRatio": 0,
    "askLiftRatio": 0,
    "sweepFrequency": 0,
    "largestSweep": null,
    "recentSweepClusters": 0,
    "sweepDetails": []
  },
  "absorption": {
    "absorptionScore": 0,
    "absorptionLevel": null,
    "absorptionSide": "NONE",
    "icebergProbability": 0,
    "hiddenLiquidityEstimate": 0,
    "volumeAtPrice": {},
    "topAbsorptionLevels": [],
    "persistenceDuration": 0,
    "refillDetected": false
  },
  "orderArrival": {
    "avgInterArrivalTime": 0,
    "recentInterArrivalTime": 0,
    "accelerationRatio": 1,
    "hawkesIntensity": 0,
    "hawkesDirection": "NEUTRAL",
    "clusteringScore": 0,
    "burstCount": 0,
    "cascadeDetected": false,
    "timeToNextTrade": 0,
    "accelerationTrend": "STABLE"
  },
  "liquidityVacuum": {
    "vacuumScore": 0,
    "vacuumSide": "NONE",
    "bidVacuumSeverity": 0,
    "askVacuumSeverity": 0,
    "depthConcentration": 0,
    "priceImpact10k": 0,
    "priceImpact50k": 0,
    "priceImpact100k": 0,
    "largestGapBid": 0,
    "largestGapAsk": 0,
    "avgGapBid": 0,
    "avgGapAsk": 0,
    "bidCliffDistance": 0,
    "askCliffDistance": 0
  },
  "volatilityRegime": {
    "regime": "EXTREME",
    "regimeScore": 1,
    "currentATR": 3.803846,
    "avgATR": 3.077564,
    "atrPercentile": 100,
    "realizedVolatility": 78.85,
    "volPercentile": 89.8,
    "expanding": false,
    "contracting": false,
    "transitionProbability": 0,
    "daysInRegime": 8,
    "regimeStrength": 1.49
  },
  "temporalPatterns": {
    "currentHour": 13,
    "currentDay": 0,
    "currentDayName": "Sunday",
    "dayBias": "NEUTRAL",
    "hourlyProfile": [
      {
        "avgVolume": 864.87,
        "avgATR": 0.592143,
        "avgReturn": -0.213
      },
      {
        "avgVolume": 753.46,
        "avgATR": 0.672857,
        "avgReturn": 0.273
      },
      {
        "avgVolume": 1091.9,
        "avgATR": 0.64,
        "avgReturn": 0.204
      },
      {
        "avgVolume": 831.37,
        "avgATR": 0.716429,
        "avgReturn": 0.205
      },
      {
        "avgVolume": 788.28,
        "avgATR": 0.732857,
        "avgReturn": -0.137
      },
      {
        "avgVolume": 853.8,
        "avgATR": 0.694286,
        "avgReturn": -0.322
      },
      {
        "avgVolume": 500.06,
        "avgATR": 0.530714,
        "avgReturn": 0.014
      },
      {
        "avgVolume": 491.36,
        "avgATR": 0.580714,
        "avgReturn": 0.484
      },
      {
        "avgVolume": 736.35,
        "avgATR": 0.646429,
        "avgReturn": 0.161
      },
      {
        "avgVolume": 535.63,
        "avgATR": 0.63,
        "avgReturn": 0.101
      },
      {
        "avgVolume": 528.74,
        "avgATR": 0.52,
        "avgReturn": 0.003
      },
      {
        "avgVolume": 553.89,
        "avgATR": 0.622143,
        "avgReturn": -0.153
      },
      {
        "avgVolume": 658.76,
        "avgATR": 0.71,
        "avgReturn": 0.189
      },
      {
        "avgVolume": 1192.18,
        "avgATR": 0.774615,
        "avgReturn": 0.114
      },
      {
        "avgVolume": 791.19,
        "avgATR": 0.753571,
        "avgReturn": -0.31
      },
      {
        "avgVolume": 1054,
        "avgATR": 0.802143,
        "avgReturn": -0.088
      },
      {
        "avgVolume": 1332.52,
        "avgATR": 1.022857,
        "avgReturn": -0.089
      },
      {
        "avgVolume": 835.33,
        "avgATR": 0.729286,
        "avgReturn": 0.475
      },
      {
        "avgVolume": 1071.82,
        "avgATR": 0.845,
        "avgReturn": 0.388
      },
      {
        "avgVolume": 1459.98,
        "avgATR": 0.764286,
        "avgReturn": 0.039
      },
      {
        "avgVolume": 877.18,
        "avgATR": 0.712143,
        "avgReturn": -0.425
      },
      {
        "avgVolume": 972.22,
        "avgATR": 0.978571,
        "avgReturn": 0.902
      },
      {
        "avgVolume": 819.38,
        "avgATR": 0.801429,
        "avgReturn": 0.341
      },
      {
        "avgVolume": 898.4,
        "avgATR": 0.770714,
        "avgReturn": -0.464
      }
    ],
    "dailyProfile": [
      {
        "avgVolume": 1037,
        "avgATR": 0.865208,
        "avgReturn": -0.063
      },
      {
        "avgVolume": 1497.12,
        "avgATR": 1.202083,
        "avgReturn": 0.091
      },
      {
        "avgVolume": 791.68,
        "avgATR": 0.600213,
        "avgReturn": -0.04
      },
      {
        "avgVolume": 713.68,
        "avgATR": 0.517708,
        "avgReturn": -0.006
      },
      {
        "avgVolume": 481.74,
        "avgATR": 0.415417,
        "avgReturn": -0.04
      },
      {
        "avgVolume": 617.56,
        "avgATR": 0.52875,
        "avgReturn": 0.117
      },
      {
        "avgVolume": 829.9,
        "avgATR": 0.89625,
        "avgReturn": 0.432
      }
    ],
    "favorableHours": [
      19,
      16,
      13,
      2,
      18,
      15
    ],
    "favorableWindow": true,
    "currentVsAvgVolume": 0,
    "currentVsAvgVolatility": 0,
    "anomalyDetected": true,
    "timeUntilFavorable": null,
    "temporalScore": 0.5
  },
  "unifiedMicrostructure": {
    "signalDirections": {
      "vpin": "NEUTRAL",
      "sweeps": "NEUTRAL",
      "absorption": "NEUTRAL",
      "arrival": "NEUTRAL",
      "vacuum": "NONE",
      "volRegime": "UNFAVORABLE",
      "temporal": "FAVORABLE"
    },
    "consensusDirection": "NEUTRAL",
    "consensusStrength": 50,
    "bullishSignals": 1,
    "bearishSignals": 1,
    "neutralSignals": 0,
    "totalAvailableSignals": 2,
    "dominantPattern": "NONE",
    "clusters": {
      "strongBuyCluster": false,
      "distributionPattern": false,
      "accumulationPattern": false,
      "momentumCascade": false
    },
    "adaptiveWeights": {
      "vpin": 0,
      "sweeps": 0,
      "absorption": 0,
      "arrival": 0,
      "vacuum": 0,
      "volRegime": 0.03,
      "temporal": 0.012
    },
    "convictionLevel": "LOW",
    "convictionScore": 30,
    "riskAdjustment": "REDUCE",
    "timingQuality": "FAVORABLE",
    "signalQuality": "LOW"
  },
  "deltaAnalysis": {
    "currentDelta": 0,
    "cumulativeDelta": 0,
    "deltaPerVolume": 0,
    "deltaDirection": "NEUTRAL",
    "deltaDivergence": false,
    "institutionalRatio": 0,
    "aggressionScore": 0
  },
  "volumeProfile": {
    "pointOfControl": 0,
    "valueAreaHigh": 0,
    "valueAreaLow": 0,
    "currentPosition": "ABOVE_VALUE_AREA",
    "volumeNodes": [],
    "airPockets": []
  },
  "momentumCascade": {
    "cascadeDetected": false,
    "alignmentScore": -0.0008774307158521174,
    "cascadeStrength": 0,
    "acceleratingTimeframes": [
      "5m",
      "15m"
    ],
    "divergingTimeframes": [
      "1m",
      "1h"
    ]
  },
  "breakoutConfirmation": {
    "breakoutConfirmed": false,
    "volumeConfirmation": false,
    "retestStrength": 0,
    "falseBreakoutRisk": 0,
    "breakoutQuality": "NO_BREAKOUT"
  },
  "liquidityHeatmap": {
    "liquidityScore": 0,
    "magnetDirection": "NONE",
    "magnetStrength": 0,
    "priceTarget5pct": null,
    "message": "No order book data"
  },
  "smartMoneyDivergence": {
    "divergenceDetected": false,
    "divergenceDirection": "NONE",
    "smartMoneyScore": 0.5,
    "message": "Insufficient trade data"
  },
  "microstructure": {
    "raw": -0.014496442760787213,
    "pct": 50,
    "summary": {
      "latestBucketSignedZ": 0,
      "buySellRatio": 0.5,
      "tradesPerSec": 0,
      "vwap": 0,
      "aggressorVWAP": 0,
      "vpinToxicity": "UNKNOWN",
      "sweepDirection": "NEUTRAL",
      "absorptionSide": "NONE",
      "icebergDetected": false,
      "hawkesDirection": "NEUTRAL",
      "cascadeDetected": false,
      "vacuumSide": "NONE",
      "volatilityRegime": "EXTREME",
      "volExpanding": false,
      "favorableTimeWindow": true,
      "temporalAnomaly": true,
      "consensusDirection": "NEUTRAL",
      "consensusStrength": 50,
      "dominantPattern": "NONE",
      "convictionLevel": "LOW",
      "riskAdjustment": "REDUCE",
      "timingQuality": "FAVORABLE",
      "deltaDirection": "NEUTRAL",
      "deltaDivergence": false,
      "institutionalRatio": 0,
      "volumeProfilePosition": "ABOVE_VALUE_AREA",
      "pointOfControl": 0,
      "momentumCascadeDetected": false,
      "cascadeStrength": 0,
      "breakoutQuality": "NO_BREAKOUT",
      "breakoutConfirmed": false,
      "magnetDirection": "NONE",
      "magnetStrength": 0,
      "priceTarget5pct": null,
      "nearestBidWall": 0,
      "nearestAskWall": 0,
      "divergenceDetected": false,
      "divergenceDirection": "NONE",
      "whaleAccumulation": false,
      "whaleDistribution": false,
      "retailPanic": false,
      "smartMoneyScore": 0.5
    }
  }
}

=== MICROSTRUCTURE ALERTS ===

🔬 VPIN: Insufficient data for VPIN analysis

🌊 SWEEP DETECTION: No significant sweeps detected

🧊 ABSORPTION & ICEBERG: No significant absorption or iceberg orders detected

⚡ ORDER ARRIVAL DYNAMICS: Insufficient trades for analysis

🌪️ LIQUIDITY VACUUM: No significant vacuum detected

📊 VOLATILITY REGIME DETECTION:
   Current Regime: EXTREME
   Regime Score: 1.00 (-1=low vol, +1=extreme vol)
   Days in Regime: 8
   ATR: $3.803846 (avg: $3.077564)
   ATR Percentile: 100.0%
   Realized Volatility: 78.85% (annualized)
   Vol Percentile: 89.8%

   🔴 EXTREME VOLATILITY:
   🚨 HIGH RISK ENVIRONMENT!
   ⚠️ Significantly reduce position size
   ⚠️ Wide stops or avoid trading
   💡 Only for experienced traders

   ✅ STABLE REGIME: 8 days - predictable conditions

⏰ TEMPORAL PATTERN ANALYSIS:
   Current Time: Sunday 13:00 UTC
   Day Bias: NEUTRAL
   Current vs Avg Volume: 0x
   Current vs Avg Volatility: 0x

   ✅ FAVORABLE TIME WINDOW:
   This hour historically shows strong volume and positive returns
   GOOD time to trade - patterns favor entry

   ⚠️ LOW ACTIVITY ANOMALY:
   Volume 0x below typical - Extremely quiet

   📉 LOW VOLATILITY ANOMALY:
   Volatility 0x below typical - Consolidation likely

   🔥 Best Trading Hours (UTC): 19:00, 16:00, 13:00

🎯 UNIFIED MICROSTRUCTURE INTEGRATION:
   Signal Consensus: NEUTRAL (50% agreement)
   Available Signals: 2 (1 bullish / 1 bearish / 0 neutral)
   Conviction Level: LOW (30%)
   Signal Quality: LOW
   Risk Adjustment: REDUCE
   Timing Quality: FAVORABLE

   ⚠️ LOW CONVICTION: Only 50% signal agreement
   Weak alignment - Reduce position size or wait for clarity

   ⚠️ RISK REDUCTION RECOMMENDED: Extreme volatility or unfavorable timing detected

   ⏰ FAVORABLE TIMING: Good time window for trading

   Signal Directions Breakdown:
   • VPIN: NEUTRAL
   • Sweeps: NEUTRAL
   • Absorption: NEUTRAL
   • Arrival Dynamics: NEUTRAL
   • Liquidity Vacuum: NONE
   • Vol Regime: UNFAVORABLE
   • Temporal: FAVORABLE

   Adaptive Weights (Total: 4.2%):
   • VPIN: 0.0%
   • Sweeps: 0.0%
   • Absorption: 0.0%
   • Arrival: 0.0%
   • Vacuum: 0.0%
   • Vol Regime: 3.0%
   • Temporal: 1.2%


💹 DELTA ANALYSIS (Order Flow Aggression):
   Direction: NEUTRAL
   Delta Per Volume: 0.00%
   Institutional Ratio: 0.0%
   Aggression Score: 0.0%

📊 VOLUME PROFILE (Support/Resistance Strength):
   Point of Control (POC): $0.000000
   Value Area High: $0.000000
   Value Area Low: $0.000000
   Current Position: ABOVE_VALUE_AREA
   ⚠️ DISTRIBUTION RISK: Price above value area - potential rejection zone

⚡ MOMENTUM CASCADE (Multi-Timeframe Alignment):
   Cascade Detected: NO
   Alignment Score: -0.1%
   Cascade Strength: 0.0%
   Accelerating: 5m, 15m
   Diverging: 1m, 1h

💥 BREAKOUT CONFIRMATION:
   Quality: NO_BREAKOUT
   Volume Confirmation: NO
   Retest Strength: 0.0%
   False Breakout Risk: 0.0%
   No breakout detected - price below resistance


levels:
Entry=52.10558, StopLoss=50.0213568, TakeProfit=52.13951200000001, 52.173444, 52.20058960000001

---

=== Token: OMNI (OMNI) ===
Contract: OMNI-USD
Timestamp: 2025-09-16T12:15:00.000Z

Calculations:
{
  "momentumScore": 5.026767094691589,
  "volumeScore": 12.594149460769334,
  "patternScore": 20,
  "totalScore": 11.093571411445396,
  "finalScore": 0,
  "weights": "0.23,0.45,0.23",
  "hourlyUptrend": false,
  "rsi": 32.33532934131729,
  "ultraShortVolumeSurge": 0.6831021228043617,
  "baseVolumeSurge": 0.06577171886087721,
  "currentPrice": 3.626,
  "resistance": 3.718,
  "support": 3.595,
  "rocMin5": -0.011989100817438703,
  "shortROC": 0.0011043622308117072,
  "priceAcceleration": -0.0029984804170906394,
  "buySellRatio": 0.5174925677800656,
  "macdHistogram": -0.0011658354442653333,
  "stochasticK": 31.250000000000234,
  "atr": 0.02007142857142855,
  "bbUpper": 3.717184262387865,
  "bbLower": 3.559615737612135,
  "hammerDetected": false,
  "engulfingDetected": false,
  "compressionSpring": {
    "detected": true,
    "confidence": 66,
    "signals": {
      "sidewaysPrice": true,
      "atrCompression": true,
      "bbSqueeze": true,
      "consolidationTime": true,
      "strongBuying": false,
      "obvPositive": false,
      "chaikinPositive": false,
      "rsiNeutral": true,
      "volumeBuilding": false
    },
    "metrics": {
      "priceRange": 3.59,
      "atrRatio": 0.504,
      "bbWidth": 4.33,
      "volumeRatio": 0.751,
      "signalCount": 5,
      "buySellRatio": 0.517
    }
  },
  "riskTier": "LOW",
  "atrPercent": 1.5187928453234574,
  "distanceToResistance": 2.5372311086596824,
  "slPercent": 2.5,
  "tpPercent": 2.15664644236073,
  "trailingActivation": 1.293987865416438,
  "shortMomentumScore": 25,
  "overboughtScore": 0,
  "shortPatternScore": 0,
  "shootingStarDetected": false,
  "bearishEngulfingDetected": false,
  "eveningStarDetected": false,
  "bearishPatternsCount": 0,
  "shortTotalScore": 10,
  "chaikin": 0.02860575546880248,
  "obvIncreasing": false,
  "obvTrend": "declining",
  "adx": 14.364640883977826,
  "recentCandles": {
    "redCount": 4,
    "greenCount": 6
  },
  "resistanceDistance": 2.5372311086596824,
  "multiplePatterns": false,
  "bullishPattern": false,
  "priceAboveVWAP": true,
  "breakingResistance": false,
  "atrSufficient": true,
  "macdDivergenceBearish": false,
  "rvolMin1": 0.048351486274387366,
  "rvolMin5": -0.15487349198834674,
  "atrPercentileOld": 0.7804878048780488,
  "vwapDeviation": 0.3022554215249454,
  "bbWidthPercent": 4.330709234161442,
  "bbSqueeze": false,
  "multiTFMomentum": {
    "min1": {
      "roc1": 0.001382361072712163,
      "roc3": -0.001928906034720341
    },
    "min5": {
      "roc1": 0.0011043622308117072,
      "roc3": -0.0008266740148801636
    },
    "min15": {
      "roc1": -0.0008282716731086885,
      "roc3": -0.01174221736755863
    },
    "hourly": {
      "roc1": -0.0209809264305177,
      "roc3": -0.018306010928961794
    },
    "fourHour": {
      "roc1": 0.0008356545961003103,
      "roc3": 0.04356665698518731
    },
    "divergenceShortUpLongDown": true
  },
  "returnZMin5": 0.11564614006703758,
  "wickClosePct": 1,
  "wickUpper": 0,
  "wickLower": 0.020999999999999908,
  "wickRatio": 2.1000000000000356,
  "donchianBreakout15": false,
  "bbWidthPercentile15": 0.4935064935064935,
  "signedMin5": -31328.219999999983,
  "signedMin5Z": -9.79571567286908,
  "signedMin1": 1729.2200000000005,
  "signedMin1Z": 2.0545079363719614,
  "streakMin1": {
    "upStreak": 2,
    "downStreak": 0
  },
  "streakMin5": {
    "upStreak": 2,
    "downStreak": 0
  },
  "rvolPercentileMin1": 0.8076388888888889,
  "rvolPercentileMin5": 0.6423611111111112,
  "perTfMetrics": {
    "min1": {
      "sma20": 3.6559,
      "sma50": 3.6605000000000008,
      "ema20": 3.648856377051732,
      "ema50": 3.652619174493776,
      "vwma20": 3.6553323169558785,
      "hma21": 3.6247619047619053,
      "atr14": 0.013785714285714259,
      "atrPercentile": 0.8947633434038268,
      "rvolZ": 0.048351486274387366,
      "rvolPercentile": 0.8076388888888889,
      "mfi14": 31.537519634575787,
      "ppo": {
        "ppo": -0.3039393567150045,
        "signal": -0.16792629784371066,
        "histogram": -0.13601305887129383
      },
      "stochRsi": {
        "k": 38.06167400881037,
        "d": 32.301969170453525
      },
      "vprofile": {
        "vpBins": [
          0,
          0.013659816835183214,
          0.012288791431274532,
          0.08668855537627267,
          0.019518975720374365,
          0.07310906034378174,
          0.03624401919191156,
          0.04996860450699744,
          0.12045193067839595,
          0.07514454591629735,
          0.10539264807763152,
          0.08788693889721608,
          0.0750025662982603,
          0.05088491740963408,
          0.08513633376186439,
          0.04919360465142115,
          0.031032656200909822,
          0.0033630727677760037,
          0.018469237527234977,
          0.0065637244075628254
        ],
        "currentBinShare": 0.12045193067839595
      },
      "ttm": {
        "squeeze": false,
        "release": false,
        "widthPct": 2.5703481142095193
      }
    },
    "min5": {
      "sma20": 3.661600000000001,
      "sma50": 3.6308399999999987,
      "ema20": 3.648019839763958,
      "ema50": 3.6378962306172062,
      "vwma20": 3.664435844936805,
      "hma21": 3.640264069264069,
      "atr14": 0.02007142857142855,
      "atrPercentile": 0.6642335766423357,
      "rvolZ": -0.15487349198834674,
      "rvolPercentile": 0.6423611111111112,
      "mfi14": 23.10528177418381,
      "ppo": {
        "ppo": -0.06056673347913647,
        "signal": 0.1540008094032002,
        "histogram": -0.21456754288233668
      },
      "stochRsi": {
        "k": 0,
        "d": 36.61373492732509
      },
      "vprofile": {
        "vpBins": [
          0.03160140998276381,
          0.005393508689639059,
          0.01143863311286395,
          0.01443360503519861,
          0.051099819870656545,
          0.012265488714718609,
          0.014456009517459983,
          0,
          0.11410849758909361,
          0.040251156491088104,
          0.09046651564818388,
          0.12258937985335976,
          0.12209208116492892,
          0.17073513057390627,
          0.0678656911003784,
          0.02874090985275945,
          0.018619830912160105,
          0.06709100786002217,
          0.01675132403081869,
          0
        ],
        "currentBinShare": 0.12258937985335976
      },
      "ttm": {
        "squeeze": false,
        "release": false,
        "widthPct": 2.373944038469851
      }
    },
    "min15": {
      "sma20": 3.6384,
      "sma50": 3.59512,
      "ema20": 3.64090852922671,
      "ema50": 3.5968700319981233,
      "vwma20": 3.6509917852460103,
      "hma21": 3.692246753246752,
      "atr14": 0.05507142857142856,
      "atrPercentile": 0.7804878048780488,
      "rvolZ": 0.05626995315740148,
      "rvolPercentile": 0.7083333333333334,
      "mfi14": 38.175475193893526,
      "ppo": {
        "ppo": 0.4196012776208304,
        "signal": 0.5865060602087331,
        "histogram": -0.1669047825879027
      },
      "stochRsi": {
        "k": 49.636316435757884,
        "d": 55.23697502248669
      },
      "vprofile": {
        "vpBins": [
          0.006550801338199808,
          0.05047979689516471,
          0.017640651963496425,
          0.019514500457108237,
          0.06377580705125614,
          0.007000963413115596,
          0.010897482384902252,
          0,
          0.12017729996135215,
          0.07089513131192886,
          0.10254930827516084,
          0.051718974641592,
          0.058406150107809904,
          0.17159506196504754,
          0.12538390272930514,
          0.05306886608821095,
          0,
          0.0703453014163494,
          0,
          0
        ],
        "currentBinShare": 0.051718974641592
      },
      "ttm": {
        "squeeze": false,
        "release": false,
        "widthPct": 4.330709234161442
      }
    },
    "hourly": {
      "sma20": 3.5513500000000002,
      "sma50": 3.49242,
      "ema20": 3.568710492395899,
      "ema50": 3.5273773520427842,
      "vwma20": 3.6260409595836998,
      "hma21": 3.715060606060608,
      "atr14": 0.10657142857142861,
      "atrPercentile": 0.922360248447205,
      "rvolZ": -0.17509630925880268,
      "rvolPercentile": 0.6666666666666666,
      "mfi14": 71.39522053025084,
      "ppo": {
        "ppo": 1.3667771139162221,
        "signal": 1.1381764977541475,
        "histogram": 0.2286006161620746
      },
      "stochRsi": {
        "k": 40.11395026031915,
        "d": 66.39478185016934
      },
      "vprofile": {
        "vpBins": [
          0.013278005341555321,
          0.029668579742545352,
          0.015595079620262792,
          0.008427175135236598,
          0.01573311899660548,
          0.0525801066554041,
          0.09599979657776525,
          0.04447240198921508,
          0.08790370974751416,
          0.11088645179255548,
          0.15707212089964506,
          0.045140714498178074,
          0.16674363900043196,
          0.06366387247702736,
          0.06887444853941464,
          0.0239607789866433,
          0,
          0,
          0,
          0
        ],
        "currentBinShare": 0.08790370974751416
      },
      "ttm": {
        "squeeze": false,
        "release": false,
        "widthPct": 10.306541610841123
      }
    },
    "fourHour": {
      "sma20": 3.5188499999999996,
      "sma50": 3.476040000000001,
      "ema20": 3.5102913742308415,
      "ema50": 3.458510680205099,
      "vwma20": 3.5391258551854543,
      "hma21": 3.443523809523809,
      "atr14": 0.12778571428571425,
      "atrPercentile": 0.7571428571428571,
      "rvolZ": 0.04705069886137139,
      "rvolPercentile": 0.7976190476190477,
      "mfi14": 35.05726488917176,
      "ppo": {
        "ppo": 0.4243169011215378,
        "signal": 0.10956892324839727,
        "histogram": 0.3147479778731405
      },
      "stochRsi": {
        "k": 86.00884164967836,
        "d": 51.9079974630703
      },
      "vprofile": {
        "vpBins": [
          0.009039200199708346,
          0.006719728289929453,
          0.028272645732460237,
          0.06925947577057551,
          0.051715996011712756,
          0.06612687716736036,
          0.08589327717028798,
          0.05765822621473658,
          0.0643472107496612,
          0.042544627299151976,
          0.08229798411349858,
          0.2121848032795854,
          0.15956003438192284,
          0,
          0,
          0.06437991361940892,
          0,
          0,
          0,
          0
        ],
        "currentBinShare": 0.08229798411349858
      },
      "ttm": {
        "squeeze": false,
        "release": false,
        "widthPct": 10.136864353469676
      }
    },
    "daily": {
      "sma20": 3.3378,
      "sma50": 3.8237799999999997,
      "ema20": 3.465170945803118,
      "ema50": 3.4141706917270556,
      "vwma20": 0,
      "hma21": 3.5734372294372276,
      "atr14": 0.2929285714285714,
      "atrPercentile": 0.42105263157894735,
      "rvolZ": 0,
      "rvolPercentile": 1,
      "mfi14": 50,
      "ppo": {
        "ppo": -0.2364011960193982,
        "signal": -1.656775344096721,
        "histogram": 1.4203741480773229
      },
      "stochRsi": {
        "k": 100,
        "d": 62.09409894928428
      },
      "vprofile": {
        "vpBins": [
          0,
          0,
          0,
          0,
          0,
          0,
          0,
          0,
          0,
          0,
          0,
          0,
          0,
          0,
          0,
          0,
          0,
          0,
          0,
          0
        ],
        "currentBinShare": 0
      },
      "ttm": {
        "squeeze": false,
        "release": false,
        "widthPct": 23.521140629729008
      }
    }
  },
  "smaMin5": 3.661600000000001,
  "emaMin5": 3.648019839763958,
  "vwmaMin5": 3.664435844936805,
  "hmaMin5": 3.640264069264069,
  "keltner15": {
    "upper": 3.71140852922671,
    "middle": 3.64090852922671,
    "lower": 3.57040852922671
  },
  "superTrend15": {
    "isBull": true,
    "finalUpper": 3.758,
    "finalLower": 3.476
  },
  "mfi15": 38.175475193893526,
  "stochRsi15": {
    "k": 49.636316435757884,
    "d": 55.23697502248669
  },
  "ppo15": {
    "ppo": 0.4196012776208304,
    "signal": 0.5865060602087331,
    "histogram": -0.1669047825879027
  },
  "vpMin15": {
    "vpBins": [
      0.006550801338199808,
      0.05047979689516471,
      0.017640651963496425,
      0.019514500457108237,
      0.06377580705125614,
      0.007000963413115596,
      0.010897482384902252,
      0,
      0.12017729996135215,
      0.07089513131192886,
      0.10254930827516084,
      0.051718974641592,
      0.058406150107809904,
      0.17159506196504754,
      0.12538390272930514,
      0.05306886608821095,
      0,
      0.0703453014163494,
      0,
      0
    ],
    "currentBinShare": 0.051718974641592
  },
  "ttm15": {
    "squeeze": false,
    "release": false,
    "widthPct": 4.330709234161442
  },
  "marketCorrelation": {
    "hourly": {
      "btcCorrelation": 0,
      "ethCorrelation": 0,
      "btcBeta": 1,
      "ethBeta": 1,
      "btcTrend": "UNKNOWN",
      "ethTrend": "UNKNOWN",
      "tokenVol": 0,
      "btcVol": 0,
      "ethVol": 0,
      "marketDependence": 0,
      "verdict": "INSUFFICIENT_DATA"
    },
    "min15": {
      "btcCorrelation": 0,
      "ethCorrelation": 0,
      "btcBeta": 1,
      "ethBeta": 1,
      "btcTrend": "UNKNOWN",
      "ethTrend": "UNKNOWN",
      "tokenVol": 0,
      "btcVol": 0,
      "ethVol": 0,
      "marketDependence": 0,
      "verdict": "INSUFFICIENT_DATA"
    },
    "daily": {
      "btcCorrelation": 0,
      "ethCorrelation": 0,
      "btcBeta": 1,
      "ethBeta": 1,
      "btcTrend": "UNKNOWN",
      "ethTrend": "UNKNOWN",
      "tokenVol": 0,
      "btcVol": 0,
      "ethVol": 0,
      "marketDependence": 0,
      "verdict": "INSUFFICIENT_DATA"
    }
  },
  "tradeTape": {
    "totalTrades": 0,
    "totalVolume": 0,
    "buysVolume": 0,
    "sellsVolume": 0,
    "buySellRatio": 0.5,
    "vwap": 0,
    "signedVolume": 0,
    "avgTradeSize": 0,
    "tradesPerSec": 0,
    "cumulativeDelta": 0,
    "tradesLast1m": 0,
    "tradesLast5m": 0,
    "tradesLast15m": 0,
    "tradesLast1h": 0,
    "buyVWAP": 0,
    "sellVWAP": 0,
    "aggressorVWAP": 0,
    "bucketDurationMs": 60000,
    "bucketCount": 15,
    "bucketSignedVolumes": [],
    "bucketVolumes": [],
    "bucketVWAPs": [],
    "latestBucketSignedZ": 0
  },
  "enhancedMetrics": {
    "relativeVolumeZScore": -1,
    "volumePercentile": 40,
    "atrPercentile": 67.15328467153284,
    "volatilityPercentile": 87.0253164556962,
    "relativeVolatilityRatio": 1.174801487262362,
    "isHighVolume": false,
    "isHighVolatility": true,
    "isLowVolatility": false,
    "isExpandingVolatility": false,
    "isContractingVolatility": false
  },
  "orderBook": {
    "bidAskSpread": 0,
    "spreadPct": 0,
    "midPrice": 0,
    "bestBid": 0,
    "bestAsk": 0,
    "bidDepth": 0,
    "askDepth": 0,
    "orderBookImbalance": 0,
    "liquidityScore": 0,
    "depthAt1Pct": {
      "bidVolume": 0,
      "askVolume": 0,
      "imbalance": 0
    },
    "depthAt2Pct": {
      "bidVolume": 0,
      "askVolume": 0,
      "imbalance": 0
    },
    "depthAt5Pct": {
      "bidVolume": 0,
      "askVolume": 0,
      "imbalance": 0
    },
    "weightedMidPrice": 0,
    "volumeWeightedSpread": 0,
    "totalBidLevels": 0,
    "totalAskLevels": 0
  },
  "marketCap": {
    "marketCap": 0,
    "totalVolume24h": 0,
    "volumeToMarketCapRatio": 0,
    "marketCapRank": 0,
    "normalizedRank": 0,
    "isHighLiquidity": false,
    "isVeryHighLiquidity": false,
    "isLowLiquidity": true,
    "liquidityTier": "VERY_LOW"
  },
  "sweeps": {
    "sweepScore": 0,
    "sweepCount": 0,
    "sweepDirection": "NEUTRAL",
    "buySweeps": 0,
    "sellSweeps": 0,
    "avgSweepSize": 0,
    "avgSweepIntensity": 0,
    "bidLiftRatio": 0,
    "askLiftRatio": 0,
    "sweepFrequency": 0,
    "largestSweep": null,
    "recentSweepClusters": 0,
    "sweepDetails": []
  },
  "absorption": {
    "absorptionScore": 0,
    "absorptionLevel": null,
    "absorptionSide": "NONE",
    "icebergProbability": 0,
    "hiddenLiquidityEstimate": 0,
    "volumeAtPrice": {},
    "topAbsorptionLevels": [],
    "persistenceDuration": 0,
    "refillDetected": false
  },
  "orderArrival": {
    "avgInterArrivalTime": 0,
    "recentInterArrivalTime": 0,
    "accelerationRatio": 1,
    "hawkesIntensity": 0,
    "hawkesDirection": "NEUTRAL",
    "clusteringScore": 0,
    "burstCount": 0,
    "cascadeDetected": false,
    "timeToNextTrade": 0,
    "accelerationTrend": "STABLE"
  },
  "liquidityVacuum": {
    "vacuumScore": 0,
    "vacuumSide": "NONE",
    "bidVacuumSeverity": 0,
    "askVacuumSeverity": 0,
    "depthConcentration": 0,
    "priceImpact10k": 0,
    "priceImpact50k": 0,
    "priceImpact100k": 0,
    "largestGapBid": 0,
    "largestGapAsk": 0,
    "avgGapBid": 0,
    "avgGapAsk": 0,
    "bidCliffDistance": 0,
    "askCliffDistance": 0
  },
  "volatilityRegime": {
    "regime": "BELOW_NORMAL",
    "regimeScore": -0.5,
    "currentATR": 0.285231,
    "avgATR": 0.276264,
    "atrPercentile": 42.1,
    "realizedVolatility": 76.16,
    "volPercentile": 11.9,
    "expanding": false,
    "contracting": false,
    "transitionProbability": 0,
    "daysInRegime": 6,
    "regimeStrength": 0.7
  },
  "temporalPatterns": {
    "currentHour": 13,
    "currentDay": 0,
    "currentDayName": "Sunday",
    "dayBias": "NEUTRAL",
    "hourlyProfile": [
      {
        "avgVolume": 25643.02,
        "avgATR": 0.078357,
        "avgReturn": -0.187
      },
      {
        "avgVolume": 3950.44,
        "avgATR": 0.034143,
        "avgReturn": 0.108
      },
      {
        "avgVolume": 9078.36,
        "avgATR": 0.058143,
        "avgReturn": 0.47
      },
      {
        "avgVolume": 35008.9,
        "avgATR": 0.0865,
        "avgReturn": 0.78
      },
      {
        "avgVolume": 17115.73,
        "avgATR": 0.067286,
        "avgReturn": -0.194
      },
      {
        "avgVolume": 12330.52,
        "avgATR": 0.054571,
        "avgReturn": -0.292
      },
      {
        "avgVolume": 7620.31,
        "avgATR": 0.042643,
        "avgReturn": -0.025
      },
      {
        "avgVolume": 16296.77,
        "avgATR": 0.083071,
        "avgReturn": 0.517
      },
      {
        "avgVolume": 18441.55,
        "avgATR": 0.066643,
        "avgReturn": 0.36
      },
      {
        "avgVolume": 18154.4,
        "avgATR": 0.066857,
        "avgReturn": 0.133
      },
      {
        "avgVolume": 23447.26,
        "avgATR": 0.068714,
        "avgReturn": -0.079
      },
      {
        "avgVolume": 16178.33,
        "avgATR": 0.0525,
        "avgReturn": -0.434
      },
      {
        "avgVolume": 12620.95,
        "avgATR": 0.052429,
        "avgReturn": -0.413
      },
      {
        "avgVolume": 6970.42,
        "avgATR": 0.042538,
        "avgReturn": -0.255
      },
      {
        "avgVolume": 9527.16,
        "avgATR": 0.057071,
        "avgReturn": -0.048
      },
      {
        "avgVolume": 8584.47,
        "avgATR": 0.045071,
        "avgReturn": -0.486
      },
      {
        "avgVolume": 6981.01,
        "avgATR": 0.038214,
        "avgReturn": 0.02
      },
      {
        "avgVolume": 10454.23,
        "avgATR": 0.039857,
        "avgReturn": 0.442
      },
      {
        "avgVolume": 12025.95,
        "avgATR": 0.045214,
        "avgReturn": 0.385
      },
      {
        "avgVolume": 8312.09,
        "avgATR": 0.038143,
        "avgReturn": -0.443
      },
      {
        "avgVolume": 8306.29,
        "avgATR": 0.041714,
        "avgReturn": 0.312
      },
      {
        "avgVolume": 6244.32,
        "avgATR": 0.031286,
        "avgReturn": 0.185
      },
      {
        "avgVolume": 6521.46,
        "avgATR": 0.028214,
        "avgReturn": 0.37
      },
      {
        "avgVolume": 4167.63,
        "avgATR": 0.025429,
        "avgReturn": -0.121
      }
    ],
    "dailyProfile": [
      {
        "avgVolume": 9289.06,
        "avgATR": 0.0365,
        "avgReturn": -0.049
      },
      {
        "avgVolume": 5031.56,
        "avgATR": 0.040167,
        "avgReturn": -0.044
      },
      {
        "avgVolume": 6886.43,
        "avgATR": 0.056149,
        "avgReturn": 0.053
      },
      {
        "avgVolume": 33950.31,
        "avgATR": 0.098729,
        "avgReturn": 0.377
      },
      {
        "avgVolume": 9879.53,
        "avgATR": 0.037604,
        "avgReturn": -0.24
      },
      {
        "avgVolume": 10379.34,
        "avgATR": 0.040792,
        "avgReturn": 0.07
      },
      {
        "avgVolume": 13243.33,
        "avgATR": 0.053354,
        "avgReturn": 0.163
      }
    ],
    "favorableHours": [
      3,
      0,
      10,
      8,
      9,
      4
    ],
    "favorableWindow": false,
    "currentVsAvgVolume": 0,
    "currentVsAvgVolatility": 0,
    "anomalyDetected": true,
    "timeUntilFavorable": 11,
    "temporalScore": 0
  },
  "unifiedMicrostructure": {
    "signalDirections": {
      "vpin": "NEUTRAL",
      "sweeps": "NEUTRAL",
      "absorption": "NEUTRAL",
      "arrival": "NEUTRAL",
      "vacuum": "NONE",
      "volRegime": "FAVORABLE",
      "temporal": "UNFAVORABLE"
    },
    "consensusDirection": "NEUTRAL",
    "consensusStrength": 50,
    "bullishSignals": 1,
    "bearishSignals": 1,
    "neutralSignals": 0,
    "totalAvailableSignals": 2,
    "dominantPattern": "NONE",
    "clusters": {
      "strongBuyCluster": false,
      "distributionPattern": false,
      "accumulationPattern": false,
      "momentumCascade": false
    },
    "adaptiveWeights": {
      "vpin": 0,
      "sweeps": 0,
      "absorption": 0,
      "arrival": 0,
      "vacuum": 0,
      "volRegime": 0.021,
      "temporal": 0.02
    },
    "convictionLevel": "LOW",
    "convictionScore": 30,
    "riskAdjustment": "REDUCE",
    "timingQuality": "UNFAVORABLE",
    "signalQuality": "LOW"
  },
  "deltaAnalysis": {
    "currentDelta": 0,
    "cumulativeDelta": 0,
    "deltaPerVolume": 0,
    "deltaDirection": "NEUTRAL",
    "deltaDivergence": false,
    "institutionalRatio": 0,
    "aggressionScore": 0
  },
  "volumeProfile": {
    "pointOfControl": 0,
    "valueAreaHigh": 0,
    "valueAreaLow": 0,
    "currentPosition": "ABOVE_VALUE_AREA",
    "volumeNodes": [],
    "airPockets": []
  },
  "momentumCascade": {
    "cascadeDetected": false,
    "alignmentScore": -0.012050486547822582,
    "cascadeStrength": 0,
    "acceleratingTimeframes": [],
    "divergingTimeframes": [
      "1m",
      "5m",
      "15m",
      "1h"
    ]
  },
  "breakoutConfirmation": {
    "breakoutConfirmed": false,
    "volumeConfirmation": false,
    "retestStrength": 0,
    "falseBreakoutRisk": 0,
    "breakoutQuality": "NO_BREAKOUT"
  },
  "liquidityHeatmap": {
    "liquidityScore": 0,
    "magnetDirection": "NONE",
    "magnetStrength": 0,
    "priceTarget5pct": null,
    "message": "No order book data"
  },
  "smartMoneyDivergence": {
    "divergenceDetected": false,
    "divergenceDirection": "NONE",
    "smartMoneyScore": 0.5,
    "message": "Insufficient trade data"
  },
  "microstructure": {
    "raw": -0.020481844220641227,
    "pct": 50,
    "summary": {
      "latestBucketSignedZ": 0,
      "buySellRatio": 0.5,
      "tradesPerSec": 0,
      "vwap": 0,
      "aggressorVWAP": 0,
      "vpinToxicity": "UNKNOWN",
      "sweepDirection": "NEUTRAL",
      "absorptionSide": "NONE",
      "icebergDetected": false,
      "hawkesDirection": "NEUTRAL",
      "cascadeDetected": false,
      "vacuumSide": "NONE",
      "volatilityRegime": "BELOW_NORMAL",
      "volExpanding": false,
      "favorableTimeWindow": false,
      "temporalAnomaly": true,
      "consensusDirection": "NEUTRAL",
      "consensusStrength": 50,
      "dominantPattern": "NONE",
      "convictionLevel": "LOW",
      "riskAdjustment": "REDUCE",
      "timingQuality": "UNFAVORABLE",
      "deltaDirection": "NEUTRAL",
      "deltaDivergence": false,
      "institutionalRatio": 0,
      "volumeProfilePosition": "ABOVE_VALUE_AREA",
      "pointOfControl": 0,
      "momentumCascadeDetected": false,
      "cascadeStrength": 0,
      "breakoutQuality": "NO_BREAKOUT",
      "breakoutConfirmed": false,
      "magnetDirection": "NONE",
      "magnetStrength": 0,
      "priceTarget5pct": null,
      "nearestBidWall": 0,
      "nearestAskWall": 0,
      "divergenceDetected": false,
      "divergenceDirection": "NONE",
      "whaleAccumulation": false,
      "whaleDistribution": false,
      "retailPanic": false,
      "smartMoneyScore": 0.5
    }
  }
}

=== MICROSTRUCTURE ALERTS ===

🔬 VPIN: Insufficient data for VPIN analysis

🌊 SWEEP DETECTION: No significant sweeps detected

🧊 ABSORPTION & ICEBERG: No significant absorption or iceberg orders detected

⚡ ORDER ARRIVAL DYNAMICS: Insufficient trades for analysis

🌪️ LIQUIDITY VACUUM: No significant vacuum detected

📊 VOLATILITY REGIME DETECTION:
   Current Regime: BELOW_NORMAL
   Regime Score: -0.50 (-1=low vol, +1=extreme vol)
   Days in Regime: 6
   ATR: $0.285231 (avg: $0.276264)
   ATR Percentile: 42.1%
   Realized Volatility: 76.16% (annualized)
   Vol Percentile: 11.9%

   🟢 BELOW NORMAL VOLATILITY:
   ⚡ Consolidation phase - watch for expansion
   ✅ Good entry zone for patient trades

⏰ TEMPORAL PATTERN ANALYSIS:
   Current Time: Sunday 13:00 UTC
   Day Bias: NEUTRAL
   Current vs Avg Volume: 0x
   Current vs Avg Volatility: 0x

   ⏳ NON-FAVORABLE TIME WINDOW:
   This hour typically shows weaker activity
   Next favorable window in 11 hour(s)

   ⚠️ LOW ACTIVITY ANOMALY:
   Volume 0x below typical - Extremely quiet

   📉 LOW VOLATILITY ANOMALY:
   Volatility 0x below typical - Consolidation likely

   🔥 Best Trading Hours (UTC): 3:00, 0:00, 10:00

🎯 UNIFIED MICROSTRUCTURE INTEGRATION:
   Signal Consensus: NEUTRAL (50% agreement)
   Available Signals: 2 (1 bullish / 1 bearish / 0 neutral)
   Conviction Level: LOW (30%)
   Signal Quality: LOW
   Risk Adjustment: REDUCE
   Timing Quality: UNFAVORABLE

   ⚠️ LOW CONVICTION: Only 50% signal agreement
   Weak alignment - Reduce position size or wait for clarity

   ⚠️ RISK REDUCTION RECOMMENDED: Extreme volatility or unfavorable timing detected

   ⏰ UNFAVORABLE TIMING: Avoid trading during this hour

   Signal Directions Breakdown:
   • VPIN: NEUTRAL
   • Sweeps: NEUTRAL
   • Absorption: NEUTRAL
   • Arrival Dynamics: NEUTRAL
   • Liquidity Vacuum: NONE
   • Vol Regime: FAVORABLE
   • Temporal: UNFAVORABLE

   Adaptive Weights (Total: 4.1%):
   • VPIN: 0.0%
   • Sweeps: 0.0%
   • Absorption: 0.0%
   • Arrival: 0.0%
   • Vacuum: 0.0%
   • Vol Regime: 2.1%
   • Temporal: 2.0%


💹 DELTA ANALYSIS (Order Flow Aggression):
   Direction: NEUTRAL
   Delta Per Volume: 0.00%
   Institutional Ratio: 0.0%
   Aggression Score: 0.0%

📊 VOLUME PROFILE (Support/Resistance Strength):
   Point of Control (POC): $0.000000
   Value Area High: $0.000000
   Value Area Low: $0.000000
   Current Position: ABOVE_VALUE_AREA
   ⚠️ DISTRIBUTION RISK: Price above value area - potential rejection zone

⚡ MOMENTUM CASCADE (Multi-Timeframe Alignment):
   Cascade Detected: NO
   Alignment Score: -1.2%
   Cascade Strength: 0.0%
   Accelerating: None
   Diverging: 1m, 5m, 15m, 1h

💥 BREAKOUT CONFIRMATION:
   Quality: NO_BREAKOUT
   Volume Confirmation: NO
   Retest Strength: 0.0%
   False Breakout Risk: 0.0%
   No breakout detected - price below resistance


levels:
Entry=3.618748, StopLoss=3.5282793, TakeProfit=3.6577697999999996, 3.6967916, 3.7280090400000003

---

=== Token: CLANKER (CLANKER) ===
Contract: CLANKER-USD
Timestamp: 2025-09-16T12:15:00.000Z

Calculations:
{
  "momentumScore": 59.62146274199708,
  "volumeScore": 45,
  "patternScore": 30,
  "totalScore": 41.2608712592896,
  "finalScore": 41.2608712592896,
  "weights": "0.27,0.41,0.23",
  "hourlyUptrend": false,
  "rsi": 40.476190476189714,
  "ultraShortVolumeSurge": 1.6596267510673242,
  "baseVolumeSurge": 0.015897861103051095,
  "currentPrice": 39.3,
  "resistance": 39.56,
  "support": 39.13,
  "rocMin5": 0,
  "shortROC": -0.002538071065989884,
  "priceAcceleration": 0.0000016799862738157458,
  "buySellRatio": 0.737609992146658,
  "macdHistogram": 0.12480183727299982,
  "stochasticK": 49.33333333333299,
  "atr": 0.06499999999999925,
  "bbUpper": 40.45283816802492,
  "bbLower": 38.75216183197505,
  "hammerDetected": false,
  "engulfingDetected": false,
  "compressionSpring": {
    "detected": true,
    "confidence": 77,
    "signals": {
      "sidewaysPrice": true,
      "atrCompression": true,
      "bbSqueeze": true,
      "consolidationTime": true,
      "strongBuying": true,
      "obvPositive": false,
      "chaikinPositive": false,
      "rsiNeutral": false,
      "volumeBuilding": true
    },
    "metrics": {
      "priceRange": 1.44,
      "atrRatio": 0.133,
      "bbWidth": 4.29,
      "volumeRatio": 1.108,
      "signalCount": 6,
      "buySellRatio": 0.738
    }
  },
  "riskTier": "MEDIUM",
  "atrPercent": 0.501635768811341,
  "distanceToResistance": 0.6615776081425067,
  "slPercent": 3,
  "tpPercent": 0.5623409669211307,
  "trailingActivation": 0.3374045801526784,
  "shortMomentumScore": 15,
  "overboughtScore": 0,
  "shortPatternScore": 30,
  "shootingStarDetected": false,
  "bearishEngulfingDetected": true,
  "eveningStarDetected": false,
  "bearishPatternsCount": 1,
  "shortTotalScore": 13.5,
  "chaikin": -0.1698697928998931,
  "obvIncreasing": false,
  "obvTrend": "declining",
  "adx": 47.142857142856435,
  "recentCandles": {
    "redCount": 6,
    "greenCount": 4
  },
  "resistanceDistance": 0.6615776081425067,
  "multiplePatterns": false,
  "bullishPattern": false,
  "priceAboveVWAP": true,
  "breakingResistance": true,
  "atrSufficient": false,
  "macdDivergenceBearish": false,
  "rvolMin1": -0.16604043195362453,
  "rvolMin5": 0.055160027395916196,
  "atrPercentileOld": 0.012195121951219513,
  "vwapDeviation": 1.102021667307089,
  "bbWidthPercent": 4.294366103275974,
  "bbSqueeze": false,
  "multiTFMomentum": {
    "min1": {
      "roc1": 0.00025387154100020337,
      "roc3": 0
    },
    "min5": {
      "roc1": -0.002538071065989884,
      "roc3": 0.0005091649694500005
    },
    "min15": {
      "roc1": -0.0007614213197969832,
      "roc3": 0.0015263291783260027
    },
    "hourly": {
      "roc1": -0.0063613231552162855,
      "roc3": -0.0015341344924572303
    },
    "fourHour": {
      "roc1": -0.017610062893081833,
      "roc3": -0.0063613231552162855
    },
    "divergenceShortUpLongDown": true
  },
  "returnZMin5": -0.314217414230995,
  "wickClosePct": 0,
  "wickUpper": 0,
  "wickLower": 0,
  "wickRatio": 0,
  "donchianBreakout15": false,
  "bbWidthPercentile15": 0.15584415584415584,
  "signedMin5": -3916.1677999999997,
  "signedMin5Z": -15.324821766790068,
  "signedMin1": -900.0536000000003,
  "signedMin1Z": -17.452992599147862,
  "streakMin1": {
    "upStreak": 0,
    "downStreak": 0
  },
  "streakMin5": {
    "upStreak": 0,
    "downStreak": 1
  },
  "rvolPercentileMin1": 0.6347222222222222,
  "rvolPercentileMin5": 0.7951388888888888,
  "perTfMetrics": {
    "min1": {
      "sma20": 39.32399999999999,
      "sma50": 39.3344,
      "ema20": 39.338287141024125,
      "ema50": 39.3849521521694,
      "vwma20": 39.33518479599321,
      "hma21": 39.3330303030303,
      "atr14": 0.045714285714285756,
      "atrPercentile": 0.039778449144008056,
      "rvolZ": -0.16604043195362453,
      "rvolPercentile": 0.6347222222222222,
      "mfi14": 87.03354371292677,
      "ppo": {
        "ppo": 0.020006822152580057,
        "signal": -0.015680427008646323,
        "histogram": 0.035687249161226384
      },
      "stochRsi": {
        "k": 92.67399267399405,
        "d": 62.019698647605914
      },
      "vprofile": {
        "vpBins": [
          0.01057047428014018,
          0.009995752306358885,
          0.10978833543511107,
          0.05754636309767742,
          0.12873067060185608,
          0.006191329780241373,
          0.12816349897494406,
          0.019599249354944163,
          0.04389109597343402,
          0.02156569525067764,
          0.13315037837667723,
          0.04673523001372168,
          0.10218733548803152,
          0.00363260111898408,
          0.04484035369724615,
          0.018580235949019874,
          0.07682991499125677,
          0.02652072942064533,
          0.005713095797758087,
          0.005767660091274397
        ],
        "currentBinShare": 0.05754636309767742
      },
      "ttm": {
        "squeeze": false,
        "release": false,
        "widthPct": 0.47536655256019006
      }
    },
    "min5": {
      "sma20": 39.345499999999994,
      "sma50": 39.6894,
      "ema20": 39.36302074140555,
      "ema50": 39.57954323075877,
      "vwma20": 39.36239273287138,
      "hma21": 39.27619047619049,
      "atr14": 0.06499999999999925,
      "atrPercentile": 0.010948905109489052,
      "rvolZ": 0.055160027395916196,
      "rvolPercentile": 0.7951388888888888,
      "mfi14": 52.65653410688212,
      "ppo": {
        "ppo": -0.18743463278199857,
        "signal": -0.2600458392338223,
        "histogram": 0.07261120645182373
      },
      "stochRsi": {
        "k": 17.376583660986043,
        "d": 39.1792489353462
      },
      "vprofile": {
        "vpBins": [
          0.017351932844630897,
          0.02862058777764777,
          0.019787031901845054,
          0.00954719053925141,
          0.011182089069267383,
          0.09275351564290936,
          0.023031040824314064,
          0.004178492572899549,
          0.019989941776658936,
          0.10801359648043612,
          0.18387736543939934,
          0.03970947276818344,
          0.04243438744056805,
          0.13010754439328395,
          0.04585562077134641,
          0.047674318197790125,
          0.12148713363470239,
          0.019203346934888316,
          0.010898033654510825,
          0.024297357335466528
        ],
        "currentBinShare": 0.10801359648043612
      },
      "ttm": {
        "squeeze": false,
        "release": false,
        "widthPct": 0.6777797541670126
      }
    },
    "min15": {
      "sma20": 39.602499999999985,
      "sma50": 39.977799999999995,
      "ema20": 39.54791230132977,
      "ema50": 39.46710638946142,
      "vwma20": 39.723117771729974,
      "hma21": 38.95406926406926,
      "atr14": 0.197142857142857,
      "atrPercentile": 0.012195121951219513,
      "rvolZ": -0.2905607576813994,
      "rvolPercentile": 0.5208333333333334,
      "mfi14": 46.446265835214334,
      "ppo": {
        "ppo": -0.46410114623801485,
        "signal": -0.4356590253965562,
        "histogram": -0.02844212084145864
      },
      "stochRsi": {
        "k": 54.28544789695855,
        "d": 27.382782338647626
      },
      "vprofile": {
        "vpBins": [
          0.03954919216482059,
          0,
          0.08593213043966545,
          0.018513714552898724,
          0.014891287679748028,
          0.01491685394117591,
          0.054879972514206156,
          0.03244685040238713,
          0.005321920846700869,
          0.07616687176990838,
          0.08629960861146715,
          0.004852018752951414,
          0.15548099209066432,
          0.03861608384192136,
          0.12524484813950776,
          0.10614499558844256,
          0.07775752270906452,
          0.012751135089988245,
          0.015342016999316522,
          0.03489198386516496
        ],
        "currentBinShare": 0.15548099209066432
      },
      "ttm": {
        "squeeze": false,
        "release": false,
        "widthPct": 4.294366103275974
      }
    },
    "hourly": {
      "sma20": 39.16,
      "sma50": 37.597399999999986,
      "ema20": 39.00118524805562,
      "ema50": 38.2538164805898,
      "vwma20": 39.477579212698814,
      "hma21": 40.59034632034633,
      "atr14": 1.303571428571429,
      "atrPercentile": 0.937888198757764,
      "rvolZ": -0.18889577832803683,
      "rvolPercentile": 0.5773809523809523,
      "mfi14": 72.34321933528022,
      "ppo": {
        "ppo": 1.543830289303078,
        "signal": 1.8823333612762003,
        "histogram": -0.33850307197312235
      },
      "stochRsi": {
        "k": 4.2901637969251745,
        "d": 56.300070420872636
      },
      "vprofile": {
        "vpBins": [
          0.018388661996826667,
          0.05593720952108328,
          0.005487099340431825,
          0.08904714858027585,
          0.058214143865058555,
          0.05685810802238617,
          0.0970350543821228,
          0.07477099116400532,
          0.056284668443828456,
          0.0754188851876776,
          0.06128371492439966,
          0.024662729493241973,
          0.12539910966345774,
          0.06107769233655479,
          0.037635720068111056,
          0.0635667604681809,
          0.022106672203514473,
          0,
          0.016825630338842684,
          0
        ],
        "currentBinShare": 0.12539910966345774
      },
      "ttm": {
        "squeeze": false,
        "release": false,
        "widthPct": 11.2935657416136
      }
    },
    "fourHour": {
      "sma20": 37.842499999999994,
      "sma50": 37.623400000000004,
      "ema20": 38.052307189144834,
      "ema50": 37.79472230164081,
      "vwma20": 38.118255109513285,
      "hma21": 37.47891774891775,
      "atr14": 1.664285714285715,
      "atrPercentile": 0.7571428571428571,
      "rvolZ": -0.26217117323558675,
      "rvolPercentile": 0.5357142857142857,
      "mfi14": 60.941892617662816,
      "ppo": {
        "ppo": 0.8367201670166935,
        "signal": 0.05607039564834196,
        "histogram": 0.7806497713683516
      },
      "stochRsi": {
        "k": 81.11194914713131,
        "d": 59.19746869614124
      },
      "vprofile": {
        "vpBins": [
          0,
          0.059363631137461216,
          0.03866941384239477,
          0.09144572132623303,
          0.06747120569457075,
          0.08757951007500442,
          0.15396098780863557,
          0.03954400725285313,
          0.13451383498847827,
          0.041464762639243265,
          0.044358645970082856,
          0.09450045983847252,
          0.05378469317823516,
          0,
          0.031665583955451215,
          0,
          0.06167754229288379,
          0,
          0,
          0
        ],
        "currentBinShare": 0.09450045983847252
      },
      "ttm": {
        "squeeze": false,
        "release": false,
        "widthPct": 14.624825781711188
      }
    },
    "daily": {
      "sma20": 38.83800000000001,
      "sma50": 47.3182,
      "ema20": 40.12492111656224,
      "ema50": 43.26136990282649,
      "vwma20": 0,
      "hma21": 35.71311688311688,
      "atr14": 3.967857142857144,
      "atrPercentile": 0.09210526315789473,
      "rvolZ": 0,
      "rvolPercentile": 1,
      "mfi14": 50,
      "ppo": {
        "ppo": -6.741905594130507,
        "signal": -7.433976768711431,
        "histogram": 0.6920711745809243
      },
      "stochRsi": {
        "k": 79.0029179908817,
        "d": 44.14096422406298
      },
      "vprofile": {
        "vpBins": [
          0,
          0,
          0,
          0,
          0,
          0,
          0,
          0,
          0,
          0,
          0,
          0,
          0,
          0,
          0,
          0,
          0,
          0,
          0,
          0
        ],
        "currentBinShare": 0
      },
      "ttm": {
        "squeeze": false,
        "release": false,
        "widthPct": 28.14892831703011
      }
    }
  },
  "smaMin5": 39.345499999999994,
  "emaMin5": 39.36302074140555,
  "vwmaMin5": 39.36239273287138,
  "hmaMin5": 39.27619047619049,
  "keltner15": {
    "upper": 39.76691230132977,
    "middle": 39.54791230132977,
    "lower": 39.328912301329765
  },
  "superTrend15": {
    "isBull": true,
    "finalUpper": 39.778000000000006,
    "finalLower": 38.902
  },
  "mfi15": 46.446265835214334,
  "stochRsi15": {
    "k": 54.28544789695855,
    "d": 27.382782338647626
  },
  "ppo15": {
    "ppo": -0.46410114623801485,
    "signal": -0.4356590253965562,
    "histogram": -0.02844212084145864
  },
  "vpMin15": {
    "vpBins": [
      0.03954919216482059,
      0,
      0.08593213043966545,
      0.018513714552898724,
      0.014891287679748028,
      0.01491685394117591,
      0.054879972514206156,
      0.03244685040238713,
      0.005321920846700869,
      0.07616687176990838,
      0.08629960861146715,
      0.004852018752951414,
      0.15548099209066432,
      0.03861608384192136,
      0.12524484813950776,
      0.10614499558844256,
      0.07775752270906452,
      0.012751135089988245,
      0.015342016999316522,
      0.03489198386516496
    ],
    "currentBinShare": 0.15548099209066432
  },
  "ttm15": {
    "squeeze": false,
    "release": false,
    "widthPct": 4.294366103275974
  },
  "marketCorrelation": {
    "hourly": {
      "btcCorrelation": 0,
      "ethCorrelation": 0,
      "btcBeta": 1,
      "ethBeta": 1,
      "btcTrend": "UNKNOWN",
      "ethTrend": "UNKNOWN",
      "tokenVol": 0,
      "btcVol": 0,
      "ethVol": 0,
      "marketDependence": 0,
      "verdict": "INSUFFICIENT_DATA"
    },
    "min15": {
      "btcCorrelation": 0,
      "ethCorrelation": 0,
      "btcBeta": 1,
      "ethBeta": 1,
      "btcTrend": "UNKNOWN",
      "ethTrend": "UNKNOWN",
      "tokenVol": 0,
      "btcVol": 0,
      "ethVol": 0,
      "marketDependence": 0,
      "verdict": "INSUFFICIENT_DATA"
    },
    "daily": {
      "btcCorrelation": 0,
      "ethCorrelation": 0,
      "btcBeta": 1,
      "ethBeta": 1,
      "btcTrend": "UNKNOWN",
      "ethTrend": "UNKNOWN",
      "tokenVol": 0,
      "btcVol": 0,
      "ethVol": 0,
      "marketDependence": 0,
      "verdict": "INSUFFICIENT_DATA"
    }
  },
  "tradeTape": {
    "totalTrades": 0,
    "totalVolume": 0,
    "buysVolume": 0,
    "sellsVolume": 0,
    "buySellRatio": 0.5,
    "vwap": 0,
    "signedVolume": 0,
    "avgTradeSize": 0,
    "tradesPerSec": 0,
    "cumulativeDelta": 0,
    "tradesLast1m": 0,
    "tradesLast5m": 0,
    "tradesLast15m": 0,
    "tradesLast1h": 0,
    "buyVWAP": 0,
    "sellVWAP": 0,
    "aggressorVWAP": 0,
    "bucketDurationMs": 60000,
    "bucketCount": 15,
    "bucketSignedVolumes": [],
    "bucketVolumes": [],
    "bucketVWAPs": [],
    "latestBucketSignedZ": 0
  },
  "enhancedMetrics": {
    "relativeVolumeZScore": -1,
    "volumePercentile": 40,
    "atrPercentile": 1.4598540145985401,
    "volatilityPercentile": 86.70886075949366,
    "relativeVolatilityRatio": 1.140515539647941,
    "isHighVolume": false,
    "isHighVolatility": true,
    "isLowVolatility": false,
    "isExpandingVolatility": false,
    "isContractingVolatility": false
  },
  "orderBook": {
    "bidAskSpread": 0,
    "spreadPct": 0,
    "midPrice": 0,
    "bestBid": 0,
    "bestAsk": 0,
    "bidDepth": 0,
    "askDepth": 0,
    "orderBookImbalance": 0,
    "liquidityScore": 0,
    "depthAt1Pct": {
      "bidVolume": 0,
      "askVolume": 0,
      "imbalance": 0
    },
    "depthAt2Pct": {
      "bidVolume": 0,
      "askVolume": 0,
      "imbalance": 0
    },
    "depthAt5Pct": {
      "bidVolume": 0,
      "askVolume": 0,
      "imbalance": 0
    },
    "weightedMidPrice": 0,
    "volumeWeightedSpread": 0,
    "totalBidLevels": 0,
    "totalAskLevels": 0
  },
  "marketCap": {
    "marketCap": 0,
    "totalVolume24h": 0,
    "volumeToMarketCapRatio": 0,
    "marketCapRank": 0,
    "normalizedRank": 0,
    "isHighLiquidity": false,
    "isVeryHighLiquidity": false,
    "isLowLiquidity": true,
    "liquidityTier": "VERY_LOW"
  },
  "sweeps": {
    "sweepScore": 0,
    "sweepCount": 0,
    "sweepDirection": "NEUTRAL",
    "buySweeps": 0,
    "sellSweeps": 0,
    "avgSweepSize": 0,
    "avgSweepIntensity": 0,
    "bidLiftRatio": 0,
    "askLiftRatio": 0,
    "sweepFrequency": 0,
    "largestSweep": null,
    "recentSweepClusters": 0,
    "sweepDetails": []
  },
  "absorption": {
    "absorptionScore": 0,
    "absorptionLevel": null,
    "absorptionSide": "NONE",
    "icebergProbability": 0,
    "hiddenLiquidityEstimate": 0,
    "volumeAtPrice": {},
    "topAbsorptionLevels": [],
    "persistenceDuration": 0,
    "refillDetected": false
  },
  "orderArrival": {
    "avgInterArrivalTime": 0,
    "recentInterArrivalTime": 0,
    "accelerationRatio": 1,
    "hawkesIntensity": 0,
    "hawkesDirection": "NEUTRAL",
    "clusteringScore": 0,
    "burstCount": 0,
    "cascadeDetected": false,
    "timeToNextTrade": 0,
    "accelerationTrend": "STABLE"
  },
  "liquidityVacuum": {
    "vacuumScore": 0,
    "vacuumSide": "NONE",
    "bidVacuumSeverity": 0,
    "askVacuumSeverity": 0,
    "depthConcentration": 0,
    "priceImpact10k": 0,
    "priceImpact50k": 0,
    "priceImpact100k": 0,
    "largestGapBid": 0,
    "largestGapAsk": 0,
    "avgGapBid": 0,
    "avgGapAsk": 0,
    "bidCliffDistance": 0,
    "askCliffDistance": 0
  },
  "volatilityRegime": {
    "regime": "LOW",
    "regimeScore": -1,
    "currentATR": 3.66,
    "avgATR": 6.281333,
    "atrPercentile": 3.9,
    "realizedVolatility": 93.96,
    "volPercentile": 0,
    "expanding": false,
    "contracting": true,
    "transitionProbability": 0.4,
    "daysInRegime": 8,
    "regimeStrength": 1.8
  },
  "temporalPatterns": {
    "currentHour": 13,
    "currentDay": 0,
    "currentDayName": "Sunday",
    "dayBias": "NEUTRAL",
    "hourlyProfile": [
      {
        "avgVolume": 1066.24,
        "avgATR": 0.794286,
        "avgReturn": -0.821
      },
      {
        "avgVolume": 486.93,
        "avgATR": 0.552857,
        "avgReturn": 0.689
      },
      {
        "avgVolume": 624.71,
        "avgATR": 0.723571,
        "avgReturn": 1.004
      },
      {
        "avgVolume": 895.18,
        "avgATR": 0.834286,
        "avgReturn": -0.421
      },
      {
        "avgVolume": 1003.8,
        "avgATR": 0.866429,
        "avgReturn": -0.165
      },
      {
        "avgVolume": 962.85,
        "avgATR": 0.794286,
        "avgReturn": -0.305
      },
      {
        "avgVolume": 628.73,
        "avgATR": 0.623571,
        "avgReturn": 0.315
      },
      {
        "avgVolume": 443.95,
        "avgATR": 0.586429,
        "avgReturn": 0.013
      },
      {
        "avgVolume": 669.78,
        "avgATR": 0.825,
        "avgReturn": 0.055
      },
      {
        "avgVolume": 709.4,
        "avgATR": 0.665,
        "avgReturn": -0.188
      },
      {
        "avgVolume": 674.8,
        "avgATR": 0.518571,
        "avgReturn": -0.042
      },
      {
        "avgVolume": 407.59,
        "avgATR": 0.400714,
        "avgReturn": -0.034
      },
      {
        "avgVolume": 605.74,
        "avgATR": 0.649286,
        "avgReturn": -0.164
      },
      {
        "avgVolume": 533.24,
        "avgATR": 0.624615,
        "avgReturn": -0.005
      },
      {
        "avgVolume": 1304.75,
        "avgATR": 1.098571,
        "avgReturn": -0.114
      },
      {
        "avgVolume": 871.9,
        "avgATR": 0.749286,
        "avgReturn": -0.454
      },
      {
        "avgVolume": 822.53,
        "avgATR": 0.908571,
        "avgReturn": -0.647
      },
      {
        "avgVolume": 668.91,
        "avgATR": 0.585714,
        "avgReturn": -0.033
      },
      {
        "avgVolume": 526.89,
        "avgATR": 0.45,
        "avgReturn": 0.009
      },
      {
        "avgVolume": 521.61,
        "avgATR": 0.508571,
        "avgReturn": 0.073
      },
      {
        "avgVolume": 558.11,
        "avgATR": 0.591429,
        "avgReturn": -0.412
      },
      {
        "avgVolume": 394.53,
        "avgATR": 0.442857,
        "avgReturn": 0.306
      },
      {
        "avgVolume": 621.02,
        "avgATR": 0.456429,
        "avgReturn": 0.472
      },
      {
        "avgVolume": 872.95,
        "avgATR": 0.774286,
        "avgReturn": 0.964
      }
    ],
    "dailyProfile": [
      {
        "avgVolume": 242.33,
        "avgATR": 0.338333,
        "avgReturn": -0.099
      },
      {
        "avgVolume": 840.05,
        "avgATR": 0.659583,
        "avgReturn": 0.172
      },
      {
        "avgVolume": 1181.2,
        "avgATR": 0.980638,
        "avgReturn": -0.119
      },
      {
        "avgVolume": 746.07,
        "avgATR": 0.721667,
        "avgReturn": 0.1
      },
      {
        "avgVolume": 860.29,
        "avgATR": 0.773125,
        "avgReturn": -0.098
      },
      {
        "avgVolume": 564.2,
        "avgATR": 0.665417,
        "avgReturn": 0.176
      },
      {
        "avgVolume": 501.56,
        "avgATR": 0.5425,
        "avgReturn": -0.106
      }
    ],
    "favorableHours": [
      14,
      0,
      4,
      5,
      3,
      23
    ],
    "favorableWindow": false,
    "currentVsAvgVolume": 0,
    "currentVsAvgVolatility": 0,
    "anomalyDetected": true,
    "timeUntilFavorable": 1,
    "temporalScore": 0
  },
  "unifiedMicrostructure": {
    "signalDirections": {
      "vpin": "NEUTRAL",
      "sweeps": "NEUTRAL",
      "absorption": "NEUTRAL",
      "arrival": "NEUTRAL",
      "vacuum": "NONE",
      "volRegime": "FAVORABLE",
      "temporal": "UNFAVORABLE"
    },
    "consensusDirection": "NEUTRAL",
    "consensusStrength": 50,
    "bullishSignals": 1,
    "bearishSignals": 1,
    "neutralSignals": 0,
    "totalAvailableSignals": 2,
    "dominantPattern": "NONE",
    "clusters": {
      "strongBuyCluster": false,
      "distributionPattern": false,
      "accumulationPattern": false,
      "momentumCascade": false
    },
    "adaptiveWeights": {
      "vpin": 0,
      "sweeps": 0,
      "absorption": 0,
      "arrival": 0,
      "vacuum": 0,
      "volRegime": 0.021,
      "temporal": 0.02
    },
    "convictionLevel": "LOW",
    "convictionScore": 30,
    "riskAdjustment": "REDUCE",
    "timingQuality": "UNFAVORABLE",
    "signalQuality": "LOW"
  },
  "deltaAnalysis": {
    "currentDelta": 0,
    "cumulativeDelta": 0,
    "deltaPerVolume": 0,
    "deltaDirection": "NEUTRAL",
    "deltaDivergence": false,
    "institutionalRatio": 0,
    "aggressionScore": 0
  },
  "volumeProfile": {
    "pointOfControl": 0,
    "valueAreaHigh": 0,
    "valueAreaLow": 0,
    "currentPosition": "ABOVE_VALUE_AREA",
    "volumeNodes": [],
    "airPockets": []
  },
  "momentumCascade": {
    "cascadeDetected": false,
    "alignmentScore": -0.0026638905539597664,
    "cascadeStrength": 0,
    "acceleratingTimeframes": [
      "1m",
      "15m"
    ],
    "divergingTimeframes": [
      "5m",
      "1h"
    ]
  },
  "breakoutConfirmation": {
    "breakoutConfirmed": false,
    "volumeConfirmation": false,
    "retestStrength": 0,
    "falseBreakoutRisk": 0,
    "breakoutQuality": "NO_BREAKOUT"
  },
  "liquidityHeatmap": {
    "liquidityScore": 0,
    "magnetDirection": "NONE",
    "magnetStrength": 0,
    "priceTarget5pct": null,
    "message": "No order book data"
  },
  "smartMoneyDivergence": {
    "divergenceDetected": false,
    "divergenceDirection": "NONE",
    "smartMoneyScore": 0.5,
    "message": "Insufficient trade data"
  },
  "microstructure": {
    "raw": 0.01880763189503834,
    "pct": 50,
    "summary": {
      "latestBucketSignedZ": 0,
      "buySellRatio": 0.5,
      "tradesPerSec": 0,
      "vwap": 0,
      "aggressorVWAP": 0,
      "vpinToxicity": "UNKNOWN",
      "sweepDirection": "NEUTRAL",
      "absorptionSide": "NONE",
      "icebergDetected": false,
      "hawkesDirection": "NEUTRAL",
      "cascadeDetected": false,
      "vacuumSide": "NONE",
      "volatilityRegime": "LOW",
      "volExpanding": false,
      "favorableTimeWindow": false,
      "temporalAnomaly": true,
      "consensusDirection": "NEUTRAL",
      "consensusStrength": 50,
      "dominantPattern": "NONE",
      "convictionLevel": "LOW",
      "riskAdjustment": "REDUCE",
      "timingQuality": "UNFAVORABLE",
      "deltaDirection": "NEUTRAL",
      "deltaDivergence": false,
      "institutionalRatio": 0,
      "volumeProfilePosition": "ABOVE_VALUE_AREA",
      "pointOfControl": 0,
      "momentumCascadeDetected": false,
      "cascadeStrength": 0,
      "breakoutQuality": "NO_BREAKOUT",
      "breakoutConfirmed": false,
      "magnetDirection": "NONE",
      "magnetStrength": 0,
      "priceTarget5pct": null,
      "nearestBidWall": 0,
      "nearestAskWall": 0,
      "divergenceDetected": false,
      "divergenceDirection": "NONE",
      "whaleAccumulation": false,
      "whaleDistribution": false,
      "retailPanic": false,
      "smartMoneyScore": 0.5
    }
  }
}

=== MICROSTRUCTURE ALERTS ===

🔬 VPIN: Insufficient data for VPIN analysis

🌊 SWEEP DETECTION: No significant sweeps detected

🧊 ABSORPTION & ICEBERG: No significant absorption or iceberg orders detected

⚡ ORDER ARRIVAL DYNAMICS: Insufficient trades for analysis

🌪️ LIQUIDITY VACUUM: No significant vacuum detected

📊 VOLATILITY REGIME DETECTION:
   Current Regime: LOW
   Regime Score: -1.00 (-1=low vol, +1=extreme vol)
   Days in Regime: 8
   ATR: $3.660000 (avg: $6.281333)
   ATR Percentile: 3.9%
   Realized Volatility: 93.96% (annualized)
   Vol Percentile: 0.0%

   🔵 LOW VOLATILITY REGIME:
   ✅ Ideal for breakout setups - price coiling
   ✅ Tight stops recommended
   ✅ Can increase position size (lower risk)

   📉 VOLATILITY CONTRACTING:
   🔄 Consolidation phase - accumulation likely
   ⏳ Wait for expansion before entering

   📍 MODERATE REGIME TRANSITION PROBABILITY: 40%
   Monitor for potential regime change

   ✅ STABLE REGIME: 8 days - predictable conditions

⏰ TEMPORAL PATTERN ANALYSIS:
   Current Time: Sunday 13:00 UTC
   Day Bias: NEUTRAL
   Current vs Avg Volume: 0x
   Current vs Avg Volatility: 0x

   ⏳ NON-FAVORABLE TIME WINDOW:
   This hour typically shows weaker activity
   Next favorable window in 1 hour(s)

   ⚠️ LOW ACTIVITY ANOMALY:
   Volume 0x below typical - Extremely quiet

   📉 LOW VOLATILITY ANOMALY:
   Volatility 0x below typical - Consolidation likely

   🔥 Best Trading Hours (UTC): 14:00, 0:00, 4:00

🎯 UNIFIED MICROSTRUCTURE INTEGRATION:
   Signal Consensus: NEUTRAL (50% agreement)
   Available Signals: 2 (1 bullish / 1 bearish / 0 neutral)
   Conviction Level: LOW (30%)
   Signal Quality: LOW
   Risk Adjustment: REDUCE
   Timing Quality: UNFAVORABLE

   ⚠️ LOW CONVICTION: Only 50% signal agreement
   Weak alignment - Reduce position size or wait for clarity

   ⚠️ RISK REDUCTION RECOMMENDED: Extreme volatility or unfavorable timing detected

   ⏰ UNFAVORABLE TIMING: Avoid trading during this hour

   Signal Directions Breakdown:
   • VPIN: NEUTRAL
   • Sweeps: NEUTRAL
   • Absorption: NEUTRAL
   • Arrival Dynamics: NEUTRAL
   • Liquidity Vacuum: NONE
   • Vol Regime: FAVORABLE
   • Temporal: UNFAVORABLE

   Adaptive Weights (Total: 4.1%):
   • VPIN: 0.0%
   • Sweeps: 0.0%
   • Absorption: 0.0%
   • Arrival: 0.0%
   • Vacuum: 0.0%
   • Vol Regime: 2.1%
   • Temporal: 2.0%


💹 DELTA ANALYSIS (Order Flow Aggression):
   Direction: NEUTRAL
   Delta Per Volume: 0.00%
   Institutional Ratio: 0.0%
   Aggression Score: 0.0%

📊 VOLUME PROFILE (Support/Resistance Strength):
   Point of Control (POC): $0.000000
   Value Area High: $0.000000
   Value Area Low: $0.000000
   Current Position: ABOVE_VALUE_AREA
   ⚠️ DISTRIBUTION RISK: Price above value area - potential rejection zone

⚡ MOMENTUM CASCADE (Multi-Timeframe Alignment):
   Cascade Detected: NO
   Alignment Score: -0.3%
   Cascade Strength: 0.0%
   Accelerating: 1m, 15m
   Diverging: 5m, 1h

💥 BREAKOUT CONFIRMATION:
   Quality: NO_BREAKOUT
   Volume Confirmation: NO
   Retest Strength: 0.0%
   False Breakout Risk: 0.0%
   No breakout detected - price below resistance


levels:
Entry=39.221399999999996, StopLoss=38.044757999999995, TakeProfit=39.331679, 39.441958, 39.5301812

---

=== Token: SQD (SQD) ===
Contract: SQD-USD
Timestamp: 2025-09-16T12:15:00.000Z

Calculations:
{
  "momentumScore": 101.6346433383419,
  "volumeScore": 18.77766490352746,
  "patternScore": 70.23868989743188,
  "totalScore": 46.91919010674678,
  "finalScore": 46.91919010674678,
  "weights": "0.23,0.45,0.23",
  "hourlyUptrend": false,
  "rsi": 74.19354838709666,
  "ultraShortVolumeSurge": 4.314959884768737,
  "baseVolumeSurge": 0.0198571659513153,
  "currentPrice": 0.0814,
  "resistance": 0.0816,
  "support": 0.0798,
  "rocMin5": 0.007425742574257467,
  "shortROC": 0.006180469715698398,
  "priceAcceleration": 0.001854523369518668,
  "buySellRatio": 0.6026553546742661,
  "macdHistogram": 0.00010386649881024648,
  "stochasticK": 51.99999999999978,
  "atr": 0.0003142857142857163,
  "bbUpper": 0.08126919277692642,
  "bbLower": 0.0793808072230736,
  "hammerDetected": false,
  "engulfingDetected": false,
  "compressionSpring": {
    "detected": true,
    "confidence": 54,
    "signals": {
      "sidewaysPrice": true,
      "atrCompression": true,
      "bbSqueeze": true,
      "consolidationTime": true,
      "strongBuying": false,
      "obvPositive": false,
      "chaikinPositive": false,
      "rsiNeutral": false,
      "volumeBuilding": false
    },
    "metrics": {
      "priceRange": 3.02,
      "atrRatio": 0.677,
      "bbWidth": 2.35,
      "volumeRatio": 0.668,
      "signalCount": 4,
      "buySellRatio": 0.603
    }
  },
  "riskTier": "MEDIUM",
  "atrPercent": 0.798525798525802,
  "distanceToResistance": 0.24570024570025273,
  "slPercent": 3,
  "tpPercent": 0.20884520884521482,
  "trailingActivation": 0.1253071253071289,
  "shortMomentumScore": 0,
  "overboughtScore": 0.3256949220630789,
  "shortPatternScore": 0,
  "shootingStarDetected": false,
  "bearishEngulfingDetected": false,
  "eveningStarDetected": false,
  "bearishPatternsCount": 0,
  "shortTotalScore": 0.1139932227220776,
  "chaikin": -0.08080219408802207,
  "obvIncreasing": false,
  "obvTrend": "declining",
  "adx": 60.869565217390964,
  "recentCandles": {
    "redCount": 2,
    "greenCount": 8
  },
  "resistanceDistance": 0.24570024570025273,
  "multiplePatterns": false,
  "bullishPattern": false,
  "priceAboveVWAP": true,
  "breakingResistance": true,
  "atrSufficient": false,
  "macdDivergenceBearish": false,
  "rvolMin1": 0.07627178672798242,
  "rvolMin5": 0.1822341107052121,
  "atrPercentileOld": 0.7682926829268293,
  "vwapDeviation": -0.23745736655089142,
  "bbWidthPercent": 2.3509312839748735,
  "bbSqueeze": true,
  "multiTFMomentum": {
    "min1": {
      "roc1": 0.0049443757725586845,
      "roc3": 0.009937888198757704
    },
    "min5": {
      "roc1": 0.006180469715698398,
      "roc3": 0.007425742574257467
    },
    "min15": {
      "roc1": -0.001236093943139714,
      "roc3": 0.0024813895781636707
    },
    "hourly": {
      "roc1": 0,
      "roc3": -0.007371007371007412
    },
    "fourHour": {
      "roc1": 0.011264080100125131,
      "roc3": -0.006150061500615012
    },
    "divergenceShortUpLongDown": false
  },
  "returnZMin5": 1.4206741737894502,
  "wickClosePct": 1,
  "wickUpper": 0,
  "wickLower": 0.00010000000000000286,
  "wickRatio": 0.25000000000000866,
  "donchianBreakout15": false,
  "bbWidthPercentile15": 0.4935064935064935,
  "signedMin5": 290258.5999999998,
  "signedMin5Z": 4.971519759648463,
  "signedMin1": 87824.69999999992,
  "signedMin1Z": 1.5532163314015572,
  "streakMin1": {
    "upStreak": 1,
    "downStreak": 0
  },
  "streakMin5": {
    "upStreak": 1,
    "downStreak": 0
  },
  "rvolPercentileMin1": 0.7847222222222222,
  "rvolPercentileMin5": 0.8090277777777778,
  "perTfMetrics": {
    "min1": {
      "sma20": 0.08052499999999999,
      "sma50": 0.08068799999999998,
      "ema20": 0.08069676832382341,
      "ema50": 0.08058448830626176,
      "vwma20": 0.08076662443283307,
      "hma21": 0.08097748917748918,
      "atr14": 0.00023571428571428653,
      "atrPercentile": 0.14249748237663645,
      "rvolZ": 0.07627178672798242,
      "rvolPercentile": 0.7847222222222222,
      "mfi14": 92.62752115163876,
      "ppo": {
        "ppo": 0.11656165105033985,
        "signal": 0.014597118223686659,
        "histogram": 0.10196453282665319
      },
      "stochRsi": {
        "k": 88.96321070234166,
        "d": 66.3043478260869
      },
      "vprofile": {
        "vpBins": [
          0,
          0.030955823874765614,
          0.04295813650457476,
          0.00816185936957705,
          0.01638123344323184,
          0.18345095195945701,
          0.10024840648223989,
          0.09637582896236108,
          0.021840099774543948,
          0.04392111169109946,
          0.021730100922461387,
          0.03859945674747694,
          0.10971381364554575,
          0.11989522341967061,
          0.011474738012996897,
          0.13258129556861878,
          0.010112249530791716,
          0.0054512610811861244,
          0.003226566976625502,
          0.0029218420327756177
        ],
        "currentBinShare": 0.13258129556861878
      },
      "ttm": {
        "squeeze": false,
        "release": true,
        "widthPct": 1.6009758330439823
      }
    },
    "min5": {
      "sma20": 0.08066,
      "sma50": 0.08023200000000001,
      "ema20": 0.08065729564864225,
      "ema50": 0.08047070052898281,
      "vwma20": 0.08087153109298842,
      "hma21": 0.0806138528138528,
      "atr14": 0.0003142857142857163,
      "atrPercentile": 0.28832116788321166,
      "rvolZ": 0.1822341107052121,
      "rvolPercentile": 0.8090277777777778,
      "mfi14": 80.89848764941374,
      "ppo": {
        "ppo": 0.21121342596565032,
        "signal": 0.14118824972548058,
        "histogram": 0.07002517624016974
      },
      "stochRsi": {
        "k": 100,
        "d": 55.47731354182963
      },
      "vprofile": {
        "vpBins": [
          0.028579830868775694,
          0.02900687402780142,
          0.14725770078456626,
          0.11272521190924048,
          0.0654177901697585,
          0.12352823206782586,
          0.12870092252761006,
          0.1055526630841974,
          0.0635154858710976,
          0.0651310332923944,
          0.021360202209399666,
          0,
          0.00855678895163462,
          0,
          0.00337547300121459,
          0.0212334237715639,
          0.030999269367469752,
          0.03238478820561105,
          0.010883625484823484,
          0.0017906844050152835
        ],
        "currentBinShare": 0.1055526630841974
      },
      "ttm": {
        "squeeze": false,
        "release": false,
        "widthPct": 1.903927976241269
      }
    },
    "min15": {
      "sma20": 0.08032500000000001,
      "sma50": 0.080444,
      "ema20": 0.08043691500149751,
      "ema50": 0.0805522896818108,
      "vwma20": 0.08070718344073662,
      "hma21": 0.08101861471861467,
      "atr14": 0.0006500000000000028,
      "atrPercentile": 0.7682926829268293,
      "rvolZ": 0.18275671739179858,
      "rvolPercentile": 0.8125,
      "mfi14": 65.14352645290687,
      "ppo": {
        "ppo": 0.16625199289370807,
        "signal": 0.05891145859171691,
        "histogram": 0.10734053430199116
      },
      "stochRsi": {
        "k": 67.80303030303023,
        "d": 59.21409214092139
      },
      "vprofile": {
        "vpBins": [
          0.008369793040311995,
          0.06056692025276879,
          0.14516988323807997,
          0.043282259076132645,
          0.03413183191908327,
          0.19960814838603233,
          0.14482456086548368,
          0.1720962188147458,
          0.08874988635881667,
          0,
          0.0022773941796626913,
          0.023564616832715612,
          0,
          0,
          0,
          0,
          0.005854092795950592,
          0.02807647078924871,
          0.04342792345096737,
          0
        ],
        "currentBinShare": 0.14482456086548368
      },
      "ttm": {
        "squeeze": false,
        "release": false,
        "widthPct": 2.3509312839748735
      }
    },
    "hourly": {
      "sma20": 0.080725,
      "sma50": 0.08450800000000001,
      "ema20": 0.0812029743206545,
      "ema50": 0.08362631030571077,
      "vwma20": 0.08039434028234678,
      "hma21": 0.08008658008658008,
      "atr14": 0.0011500000000000021,
      "atrPercentile": 0.4782608695652174,
      "rvolZ": -0.25638116900512636,
      "rvolPercentile": 0.5535714285714286,
      "mfi14": 41.76235087018421,
      "ppo": {
        "ppo": -1.328996490040839,
        "signal": -1.7197557618699784,
        "histogram": 0.3907592718291393
      },
      "stochRsi": {
        "k": 71.51394422310754,
        "d": 46.07843137254898
      },
      "vprofile": {
        "vpBins": [
          0.0005731164985520029,
          0.05063176620605233,
          0.08161679130764311,
          0.07727917617010126,
          0.04291886786936722,
          0.0742436206707694,
          0.018392747631099375,
          0.009575693230505496,
          0.01346478954996695,
          0.03371717076244619,
          0.023917669134552216,
          0.060619746703225404,
          0.10453723391000065,
          0.13769407219647284,
          0.12733826419661767,
          0.0794922641136079,
          0.06398700984901982,
          0,
          0,
          0
        ],
        "currentBinShare": 0.07727917617010126
      },
      "ttm": {
        "squeeze": false,
        "release": false,
        "widthPct": 2.8759830947646687
      }
    },
    "fourHour": {
      "sma20": 0.08773500000000001,
      "sma50": 0.083576,
      "ema20": 0.084138011861376,
      "ema50": 0.08366909793875056,
      "vwma20": 0.09268863196979756,
      "hma21": 0.07882943722943721,
      "atr14": 0.003678571428571429,
      "atrPercentile": 0.7428571428571429,
      "rvolZ": -0.08346330682265689,
      "rvolPercentile": 0.75,
      "mfi14": 33.81906507578867,
      "ppo": {
        "ppo": -1.3816656561240648,
        "signal": 0.06838593946842197,
        "histogram": -1.4500515955924866
      },
      "stochRsi": {
        "k": 18.713904807477068,
        "d": 29.34743638555747
      },
      "vprofile": {
        "vpBins": [
          0.00575811074880045,
          0.07062467900863302,
          0.07347814522553407,
          0.1341419122385522,
          0.06832238335993757,
          0.07412586640912383,
          0.052313074246522345,
          0.021958433434480493,
          0.020484200546262283,
          0,
          0.035618357731439655,
          0.018251259811493937,
          0,
          0.03965104940867908,
          0.2887247338534717,
          0.09654779397706915,
          0,
          0,
          0,
          0
        ],
        "currentBinShare": 0.06832238335993757
      },
      "ttm": {
        "squeeze": false,
        "release": false,
        "widthPct": 26.890016819191366
      }
    },
    "daily": {
      "sma20": 0.08354500000000001,
      "sma50": 0.11844000000000006,
      "ema20": 0.08861433367712764,
      "ema50": 0.10938374689009839,
      "vwma20": 0,
      "hma21": 0.0801121212121212,
      "atr14": 0.007450000000000001,
      "atrPercentile": 0.11842105263157894,
      "rvolZ": 0,
      "rvolPercentile": 1,
      "mfi14": 50,
      "ppo": {
        "ppo": -9.654386023002354,
        "signal": -11.62035556867218,
        "histogram": 1.9659695456698252
      },
      "stochRsi": {
        "k": 82.90828410567879,
        "d": 47.8762719116707
      },
      "vprofile": {
        "vpBins": [
          0,
          0,
          0,
          0,
          0,
          0,
          0,
          0,
          0,
          0,
          0,
          0,
          0,
          0,
          0,
          0,
          0,
          0,
          0,
          0
        ],
        "currentBinShare": 0
      },
      "ttm": {
        "squeeze": false,
        "release": false,
        "widthPct": 25.88201150091564
      }
    }
  },
  "smaMin5": 0.08066,
  "emaMin5": 0.08065729564864225,
  "vwmaMin5": 0.08087153109298842,
  "hmaMin5": 0.0806138528138528,
  "keltner15": {
    "upper": 0.08132191500149752,
    "middle": 0.08043691500149751,
    "lower": 0.0795519150014975
  },
  "superTrend15": {
    "isBull": false,
    "finalUpper": 0.08287000000000001,
    "finalLower": 0.07933
  },
  "mfi15": 65.14352645290687,
  "stochRsi15": {
    "k": 67.80303030303023,
    "d": 59.21409214092139
  },
  "ppo15": {
    "ppo": 0.16625199289370807,
    "signal": 0.05891145859171691,
    "histogram": 0.10734053430199116
  },
  "vpMin15": {
    "vpBins": [
      0.008369793040311995,
      0.06056692025276879,
      0.14516988323807997,
      0.043282259076132645,
      0.03413183191908327,
      0.19960814838603233,
      0.14482456086548368,
      0.1720962188147458,
      0.08874988635881667,
      0,
      0.0022773941796626913,
      0.023564616832715612,
      0,
      0,
      0,
      0,
      0.005854092795950592,
      0.02807647078924871,
      0.04342792345096737,
      0
    ],
    "currentBinShare": 0.14482456086548368
  },
  "ttm15": {
    "squeeze": false,
    "release": false,
    "widthPct": 2.3509312839748735
  },
  "marketCorrelation": {
    "hourly": {
      "btcCorrelation": 0,
      "ethCorrelation": 0,
      "btcBeta": 1,
      "ethBeta": 1,
      "btcTrend": "UNKNOWN",
      "ethTrend": "UNKNOWN",
      "tokenVol": 0,
      "btcVol": 0,
      "ethVol": 0,
      "marketDependence": 0,
      "verdict": "INSUFFICIENT_DATA"
    },
    "min15": {
      "btcCorrelation": 0,
      "ethCorrelation": 0,
      "btcBeta": 1,
      "ethBeta": 1,
      "btcTrend": "UNKNOWN",
      "ethTrend": "UNKNOWN",
      "tokenVol": 0,
      "btcVol": 0,
      "ethVol": 0,
      "marketDependence": 0,
      "verdict": "INSUFFICIENT_DATA"
    },
    "daily": {
      "btcCorrelation": 0,
      "ethCorrelation": 0,
      "btcBeta": 1,
      "ethBeta": 1,
      "btcTrend": "UNKNOWN",
      "ethTrend": "UNKNOWN",
      "tokenVol": 0,
      "btcVol": 0,
      "ethVol": 0,
      "marketDependence": 0,
      "verdict": "INSUFFICIENT_DATA"
    }
  },
  "tradeTape": {
    "totalTrades": 0,
    "totalVolume": 0,
    "buysVolume": 0,
    "sellsVolume": 0,
    "buySellRatio": 0.5,
    "vwap": 0,
    "signedVolume": 0,
    "avgTradeSize": 0,
    "tradesPerSec": 0,
    "cumulativeDelta": 0,
    "tradesLast1m": 0,
    "tradesLast5m": 0,
    "tradesLast15m": 0,
    "tradesLast1h": 0,
    "buyVWAP": 0,
    "sellVWAP": 0,
    "aggressorVWAP": 0,
    "bucketDurationMs": 60000,
    "bucketCount": 15,
    "bucketSignedVolumes": [],
    "bucketVolumes": [],
    "bucketVWAPs": [],
    "latestBucketSignedZ": 0
  },
  "enhancedMetrics": {
    "relativeVolumeZScore": -1,
    "volumePercentile": 40,
    "atrPercentile": 26.642335766423358,
    "volatilityPercentile": 26.89873417721519,
    "relativeVolatilityRatio": 0.6320719455923032,
    "isHighVolume": false,
    "isHighVolatility": false,
    "isLowVolatility": false,
    "isExpandingVolatility": false,
    "isContractingVolatility": true
  },
  "orderBook": {
    "bidAskSpread": 0,
    "spreadPct": 0,
    "midPrice": 0,
    "bestBid": 0,
    "bestAsk": 0,
    "bidDepth": 0,
    "askDepth": 0,
    "orderBookImbalance": 0,
    "liquidityScore": 0,
    "depthAt1Pct": {
      "bidVolume": 0,
      "askVolume": 0,
      "imbalance": 0
    },
    "depthAt2Pct": {
      "bidVolume": 0,
      "askVolume": 0,
      "imbalance": 0
    },
    "depthAt5Pct": {
      "bidVolume": 0,
      "askVolume": 0,
      "imbalance": 0
    },
    "weightedMidPrice": 0,
    "volumeWeightedSpread": 0,
    "totalBidLevels": 0,
    "totalAskLevels": 0
  },
  "marketCap": {
    "marketCap": 0,
    "totalVolume24h": 0,
    "volumeToMarketCapRatio": 0,
    "marketCapRank": 0,
    "normalizedRank": 0,
    "isHighLiquidity": false,
    "isVeryHighLiquidity": false,
    "isLowLiquidity": true,
    "liquidityTier": "VERY_LOW"
  },
  "sweeps": {
    "sweepScore": 0,
    "sweepCount": 0,
    "sweepDirection": "NEUTRAL",
    "buySweeps": 0,
    "sellSweeps": 0,
    "avgSweepSize": 0,
    "avgSweepIntensity": 0,
    "bidLiftRatio": 0,
    "askLiftRatio": 0,
    "sweepFrequency": 0,
    "largestSweep": null,
    "recentSweepClusters": 0,
    "sweepDetails": []
  },
  "absorption": {
    "absorptionScore": 0,
    "absorptionLevel": null,
    "absorptionSide": "NONE",
    "icebergProbability": 0,
    "hiddenLiquidityEstimate": 0,
    "volumeAtPrice": {},
    "topAbsorptionLevels": [],
    "persistenceDuration": 0,
    "refillDetected": false
  },
  "orderArrival": {
    "avgInterArrivalTime": 0,
    "recentInterArrivalTime": 0,
    "accelerationRatio": 1,
    "hawkesIntensity": 0,
    "hawkesDirection": "NEUTRAL",
    "clusteringScore": 0,
    "burstCount": 0,
    "cascadeDetected": false,
    "timeToNextTrade": 0,
    "accelerationTrend": "STABLE"
  },
  "liquidityVacuum": {
    "vacuumScore": 0,
    "vacuumSide": "NONE",
    "bidVacuumSeverity": 0,
    "askVacuumSeverity": 0,
    "depthConcentration": 0,
    "priceImpact10k": 0,
    "priceImpact50k": 0,
    "priceImpact100k": 0,
    "largestGapBid": 0,
    "largestGapAsk": 0,
    "avgGapBid": 0,
    "avgGapAsk": 0,
    "bidCliffDistance": 0,
    "askCliffDistance": 0
  },
  "volatilityRegime": {
    "regime": "BELOW_NORMAL",
    "regimeScore": -0.5,
    "currentATR": 0.0078,
    "avgATR": 0.009124,
    "atrPercentile": 15.8,
    "realizedVolatility": 88.91,
    "volPercentile": 30.5,
    "expanding": false,
    "contracting": true,
    "transitionProbability": 0.7,
    "daysInRegime": 1,
    "regimeStrength": 0.31
  },
  "temporalPatterns": {
    "currentHour": 13,
    "currentDay": 0,
    "currentDayName": "Sunday",
    "dayBias": "NEUTRAL",
    "hourlyProfile": [
      {
        "avgVolume": 294843.36,
        "avgATR": 0.001579,
        "avgReturn": -0.089
      },
      {
        "avgVolume": 213531.34,
        "avgATR": 0.0012,
        "avgReturn": 0.104
      },
      {
        "avgVolume": 184491.05,
        "avgATR": 0.001279,
        "avgReturn": -0.077
      },
      {
        "avgVolume": 106854.79,
        "avgATR": 0.001143,
        "avgReturn": 0.144
      },
      {
        "avgVolume": 183400.14,
        "avgATR": 0.00115,
        "avgReturn": -0.129
      },
      {
        "avgVolume": 111014.07,
        "avgATR": 0.001464,
        "avgReturn": 0.312
      },
      {
        "avgVolume": 501128.09,
        "avgATR": 0.002107,
        "avgReturn": 0.764
      },
      {
        "avgVolume": 322740.11,
        "avgATR": 0.001714,
        "avgReturn": 0.014
      },
      {
        "avgVolume": 241336.85,
        "avgATR": 0.001608,
        "avgReturn": -0.041
      },
      {
        "avgVolume": 356856.37,
        "avgATR": 0.001743,
        "avgReturn": 0.02
      },
      {
        "avgVolume": 150118.71,
        "avgATR": 0.001279,
        "avgReturn": 0.267
      },
      {
        "avgVolume": 197880.51,
        "avgATR": 0.00142,
        "avgReturn": -0.168
      },
      {
        "avgVolume": 261819.77,
        "avgATR": 0.001979,
        "avgReturn": -0.246
      },
      {
        "avgVolume": 274087.03,
        "avgATR": 0.001386,
        "avgReturn": -0.176
      },
      {
        "avgVolume": 312618.11,
        "avgATR": 0.0018,
        "avgReturn": -0.747
      },
      {
        "avgVolume": 237721.6,
        "avgATR": 0.001379,
        "avgReturn": -0.372
      },
      {
        "avgVolume": 240712.52,
        "avgATR": 0.001421,
        "avgReturn": 0.16
      },
      {
        "avgVolume": 244701.07,
        "avgATR": 0.001414,
        "avgReturn": 0.018
      },
      {
        "avgVolume": 197961.27,
        "avgATR": 0.000993,
        "avgReturn": -0.393
      },
      {
        "avgVolume": 114106.64,
        "avgATR": 0.001054,
        "avgReturn": 0.07
      },
      {
        "avgVolume": 133720.98,
        "avgATR": 0.001021,
        "avgReturn": 0.458
      },
      {
        "avgVolume": 190568.76,
        "avgATR": 0.001371,
        "avgReturn": 0.347
      },
      {
        "avgVolume": 276483.61,
        "avgATR": 0.001243,
        "avgReturn": 0.36
      },
      {
        "avgVolume": 127105.29,
        "avgATR": 0.001336,
        "avgReturn": -0.427
      }
    ],
    "dailyProfile": [
      {
        "avgVolume": 262466.61,
        "avgATR": 0.001706,
        "avgReturn": -0.075
      },
      {
        "avgVolume": 225240.1,
        "avgATR": 0.001613,
        "avgReturn": -0.061
      },
      {
        "avgVolume": 164548.13,
        "avgATR": 0.001264,
        "avgReturn": -0.099
      },
      {
        "avgVolume": 83500.52,
        "avgATR": 0.001046,
        "avgReturn": 0.013
      },
      {
        "avgVolume": 67347.73,
        "avgATR": 0.000887,
        "avgReturn": -0.076
      },
      {
        "avgVolume": 134420.51,
        "avgATR": 0.00102,
        "avgReturn": 0.019
      },
      {
        "avgVolume": 656450.53,
        "avgATR": 0.002387,
        "avgReturn": 0.329
      }
    ],
    "favorableHours": [
      6,
      9,
      7,
      14,
      0,
      22
    ],
    "favorableWindow": false,
    "currentVsAvgVolume": 0,
    "currentVsAvgVolatility": 0,
    "anomalyDetected": true,
    "timeUntilFavorable": 1,
    "temporalScore": 0
  },
  "unifiedMicrostructure": {
    "signalDirections": {
      "vpin": "NEUTRAL",
      "sweeps": "NEUTRAL",
      "absorption": "NEUTRAL",
      "arrival": "NEUTRAL",
      "vacuum": "NONE",
      "volRegime": "FAVORABLE",
      "temporal": "UNFAVORABLE"
    },
    "consensusDirection": "NEUTRAL",
    "consensusStrength": 50,
    "bullishSignals": 1,
    "bearishSignals": 1,
    "neutralSignals": 0,
    "totalAvailableSignals": 2,
    "dominantPattern": "NONE",
    "clusters": {
      "strongBuyCluster": false,
      "distributionPattern": false,
      "accumulationPattern": false,
      "momentumCascade": false
    },
    "adaptiveWeights": {
      "vpin": 0,
      "sweeps": 0,
      "absorption": 0,
      "arrival": 0,
      "vacuum": 0,
      "volRegime": 0.021,
      "temporal": 0.02
    },
    "convictionLevel": "LOW",
    "convictionScore": 30,
    "riskAdjustment": "REDUCE",
    "timingQuality": "UNFAVORABLE",
    "signalQuality": "LOW"
  },
  "deltaAnalysis": {
    "currentDelta": 0,
    "cumulativeDelta": 0,
    "deltaPerVolume": 0,
    "deltaDirection": "NEUTRAL",
    "deltaDivergence": false,
    "institutionalRatio": 0,
    "aggressionScore": 0
  },
  "volumeProfile": {
    "pointOfControl": 0,
    "valueAreaHigh": 0,
    "valueAreaLow": 0,
    "currentPosition": "ABOVE_VALUE_AREA",
    "volumeNodes": [],
    "airPockets": []
  },
  "momentumCascade": {
    "cascadeDetected": true,
    "alignmentScore": 0.006647329098496493,
    "cascadeStrength": 0.03323664549248247,
    "acceleratingTimeframes": [
      "1m",
      "5m",
      "15m",
      "1h"
    ],
    "divergingTimeframes": []
  },
  "breakoutConfirmation": {
    "breakoutConfirmed": false,
    "volumeConfirmation": false,
    "retestStrength": 0,
    "falseBreakoutRisk": 0,
    "breakoutQuality": "NO_BREAKOUT"
  },
  "liquidityHeatmap": {
    "liquidityScore": 0,
    "magnetDirection": "NONE",
    "magnetStrength": 0,
    "priceTarget5pct": null,
    "message": "No order book data"
  },
  "smartMoneyDivergence": {
    "divergenceDetected": false,
    "divergenceDirection": "NONE",
    "smartMoneyScore": 0.5,
    "message": "Insufficient trade data"
  },
  "microstructure": {
    "raw": -0.02022590778896794,
    "pct": 50,
    "summary": {
      "latestBucketSignedZ": 0,
      "buySellRatio": 0.5,
      "tradesPerSec": 0,
      "vwap": 0,
      "aggressorVWAP": 0,
      "vpinToxicity": "UNKNOWN",
      "sweepDirection": "NEUTRAL",
      "absorptionSide": "NONE",
      "icebergDetected": false,
      "hawkesDirection": "NEUTRAL",
      "cascadeDetected": false,
      "vacuumSide": "NONE",
      "volatilityRegime": "BELOW_NORMAL",
      "volExpanding": false,
      "favorableTimeWindow": false,
      "temporalAnomaly": true,
      "consensusDirection": "NEUTRAL",
      "consensusStrength": 50,
      "dominantPattern": "NONE",
      "convictionLevel": "LOW",
      "riskAdjustment": "REDUCE",
      "timingQuality": "UNFAVORABLE",
      "deltaDirection": "NEUTRAL",
      "deltaDivergence": false,
      "institutionalRatio": 0,
      "volumeProfilePosition": "ABOVE_VALUE_AREA",
      "pointOfControl": 0,
      "momentumCascadeDetected": true,
      "cascadeStrength": 0.03323664549248247,
      "breakoutQuality": "NO_BREAKOUT",
      "breakoutConfirmed": false,
      "magnetDirection": "NONE",
      "magnetStrength": 0,
      "priceTarget5pct": null,
      "nearestBidWall": 0,
      "nearestAskWall": 0,
      "divergenceDetected": false,
      "divergenceDirection": "NONE",
      "whaleAccumulation": false,
      "whaleDistribution": false,
      "retailPanic": false,
      "smartMoneyScore": 0.5
    }
  }
}

=== MICROSTRUCTURE ALERTS ===

🔬 VPIN: Insufficient data for VPIN analysis

🌊 SWEEP DETECTION: No significant sweeps detected

🧊 ABSORPTION & ICEBERG: No significant absorption or iceberg orders detected

⚡ ORDER ARRIVAL DYNAMICS: Insufficient trades for analysis

🌪️ LIQUIDITY VACUUM: No significant vacuum detected

📊 VOLATILITY REGIME DETECTION:
   Current Regime: BELOW_NORMAL
   Regime Score: -0.50 (-1=low vol, +1=extreme vol)
   Days in Regime: 1
   ATR: $0.007800 (avg: $0.009124)
   ATR Percentile: 15.8%
   Realized Volatility: 88.91% (annualized)
   Vol Percentile: 30.5%

   🟢 BELOW NORMAL VOLATILITY:
   ⚡ Consolidation phase - watch for expansion
   ✅ Good entry zone for patient trades

   📉 VOLATILITY CONTRACTING:
   🔄 Consolidation phase - accumulation likely
   ⏳ Wait for expansion before entering

   ⚠️ HIGH REGIME TRANSITION PROBABILITY: 70%
   Market near regime boundary - expect volatility shift soon

   ⚠️ NEW REGIME: Only 1 day(s) - conditions still settling

⏰ TEMPORAL PATTERN ANALYSIS:
   Current Time: Sunday 13:00 UTC
   Day Bias: NEUTRAL
   Current vs Avg Volume: 0x
   Current vs Avg Volatility: 0x

   ⏳ NON-FAVORABLE TIME WINDOW:
   This hour typically shows weaker activity
   Next favorable window in 1 hour(s)

   ⚠️ LOW ACTIVITY ANOMALY:
   Volume 0x below typical - Extremely quiet

   📉 LOW VOLATILITY ANOMALY:
   Volatility 0x below typical - Consolidation likely

   🔥 Best Trading Hours (UTC): 6:00, 9:00, 7:00

🎯 UNIFIED MICROSTRUCTURE INTEGRATION:
   Signal Consensus: NEUTRAL (50% agreement)
   Available Signals: 2 (1 bullish / 1 bearish / 0 neutral)
   Conviction Level: LOW (30%)
   Signal Quality: LOW
   Risk Adjustment: REDUCE
   Timing Quality: UNFAVORABLE

   ⚠️ LOW CONVICTION: Only 50% signal agreement
   Weak alignment - Reduce position size or wait for clarity

   ⚠️ RISK REDUCTION RECOMMENDED: Extreme volatility or unfavorable timing detected

   ⏰ UNFAVORABLE TIMING: Avoid trading during this hour

   Signal Directions Breakdown:
   • VPIN: NEUTRAL
   • Sweeps: NEUTRAL
   • Absorption: NEUTRAL
   • Arrival Dynamics: NEUTRAL
   • Liquidity Vacuum: NONE
   • Vol Regime: FAVORABLE
   • Temporal: UNFAVORABLE

   Adaptive Weights (Total: 4.1%):
   • VPIN: 0.0%
   • Sweeps: 0.0%
   • Absorption: 0.0%
   • Arrival: 0.0%
   • Vacuum: 0.0%
   • Vol Regime: 2.1%
   • Temporal: 2.0%


💹 DELTA ANALYSIS (Order Flow Aggression):
   Direction: NEUTRAL
   Delta Per Volume: 0.00%
   Institutional Ratio: 0.0%
   Aggression Score: 0.0%

📊 VOLUME PROFILE (Support/Resistance Strength):
   Point of Control (POC): $0.000000
   Value Area High: $0.000000
   Value Area Low: $0.000000
   Current Position: ABOVE_VALUE_AREA
   ⚠️ DISTRIBUTION RISK: Price above value area - potential rejection zone

⚡ MOMENTUM CASCADE (Multi-Timeframe Alignment):
   Cascade Detected: YES
   Alignment Score: 0.7%
   Cascade Strength: 3.3%
   🚀 MOMENTUM CASCADE ACTIVE: All timeframes accelerating - EXPLOSIVE MOVE INCOMING!
   Accelerating Timeframes: 1m, 5m, 15m, 1h

💥 BREAKOUT CONFIRMATION:
   Quality: NO_BREAKOUT
   Volume Confirmation: NO
   Retest Strength: 0.0%
   False Breakout Risk: 0.0%
   No breakout detected - price below resistance


levels:
Entry=0.0812372, StopLoss=0.07880008399999999, TakeProfit=0.08132202999999999, 0.08140686, 0.081474724

---

=== Token: ZEN (ZEN) ===
Contract: ZEN-USD
Timestamp: 2025-09-16T12:15:00.000Z

Calculations:
{
  "momentumScore": 51.927380147682385,
  "volumeScore": 17.51447069939365,
  "patternScore": 45.07993910154424,
  "totalScore": 29.530680127832145,
  "finalScore": 29.530680127832145,
  "weights": "0.23,0.45,0.23",
  "hourlyUptrend": true,
  "rsi": 61.39534883720935,
  "ultraShortVolumeSurge": 0.7092412622224639,
  "baseVolumeSurge": 0.03247642873607708,
  "currentPrice": 7.339,
  "resistance": 7.342,
  "support": 7.28,
  "rocMin5": 0.006721536351166032,
  "shortROC": 0.0047918948521358355,
  "priceAcceleration": 0.0016842805100781937,
  "buySellRatio": 0.444090813566614,
  "macdHistogram": -0.004281061076843142,
  "stochasticK": 68.60465116279137,
  "atr": 0.0202857142857144,
  "bbUpper": 7.3688662095356054,
  "bbLower": 7.278933790464395,
  "hammerDetected": false,
  "engulfingDetected": false,
  "compressionSpring": {
    "detected": true,
    "confidence": 66,
    "signals": {
      "sidewaysPrice": true,
      "atrCompression": true,
      "bbSqueeze": true,
      "consolidationTime": true,
      "strongBuying": false,
      "obvPositive": false,
      "chaikinPositive": false,
      "rsiNeutral": true,
      "volumeBuilding": false
    },
    "metrics": {
      "priceRange": 0.96,
      "atrRatio": 0.566,
      "bbWidth": 1.23,
      "volumeRatio": 0.497,
      "signalCount": 5,
      "buySellRatio": 0.444
    }
  },
  "riskTier": "LOW",
  "atrPercent": 0.36984408152142334,
  "distanceToResistance": 0.04087750374709395,
  "slPercent": 2.5,
  "tpPercent": 0.03474587818502986,
  "trailingActivation": 0.020847526911017916,
  "shortMomentumScore": 35,
  "overboughtScore": 0,
  "shortPatternScore": 0,
  "shootingStarDetected": false,
  "bearishEngulfingDetected": false,
  "eveningStarDetected": false,
  "bearishPatternsCount": 0,
  "shortTotalScore": 14,
  "chaikin": 0.017827942167342722,
  "obvIncreasing": false,
  "obvTrend": "declining",
  "adx": 28.07881773399017,
  "recentCandles": {
    "redCount": 6,
    "greenCount": 4
  },
  "resistanceDistance": 0.04087750374709395,
  "multiplePatterns": false,
  "bullishPattern": false,
  "priceAboveVWAP": false,
  "breakingResistance": true,
  "atrSufficient": false,
  "macdDivergenceBearish": true,
  "rvolMin1": -0.5691563988259728,
  "rvolMin5": -0.5926573712814428,
  "atrPercentileOld": 0.12195121951219512,
  "vwapDeviation": -0.22646607007123926,
  "bbWidthPercent": 1.2279307345978339,
  "bbSqueeze": true,
  "multiTFMomentum": {
    "min1": {
      "roc1": 0.0010952902519167588,
      "roc3": 0.0038440417353103338
    },
    "min5": {
      "roc1": 0.0047918948521358355,
      "roc3": 0.008104395604395626
    },
    "min15": {
      "roc1": 0.0047918948521358355,
      "roc3": 0.006721536351166032
    },
    "hourly": {
      "roc1": 0.0045131291028445665,
      "roc3": 0.0008175500749420001
    },
    "fourHour": {
      "roc1": 0.0005448848930662797,
      "roc3": 0.0045131291028445665
    },
    "divergenceShortUpLongDown": false
  },
  "returnZMin5": 1.280506751475599,
  "wickClosePct": 1,
  "wickUpper": 0,
  "wickLower": 0,
  "wickRatio": 0,
  "donchianBreakout15": false,
  "bbWidthPercentile15": 0.06493506493506493,
  "signedMin5": -4486.763999999998,
  "signedMin5Z": -10.435252858574092,
  "signedMin1": 215.13000000000036,
  "signedMin1Z": 1.2190951150803715,
  "streakMin1": {
    "upStreak": 0,
    "downStreak": 0
  },
  "streakMin5": {
    "upStreak": 3,
    "downStreak": 0
  },
  "rvolPercentileMin1": 0.21597222222222223,
  "rvolPercentileMin5": 0.04861111111111111,
  "perTfMetrics": {
    "min1": {
      "sma20": 7.3111000000000015,
      "sma50": 7.330299999999999,
      "ema20": 7.310637708320764,
      "ema50": 7.315253817899184,
      "vwma20": 7.3090375246112895,
      "hma21": 7.287082251082252,
      "atr14": 0.015214285714285783,
      "atrPercentile": 0.4340382678751259,
      "rvolZ": -0.5691563988259728,
      "rvolPercentile": 0.21597222222222223,
      "mfi14": 44.993327095851726,
      "ppo": {
        "ppo": -0.11045903045587169,
        "signal": -0.12429136586583389,
        "histogram": 0.013832335409962204
      },
      "stochRsi": {
        "k": 80.52940865053702,
        "d": 48.24857549857558
      },
      "vprofile": {
        "vpBins": [
          0.06485594699415304,
          0.16287710792777174,
          0.05512425922004615,
          0.04246361524644265,
          0.11974664034599379,
          0.0832527944380092,
          0.1210961283056063,
          0.049939029925551465,
          0.05880880267869555,
          0.016539780975533925,
          0.013950584365382266,
          0.014636235904743862,
          0.00207005709361826,
          0.021428076674882578,
          0,
          0.03664346880634002,
          0.03518091754122898,
          0.0366636084170705,
          0.018093278835524355,
          0.04662966630340529
        ],
        "currentBinShare": 0.1210961283056063
      },
      "ttm": {
        "squeeze": false,
        "release": false,
        "widthPct": 0.9571981219891892
      }
    },
    "min5": {
      "sma20": 7.320750000000001,
      "sma50": 7.30346,
      "ema20": 7.315206996177313,
      "ema50": 7.312505986573519,
      "vwma20": 7.323433747635918,
      "hma21": 7.291367965367966,
      "atr14": 0.0202857142857144,
      "atrPercentile": 0.10948905109489052,
      "rvolZ": -0.5926573712814428,
      "rvolPercentile": 0.04861111111111111,
      "mfi14": 36.679395891512335,
      "ppo": {
        "ppo": -0.026488270375433564,
        "signal": -0.016990299082617774,
        "histogram": -0.00949797129281579
      },
      "stochRsi": {
        "k": 100,
        "d": 49.08885365280717
      },
      "vprofile": {
        "vpBins": [
          0.1509105813943305,
          0.04902911914350185,
          0.03534357991935976,
          0.08383974413905634,
          0.1441278838271008,
          0.047270602570270645,
          0.06943162265020444,
          0,
          0.009903081025745048,
          0.0014718739686079903,
          0.08791199007531436,
          0.04716345030019332,
          0.08700909490275034,
          0.10791956162068428,
          0.028360658331547474,
          0.0013976972108619746,
          0.0014419226228514451,
          0.00143202754981879,
          0.0460105654218923,
          0.000024943325908722144
        ],
        "currentBinShare": 0.047270602570270645
      },
      "ttm": {
        "squeeze": false,
        "release": false,
        "widthPct": 1.3039066886611579
      }
    },
    "min15": {
      "sma20": 7.3239,
      "sma50": 7.28772,
      "ema20": 7.313750709079988,
      "ema50": 7.316946814366466,
      "vwma20": 7.329636933328572,
      "hma21": 7.303043290043289,
      "atr14": 0.027142857142857264,
      "atrPercentile": 0.12195121951219512,
      "rvolZ": -0.7651410221278149,
      "rvolPercentile": 0.020833333333333332,
      "mfi14": 29.68780126104025,
      "ppo": {
        "ppo": 0.07015515573326504,
        "signal": 0.0957622716790065,
        "histogram": -0.025607115945741457
      },
      "stochRsi": {
        "k": 26.256276156872595,
        "d": 43.59094130833265
      },
      "vprofile": {
        "vpBins": [
          0.016225380078968153,
          0.1457983114689758,
          0.08759426496872555,
          0.04357127828913335,
          0.05426062857812294,
          0.07964908294717254,
          0.16789234964984487,
          0.04899269733000116,
          0.0518960165815795,
          0,
          0.0464402816620383,
          0,
          0.009857014213049197,
          0.006762126033069425,
          0,
          0.02968063304561566,
          0.07743088740709189,
          0.03976882791499078,
          0.07021503260176838,
          0.023965187229852376
        ],
        "currentBinShare": 0.04899269733000116
      },
      "ttm": {
        "squeeze": false,
        "release": false,
        "widthPct": 1.2279307345978339
      }
    },
    "hourly": {
      "sma20": 7.2906,
      "sma50": 7.410220000000002,
      "ema20": 7.318530667212086,
      "ema50": 7.407968512624828,
      "vwma20": 7.273574332249565,
      "hma21": 7.31955844155844,
      "atr14": 0.04914285714285712,
      "atrPercentile": 0.2732919254658385,
      "rvolZ": -0.8143775253496933,
      "rvolPercentile": 0.05654761904761905,
      "mfi14": 53.11570686556118,
      "ppo": {
        "ppo": -0.28738111919200793,
        "signal": -0.522342959393002,
        "histogram": 0.2349618402009941
      },
      "stochRsi": {
        "k": 43.83934649421345,
        "d": 52.88217932023241
      },
      "vprofile": {
        "vpBins": [
          0.020901360406106042,
          0.03335317561418579,
          0.039653881876845425,
          0.05033163588611194,
          0.06476852758231012,
          0.08839612245424187,
          0.058544070352139654,
          0.05711504011686155,
          0.17247985449036685,
          0.13825700761538273,
          0.045959221435017863,
          0.02232071207645789,
          0.011284721364923034,
          0.013749081516886327,
          0.04678756550575489,
          0.023354817358397277,
          0.027068931377117973,
          0.0364454912168265,
          0.04922878175406648,
          0
        ],
        "currentBinShare": 0.06476852758231012
      },
      "ttm": {
        "squeeze": false,
        "release": false,
        "widthPct": 2.2374228427281984
      }
    },
    "fourHour": {
      "sma20": 7.5744,
      "sma50": 7.520360000000002,
      "ema20": 7.46210584529022,
      "ema50": 7.45942180186357,
      "vwma20": 7.601250414046894,
      "hma21": 7.172324675324672,
      "atr14": 0.14692857142857127,
      "atrPercentile": 0.7571428571428571,
      "rvolZ": -0.10197084931983068,
      "rvolPercentile": 0.6190476190476191,
      "mfi14": 15.417005472430176,
      "ppo": {
        "ppo": -1.034972665213577,
        "signal": -0.5211396686203978,
        "histogram": -0.513832996593179
      },
      "stochRsi": {
        "k": 3.626518745418937,
        "d": 25.570266333203048
      },
      "vprofile": {
        "vpBins": [
          0,
          0.01470781546734967,
          0.019753156933152223,
          0.06126876039405299,
          0.15216798771600565,
          0.07655175363349626,
          0.047248718048536656,
          0.03270147884701975,
          0.05492166538057127,
          0.11957671467112273,
          0.031102911493119747,
          0.07411896421729783,
          0.13236242403800635,
          0.0428192966413622,
          0.03208529550490402,
          0,
          0.039815941913157196,
          0.03126220133583576,
          0.03753491376500963,
          0
        ],
        "currentBinShare": 0.11957671467112273
      },
      "ttm": {
        "squeeze": false,
        "release": false,
        "widthPct": 13.421558123698551
      }
    },
    "daily": {
      "sma20": 7.356300000000002,
      "sma50": 7.733159999999999,
      "ema20": 7.489736768624291,
      "ema50": 7.703011656044327,
      "vwma20": 0,
      "hma21": 7.569826839826838,
      "atr14": 0.3083571428571427,
      "atrPercentile": 0.05263157894736842,
      "rvolZ": 0,
      "rvolPercentile": 1,
      "mfi14": 50,
      "ppo": {
        "ppo": -0.8232678704044656,
        "signal": -1.2276585768761046,
        "histogram": 0.404390706471639
      },
      "stochRsi": {
        "k": 65.36036226473993,
        "d": 57.77205821084647
      },
      "vprofile": {
        "vpBins": [
          0,
          0,
          0,
          0,
          0,
          0,
          0,
          0,
          0,
          0,
          0,
          0,
          0,
          0,
          0,
          0,
          0,
          0,
          0,
          0
        ],
        "currentBinShare": 0
      },
      "ttm": {
        "squeeze": false,
        "release": false,
        "widthPct": 13.335014741651838
      }
    }
  },
  "smaMin5": 7.320750000000001,
  "emaMin5": 7.315206996177313,
  "vwmaMin5": 7.323433747635918,
  "hmaMin5": 7.291367965367966,
  "keltner15": {
    "upper": 7.353500709079989,
    "middle": 7.313750709079988,
    "lower": 7.274000709079988
  },
  "superTrend15": {
    "isBull": true,
    "finalUpper": 7.405,
    "finalLower": 7.2459999999999996
  },
  "mfi15": 29.68780126104025,
  "stochRsi15": {
    "k": 26.256276156872595,
    "d": 43.59094130833265
  },
  "ppo15": {
    "ppo": 0.07015515573326504,
    "signal": 0.0957622716790065,
    "histogram": -0.025607115945741457
  },
  "vpMin15": {
    "vpBins": [
      0.016225380078968153,
      0.1457983114689758,
      0.08759426496872555,
      0.04357127828913335,
      0.05426062857812294,
      0.07964908294717254,
      0.16789234964984487,
      0.04899269733000116,
      0.0518960165815795,
      0,
      0.0464402816620383,
      0,
      0.009857014213049197,
      0.006762126033069425,
      0,
      0.02968063304561566,
      0.07743088740709189,
      0.03976882791499078,
      0.07021503260176838,
      0.023965187229852376
    ],
    "currentBinShare": 0.04899269733000116
  },
  "ttm15": {
    "squeeze": false,
    "release": false,
    "widthPct": 1.2279307345978339
  },
  "marketCorrelation": {
    "hourly": {
      "btcCorrelation": 0,
      "ethCorrelation": 0,
      "btcBeta": 1,
      "ethBeta": 1,
      "btcTrend": "UNKNOWN",
      "ethTrend": "UNKNOWN",
      "tokenVol": 0,
      "btcVol": 0,
      "ethVol": 0,
      "marketDependence": 0,
      "verdict": "INSUFFICIENT_DATA"
    },
    "min15": {
      "btcCorrelation": 0,
      "ethCorrelation": 0,
      "btcBeta": 1,
      "ethBeta": 1,
      "btcTrend": "UNKNOWN",
      "ethTrend": "UNKNOWN",
      "tokenVol": 0,
      "btcVol": 0,
      "ethVol": 0,
      "marketDependence": 0,
      "verdict": "INSUFFICIENT_DATA"
    },
    "daily": {
      "btcCorrelation": 0,
      "ethCorrelation": 0,
      "btcBeta": 1,
      "ethBeta": 1,
      "btcTrend": "UNKNOWN",
      "ethTrend": "UNKNOWN",
      "tokenVol": 0,
      "btcVol": 0,
      "ethVol": 0,
      "marketDependence": 0,
      "verdict": "INSUFFICIENT_DATA"
    }
  },
  "tradeTape": {
    "totalTrades": 0,
    "totalVolume": 0,
    "buysVolume": 0,
    "sellsVolume": 0,
    "buySellRatio": 0.5,
    "vwap": 0,
    "signedVolume": 0,
    "avgTradeSize": 0,
    "tradesPerSec": 0,
    "cumulativeDelta": 0,
    "tradesLast1m": 0,
    "tradesLast5m": 0,
    "tradesLast15m": 0,
    "tradesLast1h": 0,
    "buyVWAP": 0,
    "sellVWAP": 0,
    "aggressorVWAP": 0,
    "bucketDurationMs": 60000,
    "bucketCount": 15,
    "bucketSignedVolumes": [],
    "bucketVolumes": [],
    "bucketVWAPs": [],
    "latestBucketSignedZ": 0
  },
  "enhancedMetrics": {
    "relativeVolumeZScore": -1,
    "volumePercentile": 40,
    "atrPercentile": 9.854014598540147,
    "volatilityPercentile": 7.9113924050632916,
    "relativeVolatilityRatio": 0.625057779955711,
    "isHighVolume": false,
    "isHighVolatility": false,
    "isLowVolatility": true,
    "isExpandingVolatility": false,
    "isContractingVolatility": true
  },
  "orderBook": {
    "bidAskSpread": 0,
    "spreadPct": 0,
    "midPrice": 0,
    "bestBid": 0,
    "bestAsk": 0,
    "bidDepth": 0,
    "askDepth": 0,
    "orderBookImbalance": 0,
    "liquidityScore": 0,
    "depthAt1Pct": {
      "bidVolume": 0,
      "askVolume": 0,
      "imbalance": 0
    },
    "depthAt2Pct": {
      "bidVolume": 0,
      "askVolume": 0,
      "imbalance": 0
    },
    "depthAt5Pct": {
      "bidVolume": 0,
      "askVolume": 0,
      "imbalance": 0
    },
    "weightedMidPrice": 0,
    "volumeWeightedSpread": 0,
    "totalBidLevels": 0,
    "totalAskLevels": 0
  },
  "marketCap": {
    "marketCap": 0,
    "totalVolume24h": 0,
    "volumeToMarketCapRatio": 0,
    "marketCapRank": 0,
    "normalizedRank": 0,
    "isHighLiquidity": false,
    "isVeryHighLiquidity": false,
    "isLowLiquidity": true,
    "liquidityTier": "VERY_LOW"
  },
  "sweeps": {
    "sweepScore": 0,
    "sweepCount": 0,
    "sweepDirection": "NEUTRAL",
    "buySweeps": 0,
    "sellSweeps": 0,
    "avgSweepSize": 0,
    "avgSweepIntensity": 0,
    "bidLiftRatio": 0,
    "askLiftRatio": 0,
    "sweepFrequency": 0,
    "largestSweep": null,
    "recentSweepClusters": 0,
    "sweepDetails": []
  },
  "absorption": {
    "absorptionScore": 0,
    "absorptionLevel": null,
    "absorptionSide": "NONE",
    "icebergProbability": 0,
    "hiddenLiquidityEstimate": 0,
    "volumeAtPrice": {},
    "topAbsorptionLevels": [],
    "persistenceDuration": 0,
    "refillDetected": false
  },
  "orderArrival": {
    "avgInterArrivalTime": 0,
    "recentInterArrivalTime": 0,
    "accelerationRatio": 1,
    "hawkesIntensity": 0,
    "hawkesDirection": "NEUTRAL",
    "clusteringScore": 0,
    "burstCount": 0,
    "cascadeDetected": false,
    "timeToNextTrade": 0,
    "accelerationTrend": "STABLE"
  },
  "liquidityVacuum": {
    "vacuumScore": 0,
    "vacuumSide": "NONE",
    "bidVacuumSeverity": 0,
    "askVacuumSeverity": 0,
    "depthConcentration": 0,
    "priceImpact10k": 0,
    "priceImpact50k": 0,
    "priceImpact100k": 0,
    "largestGapBid": 0,
    "largestGapAsk": 0,
    "avgGapBid": 0,
    "avgGapAsk": 0,
    "bidCliffDistance": 0,
    "askCliffDistance": 0
  },
  "volatilityRegime": {
    "regime": "BELOW_NORMAL",
    "regimeScore": -0.5,
    "currentATR": 0.312923,
    "avgATR": 0.441823,
    "atrPercentile": 7.9,
    "realizedVolatility": 61.04,
    "volPercentile": 59.3,
    "expanding": false,
    "contracting": true,
    "transitionProbability": 0.4,
    "daysInRegime": 1,
    "regimeStrength": 0.64
  },
  "temporalPatterns": {
    "currentHour": 13,
    "currentDay": 0,
    "currentDayName": "Sunday",
    "dayBias": "NEUTRAL",
    "hourlyProfile": [
      {
        "avgVolume": 1078.48,
        "avgATR": 0.054769,
        "avgReturn": -0.219
      },
      {
        "avgVolume": 1354.97,
        "avgATR": 0.068933,
        "avgReturn": 0.268
      },
      {
        "avgVolume": 1080.22,
        "avgATR": 0.053333,
        "avgReturn": 0.217
      },
      {
        "avgVolume": 1017.55,
        "avgATR": 0.050867,
        "avgReturn": 0.062
      },
      {
        "avgVolume": 1271.65,
        "avgATR": 0.074867,
        "avgReturn": -0.201
      },
      {
        "avgVolume": 943.92,
        "avgATR": 0.048375,
        "avgReturn": 0.067
      },
      {
        "avgVolume": 751.48,
        "avgATR": 0.0555,
        "avgReturn": -0.039
      },
      {
        "avgVolume": 1120.41,
        "avgATR": 0.0736,
        "avgReturn": 0.093
      },
      {
        "avgVolume": 1028.18,
        "avgATR": 0.053937,
        "avgReturn": -0.122
      },
      {
        "avgVolume": 771.23,
        "avgATR": 0.053231,
        "avgReturn": 0.176
      },
      {
        "avgVolume": 1021.28,
        "avgATR": 0.053571,
        "avgReturn": -0.252
      },
      {
        "avgVolume": 1156.32,
        "avgATR": 0.0516,
        "avgReturn": -0.117
      },
      {
        "avgVolume": 1504.42,
        "avgATR": 0.0696,
        "avgReturn": -0.138
      },
      {
        "avgVolume": 1019.62,
        "avgATR": 0.080286,
        "avgReturn": 0.172
      },
      {
        "avgVolume": 768.43,
        "avgATR": 0.071133,
        "avgReturn": -0.325
      },
      {
        "avgVolume": 1097.63,
        "avgATR": 0.053786,
        "avgReturn": -0.434
      },
      {
        "avgVolume": 728.53,
        "avgATR": 0.0588,
        "avgReturn": 0.196
      },
      {
        "avgVolume": 659.08,
        "avgATR": 0.062462,
        "avgReturn": 0.285
      },
      {
        "avgVolume": 172.39,
        "avgATR": 0.044417,
        "avgReturn": -0.002
      },
      {
        "avgVolume": 483.3,
        "avgATR": 0.041583,
        "avgReturn": 0.131
      },
      {
        "avgVolume": 245.04,
        "avgATR": 0.046417,
        "avgReturn": 0.153
      },
      {
        "avgVolume": 468.29,
        "avgATR": 0.058231,
        "avgReturn": 0.192
      },
      {
        "avgVolume": 412.05,
        "avgATR": 0.0408,
        "avgReturn": 0.25
      },
      {
        "avgVolume": 367.83,
        "avgATR": 0.038,
        "avgReturn": 0.171
      }
    ],
    "dailyProfile": [
      {
        "avgVolume": 722.02,
        "avgATR": 0.059659,
        "avgReturn": -0.077
      },
      {
        "avgVolume": 900.45,
        "avgATR": 0.064076,
        "avgReturn": -0.038
      },
      {
        "avgVolume": 1139.38,
        "avgATR": 0.057759,
        "avgReturn": 0.063
      },
      {
        "avgVolume": 626.97,
        "avgATR": 0.053103,
        "avgReturn": 0.036
      },
      {
        "avgVolume": 820.52,
        "avgATR": 0.043744,
        "avgReturn": -0.028
      },
      {
        "avgVolume": 1075.48,
        "avgATR": 0.058457,
        "avgReturn": 0.12
      },
      {
        "avgVolume": 744.7,
        "avgATR": 0.059595,
        "avgReturn": 0.047
      }
    ],
    "favorableHours": [
      12,
      1,
      4,
      11,
      7,
      15
    ],
    "favorableWindow": false,
    "currentVsAvgVolume": 0,
    "currentVsAvgVolatility": 0,
    "anomalyDetected": true,
    "timeUntilFavorable": 2,
    "temporalScore": 0
  },
  "unifiedMicrostructure": {
    "signalDirections": {
      "vpin": "NEUTRAL",
      "sweeps": "NEUTRAL",
      "absorption": "NEUTRAL",
      "arrival": "NEUTRAL",
      "vacuum": "NONE",
      "volRegime": "FAVORABLE",
      "temporal": "UNFAVORABLE"
    },
    "consensusDirection": "NEUTRAL",
    "consensusStrength": 50,
    "bullishSignals": 1,
    "bearishSignals": 1,
    "neutralSignals": 0,
    "totalAvailableSignals": 2,
    "dominantPattern": "NONE",
    "clusters": {
      "strongBuyCluster": false,
      "distributionPattern": false,
      "accumulationPattern": false,
      "momentumCascade": false
    },
    "adaptiveWeights": {
      "vpin": 0,
      "sweeps": 0,
      "absorption": 0,
      "arrival": 0,
      "vacuum": 0,
      "volRegime": 0.021,
      "temporal": 0.02
    },
    "convictionLevel": "LOW",
    "convictionScore": 30,
    "riskAdjustment": "REDUCE",
    "timingQuality": "UNFAVORABLE",
    "signalQuality": "LOW"
  },
  "deltaAnalysis": {
    "currentDelta": 0,
    "cumulativeDelta": 0,
    "deltaPerVolume": 0,
    "deltaDirection": "NEUTRAL",
    "deltaDivergence": false,
    "institutionalRatio": 0,
    "aggressionScore": 0
  },
  "volumeProfile": {
    "pointOfControl": 0,
    "valueAreaHigh": 0,
    "valueAreaLow": 0,
    "currentPosition": "ABOVE_VALUE_AREA",
    "volumeNodes": [],
    "airPockets": []
  },
  "momentumCascade": {
    "cascadeDetected": false,
    "alignmentScore": 0.005078692063234382,
    "cascadeStrength": 0,
    "acceleratingTimeframes": [
      "1m",
      "5m",
      "15m"
    ],
    "divergingTimeframes": [
      "1h"
    ]
  },
  "breakoutConfirmation": {
    "breakoutConfirmed": false,
    "volumeConfirmation": false,
    "retestStrength": 0,
    "falseBreakoutRisk": 0,
    "breakoutQuality": "NO_BREAKOUT"
  },
  "liquidityHeatmap": {
    "liquidityScore": 0,
    "magnetDirection": "NONE",
    "magnetStrength": 0,
    "priceTarget5pct": null,
    "message": "No order book data"
  },
  "smartMoneyDivergence": {
    "divergenceDetected": false,
    "divergenceDirection": "NONE",
    "smartMoneyScore": 0.5,
    "message": "Insufficient trade data"
  },
  "microstructure": {
    "raw": -0.017747851797098774,
    "pct": 50,
    "summary": {
      "latestBucketSignedZ": 0,
      "buySellRatio": 0.5,
      "tradesPerSec": 0,
      "vwap": 0,
      "aggressorVWAP": 0,
      "vpinToxicity": "UNKNOWN",
      "sweepDirection": "NEUTRAL",
      "absorptionSide": "NONE",
      "icebergDetected": false,
      "hawkesDirection": "NEUTRAL",
      "cascadeDetected": false,
      "vacuumSide": "NONE",
      "volatilityRegime": "BELOW_NORMAL",
      "volExpanding": false,
      "favorableTimeWindow": false,
      "temporalAnomaly": true,
      "consensusDirection": "NEUTRAL",
      "consensusStrength": 50,
      "dominantPattern": "NONE",
      "convictionLevel": "LOW",
      "riskAdjustment": "REDUCE",
      "timingQuality": "UNFAVORABLE",
      "deltaDirection": "NEUTRAL",
      "deltaDivergence": false,
      "institutionalRatio": 0,
      "volumeProfilePosition": "ABOVE_VALUE_AREA",
      "pointOfControl": 0,
      "momentumCascadeDetected": false,
      "cascadeStrength": 0,
      "breakoutQuality": "NO_BREAKOUT",
      "breakoutConfirmed": false,
      "magnetDirection": "NONE",
      "magnetStrength": 0,
      "priceTarget5pct": null,
      "nearestBidWall": 0,
      "nearestAskWall": 0,
      "divergenceDetected": false,
      "divergenceDirection": "NONE",
      "whaleAccumulation": false,
      "whaleDistribution": false,
      "retailPanic": false,
      "smartMoneyScore": 0.5
    }
  }
}

=== MICROSTRUCTURE ALERTS ===

🔬 VPIN: Insufficient data for VPIN analysis

🌊 SWEEP DETECTION: No significant sweeps detected

🧊 ABSORPTION & ICEBERG: No significant absorption or iceberg orders detected

⚡ ORDER ARRIVAL DYNAMICS: Insufficient trades for analysis

🌪️ LIQUIDITY VACUUM: No significant vacuum detected

📊 VOLATILITY REGIME DETECTION:
   Current Regime: BELOW_NORMAL
   Regime Score: -0.50 (-1=low vol, +1=extreme vol)
   Days in Regime: 1
   ATR: $0.312923 (avg: $0.441823)
   ATR Percentile: 7.9%
   Realized Volatility: 61.04% (annualized)
   Vol Percentile: 59.3%

   🟢 BELOW NORMAL VOLATILITY:
   ⚡ Consolidation phase - watch for expansion
   ✅ Good entry zone for patient trades

   📉 VOLATILITY CONTRACTING:
   🔄 Consolidation phase - accumulation likely
   ⏳ Wait for expansion before entering

   📍 MODERATE REGIME TRANSITION PROBABILITY: 40%
   Monitor for potential regime change

   ⚠️ NEW REGIME: Only 1 day(s) - conditions still settling

⏰ TEMPORAL PATTERN ANALYSIS:
   Current Time: Sunday 13:00 UTC
   Day Bias: NEUTRAL
   Current vs Avg Volume: 0x
   Current vs Avg Volatility: 0x

   ⏳ NON-FAVORABLE TIME WINDOW:
   This hour typically shows weaker activity
   Next favorable window in 2 hour(s)

   ⚠️ LOW ACTIVITY ANOMALY:
   Volume 0x below typical - Extremely quiet

   📉 LOW VOLATILITY ANOMALY:
   Volatility 0x below typical - Consolidation likely

   🔥 Best Trading Hours (UTC): 12:00, 1:00, 4:00

🎯 UNIFIED MICROSTRUCTURE INTEGRATION:
   Signal Consensus: NEUTRAL (50% agreement)
   Available Signals: 2 (1 bullish / 1 bearish / 0 neutral)
   Conviction Level: LOW (30%)
   Signal Quality: LOW
   Risk Adjustment: REDUCE
   Timing Quality: UNFAVORABLE

   ⚠️ LOW CONVICTION: Only 50% signal agreement
   Weak alignment - Reduce position size or wait for clarity

   ⚠️ RISK REDUCTION RECOMMENDED: Extreme volatility or unfavorable timing detected

   ⏰ UNFAVORABLE TIMING: Avoid trading during this hour

   Signal Directions Breakdown:
   • VPIN: NEUTRAL
   • Sweeps: NEUTRAL
   • Absorption: NEUTRAL
   • Arrival Dynamics: NEUTRAL
   • Liquidity Vacuum: NONE
   • Vol Regime: FAVORABLE
   • Temporal: UNFAVORABLE

   Adaptive Weights (Total: 4.1%):
   • VPIN: 0.0%
   • Sweeps: 0.0%
   • Absorption: 0.0%
   • Arrival: 0.0%
   • Vacuum: 0.0%
   • Vol Regime: 2.1%
   • Temporal: 2.0%


💹 DELTA ANALYSIS (Order Flow Aggression):
   Direction: NEUTRAL
   Delta Per Volume: 0.00%
   Institutional Ratio: 0.0%
   Aggression Score: 0.0%

📊 VOLUME PROFILE (Support/Resistance Strength):
   Point of Control (POC): $0.000000
   Value Area High: $0.000000
   Value Area Low: $0.000000
   Current Position: ABOVE_VALUE_AREA
   ⚠️ DISTRIBUTION RISK: Price above value area - potential rejection zone

⚡ MOMENTUM CASCADE (Multi-Timeframe Alignment):
   Cascade Detected: NO
   Alignment Score: 0.5%
   Cascade Strength: 0.0%
   Accelerating: 1m, 5m, 15m
   Diverging: 1h

💥 BREAKOUT CONFIRMATION:
   Quality: NO_BREAKOUT
   Volume Confirmation: NO
   Retest Strength: 0.0%
   False Breakout Risk: 0.0%
   No breakout detected - price below resistance


levels:
Entry=7.324322, StopLoss=7.14121395, TakeProfit=7.3255944500000005, 7.326866900000001, 7.32788486

---

=== Token: FIS (FIS) ===
Contract: FIS-USD
Timestamp: 2025-09-16T12:15:00.000Z

Calculations:
{
  "momentumScore": 67.23997021051053,
  "volumeScore": 22.08631049550967,
  "patternScore": 35,
  "totalScore": 33.021946944394855,
  "finalScore": 33.021946944394855,
  "weights": "0.23,0.45,0.23",
  "hourlyUptrend": false,
  "rsi": 56.521739130434604,
  "ultraShortVolumeSurge": 1.8832340983775704,
  "baseVolumeSurge": 0.019779433341656966,
  "currentPrice": 0.1098,
  "resistance": 0.1103,
  "support": 0.1093,
  "rocMin5": -0.0009099181073703627,
  "shortROC": -0.0009099181073703627,
  "priceAcceleration": -0.00022727272727273378,
  "buySellRatio": 0.16582991618775175,
  "macdHistogram": 0.0003591077387912633,
  "stochasticK": 79.16666666666664,
  "atr": 0.0002500000000000002,
  "bbUpper": 0.11103257659560185,
  "bbLower": 0.10719742340439815,
  "hammerDetected": false,
  "engulfingDetected": false,
  "compressionSpring": {
    "detected": true,
    "confidence": 54,
    "signals": {
      "sidewaysPrice": true,
      "atrCompression": true,
      "bbSqueeze": true,
      "consolidationTime": true,
      "strongBuying": false,
      "obvPositive": false,
      "chaikinPositive": false,
      "rsiNeutral": false,
      "volumeBuilding": false
    },
    "metrics": {
      "priceRange": 0.91,
      "atrRatio": 0.297,
      "bbWidth": 3.51,
      "volumeRatio": 3.562,
      "signalCount": 4,
      "buySellRatio": 0.166
    }
  },
  "riskTier": "LOW",
  "atrPercent": 0.35779339058027704,
  "distanceToResistance": 0.4553734061930787,
  "slPercent": 2.5,
  "tpPercent": 0.3870673952641169,
  "trailingActivation": 0.23224043715847012,
  "shortMomentumScore": 15,
  "overboughtScore": 25,
  "shortPatternScore": 0,
  "shootingStarDetected": false,
  "bearishEngulfingDetected": false,
  "eveningStarDetected": false,
  "bearishPatternsCount": 0,
  "shortTotalScore": 14.75,
  "chaikin": 0.1207654757409184,
  "obvIncreasing": false,
  "obvTrend": "declining",
  "adx": 56.75675675675696,
  "recentCandles": {
    "redCount": 4,
    "greenCount": 6
  },
  "resistanceDistance": 0.4553734061930787,
  "multiplePatterns": false,
  "bullishPattern": false,
  "priceAboveVWAP": false,
  "breakingResistance": true,
  "atrSufficient": false,
  "macdDivergenceBearish": false,
  "rvolMin1": -0.4532851944376684,
  "rvolMin5": -0.41186578384218475,
  "atrPercentileOld": 0.07317073170731707,
  "vwapDeviation": -0.8435264177327543,
  "bbWidthPercent": 3.5147809111521786,
  "bbSqueeze": false,
  "multiTFMomentum": {
    "min1": {
      "roc1": -0.0009099181073703627,
      "roc3": -0.0018181818181818702
    },
    "min5": {
      "roc1": -0.0009099181073703627,
      "roc3": -0.0018181818181818702
    },
    "min15": {
      "roc1": -0.0009099181073703627,
      "roc3": -0.0009099181073703627
    },
    "hourly": {
      "roc1": 0.0009099181073703627,
      "roc3": -0.0009082652134423511
    },
    "fourHour": {
      "roc1": 0.002734731084776615,
      "roc3": -0.013452914798206289
    },
    "divergenceShortUpLongDown": false
  },
  "returnZMin5": -0.22401839062785317,
  "wickClosePct": 0,
  "wickUpper": 0,
  "wickLower": 0,
  "wickRatio": 0,
  "donchianBreakout15": false,
  "bbWidthPercentile15": 0.6363636363636364,
  "signedMin5": -635746.3000000004,
  "signedMin5Z": -11.473234873810778,
  "signedMin1": -21814.400000000052,
  "signedMin1Z": -0.8805238089776034,
  "streakMin1": {
    "upStreak": 0,
    "downStreak": 1
  },
  "streakMin5": {
    "upStreak": 0,
    "downStreak": 1
  },
  "rvolPercentileMin1": 0.17291666666666666,
  "rvolPercentileMin5": 0.2013888888888889,
  "perTfMetrics": {
    "min1": {
      "sma20": 0.10987499999999999,
      "sma50": 0.10897999999999998,
      "ema20": 0.10969245743652838,
      "ema50": 0.1093379583593824,
      "vwma20": 0.10997467779062944,
      "hma21": 0.10987012987012985,
      "atr14": 0.00020714285714285515,
      "atrPercentile": 0.015609264853977844,
      "rvolZ": -0.4532851944376684,
      "rvolPercentile": 0.17291666666666666,
      "mfi14": 67.20614111715669,
      "ppo": {
        "ppo": 0.21979461856988874,
        "signal": 0.2894136334170178,
        "histogram": -0.06961901484712907
      },
      "stochRsi": {
        "k": 29.729729729730174,
        "d": 45.579133510167914
      },
      "vprofile": {
        "vpBins": [
          0,
          0.0028554526902367042,
          0.0192314410695848,
          0.00002732260251159112,
          0.013831345338166707,
          0.005275428834715978,
          0.011166278227325195,
          0.033027369333791,
          0.08209939535501916,
          0.04566377208568259,
          0.06589305987540714,
          0.04404228997231299,
          0.03466067719912872,
          0.16976519924330835,
          0.09791839984396022,
          0.11141976758395282,
          0.08173457241135118,
          0.10368416106626038,
          0.04044434254972661,
          0.03725972471755787
        ],
        "currentBinShare": 0.06589305987540714
      },
      "ttm": {
        "squeeze": false,
        "release": false,
        "widthPct": 0.9272562913820285
      }
    },
    "min5": {
      "sma20": 0.10948000000000002,
      "sma50": 0.10894399999999999,
      "ema20": 0.1095298014215441,
      "ema50": 0.10938809924104942,
      "vwma20": 0.10946836091062677,
      "hma21": 0.11049653679653675,
      "atr14": 0.0002500000000000002,
      "atrPercentile": 0.0036496350364963502,
      "rvolZ": -0.41186578384218475,
      "rvolPercentile": 0.2013888888888889,
      "mfi14": 36.08854157763888,
      "ppo": {
        "ppo": 0.3026207274307212,
        "signal": 0.2850791998548311,
        "histogram": 0.017541527575890115
      },
      "stochRsi": {
        "k": 7.011557512383145,
        "d": 57.58579043811406
      },
      "vprofile": {
        "vpBins": [
          0.014695799427210032,
          0.015023114977032712,
          0.06660878032298348,
          0.12448491364483295,
          0.10626927111508372,
          0.3289231354203612,
          0.12299307059323256,
          0.004476113142257158,
          0.020848239142184966,
          0.009017915454139163,
          0.04598980335296208,
          0.021467925186007535,
          0.0488663936920915,
          0.0051446845876215895,
          0.009202191753901204,
          0.014795962695032026,
          0.03432250635660926,
          0.006870179136456618,
          0,
          0
        ],
        "currentBinShare": 0.12448491364483295
      },
      "ttm": {
        "squeeze": false,
        "release": false,
        "widthPct": 2.921994742145729
      }
    },
    "min15": {
      "sma20": 0.109115,
      "sma50": 0.109814,
      "ema20": 0.10952449159041436,
      "ema50": 0.10991092951316245,
      "vwma20": 0.10898104625632173,
      "hma21": 0.11048398268398266,
      "atr14": 0.0003928571428571442,
      "atrPercentile": 0.07317073170731707,
      "rvolZ": -0.5909683937818201,
      "rvolPercentile": 0.08333333333333333,
      "mfi14": 62.751615979467765,
      "ppo": {
        "ppo": 0.13925227261663334,
        "signal": 0.0132845502224112,
        "histogram": 0.12596772239422213
      },
      "stochRsi": {
        "k": 81.08340498710209,
        "d": 78.79342757391503
      },
      "vprofile": {
        "vpBins": [
          0,
          0.02100048649466418,
          0.010646450237756276,
          0.008026601296649363,
          0.0106349394980187,
          0.10233537348036784,
          0.11144192473665065,
          0.07328080179556558,
          0.039752259589104125,
          0.26430411365233003,
          0.1756260612392866,
          0.09989116057800024,
          0.03622667790828851,
          0,
          0,
          0.01759934895439118,
          0.006942051617955757,
          0.008804274196255733,
          0.007003312552901061,
          0.006484162171814337
        ],
        "currentBinShare": 0.07328080179556558
      },
      "ttm": {
        "squeeze": false,
        "release": false,
        "widthPct": 3.5147809111521786
      }
    },
    "hourly": {
      "sma20": 0.11019999999999999,
      "sma50": 0.11665800000000003,
      "ema20": 0.11086880524762358,
      "ema50": 0.11474776077011246,
      "vwma20": 0.11031078764492112,
      "hma21": 0.10832640692640697,
      "atr14": 0.0011785714285714277,
      "atrPercentile": 0.5590062111801242,
      "rvolZ": -0.3140108314817797,
      "rvolPercentile": 0.5059523809523809,
      "mfi14": 36.79773809168789,
      "ppo": {
        "ppo": -1.6812222260670406,
        "signal": -2.137742296396844,
        "histogram": 0.4565200703298036
      },
      "stochRsi": {
        "k": 62.333333333333606,
        "d": 41.51416122004357
      },
      "vprofile": {
        "vpBins": [
          0.02757634836053789,
          0.060991548581559855,
          0.07450189173753968,
          0.07240844815981391,
          0.06608550395984628,
          0.027389181768848594,
          0.01321713134696968,
          0.040719515088872574,
          0,
          0.01974450356210625,
          0.012548869818303356,
          0.08038264268029703,
          0.19115131232995225,
          0.08321792508841735,
          0.03210826817536873,
          0.1316854480794844,
          0.06627146126208212,
          0,
          0,
          0
        ],
        "currentBinShare": 0.07240844815981391
      },
      "ttm": {
        "squeeze": false,
        "release": false,
        "widthPct": 4.814057979712623
      }
    },
    "fourHour": {
      "sma20": 0.12107499999999997,
      "sma50": 0.11309200000000001,
      "ema20": 0.11590059729563336,
      "ema50": 0.11472753022187915,
      "vwma20": 0.12562759689485883,
      "hma21": 0.10875757575757579,
      "atr14": 0.005564285714285714,
      "atrPercentile": 0.7714285714285715,
      "rvolZ": -0.3581720827403456,
      "rvolPercentile": 0.5238095238095238,
      "mfi14": 21.469003216020397,
      "ppo": {
        "ppo": -1.2885571941996818,
        "signal": 0.5701932127478264,
        "histogram": -1.8587504069475083
      },
      "stochRsi": {
        "k": 0,
        "d": 25.590337431821045
      },
      "vprofile": {
        "vpBins": [
          0.015032442977714184,
          0.08810139958742987,
          0.05958659463805195,
          0.07766497934818127,
          0.10144816706320754,
          0.0429724056605775,
          0.02821780146930352,
          0.011232293359159014,
          0.017440398592050148,
          0,
          0.015629254749719407,
          0.11965562786457037,
          0.09353467965093215,
          0.08373121256222858,
          0.14024492504012573,
          0.036027797346120605,
          0.06948002009062829,
          0,
          0,
          0
        ],
        "currentBinShare": 0.10144816706320754
      },
      "ttm": {
        "squeeze": false,
        "release": false,
        "widthPct": 28.072024642607467
      }
    },
    "daily": {
      "sma20": 0.113555,
      "sma50": 0.11719000000000003,
      "ema20": 0.11416310953586827,
      "ema50": 0.11420150958291372,
      "vwma20": 0,
      "hma21": 0.10961904761904759,
      "atr14": 0.009149999999999997,
      "atrPercentile": 0.23684210526315788,
      "rvolZ": 0,
      "rvolPercentile": 1,
      "mfi14": 50,
      "ppo": {
        "ppo": -0.48635863336547347,
        "signal": -1.1835389195539385,
        "histogram": 0.6971802861884651
      },
      "stochRsi": {
        "k": 59.71318952268278,
        "d": 48.10314457836895
      },
      "vprofile": {
        "vpBins": [
          0,
          0,
          0,
          0,
          0,
          0,
          0,
          0,
          0,
          0,
          0,
          0,
          0,
          0,
          0,
          0,
          0,
          0,
          0,
          0
        ],
        "currentBinShare": 0
      },
      "ttm": {
        "squeeze": false,
        "release": false,
        "widthPct": 27.008460322681483
      }
    }
  },
  "smaMin5": 0.10948000000000002,
  "emaMin5": 0.1095298014215441,
  "vwmaMin5": 0.10946836091062677,
  "hmaMin5": 0.11049653679653675,
  "keltner15": {
    "upper": 0.11000449159041437,
    "middle": 0.10952449159041436,
    "lower": 0.10904449159041435
  },
  "superTrend15": {
    "isBull": true,
    "finalUpper": 0.11076,
    "finalLower": 0.10883999999999999
  },
  "mfi15": 62.751615979467765,
  "stochRsi15": {
    "k": 81.08340498710209,
    "d": 78.79342757391503
  },
  "ppo15": {
    "ppo": 0.13925227261663334,
    "signal": 0.0132845502224112,
    "histogram": 0.12596772239422213
  },
  "vpMin15": {
    "vpBins": [
      0,
      0.02100048649466418,
      0.010646450237756276,
      0.008026601296649363,
      0.0106349394980187,
      0.10233537348036784,
      0.11144192473665065,
      0.07328080179556558,
      0.039752259589104125,
      0.26430411365233003,
      0.1756260612392866,
      0.09989116057800024,
      0.03622667790828851,
      0,
      0,
      0.01759934895439118,
      0.006942051617955757,
      0.008804274196255733,
      0.007003312552901061,
      0.006484162171814337
    ],
    "currentBinShare": 0.07328080179556558
  },
  "ttm15": {
    "squeeze": false,
    "release": false,
    "widthPct": 3.5147809111521786
  },
  "marketCorrelation": {
    "hourly": {
      "btcCorrelation": 0,
      "ethCorrelation": 0,
      "btcBeta": 1,
      "ethBeta": 1,
      "btcTrend": "UNKNOWN",
      "ethTrend": "UNKNOWN",
      "tokenVol": 0,
      "btcVol": 0,
      "ethVol": 0,
      "marketDependence": 0,
      "verdict": "INSUFFICIENT_DATA"
    },
    "min15": {
      "btcCorrelation": 0,
      "ethCorrelation": 0,
      "btcBeta": 1,
      "ethBeta": 1,
      "btcTrend": "UNKNOWN",
      "ethTrend": "UNKNOWN",
      "tokenVol": 0,
      "btcVol": 0,
      "ethVol": 0,
      "marketDependence": 0,
      "verdict": "INSUFFICIENT_DATA"
    },
    "daily": {
      "btcCorrelation": 0,
      "ethCorrelation": 0,
      "btcBeta": 1,
      "ethBeta": 1,
      "btcTrend": "UNKNOWN",
      "ethTrend": "UNKNOWN",
      "tokenVol": 0,
      "btcVol": 0,
      "ethVol": 0,
      "marketDependence": 0,
      "verdict": "INSUFFICIENT_DATA"
    }
  },
  "tradeTape": {
    "totalTrades": 0,
    "totalVolume": 0,
    "buysVolume": 0,
    "sellsVolume": 0,
    "buySellRatio": 0.5,
    "vwap": 0,
    "signedVolume": 0,
    "avgTradeSize": 0,
    "tradesPerSec": 0,
    "cumulativeDelta": 0,
    "tradesLast1m": 0,
    "tradesLast5m": 0,
    "tradesLast15m": 0,
    "tradesLast1h": 0,
    "buyVWAP": 0,
    "sellVWAP": 0,
    "aggressorVWAP": 0,
    "bucketDurationMs": 60000,
    "bucketCount": 15,
    "bucketSignedVolumes": [],
    "bucketVolumes": [],
    "bucketVWAPs": [],
    "latestBucketSignedZ": 0
  },
  "enhancedMetrics": {
    "relativeVolumeZScore": -1,
    "volumePercentile": 40,
    "atrPercentile": 0,
    "volatilityPercentile": 57.27848101265823,
    "relativeVolatilityRatio": 0.8596198659719235,
    "isHighVolume": false,
    "isHighVolatility": false,
    "isLowVolatility": false,
    "isExpandingVolatility": false,
    "isContractingVolatility": false
  },
  "orderBook": {
    "bidAskSpread": 0,
    "spreadPct": 0,
    "midPrice": 0,
    "bestBid": 0,
    "bestAsk": 0,
    "bidDepth": 0,
    "askDepth": 0,
    "orderBookImbalance": 0,
    "liquidityScore": 0,
    "depthAt1Pct": {
      "bidVolume": 0,
      "askVolume": 0,
      "imbalance": 0
    },
    "depthAt2Pct": {
      "bidVolume": 0,
      "askVolume": 0,
      "imbalance": 0
    },
    "depthAt5Pct": {
      "bidVolume": 0,
      "askVolume": 0,
      "imbalance": 0
    },
    "weightedMidPrice": 0,
    "volumeWeightedSpread": 0,
    "totalBidLevels": 0,
    "totalAskLevels": 0
  },
  "marketCap": {
    "marketCap": 0,
    "totalVolume24h": 0,
    "volumeToMarketCapRatio": 0,
    "marketCapRank": 0,
    "normalizedRank": 0,
    "isHighLiquidity": false,
    "isVeryHighLiquidity": false,
    "isLowLiquidity": true,
    "liquidityTier": "VERY_LOW"
  },
  "sweeps": {
    "sweepScore": 0,
    "sweepCount": 0,
    "sweepDirection": "NEUTRAL",
    "buySweeps": 0,
    "sellSweeps": 0,
    "avgSweepSize": 0,
    "avgSweepIntensity": 0,
    "bidLiftRatio": 0,
    "askLiftRatio": 0,
    "sweepFrequency": 0,
    "largestSweep": null,
    "recentSweepClusters": 0,
    "sweepDetails": []
  },
  "absorption": {
    "absorptionScore": 0,
    "absorptionLevel": null,
    "absorptionSide": "NONE",
    "icebergProbability": 0,
    "hiddenLiquidityEstimate": 0,
    "volumeAtPrice": {},
    "topAbsorptionLevels": [],
    "persistenceDuration": 0,
    "refillDetected": false
  },
  "orderArrival": {
    "avgInterArrivalTime": 0,
    "recentInterArrivalTime": 0,
    "accelerationRatio": 1,
    "hawkesIntensity": 0,
    "hawkesDirection": "NEUTRAL",
    "clusteringScore": 0,
    "burstCount": 0,
    "cascadeDetected": false,
    "timeToNextTrade": 0,
    "accelerationTrend": "STABLE"
  },
  "liquidityVacuum": {
    "vacuumScore": 0,
    "vacuumSide": "NONE",
    "bidVacuumSeverity": 0,
    "askVacuumSeverity": 0,
    "depthConcentration": 0,
    "priceImpact10k": 0,
    "priceImpact50k": 0,
    "priceImpact100k": 0,
    "largestGapBid": 0,
    "largestGapAsk": 0,
    "avgGapBid": 0,
    "avgGapAsk": 0,
    "bidCliffDistance": 0,
    "askCliffDistance": 0
  },
  "volatilityRegime": {
    "regime": "BELOW_NORMAL",
    "regimeScore": -0.5,
    "currentATR": 0.009408,
    "avgATR": 0.008445,
    "atrPercentile": 30.3,
    "realizedVolatility": 74.19,
    "volPercentile": 33.9,
    "expanding": false,
    "contracting": true,
    "transitionProbability": 0.4,
    "daysInRegime": 2,
    "regimeStrength": 0.79
  },
  "temporalPatterns": {
    "currentHour": 13,
    "currentDay": 0,
    "currentDayName": "Sunday",
    "dayBias": "NEUTRAL",
    "hourlyProfile": [
      {
        "avgVolume": 128499.61,
        "avgATR": 0.001321,
        "avgReturn": -0.159
      },
      {
        "avgVolume": 151789.24,
        "avgATR": 0.001707,
        "avgReturn": 0.132
      },
      {
        "avgVolume": 136574.07,
        "avgATR": 0.001515,
        "avgReturn": 0.125
      },
      {
        "avgVolume": 159050.21,
        "avgATR": 0.001371,
        "avgReturn": -0.185
      },
      {
        "avgVolume": 253590.45,
        "avgATR": 0.002136,
        "avgReturn": 0.541
      },
      {
        "avgVolume": 395072.66,
        "avgATR": 0.002686,
        "avgReturn": -0.12
      },
      {
        "avgVolume": 271630.2,
        "avgATR": 0.002058,
        "avgReturn": -0.223
      },
      {
        "avgVolume": 189161.14,
        "avgATR": 0.002057,
        "avgReturn": -0.335
      },
      {
        "avgVolume": 121869.94,
        "avgATR": 0.001467,
        "avgReturn": -0.005
      },
      {
        "avgVolume": 122313.04,
        "avgATR": 0.001633,
        "avgReturn": 0.089
      },
      {
        "avgVolume": 96448.28,
        "avgATR": 0.001171,
        "avgReturn": -0.04
      },
      {
        "avgVolume": 127647.19,
        "avgATR": 0.001567,
        "avgReturn": -0.463
      },
      {
        "avgVolume": 169256.31,
        "avgATR": 0.001436,
        "avgReturn": -0.045
      },
      {
        "avgVolume": 103980,
        "avgATR": 0.001479,
        "avgReturn": -0.042
      },
      {
        "avgVolume": 114170.88,
        "avgATR": 0.00155,
        "avgReturn": -0.556
      },
      {
        "avgVolume": 217042.39,
        "avgATR": 0.002,
        "avgReturn": 0.238
      },
      {
        "avgVolume": 244115.62,
        "avgATR": 0.002493,
        "avgReturn": 0.218
      },
      {
        "avgVolume": 128561.59,
        "avgATR": 0.001607,
        "avgReturn": -0.416
      },
      {
        "avgVolume": 113887.57,
        "avgATR": 0.001379,
        "avgReturn": 0.25
      },
      {
        "avgVolume": 372829.04,
        "avgATR": 0.001843,
        "avgReturn": 0.052
      },
      {
        "avgVolume": 143183.29,
        "avgATR": 0.001186,
        "avgReturn": 0.192
      },
      {
        "avgVolume": 65402.39,
        "avgATR": 0.001071,
        "avgReturn": 0.245
      },
      {
        "avgVolume": 61041.98,
        "avgATR": 0.001354,
        "avgReturn": 0.146
      },
      {
        "avgVolume": 52763.34,
        "avgATR": 0.000971,
        "avgReturn": -0.044
      }
    ],
    "dailyProfile": [
      {
        "avgVolume": 215172.49,
        "avgATR": 0.002289,
        "avgReturn": -0.091
      },
      {
        "avgVolume": 104310.68,
        "avgATR": 0.001281,
        "avgReturn": -0.225
      },
      {
        "avgVolume": 80314.78,
        "avgATR": 0.000993,
        "avgReturn": -0.1
      },
      {
        "avgVolume": 132598.1,
        "avgATR": 0.001576,
        "avgReturn": 0.012
      },
      {
        "avgVolume": 58697.67,
        "avgATR": 0.000919,
        "avgReturn": -0.135
      },
      {
        "avgVolume": 92929.19,
        "avgATR": 0.001221,
        "avgReturn": 0.072
      },
      {
        "avgVolume": 480818.88,
        "avgATR": 0.003235,
        "avgReturn": 0.364
      }
    ],
    "favorableHours": [
      5,
      19,
      6,
      4,
      16,
      15
    ],
    "favorableWindow": false,
    "currentVsAvgVolume": 0,
    "currentVsAvgVolatility": 0,
    "anomalyDetected": true,
    "timeUntilFavorable": 2,
    "temporalScore": 0
  },
  "unifiedMicrostructure": {
    "signalDirections": {
      "vpin": "NEUTRAL",
      "sweeps": "NEUTRAL",
      "absorption": "NEUTRAL",
      "arrival": "NEUTRAL",
      "vacuum": "NONE",
      "volRegime": "FAVORABLE",
      "temporal": "UNFAVORABLE"
    },
    "consensusDirection": "NEUTRAL",
    "consensusStrength": 50,
    "bullishSignals": 1,
    "bearishSignals": 1,
    "neutralSignals": 0,
    "totalAvailableSignals": 2,
    "dominantPattern": "NONE",
    "clusters": {
      "strongBuyCluster": false,
      "distributionPattern": false,
      "accumulationPattern": false,
      "momentumCascade": false
    },
    "adaptiveWeights": {
      "vpin": 0,
      "sweeps": 0,
      "absorption": 0,
      "arrival": 0,
      "vacuum": 0,
      "volRegime": 0.021,
      "temporal": 0.02
    },
    "convictionLevel": "LOW",
    "convictionScore": 30,
    "riskAdjustment": "REDUCE",
    "timingQuality": "UNFAVORABLE",
    "signalQuality": "LOW"
  },
  "deltaAnalysis": {
    "currentDelta": 0,
    "cumulativeDelta": 0,
    "deltaPerVolume": 0,
    "deltaDirection": "NEUTRAL",
    "deltaDivergence": false,
    "institutionalRatio": 0,
    "aggressionScore": 0
  },
  "volumeProfile": {
    "pointOfControl": 0,
    "valueAreaHigh": 0,
    "valueAreaLow": 0,
    "currentPosition": "ABOVE_VALUE_AREA",
    "volumeNodes": [],
    "airPockets": []
  },
  "momentumCascade": {
    "cascadeDetected": false,
    "alignmentScore": 0.0005185854585076067,
    "cascadeStrength": 0,
    "acceleratingTimeframes": [],
    "divergingTimeframes": [
      "1m",
      "5m",
      "15m",
      "1h"
    ]
  },
  "breakoutConfirmation": {
    "breakoutConfirmed": false,
    "volumeConfirmation": false,
    "retestStrength": 0,
    "falseBreakoutRisk": 0,
    "breakoutQuality": "NO_BREAKOUT"
  },
  "liquidityHeatmap": {
    "liquidityScore": 0,
    "magnetDirection": "NONE",
    "magnetStrength": 0,
    "priceTarget5pct": null,
    "message": "No order book data"
  },
  "smartMoneyDivergence": {
    "divergenceDetected": false,
    "divergenceDirection": "NONE",
    "smartMoneyScore": 0.5,
    "message": "Insufficient trade data"
  },
  "microstructure": {
    "raw": 0.007911392405063292,
    "pct": 50,
    "summary": {
      "latestBucketSignedZ": 0,
      "buySellRatio": 0.5,
      "tradesPerSec": 0,
      "vwap": 0,
      "aggressorVWAP": 0,
      "vpinToxicity": "UNKNOWN",
      "sweepDirection": "NEUTRAL",
      "absorptionSide": "NONE",
      "icebergDetected": false,
      "hawkesDirection": "NEUTRAL",
      "cascadeDetected": false,
      "vacuumSide": "NONE",
      "volatilityRegime": "BELOW_NORMAL",
      "volExpanding": false,
      "favorableTimeWindow": false,
      "temporalAnomaly": true,
      "consensusDirection": "NEUTRAL",
      "consensusStrength": 50,
      "dominantPattern": "NONE",
      "convictionLevel": "LOW",
      "riskAdjustment": "REDUCE",
      "timingQuality": "UNFAVORABLE",
      "deltaDirection": "NEUTRAL",
      "deltaDivergence": false,
      "institutionalRatio": 0,
      "volumeProfilePosition": "ABOVE_VALUE_AREA",
      "pointOfControl": 0,
      "momentumCascadeDetected": false,
      "cascadeStrength": 0,
      "breakoutQuality": "NO_BREAKOUT",
      "breakoutConfirmed": false,
      "magnetDirection": "NONE",
      "magnetStrength": 0,
      "priceTarget5pct": null,
      "nearestBidWall": 0,
      "nearestAskWall": 0,
      "divergenceDetected": false,
      "divergenceDirection": "NONE",
      "whaleAccumulation": false,
      "whaleDistribution": false,
      "retailPanic": false,
      "smartMoneyScore": 0.5
    }
  }
}

=== MICROSTRUCTURE ALERTS ===

🔬 VPIN: Insufficient data for VPIN analysis

🌊 SWEEP DETECTION: No significant sweeps detected

🧊 ABSORPTION & ICEBERG: No significant absorption or iceberg orders detected

⚡ ORDER ARRIVAL DYNAMICS: Insufficient trades for analysis

🌪️ LIQUIDITY VACUUM: No significant vacuum detected

📊 VOLATILITY REGIME DETECTION:
   Current Regime: BELOW_NORMAL
   Regime Score: -0.50 (-1=low vol, +1=extreme vol)
   Days in Regime: 2
   ATR: $0.009408 (avg: $0.008445)
   ATR Percentile: 30.3%
   Realized Volatility: 74.19% (annualized)
   Vol Percentile: 33.9%

   🟢 BELOW NORMAL VOLATILITY:
   ⚡ Consolidation phase - watch for expansion
   ✅ Good entry zone for patient trades

   📉 VOLATILITY CONTRACTING:
   🔄 Consolidation phase - accumulation likely
   ⏳ Wait for expansion before entering

   📍 MODERATE REGIME TRANSITION PROBABILITY: 40%
   Monitor for potential regime change

   ⚠️ NEW REGIME: Only 2 day(s) - conditions still settling

⏰ TEMPORAL PATTERN ANALYSIS:
   Current Time: Sunday 13:00 UTC
   Day Bias: NEUTRAL
   Current vs Avg Volume: 0x
   Current vs Avg Volatility: 0x

   ⏳ NON-FAVORABLE TIME WINDOW:
   This hour typically shows weaker activity
   Next favorable window in 2 hour(s)

   ⚠️ LOW ACTIVITY ANOMALY:
   Volume 0x below typical - Extremely quiet

   📉 LOW VOLATILITY ANOMALY:
   Volatility 0x below typical - Consolidation likely

   🔥 Best Trading Hours (UTC): 5:00, 19:00, 6:00

🎯 UNIFIED MICROSTRUCTURE INTEGRATION:
   Signal Consensus: NEUTRAL (50% agreement)
   Available Signals: 2 (1 bullish / 1 bearish / 0 neutral)
   Conviction Level: LOW (30%)
   Signal Quality: LOW
   Risk Adjustment: REDUCE
   Timing Quality: UNFAVORABLE

   ⚠️ LOW CONVICTION: Only 50% signal agreement
   Weak alignment - Reduce position size or wait for clarity

   ⚠️ RISK REDUCTION RECOMMENDED: Extreme volatility or unfavorable timing detected

   ⏰ UNFAVORABLE TIMING: Avoid trading during this hour

   Signal Directions Breakdown:
   • VPIN: NEUTRAL
   • Sweeps: NEUTRAL
   • Absorption: NEUTRAL
   • Arrival Dynamics: NEUTRAL
   • Liquidity Vacuum: NONE
   • Vol Regime: FAVORABLE
   • Temporal: UNFAVORABLE

   Adaptive Weights (Total: 4.1%):
   • VPIN: 0.0%
   • Sweeps: 0.0%
   • Absorption: 0.0%
   • Arrival: 0.0%
   • Vacuum: 0.0%
   • Vol Regime: 2.1%
   • Temporal: 2.0%


💹 DELTA ANALYSIS (Order Flow Aggression):
   Direction: NEUTRAL
   Delta Per Volume: 0.00%
   Institutional Ratio: 0.0%
   Aggression Score: 0.0%

📊 VOLUME PROFILE (Support/Resistance Strength):
   Point of Control (POC): $0.000000
   Value Area High: $0.000000
   Value Area Low: $0.000000
   Current Position: ABOVE_VALUE_AREA
   ⚠️ DISTRIBUTION RISK: Price above value area - potential rejection zone

⚡ MOMENTUM CASCADE (Multi-Timeframe Alignment):
   Cascade Detected: NO
   Alignment Score: 0.1%
   Cascade Strength: 0.0%
   Accelerating: None
   Diverging: 1m, 5m, 15m, 1h

💥 BREAKOUT CONFIRMATION:
   Quality: NO_BREAKOUT
   Volume Confirmation: NO
   Retest Strength: 0.0%
   False Breakout Risk: 0.0%
   No breakout detected - price below resistance


levels:
Entry=0.1095804, StopLoss=0.10684089, TakeProfit=0.109792475, 0.11000454999999998, 0.11017420999999998

---

=== Token: SAPIEN (SAPIEN) ===
Contract: SAPIEN-USD
Timestamp: 2025-09-16T12:15:00.000Z

Calculations:
{
  "momentumScore": 118.37182830574443,
  "volumeScore": 86.0157876933373,
  "patternScore": 85.21308661838808,
  "totalScore": 84.04644154048043,
  "finalScore": 84.04644154048043,
  "weights": "0.23,0.45,0.23",
  "hourlyUptrend": true,
  "rsi": 75.0877192982457,
  "ultraShortVolumeSurge": 1.2286561396215492,
  "baseVolumeSurge": 0.02603040153968682,
  "currentPrice": 0.2853,
  "resistance": 0.2891,
  "support": 0.2632,
  "rocMin5": 0.025889967637540395,
  "shortROC": 0.0070596540769502355,
  "priceAcceleration": 0.006461722373714558,
  "buySellRatio": 0.5615009551786486,
  "macdHistogram": 0.0017378093539871181,
  "stochasticK": 98.19494584837545,
  "atr": 0.003042857142857129,
  "bbUpper": 0.2854038888522089,
  "bbLower": 0.2517461111477911,
  "hammerDetected": false,
  "engulfingDetected": true,
  "compressionSpring": {
    "detected": false,
    "confidence": 0,
    "signals": {
      "sidewaysPrice": false,
      "atrCompression": false,
      "bbSqueeze": false,
      "consolidationTime": true,
      "strongBuying": false,
      "obvPositive": false,
      "chaikinPositive": false,
      "rsiNeutral": false,
      "volumeBuilding": false
    },
    "metrics": {
      "priceRange": 9.84,
      "atrRatio": 1.054,
      "bbWidth": 12.53,
      "volumeRatio": 1.038,
      "signalCount": 1,
      "buySellRatio": 0.562
    }
  },
  "riskTier": "HIGH",
  "atrPercent": 2.1180712032447038,
  "distanceToResistance": 1.3319313003855682,
  "slPercent": 5,
  "tpPercent": 1.132141605327733,
  "trailingActivation": 0.6792849631966397,
  "shortMomentumScore": 0,
  "overboughtScore": 90,
  "shortPatternScore": 0,
  "shootingStarDetected": false,
  "bearishEngulfingDetected": false,
  "eveningStarDetected": false,
  "bearishPatternsCount": 0,
  "shortTotalScore": 31.499999999999996,
  "chaikin": 0.11344063438216681,
  "obvIncreasing": true,
  "obvTrend": "increasing",
  "adx": 76.15894039735093,
  "recentCandles": {
    "redCount": 4,
    "greenCount": 6
  },
  "resistanceDistance": 1.3319313003855682,
  "multiplePatterns": false,
  "bullishPattern": true,
  "priceAboveVWAP": true,
  "breakingResistance": false,
  "atrSufficient": true,
  "macdDivergenceBearish": false,
  "rvolMin1": 2.187358439841689,
  "rvolMin5": 0.8917435566159342,
  "atrPercentileOld": 0.9024390243902439,
  "vwapDeviation": 6.242688880533913,
  "bbWidthPercent": 12.531984624189818,
  "bbSqueeze": false,
  "multiTFMomentum": {
    "min1": {
      "roc1": 0.0031768443346276453,
      "roc3": 0.00459526334393787
    },
    "min5": {
      "roc1": 0.0070596540769502355,
      "roc3": 0.0255212077641984
    },
    "min15": {
      "roc1": 0.018708083303918203,
      "roc3": 0.04075009015506683
    },
    "hourly": {
      "roc1": 0.07299532542250983,
      "roc3": 0.1092936802973977
    },
    "fourHour": {
      "roc1": 0.14285714285714285,
      "roc3": 0.12773998488284202
    },
    "divergenceShortUpLongDown": false
  },
  "returnZMin5": 0.8794588748153223,
  "wickClosePct": 0.979591836734696,
  "wickUpper": 0.00009999999999998899,
  "wickLower": 0.00269999999999998,
  "wickRatio": 1.285714285714282,
  "donchianBreakout15": false,
  "bbWidthPercentile15": 1,
  "signedMin5": 1510448.9,
  "signedMin5Z": 11.629888611606775,
  "signedMin1": 309946.3,
  "signedMin1Z": 10.76507304089755,
  "streakMin1": {
    "upStreak": 1,
    "downStreak": 0
  },
  "streakMin5": {
    "upStreak": 1,
    "downStreak": 0
  },
  "rvolPercentileMin1": 0.9826388888888888,
  "rvolPercentileMin5": 0.8854166666666666,
  "perTfMetrics": {
    "min1": {
      "sma20": 0.28079999999999994,
      "sma50": 0.278184,
      "ema20": 0.2814865084924508,
      "ema50": 0.27838745374671975,
      "vwma20": 0.28249896521895673,
      "hma21": 0.28479220779220793,
      "atr14": 0.0014571428571428433,
      "atrPercentile": 0.9239677744209466,
      "rvolZ": 2.187358439841689,
      "rvolPercentile": 0.9826388888888888,
      "mfi14": 28.308939888914722,
      "ppo": {
        "ppo": 0.62894616973456,
        "signal": 0.5613197354902848,
        "histogram": 0.06762643424427517
      },
      "stochRsi": {
        "k": 95.70647931303637,
        "d": 72.5539942753059
      },
      "vprofile": {
        "vpBins": [
          0.014095341195938764,
          0.02030219478767108,
          0.015373537839137117,
          0.004476609358453691,
          0.022332389299709477,
          0.05657168615673538,
          0.051171457636267466,
          0.11826419817290981,
          0.07857578794059565,
          0.08981396166933041,
          0.07254876969578418,
          0.039783109034323125,
          0.02781328532064957,
          0.16691097026824625,
          0.01506270206665842,
          0.05729242568122654,
          0.026963342975067847,
          0.031857770538536084,
          0.04861658732032226,
          0.04217387304243682
        ],
        "currentBinShare": 0.04217387304243682
      },
      "ttm": {
        "squeeze": false,
        "release": false,
        "widthPct": 3.673170217481826
      }
    },
    "min5": {
      "sma20": 0.27460000000000007,
      "sma50": 0.268722,
      "ema20": 0.276179991140897,
      "ema50": 0.2703649790169285,
      "vwma20": 0.2774692890185521,
      "hma21": 0.2841658008658009,
      "atr14": 0.003042857142857129,
      "atrPercentile": 0.8832116788321168,
      "rvolZ": 0.8917435566159342,
      "rvolPercentile": 0.8854166666666666,
      "mfi14": 89.86052666152167,
      "ppo": {
        "ppo": 1.6066012532109677,
        "signal": 1.2806137344406663,
        "histogram": 0.3259875187703014
      },
      "stochRsi": {
        "k": 70.32676841987049,
        "d": 76.13373251596806
      },
      "vprofile": {
        "vpBins": [
          0.015649979803735618,
          0.0027821955460963542,
          0.022877831324463957,
          0.08517779503822231,
          0.10357415092949666,
          0.066378208769464,
          0.06536653894709814,
          0.11886210361299569,
          0.07176900569556063,
          0.1082928083153929,
          0.05788145836928529,
          0.06451505643881089,
          0.02691358859207452,
          0.03395996327926405,
          0.07151565128890211,
          0.03782103839016977,
          0.01730313590831229,
          0,
          0.009525112104271054,
          0.019834377646383607
        ],
        "currentBinShare": 0.019834377646383607
      },
      "ttm": {
        "squeeze": false,
        "release": false,
        "widthPct": 8.632256681401916
      }
    },
    "min15": {
      "sma20": 0.268575,
      "sma50": 0.2639660000000001,
      "ema20": 0.2710815474761967,
      "ema50": 0.267736328682949,
      "vwma20": 0.2728161056231153,
      "hma21": 0.2789311688311689,
      "atr14": 0.00604285714285714,
      "atrPercentile": 0.9024390243902439,
      "rvolZ": 0.9623071219762321,
      "rvolPercentile": 0.875,
      "mfi14": 84.77331821942062,
      "ppo": {
        "ppo": 1.9967415160573834,
        "signal": 1.1807357753150827,
        "histogram": 0.8160057407423007
      },
      "stochRsi": {
        "k": 100,
        "d": 78.89902397821855
      },
      "vprofile": {
        "vpBins": [
          0.013127588591013433,
          0.011867425165541711,
          0.06223843642427983,
          0.07176393424745406,
          0.03148993733382498,
          0.10627766445859707,
          0.07864445720662132,
          0.06075960292490631,
          0.18033477769595213,
          0.02432728360768016,
          0.07714521071139514,
          0.042754462234177296,
          0.02676124380943393,
          0.037514522408468455,
          0.08502948816774537,
          0.0423798766559903,
          0,
          0.047584088356918436,
          0,
          0
        ],
        "currentBinShare": 0.0423798766559903
      },
      "ttm": {
        "squeeze": false,
        "release": true,
        "widthPct": 12.531984624189818
      }
    },
    "hourly": {
      "sma20": 0.267915,
      "sma50": 0.29008,
      "ema20": 0.2725171646341146,
      "ema50": 0.2819221050212015,
      "vwma20": 0.2710435832226689,
      "hma21": 0.26407402597402596,
      "atr14": 0.009828571428571417,
      "atrPercentile": 0.4192546583850932,
      "rvolZ": 0.25572207779609635,
      "rvolPercentile": 0.7440476190476191,
      "mfi14": 62.04587745827056,
      "ppo": {
        "ppo": -1.0336974052863113,
        "signal": -2.641966389338046,
        "histogram": 1.6082689840517346
      },
      "stochRsi": {
        "k": 100,
        "d": 55.68175840904101
      },
      "vprofile": {
        "vpBins": [
          0.02300845359307538,
          0.051681302151201355,
          0.048533002976821345,
          0.07627634167988695,
          0.05493048901474075,
          0.05894861744109627,
          0.05022800136440855,
          0.07183648868748302,
          0.14648060175989627,
          0.12827859794717567,
          0.05610190797791085,
          0.04485500518533696,
          0.020276991562118277,
          0.04754400690603457,
          0.05907514822515547,
          0.04535633776756506,
          0.01658870576009325,
          0,
          0,
          0
        ],
        "currentBinShare": 0.04485500518533696
      },
      "ttm": {
        "squeeze": false,
        "release": true,
        "widthPct": 14.144831924725947
      }
    },
    "fourHour": {
      "sma20": 0.29752,
      "sma50": 0.27258999999999994,
      "ema20": 0.28558733687119087,
      "ema50": 0.26939589174538964,
      "vwma20": 0.30643918222880523,
      "hma21": 0.27209177489177494,
      "atr14": 0.02272142857142857,
      "atrPercentile": 0.2857142857142857,
      "rvolZ": -0.4649261644812277,
      "rvolPercentile": 0.36904761904761907,
      "mfi14": 40.96740076027531,
      "ppo": {
        "ppo": -0.11716346514079459,
        "signal": 1.7094523215591875,
        "histogram": -1.8266157866999821
      },
      "stochRsi": {
        "k": 42.21104366318106,
        "d": 34.4931840421619
      },
      "vprofile": {
        "vpBins": [
          0.06406331445499085,
          0.06816482555011091,
          0.02041739478339341,
          0.037502092924355274,
          0,
          0.039165643802969885,
          0.04373794155560937,
          0.07348990513415292,
          0.029236167028242138,
          0.04727475763669222,
          0.08625235986144562,
          0.1577889233063647,
          0.12710709363921566,
          0.0855739945670659,
          0.03280159514122239,
          0.05526821745339622,
          0.032155773160772644,
          0,
          0,
          0
        ],
        "currentBinShare": 0.0855739945670659
      },
      "ttm": {
        "squeeze": false,
        "release": false,
        "widthPct": 30.57368055269659
      }
    },
    "daily": {
      "sma20": 0.21409499999999998,
      "sma50": 0,
      "ema20": 0.24068074769829645,
      "ema50": 0.22083125188272332,
      "vwma20": 0,
      "hma21": 0.3220848484848484,
      "atr14": 0.057164285714285716,
      "atrPercentile": 1,
      "rvolZ": 0,
      "rvolPercentile": 1,
      "mfi14": 50,
      "ppo": {
        "ppo": 11.201732065335225,
        "signal": 0,
        "histogram": 11.201732065335225
      },
      "stochRsi": {
        "k": 84.42251580282512,
        "d": 70.85765255604534
      },
      "vprofile": {
        "vpBins": [
          0,
          0,
          0,
          0,
          0,
          0,
          0,
          0,
          0,
          0,
          0,
          0,
          0,
          0,
          0,
          0,
          0,
          0,
          0,
          0
        ],
        "currentBinShare": 0
      },
      "ttm": {
        "squeeze": false,
        "release": false,
        "widthPct": 118.60439662085128
      }
    }
  },
  "smaMin5": 0.27460000000000007,
  "emaMin5": 0.276179991140897,
  "vwmaMin5": 0.2774692890185521,
  "hmaMin5": 0.2841658008658009,
  "keltner15": {
    "upper": 0.2791815474761967,
    "middle": 0.2710815474761967,
    "lower": 0.26298154747619673
  },
  "superTrend15": {
    "isBull": true,
    "finalUpper": 0.30100000000000005,
    "finalLower": 0.26860000000000006
  },
  "mfi15": 84.77331821942062,
  "stochRsi15": {
    "k": 100,
    "d": 78.89902397821855
  },
  "ppo15": {
    "ppo": 1.9967415160573834,
    "signal": 1.1807357753150827,
    "histogram": 0.8160057407423007
  },
  "vpMin15": {
    "vpBins": [
      0.013127588591013433,
      0.011867425165541711,
      0.06223843642427983,
      0.07176393424745406,
      0.03148993733382498,
      0.10627766445859707,
      0.07864445720662132,
      0.06075960292490631,
      0.18033477769595213,
      0.02432728360768016,
      0.07714521071139514,
      0.042754462234177296,
      0.02676124380943393,
      0.037514522408468455,
      0.08502948816774537,
      0.0423798766559903,
      0,
      0.047584088356918436,
      0,
      0
    ],
    "currentBinShare": 0.0423798766559903
  },
  "ttm15": {
    "squeeze": false,
    "release": true,
    "widthPct": 12.531984624189818
  },
  "marketCorrelation": {
    "hourly": {
      "btcCorrelation": 0,
      "ethCorrelation": 0,
      "btcBeta": 1,
      "ethBeta": 1,
      "btcTrend": "UNKNOWN",
      "ethTrend": "UNKNOWN",
      "tokenVol": 0,
      "btcVol": 0,
      "ethVol": 0,
      "marketDependence": 0,
      "verdict": "INSUFFICIENT_DATA"
    },
    "min15": {
      "btcCorrelation": 0,
      "ethCorrelation": 0,
      "btcBeta": 1,
      "ethBeta": 1,
      "btcTrend": "UNKNOWN",
      "ethTrend": "UNKNOWN",
      "tokenVol": 0,
      "btcVol": 0,
      "ethVol": 0,
      "marketDependence": 0,
      "verdict": "INSUFFICIENT_DATA"
    },
    "daily": {
      "btcCorrelation": 0,
      "ethCorrelation": 0,
      "btcBeta": 1,
      "ethBeta": 1,
      "btcTrend": "UNKNOWN",
      "ethTrend": "UNKNOWN",
      "tokenVol": 0,
      "btcVol": 0,
      "ethVol": 0,
      "marketDependence": 0,
      "verdict": "INSUFFICIENT_DATA"
    }
  },
  "tradeTape": {
    "totalTrades": 0,
    "totalVolume": 0,
    "buysVolume": 0,
    "sellsVolume": 0,
    "buySellRatio": 0.5,
    "vwap": 0,
    "signedVolume": 0,
    "avgTradeSize": 0,
    "tradesPerSec": 0,
    "cumulativeDelta": 0,
    "tradesLast1m": 0,
    "tradesLast5m": 0,
    "tradesLast15m": 0,
    "tradesLast1h": 0,
    "buyVWAP": 0,
    "sellVWAP": 0,
    "aggressorVWAP": 0,
    "bucketDurationMs": 60000,
    "bucketCount": 15,
    "bucketSignedVolumes": [],
    "bucketVolumes": [],
    "bucketVWAPs": [],
    "latestBucketSignedZ": 0
  },
  "enhancedMetrics": {
    "relativeVolumeZScore": -1,
    "volumePercentile": 40,
    "atrPercentile": 88.32116788321169,
    "volatilityPercentile": 53.16455696202531,
    "relativeVolatilityRatio": 1.4986501205253775,
    "isHighVolume": false,
    "isHighVolatility": false,
    "isLowVolatility": false,
    "isExpandingVolatility": true,
    "isContractingVolatility": false
  },
  "orderBook": {
    "bidAskSpread": 0,
    "spreadPct": 0,
    "midPrice": 0,
    "bestBid": 0,
    "bestAsk": 0,
    "bidDepth": 0,
    "askDepth": 0,
    "orderBookImbalance": 0,
    "liquidityScore": 0,
    "depthAt1Pct": {
      "bidVolume": 0,
      "askVolume": 0,
      "imbalance": 0
    },
    "depthAt2Pct": {
      "bidVolume": 0,
      "askVolume": 0,
      "imbalance": 0
    },
    "depthAt5Pct": {
      "bidVolume": 0,
      "askVolume": 0,
      "imbalance": 0
    },
    "weightedMidPrice": 0,
    "volumeWeightedSpread": 0,
    "totalBidLevels": 0,
    "totalAskLevels": 0
  },
  "marketCap": {
    "marketCap": 0,
    "totalVolume24h": 0,
    "volumeToMarketCapRatio": 0,
    "marketCapRank": 0,
    "normalizedRank": 0,
    "isHighLiquidity": false,
    "isVeryHighLiquidity": false,
    "isLowLiquidity": true,
    "liquidityTier": "VERY_LOW"
  },
  "sweeps": {
    "sweepScore": 0,
    "sweepCount": 0,
    "sweepDirection": "NEUTRAL",
    "buySweeps": 0,
    "sellSweeps": 0,
    "avgSweepSize": 0,
    "avgSweepIntensity": 0,
    "bidLiftRatio": 0,
    "askLiftRatio": 0,
    "sweepFrequency": 0,
    "largestSweep": null,
    "recentSweepClusters": 0,
    "sweepDetails": []
  },
  "absorption": {
    "absorptionScore": 0,
    "absorptionLevel": null,
    "absorptionSide": "NONE",
    "icebergProbability": 0,
    "hiddenLiquidityEstimate": 0,
    "volumeAtPrice": {},
    "topAbsorptionLevels": [],
    "persistenceDuration": 0,
    "refillDetected": false
  },
  "orderArrival": {
    "avgInterArrivalTime": 0,
    "recentInterArrivalTime": 0,
    "accelerationRatio": 1,
    "hawkesIntensity": 0,
    "hawkesDirection": "NEUTRAL",
    "clusteringScore": 0,
    "burstCount": 0,
    "cascadeDetected": false,
    "timeToNextTrade": 0,
    "accelerationTrend": "STABLE"
  },
  "liquidityVacuum": {
    "vacuumScore": 0,
    "vacuumSide": "NONE",
    "bidVacuumSeverity": 0,
    "askVacuumSeverity": 0,
    "depthConcentration": 0,
    "priceImpact10k": 0,
    "priceImpact50k": 0,
    "priceImpact100k": 0,
    "largestGapBid": 0,
    "largestGapAsk": 0,
    "avgGapBid": 0,
    "avgGapAsk": 0,
    "bidCliffDistance": 0,
    "askCliffDistance": 0
  },
  "volatilityRegime": {
    "regime": "UNKNOWN",
    "regimeScore": 0,
    "currentATR": 0,
    "avgATR": 0,
    "atrPercentile": 0,
    "realizedVolatility": 0,
    "volPercentile": 0,
    "expanding": false,
    "contracting": false,
    "transitionProbability": 0,
    "daysInRegime": 0,
    "regimeStrength": 0
  },
  "temporalPatterns": {
    "currentHour": 13,
    "currentDay": 0,
    "currentDayName": "Sunday",
    "dayBias": "NEUTRAL",
    "hourlyProfile": [
      {
        "avgVolume": 2382536.34,
        "avgATR": 0.009957,
        "avgReturn": -0.221
      },
      {
        "avgVolume": 2009900.92,
        "avgATR": 0.010657,
        "avgReturn": 0.535
      },
      {
        "avgVolume": 2368383.84,
        "avgATR": 0.011414,
        "avgReturn": 0.489
      },
      {
        "avgVolume": 2047849.76,
        "avgATR": 0.010229,
        "avgReturn": 0.21
      },
      {
        "avgVolume": 2266944.81,
        "avgATR": 0.011314,
        "avgReturn": 1.047
      },
      {
        "avgVolume": 1527030.79,
        "avgATR": 0.008793,
        "avgReturn": -0.098
      },
      {
        "avgVolume": 2318748.84,
        "avgATR": 0.011393,
        "avgReturn": -0.204
      },
      {
        "avgVolume": 1616876.03,
        "avgATR": 0.009936,
        "avgReturn": 0.95
      },
      {
        "avgVolume": 1574523.52,
        "avgATR": 0.010207,
        "avgReturn": -0.003
      },
      {
        "avgVolume": 1703241.8,
        "avgATR": 0.010257,
        "avgReturn": 0.066
      },
      {
        "avgVolume": 1850142.67,
        "avgATR": 0.011471,
        "avgReturn": -0.497
      },
      {
        "avgVolume": 1956839.92,
        "avgATR": 0.011986,
        "avgReturn": 1.503
      },
      {
        "avgVolume": 2691307.96,
        "avgATR": 0.013693,
        "avgReturn": 1.725
      },
      {
        "avgVolume": 3130621.08,
        "avgATR": 0.014915,
        "avgReturn": 0.136
      },
      {
        "avgVolume": 3595113.86,
        "avgATR": 0.019436,
        "avgReturn": 0.708
      },
      {
        "avgVolume": 3399109.22,
        "avgATR": 0.015779,
        "avgReturn": -1.856
      },
      {
        "avgVolume": 2789334.74,
        "avgATR": 0.012329,
        "avgReturn": 0.573
      },
      {
        "avgVolume": 2090132.8,
        "avgATR": 0.009957,
        "avgReturn": -0.937
      },
      {
        "avgVolume": 2323155.41,
        "avgATR": 0.010543,
        "avgReturn": 1.202
      },
      {
        "avgVolume": 2080377.94,
        "avgATR": 0.011164,
        "avgReturn": -0.068
      },
      {
        "avgVolume": 2215794.01,
        "avgATR": 0.010707,
        "avgReturn": -0.032
      },
      {
        "avgVolume": 1479573.75,
        "avgATR": 0.007964,
        "avgReturn": -0.205
      },
      {
        "avgVolume": 2141912.51,
        "avgATR": 0.0106,
        "avgReturn": -0.116
      },
      {
        "avgVolume": 2162132.37,
        "avgATR": 0.010043,
        "avgReturn": -0.039
      }
    ],
    "dailyProfile": [
      {
        "avgVolume": 3406603.05,
        "avgATR": 0.01635,
        "avgReturn": 0.67
      },
      {
        "avgVolume": 2563356.81,
        "avgATR": 0.012385,
        "avgReturn": -0.645
      },
      {
        "avgVolume": 2127296.99,
        "avgATR": 0.009983,
        "avgReturn": -0.244
      },
      {
        "avgVolume": 2379338.8,
        "avgATR": 0.010071,
        "avgReturn": 0.63
      },
      {
        "avgVolume": 2028834.1,
        "avgATR": 0.011471,
        "avgReturn": 0.076
      },
      {
        "avgVolume": 1028137.84,
        "avgATR": 0.008062,
        "avgReturn": 0.128
      },
      {
        "avgVolume": 2114325.42,
        "avgATR": 0.011708,
        "avgReturn": 0.796
      }
    ],
    "favorableHours": [
      14,
      15,
      13,
      16,
      12,
      2
    ],
    "favorableWindow": true,
    "currentVsAvgVolume": 0,
    "currentVsAvgVolatility": 0,
    "anomalyDetected": true,
    "timeUntilFavorable": null,
    "temporalScore": 0.5
  },
  "unifiedMicrostructure": {
    "signalDirections": {
      "vpin": "NEUTRAL",
      "sweeps": "NEUTRAL",
      "absorption": "NEUTRAL",
      "arrival": "NEUTRAL",
      "vacuum": "NONE",
      "volRegime": "NEUTRAL",
      "temporal": "FAVORABLE"
    },
    "consensusDirection": "BULLISH",
    "consensusStrength": 100,
    "bullishSignals": 1,
    "bearishSignals": 0,
    "neutralSignals": 0,
    "totalAvailableSignals": 1,
    "dominantPattern": "NONE",
    "clusters": {
      "strongBuyCluster": false,
      "distributionPattern": false,
      "accumulationPattern": false,
      "momentumCascade": false
    },
    "adaptiveWeights": {
      "vpin": 0,
      "sweeps": 0,
      "absorption": 0,
      "arrival": 0,
      "vacuum": 0,
      "volRegime": 0,
      "temporal": 0.02
    },
    "convictionLevel": "HIGH",
    "convictionScore": 100,
    "riskAdjustment": "NORMAL",
    "timingQuality": "FAVORABLE",
    "signalQuality": "LOW"
  },
  "deltaAnalysis": {
    "currentDelta": 0,
    "cumulativeDelta": 0,
    "deltaPerVolume": 0,
    "deltaDirection": "NEUTRAL",
    "deltaDivergence": false,
    "institutionalRatio": 0,
    "aggressionScore": 0
  },
  "volumeProfile": {
    "pointOfControl": 0,
    "valueAreaHigh": 0,
    "valueAreaLow": 0,
    "currentPosition": "ABOVE_VALUE_AREA",
    "volumeNodes": [],
    "airPockets": []
  },
  "momentumCascade": {
    "cascadeDetected": false,
    "alignmentScore": 0.05913034095990492,
    "cascadeStrength": 0,
    "acceleratingTimeframes": [
      "5m",
      "15m",
      "1h"
    ],
    "divergingTimeframes": [
      "1m"
    ]
  },
  "breakoutConfirmation": {
    "breakoutConfirmed": false,
    "volumeConfirmation": false,
    "retestStrength": 0,
    "falseBreakoutRisk": 0,
    "breakoutQuality": "NO_BREAKOUT"
  },
  "liquidityHeatmap": {
    "liquidityScore": 0,
    "magnetDirection": "NONE",
    "magnetStrength": 0,
    "priceTarget5pct": null,
    "message": "No order book data"
  },
  "smartMoneyDivergence": {
    "divergenceDetected": false,
    "divergenceDirection": "NONE",
    "smartMoneyScore": 0.5,
    "message": "Insufficient trade data"
  },
  "microstructure": {
    "raw": -0.04672687794511689,
    "pct": 49,
    "summary": {
      "latestBucketSignedZ": 0,
      "buySellRatio": 0.5,
      "tradesPerSec": 0,
      "vwap": 0,
      "aggressorVWAP": 0,
      "vpinToxicity": "UNKNOWN",
      "sweepDirection": "NEUTRAL",
      "absorptionSide": "NONE",
      "icebergDetected": false,
      "hawkesDirection": "NEUTRAL",
      "cascadeDetected": false,
      "vacuumSide": "NONE",
      "volatilityRegime": "UNKNOWN",
      "volExpanding": false,
      "favorableTimeWindow": true,
      "temporalAnomaly": true,
      "consensusDirection": "BULLISH",
      "consensusStrength": 100,
      "dominantPattern": "NONE",
      "convictionLevel": "HIGH",
      "riskAdjustment": "NORMAL",
      "timingQuality": "FAVORABLE",
      "deltaDirection": "NEUTRAL",
      "deltaDivergence": false,
      "institutionalRatio": 0,
      "volumeProfilePosition": "ABOVE_VALUE_AREA",
      "pointOfControl": 0,
      "momentumCascadeDetected": false,
      "cascadeStrength": 0,
      "breakoutQuality": "NO_BREAKOUT",
      "breakoutConfirmed": false,
      "magnetDirection": "NONE",
      "magnetStrength": 0,
      "priceTarget5pct": null,
      "nearestBidWall": 0,
      "nearestAskWall": 0,
      "divergenceDetected": false,
      "divergenceDirection": "NONE",
      "whaleAccumulation": false,
      "whaleDistribution": false,
      "retailPanic": false,
      "smartMoneyScore": 0.5
    }
  }
}

=== MICROSTRUCTURE ALERTS ===

🔬 VPIN: Insufficient data for VPIN analysis

🌊 SWEEP DETECTION: No significant sweeps detected

🧊 ABSORPTION & ICEBERG: No significant absorption or iceberg orders detected

⚡ ORDER ARRIVAL DYNAMICS: Insufficient trades for analysis

🌪️ LIQUIDITY VACUUM: No significant vacuum detected

📊 VOLATILITY REGIME: Insufficient data for classification

⏰ TEMPORAL PATTERN ANALYSIS:
   Current Time: Sunday 13:00 UTC
   Day Bias: NEUTRAL
   Current vs Avg Volume: 0x
   Current vs Avg Volatility: 0x

   ✅ FAVORABLE TIME WINDOW:
   This hour historically shows strong volume and positive returns
   GOOD time to trade - patterns favor entry

   ⚠️ LOW ACTIVITY ANOMALY:
   Volume 0x below typical - Extremely quiet

   📉 LOW VOLATILITY ANOMALY:
   Volatility 0x below typical - Consolidation likely

   🔥 Best Trading Hours (UTC): 14:00, 15:00, 13:00

🎯 UNIFIED MICROSTRUCTURE INTEGRATION:
   Signal Consensus: BULLISH (100% agreement)
   Available Signals: 1 (1 bullish / 0 bearish / 0 neutral)
   Conviction Level: HIGH (100%)
   Signal Quality: LOW
   Risk Adjustment: NORMAL
   Timing Quality: FAVORABLE

   ✅ HIGH CONVICTION: 100% of signals agree on direction
   Strong institutional alignment - Follow the smart money

   📊 NORMAL RISK LEVEL: Standard position sizing applies

   ⏰ FAVORABLE TIMING: Good time window for trading

   Signal Directions Breakdown:
   • VPIN: NEUTRAL
   • Sweeps: NEUTRAL
   • Absorption: NEUTRAL
   • Arrival Dynamics: NEUTRAL
   • Liquidity Vacuum: NONE
   • Vol Regime: NEUTRAL
   • Temporal: FAVORABLE

   Adaptive Weights (Total: 2.0%):
   • VPIN: 0.0%
   • Sweeps: 0.0%
   • Absorption: 0.0%
   • Arrival: 0.0%
   • Vacuum: 0.0%
   • Vol Regime: 0.0%
   • Temporal: 2.0%


💹 DELTA ANALYSIS (Order Flow Aggression):
   Direction: NEUTRAL
   Delta Per Volume: 0.00%
   Institutional Ratio: 0.0%
   Aggression Score: 0.0%

📊 VOLUME PROFILE (Support/Resistance Strength):
   Point of Control (POC): $0.000000
   Value Area High: $0.000000
   Value Area Low: $0.000000
   Current Position: ABOVE_VALUE_AREA
   ⚠️ DISTRIBUTION RISK: Price above value area - potential rejection zone

⚡ MOMENTUM CASCADE (Multi-Timeframe Alignment):
   Cascade Detected: NO
   Alignment Score: 5.9%
   Cascade Strength: 0.0%
   Accelerating: 5m, 15m, 1h
   Diverging: 1m

💥 BREAKOUT CONFIRMATION:
   Quality: NO_BREAKOUT
   Volume Confirmation: NO
   Retest Strength: 0.0%
   False Breakout Risk: 0.0%
   No breakout detected - price below resistance


levels:
Entry=0.2847294, StopLoss=0.27049293, TakeProfit=0.28634117000000003, 0.28795294000000005, 0.2892423560000001

---

=== Token: ELA (ELA) ===
Contract: ELA-USD
Timestamp: 2025-09-16T12:15:00.000Z

Calculations:
{
  "momentumScore": 78.22847086684587,
  "volumeScore": 70.65048884083758,
  "patternScore": 54.43526170798927,
  "totalScore": 61.428519199750305,
  "finalScore": 61.428519199750305,
  "weights": "0.23,0.45,0.23",
  "hourlyUptrend": false,
  "rsi": 31.249999999999886,
  "ultraShortVolumeSurge": 1.516506530589311,
  "baseVolumeSurge": 0.018483546655612207,
  "currentPrice": 2.208,
  "resistance": 2.227,
  "support": 2.178,
  "rocMin5": -0.0058532192705987845,
  "shortROC": 0,
  "priceAcceleration": -0.001465132615902199,
  "buySellRatio": 0.26243555280863645,
  "macdHistogram": 0.0010742176543969313,
  "stochasticK": 86.44067796610162,
  "atr": 0.005857142857142783,
  "bbUpper": 2.254153317448614,
  "bbLower": 2.1275466825513862,
  "hammerDetected": false,
  "engulfingDetected": false,
  "compressionSpring": {
    "detected": false,
    "confidence": 0,
    "signals": {
      "sidewaysPrice": true,
      "atrCompression": true,
      "bbSqueeze": false,
      "consolidationTime": true,
      "strongBuying": false,
      "obvPositive": false,
      "chaikinPositive": false,
      "rsiNeutral": false,
      "volumeBuilding": false
    },
    "metrics": {
      "priceRange": 2.25,
      "atrRatio": 0.554,
      "bbWidth": 5.78,
      "volumeRatio": 0.974,
      "signalCount": 3,
      "buySellRatio": 0.262
    }
  },
  "riskTier": "HIGH",
  "atrPercent": 0.711697722567287,
  "distanceToResistance": 0.8605072463767972,
  "slPercent": 4,
  "tpPercent": 0.7314311594202776,
  "trailingActivation": 0.43885869565216656,
  "shortMomentumScore": 0,
  "overboughtScore": 35,
  "shortPatternScore": 0,
  "shootingStarDetected": false,
  "bearishEngulfingDetected": false,
  "eveningStarDetected": false,
  "bearishPatternsCount": 0,
  "shortTotalScore": 12.25,
  "chaikin": 0.20400119834975444,
  "obvIncreasing": true,
  "obvTrend": "increasing",
  "adx": 35.08771929824543,
  "recentCandles": {
    "redCount": 5,
    "greenCount": 5
  },
  "resistanceDistance": 0.8605072463767972,
  "multiplePatterns": false,
  "bullishPattern": false,
  "priceAboveVWAP": true,
  "breakingResistance": true,
  "atrSufficient": false,
  "macdDivergenceBearish": false,
  "rvolMin1": 0.09889816394535776,
  "rvolMin5": 0.10153169884868427,
  "atrPercentileOld": 0.8536585365853658,
  "vwapDeviation": 2.7265061465785383,
  "bbWidthPercent": 5.778881936108263,
  "bbSqueeze": false,
  "multiTFMomentum": {
    "min1": {
      "roc1": -0.004059539918809155,
      "roc3": -0.0058532192705987845
    },
    "min5": {
      "roc1": 0,
      "roc3": -0.0058532192705987845
    },
    "min15": {
      "roc1": 0.0049818840579708675,
      "roc3": -0.00045045045045060084
    },
    "hourly": {
      "roc1": -0.0018009905447996413,
      "roc3": 0.015109890109890072
    },
    "fourHour": {
      "roc1": 0.022601476014760116,
      "roc3": 0.040356640075082266
    },
    "divergenceShortUpLongDown": false
  },
  "returnZMin5": -0.11325684762179897,
  "wickClosePct": 0.3750000000000139,
  "wickUpper": 0.0040000000000000036,
  "wickLower": 0.006000000000000227,
  "wickRatio": 1.000000000000074,
  "donchianBreakout15": false,
  "bbWidthPercentile15": 0.9090909090909091,
  "signedMin5": 8669.780000000002,
  "signedMin5Z": 13.467275071792104,
  "signedMin1": 1728.2899999999995,
  "signedMin1Z": 3.190920786090792,
  "streakMin1": {
    "upStreak": 0,
    "downStreak": 1
  },
  "streakMin5": {
    "upStreak": 0,
    "downStreak": 3
  },
  "rvolPercentileMin1": 0.8111111111111111,
  "rvolPercentileMin5": 0.7777777777777778,
  "perTfMetrics": {
    "min1": {
      "sma20": 2.2211999999999996,
      "sma50": 2.2151000000000005,
      "ema20": 2.218961010859786,
      "ema50": 2.21085316538309,
      "vwma20": 2.219670729880095,
      "hma21": 2.2154805194805194,
      "atr14": 0.004928571428571361,
      "atrPercentile": 0.09214501510574018,
      "rvolZ": 0.09889816394535776,
      "rvolPercentile": 0.8111111111111111,
      "mfi14": 20.76056298102135,
      "ppo": {
        "ppo": -0.012584143902748444,
        "signal": 0.0739428637171351,
        "histogram": -0.08652700761988355
      },
      "stochRsi": {
        "k": 0,
        "d": 36.59574468085093
      },
      "vprofile": {
        "vpBins": [
          0.11635709404617973,
          0.09226847165273554,
          0.02837775985702143,
          0.08246836582543918,
          0.04540848182519669,
          0.05366660079170832,
          0.07270910369335067,
          0.028860191664992315,
          0.02342523286858825,
          0.045461596944525284,
          0.006696534458250509,
          0.010302318438327577,
          0.0071384888821813255,
          0.09016419714940312,
          0.01598362149506606,
          0.016674850668673562,
          0.010624122799225397,
          0.03436310118302023,
          0.06885019869633519,
          0.1501996670597796
        ],
        "currentBinShare": 0.03436310118302023
      },
      "ttm": {
        "squeeze": false,
        "release": true,
        "widthPct": 0.8419715272869358
      }
    },
    "min5": {
      "sma20": 2.22025,
      "sma50": 2.1908800000000004,
      "ema20": 2.214786171582933,
      "ema50": 2.1977616016407526,
      "vwma20": 2.21901939496219,
      "hma21": 2.2169783549783544,
      "atr14": 0.005857142857142783,
      "atrPercentile": 0.1386861313868613,
      "rvolZ": 0.10153169884868427,
      "rvolPercentile": 0.7777777777777778,
      "mfi14": 32.25754976662546,
      "ppo": {
        "ppo": 0.22205421407009238,
        "signal": 0.39392114080959667,
        "histogram": -0.1718669267395043
      },
      "stochRsi": {
        "k": 0,
        "d": 35.98484848484838
      },
      "vprofile": {
        "vpBins": [
          0.04880764865731334,
          0.1384476051401107,
          0.09262195495943429,
          0.02204778801328136,
          0.04030352422351765,
          0.08466436204711812,
          0.02790112146841415,
          0.08554627704763357,
          0.011478205946336032,
          0.055092761154328165,
          0.08616754123020054,
          0.06210988833165642,
          0.028836280227469174,
          0.037590702526164047,
          0.03685738285176877,
          0,
          0.005094522896338665,
          0.03390017926268704,
          0.039114413616134255,
          0.0634178404000938
        ],
        "currentBinShare": 0.03390017926268704
      },
      "ttm": {
        "squeeze": false,
        "release": true,
        "widthPct": 1.0425562013491116
      }
    },
    "min15": {
      "sma20": 2.19085,
      "sma50": 2.1627,
      "ema20": 2.19738987895226,
      "ema50": 2.173174315684422,
      "vwma20": 2.201387819259445,
      "hma21": 2.2409134199134204,
      "atr14": 0.015714285714285698,
      "atrPercentile": 0.8536585365853658,
      "rvolZ": 1.6512470374440402,
      "rvolPercentile": 0.9479166666666666,
      "mfi14": 72.19761849340536,
      "ppo": {
        "ppo": 0.822933910282938,
        "signal": 0.7862075776363529,
        "histogram": 0.0367263326465852
      },
      "stochRsi": {
        "k": 36.76893935340201,
        "d": 69.19561044442784
      },
      "vprofile": {
        "vpBins": [
          0.0948055695181234,
          0.02156585279860865,
          0.06535684363598109,
          0.01434431819415095,
          0.04321735499220111,
          0.07501439956009845,
          0.023949565412427747,
          0.09748162424495806,
          0.06456947539647799,
          0.033460363640345686,
          0.10091434640076505,
          0.04336792584639641,
          0.041363866886369755,
          0.0598322621129608,
          0.037507688646458946,
          0,
          0,
          0.04488732264782172,
          0.07053775207296469,
          0.06782346799288955
        ],
        "currentBinShare": 0.07053775207296469
      },
      "ttm": {
        "squeeze": false,
        "release": false,
        "widthPct": 5.778881936108263
      }
    },
    "hourly": {
      "sma20": 2.1549,
      "sma50": 2.2044200000000007,
      "ema20": 2.176204722952906,
      "ema50": 2.21315116689227,
      "vwma20": 2.1644157916204665,
      "hma21": 2.1966320346320347,
      "atr14": 0.024642857142857126,
      "atrPercentile": 0.06521739130434782,
      "rvolZ": -0.4414637136170016,
      "rvolPercentile": 0.4107142857142857,
      "mfi14": 58.62315500089907,
      "ppo": {
        "ppo": 0.061260333072617204,
        "signal": -0.5774916448467281,
        "histogram": 0.6387519779193453
      },
      "stochRsi": {
        "k": 89.1630798660929,
        "d": 72.46217252577098
      },
      "vprofile": {
        "vpBins": [
          0.019973555054022676,
          0.035825825079931026,
          0.09575966049811327,
          0.07600815574264565,
          0.05152398005861088,
          0.10413049746467475,
          0.029640507361105316,
          0.056955922748380156,
          0.0170067145569105,
          0.027762451419489863,
          0.171646693476974,
          0.09827465567910726,
          0.03865196697359526,
          0.07354963789400847,
          0.05793824917102185,
          0,
          0.04535152682140926,
          0,
          0,
          0
        ],
        "currentBinShare": 0.07600815574264565
      },
      "ttm": {
        "squeeze": false,
        "release": false,
        "widthPct": 6.40653775112329
      }
    },
    "fourHour": {
      "sma20": 2.25885,
      "sma50": 2.33836,
      "ema20": 2.2473772965083096,
      "ema50": 2.2383647610937465,
      "vwma20": 2.272923119614368,
      "hma21": 2.1220129870129867,
      "atr14": 0.0857142857142857,
      "atrPercentile": 0.1,
      "rvolZ": -0.6126701621444075,
      "rvolPercentile": 0.25,
      "mfi14": 39.134650411835466,
      "ppo": {
        "ppo": -2.3834832567931743,
        "signal": -1.8969427649709938,
        "histogram": -0.4865404918221805
      },
      "stochRsi": {
        "k": 100,
        "d": 30.780655569668696
      },
      "vprofile": {
        "vpBins": [
          0.0245402443940534,
          0.024998951515836365,
          0.06550186997620565,
          0.06181210210154167,
          0.039280790963464485,
          0.07989914436856164,
          0.002556752132054521,
          0.03980795717959914,
          0.07786685820002802,
          0.13213742819464322,
          0.08609258732121336,
          0.027361269224004135,
          0.029192565165469767,
          0.18726755524802302,
          0.00316207955272332,
          0.029838290416065172,
          0.05996215134526243,
          0.028721402701250676,
          0,
          0
        ],
        "currentBinShare": 0.07786685820002802
      },
      "ttm": {
        "squeeze": false,
        "release": false,
        "widthPct": 16.470106397222025
      }
    },
    "daily": {
      "sma20": 1.9294499999999999,
      "sma50": 1.5245599999999997,
      "ema20": 2.0040318594806337,
      "ema50": 1.6892082851140937,
      "vwma20": 0,
      "hma21": 2.6431645021645034,
      "atr14": 0.44042857142857145,
      "atrPercentile": 0.9210526315789473,
      "rvolZ": 0,
      "rvolPercentile": 1,
      "mfi14": 50,
      "ppo": {
        "ppo": 13.852436143891426,
        "signal": 13.759436036582947,
        "histogram": 0.09300010730847852
      },
      "stochRsi": {
        "k": 0,
        "d": 60.03755872757296
      },
      "vprofile": {
        "vpBins": [
          0,
          0,
          0,
          0,
          0,
          0,
          0,
          0,
          0,
          0,
          0,
          0,
          0,
          0,
          0,
          0,
          0,
          0,
          0,
          0
        ],
        "currentBinShare": 0
      },
      "ttm": {
        "squeeze": false,
        "release": false,
        "widthPct": 94.1500702892218
      }
    }
  },
  "smaMin5": 2.22025,
  "emaMin5": 2.214786171582933,
  "vwmaMin5": 2.21901939496219,
  "hmaMin5": 2.2169783549783544,
  "keltner15": {
    "upper": 2.22213987895226,
    "middle": 2.19738987895226,
    "lower": 2.17263987895226
  },
  "superTrend15": {
    "isBull": true,
    "finalUpper": 2.2605000000000004,
    "finalLower": 2.1615
  },
  "mfi15": 72.19761849340536,
  "stochRsi15": {
    "k": 36.76893935340201,
    "d": 69.19561044442784
  },
  "ppo15": {
    "ppo": 0.822933910282938,
    "signal": 0.7862075776363529,
    "histogram": 0.0367263326465852
  },
  "vpMin15": {
    "vpBins": [
      0.0948055695181234,
      0.02156585279860865,
      0.06535684363598109,
      0.01434431819415095,
      0.04321735499220111,
      0.07501439956009845,
      0.023949565412427747,
      0.09748162424495806,
      0.06456947539647799,
      0.033460363640345686,
      0.10091434640076505,
      0.04336792584639641,
      0.041363866886369755,
      0.0598322621129608,
      0.037507688646458946,
      0,
      0,
      0.04488732264782172,
      0.07053775207296469,
      0.06782346799288955
    ],
    "currentBinShare": 0.07053775207296469
  },
  "ttm15": {
    "squeeze": false,
    "release": false,
    "widthPct": 5.778881936108263
  },
  "marketCorrelation": {
    "hourly": {
      "btcCorrelation": 0,
      "ethCorrelation": 0,
      "btcBeta": 1,
      "ethBeta": 1,
      "btcTrend": "UNKNOWN",
      "ethTrend": "UNKNOWN",
      "tokenVol": 0,
      "btcVol": 0,
      "ethVol": 0,
      "marketDependence": 0,
      "verdict": "INSUFFICIENT_DATA"
    },
    "min15": {
      "btcCorrelation": 0,
      "ethCorrelation": 0,
      "btcBeta": 1,
      "ethBeta": 1,
      "btcTrend": "UNKNOWN",
      "ethTrend": "UNKNOWN",
      "tokenVol": 0,
      "btcVol": 0,
      "ethVol": 0,
      "marketDependence": 0,
      "verdict": "INSUFFICIENT_DATA"
    },
    "daily": {
      "btcCorrelation": 0,
      "ethCorrelation": 0,
      "btcBeta": 1,
      "ethBeta": 1,
      "btcTrend": "UNKNOWN",
      "ethTrend": "UNKNOWN",
      "tokenVol": 0,
      "btcVol": 0,
      "ethVol": 0,
      "marketDependence": 0,
      "verdict": "INSUFFICIENT_DATA"
    }
  },
  "tradeTape": {
    "totalTrades": 0,
    "totalVolume": 0,
    "buysVolume": 0,
    "sellsVolume": 0,
    "buySellRatio": 0.5,
    "vwap": 0,
    "signedVolume": 0,
    "avgTradeSize": 0,
    "tradesPerSec": 0,
    "cumulativeDelta": 0,
    "tradesLast1m": 0,
    "tradesLast5m": 0,
    "tradesLast15m": 0,
    "tradesLast1h": 0,
    "buyVWAP": 0,
    "sellVWAP": 0,
    "aggressorVWAP": 0,
    "bucketDurationMs": 60000,
    "bucketCount": 15,
    "bucketSignedVolumes": [],
    "bucketVolumes": [],
    "bucketVWAPs": [],
    "latestBucketSignedZ": 0
  },
  "enhancedMetrics": {
    "relativeVolumeZScore": -1,
    "volumePercentile": 40,
    "atrPercentile": 14.5985401459854,
    "volatilityPercentile": 6.012658227848101,
    "relativeVolatilityRatio": 0.8402340791054088,
    "isHighVolume": false,
    "isHighVolatility": false,
    "isLowVolatility": true,
    "isExpandingVolatility": false,
    "isContractingVolatility": false
  },
  "orderBook": {
    "bidAskSpread": 0,
    "spreadPct": 0,
    "midPrice": 0,
    "bestBid": 0,
    "bestAsk": 0,
    "bidDepth": 0,
    "askDepth": 0,
    "orderBookImbalance": 0,
    "liquidityScore": 0,
    "depthAt1Pct": {
      "bidVolume": 0,
      "askVolume": 0,
      "imbalance": 0
    },
    "depthAt2Pct": {
      "bidVolume": 0,
      "askVolume": 0,
      "imbalance": 0
    },
    "depthAt5Pct": {
      "bidVolume": 0,
      "askVolume": 0,
      "imbalance": 0
    },
    "weightedMidPrice": 0,
    "volumeWeightedSpread": 0,
    "totalBidLevels": 0,
    "totalAskLevels": 0
  },
  "marketCap": {
    "marketCap": 0,
    "totalVolume24h": 0,
    "volumeToMarketCapRatio": 0,
    "marketCapRank": 0,
    "normalizedRank": 0,
    "isHighLiquidity": false,
    "isVeryHighLiquidity": false,
    "isLowLiquidity": true,
    "liquidityTier": "VERY_LOW"
  },
  "sweeps": {
    "sweepScore": 0,
    "sweepCount": 0,
    "sweepDirection": "NEUTRAL",
    "buySweeps": 0,
    "sellSweeps": 0,
    "avgSweepSize": 0,
    "avgSweepIntensity": 0,
    "bidLiftRatio": 0,
    "askLiftRatio": 0,
    "sweepFrequency": 0,
    "largestSweep": null,
    "recentSweepClusters": 0,
    "sweepDetails": []
  },
  "absorption": {
    "absorptionScore": 0,
    "absorptionLevel": null,
    "absorptionSide": "NONE",
    "icebergProbability": 0,
    "hiddenLiquidityEstimate": 0,
    "volumeAtPrice": {},
    "topAbsorptionLevels": [],
    "persistenceDuration": 0,
    "refillDetected": false
  },
  "orderArrival": {
    "avgInterArrivalTime": 0,
    "recentInterArrivalTime": 0,
    "accelerationRatio": 1,
    "hawkesIntensity": 0,
    "hawkesDirection": "NEUTRAL",
    "clusteringScore": 0,
    "burstCount": 0,
    "cascadeDetected": false,
    "timeToNextTrade": 0,
    "accelerationTrend": "STABLE"
  },
  "liquidityVacuum": {
    "vacuumScore": 0,
    "vacuumSide": "NONE",
    "bidVacuumSeverity": 0,
    "askVacuumSeverity": 0,
    "depthConcentration": 0,
    "priceImpact10k": 0,
    "priceImpact50k": 0,
    "priceImpact100k": 0,
    "largestGapBid": 0,
    "largestGapAsk": 0,
    "avgGapBid": 0,
    "avgGapAsk": 0,
    "bidCliffDistance": 0,
    "askCliffDistance": 0
  },
  "volatilityRegime": {
    "regime": "EXTREME",
    "regimeScore": 1,
    "currentATR": 0.44,
    "avgATR": 0.224895,
    "atrPercentile": 92.1,
    "realizedVolatility": 167.55,
    "volPercentile": 100,
    "expanding": true,
    "contracting": false,
    "transitionProbability": 0.4,
    "daysInRegime": 16,
    "regimeStrength": 1.61
  },
  "temporalPatterns": {
    "currentHour": 13,
    "currentDay": 0,
    "currentDayName": "Sunday",
    "dayBias": "NEUTRAL",
    "hourlyProfile": [
      {
        "avgVolume": 50239.2,
        "avgATR": 0.109571,
        "avgReturn": 0.141
      },
      {
        "avgVolume": 50211.25,
        "avgATR": 0.106857,
        "avgReturn": 0.724
      },
      {
        "avgVolume": 35083.03,
        "avgATR": 0.088714,
        "avgReturn": 1.041
      },
      {
        "avgVolume": 32443.45,
        "avgATR": 0.097643,
        "avgReturn": 0.694
      },
      {
        "avgVolume": 33763.95,
        "avgATR": 0.095429,
        "avgReturn": -0.818
      },
      {
        "avgVolume": 23706.29,
        "avgATR": 0.095357,
        "avgReturn": 0.01
      },
      {
        "avgVolume": 21815.99,
        "avgATR": 0.073714,
        "avgReturn": -0.797
      },
      {
        "avgVolume": 18172.23,
        "avgATR": 0.0635,
        "avgReturn": -0.285
      },
      {
        "avgVolume": 16435.74,
        "avgATR": 0.0665,
        "avgReturn": -0.77
      },
      {
        "avgVolume": 16463.16,
        "avgATR": 0.074786,
        "avgReturn": -0.473
      },
      {
        "avgVolume": 23917.01,
        "avgATR": 0.106429,
        "avgReturn": 2.931
      },
      {
        "avgVolume": 35601.37,
        "avgATR": 0.107143,
        "avgReturn": 0.586
      },
      {
        "avgVolume": 36397,
        "avgATR": 0.083714,
        "avgReturn": 0.521
      },
      {
        "avgVolume": 29307.04,
        "avgATR": 0.081615,
        "avgReturn": -0.534
      },
      {
        "avgVolume": 27008.98,
        "avgATR": 0.067643,
        "avgReturn": -0.23
      },
      {
        "avgVolume": 53102.76,
        "avgATR": 0.112786,
        "avgReturn": -0.999
      },
      {
        "avgVolume": 52776.31,
        "avgATR": 0.1025,
        "avgReturn": -1.224
      },
      {
        "avgVolume": 34150.63,
        "avgATR": 0.084429,
        "avgReturn": 0.923
      },
      {
        "avgVolume": 60860.11,
        "avgATR": 0.091214,
        "avgReturn": 0.286
      },
      {
        "avgVolume": 66904.15,
        "avgATR": 0.110214,
        "avgReturn": 0.494
      },
      {
        "avgVolume": 28889.36,
        "avgATR": 0.081286,
        "avgReturn": -0.612
      },
      {
        "avgVolume": 25071.71,
        "avgATR": 0.065714,
        "avgReturn": -0.404
      },
      {
        "avgVolume": 25808.73,
        "avgATR": 0.069286,
        "avgReturn": 0.148
      },
      {
        "avgVolume": 36661.33,
        "avgATR": 0.092214,
        "avgReturn": 1.713
      }
    ],
    "dailyProfile": [
      {
        "avgVolume": 38415.74,
        "avgATR": 0.097958,
        "avgReturn": 0.722
      },
      {
        "avgVolume": 64415.1,
        "avgATR": 0.136646,
        "avgReturn": -0.137
      },
      {
        "avgVolume": 42065.11,
        "avgATR": 0.084766,
        "avgReturn": 0.229
      },
      {
        "avgVolume": 25115.89,
        "avgATR": 0.077125,
        "avgReturn": 0.468
      },
      {
        "avgVolume": 46777.83,
        "avgATR": 0.120625,
        "avgReturn": -0.19
      },
      {
        "avgVolume": 13150.36,
        "avgATR": 0.053854,
        "avgReturn": -0.25
      },
      {
        "avgVolume": 13806.41,
        "avgATR": 0.049833,
        "avgReturn": 0.068
      }
    ],
    "favorableHours": [
      19,
      18,
      15,
      16,
      1,
      0
    ],
    "favorableWindow": false,
    "currentVsAvgVolume": 0,
    "currentVsAvgVolatility": 0,
    "anomalyDetected": true,
    "timeUntilFavorable": 2,
    "temporalScore": 0
  },
  "unifiedMicrostructure": {
    "signalDirections": {
      "vpin": "NEUTRAL",
      "sweeps": "NEUTRAL",
      "absorption": "NEUTRAL",
      "arrival": "NEUTRAL",
      "vacuum": "NONE",
      "volRegime": "UNFAVORABLE",
      "temporal": "UNFAVORABLE"
    },
    "consensusDirection": "BEARISH",
    "consensusStrength": 100,
    "bullishSignals": 0,
    "bearishSignals": 2,
    "neutralSignals": 0,
    "totalAvailableSignals": 2,
    "dominantPattern": "NONE",
    "clusters": {
      "strongBuyCluster": false,
      "distributionPattern": false,
      "accumulationPattern": false,
      "momentumCascade": false
    },
    "adaptiveWeights": {
      "vpin": 0,
      "sweeps": 0,
      "absorption": 0,
      "arrival": 0,
      "vacuum": 0,
      "volRegime": 0.021,
      "temporal": 0.012
    },
    "convictionLevel": "HIGH",
    "convictionScore": 100,
    "riskAdjustment": "REDUCE",
    "timingQuality": "UNFAVORABLE",
    "signalQuality": "LOW"
  },
  "deltaAnalysis": {
    "currentDelta": 0,
    "cumulativeDelta": 0,
    "deltaPerVolume": 0,
    "deltaDirection": "NEUTRAL",
    "deltaDivergence": false,
    "institutionalRatio": 0,
    "aggressionScore": 0
  },
  "volumeProfile": {
    "pointOfControl": 0,
    "valueAreaHigh": 0,
    "valueAreaLow": 0,
    "currentPosition": "ABOVE_VALUE_AREA",
    "volumeNodes": [],
    "airPockets": []
  },
  "momentumCascade": {
    "cascadeDetected": false,
    "alignmentScore": 0.0007891463539633397,
    "cascadeStrength": 0,
    "acceleratingTimeframes": [
      "1h"
    ],
    "divergingTimeframes": [
      "1m",
      "5m",
      "15m"
    ]
  },
  "breakoutConfirmation": {
    "breakoutConfirmed": false,
    "volumeConfirmation": false,
    "retestStrength": 0,
    "falseBreakoutRisk": 0,
    "breakoutQuality": "NO_BREAKOUT"
  },
  "liquidityHeatmap": {
    "liquidityScore": 0,
    "magnetDirection": "NONE",
    "magnetStrength": 0,
    "priceTarget5pct": null,
    "message": "No order book data"
  },
  "smartMoneyDivergence": {
    "divergenceDetected": false,
    "divergenceDirection": "NONE",
    "smartMoneyScore": 0.5,
    "message": "Insufficient trade data"
  },
  "microstructure": {
    "raw": -0.021354060796452,
    "pct": 50,
    "summary": {
      "latestBucketSignedZ": 0,
      "buySellRatio": 0.5,
      "tradesPerSec": 0,
      "vwap": 0,
      "aggressorVWAP": 0,
      "vpinToxicity": "UNKNOWN",
      "sweepDirection": "NEUTRAL",
      "absorptionSide": "NONE",
      "icebergDetected": false,
      "hawkesDirection": "NEUTRAL",
      "cascadeDetected": false,
      "vacuumSide": "NONE",
      "volatilityRegime": "EXTREME",
      "volExpanding": true,
      "favorableTimeWindow": false,
      "temporalAnomaly": true,
      "consensusDirection": "BEARISH",
      "consensusStrength": 100,
      "dominantPattern": "NONE",
      "convictionLevel": "HIGH",
      "riskAdjustment": "REDUCE",
      "timingQuality": "UNFAVORABLE",
      "deltaDirection": "NEUTRAL",
      "deltaDivergence": false,
      "institutionalRatio": 0,
      "volumeProfilePosition": "ABOVE_VALUE_AREA",
      "pointOfControl": 0,
      "momentumCascadeDetected": false,
      "cascadeStrength": 0,
      "breakoutQuality": "NO_BREAKOUT",
      "breakoutConfirmed": false,
      "magnetDirection": "NONE",
      "magnetStrength": 0,
      "priceTarget5pct": null,
      "nearestBidWall": 0,
      "nearestAskWall": 0,
      "divergenceDetected": false,
      "divergenceDirection": "NONE",
      "whaleAccumulation": false,
      "whaleDistribution": false,
      "retailPanic": false,
      "smartMoneyScore": 0.5
    }
  }
}

=== MICROSTRUCTURE ALERTS ===

🔬 VPIN: Insufficient data for VPIN analysis

🌊 SWEEP DETECTION: No significant sweeps detected

🧊 ABSORPTION & ICEBERG: No significant absorption or iceberg orders detected

⚡ ORDER ARRIVAL DYNAMICS: Insufficient trades for analysis

🌪️ LIQUIDITY VACUUM: No significant vacuum detected

📊 VOLATILITY REGIME DETECTION:
   Current Regime: EXTREME
   Regime Score: 1.00 (-1=low vol, +1=extreme vol)
   Days in Regime: 16
   ATR: $0.440000 (avg: $0.224895)
   ATR Percentile: 92.1%
   Realized Volatility: 167.55% (annualized)
   Vol Percentile: 100.0%

   🔴 EXTREME VOLATILITY:
   🚨 HIGH RISK ENVIRONMENT!
   ⚠️ Significantly reduce position size
   ⚠️ Wide stops or avoid trading
   💡 Only for experienced traders

   🚀 VOLATILITY EXPANDING:
   💥 Breakout likely imminent!
   📈 Market transitioning to higher vol regime
   ✅ Strong signal when combined with other indicators

   📍 MODERATE REGIME TRANSITION PROBABILITY: 40%
   Monitor for potential regime change

   ✅ STABLE REGIME: 16 days - predictable conditions

⏰ TEMPORAL PATTERN ANALYSIS:
   Current Time: Sunday 13:00 UTC
   Day Bias: NEUTRAL
   Current vs Avg Volume: 0x
   Current vs Avg Volatility: 0x

   ⏳ NON-FAVORABLE TIME WINDOW:
   This hour typically shows weaker activity
   Next favorable window in 2 hour(s)

   ⚠️ LOW ACTIVITY ANOMALY:
   Volume 0x below typical - Extremely quiet

   📉 LOW VOLATILITY ANOMALY:
   Volatility 0x below typical - Consolidation likely

   🔥 Best Trading Hours (UTC): 19:00, 18:00, 15:00

🎯 UNIFIED MICROSTRUCTURE INTEGRATION:
   Signal Consensus: BEARISH (100% agreement)
   Available Signals: 2 (0 bullish / 2 bearish / 0 neutral)
   Conviction Level: HIGH (100%)
   Signal Quality: LOW
   Risk Adjustment: REDUCE
   Timing Quality: UNFAVORABLE

   ✅ HIGH CONVICTION: 100% of signals agree on direction
   Strong institutional alignment - Follow the smart money

   ⚠️ RISK REDUCTION RECOMMENDED: Extreme volatility or unfavorable timing detected

   ⏰ UNFAVORABLE TIMING: Avoid trading during this hour

   Signal Directions Breakdown:
   • VPIN: NEUTRAL
   • Sweeps: NEUTRAL
   • Absorption: NEUTRAL
   • Arrival Dynamics: NEUTRAL
   • Liquidity Vacuum: NONE
   • Vol Regime: UNFAVORABLE
   • Temporal: UNFAVORABLE

   Adaptive Weights (Total: 3.3%):
   • VPIN: 0.0%
   • Sweeps: 0.0%
   • Absorption: 0.0%
   • Arrival: 0.0%
   • Vacuum: 0.0%
   • Vol Regime: 2.1%
   • Temporal: 1.2%


💹 DELTA ANALYSIS (Order Flow Aggression):
   Direction: NEUTRAL
   Delta Per Volume: 0.00%
   Institutional Ratio: 0.0%
   Aggression Score: 0.0%

📊 VOLUME PROFILE (Support/Resistance Strength):
   Point of Control (POC): $0.000000
   Value Area High: $0.000000
   Value Area Low: $0.000000
   Current Position: ABOVE_VALUE_AREA
   ⚠️ DISTRIBUTION RISK: Price above value area - potential rejection zone

⚡ MOMENTUM CASCADE (Multi-Timeframe Alignment):
   Cascade Detected: NO
   Alignment Score: 0.1%
   Cascade Strength: 0.0%
   Accelerating: 1h
   Diverging: 1m, 5m, 15m

💥 BREAKOUT CONFIRMATION:
   Quality: NO_BREAKOUT
   Volume Confirmation: NO
   Retest Strength: 0.0%
   False Breakout Risk: 0.0%
   No breakout detected - price below resistance


levels:
Entry=2.203584, StopLoss=2.11544064, TakeProfit=2.21164285, 2.2197017, 2.22614878

---

=== Token: EDGE (EDGE) ===
Contract: EDGE-USD
Timestamp: 2025-09-16T12:15:00.000Z

Calculations:
{
  "momentumScore": 40.012174647393934,
  "volumeScore": 22.26513603593918,
  "patternScore": 4.912950495923636,
  "totalScore": 19.947833032755682,
  "finalScore": 19.947833032755682,
  "weights": "0.23,0.45,0.23",
  "hourlyUptrend": true,
  "rsi": 27.495201535508784,
  "ultraShortVolumeSurge": 0.20995475414151787,
  "baseVolumeSurge": 0.025938858427882825,
  "currentPrice": 0.39382,
  "resistance": 0.41066,
  "support": 0.39129,
  "rocMin5": -0.00801007556675067,
  "shortROC": -0.002330648021482435,
  "priceAcceleration": -0.0020057228458227813,
  "buySellRatio": 0.4960997718862749,
  "macdHistogram": -0.004281333948013831,
  "stochasticK": 7.6515597410241165,
  "atr": 0.0032050000000000017,
  "bbUpper": 0.4335086166483367,
  "bbLower": 0.3873033833516634,
  "hammerDetected": true,
  "engulfingDetected": false,
  "compressionSpring": {
    "detected": false,
    "confidence": 0,
    "signals": {
      "sidewaysPrice": true,
      "atrCompression": true,
      "bbSqueeze": false,
      "consolidationTime": true,
      "strongBuying": false,
      "obvPositive": false,
      "chaikinPositive": false,
      "rsiNeutral": false,
      "volumeBuilding": false
    },
    "metrics": {
      "priceRange": 5.13,
      "atrRatio": 0.384,
      "bbWidth": 11.26,
      "volumeRatio": 1.383,
      "signalCount": 3,
      "buySellRatio": 0.496
    }
  },
  "riskTier": "LOW",
  "atrPercent": 1.2280809942178068,
  "distanceToResistance": 4.276065207455188,
  "slPercent": 2.5,
  "tpPercent": 3.6346554263369097,
  "trailingActivation": 2.1807932558021457,
  "shortMomentumScore": 15,
  "overboughtScore": 0,
  "shortPatternScore": 0,
  "shootingStarDetected": false,
  "bearishEngulfingDetected": false,
  "eveningStarDetected": false,
  "bearishPatternsCount": 0,
  "shortTotalScore": 6,
  "chaikin": -0.19386968614300723,
  "obvIncreasing": true,
  "obvTrend": "increasing",
  "adx": 100,
  "recentCandles": {
    "redCount": 7,
    "greenCount": 3
  },
  "resistanceDistance": 4.276065207455188,
  "multiplePatterns": false,
  "bullishPattern": true,
  "priceAboveVWAP": false,
  "breakingResistance": false,
  "atrSufficient": true,
  "macdDivergenceBearish": false,
  "rvolMin1": -0.2821890842992627,
  "rvolMin5": -0.47676396506560303,
  "atrPercentileOld": 0.21951219512195122,
  "vwapDeviation": -1.5881376284268007,
  "bbWidthPercent": 11.25842051448401,
  "bbSqueeze": false,
  "multiTFMomentum": {
    "min1": {
      "roc1": -0.002254648629477636,
      "roc3": -0.0020018244475978435
    },
    "min5": {
      "roc1": -0.002330648021482435,
      "roc3": -0.0044239957529640115
    },
    "min15": {
      "roc1": -0.0021533161068043823,
      "roc3": -0.007308651931752208
    },
    "hourly": {
      "roc1": 0.010554156171284563,
      "roc3": -0.017413666421748727
    },
    "fourHour": {
      "roc1": -0.05388642580888591,
      "roc3": 0.035142038857496616
    },
    "divergenceShortUpLongDown": false
  },
  "returnZMin5": -0.37038235541507697,
  "wickClosePct": 0.5472972972972889,
  "wickUpper": 0.00030000000000002247,
  "wickLower": 0.0008099999999999774,
  "wickRatio": 2.189189189189238,
  "donchianBreakout15": false,
  "bbWidthPercentile15": 0.7662337662337663,
  "signedMin5": 117035.89999999957,
  "signedMin5Z": 1.4801890925476926,
  "signedMin1": -337192.2999999999,
  "signedMin1Z": -21.10561737693579,
  "streakMin1": {
    "upStreak": 0,
    "downStreak": 1
  },
  "streakMin5": {
    "upStreak": 0,
    "downStreak": 2
  },
  "rvolPercentileMin1": 0.5020833333333333,
  "rvolPercentileMin5": 0.2777777777777778,
  "perTfMetrics": {
    "min1": {
      "sma20": 0.39568649999999994,
      "sma50": 0.39819119999999997,
      "ema20": 0.39571508212007184,
      "ema50": 0.398131714314573,
      "vwma20": 0.396255448957095,
      "hma21": 0.394605844155844,
      "atr14": 0.0011071428571428582,
      "atrPercentile": 0.4738167170191339,
      "rvolZ": -0.2821890842992627,
      "rvolPercentile": 0.5020833333333333,
      "mfi14": 11.364658335785236,
      "ppo": {
        "ppo": -0.25187994677771275,
        "signal": -0.25556822048563976,
        "histogram": 0.0036882737079270145
      },
      "stochRsi": {
        "k": 0,
        "d": 35.524822510264414
      },
      "vprofile": {
        "vpBins": [
          0.004092306942161218,
          0.05281801738339786,
          0.07726532856477329,
          0.05106777412717838,
          0.11728271433773708,
          0.0592046064753901,
          0.030360904979499694,
          0.05304812320203633,
          0.06453301616825192,
          0.04154925902643164,
          0.010662058589244556,
          0.08375209122808537,
          0,
          0.056204568683268695,
          0.10040542353965759,
          0.05484307432830092,
          0.020126574965702426,
          0.030642704272877838,
          0.03535107169305141,
          0.05679038149295366
        ],
        "currentBinShare": 0.05281801738339786
      },
      "ttm": {
        "squeeze": false,
        "release": false,
        "widthPct": 1.2592246795233113
      }
    },
    "min5": {
      "sma20": 0.399831,
      "sma50": 0.40896859999999996,
      "ema20": 0.39957680235643833,
      "ema50": 0.4062984551685394,
      "vwma20": 0.39882139967782687,
      "hma21": 0.3935102164502164,
      "atr14": 0.0032050000000000017,
      "atrPercentile": 0.5583941605839416,
      "rvolZ": -0.47676396506560303,
      "rvolPercentile": 0.2777777777777778,
      "mfi14": 22.295144120402583,
      "ppo": {
        "ppo": -1.010335092086239,
        "signal": -1.001240190191823,
        "histogram": -0.009094901894415974
      },
      "stochRsi": {
        "k": 34.849629234356385,
        "d": 29.775667345096664
      },
      "vprofile": {
        "vpBins": [
          0.0010189176115386314,
          0,
          0,
          0.10535109243419671,
          0.08885793783798367,
          0.1024615563312439,
          0.08495485254340351,
          0.07429883608624703,
          0.16409738262793322,
          0.08184089314720347,
          0.018672414794423147,
          0.010550398630641273,
          0.03541024626809409,
          0.04612402098216154,
          0.07461049089828961,
          0.03572088256568712,
          0.05305056642028731,
          0.009285011131832457,
          0,
          0.013694499688833224
        ],
        "currentBinShare": 0.1024615563312439
      },
      "ttm": {
        "squeeze": false,
        "release": false,
        "widthPct": 3.9853930297895337
      }
    },
    "min15": {
      "sma20": 0.41040600000000005,
      "sma50": 0.4084087999999998,
      "ema20": 0.4060843870085838,
      "ema50": 0.4052104216831556,
      "vwma20": 0.41010194875802375,
      "hma21": 0.39250974025974017,
      "atr14": 0.004836428571428567,
      "atrPercentile": 0.21951219512195122,
      "rvolZ": -0.5510809529278968,
      "rvolPercentile": 0.3333333333333333,
      "mfi14": 3.9874569650321376,
      "ppo": {
        "ppo": -1.1992382666065216,
        "signal": -0.5798882518457044,
        "histogram": -0.6193500147608172
      },
      "stochRsi": {
        "k": 0,
        "d": 8.641303305589764
      },
      "vprofile": {
        "vpBins": [
          0.03077107945688631,
          0,
          0,
          0.02094920935562438,
          0.030029952233962088,
          0.019109040013634598,
          0.05535767131802347,
          0.20297816113516856,
          0.09628348941391547,
          0.1002833593737096,
          0.11423043013400117,
          0.10734122079070213,
          0.029678268494420873,
          0.011671329116278278,
          0.032782373553760166,
          0.049854023173648586,
          0.035849784024232036,
          0.06283060841203252,
          0,
          0
        ],
        "currentBinShare": 0.09628348941391547
      },
      "ttm": {
        "squeeze": false,
        "release": false,
        "widthPct": 11.25842051448401
      }
    },
    "hourly": {
      "sma20": 0.40108699999999997,
      "sma50": 0.38233340000000005,
      "ema20": 0.4011295783186367,
      "ema50": 0.3897197308419485,
      "vwma20": 0.40606397554251866,
      "hma21": 0.42444666666666653,
      "atr14": 0.014064285714285711,
      "atrPercentile": 0.860248447204969,
      "rvolZ": -0.4067221381202315,
      "rvolPercentile": 0.3898809523809524,
      "mfi14": 58.252407543146,
      "ppo": {
        "ppo": 2.1102466994435884,
        "signal": 2.525354690659361,
        "histogram": -0.41510799121577246
      },
      "stochRsi": {
        "k": 20.309294516604787,
        "d": 53.098978977899414
      },
      "vprofile": {
        "vpBins": [
          0.017043214734932217,
          0.03622875719610292,
          0.045963397195497246,
          0.05916148417657558,
          0.019412315106158515,
          0.09177311936208914,
          0.05557410394671155,
          0.08210320265481684,
          0.1387150106489967,
          0.11333590039324463,
          0.044267448546756814,
          0.062110679203274066,
          0.025902404931433604,
          0.017462330721655334,
          0.12589318480450118,
          0.01496545163467478,
          0.05008799474257867,
          0,
          0,
          0
        ],
        "currentBinShare": 0.062110679203274066
      },
      "ttm": {
        "squeeze": false,
        "release": false,
        "widthPct": 16.962095620504513
      }
    },
    "fourHour": {
      "sma20": 0.38618800000000003,
      "sma50": 0.3657944000000001,
      "ema20": 0.3845396885349176,
      "ema50": 0.37514218411320477,
      "vwma20": 0.3905199742754914,
      "hma21": 0.37897965367965364,
      "atr14": 0.023187142857142854,
      "atrPercentile": 0.7857142857142857,
      "rvolZ": -0.13682117286798975,
      "rvolPercentile": 0.6071428571428571,
      "mfi14": 71.04085820704027,
      "ppo": {
        "ppo": 2.3383130581357787,
        "signal": 1.5606265104276524,
        "histogram": 0.7776865477081263
      },
      "stochRsi": {
        "k": 79.23773103862119,
        "d": 61.027778678303086
      },
      "vprofile": {
        "vpBins": [
          0.015460327142979574,
          0.018787624416122944,
          0.051473275834489234,
          0.04004666980739828,
          0,
          0.07468965879439984,
          0.08871289155660306,
          0.08548825587776593,
          0.2352068541200517,
          0.05019731684380289,
          0.02787682434082915,
          0.10446161025396565,
          0.06781094811414391,
          0.023987844805542082,
          0.03713013544093627,
          0,
          0.07866976265096946,
          0,
          0,
          0
        ],
        "currentBinShare": 0.10446161025396565
      },
      "ttm": {
        "squeeze": false,
        "release": false,
        "widthPct": 18.855861674466155
      }
    },
    "daily": {
      "sma20": 0.38925600000000005,
      "sma50": 0.3925633999999999,
      "ema20": 0.3947353580172887,
      "ema50": 0.3642504087047397,
      "vwma20": 0,
      "hma21": 0.34944861471861466,
      "atr14": 0.053348571428571426,
      "atrPercentile": 0.5394736842105263,
      "rvolZ": 0,
      "rvolPercentile": 1,
      "mfi14": 50,
      "ppo": {
        "ppo": -2.592228880483337,
        "signal": -2.4518297810018175,
        "histogram": -0.1403990994815194
      },
      "stochRsi": {
        "k": 100,
        "d": 49.070138910816205
      },
      "vprofile": {
        "vpBins": [
          0,
          0,
          0,
          0,
          0,
          0,
          0,
          0,
          0,
          0,
          0,
          0,
          0,
          0,
          0,
          0,
          0,
          0,
          0,
          0
        ],
        "currentBinShare": 0
      },
      "ttm": {
        "squeeze": false,
        "release": false,
        "widthPct": 37.95871320317938
      }
    }
  },
  "smaMin5": 0.399831,
  "emaMin5": 0.39957680235643833,
  "vwmaMin5": 0.39882139967782687,
  "hmaMin5": 0.3935102164502164,
  "keltner15": {
    "upper": 0.4124878870085838,
    "middle": 0.4060843870085838,
    "lower": 0.3996808870085838
  },
  "superTrend15": {
    "isBull": true,
    "finalUpper": 0.40633700000000006,
    "finalLower": 0.38072300000000003
  },
  "mfi15": 3.9874569650321376,
  "stochRsi15": {
    "k": 0,
    "d": 8.641303305589764
  },
  "ppo15": {
    "ppo": -1.1992382666065216,
    "signal": -0.5798882518457044,
    "histogram": -0.6193500147608172
  },
  "vpMin15": {
    "vpBins": [
      0.03077107945688631,
      0,
      0,
      0.02094920935562438,
      0.030029952233962088,
      0.019109040013634598,
      0.05535767131802347,
      0.20297816113516856,
      0.09628348941391547,
      0.1002833593737096,
      0.11423043013400117,
      0.10734122079070213,
      0.029678268494420873,
      0.011671329116278278,
      0.032782373553760166,
      0.049854023173648586,
      0.035849784024232036,
      0.06283060841203252,
      0,
      0
    ],
    "currentBinShare": 0.09628348941391547
  },
  "ttm15": {
    "squeeze": false,
    "release": false,
    "widthPct": 11.25842051448401
  },
  "marketCorrelation": {
    "hourly": {
      "btcCorrelation": 0,
      "ethCorrelation": 0,
      "btcBeta": 1,
      "ethBeta": 1,
      "btcTrend": "UNKNOWN",
      "ethTrend": "UNKNOWN",
      "tokenVol": 0,
      "btcVol": 0,
      "ethVol": 0,
      "marketDependence": 0,
      "verdict": "INSUFFICIENT_DATA"
    },
    "min15": {
      "btcCorrelation": 0,
      "ethCorrelation": 0,
      "btcBeta": 1,
      "ethBeta": 1,
      "btcTrend": "UNKNOWN",
      "ethTrend": "UNKNOWN",
      "tokenVol": 0,
      "btcVol": 0,
      "ethVol": 0,
      "marketDependence": 0,
      "verdict": "INSUFFICIENT_DATA"
    },
    "daily": {
      "btcCorrelation": 0,
      "ethCorrelation": 0,
      "btcBeta": 1,
      "ethBeta": 1,
      "btcTrend": "UNKNOWN",
      "ethTrend": "UNKNOWN",
      "tokenVol": 0,
      "btcVol": 0,
      "ethVol": 0,
      "marketDependence": 0,
      "verdict": "INSUFFICIENT_DATA"
    }
  },
  "tradeTape": {
    "totalTrades": 0,
    "totalVolume": 0,
    "buysVolume": 0,
    "sellsVolume": 0,
    "buySellRatio": 0.5,
    "vwap": 0,
    "signedVolume": 0,
    "avgTradeSize": 0,
    "tradesPerSec": 0,
    "cumulativeDelta": 0,
    "tradesLast1m": 0,
    "tradesLast5m": 0,
    "tradesLast15m": 0,
    "tradesLast1h": 0,
    "buyVWAP": 0,
    "sellVWAP": 0,
    "aggressorVWAP": 0,
    "bucketDurationMs": 60000,
    "bucketCount": 15,
    "bucketSignedVolumes": [],
    "bucketVolumes": [],
    "bucketVWAPs": [],
    "latestBucketSignedZ": 0
  },
  "enhancedMetrics": {
    "relativeVolumeZScore": -1,
    "volumePercentile": 40,
    "atrPercentile": 56.20437956204379,
    "volatilityPercentile": 76.89873417721519,
    "relativeVolatilityRatio": 0.9018730991950222,
    "isHighVolume": false,
    "isHighVolatility": true,
    "isLowVolatility": false,
    "isExpandingVolatility": false,
    "isContractingVolatility": false
  },
  "orderBook": {
    "bidAskSpread": 0,
    "spreadPct": 0,
    "midPrice": 0,
    "bestBid": 0,
    "bestAsk": 0,
    "bidDepth": 0,
    "askDepth": 0,
    "orderBookImbalance": 0,
    "liquidityScore": 0,
    "depthAt1Pct": {
      "bidVolume": 0,
      "askVolume": 0,
      "imbalance": 0
    },
    "depthAt2Pct": {
      "bidVolume": 0,
      "askVolume": 0,
      "imbalance": 0
    },
    "depthAt5Pct": {
      "bidVolume": 0,
      "askVolume": 0,
      "imbalance": 0
    },
    "weightedMidPrice": 0,
    "volumeWeightedSpread": 0,
    "totalBidLevels": 0,
    "totalAskLevels": 0
  },
  "marketCap": {
    "marketCap": 0,
    "totalVolume24h": 0,
    "volumeToMarketCapRatio": 0,
    "marketCapRank": 0,
    "normalizedRank": 0,
    "isHighLiquidity": false,
    "isVeryHighLiquidity": false,
    "isLowLiquidity": true,
    "liquidityTier": "VERY_LOW"
  },
  "sweeps": {
    "sweepScore": 0,
    "sweepCount": 0,
    "sweepDirection": "NEUTRAL",
    "buySweeps": 0,
    "sellSweeps": 0,
    "avgSweepSize": 0,
    "avgSweepIntensity": 0,
    "bidLiftRatio": 0,
    "askLiftRatio": 0,
    "sweepFrequency": 0,
    "largestSweep": null,
    "recentSweepClusters": 0,
    "sweepDetails": []
  },
  "absorption": {
    "absorptionScore": 0,
    "absorptionLevel": null,
    "absorptionSide": "NONE",
    "icebergProbability": 0,
    "hiddenLiquidityEstimate": 0,
    "volumeAtPrice": {},
    "topAbsorptionLevels": [],
    "persistenceDuration": 0,
    "refillDetected": false
  },
  "orderArrival": {
    "avgInterArrivalTime": 0,
    "recentInterArrivalTime": 0,
    "accelerationRatio": 1,
    "hawkesIntensity": 0,
    "hawkesDirection": "NEUTRAL",
    "clusteringScore": 0,
    "burstCount": 0,
    "cascadeDetected": false,
    "timeToNextTrade": 0,
    "accelerationTrend": "STABLE"
  },
  "liquidityVacuum": {
    "vacuumScore": 0,
    "vacuumSide": "NONE",
    "bidVacuumSeverity": 0,
    "askVacuumSeverity": 0,
    "depthConcentration": 0,
    "priceImpact10k": 0,
    "priceImpact50k": 0,
    "priceImpact100k": 0,
    "largestGapBid": 0,
    "largestGapAsk": 0,
    "avgGapBid": 0,
    "avgGapAsk": 0,
    "bidCliffDistance": 0,
    "askCliffDistance": 0
  },
  "volatilityRegime": {
    "regime": "BELOW_NORMAL",
    "regimeScore": -0.5,
    "currentATR": 0.052536,
    "avgATR": 0.10549,
    "atrPercentile": 52.6,
    "realizedVolatility": 142.74,
    "volPercentile": 6.8,
    "expanding": false,
    "contracting": true,
    "transitionProbability": 0.4,
    "daysInRegime": 1,
    "regimeStrength": 0.97
  },
  "temporalPatterns": {
    "currentHour": 13,
    "currentDay": 0,
    "currentDayName": "Sunday",
    "dayBias": "NEUTRAL",
    "hourlyProfile": [
      {
        "avgVolume": 573719.74,
        "avgATR": 0.013045,
        "avgReturn": 0.394
      },
      {
        "avgVolume": 394500.39,
        "avgATR": 0.01182,
        "avgReturn": -0.125
      },
      {
        "avgVolume": 486178.59,
        "avgATR": 0.011091,
        "avgReturn": -0.182
      },
      {
        "avgVolume": 300022.87,
        "avgATR": 0.008191,
        "avgReturn": 0.102
      },
      {
        "avgVolume": 281085.91,
        "avgATR": 0.009381,
        "avgReturn": 0.104
      },
      {
        "avgVolume": 227070.36,
        "avgATR": 0.008183,
        "avgReturn": 0.702
      },
      {
        "avgVolume": 269693.64,
        "avgATR": 0.007711,
        "avgReturn": -0.062
      },
      {
        "avgVolume": 241188.48,
        "avgATR": 0.007601,
        "avgReturn": 0.278
      },
      {
        "avgVolume": 135154.12,
        "avgATR": 0.006493,
        "avgReturn": 0.323
      },
      {
        "avgVolume": 134952,
        "avgATR": 0.006615,
        "avgReturn": -0.75
      },
      {
        "avgVolume": 115403.82,
        "avgATR": 0.00487,
        "avgReturn": -0.224
      },
      {
        "avgVolume": 182745.27,
        "avgATR": 0.006537,
        "avgReturn": -0.278
      },
      {
        "avgVolume": 214694.47,
        "avgATR": 0.006674,
        "avgReturn": -0.119
      },
      {
        "avgVolume": 276850.2,
        "avgATR": 0.008222,
        "avgReturn": 0.238
      },
      {
        "avgVolume": 453343.56,
        "avgATR": 0.012952,
        "avgReturn": 1.302
      },
      {
        "avgVolume": 765311.1,
        "avgATR": 0.015334,
        "avgReturn": 0.013
      },
      {
        "avgVolume": 537076.76,
        "avgATR": 0.012359,
        "avgReturn": -1.287
      },
      {
        "avgVolume": 289506.23,
        "avgATR": 0.009155,
        "avgReturn": -0.236
      },
      {
        "avgVolume": 235412.03,
        "avgATR": 0.007993,
        "avgReturn": -0.347
      },
      {
        "avgVolume": 368950.14,
        "avgATR": 0.011391,
        "avgReturn": 0.017
      },
      {
        "avgVolume": 454595.18,
        "avgATR": 0.010481,
        "avgReturn": 0.1
      },
      {
        "avgVolume": 296020.14,
        "avgATR": 0.008886,
        "avgReturn": -0.42
      },
      {
        "avgVolume": 223723.57,
        "avgATR": 0.007705,
        "avgReturn": -0.106
      },
      {
        "avgVolume": 861298.61,
        "avgATR": 0.015726,
        "avgReturn": 1.398
      }
    ],
    "dailyProfile": [
      {
        "avgVolume": 162733.07,
        "avgATR": 0.005618,
        "avgReturn": -0.104
      },
      {
        "avgVolume": 373099.52,
        "avgATR": 0.00985,
        "avgReturn": 0.056
      },
      {
        "avgVolume": 386908.26,
        "avgATR": 0.010514,
        "avgReturn": -0.119
      },
      {
        "avgVolume": 373427.41,
        "avgATR": 0.010979,
        "avgReturn": 0.232
      },
      {
        "avgVolume": 177255.85,
        "avgATR": 0.007214,
        "avgReturn": -0.128
      },
      {
        "avgVolume": 440934.65,
        "avgATR": 0.010271,
        "avgReturn": 0.5
      },
      {
        "avgVolume": 514162.47,
        "avgATR": 0.012224,
        "avgReturn": -0.2
      }
    ],
    "favorableHours": [
      23,
      15,
      0,
      16,
      2,
      14
    ],
    "favorableWindow": false,
    "currentVsAvgVolume": 0,
    "currentVsAvgVolatility": 0,
    "anomalyDetected": true,
    "timeUntilFavorable": 1,
    "temporalScore": 0
  },
  "unifiedMicrostructure": {
    "signalDirections": {
      "vpin": "NEUTRAL",
      "sweeps": "NEUTRAL",
      "absorption": "NEUTRAL",
      "arrival": "NEUTRAL",
      "vacuum": "NONE",
      "volRegime": "FAVORABLE",
      "temporal": "UNFAVORABLE"
    },
    "consensusDirection": "NEUTRAL",
    "consensusStrength": 50,
    "bullishSignals": 1,
    "bearishSignals": 1,
    "neutralSignals": 0,
    "totalAvailableSignals": 2,
    "dominantPattern": "NONE",
    "clusters": {
      "strongBuyCluster": false,
      "distributionPattern": false,
      "accumulationPattern": false,
      "momentumCascade": false
    },
    "adaptiveWeights": {
      "vpin": 0,
      "sweeps": 0,
      "absorption": 0,
      "arrival": 0,
      "vacuum": 0,
      "volRegime": 0.021,
      "temporal": 0.02
    },
    "convictionLevel": "LOW",
    "convictionScore": 30,
    "riskAdjustment": "REDUCE",
    "timingQuality": "UNFAVORABLE",
    "signalQuality": "LOW"
  },
  "deltaAnalysis": {
    "currentDelta": 0,
    "cumulativeDelta": 0,
    "deltaPerVolume": 0,
    "deltaDirection": "NEUTRAL",
    "deltaDivergence": false,
    "institutionalRatio": 0,
    "aggressionScore": 0
  },
  "volumeProfile": {
    "pointOfControl": 0,
    "valueAreaHigh": 0,
    "valueAreaLow": 0,
    "currentPosition": "ABOVE_VALUE_AREA",
    "volumeNodes": [],
    "airPockets": []
  },
  "momentumCascade": {
    "cascadeDetected": false,
    "alignmentScore": -0.019979861428248383,
    "cascadeStrength": 0,
    "acceleratingTimeframes": [],
    "divergingTimeframes": [
      "1m",
      "5m",
      "15m",
      "1h"
    ]
  },
  "breakoutConfirmation": {
    "breakoutConfirmed": false,
    "volumeConfirmation": false,
    "retestStrength": 0,
    "falseBreakoutRisk": 0,
    "breakoutQuality": "NO_BREAKOUT"
  },
  "liquidityHeatmap": {
    "liquidityScore": 0,
    "magnetDirection": "NONE",
    "magnetStrength": 0,
    "priceTarget5pct": null,
    "message": "No order book data"
  },
  "smartMoneyDivergence": {
    "divergenceDetected": false,
    "divergenceDirection": "NONE",
    "smartMoneyScore": 0.5,
    "message": "Insufficient trade data"
  },
  "microstructure": {
    "raw": -0.017963134066340203,
    "pct": 50,
    "summary": {
      "latestBucketSignedZ": 0,
      "buySellRatio": 0.5,
      "tradesPerSec": 0,
      "vwap": 0,
      "aggressorVWAP": 0,
      "vpinToxicity": "UNKNOWN",
      "sweepDirection": "NEUTRAL",
      "absorptionSide": "NONE",
      "icebergDetected": false,
      "hawkesDirection": "NEUTRAL",
      "cascadeDetected": false,
      "vacuumSide": "NONE",
      "volatilityRegime": "BELOW_NORMAL",
      "volExpanding": false,
      "favorableTimeWindow": false,
      "temporalAnomaly": true,
      "consensusDirection": "NEUTRAL",
      "consensusStrength": 50,
      "dominantPattern": "NONE",
      "convictionLevel": "LOW",
      "riskAdjustment": "REDUCE",
      "timingQuality": "UNFAVORABLE",
      "deltaDirection": "NEUTRAL",
      "deltaDivergence": false,
      "institutionalRatio": 0,
      "volumeProfilePosition": "ABOVE_VALUE_AREA",
      "pointOfControl": 0,
      "momentumCascadeDetected": false,
      "cascadeStrength": 0,
      "breakoutQuality": "NO_BREAKOUT",
      "breakoutConfirmed": false,
      "magnetDirection": "NONE",
      "magnetStrength": 0,
      "priceTarget5pct": null,
      "nearestBidWall": 0,
      "nearestAskWall": 0,
      "divergenceDetected": false,
      "divergenceDirection": "NONE",
      "whaleAccumulation": false,
      "whaleDistribution": false,
      "retailPanic": false,
      "smartMoneyScore": 0.5
    }
  }
}

=== MICROSTRUCTURE ALERTS ===

🔬 VPIN: Insufficient data for VPIN analysis

🌊 SWEEP DETECTION: No significant sweeps detected

🧊 ABSORPTION & ICEBERG: No significant absorption or iceberg orders detected

⚡ ORDER ARRIVAL DYNAMICS: Insufficient trades for analysis

🌪️ LIQUIDITY VACUUM: No significant vacuum detected

📊 VOLATILITY REGIME DETECTION:
   Current Regime: BELOW_NORMAL
   Regime Score: -0.50 (-1=low vol, +1=extreme vol)
   Days in Regime: 1
   ATR: $0.052536 (avg: $0.105490)
   ATR Percentile: 52.6%
   Realized Volatility: 142.74% (annualized)
   Vol Percentile: 6.8%

   🟢 BELOW NORMAL VOLATILITY:
   ⚡ Consolidation phase - watch for expansion
   ✅ Good entry zone for patient trades

   📉 VOLATILITY CONTRACTING:
   🔄 Consolidation phase - accumulation likely
   ⏳ Wait for expansion before entering

   📍 MODERATE REGIME TRANSITION PROBABILITY: 40%
   Monitor for potential regime change

   ⚠️ NEW REGIME: Only 1 day(s) - conditions still settling

⏰ TEMPORAL PATTERN ANALYSIS:
   Current Time: Sunday 13:00 UTC
   Day Bias: NEUTRAL
   Current vs Avg Volume: 0x
   Current vs Avg Volatility: 0x

   ⏳ NON-FAVORABLE TIME WINDOW:
   This hour typically shows weaker activity
   Next favorable window in 1 hour(s)

   ⚠️ LOW ACTIVITY ANOMALY:
   Volume 0x below typical - Extremely quiet

   📉 LOW VOLATILITY ANOMALY:
   Volatility 0x below typical - Consolidation likely

   🔥 Best Trading Hours (UTC): 23:00, 15:00, 0:00

🎯 UNIFIED MICROSTRUCTURE INTEGRATION:
   Signal Consensus: NEUTRAL (50% agreement)
   Available Signals: 2 (1 bullish / 1 bearish / 0 neutral)
   Conviction Level: LOW (30%)
   Signal Quality: LOW
   Risk Adjustment: REDUCE
   Timing Quality: UNFAVORABLE

   ⚠️ LOW CONVICTION: Only 50% signal agreement
   Weak alignment - Reduce position size or wait for clarity

   ⚠️ RISK REDUCTION RECOMMENDED: Extreme volatility or unfavorable timing detected

   ⏰ UNFAVORABLE TIMING: Avoid trading during this hour

   Signal Directions Breakdown:
   • VPIN: NEUTRAL
   • Sweeps: NEUTRAL
   • Absorption: NEUTRAL
   • Arrival Dynamics: NEUTRAL
   • Liquidity Vacuum: NONE
   • Vol Regime: FAVORABLE
   • Temporal: UNFAVORABLE

   Adaptive Weights (Total: 4.1%):
   • VPIN: 0.0%
   • Sweeps: 0.0%
   • Absorption: 0.0%
   • Arrival: 0.0%
   • Vacuum: 0.0%
   • Vol Regime: 2.1%
   • Temporal: 2.0%


💹 DELTA ANALYSIS (Order Flow Aggression):
   Direction: NEUTRAL
   Delta Per Volume: 0.00%
   Institutional Ratio: 0.0%
   Aggression Score: 0.0%

📊 VOLUME PROFILE (Support/Resistance Strength):
   Point of Control (POC): $0.000000
   Value Area High: $0.000000
   Value Area Low: $0.000000
   Current Position: ABOVE_VALUE_AREA
   ⚠️ DISTRIBUTION RISK: Price above value area - potential rejection zone

⚡ MOMENTUM CASCADE (Multi-Timeframe Alignment):
   Cascade Detected: NO
   Alignment Score: -2.0%
   Cascade Strength: 0.0%
   Accelerating: None
   Diverging: 1m, 5m, 15m, 1h

💥 BREAKOUT CONFIRMATION:
   Quality: NO_BREAKOUT
   Volume Confirmation: NO
   Retest Strength: 0.0%
   False Breakout Risk: 0.0%
   No breakout detected - price below resistance


levels:
Entry=0.39303236, StopLoss=0.383206551, TakeProfit=0.40017504600000003, 0.4073177320000001, 0.4130318808000001

---

=== Token: HONEY (HONEY) ===
Contract: HONEY-USD
Timestamp: 2025-09-16T12:15:00.000Z

Calculations:
{
  "momentumScore": 37.97847867217061,
  "volumeScore": 61.66666666666674,
  "patternScore": 38.39390856910539,
  "totalScore": 44.393146826228836,
  "finalScore": 44.393146826228836,
  "weights": "0.23,0.45,0.23",
  "hourlyUptrend": false,
  "rsi": 66.66666666666647,
  "ultraShortVolumeSurge": 0.6342049601332365,
  "baseVolumeSurge": 0.016675260996886033,
  "currentPrice": 0.0152,
  "resistance": 0.0153,
  "support": 0.015,
  "rocMin5": 0.006622516556291351,
  "shortROC": 0,
  "priceAcceleration": 0.0016556291390728377,
  "buySellRatio": 0.3344647556179506,
  "macdHistogram": -0.00001752720208280601,
  "stochasticK": 66.66666666666686,
  "atr": 0.00007857142857142847,
  "bbUpper": 0.01539880613017821,
  "bbLower": 0.014981193869821788,
  "hammerDetected": false,
  "engulfingDetected": false,
  "compressionSpring": {
    "detected": true,
    "confidence": 44,
    "signals": {
      "sidewaysPrice": true,
      "atrCompression": false,
      "bbSqueeze": true,
      "consolidationTime": true,
      "strongBuying": false,
      "obvPositive": false,
      "chaikinPositive": false,
      "rsiNeutral": true,
      "volumeBuilding": false
    },
    "metrics": {
      "priceRange": 2,
      "atrRatio": 1.222,
      "bbWidth": 2.75,
      "volumeRatio": 0.851,
      "signalCount": 4,
      "buySellRatio": 0.334
    }
  },
  "riskTier": "MEDIUM",
  "atrPercent": 0.6109022556390957,
  "distanceToResistance": 0.6578947368421013,
  "slPercent": 3,
  "tpPercent": 0.559210526315786,
  "trailingActivation": 0.3355263157894716,
  "shortMomentumScore": 0,
  "overboughtScore": 0,
  "shortPatternScore": 0,
  "shootingStarDetected": false,
  "bearishEngulfingDetected": false,
  "eveningStarDetected": false,
  "bearishPatternsCount": 0,
  "shortTotalScore": 0,
  "chaikin": 0.17825544224017156,
  "obvIncreasing": true,
  "obvTrend": "increasing",
  "adx": 14.285714285714215,
  "recentCandles": {
    "redCount": 0,
    "greenCount": 10
  },
  "resistanceDistance": 0.6578947368421013,
  "multiplePatterns": false,
  "bullishPattern": false,
  "priceAboveVWAP": false,
  "breakingResistance": true,
  "atrSufficient": false,
  "macdDivergenceBearish": false,
  "rvolMin1": -0.07832820303541328,
  "rvolMin5": 0.5983398867574895,
  "atrPercentileOld": 0.8048780487804879,
  "vwapDeviation": -1.306471808500502,
  "bbWidthPercent": 2.749257803531414,
  "bbSqueeze": true,
  "multiTFMomentum": {
    "min1": {
      "roc1": 0,
      "roc3": 0
    },
    "min5": {
      "roc1": 0,
      "roc3": 0.006622516556291351
    },
    "min15": {
      "roc1": 0,
      "roc3": 0.006622516556291351
    },
    "hourly": {
      "roc1": 0.006622516556291351,
      "roc3": 0
    },
    "fourHour": {
      "roc1": -0.006535947712418261,
      "roc3": -0.01298701298701302
    },
    "divergenceShortUpLongDown": false
  },
  "returnZMin5": 0.04241637598495252,
  "wickClosePct": 1,
  "wickUpper": 0,
  "wickLower": 0,
  "wickRatio": 0,
  "donchianBreakout15": false,
  "bbWidthPercentile15": 0.961038961038961,
  "signedMin5": 2263727.4,
  "signedMin5Z": 47.60582827669085,
  "signedMin1": 1628142.6999999995,
  "signedMin1Z": 44.6027450352205,
  "streakMin1": {
    "upStreak": 0,
    "downStreak": 1
  },
  "streakMin5": {
    "upStreak": 3,
    "downStreak": 0
  },
  "rvolPercentileMin1": 0.8118055555555556,
  "rvolPercentileMin5": 0.9166666666666666,
  "perTfMetrics": {
    "min1": {
      "sma20": 0.01507,
      "sma50": 0.015144000000000001,
      "ema20": 0.01509018801482259,
      "ema50": 0.015130132309088678,
      "vwma20": 0.015105788274142216,
      "hma21": 0.01511038961038961,
      "atr14": 0.000028571428571428523,
      "atrPercentile": 0.1797583081570997,
      "rvolZ": -0.07832820303541328,
      "rvolPercentile": 0.8118055555555556,
      "mfi14": 47.30683577082885,
      "ppo": {
        "ppo": -0.04215962741884313,
        "signal": -0.10993824035319182,
        "histogram": 0.06777861293434868
      },
      "stochRsi": {
        "k": 100,
        "d": 61.111111111111235
      },
      "vprofile": {
        "vpBins": [
          0.009268954732002468,
          0,
          0.07102091570704155,
          0,
          0,
          0.15070979575820176,
          0,
          0,
          0.08517336339393951,
          0,
          0,
          0.21287068496920356,
          0,
          0,
          0.3007975676095333,
          0,
          0,
          0.1270627071816769,
          0,
          0.043096010648400775
        ],
        "currentBinShare": 0.07102091570704155
      },
      "ttm": {
        "squeeze": false,
        "release": false,
        "widthPct": 1.4778405740756593
      }
    },
    "min5": {
      "sma20": 0.015105000000000002,
      "sma50": 0.015193999999999996,
      "ema20": 0.01513820022069169,
      "ema50": 0.01518801657782839,
      "vwma20": 0.015128824737506832,
      "hma21": 0.015085714285714286,
      "atr14": 0.00007857142857142847,
      "atrPercentile": 0.7299270072992701,
      "rvolZ": 0.5983398867574895,
      "rvolPercentile": 0.9166666666666666,
      "mfi14": 53.194786107194126,
      "ppo": {
        "ppo": -0.09787083031529188,
        "signal": -0.2304900142403653,
        "histogram": 0.13261918392507344
      },
      "stochRsi": {
        "k": 100,
        "d": 61.11111111111098
      },
      "vprofile": {
        "vpBins": [
          0.006458254746326456,
          0,
          0.08098470919580142,
          0,
          0.13196890180223506,
          0,
          0.06532756927431643,
          0,
          0.17289235756987847,
          0,
          0,
          0.2794667276667314,
          0,
          0.15889641300462995,
          0,
          0.08793080884854244,
          0,
          0.016074257891538195,
          0,
          0
        ],
        "currentBinShare": 0.13196890180223506
      },
      "ttm": {
        "squeeze": false,
        "release": false,
        "widthPct": 1.5610494700498756
      }
    },
    "min15": {
      "sma20": 0.015189999999999999,
      "sma50": 0.015245999999999996,
      "ema20": 0.01517180736265276,
      "ema50": 0.015251471349944267,
      "vwma20": 0.015189833597974121,
      "hma21": 0.015059307359307356,
      "atr14": 0.00009285714285714255,
      "atrPercentile": 0.8048780487804879,
      "rvolZ": 0.36348591015063103,
      "rvolPercentile": 0.8541666666666666,
      "mfi14": 57.13085905350636,
      "ppo": {
        "ppo": -0.2559346582163322,
        "signal": -0.2856682039943107,
        "histogram": 0.029733545777978487
      },
      "stochRsi": {
        "k": 46.66666666666684,
        "d": 40.740740740740755
      },
      "vprofile": {
        "vpBins": [
          0.00850512101981533,
          0,
          0.04322119051578582,
          0,
          0,
          0.18523017686897944,
          0,
          0,
          0.0768067035776493,
          0,
          0,
          0.32658314196754407,
          0,
          0,
          0.16847879466556973,
          0,
          0,
          0.1815975640436842,
          0,
          0.009577307340972115
        ],
        "currentBinShare": 0.18523017686897944
      },
      "ttm": {
        "squeeze": false,
        "release": false,
        "widthPct": 2.749257803531414
      }
    },
    "hourly": {
      "sma20": 0.015319999999999997,
      "sma50": 0.015659999999999993,
      "ema20": 0.01532342574138107,
      "ema50": 0.01563191343246072,
      "vwma20": 0.015345706780405465,
      "hma21": 0.015066666666666667,
      "atr14": 0.00014999999999999972,
      "atrPercentile": 0.1956521739130435,
      "rvolZ": -0.3226449351356359,
      "rvolPercentile": 0.48214285714285715,
      "mfi14": 24.79338209046469,
      "ppo": {
        "ppo": -1.015253255766326,
        "signal": -1.0705261000447788,
        "histogram": 0.05527284427845269
      },
      "stochRsi": {
        "k": 46.6666666666665,
        "d": 30.555555555555497
      },
      "vprofile": {
        "vpBins": [
          0.00580625296894495,
          0.013245632050798463,
          0.0050771742068035875,
          0.035049348337040216,
          0.06241260564378378,
          0.06398576498483687,
          0.13241385142678916,
          0.061327111666034585,
          0.040653626750319076,
          0.037706584273028046,
          0.006068304925524225,
          0.004305764441839513,
          0.02656023424879488,
          0.2943198691476178,
          0.009626307603229863,
          0.07635392893982865,
          0.07614114684020244,
          0.04894649154458368,
          0,
          0
        ],
        "currentBinShare": 0.013245632050798463
      },
      "ttm": {
        "squeeze": false,
        "release": false,
        "widthPct": 4.011042165988814
      }
    },
    "fourHour": {
      "sma20": 0.01602,
      "sma50": 0.015988,
      "ema20": 0.015788456371159568,
      "ema50": 0.016036028860875073,
      "vwma20": 0.01629410668844611,
      "hma21": 0.015093073593073589,
      "atr14": 0.0004357142857142853,
      "atrPercentile": 0.37142857142857144,
      "rvolZ": -0.3254371844810412,
      "rvolPercentile": 0.4523809523809524,
      "mfi14": 12.768372671773392,
      "ppo": {
        "ppo": -1.6996170921102849,
        "signal": -0.9963370622658904,
        "histogram": -0.7032800298443945
      },
      "stochRsi": {
        "k": 13.170016750418718,
        "d": 18.245489078822335
      },
      "vprofile": {
        "vpBins": [
          0,
          0.013360052575066648,
          0.03915122960625945,
          0,
          0.19869539191906002,
          0.09021228768206244,
          0.04686201720039825,
          0.09483483510497963,
          0.02325989100307534,
          0.01950039575027153,
          0.1608512394544803,
          0.04601852483414177,
          0.07852537044215945,
          0.05178112135560953,
          0.09656400750884746,
          0.03020622659180908,
          0,
          0.005802233460755693,
          0.004375175511023542,
          0
        ],
        "currentBinShare": 0.013360052575066648
      },
      "ttm": {
        "squeeze": false,
        "release": false,
        "widthPct": 14.993752605245888
      }
    },
    "daily": {
      "sma20": 0.016544999999999997,
      "sma50": 0.018490000000000006,
      "ema20": 0.016648610313458163,
      "ema50": 0.01804984649047252,
      "vwma20": 0,
      "hma21": 0.015097835497835495,
      "atr14": 0.0010214285714285724,
      "atrPercentile": 0.07894736842105263,
      "rvolZ": 0,
      "rvolPercentile": 1,
      "mfi14": 50,
      "ppo": {
        "ppo": -5.244852930329449,
        "signal": -5.264174573071444,
        "histogram": 0.019321642741995326
      },
      "stochRsi": {
        "k": 82.36167055331781,
        "d": 32.373386295928526
      },
      "vprofile": {
        "vpBins": [
          0,
          0,
          0,
          0,
          0,
          0,
          0,
          0,
          0,
          0,
          0,
          0,
          0,
          0,
          0,
          0,
          0,
          0,
          0,
          0
        ],
        "currentBinShare": 0
      },
      "ttm": {
        "squeeze": false,
        "release": false,
        "widthPct": 24.530201864161892
      }
    }
  },
  "smaMin5": 0.015105000000000002,
  "emaMin5": 0.01513820022069169,
  "vwmaMin5": 0.015128824737506832,
  "hmaMin5": 0.015085714285714286,
  "keltner15": {
    "upper": 0.015321807362652758,
    "middle": 0.01517180736265276,
    "lower": 0.01502180736265276
  },
  "superTrend15": {
    "isBull": true,
    "finalUpper": 0.01545,
    "finalLower": 0.01485
  },
  "mfi15": 57.13085905350636,
  "stochRsi15": {
    "k": 46.66666666666684,
    "d": 40.740740740740755
  },
  "ppo15": {
    "ppo": -0.2559346582163322,
    "signal": -0.2856682039943107,
    "histogram": 0.029733545777978487
  },
  "vpMin15": {
    "vpBins": [
      0.00850512101981533,
      0,
      0.04322119051578582,
      0,
      0,
      0.18523017686897944,
      0,
      0,
      0.0768067035776493,
      0,
      0,
      0.32658314196754407,
      0,
      0,
      0.16847879466556973,
      0,
      0,
      0.1815975640436842,
      0,
      0.009577307340972115
    ],
    "currentBinShare": 0.18523017686897944
  },
  "ttm15": {
    "squeeze": false,
    "release": false,
    "widthPct": 2.749257803531414
  },
  "marketCorrelation": {
    "hourly": {
      "btcCorrelation": 0,
      "ethCorrelation": 0,
      "btcBeta": 1,
      "ethBeta": 1,
      "btcTrend": "UNKNOWN",
      "ethTrend": "UNKNOWN",
      "tokenVol": 0,
      "btcVol": 0,
      "ethVol": 0,
      "marketDependence": 0,
      "verdict": "INSUFFICIENT_DATA"
    },
    "min15": {
      "btcCorrelation": 0,
      "ethCorrelation": 0,
      "btcBeta": 1,
      "ethBeta": 1,
      "btcTrend": "UNKNOWN",
      "ethTrend": "UNKNOWN",
      "tokenVol": 0,
      "btcVol": 0,
      "ethVol": 0,
      "marketDependence": 0,
      "verdict": "INSUFFICIENT_DATA"
    },
    "daily": {
      "btcCorrelation": 0,
      "ethCorrelation": 0,
      "btcBeta": 1,
      "ethBeta": 1,
      "btcTrend": "UNKNOWN",
      "ethTrend": "UNKNOWN",
      "tokenVol": 0,
      "btcVol": 0,
      "ethVol": 0,
      "marketDependence": 0,
      "verdict": "INSUFFICIENT_DATA"
    }
  },
  "tradeTape": {
    "totalTrades": 0,
    "totalVolume": 0,
    "buysVolume": 0,
    "sellsVolume": 0,
    "buySellRatio": 0.5,
    "vwap": 0,
    "signedVolume": 0,
    "avgTradeSize": 0,
    "tradesPerSec": 0,
    "cumulativeDelta": 0,
    "tradesLast1m": 0,
    "tradesLast5m": 0,
    "tradesLast15m": 0,
    "tradesLast1h": 0,
    "buyVWAP": 0,
    "sellVWAP": 0,
    "aggressorVWAP": 0,
    "bucketDurationMs": 60000,
    "bucketCount": 15,
    "bucketSignedVolumes": [],
    "bucketVolumes": [],
    "bucketVWAPs": [],
    "latestBucketSignedZ": 0
  },
  "enhancedMetrics": {
    "relativeVolumeZScore": -1,
    "volumePercentile": 40,
    "atrPercentile": 70.8029197080292,
    "volatilityPercentile": 8.544303797468354,
    "relativeVolatilityRatio": 0.8904843392061583,
    "isHighVolume": false,
    "isHighVolatility": false,
    "isLowVolatility": true,
    "isExpandingVolatility": false,
    "isContractingVolatility": false
  },
  "orderBook": {
    "bidAskSpread": 0,
    "spreadPct": 0,
    "midPrice": 0,
    "bestBid": 0,
    "bestAsk": 0,
    "bidDepth": 0,
    "askDepth": 0,
    "orderBookImbalance": 0,
    "liquidityScore": 0,
    "depthAt1Pct": {
      "bidVolume": 0,
      "askVolume": 0,
      "imbalance": 0
    },
    "depthAt2Pct": {
      "bidVolume": 0,
      "askVolume": 0,
      "imbalance": 0
    },
    "depthAt5Pct": {
      "bidVolume": 0,
      "askVolume": 0,
      "imbalance": 0
    },
    "weightedMidPrice": 0,
    "volumeWeightedSpread": 0,
    "totalBidLevels": 0,
    "totalAskLevels": 0
  },
  "marketCap": {
    "marketCap": 0,
    "totalVolume24h": 0,
    "volumeToMarketCapRatio": 0,
    "marketCapRank": 0,
    "normalizedRank": 0,
    "isHighLiquidity": false,
    "isVeryHighLiquidity": false,
    "isLowLiquidity": true,
    "liquidityTier": "VERY_LOW"
  },
  "sweeps": {
    "sweepScore": 0,
    "sweepCount": 0,
    "sweepDirection": "NEUTRAL",
    "buySweeps": 0,
    "sellSweeps": 0,
    "avgSweepSize": 0,
    "avgSweepIntensity": 0,
    "bidLiftRatio": 0,
    "askLiftRatio": 0,
    "sweepFrequency": 0,
    "largestSweep": null,
    "recentSweepClusters": 0,
    "sweepDetails": []
  },
  "absorption": {
    "absorptionScore": 0,
    "absorptionLevel": null,
    "absorptionSide": "NONE",
    "icebergProbability": 0,
    "hiddenLiquidityEstimate": 0,
    "volumeAtPrice": {},
    "topAbsorptionLevels": [],
    "persistenceDuration": 0,
    "refillDetected": false
  },
  "orderArrival": {
    "avgInterArrivalTime": 0,
    "recentInterArrivalTime": 0,
    "accelerationRatio": 1,
    "hawkesIntensity": 0,
    "hawkesDirection": "NEUTRAL",
    "clusteringScore": 0,
    "burstCount": 0,
    "cascadeDetected": false,
    "timeToNextTrade": 0,
    "accelerationTrend": "STABLE"
  },
  "liquidityVacuum": {
    "vacuumScore": 0,
    "vacuumSide": "NONE",
    "bidVacuumSeverity": 0,
    "askVacuumSeverity": 0,
    "depthConcentration": 0,
    "priceImpact10k": 0,
    "priceImpact50k": 0,
    "priceImpact100k": 0,
    "largestGapBid": 0,
    "largestGapAsk": 0,
    "avgGapBid": 0,
    "avgGapAsk": 0,
    "bidCliffDistance": 0,
    "askCliffDistance": 0
  },
  "volatilityRegime": {
    "regime": "BELOW_NORMAL",
    "regimeScore": -0.5,
    "currentATR": 0.001054,
    "avgATR": 0.001162,
    "atrPercentile": 11.8,
    "realizedVolatility": 44.2,
    "volPercentile": 30.5,
    "expanding": false,
    "contracting": true,
    "transitionProbability": 0.7,
    "daysInRegime": 1,
    "regimeStrength": 0.12
  },
  "temporalPatterns": {
    "currentHour": 13,
    "currentDay": 0,
    "currentDayName": "Sunday",
    "dayBias": "NEUTRAL",
    "hourlyProfile": [
      {
        "avgVolume": 337270.75,
        "avgATR": 0.000231,
        "avgReturn": -0.135
      },
      {
        "avgVolume": 406159.98,
        "avgATR": 0.000214,
        "avgReturn": -0.035
      },
      {
        "avgVolume": 256123.91,
        "avgATR": 0.00018,
        "avgReturn": -0.126
      },
      {
        "avgVolume": 271070.33,
        "avgATR": 0.0002,
        "avgReturn": 0.149
      },
      {
        "avgVolume": 284420.19,
        "avgATR": 0.000193,
        "avgReturn": 0.129
      },
      {
        "avgVolume": 299128.92,
        "avgATR": 0.00022,
        "avgReturn": -0.33
      },
      {
        "avgVolume": 286103.99,
        "avgATR": 0.000207,
        "avgReturn": -0.25
      },
      {
        "avgVolume": 291621.25,
        "avgATR": 0.000225,
        "avgReturn": -0.295
      },
      {
        "avgVolume": 299832.97,
        "avgATR": 0.000153,
        "avgReturn": -0.126
      },
      {
        "avgVolume": 426952.89,
        "avgATR": 0.000207,
        "avgReturn": 0.266
      },
      {
        "avgVolume": 270272.9,
        "avgATR": 0.000193,
        "avgReturn": 0.076
      },
      {
        "avgVolume": 464833.79,
        "avgATR": 0.0002,
        "avgReturn": 0.172
      },
      {
        "avgVolume": 544119.05,
        "avgATR": 0.000193,
        "avgReturn": -0.153
      },
      {
        "avgVolume": 630112.99,
        "avgATR": 0.000264,
        "avgReturn": -0.134
      },
      {
        "avgVolume": 551594.16,
        "avgATR": 0.000264,
        "avgReturn": 0.303
      },
      {
        "avgVolume": 616264.84,
        "avgATR": 0.000214,
        "avgReturn": -0.195
      },
      {
        "avgVolume": 1465735.25,
        "avgATR": 0.000357,
        "avgReturn": 0.541
      },
      {
        "avgVolume": 626710.74,
        "avgATR": 0.000243,
        "avgReturn": 0.084
      },
      {
        "avgVolume": 587487.39,
        "avgATR": 0.000229,
        "avgReturn": -0.045
      },
      {
        "avgVolume": 950113.72,
        "avgATR": 0.000371,
        "avgReturn": 0.295
      },
      {
        "avgVolume": 494276.36,
        "avgATR": 0.000286,
        "avgReturn": -0.824
      },
      {
        "avgVolume": 718313.07,
        "avgATR": 0.000345,
        "avgReturn": -0.092
      },
      {
        "avgVolume": 422943.24,
        "avgATR": 0.000221,
        "avgReturn": 0.007
      },
      {
        "avgVolume": 508714.95,
        "avgATR": 0.000193,
        "avgReturn": -0.227
      }
    ],
    "dailyProfile": [
      {
        "avgVolume": 366748.99,
        "avgATR": 0.000189,
        "avgReturn": -0.164
      },
      {
        "avgVolume": 344114.75,
        "avgATR": 0.000166,
        "avgReturn": -0.052
      },
      {
        "avgVolume": 315814.61,
        "avgATR": 0.000178,
        "avgReturn": -0.078
      },
      {
        "avgVolume": 636233.47,
        "avgATR": 0.000241,
        "avgReturn": -0.023
      },
      {
        "avgVolume": 825448.27,
        "avgATR": 0.00036,
        "avgReturn": -0.073
      },
      {
        "avgVolume": 499017.6,
        "avgATR": 0.000263,
        "avgReturn": 0.179
      },
      {
        "avgVolume": 540771.61,
        "avgATR": 0.000236,
        "avgReturn": -0.05
      }
    ],
    "favorableHours": [
      16,
      19,
      21,
      13,
      17,
      15
    ],
    "favorableWindow": true,
    "currentVsAvgVolume": 0,
    "currentVsAvgVolatility": 0,
    "anomalyDetected": true,
    "timeUntilFavorable": null,
    "temporalScore": 0.5
  },
  "unifiedMicrostructure": {
    "signalDirections": {
      "vpin": "NEUTRAL",
      "sweeps": "NEUTRAL",
      "absorption": "NEUTRAL",
      "arrival": "NEUTRAL",
      "vacuum": "NONE",
      "volRegime": "FAVORABLE",
      "temporal": "FAVORABLE"
    },
    "consensusDirection": "BULLISH",
    "consensusStrength": 100,
    "bullishSignals": 2,
    "bearishSignals": 0,
    "neutralSignals": 0,
    "totalAvailableSignals": 2,
    "dominantPattern": "NONE",
    "clusters": {
      "strongBuyCluster": false,
      "distributionPattern": false,
      "accumulationPattern": false,
      "momentumCascade": false
    },
    "adaptiveWeights": {
      "vpin": 0,
      "sweeps": 0,
      "absorption": 0,
      "arrival": 0,
      "vacuum": 0,
      "volRegime": 0.03,
      "temporal": 0.02
    },
    "convictionLevel": "HIGH",
    "convictionScore": 100,
    "riskAdjustment": "NORMAL",
    "timingQuality": "FAVORABLE",
    "signalQuality": "LOW"
  },
  "deltaAnalysis": {
    "currentDelta": 0,
    "cumulativeDelta": 0,
    "deltaPerVolume": 0,
    "deltaDirection": "NEUTRAL",
    "deltaDivergence": false,
    "institutionalRatio": 0,
    "aggressionScore": 0
  },
  "volumeProfile": {
    "pointOfControl": 0,
    "valueAreaHigh": 0,
    "valueAreaLow": 0,
    "currentPosition": "ABOVE_VALUE_AREA",
    "volumeNodes": [],
    "airPockets": []
  },
  "momentumCascade": {
    "cascadeDetected": false,
    "alignmentScore": 0.004846335290244837,
    "cascadeStrength": 0,
    "acceleratingTimeframes": [
      "5m"
    ],
    "divergingTimeframes": [
      "1m",
      "1h"
    ]
  },
  "breakoutConfirmation": {
    "breakoutConfirmed": false,
    "volumeConfirmation": false,
    "retestStrength": 0,
    "falseBreakoutRisk": 0,
    "breakoutQuality": "NO_BREAKOUT"
  },
  "liquidityHeatmap": {
    "liquidityScore": 0,
    "magnetDirection": "NONE",
    "magnetStrength": 0,
    "priceTarget5pct": null,
    "message": "No order book data"
  },
  "smartMoneyDivergence": {
    "divergenceDetected": false,
    "divergenceDirection": "NONE",
    "smartMoneyScore": 0.5,
    "message": "Insufficient trade data"
  },
  "microstructure": {
    "raw": -0.05406403030583017,
    "pct": 49,
    "summary": {
      "latestBucketSignedZ": 0,
      "buySellRatio": 0.5,
      "tradesPerSec": 0,
      "vwap": 0,
      "aggressorVWAP": 0,
      "vpinToxicity": "UNKNOWN",
      "sweepDirection": "NEUTRAL",
      "absorptionSide": "NONE",
      "icebergDetected": false,
      "hawkesDirection": "NEUTRAL",
      "cascadeDetected": false,
      "vacuumSide": "NONE",
      "volatilityRegime": "BELOW_NORMAL",
      "volExpanding": false,
      "favorableTimeWindow": true,
      "temporalAnomaly": true,
      "consensusDirection": "BULLISH",
      "consensusStrength": 100,
      "dominantPattern": "NONE",
      "convictionLevel": "HIGH",
      "riskAdjustment": "NORMAL",
      "timingQuality": "FAVORABLE",
      "deltaDirection": "NEUTRAL",
      "deltaDivergence": false,
      "institutionalRatio": 0,
      "volumeProfilePosition": "ABOVE_VALUE_AREA",
      "pointOfControl": 0,
      "momentumCascadeDetected": false,
      "cascadeStrength": 0,
      "breakoutQuality": "NO_BREAKOUT",
      "breakoutConfirmed": false,
      "magnetDirection": "NONE",
      "magnetStrength": 0,
      "priceTarget5pct": null,
      "nearestBidWall": 0,
      "nearestAskWall": 0,
      "divergenceDetected": false,
      "divergenceDirection": "NONE",
      "whaleAccumulation": false,
      "whaleDistribution": false,
      "retailPanic": false,
      "smartMoneyScore": 0.5
    }
  }
}

=== MICROSTRUCTURE ALERTS ===

🔬 VPIN: Insufficient data for VPIN analysis

🌊 SWEEP DETECTION: No significant sweeps detected

🧊 ABSORPTION & ICEBERG: No significant absorption or iceberg orders detected

⚡ ORDER ARRIVAL DYNAMICS: Insufficient trades for analysis

🌪️ LIQUIDITY VACUUM: No significant vacuum detected

📊 VOLATILITY REGIME DETECTION:
   Current Regime: BELOW_NORMAL
   Regime Score: -0.50 (-1=low vol, +1=extreme vol)
   Days in Regime: 1
   ATR: $0.001054 (avg: $0.001162)
   ATR Percentile: 11.8%
   Realized Volatility: 44.20% (annualized)
   Vol Percentile: 30.5%

   🟢 BELOW NORMAL VOLATILITY:
   ⚡ Consolidation phase - watch for expansion
   ✅ Good entry zone for patient trades

   📉 VOLATILITY CONTRACTING:
   🔄 Consolidation phase - accumulation likely
   ⏳ Wait for expansion before entering

   ⚠️ HIGH REGIME TRANSITION PROBABILITY: 70%
   Market near regime boundary - expect volatility shift soon

   ⚠️ NEW REGIME: Only 1 day(s) - conditions still settling

⏰ TEMPORAL PATTERN ANALYSIS:
   Current Time: Sunday 13:00 UTC
   Day Bias: NEUTRAL
   Current vs Avg Volume: 0x
   Current vs Avg Volatility: 0x

   ✅ FAVORABLE TIME WINDOW:
   This hour historically shows strong volume and positive returns
   GOOD time to trade - patterns favor entry

   ⚠️ LOW ACTIVITY ANOMALY:
   Volume 0x below typical - Extremely quiet

   📉 LOW VOLATILITY ANOMALY:
   Volatility 0x below typical - Consolidation likely

   🔥 Best Trading Hours (UTC): 16:00, 19:00, 21:00

🎯 UNIFIED MICROSTRUCTURE INTEGRATION:
   Signal Consensus: BULLISH (100% agreement)
   Available Signals: 2 (2 bullish / 0 bearish / 0 neutral)
   Conviction Level: HIGH (100%)
   Signal Quality: LOW
   Risk Adjustment: NORMAL
   Timing Quality: FAVORABLE

   ✅ HIGH CONVICTION: 100% of signals agree on direction
   Strong institutional alignment - Follow the smart money

   📊 NORMAL RISK LEVEL: Standard position sizing applies

   ⏰ FAVORABLE TIMING: Good time window for trading

   Signal Directions Breakdown:
   • VPIN: NEUTRAL
   • Sweeps: NEUTRAL
   • Absorption: NEUTRAL
   • Arrival Dynamics: NEUTRAL
   • Liquidity Vacuum: NONE
   • Vol Regime: FAVORABLE
   • Temporal: FAVORABLE

   Adaptive Weights (Total: 5.0%):
   • VPIN: 0.0%
   • Sweeps: 0.0%
   • Absorption: 0.0%
   • Arrival: 0.0%
   • Vacuum: 0.0%
   • Vol Regime: 3.0%
   • Temporal: 2.0%


💹 DELTA ANALYSIS (Order Flow Aggression):
   Direction: NEUTRAL
   Delta Per Volume: 0.00%
   Institutional Ratio: 0.0%
   Aggression Score: 0.0%

📊 VOLUME PROFILE (Support/Resistance Strength):
   Point of Control (POC): $0.000000
   Value Area High: $0.000000
   Value Area Low: $0.000000
   Current Position: ABOVE_VALUE_AREA
   ⚠️ DISTRIBUTION RISK: Price above value area - potential rejection zone

⚡ MOMENTUM CASCADE (Multi-Timeframe Alignment):
   Cascade Detected: NO
   Alignment Score: 0.5%
   Cascade Strength: 0.0%
   Accelerating: 5m
   Diverging: 1m, 1h

💥 BREAKOUT CONFIRMATION:
   Quality: NO_BREAKOUT
   Volume Confirmation: NO
   Retest Strength: 0.0%
   False Breakout Risk: 0.0%
   No breakout detected - price below resistance


levels:
Entry=0.0151696, StopLoss=0.014714511999999999, TakeProfit=0.015212014999999999, 0.015254429999999998, 0.015288362

---

=== Token: STRK (STRK) ===
Contract: STRK-USD
Timestamp: 2025-09-16T12:15:00.000Z

Calculations:
{
  "momentumScore": 87.0153132651534,
  "volumeScore": 21.106326927162,
  "patternScore": 43.271314026383344,
  "totalScore": 38.844505863842876,
  "finalScore": 38.844505863842876,
  "weights": "0.23,0.45,0.23",
  "hourlyUptrend": false,
  "rsi": 50,
  "ultraShortVolumeSurge": 5.34032905278735,
  "baseVolumeSurge": 0.028752150383844273,
  "currentPrice": 0.133,
  "resistance": 0.133,
  "support": 0.131,
  "rocMin5": 0.007575757575757582,
  "shortROC": 0.007575757575757582,
  "priceAcceleration": 0.0018939393939393955,
  "buySellRatio": 0,
  "macdHistogram": 0.000016720086919028306,
  "stochasticK": 66.66666666666666,
  "atr": 0.0005000000000000004,
  "bbUpper": 0.13296934053986606,
  "bbLower": 0.12933065946013403,
  "hammerDetected": false,
  "engulfingDetected": false,
  "compressionSpring": {
    "detected": true,
    "confidence": 54,
    "signals": {
      "sidewaysPrice": true,
      "atrCompression": true,
      "bbSqueeze": true,
      "consolidationTime": true,
      "strongBuying": false,
      "obvPositive": false,
      "chaikinPositive": false,
      "rsiNeutral": false,
      "volumeBuilding": false
    },
    "metrics": {
      "priceRange": 2.31,
      "atrRatio": 0.7,
      "bbWidth": 2.77,
      "volumeRatio": 0.871,
      "signalCount": 4,
      "buySellRatio": 0
    }
  },
  "riskTier": "MEDIUM",
  "atrPercent": 0.8592910848549953,
  "distanceToResistance": 2,
  "slPercent": 3,
  "tpPercent": 1.7,
  "trailingActivation": 1.02,
  "shortMomentumScore": 0,
  "overboughtScore": 0.04675480005176843,
  "shortPatternScore": 0,
  "shootingStarDetected": false,
  "bearishEngulfingDetected": false,
  "eveningStarDetected": false,
  "bearishPatternsCount": 0,
  "shortTotalScore": 0.01636418001811895,
  "chaikin": 0.3770024941710919,
  "obvIncreasing": false,
  "obvTrend": "declining",
  "adx": 100,
  "recentCandles": {
    "redCount": 1,
    "greenCount": 9
  },
  "resistanceDistance": 100,
  "multiplePatterns": false,
  "bullishPattern": false,
  "priceAboveVWAP": false,
  "breakingResistance": false,
  "atrSufficient": false,
  "macdDivergenceBearish": false,
  "rvolMin1": 0.276322690926263,
  "rvolMin5": -0.23671657138614255,
  "atrPercentileOld": 0.6585365853658537,
  "vwapDeviation": -1.7873023543112982,
  "bbWidthPercent": 2.774442302502501,
  "bbSqueeze": true,
  "multiTFMomentum": {
    "min1": {
      "roc1": 0,
      "roc3": 0
    },
    "min5": {
      "roc1": 0.007575757575757582,
      "roc3": 0.007575757575757582
    },
    "min15": {
      "roc1": 0,
      "roc3": 0
    },
    "hourly": {
      "roc1": 0,
      "roc3": 0
    },
    "fourHour": {
      "roc1": 0.007633587786259549,
      "roc3": 0.015384615384615398
    },
    "divergenceShortUpLongDown": false
  },
  "returnZMin5": 1.2946536410311378,
  "wickClosePct": 1,
  "wickUpper": 0,
  "wickLower": 0,
  "wickRatio": 0,
  "donchianBreakout15": false,
  "bbWidthPercentile15": 0.44155844155844154,
  "signedMin5": 1980568.61,
  "signedMin5Z": 49.903416322131314,
  "signedMin1": 1432385.8599999999,
  "signedMin1Z": 57.44899642953843,
  "streakMin1": {
    "upStreak": 0,
    "downStreak": 0
  },
  "streakMin5": {
    "upStreak": 1,
    "downStreak": 0
  },
  "rvolPercentileMin1": 0.8659722222222223,
  "rvolPercentileMin5": 0.6319444444444444,
  "perTfMetrics": {
    "min1": {
      "sma20": 0.13195000000000007,
      "sma50": 0.13147999999999996,
      "ema20": 0.13186399987614056,
      "ema50": 0.13146153795353388,
      "vwma20": 0.1319857753798829,
      "hma21": 0.13186580086580088,
      "atr14": 0.00028571428571428595,
      "atrPercentile": 0.23564954682779457,
      "rvolZ": 0.276322690926263,
      "rvolPercentile": 0.8659722222222223,
      "mfi14": 18.041483082589266,
      "ppo": {
        "ppo": 0.09409970548837132,
        "signal": 0.11062441959640455,
        "histogram": -0.01652471410803323
      },
      "stochRsi": {
        "k": 100,
        "d": 52.22222222222222
      },
      "vprofile": {
        "vpBins": [
          0.0041290149307828695,
          0,
          0,
          0,
          0.13740383183744673,
          0,
          0,
          0,
          0.2712345087976328,
          0,
          0,
          0,
          0.23667049216540195,
          0,
          0,
          0,
          0.34679201880576627,
          0,
          0,
          0.0037701334629694806
        ],
        "currentBinShare": 0.34679201880576627
      },
      "ttm": {
        "squeeze": false,
        "release": false,
        "widthPct": 1.1642509659520588
      }
    },
    "min5": {
      "sma20": 0.13190000000000004,
      "sma50": 0.13099999999999995,
      "ema20": 0.13187778238948494,
      "ema50": 0.13129839852678943,
      "vwma20": 0.131866175671292,
      "hma21": 0.13209523809523813,
      "atr14": 0.0005000000000000004,
      "atrPercentile": 0.14233576642335766,
      "rvolZ": -0.23671657138614255,
      "rvolPercentile": 0.6319444444444444,
      "mfi14": 39.101529815503774,
      "ppo": {
        "ppo": 0.24058786667682872,
        "signal": 0.22950530391549992,
        "histogram": 0.011082562761328796
      },
      "stochRsi": {
        "k": 37.50000000000003,
        "d": 50
      },
      "vprofile": {
        "vpBins": [
          0.0019710074914090466,
          0.07438648585198579,
          0.11508087179795201,
          0.09887958534812587,
          0.1923394717025579,
          0.0660234808313318,
          0.03685205290638255,
          0.013774906856490068,
          0.020244149578144723,
          0,
          0.005912680735586753,
          0.02958989378617473,
          0.08929826674988843,
          0.06880710603053536,
          0.012788186337330532,
          0.07159587569886798,
          0.009038649896984573,
          0.09341732840025177,
          0,
          0
        ],
        "currentBinShare": 0.0660234808313318
      },
      "ttm": {
        "squeeze": false,
        "release": true,
        "widthPct": 1.6331053243773885
      }
    },
    "min15": {
      "sma20": 0.13115000000000004,
      "sma50": 0.13027999999999995,
      "ema20": 0.13127700768100448,
      "ema50": 0.131121445280503,
      "vwma20": 0.1317389365946559,
      "hma21": 0.13254112554112554,
      "atr14": 0.0011428571428571438,
      "atrPercentile": 0.6585365853658537,
      "rvolZ": -0.0865101467897569,
      "rvolPercentile": 0.6458333333333334,
      "mfi14": 62.98938420626617,
      "ppo": {
        "ppo": 0.389287216054141,
        "signal": 0.3375943500510108,
        "histogram": 0.05169286600313022
      },
      "stochRsi": {
        "k": 75.00000000000009,
        "d": 57.870370370370374
      },
      "vprofile": {
        "vpBins": [
          0.0021353416640501857,
          0.09245672066372784,
          0.12159290362526477,
          0.12429579840563214,
          0.23885766494614386,
          0.03556782427465901,
          0.05683047026597131,
          0.013839719275652624,
          0.0273824896278253,
          0,
          0,
          0.045321689819751834,
          0.036826866450410195,
          0,
          0,
          0.20489251098091085,
          0,
          0,
          0,
          0
        ],
        "currentBinShare": 0.23885766494614386
      },
      "ttm": {
        "squeeze": false,
        "release": false,
        "widthPct": 2.774442302502501
      }
    },
    "hourly": {
      "sma20": 0.13055,
      "sma50": 0.1323,
      "ema20": 0.13118598269146686,
      "ema50": 0.13234035854967272,
      "vwma20": 0.1307490460504868,
      "hma21": 0.13020346320346324,
      "atr14": 0.0017142857142857157,
      "atrPercentile": 0.8291925465838509,
      "rvolZ": 0.1077540181478581,
      "rvolPercentile": 0.875,
      "mfi14": 48.74532202786885,
      "ppo": {
        "ppo": -0.30787777285578843,
        "signal": -0.6033364026533565,
        "histogram": 0.2954586297975681
      },
      "stochRsi": {
        "k": 92.75362318840581,
        "d": 50.336700336700346
      },
      "vprofile": {
        "vpBins": [
          0.03256839133241121,
          0.009993014075853592,
          0.0015144244157205757,
          0.02906013837756709,
          0.013689257978955779,
          0.03761506798191952,
          0.05728918530970449,
          0.06788080483587208,
          0.036894021014533686,
          0.13368512551797007,
          0.23262483668638193,
          0.12043338187999275,
          0.1347860458881411,
          0.00601097862946189,
          0.030694289955852133,
          0.016365547573860557,
          0.03889548854580178,
          0,
          0,
          0
        ],
        "currentBinShare": 0.06788080483587208
      },
      "ttm": {
        "squeeze": false,
        "release": false,
        "widthPct": 3.8115221155495016
      }
    },
    "fourHour": {
      "sma20": 0.13370000000000004,
      "sma50": 0.1329,
      "ema20": 0.1326385398010623,
      "ema50": 0.131749777302085,
      "vwma20": 0.13447312644349743,
      "hma21": 0.12996103896103897,
      "atr14": 0.004071428571428573,
      "atrPercentile": 0.9142857142857143,
      "rvolZ": 0.3583905425072837,
      "rvolPercentile": 0.9523809523809523,
      "mfi14": 86.92755565484424,
      "ppo": {
        "ppo": -0.5262530980773416,
        "signal": -0.2050097535206863,
        "histogram": -0.32124334455665526
      },
      "stochRsi": {
        "k": 67.25146198830414,
        "d": 36.31578947368421
      },
      "vprofile": {
        "vpBins": [
          0.008537824113272087,
          0.005005354309389586,
          0.05360889998211888,
          0.02434783794067641,
          0.011947680761258348,
          0.10240736164509165,
          0.008330451858357613,
          0.022178320726490963,
          0.05290621692276332,
          0.03447807180007759,
          0.08438239089975201,
          0.12859800630273843,
          0.4138559106843071,
          0.010498011586551467,
          0.01206297544246876,
          0.00831989156122803,
          0.01853479346345768,
          0,
          0,
          0
        ],
        "currentBinShare": 0.08438239089975201
      },
      "ttm": {
        "squeeze": false,
        "release": false,
        "widthPct": 9.606339182050753
      }
    },
    "daily": {
      "sma20": 0.12885,
      "sma50": 0.12934,
      "ema20": 0.13112007327496605,
      "ema50": 0.12976600232710542,
      "vwma20": 0,
      "hma21": 0.13454978354978359,
      "atr14": 0.006928571428571431,
      "atrPercentile": 0.11842105263157894,
      "rvolZ": 0,
      "rvolPercentile": 1,
      "mfi14": 50,
      "ppo": {
        "ppo": 0.8814999728915602,
        "signal": 0.21857769264009996,
        "histogram": 0.6629222802514603
      },
      "stochRsi": {
        "k": 100,
        "d": 61.93234806841995
      },
      "vprofile": {
        "vpBins": [
          0,
          0,
          0,
          0,
          0,
          0,
          0,
          0,
          0,
          0,
          0,
          0,
          0,
          0,
          0,
          0,
          0,
          0,
          0,
          0
        ],
        "currentBinShare": 0
      },
      "ttm": {
        "squeeze": false,
        "release": false,
        "widthPct": 16.6967144391103
      }
    }
  },
  "smaMin5": 0.13190000000000004,
  "emaMin5": 0.13187778238948494,
  "vwmaMin5": 0.131866175671292,
  "hmaMin5": 0.13209523809523813,
  "keltner15": {
    "upper": 0.1329270076810045,
    "middle": 0.13127700768100448,
    "lower": 0.12962700768100446
  },
  "superTrend15": {
    "isBull": false,
    "finalUpper": 0.1358,
    "finalLower": 0.1292
  },
  "mfi15": 62.98938420626617,
  "stochRsi15": {
    "k": 75.00000000000009,
    "d": 57.870370370370374
  },
  "ppo15": {
    "ppo": 0.389287216054141,
    "signal": 0.3375943500510108,
    "histogram": 0.05169286600313022
  },
  "vpMin15": {
    "vpBins": [
      0.0021353416640501857,
      0.09245672066372784,
      0.12159290362526477,
      0.12429579840563214,
      0.23885766494614386,
      0.03556782427465901,
      0.05683047026597131,
      0.013839719275652624,
      0.0273824896278253,
      0,
      0,
      0.045321689819751834,
      0.036826866450410195,
      0,
      0,
      0.20489251098091085,
      0,
      0,
      0,
      0
    ],
    "currentBinShare": 0.23885766494614386
  },
  "ttm15": {
    "squeeze": false,
    "release": false,
    "widthPct": 2.774442302502501
  },
  "marketCorrelation": {
    "hourly": {
      "btcCorrelation": 0,
      "ethCorrelation": 0,
      "btcBeta": 1,
      "ethBeta": 1,
      "btcTrend": "UNKNOWN",
      "ethTrend": "UNKNOWN",
      "tokenVol": 0,
      "btcVol": 0,
      "ethVol": 0,
      "marketDependence": 0,
      "verdict": "INSUFFICIENT_DATA"
    },
    "min15": {
      "btcCorrelation": 0,
      "ethCorrelation": 0,
      "btcBeta": 1,
      "ethBeta": 1,
      "btcTrend": "UNKNOWN",
      "ethTrend": "UNKNOWN",
      "tokenVol": 0,
      "btcVol": 0,
      "ethVol": 0,
      "marketDependence": 0,
      "verdict": "INSUFFICIENT_DATA"
    },
    "daily": {
      "btcCorrelation": 0,
      "ethCorrelation": 0,
      "btcBeta": 1,
      "ethBeta": 1,
      "btcTrend": "UNKNOWN",
      "ethTrend": "UNKNOWN",
      "tokenVol": 0,
      "btcVol": 0,
      "ethVol": 0,
      "marketDependence": 0,
      "verdict": "INSUFFICIENT_DATA"
    }
  },
  "tradeTape": {
    "totalTrades": 0,
    "totalVolume": 0,
    "buysVolume": 0,
    "sellsVolume": 0,
    "buySellRatio": 0.5,
    "vwap": 0,
    "signedVolume": 0,
    "avgTradeSize": 0,
    "tradesPerSec": 0,
    "cumulativeDelta": 0,
    "tradesLast1m": 0,
    "tradesLast5m": 0,
    "tradesLast15m": 0,
    "tradesLast1h": 0,
    "buyVWAP": 0,
    "sellVWAP": 0,
    "aggressorVWAP": 0,
    "bucketDurationMs": 60000,
    "bucketCount": 15,
    "bucketSignedVolumes": [],
    "bucketVolumes": [],
    "bucketVWAPs": [],
    "latestBucketSignedZ": 0
  },
  "enhancedMetrics": {
    "relativeVolumeZScore": -1,
    "volumePercentile": 40,
    "atrPercentile": 12.043795620437956,
    "volatilityPercentile": 63.60759493670886,
    "relativeVolatilityRatio": 0.6075658318518686,
    "isHighVolume": false,
    "isHighVolatility": false,
    "isLowVolatility": false,
    "isExpandingVolatility": false,
    "isContractingVolatility": true
  },
  "orderBook": {
    "bidAskSpread": 0,
    "spreadPct": 0,
    "midPrice": 0,
    "bestBid": 0,
    "bestAsk": 0,
    "bidDepth": 0,
    "askDepth": 0,
    "orderBookImbalance": 0,
    "liquidityScore": 0,
    "depthAt1Pct": {
      "bidVolume": 0,
      "askVolume": 0,
      "imbalance": 0
    },
    "depthAt2Pct": {
      "bidVolume": 0,
      "askVolume": 0,
      "imbalance": 0
    },
    "depthAt5Pct": {
      "bidVolume": 0,
      "askVolume": 0,
      "imbalance": 0
    },
    "weightedMidPrice": 0,
    "volumeWeightedSpread": 0,
    "totalBidLevels": 0,
    "totalAskLevels": 0
  },
  "marketCap": {
    "marketCap": 0,
    "totalVolume24h": 0,
    "volumeToMarketCapRatio": 0,
    "marketCapRank": 0,
    "normalizedRank": 0,
    "isHighLiquidity": false,
    "isVeryHighLiquidity": false,
    "isLowLiquidity": true,
    "liquidityTier": "VERY_LOW"
  },
  "sweeps": {
    "sweepScore": 0,
    "sweepCount": 0,
    "sweepDirection": "NEUTRAL",
    "buySweeps": 0,
    "sellSweeps": 0,
    "avgSweepSize": 0,
    "avgSweepIntensity": 0,
    "bidLiftRatio": 0,
    "askLiftRatio": 0,
    "sweepFrequency": 0,
    "largestSweep": null,
    "recentSweepClusters": 0,
    "sweepDetails": []
  },
  "absorption": {
    "absorptionScore": 0,
    "absorptionLevel": null,
    "absorptionSide": "NONE",
    "icebergProbability": 0,
    "hiddenLiquidityEstimate": 0,
    "volumeAtPrice": {},
    "topAbsorptionLevels": [],
    "persistenceDuration": 0,
    "refillDetected": false
  },
  "orderArrival": {
    "avgInterArrivalTime": 0,
    "recentInterArrivalTime": 0,
    "accelerationRatio": 1,
    "hawkesIntensity": 0,
    "hawkesDirection": "NEUTRAL",
    "clusteringScore": 0,
    "burstCount": 0,
    "cascadeDetected": false,
    "timeToNextTrade": 0,
    "accelerationTrend": "STABLE"
  },
  "liquidityVacuum": {
    "vacuumScore": 0,
    "vacuumSide": "NONE",
    "bidVacuumSeverity": 0,
    "askVacuumSeverity": 0,
    "depthConcentration": 0,
    "priceImpact10k": 0,
    "priceImpact50k": 0,
    "priceImpact100k": 0,
    "largestGapBid": 0,
    "largestGapAsk": 0,
    "avgGapBid": 0,
    "avgGapAsk": 0,
    "bidCliffDistance": 0,
    "askCliffDistance": 0
  },
  "volatilityRegime": {
    "regime": "LOW",
    "regimeScore": -1,
    "currentATR": 0.006769,
    "avgATR": 0.009513,
    "atrPercentile": 11.8,
    "realizedVolatility": 67.04,
    "volPercentile": 3.4,
    "expanding": false,
    "contracting": true,
    "transitionProbability": 0.4,
    "daysInRegime": 11,
    "regimeStrength": 1.24
  },
  "temporalPatterns": {
    "currentHour": 13,
    "currentDay": 0,
    "currentDayName": "Sunday",
    "dayBias": "NEUTRAL",
    "hourlyProfile": [
      {
        "avgVolume": 74293.41,
        "avgATR": 0.001,
        "avgReturn": -0.233
      },
      {
        "avgVolume": 84763.63,
        "avgATR": 0.001615,
        "avgReturn": -0.243
      },
      {
        "avgVolume": 51329.75,
        "avgATR": 0.001357,
        "avgReturn": 0.299
      },
      {
        "avgVolume": 100041.4,
        "avgATR": 0.000929,
        "avgReturn": -0.005
      },
      {
        "avgVolume": 217980.06,
        "avgATR": 0.001,
        "avgReturn": -0.007
      },
      {
        "avgVolume": 350443.91,
        "avgATR": 0.001429,
        "avgReturn": 0.155
      },
      {
        "avgVolume": 331837.9,
        "avgATR": 0.001286,
        "avgReturn": 0
      },
      {
        "avgVolume": 128781.42,
        "avgATR": 0.001143,
        "avgReturn": 0.173
      },
      {
        "avgVolume": 473775.14,
        "avgATR": 0.001154,
        "avgReturn": 0.056
      },
      {
        "avgVolume": 166498.67,
        "avgATR": 0.001714,
        "avgReturn": 0.649
      },
      {
        "avgVolume": 161842.75,
        "avgATR": 0.0012,
        "avgReturn": -0.146
      },
      {
        "avgVolume": 102095.09,
        "avgATR": 0.0016,
        "avgReturn": -0.28
      },
      {
        "avgVolume": 105118.73,
        "avgATR": 0.001933,
        "avgReturn": -0.154
      },
      {
        "avgVolume": 129890.36,
        "avgATR": 0.002071,
        "avgReturn": 0.369
      },
      {
        "avgVolume": 157072.44,
        "avgATR": 0.002214,
        "avgReturn": -0.549
      },
      {
        "avgVolume": 84640.13,
        "avgATR": 0.001571,
        "avgReturn": -0.387
      },
      {
        "avgVolume": 92556.12,
        "avgATR": 0.0015,
        "avgReturn": 0.067
      },
      {
        "avgVolume": 71646.4,
        "avgATR": 0.001214,
        "avgReturn": -0.069
      },
      {
        "avgVolume": 79171.91,
        "avgATR": 0.001286,
        "avgReturn": 0.05
      },
      {
        "avgVolume": 39233.8,
        "avgATR": 0.000929,
        "avgReturn": 0.015
      },
      {
        "avgVolume": 43744.93,
        "avgATR": 0.001286,
        "avgReturn": 0.281
      },
      {
        "avgVolume": 45632.67,
        "avgATR": 0.001071,
        "avgReturn": 0.273
      },
      {
        "avgVolume": 54510.07,
        "avgATR": 0.001,
        "avgReturn": 0.128
      },
      {
        "avgVolume": 102449.14,
        "avgATR": 0.001,
        "avgReturn": 0.161
      }
    ],
    "dailyProfile": [
      {
        "avgVolume": 76308.14,
        "avgATR": 0.001087,
        "avgReturn": -0.042
      },
      {
        "avgVolume": 483357.59,
        "avgATR": 0.002188,
        "avgReturn": 0.057
      },
      {
        "avgVolume": 107767.62,
        "avgATR": 0.001627,
        "avgReturn": 0.066
      },
      {
        "avgVolume": 54918.88,
        "avgATR": 0.001083,
        "avgReturn": 0.05
      },
      {
        "avgVolume": 81022.98,
        "avgATR": 0.00117,
        "avgReturn": -0.036
      },
      {
        "avgVolume": 65781.63,
        "avgATR": 0.00125,
        "avgReturn": 0.088
      },
      {
        "avgVolume": 68084.04,
        "avgATR": 0.001064,
        "avgReturn": -0.018
      }
    ],
    "favorableHours": [
      8,
      5,
      6,
      4,
      9,
      10
    ],
    "favorableWindow": false,
    "currentVsAvgVolume": 0,
    "currentVsAvgVolatility": 0,
    "anomalyDetected": true,
    "timeUntilFavorable": 15,
    "temporalScore": 0
  },
  "unifiedMicrostructure": {
    "signalDirections": {
      "vpin": "NEUTRAL",
      "sweeps": "NEUTRAL",
      "absorption": "NEUTRAL",
      "arrival": "NEUTRAL",
      "vacuum": "NONE",
      "volRegime": "FAVORABLE",
      "temporal": "UNFAVORABLE"
    },
    "consensusDirection": "NEUTRAL",
    "consensusStrength": 50,
    "bullishSignals": 1,
    "bearishSignals": 1,
    "neutralSignals": 0,
    "totalAvailableSignals": 2,
    "dominantPattern": "NONE",
    "clusters": {
      "strongBuyCluster": false,
      "distributionPattern": false,
      "accumulationPattern": false,
      "momentumCascade": false
    },
    "adaptiveWeights": {
      "vpin": 0,
      "sweeps": 0,
      "absorption": 0,
      "arrival": 0,
      "vacuum": 0,
      "volRegime": 0.021,
      "temporal": 0.02
    },
    "convictionLevel": "LOW",
    "convictionScore": 30,
    "riskAdjustment": "REDUCE",
    "timingQuality": "UNFAVORABLE",
    "signalQuality": "LOW"
  },
  "deltaAnalysis": {
    "currentDelta": 0,
    "cumulativeDelta": 0,
    "deltaPerVolume": 0,
    "deltaDirection": "NEUTRAL",
    "deltaDivergence": false,
    "institutionalRatio": 0,
    "aggressionScore": 0
  },
  "volumeProfile": {
    "pointOfControl": 0,
    "valueAreaHigh": 0,
    "valueAreaLow": 0,
    "currentPosition": "ABOVE_VALUE_AREA",
    "volumeNodes": [],
    "airPockets": []
  },
  "momentumCascade": {
    "cascadeDetected": false,
    "alignmentScore": 0.00475841429562804,
    "cascadeStrength": 0,
    "acceleratingTimeframes": [
      "5m"
    ],
    "divergingTimeframes": [
      "1h"
    ]
  },
  "breakoutConfirmation": {
    "breakoutConfirmed": false,
    "volumeConfirmation": false,
    "retestStrength": 0,
    "falseBreakoutRisk": 0,
    "breakoutQuality": "NO_BREAKOUT"
  },
  "liquidityHeatmap": {
    "liquidityScore": 0,
    "magnetDirection": "NONE",
    "magnetStrength": 0,
    "priceTarget5pct": null,
    "message": "No order book data"
  },
  "smartMoneyDivergence": {
    "divergenceDetected": false,
    "divergenceDirection": "NONE",
    "smartMoneyScore": 0.5,
    "message": "Insufficient trade data"
  },
  "microstructure": {
    "raw": 0.0032167606024207677,
    "pct": 50,
    "summary": {
      "latestBucketSignedZ": 0,
      "buySellRatio": 0.5,
      "tradesPerSec": 0,
      "vwap": 0,
      "aggressorVWAP": 0,
      "vpinToxicity": "UNKNOWN",
      "sweepDirection": "NEUTRAL",
      "absorptionSide": "NONE",
      "icebergDetected": false,
      "hawkesDirection": "NEUTRAL",
      "cascadeDetected": false,
      "vacuumSide": "NONE",
      "volatilityRegime": "LOW",
      "volExpanding": false,
      "favorableTimeWindow": false,
      "temporalAnomaly": true,
      "consensusDirection": "NEUTRAL",
      "consensusStrength": 50,
      "dominantPattern": "NONE",
      "convictionLevel": "LOW",
      "riskAdjustment": "REDUCE",
      "timingQuality": "UNFAVORABLE",
      "deltaDirection": "NEUTRAL",
      "deltaDivergence": false,
      "institutionalRatio": 0,
      "volumeProfilePosition": "ABOVE_VALUE_AREA",
      "pointOfControl": 0,
      "momentumCascadeDetected": false,
      "cascadeStrength": 0,
      "breakoutQuality": "NO_BREAKOUT",
      "breakoutConfirmed": false,
      "magnetDirection": "NONE",
      "magnetStrength": 0,
      "priceTarget5pct": null,
      "nearestBidWall": 0,
      "nearestAskWall": 0,
      "divergenceDetected": false,
      "divergenceDirection": "NONE",
      "whaleAccumulation": false,
      "whaleDistribution": false,
      "retailPanic": false,
      "smartMoneyScore": 0.5
    }
  }
}

=== MICROSTRUCTURE ALERTS ===

🔬 VPIN: Insufficient data for VPIN analysis

🌊 SWEEP DETECTION: No significant sweeps detected

🧊 ABSORPTION & ICEBERG: No significant absorption or iceberg orders detected

⚡ ORDER ARRIVAL DYNAMICS: Insufficient trades for analysis

🌪️ LIQUIDITY VACUUM: No significant vacuum detected

📊 VOLATILITY REGIME DETECTION:
   Current Regime: LOW
   Regime Score: -1.00 (-1=low vol, +1=extreme vol)
   Days in Regime: 11
   ATR: $0.006769 (avg: $0.009513)
   ATR Percentile: 11.8%
   Realized Volatility: 67.04% (annualized)
   Vol Percentile: 3.4%

   🔵 LOW VOLATILITY REGIME:
   ✅ Ideal for breakout setups - price coiling
   ✅ Tight stops recommended
   ✅ Can increase position size (lower risk)

   📉 VOLATILITY CONTRACTING:
   🔄 Consolidation phase - accumulation likely
   ⏳ Wait for expansion before entering

   📍 MODERATE REGIME TRANSITION PROBABILITY: 40%
   Monitor for potential regime change

   ✅ STABLE REGIME: 11 days - predictable conditions

⏰ TEMPORAL PATTERN ANALYSIS:
   Current Time: Sunday 13:00 UTC
   Day Bias: NEUTRAL
   Current vs Avg Volume: 0x
   Current vs Avg Volatility: 0x

   ⏳ NON-FAVORABLE TIME WINDOW:
   This hour typically shows weaker activity
   Next favorable window in 15 hour(s)

   ⚠️ LOW ACTIVITY ANOMALY:
   Volume 0x below typical - Extremely quiet

   📉 LOW VOLATILITY ANOMALY:
   Volatility 0x below typical - Consolidation likely

   🔥 Best Trading Hours (UTC): 8:00, 5:00, 6:00

🎯 UNIFIED MICROSTRUCTURE INTEGRATION:
   Signal Consensus: NEUTRAL (50% agreement)
   Available Signals: 2 (1 bullish / 1 bearish / 0 neutral)
   Conviction Level: LOW (30%)
   Signal Quality: LOW
   Risk Adjustment: REDUCE
   Timing Quality: UNFAVORABLE

   ⚠️ LOW CONVICTION: Only 50% signal agreement
   Weak alignment - Reduce position size or wait for clarity

   ⚠️ RISK REDUCTION RECOMMENDED: Extreme volatility or unfavorable timing detected

   ⏰ UNFAVORABLE TIMING: Avoid trading during this hour

   Signal Directions Breakdown:
   • VPIN: NEUTRAL
   • Sweeps: NEUTRAL
   • Absorption: NEUTRAL
   • Arrival Dynamics: NEUTRAL
   • Liquidity Vacuum: NONE
   • Vol Regime: FAVORABLE
   • Temporal: UNFAVORABLE

   Adaptive Weights (Total: 4.1%):
   • VPIN: 0.0%
   • Sweeps: 0.0%
   • Absorption: 0.0%
   • Arrival: 0.0%
   • Vacuum: 0.0%
   • Vol Regime: 2.1%
   • Temporal: 2.0%


💹 DELTA ANALYSIS (Order Flow Aggression):
   Direction: NEUTRAL
   Delta Per Volume: 0.00%
   Institutional Ratio: 0.0%
   Aggression Score: 0.0%

📊 VOLUME PROFILE (Support/Resistance Strength):
   Point of Control (POC): $0.000000
   Value Area High: $0.000000
   Value Area Low: $0.000000
   Current Position: ABOVE_VALUE_AREA
   ⚠️ DISTRIBUTION RISK: Price above value area - potential rejection zone

⚡ MOMENTUM CASCADE (Multi-Timeframe Alignment):
   Cascade Detected: NO
   Alignment Score: 0.5%
   Cascade Strength: 0.0%
   Accelerating: 5m
   Diverging: 1h

💥 BREAKOUT CONFIRMATION:
   Quality: NO_BREAKOUT
   Volume Confirmation: NO
   Retest Strength: 0.0%
   False Breakout Risk: 0.0%
   No breakout detected - price below resistance


levels:
Entry=0.13273400000000002, StopLoss=0.12875198000000002, TakeProfit=0.13386223900000002, 0.134990478, 0.13589306920000002

---

=== Token: PUMP (PUMP) ===
Contract: PUMP-USD
Timestamp: 2025-09-16T12:15:00.000Z

Calculations:
{
  "momentumScore": 31.58814797628588,
  "volumeScore": 33.82053893609644,
  "patternScore": 42.88497630765703,
  "totalScore": 31.85685135688515,
  "finalScore": 31.85685135688515,
  "weights": "0.23,0.45,0.23",
  "hourlyUptrend": false,
  "rsi": 69.61722488038296,
  "ultraShortVolumeSurge": 1.1922278603358623,
  "baseVolumeSurge": 0.01931366221323311,
  "currentPrice": 0.008186,
  "resistance": 0.008199,
  "support": 0.008001,
  "rocMin5": 0.01161641127039055,
  "shortROC": 0.001958384332925384,
  "priceAcceleration": 0.002894119855401932,
  "buySellRatio": 0.7856673409114187,
  "macdHistogram": -0.000006663606052610278,
  "stochasticK": 59.50000000000036,
  "atr": 0.0000487857142857145,
  "bbUpper": 0.00827556023860486,
  "bbLower": 0.008014039761395138,
  "hammerDetected": false,
  "engulfingDetected": false,
  "compressionSpring": {
    "detected": true,
    "confidence": 77,
    "signals": {
      "sidewaysPrice": true,
      "atrCompression": true,
      "bbSqueeze": true,
      "consolidationTime": true,
      "strongBuying": true,
      "obvPositive": false,
      "chaikinPositive": false,
      "rsiNeutral": true,
      "volumeBuilding": false
    },
    "metrics": {
      "priceRange": 2.47,
      "atrRatio": 0.482,
      "bbWidth": 3.21,
      "volumeRatio": 0.75,
      "signalCount": 6,
      "buySellRatio": 0.786
    }
  },
  "riskTier": "LOW",
  "atrPercent": 1.0366130327039207,
  "distanceToResistance": 0.1588077204984012,
  "slPercent": 2.5,
  "tpPercent": 0.13498656242364102,
  "trailingActivation": 0.0809919374541846,
  "shortMomentumScore": 0,
  "overboughtScore": 0,
  "shortPatternScore": 0,
  "shootingStarDetected": false,
  "bearishEngulfingDetected": false,
  "eveningStarDetected": false,
  "bearishPatternsCount": 0,
  "shortTotalScore": 0,
  "chaikin": 0.021269442924575426,
  "obvIncreasing": false,
  "obvTrend": "declining",
  "adx": 6.843267108168099,
  "recentCandles": {
    "redCount": 3,
    "greenCount": 7
  },
  "resistanceDistance": 0.1588077204984012,
  "multiplePatterns": false,
  "bullishPattern": false,
  "priceAboveVWAP": false,
  "breakingResistance": true,
  "atrSufficient": true,
  "macdDivergenceBearish": false,
  "rvolMin1": -0.22058436566020434,
  "rvolMin5": -0.5360784801513347,
  "atrPercentileOld": 0.06097560975609756,
  "vwapDeviation": -1.908117159235212,
  "bbWidthPercent": 3.210888876457628,
  "bbSqueeze": false,
  "multiTFMomentum": {
    "min1": {
      "roc1": 0.0006119951040391427,
      "roc3": 0.00405305821665439
    },
    "min5": {
      "roc1": 0.001958384332925384,
      "roc3": 0.009744665104231028
    },
    "min15": {
      "roc1": -0.00611995104039164,
      "roc3": 0.008069522036002585
    },
    "hourly": {
      "roc1": -0.005313890261987103,
      "roc3": -0.005928121526491223
    },
    "fourHour": {
      "roc1": -0.01685599120556971,
      "roc3": -0.05272449099682226
    },
    "divergenceShortUpLongDown": true
  },
  "returnZMin5": 0.527586014679092,
  "wickClosePct": 0.6666666666666907,
  "wickUpper": 0.000007999999999999327,
  "wickLower": 0.000002999999999999531,
  "wickRatio": 0.615384615384523,
  "donchianBreakout15": false,
  "bbWidthPercentile15": 0.11688311688311688,
  "signedMin5": -133636622,
  "signedMin5Z": -7.311419351000327,
  "signedMin1": 38382075,
  "signedMin1Z": 8.050852156527371,
  "streakMin1": {
    "upStreak": 5,
    "downStreak": 0
  },
  "streakMin5": {
    "upStreak": 4,
    "downStreak": 0
  },
  "rvolPercentileMin1": 0.5743055555555555,
  "rvolPercentileMin5": 0.3368055555555556,
  "perTfMetrics": {
    "min1": {
      "sma20": 0.008125650000000002,
      "sma50": 0.008094279999999999,
      "ema20": 0.008131034533013948,
      "ema50": 0.008106014534947435,
      "vwma20": 0.00812392685234372,
      "hma21": 0.008169623376623377,
      "atr14": 0.00001978571428571437,
      "atrPercentile": 0.1958710976837865,
      "rvolZ": -0.22058436566020434,
      "rvolPercentile": 0.5743055555555555,
      "mfi14": 67.71305477095797,
      "ppo": {
        "ppo": 0.26308740092289595,
        "signal": 0.22091310897041028,
        "histogram": 0.042174291952485676
      },
      "stochRsi": {
        "k": 100,
        "d": 70.89504698200297
      },
      "vprofile": {
        "vpBins": [
          0,
          0.011287711505357909,
          0.027740252404835748,
          0.027995845853540986,
          0.0356131839125891,
          0.053406251106959596,
          0.06980336361092358,
          0.03558669800944312,
          0.0704077799195744,
          0.05418428536441796,
          0.048473839818381596,
          0.07080140777876956,
          0.037661569417671986,
          0.06470718492626377,
          0.1373087346030922,
          0.09619273390210746,
          0.07236377575133172,
          0.04227990876313027,
          0.03654516774894936,
          0.007640305602659634
        ],
        "currentBinShare": 0.04227990876313027
      },
      "ttm": {
        "squeeze": false,
        "release": false,
        "widthPct": 1.34275374837811
      }
    },
    "min5": {
      "sma20": 0.008090900000000002,
      "sma50": 0.008131359999999997,
      "ema20": 0.008112887923178729,
      "ema50": 0.00814318990006899,
      "vwma20": 0.008096335755365213,
      "hma21": 0.00811625974025974,
      "atr14": 0.0000487857142857145,
      "atrPercentile": 0.15693430656934307,
      "rvolZ": -0.5360784801513347,
      "rvolPercentile": 0.3368055555555556,
      "mfi14": 67.11403374394482,
      "ppo": {
        "ppo": 0.06468151812487509,
        "signal": -0.14631091591779216,
        "histogram": 0.21099243404266727
      },
      "stochRsi": {
        "k": 100,
        "d": 64.40520768323991
      },
      "vprofile": {
        "vpBins": [
          0.013940468325170674,
          0.028117447410899814,
          0.0453519223450741,
          0.0413392889705849,
          0.0729448026842507,
          0.0866184159433989,
          0.037718189218429975,
          0.07804448016586724,
          0.07410452686114925,
          0.06443917028618328,
          0.06385897136500028,
          0.0439638640088827,
          0.05554643140092744,
          0.05300991436804703,
          0.0186962427885156,
          0.05913215063775119,
          0.07035859188008768,
          0.03339784232674984,
          0.04822257131100552,
          0.011194707702023882
        ],
        "currentBinShare": 0.0866184159433989
      },
      "ttm": {
        "squeeze": false,
        "release": false,
        "widthPct": 2.4743786290632257
      }
    },
    "min15": {
      "sma20": 0.008144799999999999,
      "sma50": 0.008289579999999998,
      "ema20": 0.008153270599514942,
      "ema50": 0.008236889690656723,
      "vwma20": 0.008149326489731601,
      "hma21": 0.008059800865800867,
      "atr14": 0.00008485714285714296,
      "atrPercentile": 0.06097560975609756,
      "rvolZ": -0.9421145409791959,
      "rvolPercentile": 0.09375,
      "mfi14": 44.046397652337006,
      "ppo": {
        "ppo": -0.6496854171647501,
        "signal": -0.739133170536444,
        "histogram": 0.08944775337169386
      },
      "stochRsi": {
        "k": 94.11220389170911,
        "d": 42.28332936136068
      },
      "vprofile": {
        "vpBins": [
          0.0209095722574091,
          0,
          0.03265900437356545,
          0.02334145349887729,
          0.013230252830696794,
          0.02630680122164924,
          0.04460628977962757,
          0.09116828578568453,
          0.10620369426613263,
          0.05655312277565706,
          0.08340820189867404,
          0.06988473384310147,
          0.08680226494026494,
          0.11749822929053019,
          0.060177892507752705,
          0.0437730938773039,
          0.04034811535277533,
          0.04090800521131924,
          0.02132940622606977,
          0.020891580062908765
        ],
        "currentBinShare": 0.09116828578568453
      },
      "ttm": {
        "squeeze": false,
        "release": false,
        "widthPct": 3.210888876457628
      }
    },
    "hourly": {
      "sma20": 0.008290499999999998,
      "sma50": 0.008154479999999997,
      "ema20": 0.008207353672605257,
      "ema50": 0.008022317190141412,
      "vwma20": 0.008290720807198296,
      "hma21": 0.008143709956709958,
      "atr14": 0.00019485714285714307,
      "atrPercentile": 0.7670807453416149,
      "rvolZ": -0.11333513682870612,
      "rvolPercentile": 0.5714285714285714,
      "mfi14": 4.5138798403700235,
      "ppo": {
        "ppo": -0.05364816453196182,
        "signal": 0.6155554030171748,
        "histogram": -0.6692035675491367
      },
      "stochRsi": {
        "k": 0,
        "d": 23.672240610401406
      },
      "vprofile": {
        "vpBins": [
          0.050183229124005205,
          0.08830810122951432,
          0.010547677961519161,
          0.054297761938995964,
          0.10058809239588416,
          0.05295248338254425,
          0.060523405953008494,
          0.05643876250112927,
          0.04388956849033885,
          0,
          0.012823626221234468,
          0,
          0.03152057884843385,
          0.024615915181124222,
          0.058290082718534114,
          0.1515736749444414,
          0.09216832040977535,
          0.055194825418696455,
          0.05608389328082045,
          0
        ],
        "currentBinShare": 0.1515736749444414
      },
      "ttm": {
        "squeeze": false,
        "release": false,
        "widthPct": 9.65528449594926
      }
    },
    "fourHour": {
      "sma20": 0.007746649999999999,
      "sma50": 0.00636684,
      "ema20": 0.007692364669136546,
      "ema50": 0.006677439074790236,
      "vwma20": 0.007914252168727785,
      "hma21": 0.008486199134199134,
      "atr14": 0.000618857142857143,
      "atrPercentile": 0.9142857142857143,
      "rvolZ": 0.05176140385214943,
      "rvolPercentile": 0.6309523809523809,
      "mfi14": 60.71346193733212,
      "ppo": {
        "ppo": 7.482183199618155,
        "signal": 8.555635996805538,
        "histogram": -1.0734527971873833
      },
      "stochRsi": {
        "k": 0,
        "d": 57.41263662802671
      },
      "vprofile": {
        "vpBins": [
          0.05109861805782431,
          0.05610017940079787,
          0.06192285567711785,
          0.07816977603605364,
          0.18882933772391164,
          0.018668978290784233,
          0.03576477481586334,
          0.08560708995416917,
          0.039672951656377464,
          0.047436998456077455,
          0.023972765770685668,
          0,
          0.011981044605600665,
          0,
          0.04843932688914567,
          0.04694018438034044,
          0.12496239789950106,
          0.022868852100048784,
          0.05756386828570074,
          0
        ],
        "currentBinShare": 0.12496239789950106
      },
      "ttm": {
        "squeeze": false,
        "release": false,
        "widthPct": 35.37780537737556
      }
    },
    "daily": {
      "sma20": 0.00513215,
      "sma50": 0.00394488,
      "ema20": 0.005639272372608367,
      "ema50": 0.0047539246151798165,
      "vwma20": 0,
      "hma21": 0.007431086580086581,
      "atr14": 0.0008403571428571429,
      "atrPercentile": 1,
      "rvolZ": 0,
      "rvolPercentile": 1,
      "mfi14": 50,
      "ppo": {
        "ppo": 21.56526057140629,
        "signal": 15.504264623831606,
        "histogram": 6.0609959475746855
      },
      "stochRsi": {
        "k": 55.935963535222164,
        "d": 91.31402841981986
      },
      "vprofile": {
        "vpBins": [
          0,
          0,
          0,
          0,
          0,
          0,
          0,
          0,
          0,
          0,
          0,
          0,
          0,
          0,
          0,
          0,
          0,
          0,
          0,
          0
        ],
        "currentBinShare": 0
      },
      "ttm": {
        "squeeze": false,
        "release": false,
        "widthPct": 127.70016743161993
      }
    }
  },
  "smaMin5": 0.008090900000000002,
  "emaMin5": 0.008112887923178729,
  "vwmaMin5": 0.008096335755365213,
  "hmaMin5": 0.00811625974025974,
  "keltner15": {
    "upper": 0.008285870599514942,
    "middle": 0.008153270599514942,
    "lower": 0.008020670599514942
  },
  "superTrend15": {
    "isBull": false,
    "finalUpper": 0.0084147,
    "finalLower": 0.0078843
  },
  "mfi15": 44.046397652337006,
  "stochRsi15": {
    "k": 94.11220389170911,
    "d": 42.28332936136068
  },
  "ppo15": {
    "ppo": -0.6496854171647501,
    "signal": -0.739133170536444,
    "histogram": 0.08944775337169386
  },
  "vpMin15": {
    "vpBins": [
      0.0209095722574091,
      0,
      0.03265900437356545,
      0.02334145349887729,
      0.013230252830696794,
      0.02630680122164924,
      0.04460628977962757,
      0.09116828578568453,
      0.10620369426613263,
      0.05655312277565706,
      0.08340820189867404,
      0.06988473384310147,
      0.08680226494026494,
      0.11749822929053019,
      0.060177892507752705,
      0.0437730938773039,
      0.04034811535277533,
      0.04090800521131924,
      0.02132940622606977,
      0.020891580062908765
    ],
    "currentBinShare": 0.09116828578568453
  },
  "ttm15": {
    "squeeze": false,
    "release": false,
    "widthPct": 3.210888876457628
  },
  "marketCorrelation": {
    "hourly": {
      "btcCorrelation": 0,
      "ethCorrelation": 0,
      "btcBeta": 1,
      "ethBeta": 1,
      "btcTrend": "UNKNOWN",
      "ethTrend": "UNKNOWN",
      "tokenVol": 0,
      "btcVol": 0,
      "ethVol": 0,
      "marketDependence": 0,
      "verdict": "INSUFFICIENT_DATA"
    },
    "min15": {
      "btcCorrelation": 0,
      "ethCorrelation": 0,
      "btcBeta": 1,
      "ethBeta": 1,
      "btcTrend": "UNKNOWN",
      "ethTrend": "UNKNOWN",
      "tokenVol": 0,
      "btcVol": 0,
      "ethVol": 0,
      "marketDependence": 0,
      "verdict": "INSUFFICIENT_DATA"
    },
    "daily": {
      "btcCorrelation": 0,
      "ethCorrelation": 0,
      "btcBeta": 1,
      "ethBeta": 1,
      "btcTrend": "UNKNOWN",
      "ethTrend": "UNKNOWN",
      "tokenVol": 0,
      "btcVol": 0,
      "ethVol": 0,
      "marketDependence": 0,
      "verdict": "INSUFFICIENT_DATA"
    }
  },
  "tradeTape": {
    "totalTrades": 0,
    "totalVolume": 0,
    "buysVolume": 0,
    "sellsVolume": 0,
    "buySellRatio": 0.5,
    "vwap": 0,
    "signedVolume": 0,
    "avgTradeSize": 0,
    "tradesPerSec": 0,
    "cumulativeDelta": 0,
    "tradesLast1m": 0,
    "tradesLast5m": 0,
    "tradesLast15m": 0,
    "tradesLast1h": 0,
    "buyVWAP": 0,
    "sellVWAP": 0,
    "aggressorVWAP": 0,
    "bucketDurationMs": 60000,
    "bucketCount": 15,
    "bucketSignedVolumes": [],
    "bucketVolumes": [],
    "bucketVWAPs": [],
    "latestBucketSignedZ": 0
  },
  "enhancedMetrics": {
    "relativeVolumeZScore": -1,
    "volumePercentile": 40,
    "atrPercentile": 15.693430656934307,
    "volatilityPercentile": 31.329113924050635,
    "relativeVolatilityRatio": 0.6273193526405407,
    "isHighVolume": false,
    "isHighVolatility": false,
    "isLowVolatility": false,
    "isExpandingVolatility": false,
    "isContractingVolatility": true
  },
  "orderBook": {
    "bidAskSpread": 0,
    "spreadPct": 0,
    "midPrice": 0,
    "bestBid": 0,
    "bestAsk": 0,
    "bidDepth": 0,
    "askDepth": 0,
    "orderBookImbalance": 0,
    "liquidityScore": 0,
    "depthAt1Pct": {
      "bidVolume": 0,
      "askVolume": 0,
      "imbalance": 0
    },
    "depthAt2Pct": {
      "bidVolume": 0,
      "askVolume": 0,
      "imbalance": 0
    },
    "depthAt5Pct": {
      "bidVolume": 0,
      "askVolume": 0,
      "imbalance": 0
    },
    "weightedMidPrice": 0,
    "volumeWeightedSpread": 0,
    "totalBidLevels": 0,
    "totalAskLevels": 0
  },
  "marketCap": {
    "marketCap": 0,
    "totalVolume24h": 0,
    "volumeToMarketCapRatio": 0,
    "marketCapRank": 0,
    "normalizedRank": 0,
    "isHighLiquidity": false,
    "isVeryHighLiquidity": false,
    "isLowLiquidity": true,
    "liquidityTier": "VERY_LOW"
  },
  "sweeps": {
    "sweepScore": 0,
    "sweepCount": 0,
    "sweepDirection": "NEUTRAL",
    "buySweeps": 0,
    "sellSweeps": 0,
    "avgSweepSize": 0,
    "avgSweepIntensity": 0,
    "bidLiftRatio": 0,
    "askLiftRatio": 0,
    "sweepFrequency": 0,
    "largestSweep": null,
    "recentSweepClusters": 0,
    "sweepDetails": []
  },
  "absorption": {
    "absorptionScore": 0,
    "absorptionLevel": null,
    "absorptionSide": "NONE",
    "icebergProbability": 0,
    "hiddenLiquidityEstimate": 0,
    "volumeAtPrice": {},
    "topAbsorptionLevels": [],
    "persistenceDuration": 0,
    "refillDetected": false
  },
  "orderArrival": {
    "avgInterArrivalTime": 0,
    "recentInterArrivalTime": 0,
    "accelerationRatio": 1,
    "hawkesIntensity": 0,
    "hawkesDirection": "NEUTRAL",
    "clusteringScore": 0,
    "burstCount": 0,
    "cascadeDetected": false,
    "timeToNextTrade": 0,
    "accelerationTrend": "STABLE"
  },
  "liquidityVacuum": {
    "vacuumScore": 0,
    "vacuumSide": "NONE",
    "bidVacuumSeverity": 0,
    "askVacuumSeverity": 0,
    "depthConcentration": 0,
    "priceImpact10k": 0,
    "priceImpact50k": 0,
    "priceImpact100k": 0,
    "largestGapBid": 0,
    "largestGapAsk": 0,
    "avgGapBid": 0,
    "avgGapAsk": 0,
    "bidCliffDistance": 0,
    "askCliffDistance": 0
  },
  "volatilityRegime": {
    "regime": "EXTREME",
    "regimeScore": 1,
    "currentATR": 0.000832,
    "avgATR": 0.00048,
    "atrPercentile": 100,
    "realizedVolatility": 138.47,
    "volPercentile": 87.9,
    "expanding": true,
    "contracting": false,
    "transitionProbability": 0.4,
    "daysInRegime": 4,
    "regimeStrength": 1.39
  },
  "temporalPatterns": {
    "currentHour": 13,
    "currentDay": 0,
    "currentDayName": "Sunday",
    "dayBias": "NEUTRAL",
    "hourlyProfile": [
      {
        "avgVolume": 153987168.43,
        "avgATR": 0.000143,
        "avgReturn": 0.088
      },
      {
        "avgVolume": 174498754.36,
        "avgATR": 0.000185,
        "avgReturn": 1.117
      },
      {
        "avgVolume": 210431554.86,
        "avgATR": 0.000175,
        "avgReturn": 0.166
      },
      {
        "avgVolume": 199774490.79,
        "avgATR": 0.000144,
        "avgReturn": 0.531
      },
      {
        "avgVolume": 260785531.79,
        "avgATR": 0.000166,
        "avgReturn": 0.337
      },
      {
        "avgVolume": 200050482.86,
        "avgATR": 0.000175,
        "avgReturn": -0.067
      },
      {
        "avgVolume": 162462410.29,
        "avgATR": 0.000154,
        "avgReturn": 0.483
      },
      {
        "avgVolume": 158059201.43,
        "avgATR": 0.000159,
        "avgReturn": 0.223
      },
      {
        "avgVolume": 140728487.93,
        "avgATR": 0.000148,
        "avgReturn": -0.2
      },
      {
        "avgVolume": 106683563.93,
        "avgATR": 0.000148,
        "avgReturn": 0.532
      },
      {
        "avgVolume": 160970803,
        "avgATR": 0.000178,
        "avgReturn": -0.135
      },
      {
        "avgVolume": 156036607.21,
        "avgATR": 0.000134,
        "avgReturn": -0.103
      },
      {
        "avgVolume": 238415541.29,
        "avgATR": 0.000211,
        "avgReturn": 0.111
      },
      {
        "avgVolume": 240090211.54,
        "avgATR": 0.000168,
        "avgReturn": 0.125
      },
      {
        "avgVolume": 220638295.86,
        "avgATR": 0.000175,
        "avgReturn": -0.085
      },
      {
        "avgVolume": 188151053.29,
        "avgATR": 0.000172,
        "avgReturn": -1.005
      },
      {
        "avgVolume": 279001383.93,
        "avgATR": 0.000212,
        "avgReturn": 0.998
      },
      {
        "avgVolume": 217857107.07,
        "avgATR": 0.00017,
        "avgReturn": -0.204
      },
      {
        "avgVolume": 179895678.71,
        "avgATR": 0.000155,
        "avgReturn": 0.514
      },
      {
        "avgVolume": 210187439,
        "avgATR": 0.000155,
        "avgReturn": -0.075
      },
      {
        "avgVolume": 224971089.93,
        "avgATR": 0.000177,
        "avgReturn": 1.062
      },
      {
        "avgVolume": 238562612.93,
        "avgATR": 0.000171,
        "avgReturn": 1.017
      },
      {
        "avgVolume": 219017206.64,
        "avgATR": 0.000148,
        "avgReturn": 0.76
      },
      {
        "avgVolume": 209753325.14,
        "avgATR": 0.000137,
        "avgReturn": -0.423
      }
    ],
    "dailyProfile": [
      {
        "avgVolume": 213932209.6,
        "avgATR": 0.000221,
        "avgReturn": 0.309
      },
      {
        "avgVolume": 234276715.35,
        "avgATR": 0.000205,
        "avgReturn": 0.117
      },
      {
        "avgVolume": 157943029.64,
        "avgATR": 0.000132,
        "avgReturn": -0.053
      },
      {
        "avgVolume": 181755795.04,
        "avgATR": 0.000125,
        "avgReturn": 0.442
      },
      {
        "avgVolume": 235740161.19,
        "avgATR": 0.000174,
        "avgReturn": 0.221
      },
      {
        "avgVolume": 191934437.98,
        "avgATR": 0.000151,
        "avgReturn": 0.295
      },
      {
        "avgVolume": 168417502.21,
        "avgATR": 0.000145,
        "avgReturn": 0.348
      }
    ],
    "favorableHours": [
      16,
      4,
      21,
      13,
      12,
      20
    ],
    "favorableWindow": true,
    "currentVsAvgVolume": 0,
    "currentVsAvgVolatility": 0,
    "anomalyDetected": true,
    "timeUntilFavorable": null,
    "temporalScore": 0.5
  },
  "unifiedMicrostructure": {
    "signalDirections": {
      "vpin": "NEUTRAL",
      "sweeps": "NEUTRAL",
      "absorption": "NEUTRAL",
      "arrival": "NEUTRAL",
      "vacuum": "NONE",
      "volRegime": "UNFAVORABLE",
      "temporal": "FAVORABLE"
    },
    "consensusDirection": "NEUTRAL",
    "consensusStrength": 50,
    "bullishSignals": 1,
    "bearishSignals": 1,
    "neutralSignals": 0,
    "totalAvailableSignals": 2,
    "dominantPattern": "NONE",
    "clusters": {
      "strongBuyCluster": false,
      "distributionPattern": false,
      "accumulationPattern": false,
      "momentumCascade": false
    },
    "adaptiveWeights": {
      "vpin": 0,
      "sweeps": 0,
      "absorption": 0,
      "arrival": 0,
      "vacuum": 0,
      "volRegime": 0.03,
      "temporal": 0.012
    },
    "convictionLevel": "LOW",
    "convictionScore": 30,
    "riskAdjustment": "REDUCE",
    "timingQuality": "FAVORABLE",
    "signalQuality": "LOW"
  },
  "deltaAnalysis": {
    "currentDelta": 0,
    "cumulativeDelta": 0,
    "deltaPerVolume": 0,
    "deltaDirection": "NEUTRAL",
    "deltaDivergence": false,
    "institutionalRatio": 0,
    "aggressionScore": 0
  },
  "volumeProfile": {
    "pointOfControl": 0,
    "valueAreaHigh": 0,
    "valueAreaLow": 0,
    "currentPosition": "ABOVE_VALUE_AREA",
    "volumeNodes": [],
    "airPockets": []
  },
  "momentumCascade": {
    "cascadeDetected": false,
    "alignmentScore": 0.001059014312494666,
    "cascadeStrength": 0,
    "acceleratingTimeframes": [
      "1m",
      "5m"
    ],
    "divergingTimeframes": [
      "15m",
      "1h"
    ]
  },
  "breakoutConfirmation": {
    "breakoutConfirmed": false,
    "volumeConfirmation": false,
    "retestStrength": 0,
    "falseBreakoutRisk": 0,
    "breakoutQuality": "NO_BREAKOUT"
  },
  "liquidityHeatmap": {
    "liquidityScore": 0,
    "magnetDirection": "NONE",
    "magnetStrength": 0,
    "priceTarget5pct": null,
    "message": "No order book data"
  },
  "smartMoneyDivergence": {
    "divergenceDetected": false,
    "divergenceDirection": "NONE",
    "smartMoneyScore": 0.5,
    "message": "Insufficient trade data"
  },
  "microstructure": {
    "raw": -0.011884412824540332,
    "pct": 50,
    "summary": {
      "latestBucketSignedZ": 0,
      "buySellRatio": 0.5,
      "tradesPerSec": 0,
      "vwap": 0,
      "aggressorVWAP": 0,
      "vpinToxicity": "UNKNOWN",
      "sweepDirection": "NEUTRAL",
      "absorptionSide": "NONE",
      "icebergDetected": false,
      "hawkesDirection": "NEUTRAL",
      "cascadeDetected": false,
      "vacuumSide": "NONE",
      "volatilityRegime": "EXTREME",
      "volExpanding": true,
      "favorableTimeWindow": true,
      "temporalAnomaly": true,
      "consensusDirection": "NEUTRAL",
      "consensusStrength": 50,
      "dominantPattern": "NONE",
      "convictionLevel": "LOW",
      "riskAdjustment": "REDUCE",
      "timingQuality": "FAVORABLE",
      "deltaDirection": "NEUTRAL",
      "deltaDivergence": false,
      "institutionalRatio": 0,
      "volumeProfilePosition": "ABOVE_VALUE_AREA",
      "pointOfControl": 0,
      "momentumCascadeDetected": false,
      "cascadeStrength": 0,
      "breakoutQuality": "NO_BREAKOUT",
      "breakoutConfirmed": false,
      "magnetDirection": "NONE",
      "magnetStrength": 0,
      "priceTarget5pct": null,
      "nearestBidWall": 0,
      "nearestAskWall": 0,
      "divergenceDetected": false,
      "divergenceDirection": "NONE",
      "whaleAccumulation": false,
      "whaleDistribution": false,
      "retailPanic": false,
      "smartMoneyScore": 0.5
    }
  }
}

=== MICROSTRUCTURE ALERTS ===

🔬 VPIN: Insufficient data for VPIN analysis

🌊 SWEEP DETECTION: No significant sweeps detected

🧊 ABSORPTION & ICEBERG: No significant absorption or iceberg orders detected

⚡ ORDER ARRIVAL DYNAMICS: Insufficient trades for analysis

🌪️ LIQUIDITY VACUUM: No significant vacuum detected

📊 VOLATILITY REGIME DETECTION:
   Current Regime: EXTREME
   Regime Score: 1.00 (-1=low vol, +1=extreme vol)
   Days in Regime: 4
   ATR: $0.000832 (avg: $0.000480)
   ATR Percentile: 100.0%
   Realized Volatility: 138.47% (annualized)
   Vol Percentile: 87.9%

   🔴 EXTREME VOLATILITY:
   🚨 HIGH RISK ENVIRONMENT!
   ⚠️ Significantly reduce position size
   ⚠️ Wide stops or avoid trading
   💡 Only for experienced traders

   🚀 VOLATILITY EXPANDING:
   💥 Breakout likely imminent!
   📈 Market transitioning to higher vol regime
   ✅ Strong signal when combined with other indicators

   📍 MODERATE REGIME TRANSITION PROBABILITY: 40%
   Monitor for potential regime change

⏰ TEMPORAL PATTERN ANALYSIS:
   Current Time: Sunday 13:00 UTC
   Day Bias: NEUTRAL
   Current vs Avg Volume: 0x
   Current vs Avg Volatility: 0x

   ✅ FAVORABLE TIME WINDOW:
   This hour historically shows strong volume and positive returns
   GOOD time to trade - patterns favor entry

   ⚠️ LOW ACTIVITY ANOMALY:
   Volume 0x below typical - Extremely quiet

   📉 LOW VOLATILITY ANOMALY:
   Volatility 0x below typical - Consolidation likely

   🔥 Best Trading Hours (UTC): 16:00, 4:00, 21:00

🎯 UNIFIED MICROSTRUCTURE INTEGRATION:
   Signal Consensus: NEUTRAL (50% agreement)
   Available Signals: 2 (1 bullish / 1 bearish / 0 neutral)
   Conviction Level: LOW (30%)
   Signal Quality: LOW
   Risk Adjustment: REDUCE
   Timing Quality: FAVORABLE

   ⚠️ LOW CONVICTION: Only 50% signal agreement
   Weak alignment - Reduce position size or wait for clarity

   ⚠️ RISK REDUCTION RECOMMENDED: Extreme volatility or unfavorable timing detected

   ⏰ FAVORABLE TIMING: Good time window for trading

   Signal Directions Breakdown:
   • VPIN: NEUTRAL
   • Sweeps: NEUTRAL
   • Absorption: NEUTRAL
   • Arrival Dynamics: NEUTRAL
   • Liquidity Vacuum: NONE
   • Vol Regime: UNFAVORABLE
   • Temporal: FAVORABLE

   Adaptive Weights (Total: 4.2%):
   • VPIN: 0.0%
   • Sweeps: 0.0%
   • Absorption: 0.0%
   • Arrival: 0.0%
   • Vacuum: 0.0%
   • Vol Regime: 3.0%
   • Temporal: 1.2%


💹 DELTA ANALYSIS (Order Flow Aggression):
   Direction: NEUTRAL
   Delta Per Volume: 0.00%
   Institutional Ratio: 0.0%
   Aggression Score: 0.0%

📊 VOLUME PROFILE (Support/Resistance Strength):
   Point of Control (POC): $0.000000
   Value Area High: $0.000000
   Value Area Low: $0.000000
   Current Position: ABOVE_VALUE_AREA
   ⚠️ DISTRIBUTION RISK: Price above value area - potential rejection zone

⚡ MOMENTUM CASCADE (Multi-Timeframe Alignment):
   Cascade Detected: NO
   Alignment Score: 0.1%
   Cascade Strength: 0.0%
   Accelerating: 1m, 5m
   Diverging: 15m, 1h

💥 BREAKOUT CONFIRMATION:
   Quality: NO_BREAKOUT
   Volume Confirmation: NO
   Retest Strength: 0.0%
   False Breakout Risk: 0.0%
   No breakout detected - price below resistance


levels:
Entry=0.008169628, StopLoss=0.0079653873, TakeProfit=0.008175141950000001, 0.008180655899999998, 0.008185067059999999

---

=== Token: MAMO (MAMO) ===
Contract: MAMO-USD
Timestamp: 2025-09-16T12:15:00.000Z

Calculations:
{
  "momentumScore": 101.02289748389973,
  "volumeScore": 16.228811246319367,
  "patternScore": 60.046690945556115,
  "totalScore": 42.91196302847747,
  "finalScore": 42.91196302847747,
  "weights": "0.23,0.45,0.23",
  "hourlyUptrend": false,
  "rsi": 41.50943396226419,
  "ultraShortVolumeSurge": 0.041604264872481415,
  "baseVolumeSurge": 0.054758857929644494,
  "currentPrice": 0.0848,
  "resistance": 0.08757,
  "support": 0.08167,
  "rocMin5": 0.0004719207173194711,
  "shortROC": 0.0001179384361362911,
  "priceAcceleration": 0.00012164966920534282,
  "buySellRatio": 0.4554087430216415,
  "macdHistogram": 0.000008472263268522118,
  "stochasticK": 53.050847457627114,
  "atr": 0.0009200000000000012,
  "bbUpper": 0.08560448368832686,
  "bbLower": 0.08260051631167313,
  "hammerDetected": false,
  "engulfingDetected": false,
  "compressionSpring": {
    "detected": true,
    "confidence": 44,
    "signals": {
      "sidewaysPrice": true,
      "atrCompression": false,
      "bbSqueeze": true,
      "consolidationTime": true,
      "strongBuying": false,
      "obvPositive": false,
      "chaikinPositive": false,
      "rsiNeutral": false,
      "volumeBuilding": true
    },
    "metrics": {
      "priceRange": 7.22,
      "atrRatio": 1.671,
      "bbWidth": 3.57,
      "volumeRatio": 1.053,
      "signalCount": 4,
      "buySellRatio": 0.455
    }
  },
  "riskTier": "MEDIUM",
  "atrPercent": 1.4748989218328852,
  "distanceToResistance": 3.266509433962258,
  "slPercent": 3,
  "tpPercent": 2.776533018867919,
  "trailingActivation": 1.6659198113207514,
  "shortMomentumScore": 0,
  "overboughtScore": 0,
  "shortPatternScore": 0,
  "shootingStarDetected": false,
  "bearishEngulfingDetected": false,
  "eveningStarDetected": false,
  "bearishPatternsCount": 0,
  "shortTotalScore": 0,
  "chaikin": -0.22952975527194405,
  "obvIncreasing": true,
  "obvTrend": "increasing",
  "adx": 30.43478260869554,
  "recentCandles": {
    "redCount": 1,
    "greenCount": 9
  },
  "resistanceDistance": 3.266509433962258,
  "multiplePatterns": false,
  "bullishPattern": false,
  "priceAboveVWAP": true,
  "breakingResistance": false,
  "atrSufficient": true,
  "macdDivergenceBearish": false,
  "rvolMin1": -0.43825339154379706,
  "rvolMin5": -0.5558561126674436,
  "atrPercentileOld": 1,
  "vwapDeviation": 1.4623387337764822,
  "bbWidthPercent": 3.571793200741633,
  "bbSqueeze": false,
  "multiTFMomentum": {
    "min1": {
      "roc1": 0.0001179384361362911,
      "roc3": -0.0003536484734174496
    },
    "min5": {
      "roc1": 0.0001179384361362911,
      "roc3": 0.00023590469450349288
    },
    "min15": {
      "roc1": 0.0001179384361362911,
      "roc3": 0.008323424494649302
    },
    "hourly": {
      "roc1": -0.002123643227937702,
      "roc3": -0.010297215071378329
    },
    "fourHour": {
      "roc1": 0.01524426839515073,
      "roc3": 0.024342981712486347
    },
    "divergenceShortUpLongDown": true
  },
  "returnZMin5": -0.044056533640414695,
  "wickClosePct": 1,
  "wickUpper": 0,
  "wickLower": 0,
  "wickRatio": 0,
  "donchianBreakout15": false,
  "bbWidthPercentile15": 0.7662337662337663,
  "signedMin5": 676165.4000000001,
  "signedMin5Z": 6.017731332547334,
  "signedMin1": 191180.69999999987,
  "signedMin1Z": 2.7388489342962212,
  "streakMin1": {
    "upStreak": 2,
    "downStreak": 0
  },
  "streakMin5": {
    "upStreak": 9,
    "downStreak": 0
  },
  "rvolPercentileMin1": 0.11319444444444444,
  "rvolPercentileMin5": 0.052083333333333336,
  "perTfMetrics": {
    "min1": {
      "sma20": 0.08441099999999999,
      "sma50": 0.08446380000000003,
      "ema20": 0.08453455303472097,
      "ema50": 0.08442412246336552,
      "vwma20": 0.08415044788253857,
      "hma21": 0.08439904761904764,
      "atr14": 0.0005478571428571445,
      "atrPercentile": 0.8086606243705942,
      "rvolZ": -0.43825339154379706,
      "rvolPercentile": 0.11319444444444444,
      "mfi14": 83.26778476138286,
      "ppo": {
        "ppo": 0.004473258226755408,
        "signal": -0.06451527972129288,
        "histogram": 0.0689885379480483
      },
      "stochRsi": {
        "k": 100,
        "d": 57.716246822216625
      },
      "vprofile": {
        "vpBins": [
          0.032945753033368406,
          0.09985494319343086,
          0.04037185088019801,
          0.055010632876080906,
          0.03690007053224159,
          0.09072886458071233,
          0.07230828793080854,
          0.10535483458718213,
          0.1273014319933689,
          0.10424235969106582,
          0.0745202107072322,
          0.0823624742241588,
          0.04639570784377946,
          0.01615504062547452,
          0.015547537300897656,
          0,
          0,
          0,
          0,
          0
        ],
        "currentBinShare": 0.0745202107072322
      },
      "ttm": {
        "squeeze": false,
        "release": false,
        "widthPct": 2.4650403902886997
      }
    },
    "min5": {
      "sma20": 0.084705,
      "sma50": 0.084086,
      "ema20": 0.08447416395241593,
      "ema50": 0.08411278256065936,
      "vwma20": 0.08428861267464219,
      "hma21": 0.08392199134199134,
      "atr14": 0.0009200000000000012,
      "atrPercentile": 0.9635036496350365,
      "rvolZ": -0.5558561126674436,
      "rvolPercentile": 0.052083333333333336,
      "mfi14": 23.195092217399733,
      "ppo": {
        "ppo": 0.19144562290284692,
        "signal": 0.19917774473567798,
        "histogram": -0.007732121832831063
      },
      "stochRsi": {
        "k": 0,
        "d": 44.74242097742746
      },
      "vprofile": {
        "vpBins": [
          0.04204732550197078,
          0.07770094227496098,
          0.032400624624081796,
          0.1175614936189885,
          0.05150174322067518,
          0.18861345771160198,
          0.05630153628570424,
          0.08326780592543064,
          0.14870852852419317,
          0.02476574847313225,
          0.03270973236223798,
          0.0991644218218116,
          0.01896007428783497,
          0.02629656536737606,
          0,
          0,
          0,
          0,
          0,
          0
        ],
        "currentBinShare": 0.03270973236223798
      },
      "ttm": {
        "squeeze": false,
        "release": false,
        "widthPct": 2.9311386296304303
      }
    },
    "min15": {
      "sma20": 0.0841025,
      "sma50": 0.08341239999999997,
      "ema20": 0.08421049713897599,
      "ema50": 0.08364443723949637,
      "vwma20": 0.08423998214715674,
      "hma21": 0.08502891774891774,
      "atr14": 0.0012507142857142866,
      "atrPercentile": 1,
      "rvolZ": -0.588761137647555,
      "rvolPercentile": 0.010416666666666666,
      "mfi14": 55.14145435545818,
      "ppo": {
        "ppo": 0.422969023786953,
        "signal": 0.39254438894349036,
        "histogram": 0.03042463484346264
      },
      "stochRsi": {
        "k": 81.60536087259224,
        "d": 62.24173370663076
      },
      "vprofile": {
        "vpBins": [
          0.022782066151142418,
          0.08261257501531785,
          0.028686250867415504,
          0.11737975009750044,
          0.09051077459660874,
          0.11345755072257596,
          0.015553918700341505,
          0.0957110917060904,
          0.16725250787474077,
          0.02937714395610936,
          0.15577344346008942,
          0.03617508907849508,
          0,
          0.044727837773572705,
          0,
          0,
          0,
          0,
          0,
          0
        ],
        "currentBinShare": 0.15577344346008942
      },
      "ttm": {
        "squeeze": false,
        "release": false,
        "widthPct": 3.571793200741633
      }
    },
    "hourly": {
      "sma20": 0.083125,
      "sma50": 0.08480639999999999,
      "ema20": 0.08381619730370407,
      "ema50": 0.08495882306140633,
      "vwma20": 0.08375561434781764,
      "hma21": 0.08480043290043289,
      "atr14": 0.0014292857142857152,
      "atrPercentile": 0.30124223602484473,
      "rvolZ": -0.5121658606175986,
      "rvolPercentile": 0.2619047619047619,
      "mfi14": 55.671821088890546,
      "ppo": {
        "ppo": 0.01975882663640337,
        "signal": -0.4259570516755253,
        "histogram": 0.44571587831192866
      },
      "stochRsi": {
        "k": 71.32399111858754,
        "d": 68.34116524694333
      },
      "vprofile": {
        "vpBins": [
          0.013940568410150537,
          0.056813130705336355,
          0.10953170821859239,
          0.13342524588143595,
          0.0719741666021795,
          0.061451667793131354,
          0.05486623821367963,
          0.06874481559165883,
          0.06900057685117522,
          0.11283036555203048,
          0.0835140314260027,
          0.026607930896689964,
          0.0575410997682088,
          0.01990362061049322,
          0.023700087456868274,
          0.003904439706093134,
          0,
          0.013524719624464073,
          0.012102699243838048,
          0.00662288744797168
        ],
        "currentBinShare": 0.10953170821859239
      },
      "ttm": {
        "squeeze": false,
        "release": false,
        "widthPct": 5.363924403082001
      }
    },
    "fourHour": {
      "sma20": 0.08713,
      "sma50": 0.08937419999999997,
      "ema20": 0.08599104013354134,
      "ema50": 0.09093516952743745,
      "vwma20": 0.08719942492505858,
      "hma21": 0.08094051948051945,
      "atr14": 0.002826428571428571,
      "atrPercentile": 0.12857142857142856,
      "rvolZ": 0.37100653728290056,
      "rvolPercentile": 0.7976190476190477,
      "mfi14": 43.133887867531115,
      "ppo": {
        "ppo": -2.511908977371189,
        "signal": -2.3573583951810257,
        "histogram": -0.15455058219016315
      },
      "stochRsi": {
        "k": 29.918439305748564,
        "d": 28.29828313869066
      },
      "vprofile": {
        "vpBins": [
          0.015783450702282313,
          0.09458998232618658,
          0.16660851155961703,
          0.03438898967473958,
          0.06786200673999525,
          0.09591418181145164,
          0.04120264728061109,
          0.141136260931514,
          0.04779063464014535,
          0.026795249292972566,
          0,
          0.010980204520203651,
          0,
          0.067064077551852,
          0.016945105611758136,
          0.090494784966822,
          0.04538833027441342,
          0.022292817643471654,
          0.010648353292155242,
          0.004114411179808356
        ],
        "currentBinShare": 0.16660851155961703
      },
      "ttm": {
        "squeeze": false,
        "release": false,
        "widthPct": 17.681450981519124
      }
    },
    "daily": {
      "sma20": 0.1034325,
      "sma50": 0,
      "ema20": 0.10569777742807175,
      "ema50": 0.13893957213790326,
      "vwma20": 0,
      "hma21": 0.07758281385281386,
      "atr14": 0.010827142857142858,
      "atrPercentile": 0.03571428571428571,
      "rvolZ": 0,
      "rvolPercentile": 1,
      "mfi14": 50,
      "ppo": {
        "ppo": -17.029083711314165,
        "signal": -16.249797377847035,
        "histogram": -0.7792863334671303
      },
      "stochRsi": {
        "k": 72.86575291764444,
        "d": 28.681498825421713
      },
      "vprofile": {
        "vpBins": [
          0,
          0,
          0,
          0,
          0,
          0,
          0,
          0,
          0,
          0,
          0,
          0,
          0,
          0,
          0,
          0,
          0,
          0,
          0,
          0
        ],
        "currentBinShare": 0
      },
      "ttm": {
        "squeeze": false,
        "release": false,
        "widthPct": 61.18213906191936
      }
    }
  },
  "smaMin5": 0.084705,
  "emaMin5": 0.08447416395241593,
  "vwmaMin5": 0.08428861267464219,
  "hmaMin5": 0.08392199134199134,
  "keltner15": {
    "upper": 0.086599997138976,
    "middle": 0.08421049713897599,
    "lower": 0.08182099713897599
  },
  "superTrend15": {
    "isBull": true,
    "finalUpper": 0.089139,
    "finalLower": 0.07958099999999999
  },
  "mfi15": 55.14145435545818,
  "stochRsi15": {
    "k": 81.60536087259224,
    "d": 62.24173370663076
  },
  "ppo15": {
    "ppo": 0.422969023786953,
    "signal": 0.39254438894349036,
    "histogram": 0.03042463484346264
  },
  "vpMin15": {
    "vpBins": [
      0.022782066151142418,
      0.08261257501531785,
      0.028686250867415504,
      0.11737975009750044,
      0.09051077459660874,
      0.11345755072257596,
      0.015553918700341505,
      0.0957110917060904,
      0.16725250787474077,
      0.02937714395610936,
      0.15577344346008942,
      0.03617508907849508,
      0,
      0.044727837773572705,
      0,
      0,
      0,
      0,
      0,
      0
    ],
    "currentBinShare": 0.15577344346008942
  },
  "ttm15": {
    "squeeze": false,
    "release": false,
    "widthPct": 3.571793200741633
  },
  "marketCorrelation": {
    "hourly": {
      "btcCorrelation": 0,
      "ethCorrelation": 0,
      "btcBeta": 1,
      "ethBeta": 1,
      "btcTrend": "UNKNOWN",
      "ethTrend": "UNKNOWN",
      "tokenVol": 0,
      "btcVol": 0,
      "ethVol": 0,
      "marketDependence": 0,
      "verdict": "INSUFFICIENT_DATA"
    },
    "min15": {
      "btcCorrelation": 0,
      "ethCorrelation": 0,
      "btcBeta": 1,
      "ethBeta": 1,
      "btcTrend": "UNKNOWN",
      "ethTrend": "UNKNOWN",
      "tokenVol": 0,
      "btcVol": 0,
      "ethVol": 0,
      "marketDependence": 0,
      "verdict": "INSUFFICIENT_DATA"
    },
    "daily": {
      "btcCorrelation": 0,
      "ethCorrelation": 0,
      "btcBeta": 1,
      "ethBeta": 1,
      "btcTrend": "UNKNOWN",
      "ethTrend": "UNKNOWN",
      "tokenVol": 0,
      "btcVol": 0,
      "ethVol": 0,
      "marketDependence": 0,
      "verdict": "INSUFFICIENT_DATA"
    }
  },
  "tradeTape": {
    "totalTrades": 0,
    "totalVolume": 0,
    "buysVolume": 0,
    "sellsVolume": 0,
    "buySellRatio": 0.5,
    "vwap": 0,
    "signedVolume": 0,
    "avgTradeSize": 0,
    "tradesPerSec": 0,
    "cumulativeDelta": 0,
    "tradesLast1m": 0,
    "tradesLast5m": 0,
    "tradesLast15m": 0,
    "tradesLast1h": 0,
    "buyVWAP": 0,
    "sellVWAP": 0,
    "aggressorVWAP": 0,
    "bucketDurationMs": 60000,
    "bucketCount": 15,
    "bucketSignedVolumes": [],
    "bucketVolumes": [],
    "bucketVWAPs": [],
    "latestBucketSignedZ": 0
  },
  "enhancedMetrics": {
    "relativeVolumeZScore": -1,
    "volumePercentile": 40,
    "atrPercentile": 95.25547445255475,
    "volatilityPercentile": 22.468354430379748,
    "relativeVolatilityRatio": 0.942985136945416,
    "isHighVolume": false,
    "isHighVolatility": false,
    "isLowVolatility": true,
    "isExpandingVolatility": false,
    "isContractingVolatility": false
  },
  "orderBook": {
    "bidAskSpread": 0,
    "spreadPct": 0,
    "midPrice": 0,
    "bestBid": 0,
    "bestAsk": 0,
    "bidDepth": 0,
    "askDepth": 0,
    "orderBookImbalance": 0,
    "liquidityScore": 0,
    "depthAt1Pct": {
      "bidVolume": 0,
      "askVolume": 0,
      "imbalance": 0
    },
    "depthAt2Pct": {
      "bidVolume": 0,
      "askVolume": 0,
      "imbalance": 0
    },
    "depthAt5Pct": {
      "bidVolume": 0,
      "askVolume": 0,
      "imbalance": 0
    },
    "weightedMidPrice": 0,
    "volumeWeightedSpread": 0,
    "totalBidLevels": 0,
    "totalAskLevels": 0
  },
  "marketCap": {
    "marketCap": 0,
    "totalVolume24h": 0,
    "volumeToMarketCapRatio": 0,
    "marketCapRank": 0,
    "normalizedRank": 0,
    "isHighLiquidity": false,
    "isVeryHighLiquidity": false,
    "isLowLiquidity": true,
    "liquidityTier": "VERY_LOW"
  },
  "sweeps": {
    "sweepScore": 0,
    "sweepCount": 0,
    "sweepDirection": "NEUTRAL",
    "buySweeps": 0,
    "sellSweeps": 0,
    "avgSweepSize": 0,
    "avgSweepIntensity": 0,
    "bidLiftRatio": 0,
    "askLiftRatio": 0,
    "sweepFrequency": 0,
    "largestSweep": null,
    "recentSweepClusters": 0,
    "sweepDetails": []
  },
  "absorption": {
    "absorptionScore": 0,
    "absorptionLevel": null,
    "absorptionSide": "NONE",
    "icebergProbability": 0,
    "hiddenLiquidityEstimate": 0,
    "volumeAtPrice": {},
    "topAbsorptionLevels": [],
    "persistenceDuration": 0,
    "refillDetected": false
  },
  "orderArrival": {
    "avgInterArrivalTime": 0,
    "recentInterArrivalTime": 0,
    "accelerationRatio": 1,
    "hawkesIntensity": 0,
    "hawkesDirection": "NEUTRAL",
    "clusteringScore": 0,
    "burstCount": 0,
    "cascadeDetected": false,
    "timeToNextTrade": 0,
    "accelerationTrend": "STABLE"
  },
  "liquidityVacuum": {
    "vacuumScore": 0,
    "vacuumSide": "NONE",
    "bidVacuumSeverity": 0,
    "askVacuumSeverity": 0,
    "depthConcentration": 0,
    "priceImpact10k": 0,
    "priceImpact50k": 0,
    "priceImpact100k": 0,
    "largestGapBid": 0,
    "largestGapAsk": 0,
    "avgGapBid": 0,
    "avgGapAsk": 0,
    "bidCliffDistance": 0,
    "askCliffDistance": 0
  },
  "volatilityRegime": {
    "regime": "LOW",
    "regimeScore": -1,
    "currentATR": 0.011206,
    "avgATR": 0.018487,
    "atrPercentile": 3.6,
    "realizedVolatility": 118.76,
    "volPercentile": 0,
    "expanding": false,
    "contracting": true,
    "transitionProbability": 0.4,
    "daysInRegime": 2,
    "regimeStrength": 1.82
  },
  "temporalPatterns": {
    "currentHour": 13,
    "currentDay": 0,
    "currentDayName": "Sunday",
    "dayBias": "NEUTRAL",
    "hourlyProfile": [
      {
        "avgVolume": 487799.69,
        "avgATR": 0.001764,
        "avgReturn": 0.245
      },
      {
        "avgVolume": 692426.9,
        "avgATR": 0.00188,
        "avgReturn": 0.471
      },
      {
        "avgVolume": 327222.14,
        "avgATR": 0.001408,
        "avgReturn": 0.186
      },
      {
        "avgVolume": 211766.64,
        "avgATR": 0.001496,
        "avgReturn": -0.322
      },
      {
        "avgVolume": 347855.79,
        "avgATR": 0.002009,
        "avgReturn": -0.045
      },
      {
        "avgVolume": 211524.44,
        "avgATR": 0.001209,
        "avgReturn": 0.078
      },
      {
        "avgVolume": 195964.59,
        "avgATR": 0.001226,
        "avgReturn": -0.019
      },
      {
        "avgVolume": 206791.54,
        "avgATR": 0.001449,
        "avgReturn": -0.071
      },
      {
        "avgVolume": 189174.07,
        "avgATR": 0.001102,
        "avgReturn": 0.239
      },
      {
        "avgVolume": 223795.44,
        "avgATR": 0.00148,
        "avgReturn": 0.186
      },
      {
        "avgVolume": 316974.73,
        "avgATR": 0.001696,
        "avgReturn": -0.401
      },
      {
        "avgVolume": 356679.11,
        "avgATR": 0.001625,
        "avgReturn": -0.496
      },
      {
        "avgVolume": 326563.95,
        "avgATR": 0.002099,
        "avgReturn": 0.061
      },
      {
        "avgVolume": 613747.95,
        "avgATR": 0.00203,
        "avgReturn": -0.574
      },
      {
        "avgVolume": 496169.81,
        "avgATR": 0.002356,
        "avgReturn": 0.094
      },
      {
        "avgVolume": 450895.03,
        "avgATR": 0.001954,
        "avgReturn": -0.322
      },
      {
        "avgVolume": 629127.79,
        "avgATR": 0.002054,
        "avgReturn": -0.598
      },
      {
        "avgVolume": 522905.47,
        "avgATR": 0.002204,
        "avgReturn": 0.114
      },
      {
        "avgVolume": 744672.14,
        "avgATR": 0.002629,
        "avgReturn": -0.138
      },
      {
        "avgVolume": 717500.52,
        "avgATR": 0.002899,
        "avgReturn": -0.626
      },
      {
        "avgVolume": 921084.19,
        "avgATR": 0.002639,
        "avgReturn": 0.141
      },
      {
        "avgVolume": 442885.49,
        "avgATR": 0.001834,
        "avgReturn": -0.647
      },
      {
        "avgVolume": 395677.59,
        "avgATR": 0.001809,
        "avgReturn": 0.367
      },
      {
        "avgVolume": 292227.96,
        "avgATR": 0.001636,
        "avgReturn": 0.038
      }
    ],
    "dailyProfile": [
      {
        "avgVolume": 383189.9,
        "avgATR": 0.001614,
        "avgReturn": -0.109
      },
      {
        "avgVolume": 442519.24,
        "avgATR": 0.001677,
        "avgReturn": -0.36
      },
      {
        "avgVolume": 692938.81,
        "avgATR": 0.002352,
        "avgReturn": -0.166
      },
      {
        "avgVolume": 371810.39,
        "avgATR": 0.001861,
        "avgReturn": -0.017
      },
      {
        "avgVolume": 329680.59,
        "avgATR": 0.001762,
        "avgReturn": -0.052
      },
      {
        "avgVolume": 535865.62,
        "avgATR": 0.002259,
        "avgReturn": 0.319
      },
      {
        "avgVolume": 256063.21,
        "avgATR": 0.001457,
        "avgReturn": -0.202
      }
    ],
    "favorableHours": [
      20,
      18,
      19,
      1,
      16,
      13
    ],
    "favorableWindow": true,
    "currentVsAvgVolume": 0,
    "currentVsAvgVolatility": 0,
    "anomalyDetected": true,
    "timeUntilFavorable": null,
    "temporalScore": 0.5
  },
  "unifiedMicrostructure": {
    "signalDirections": {
      "vpin": "NEUTRAL",
      "sweeps": "NEUTRAL",
      "absorption": "NEUTRAL",
      "arrival": "NEUTRAL",
      "vacuum": "NONE",
      "volRegime": "FAVORABLE",
      "temporal": "FAVORABLE"
    },
    "consensusDirection": "BULLISH",
    "consensusStrength": 100,
    "bullishSignals": 2,
    "bearishSignals": 0,
    "neutralSignals": 0,
    "totalAvailableSignals": 2,
    "dominantPattern": "NONE",
    "clusters": {
      "strongBuyCluster": false,
      "distributionPattern": false,
      "accumulationPattern": false,
      "momentumCascade": false
    },
    "adaptiveWeights": {
      "vpin": 0,
      "sweeps": 0,
      "absorption": 0,
      "arrival": 0,
      "vacuum": 0,
      "volRegime": 0.03,
      "temporal": 0.02
    },
    "convictionLevel": "HIGH",
    "convictionScore": 100,
    "riskAdjustment": "INCREASE",
    "timingQuality": "FAVORABLE",
    "signalQuality": "LOW"
  },
  "deltaAnalysis": {
    "currentDelta": 0,
    "cumulativeDelta": 0,
    "deltaPerVolume": 0,
    "deltaDirection": "NEUTRAL",
    "deltaDivergence": false,
    "institutionalRatio": 0,
    "aggressionScore": 0
  },
  "volumeProfile": {
    "pointOfControl": 0,
    "valueAreaHigh": 0,
    "valueAreaLow": 0,
    "currentPosition": "ABOVE_VALUE_AREA",
    "volumeNodes": [],
    "airPockets": []
  },
  "momentumCascade": {
    "cascadeDetected": false,
    "alignmentScore": 0.007994535401696347,
    "cascadeStrength": 0,
    "acceleratingTimeframes": [
      "1m",
      "15m",
      "1h"
    ],
    "divergingTimeframes": [
      "5m"
    ]
  },
  "breakoutConfirmation": {
    "breakoutConfirmed": false,
    "volumeConfirmation": false,
    "retestStrength": 0,
    "falseBreakoutRisk": 0,
    "breakoutQuality": "NO_BREAKOUT"
  },
  "liquidityHeatmap": {
    "liquidityScore": 0,
    "magnetDirection": "NONE",
    "magnetStrength": 0,
    "priceTarget5pct": null,
    "message": "No order book data"
  },
  "smartMoneyDivergence": {
    "divergenceDetected": false,
    "divergenceDirection": "NONE",
    "smartMoneyScore": 0.5,
    "message": "Insufficient trade data"
  },
  "microstructure": {
    "raw": -0.06316594289938095,
    "pct": 49,
    "summary": {
      "latestBucketSignedZ": 0,
      "buySellRatio": 0.5,
      "tradesPerSec": 0,
      "vwap": 0,
      "aggressorVWAP": 0,
      "vpinToxicity": "UNKNOWN",
      "sweepDirection": "NEUTRAL",
      "absorptionSide": "NONE",
      "icebergDetected": false,
      "hawkesDirection": "NEUTRAL",
      "cascadeDetected": false,
      "vacuumSide": "NONE",
      "volatilityRegime": "LOW",
      "volExpanding": false,
      "favorableTimeWindow": true,
      "temporalAnomaly": true,
      "consensusDirection": "BULLISH",
      "consensusStrength": 100,
      "dominantPattern": "NONE",
      "convictionLevel": "HIGH",
      "riskAdjustment": "INCREASE",
      "timingQuality": "FAVORABLE",
      "deltaDirection": "NEUTRAL",
      "deltaDivergence": false,
      "institutionalRatio": 0,
      "volumeProfilePosition": "ABOVE_VALUE_AREA",
      "pointOfControl": 0,
      "momentumCascadeDetected": false,
      "cascadeStrength": 0,
      "breakoutQuality": "NO_BREAKOUT",
      "breakoutConfirmed": false,
      "magnetDirection": "NONE",
      "magnetStrength": 0,
      "priceTarget5pct": null,
      "nearestBidWall": 0,
      "nearestAskWall": 0,
      "divergenceDetected": false,
      "divergenceDirection": "NONE",
      "whaleAccumulation": false,
      "whaleDistribution": false,
      "retailPanic": false,
      "smartMoneyScore": 0.5
    }
  }
}

=== MICROSTRUCTURE ALERTS ===

🔬 VPIN: Insufficient data for VPIN analysis

🌊 SWEEP DETECTION: No significant sweeps detected

🧊 ABSORPTION & ICEBERG: No significant absorption or iceberg orders detected

⚡ ORDER ARRIVAL DYNAMICS: Insufficient trades for analysis

🌪️ LIQUIDITY VACUUM: No significant vacuum detected

📊 VOLATILITY REGIME DETECTION:
   Current Regime: LOW
   Regime Score: -1.00 (-1=low vol, +1=extreme vol)
   Days in Regime: 2
   ATR: $0.011206 (avg: $0.018487)
   ATR Percentile: 3.6%
   Realized Volatility: 118.76% (annualized)
   Vol Percentile: 0.0%

   🔵 LOW VOLATILITY REGIME:
   ✅ Ideal for breakout setups - price coiling
   ✅ Tight stops recommended
   ✅ Can increase position size (lower risk)

   📉 VOLATILITY CONTRACTING:
   🔄 Consolidation phase - accumulation likely
   ⏳ Wait for expansion before entering

   📍 MODERATE REGIME TRANSITION PROBABILITY: 40%
   Monitor for potential regime change

   ⚠️ NEW REGIME: Only 2 day(s) - conditions still settling

⏰ TEMPORAL PATTERN ANALYSIS:
   Current Time: Sunday 13:00 UTC
   Day Bias: NEUTRAL
   Current vs Avg Volume: 0x
   Current vs Avg Volatility: 0x

   ✅ FAVORABLE TIME WINDOW:
   This hour historically shows strong volume and positive returns
   GOOD time to trade - patterns favor entry

   ⚠️ LOW ACTIVITY ANOMALY:
   Volume 0x below typical - Extremely quiet

   📉 LOW VOLATILITY ANOMALY:
   Volatility 0x below typical - Consolidation likely

   🔥 Best Trading Hours (UTC): 20:00, 18:00, 19:00

🎯 UNIFIED MICROSTRUCTURE INTEGRATION:
   Signal Consensus: BULLISH (100% agreement)
   Available Signals: 2 (2 bullish / 0 bearish / 0 neutral)
   Conviction Level: HIGH (100%)
   Signal Quality: LOW
   Risk Adjustment: INCREASE
   Timing Quality: FAVORABLE

   ✅ HIGH CONVICTION: 100% of signals agree on direction
   Strong institutional alignment - Follow the smart money

   💰 RISK INCREASE OPPORTUNITY: Low vol + Favorable timing = Lower risk

   ⏰ FAVORABLE TIMING: Good time window for trading

   Signal Directions Breakdown:
   • VPIN: NEUTRAL
   • Sweeps: NEUTRAL
   • Absorption: NEUTRAL
   • Arrival Dynamics: NEUTRAL
   • Liquidity Vacuum: NONE
   • Vol Regime: FAVORABLE
   • Temporal: FAVORABLE

   Adaptive Weights (Total: 5.0%):
   • VPIN: 0.0%
   • Sweeps: 0.0%
   • Absorption: 0.0%
   • Arrival: 0.0%
   • Vacuum: 0.0%
   • Vol Regime: 3.0%
   • Temporal: 2.0%


💹 DELTA ANALYSIS (Order Flow Aggression):
   Direction: NEUTRAL
   Delta Per Volume: 0.00%
   Institutional Ratio: 0.0%
   Aggression Score: 0.0%

📊 VOLUME PROFILE (Support/Resistance Strength):
   Point of Control (POC): $0.000000
   Value Area High: $0.000000
   Value Area Low: $0.000000
   Current Position: ABOVE_VALUE_AREA
   ⚠️ DISTRIBUTION RISK: Price above value area - potential rejection zone

⚡ MOMENTUM CASCADE (Multi-Timeframe Alignment):
   Cascade Detected: NO
   Alignment Score: 0.8%
   Cascade Strength: 0.0%
   Accelerating: 1m, 15m, 1h
   Diverging: 5m

💥 BREAKOUT CONFIRMATION:
   Quality: NO_BREAKOUT
   Volume Confirmation: NO
   Retest Strength: 0.0%
   False Breakout Risk: 0.0%
   No breakout detected - price below resistance


levels:
Entry=0.0846304, StopLoss=0.08209148799999999, TakeProfit=0.08580529549999999, 0.08698019099999998, 0.08792010739999999

---

=== Token: FLOCK (FLOCK) ===
Contract: FLOCK-USD
Timestamp: 2025-09-16T12:15:00.000Z

Calculations:
{
  "momentumScore": 86.22388526809613,
  "volumeScore": 25,
  "patternScore": 51.57753292125798,
  "totalScore": 42.40325012708743,
  "finalScore": 42.40325012708743,
  "weights": "0.23,0.45,0.23",
  "hourlyUptrend": true,
  "rsi": 52.040816326530646,
  "ultraShortVolumeSurge": 1.2864605259257063,
  "baseVolumeSurge": 0.009192701359643613,
  "currentPrice": 0.3768,
  "resistance": 0.3775,
  "support": 0.3721,
  "rocMin5": 0.0023942537909018673,
  "shortROC": 0.00026546323334230025,
  "priceAcceleration": 0.0005997622400920113,
  "buySellRatio": 0.5979300402244978,
  "macdHistogram": -0.0025290957820096956,
  "stochasticK": 39.68253968253972,
  "atr": 0.0008785714285714349,
  "bbUpper": 0.38340722723897613,
  "bbLower": 0.3711027727610239,
  "hammerDetected": false,
  "engulfingDetected": false,
  "compressionSpring": {
    "detected": true,
    "confidence": 66,
    "signals": {
      "sidewaysPrice": true,
      "atrCompression": true,
      "bbSqueeze": true,
      "consolidationTime": true,
      "strongBuying": false,
      "obvPositive": false,
      "chaikinPositive": false,
      "rsiNeutral": true,
      "volumeBuilding": false
    },
    "metrics": {
      "priceRange": 3.39,
      "atrRatio": 0.212,
      "bbWidth": 3.26,
      "volumeRatio": 0.408,
      "signalCount": 5,
      "buySellRatio": 0.598
    }
  },
  "riskTier": "MEDIUM",
  "atrPercent": 0.8568395511070694,
  "distanceToResistance": 0.185774946921438,
  "slPercent": 3,
  "tpPercent": 0.1579087048832223,
  "trailingActivation": 0.09474522292993338,
  "shortMomentumScore": 5,
  "overboughtScore": 0,
  "shortPatternScore": 0,
  "shootingStarDetected": false,
  "bearishEngulfingDetected": false,
  "eveningStarDetected": false,
  "bearishPatternsCount": 0,
  "shortTotalScore": 2,
  "chaikin": 0.03764206880776306,
  "obvIncreasing": false,
  "obvTrend": "declining",
  "adx": 51.086956521739154,
  "recentCandles": {
    "redCount": 4,
    "greenCount": 6
  },
  "resistanceDistance": 0.185774946921438,
  "multiplePatterns": false,
  "bullishPattern": false,
  "priceAboveVWAP": true,
  "breakingResistance": true,
  "atrSufficient": false,
  "macdDivergenceBearish": true,
  "rvolMin1": -0.3856198584736378,
  "rvolMin5": -0.5760827249103798,
  "atrPercentileOld": 0.2073170731707317,
  "vwapDeviation": 1.1414766817187543,
  "bbWidthPercent": 3.261574923580139,
  "bbSqueeze": false,
  "multiTFMomentum": {
    "min1": {
      "roc1": -0.0002651113467656124,
      "roc3": -0.0002651113467656124
    },
    "min5": {
      "roc1": 0.00026546323334230025,
      "roc3": -0.001325205406838061
    },
    "min15": {
      "roc1": -0.0005309264666843058,
      "roc3": 0
    },
    "hourly": {
      "roc1": 0.004522479382814523,
      "roc3": 0.002921646746347915
    },
    "fourHour": {
      "roc1": 0.004522479382814523,
      "roc3": 0.019438444924406006
    },
    "divergenceShortUpLongDown": false
  },
  "returnZMin5": 0.01835380450920679,
  "wickClosePct": 1,
  "wickUpper": 0,
  "wickLower": 0,
  "wickRatio": 0,
  "donchianBreakout15": false,
  "bbWidthPercentile15": 0.16883116883116883,
  "signedMin5": 108874.69999999987,
  "signedMin5Z": 4.292673957876527,
  "signedMin1": -29549.700000000015,
  "signedMin1Z": -2.853607992627376,
  "streakMin1": {
    "upStreak": 0,
    "downStreak": 0
  },
  "streakMin5": {
    "upStreak": 1,
    "downStreak": 0
  },
  "rvolPercentileMin1": 0.03194444444444444,
  "rvolPercentileMin5": 0.010416666666666666,
  "perTfMetrics": {
    "min1": {
      "sma20": 0.376665,
      "sma50": 0.375902,
      "ema20": 0.37665686413882526,
      "ema50": 0.3764785767614578,
      "vwma20": 0.3766866323555127,
      "hma21": 0.3771233766233767,
      "atr14": 0.00040000000000000354,
      "atrPercentile": 0.03927492447129909,
      "rvolZ": -0.3856198584736378,
      "rvolPercentile": 0.03194444444444444,
      "mfi14": 27.229047079326776,
      "ppo": {
        "ppo": 0.09479978309359206,
        "signal": 0.08591511696077198,
        "histogram": 0.008884666132820088
      },
      "stochRsi": {
        "k": 10.777838928635658,
        "d": 51.0792476102373
      },
      "vprofile": {
        "vpBins": [
          0.0019404909318459422,
          0.04132013525969755,
          0.09920994024730331,
          0.14486263658551066,
          0.040066442287182466,
          0.08195971617787634,
          0.09692452128653183,
          0.03473987176883221,
          0.04301737993841498,
          0.052658927468783825,
          0.03319158197220341,
          0.0225920850803783,
          0.03188539164175803,
          0.01593371265647589,
          0.030246123414152927,
          0.01615835547693977,
          0.015811006453352403,
          0.11948997542562996,
          0.03365908878348076,
          0.04433261714364934
        ],
        "currentBinShare": 0.04301737993841498
      },
      "ttm": {
        "squeeze": false,
        "release": false,
        "widthPct": 0.7367181604776882
      }
    },
    "min5": {
      "sma20": 0.37599499999999997,
      "sma50": 0.37759800000000004,
      "ema20": 0.37640049836552597,
      "ema50": 0.37644204419513116,
      "vwma20": 0.37521739543037747,
      "hma21": 0.3764683982683983,
      "atr14": 0.0008785714285714349,
      "atrPercentile": 0.0072992700729927005,
      "rvolZ": -0.5760827249103798,
      "rvolPercentile": 0.010416666666666666,
      "mfi14": 65.67001693320307,
      "ppo": {
        "ppo": 0.0013439087853178387,
        "signal": -0.05437250327444597,
        "histogram": 0.055716412059763805
      },
      "stochRsi": {
        "k": 50.815965749882885,
        "d": 54.588066409850114
      },
      "vprofile": {
        "vpBins": [
          0.011951770431567952,
          0.022348860708489467,
          0.03606844370801284,
          0.09672680346899766,
          0.007490074851699231,
          0.014388674943590422,
          0.007629451055115642,
          0.031149728072238203,
          0.01963825785479194,
          0.07563854260579414,
          0.06649936771987806,
          0.028179462264369338,
          0.030430990294686967,
          0.14467021238888578,
          0.14182702732100033,
          0.05937374896352311,
          0.11951627923501207,
          0.006419905553275888,
          0.06389889377450363,
          0.016153504784567493
        ],
        "currentBinShare": 0.030430990294686967
      },
      "ttm": {
        "squeeze": false,
        "release": false,
        "widthPct": 1.0491006216371825
      }
    },
    "min15": {
      "sma20": 0.377255,
      "sma50": 0.3764099999999999,
      "ema20": 0.3762512025214913,
      "ema50": 0.3745097914555559,
      "vwma20": 0.37761546035142635,
      "hma21": 0.3742246753246754,
      "atr14": 0.003228571428571438,
      "atrPercentile": 0.2073170731707317,
      "rvolZ": -0.6341060134754499,
      "rvolPercentile": 0.052083333333333336,
      "mfi14": 45.42457790942691,
      "ppo": {
        "ppo": 0.09170444800560791,
        "signal": 0.1738816145090908,
        "histogram": -0.08217716650348288
      },
      "stochRsi": {
        "k": 9.710354986095746,
        "d": 43.32474361574338
      },
      "vprofile": {
        "vpBins": [
          0,
          0,
          0.033802858007709456,
          0.049385166776081124,
          0.015844066633067123,
          0.08139919759418071,
          0.0261913631027858,
          0.046597218703066524,
          0.014235385692508163,
          0.03495003976132414,
          0.023272650022267645,
          0.02579946163882773,
          0.10823976659989325,
          0.03164070946054587,
          0.057402058060595444,
          0.23894032371205917,
          0.0744652862351871,
          0.05152937733868933,
          0.01891004310988601,
          0.0673950275513254
        ],
        "currentBinShare": 0.057402058060595444
      },
      "ttm": {
        "squeeze": false,
        "release": false,
        "widthPct": 3.261574923580139
      }
    },
    "hourly": {
      "sma20": 0.3704599999999999,
      "sma50": 0.36568400000000006,
      "ema20": 0.37288344166117143,
      "ema50": 0.3690491466804636,
      "vwma20": 0.37486429055028025,
      "hma21": 0.38164199134199145,
      "atr14": 0.01035714285714287,
      "atrPercentile": 0.695364238410596,
      "rvolZ": -0.4107585057438952,
      "rvolPercentile": 0.32727272727272727,
      "mfi14": 66.94999263146411,
      "ppo": {
        "ppo": 0.803330981401214,
        "signal": 0.7066073500859201,
        "histogram": 0.09672363131529382
      },
      "stochRsi": {
        "k": 79.83086789230319,
        "d": 60.634361166697
      },
      "vprofile": {
        "vpBins": [
          0.014508246056835485,
          0.012685656427153337,
          0.07447485343462859,
          0.08658139926788785,
          0.0687217270827036,
          0.08294451280257853,
          0.080228132192601,
          0.176989885843184,
          0.034592233067008975,
          0.07008774629584055,
          0.10017137602813739,
          0.037744233977238854,
          0.01587391473606338,
          0.03372888900483602,
          0.050066565817807024,
          0.060600627965495445,
          0,
          0,
          0,
          0
        ],
        "currentBinShare": 0.176989885843184
      },
      "ttm": {
        "squeeze": false,
        "release": false,
        "widthPct": 9.135214788524667
      }
    },
    "fourHour": {
      "sma20": 0.36718,
      "sma50": 0,
      "ema20": 0.3699535176594534,
      "ema50": 0.3763274738920689,
      "vwma20": 0.38293087818748345,
      "hma21": 0.3751038961038962,
      "atr14": 0.023571428571428577,
      "atrPercentile": 0.8928571428571429,
      "rvolZ": -0.6912592902344245,
      "rvolPercentile": 0.023809523809523808,
      "mfi14": 77.91548836834721,
      "ppo": {
        "ppo": -0.008340077527850168,
        "signal": -0.5601891632913826,
        "histogram": 0.5518490857635324
      },
      "stochRsi": {
        "k": 68.0748083635549,
        "d": 53.32365865418736
      },
      "vprofile": {
        "vpBins": [
          0.023831122105107606,
          0,
          0.10945495227200781,
          0.03212082422242043,
          0.073508509555461,
          0.1572731173941071,
          0.0853937694281752,
          0.05076440262771342,
          0.012004319476955244,
          0.16401246708900943,
          0.03910049348811442,
          0,
          0,
          0.07476732444977023,
          0.03491102841669048,
          0.14285766947446737,
          0,
          0,
          0,
          0
        ],
        "currentBinShare": 0.05076440262771342
      },
      "ttm": {
        "squeeze": false,
        "release": false,
        "widthPct": 17.015138150902864
      }
    },
    "daily": {
      "sma20": 0,
      "sma50": 0,
      "ema20": 0.3892526981852582,
      "ema50": 0.4009193710043951,
      "vwma20": 0,
      "hma21": 0,
      "atr14": 0,
      "atrPercentile": 0.5,
      "rvolZ": 0,
      "rvolPercentile": 1,
      "mfi14": 50,
      "ppo": {
        "ppo": 0,
        "signal": 0,
        "histogram": 0
      },
      "stochRsi": {
        "k": 50,
        "d": 50
      },
      "vprofile": {
        "vpBins": [
          0,
          0,
          0,
          0,
          0,
          0,
          0,
          0,
          0,
          0,
          0,
          0,
          0,
          0,
          0,
          0,
          0,
          0,
          0,
          0
        ],
        "currentBinShare": 0
      },
      "ttm": {
        "squeeze": false,
        "release": false
      }
    }
  },
  "smaMin5": 0.37599499999999997,
  "emaMin5": 0.37640049836552597,
  "vwmaMin5": 0.37521739543037747,
  "hmaMin5": 0.3764683982683983,
  "keltner15": {
    "upper": 0.37998620252149135,
    "middle": 0.3762512025214913,
    "lower": 0.37251620252149126
  },
  "superTrend15": {
    "isBull": true,
    "finalUpper": 0.38397000000000003,
    "finalLower": 0.36902999999999997
  },
  "mfi15": 45.42457790942691,
  "stochRsi15": {
    "k": 9.710354986095746,
    "d": 43.32474361574338
  },
  "ppo15": {
    "ppo": 0.09170444800560791,
    "signal": 0.1738816145090908,
    "histogram": -0.08217716650348288
  },
  "vpMin15": {
    "vpBins": [
      0,
      0,
      0.033802858007709456,
      0.049385166776081124,
      0.015844066633067123,
      0.08139919759418071,
      0.0261913631027858,
      0.046597218703066524,
      0.014235385692508163,
      0.03495003976132414,
      0.023272650022267645,
      0.02579946163882773,
      0.10823976659989325,
      0.03164070946054587,
      0.057402058060595444,
      0.23894032371205917,
      0.0744652862351871,
      0.05152937733868933,
      0.01891004310988601,
      0.0673950275513254
    ],
    "currentBinShare": 0.057402058060595444
  },
  "ttm15": {
    "squeeze": false,
    "release": false,
    "widthPct": 3.261574923580139
  },
  "marketCorrelation": {
    "hourly": {
      "btcCorrelation": 0,
      "ethCorrelation": 0,
      "btcBeta": 1,
      "ethBeta": 1,
      "btcTrend": "UNKNOWN",
      "ethTrend": "UNKNOWN",
      "tokenVol": 0,
      "btcVol": 0,
      "ethVol": 0,
      "marketDependence": 0,
      "verdict": "INSUFFICIENT_DATA"
    },
    "min15": {
      "btcCorrelation": 0,
      "ethCorrelation": 0,
      "btcBeta": 1,
      "ethBeta": 1,
      "btcTrend": "UNKNOWN",
      "ethTrend": "UNKNOWN",
      "tokenVol": 0,
      "btcVol": 0,
      "ethVol": 0,
      "marketDependence": 0,
      "verdict": "INSUFFICIENT_DATA"
    },
    "daily": {
      "btcCorrelation": 0,
      "ethCorrelation": 0,
      "btcBeta": 1,
      "ethBeta": 1,
      "btcTrend": "UNKNOWN",
      "ethTrend": "UNKNOWN",
      "tokenVol": 0,
      "btcVol": 0,
      "ethVol": 0,
      "marketDependence": 0,
      "verdict": "INSUFFICIENT_DATA"
    }
  },
  "tradeTape": {
    "totalTrades": 0,
    "totalVolume": 0,
    "buysVolume": 0,
    "sellsVolume": 0,
    "buySellRatio": 0.5,
    "vwap": 0,
    "signedVolume": 0,
    "avgTradeSize": 0,
    "tradesPerSec": 0,
    "cumulativeDelta": 0,
    "tradesLast1m": 0,
    "tradesLast5m": 0,
    "tradesLast15m": 0,
    "tradesLast1h": 0,
    "buyVWAP": 0,
    "sellVWAP": 0,
    "aggressorVWAP": 0,
    "bucketDurationMs": 60000,
    "bucketCount": 15,
    "bucketSignedVolumes": [],
    "bucketVolumes": [],
    "bucketVWAPs": [],
    "latestBucketSignedZ": 0
  },
  "enhancedMetrics": {
    "relativeVolumeZScore": -1,
    "volumePercentile": 40,
    "atrPercentile": 0,
    "volatilityPercentile": 74.48275862068967,
    "relativeVolatilityRatio": 0.597207955252397,
    "isHighVolume": false,
    "isHighVolatility": false,
    "isLowVolatility": false,
    "isExpandingVolatility": false,
    "isContractingVolatility": true
  },
  "orderBook": {
    "bidAskSpread": 0,
    "spreadPct": 0,
    "midPrice": 0,
    "bestBid": 0,
    "bestAsk": 0,
    "bidDepth": 0,
    "askDepth": 0,
    "orderBookImbalance": 0,
    "liquidityScore": 0,
    "depthAt1Pct": {
      "bidVolume": 0,
      "askVolume": 0,
      "imbalance": 0
    },
    "depthAt2Pct": {
      "bidVolume": 0,
      "askVolume": 0,
      "imbalance": 0
    },
    "depthAt5Pct": {
      "bidVolume": 0,
      "askVolume": 0,
      "imbalance": 0
    },
    "weightedMidPrice": 0,
    "volumeWeightedSpread": 0,
    "totalBidLevels": 0,
    "totalAskLevels": 0
  },
  "marketCap": {
    "marketCap": 0,
    "totalVolume24h": 0,
    "volumeToMarketCapRatio": 0,
    "marketCapRank": 0,
    "normalizedRank": 0,
    "isHighLiquidity": false,
    "isVeryHighLiquidity": false,
    "isLowLiquidity": true,
    "liquidityTier": "VERY_LOW"
  },
  "sweeps": {
    "sweepScore": 0,
    "sweepCount": 0,
    "sweepDirection": "NEUTRAL",
    "buySweeps": 0,
    "sellSweeps": 0,
    "avgSweepSize": 0,
    "avgSweepIntensity": 0,
    "bidLiftRatio": 0,
    "askLiftRatio": 0,
    "sweepFrequency": 0,
    "largestSweep": null,
    "recentSweepClusters": 0,
    "sweepDetails": []
  },
  "absorption": {
    "absorptionScore": 0,
    "absorptionLevel": null,
    "absorptionSide": "NONE",
    "icebergProbability": 0,
    "hiddenLiquidityEstimate": 0,
    "volumeAtPrice": {},
    "topAbsorptionLevels": [],
    "persistenceDuration": 0,
    "refillDetected": false
  },
  "orderArrival": {
    "avgInterArrivalTime": 0,
    "recentInterArrivalTime": 0,
    "accelerationRatio": 1,
    "hawkesIntensity": 0,
    "hawkesDirection": "NEUTRAL",
    "clusteringScore": 0,
    "burstCount": 0,
    "cascadeDetected": false,
    "timeToNextTrade": 0,
    "accelerationTrend": "STABLE"
  },
  "liquidityVacuum": {
    "vacuumScore": 0,
    "vacuumSide": "NONE",
    "bidVacuumSeverity": 0,
    "askVacuumSeverity": 0,
    "depthConcentration": 0,
    "priceImpact10k": 0,
    "priceImpact50k": 0,
    "priceImpact100k": 0,
    "largestGapBid": 0,
    "largestGapAsk": 0,
    "avgGapBid": 0,
    "avgGapAsk": 0,
    "bidCliffDistance": 0,
    "askCliffDistance": 0
  },
  "volatilityRegime": {
    "regime": "UNKNOWN",
    "regimeScore": 0,
    "currentATR": 0,
    "avgATR": 0,
    "atrPercentile": 0,
    "realizedVolatility": 0,
    "volPercentile": 0,
    "expanding": false,
    "contracting": false,
    "transitionProbability": 0,
    "daysInRegime": 0,
    "regimeStrength": 0
  },
  "temporalPatterns": {
    "currentHour": null,
    "currentDay": null,
    "hourlyProfile": null,
    "dailyProfile": null,
    "currentVsAvgVolume": 0,
    "currentVsAvgVolatility": 0,
    "favorableWindow": false,
    "anomalyDetected": false,
    "timeUntilFavorable": null,
    "temporalScore": 0,
    "message": "Insufficient data for temporal analysis (need 168+ hourly candles)"
  },
  "unifiedMicrostructure": {
    "signalDirections": {
      "vpin": "NEUTRAL",
      "sweeps": "NEUTRAL",
      "absorption": "NEUTRAL",
      "arrival": "NEUTRAL",
      "vacuum": "NONE",
      "volRegime": "NEUTRAL",
      "temporal": "NEUTRAL"
    },
    "consensusDirection": "NEUTRAL",
    "consensusStrength": 0,
    "bullishSignals": 0,
    "bearishSignals": 0,
    "neutralSignals": 0,
    "totalAvailableSignals": 0,
    "dominantPattern": "NONE",
    "clusters": {
      "strongBuyCluster": false,
      "distributionPattern": false,
      "accumulationPattern": false,
      "momentumCascade": false
    },
    "adaptiveWeights": {
      "vpin": 0,
      "sweeps": 0,
      "absorption": 0,
      "arrival": 0,
      "vacuum": 0,
      "volRegime": 0,
      "temporal": 0
    },
    "convictionLevel": "CONFLICTED",
    "convictionScore": 0,
    "riskAdjustment": "REDUCE",
    "timingQuality": "UNFAVORABLE",
    "signalQuality": "LOW"
  },
  "deltaAnalysis": {
    "currentDelta": 0,
    "cumulativeDelta": 0,
    "deltaPerVolume": 0,
    "deltaDirection": "NEUTRAL",
    "deltaDivergence": false,
    "institutionalRatio": 0,
    "aggressionScore": 0
  },
  "volumeProfile": {
    "pointOfControl": 0,
    "valueAreaHigh": 0,
    "valueAreaLow": 0,
    "currentPosition": "ABOVE_VALUE_AREA",
    "volumeNodes": [],
    "airPockets": []
  },
  "momentumCascade": {
    "cascadeDetected": false,
    "alignmentScore": 0.0023352397255257287,
    "cascadeStrength": 0,
    "acceleratingTimeframes": [
      "15m"
    ],
    "divergingTimeframes": [
      "1m",
      "5m",
      "1h"
    ]
  },
  "breakoutConfirmation": {
    "breakoutConfirmed": false,
    "volumeConfirmation": false,
    "retestStrength": 0,
    "falseBreakoutRisk": 0,
    "breakoutQuality": "NO_BREAKOUT"
  },
  "liquidityHeatmap": {
    "liquidityScore": 0,
    "magnetDirection": "NONE",
    "magnetStrength": 0,
    "priceTarget5pct": null,
    "message": "No order book data"
  },
  "smartMoneyDivergence": {
    "divergenceDetected": false,
    "divergenceDirection": "NONE",
    "smartMoneyScore": 0.5,
    "message": "Insufficient trade data"
  },
  "microstructure": {
    "raw": 0.014793103448275865,
    "pct": 50,
    "summary": {
      "latestBucketSignedZ": 0,
      "buySellRatio": 0.5,
      "tradesPerSec": 0,
      "vwap": 0,
      "aggressorVWAP": 0,
      "vpinToxicity": "UNKNOWN",
      "sweepDirection": "NEUTRAL",
      "absorptionSide": "NONE",
      "icebergDetected": false,
      "hawkesDirection": "NEUTRAL",
      "cascadeDetected": false,
      "vacuumSide": "NONE",
      "volatilityRegime": "UNKNOWN",
      "volExpanding": false,
      "favorableTimeWindow": false,
      "temporalAnomaly": false,
      "consensusDirection": "NEUTRAL",
      "consensusStrength": 0,
      "dominantPattern": "NONE",
      "convictionLevel": "CONFLICTED",
      "riskAdjustment": "REDUCE",
      "timingQuality": "UNFAVORABLE",
      "deltaDirection": "NEUTRAL",
      "deltaDivergence": false,
      "institutionalRatio": 0,
      "volumeProfilePosition": "ABOVE_VALUE_AREA",
      "pointOfControl": 0,
      "momentumCascadeDetected": false,
      "cascadeStrength": 0,
      "breakoutQuality": "NO_BREAKOUT",
      "breakoutConfirmed": false,
      "magnetDirection": "NONE",
      "magnetStrength": 0,
      "priceTarget5pct": null,
      "nearestBidWall": 0,
      "nearestAskWall": 0,
      "divergenceDetected": false,
      "divergenceDirection": "NONE",
      "whaleAccumulation": false,
      "whaleDistribution": false,
      "retailPanic": false,
      "smartMoneyScore": 0.5
    }
  }
}

=== MICROSTRUCTURE ALERTS ===

🔬 VPIN: Insufficient data for VPIN analysis

🌊 SWEEP DETECTION: No significant sweeps detected

🧊 ABSORPTION & ICEBERG: No significant absorption or iceberg orders detected

⚡ ORDER ARRIVAL DYNAMICS: Insufficient trades for analysis

🌪️ LIQUIDITY VACUUM: No significant vacuum detected

📊 VOLATILITY REGIME: Insufficient data for classification

⏰ TEMPORAL PATTERNS: Insufficient data for temporal analysis (need 168+ hourly candles)

🎯 UNIFIED MICROSTRUCTURE INTEGRATION:
   Signal Consensus: NEUTRAL (0% agreement)
   Available Signals: 0 (0 bullish / 0 bearish / 0 neutral)
   Conviction Level: CONFLICTED (0%)
   Signal Quality: LOW
   Risk Adjustment: REDUCE
   Timing Quality: UNFAVORABLE

   🚫 CONFLICTED SIGNALS: 0% agreement - Mixed messages
   No clear institutional direction - AVOID TRADING until signals align

   ⚠️ RISK REDUCTION RECOMMENDED: Extreme volatility or unfavorable timing detected

   ⏰ UNFAVORABLE TIMING: Avoid trading during this hour

   Signal Directions Breakdown:
   • VPIN: NEUTRAL
   • Sweeps: NEUTRAL
   • Absorption: NEUTRAL
   • Arrival Dynamics: NEUTRAL
   • Liquidity Vacuum: NONE
   • Vol Regime: NEUTRAL
   • Temporal: NEUTRAL

   Adaptive Weights (Total: 0.0%):
   • VPIN: 0.0%
   • Sweeps: 0.0%
   • Absorption: 0.0%
   • Arrival: 0.0%
   • Vacuum: 0.0%
   • Vol Regime: 0.0%
   • Temporal: 0.0%


💹 DELTA ANALYSIS (Order Flow Aggression):
   Direction: NEUTRAL
   Delta Per Volume: 0.00%
   Institutional Ratio: 0.0%
   Aggression Score: 0.0%

📊 VOLUME PROFILE (Support/Resistance Strength):
   Point of Control (POC): $0.000000
   Value Area High: $0.000000
   Value Area Low: $0.000000
   Current Position: ABOVE_VALUE_AREA
   ⚠️ DISTRIBUTION RISK: Price above value area - potential rejection zone

⚡ MOMENTUM CASCADE (Multi-Timeframe Alignment):
   Cascade Detected: NO
   Alignment Score: 0.2%
   Cascade Strength: 0.0%
   Accelerating: 15m
   Diverging: 1m, 5m, 1h

💥 BREAKOUT CONFIRMATION:
   Quality: NO_BREAKOUT
   Volume Confirmation: NO
   Retest Strength: 0.0%
   False Breakout Risk: 0.0%
   No breakout detected - price below resistance


levels:
Entry=0.3760464, StopLoss=0.364765008, TakeProfit=0.37634330499999996, 0.37664021, 0.37687773399999996

---

=== Token: NEON (NEON) ===
Contract: NEON-USD
Timestamp: 2025-09-16T12:15:00.000Z

Calculations:
{
  "momentumScore": 46.954020130826066,
  "volumeScore": 60.79822140387454,
  "patternScore": 29.47178616885885,
  "totalScore": 44.37445998985453,
  "finalScore": 44.37445998985453,
  "weights": "0.23,0.45,0.23",
  "hourlyUptrend": false,
  "rsi": 42.93286219081273,
  "ultraShortVolumeSurge": 2.0421978751336267,
  "baseVolumeSurge": 0.020373443164480216,
  "currentPrice": 0.14337,
  "resistance": 0.1477,
  "support": 0.14142,
  "rocMin5": 0.0063171193935564265,
  "shortROC": 0.0032890132960111842,
  "priceAcceleration": 0.0015983092079009465,
  "buySellRatio": 0.4328606739491101,
  "macdHistogram": -0.0008139763734148512,
  "stochasticK": 15.236258437801306,
  "atr": 0.001482857142857145,
  "bbUpper": 0.15393793680932835,
  "bbLower": 0.14008706319067163,
  "hammerDetected": false,
  "engulfingDetected": false,
  "compressionSpring": {
    "detected": false,
    "confidence": 0,
    "signals": {
      "sidewaysPrice": true,
      "atrCompression": true,
      "bbSqueeze": false,
      "consolidationTime": true,
      "strongBuying": false,
      "obvPositive": false,
      "chaikinPositive": false,
      "rsiNeutral": false,
      "volumeBuilding": false
    },
    "metrics": {
      "priceRange": 4.81,
      "atrRatio": 0.611,
      "bbWidth": 9.42,
      "volumeRatio": 1.74,
      "signalCount": 3,
      "buySellRatio": 0.433
    }
  },
  "riskTier": "MEDIUM",
  "atrPercent": 1.9619565758925497,
  "distanceToResistance": 3.0201576340936045,
  "slPercent": 3,
  "tpPercent": 2.5671339889795637,
  "trailingActivation": 1.5402803933877383,
  "shortMomentumScore": 30,
  "overboughtScore": 0,
  "shortPatternScore": 0,
  "shootingStarDetected": false,
  "bearishEngulfingDetected": false,
  "eveningStarDetected": false,
  "bearishPatternsCount": 0,
  "shortTotalScore": 12,
  "chaikin": 0.008809022474275478,
  "obvIncreasing": true,
  "obvTrend": "increasing",
  "adx": 8.827238335435304,
  "recentCandles": {
    "redCount": 7,
    "greenCount": 3
  },
  "resistanceDistance": 3.0201576340936045,
  "multiplePatterns": false,
  "bullishPattern": false,
  "priceAboveVWAP": false,
  "breakingResistance": false,
  "atrSufficient": true,
  "macdDivergenceBearish": false,
  "rvolMin1": -0.21630778862569552,
  "rvolMin5": -0.2904564876872121,
  "atrPercentileOld": 0.524390243902439,
  "vwapDeviation": -5.706154593751665,
  "bbWidthPercent": 9.421561852670163,
  "bbSqueeze": false,
  "multiTFMomentum": {
    "min1": {
      "roc1": -0.0052902686899624855,
      "roc3": -0.004319955406911994
    },
    "min5": {
      "roc1": 0.0032890132960111842,
      "roc3": -0.004858749219129633
    },
    "min15": {
      "roc1": 0.0006997900629810286,
      "roc3": -0.017249673561954587
    },
    "hourly": {
      "roc1": 0.012213097494209247,
      "roc3": -0.0029039618336444977
    },
    "fourHour": {
      "roc1": -0.037059294871794865,
      "roc3": -0.01630286493860848
    },
    "divergenceShortUpLongDown": true
  },
  "returnZMin5": 0.5055399759936853,
  "wickClosePct": 0.7064220183486124,
  "wickUpper": 0.0003200000000000147,
  "wickLower": 0.00042999999999998595,
  "wickRatio": 1.2647058823528738,
  "donchianBreakout15": false,
  "bbWidthPercentile15": 0.7402597402597403,
  "signedMin5": 181413.64,
  "signedMin5Z": 4.101772327655875,
  "signedMin1": -172503.46999999997,
  "signedMin1Z": -8.41221840633343,
  "streakMin1": {
    "upStreak": 0,
    "downStreak": 1
  },
  "streakMin5": {
    "upStreak": 1,
    "downStreak": 0
  },
  "rvolPercentileMin1": 0.6375,
  "rvolPercentileMin5": 0.6041666666666666,
  "perTfMetrics": {
    "min1": {
      "sma20": 0.14341199999999998,
      "sma50": 0.14416340000000002,
      "ema20": 0.1436172827186522,
      "ema50": 0.14414246024784963,
      "vwma20": 0.14298034558918793,
      "hma21": 0.14373926406926413,
      "atr14": 0.0007792857142857204,
      "atrPercentile": 0.6646525679758308,
      "rvolZ": -0.21630778862569552,
      "rvolPercentile": 0.6375,
      "mfi14": 42.19424806198808,
      "ppo": {
        "ppo": -0.13130783580076902,
        "signal": -0.1567249687474192,
        "histogram": 0.025417132946650184
      },
      "stochRsi": {
        "k": 93.19080268039676,
        "d": 52.99468992345763
      },
      "vprofile": {
        "vpBins": [
          0,
          0.05786908258646538,
          0.04395015093940067,
          0.06639438294748778,
          0.10117818624475709,
          0.05108209637782023,
          0.08013945660189846,
          0.046421600514730564,
          0.010628694410689102,
          0.038911177034452495,
          0.034329214830894524,
          0.006369324717150369,
          0.03904091651605177,
          0.03191201445236124,
          0.02509590252220827,
          0.05260793190378172,
          0.1455907008476143,
          0.07388281491859373,
          0.021463197037428956,
          0.07313315459621343
        ],
        "currentBinShare": 0.04395015093940067
      },
      "ttm": {
        "squeeze": false,
        "release": false,
        "widthPct": 1.844514667667551
      }
    },
    "min5": {
      "sma20": 0.1445115,
      "sma50": 0.1466162,
      "ema20": 0.14436154850559826,
      "ema50": 0.14576425099164608,
      "vwma20": 0.1441580636392238,
      "hma21": 0.14310458874458876,
      "atr14": 0.001482857142857145,
      "atrPercentile": 0.4233576642335766,
      "rvolZ": -0.2904564876872121,
      "rvolPercentile": 0.6041666666666666,
      "mfi14": 36.40216004961564,
      "ppo": {
        "ppo": -0.5685567517391071,
        "signal": -0.5716877096061133,
        "histogram": 0.0031309578670061233
      },
      "stochRsi": {
        "k": 40.672297510082636,
        "d": 41.763058760256094
      },
      "vprofile": {
        "vpBins": [
          0,
          0.02715501073176143,
          0.006363074250597612,
          0.032077944398317196,
          0.057408515250459986,
          0.08224357268247123,
          0.1279549471724308,
          0.1028209101403121,
          0.10885047518621697,
          0.025185952123377098,
          0.027871755267435207,
          0.026817194343144668,
          0.0692906831995353,
          0.05776191657028019,
          0.009183731786016789,
          0.0825333428158889,
          0.060881917146125016,
          0.05099265198722805,
          0.036313070036978756,
          0.008293334911422638
        ],
        "currentBinShare": 0.08224357268247123
      },
      "ttm": {
        "squeeze": false,
        "release": false,
        "widthPct": 3.2159584720487175
      }
    },
    "min15": {
      "sma20": 0.1470125,
      "sma50": 0.1470206,
      "ema20": 0.14561980480207734,
      "ema50": 0.14616517111782018,
      "vwma20": 0.14663083174942515,
      "hma21": 0.14144779220779227,
      "atr14": 0.0028128571428571486,
      "atrPercentile": 0.524390243902439,
      "rvolZ": -0.47991410533805096,
      "rvolPercentile": 0.2916666666666667,
      "mfi14": 43.317340460556345,
      "ppo": {
        "ppo": -0.8203306295316037,
        "signal": -0.45746601506047707,
        "histogram": -0.36286461447112667
      },
      "stochRsi": {
        "k": 5.595002850222405,
        "d": 34.84219006361776
      },
      "vprofile": {
        "vpBins": [
          0,
          0.002797020285416942,
          0.0072433009238848925,
          0,
          0.023469615084350852,
          0.07589150089566375,
          0.10678390489499577,
          0.08358865020856907,
          0.10426032572145942,
          0.1322685314242705,
          0.11709608336886161,
          0.04523906328370484,
          0.03397903449021445,
          0,
          0.04765507508014273,
          0,
          0.11406265904807741,
          0.10566523529038768,
          0,
          0
        ],
        "currentBinShare": 0.07589150089566375
      },
      "ttm": {
        "squeeze": false,
        "release": false,
        "widthPct": 9.421561852670163
      }
    },
    "hourly": {
      "sma20": 0.145864,
      "sma50": 0.14144560000000003,
      "ema20": 0.14515052534242334,
      "ema50": 0.1433806044093885,
      "vwma20": 0.14680105312750485,
      "hma21": 0.14666727272727273,
      "atr14": 0.005410000000000006,
      "atrPercentile": 0.6242236024844721,
      "rvolZ": -0.08380877966697588,
      "rvolPercentile": 0.7291666666666666,
      "mfi14": 47.34777053572127,
      "ppo": {
        "ppo": 0.659463112115658,
        "signal": 1.1041612447646925,
        "histogram": -0.44469813264903446
      },
      "stochRsi": {
        "k": 56.92895924879976,
        "d": 52.296669533792624
      },
      "vprofile": {
        "vpBins": [
          0.006089401878610804,
          0.012380359995669608,
          0.017663401514806082,
          0.01875179114720896,
          0.04148183833175023,
          0.09610496282207617,
          0.09743463650716808,
          0.13058695223054256,
          0.147024740835587,
          0.06076614595435465,
          0.16941335238787647,
          0.0368366894328251,
          0.02523823868927342,
          0.00472568493342827,
          0.11089475069552535,
          0,
          0.024607052643297135,
          0,
          0,
          0
        ],
        "currentBinShare": 0.09743463650716808
      },
      "ttm": {
        "squeeze": true,
        "release": false,
        "widthPct": 8.211888822882948
      }
    },
    "fourHour": {
      "sma20": 0.14139900000000002,
      "sma50": 0.1451384,
      "ema20": 0.14278717823276207,
      "ema50": 0.14354626984614993,
      "vwma20": 0.14301266078867814,
      "hma21": 0.14037870129870125,
      "atr14": 0.009304285714285713,
      "atrPercentile": 0.5857142857142857,
      "rvolZ": -0.27151787299604846,
      "rvolPercentile": 0.6428571428571429,
      "mfi14": 63.018758363570136,
      "ppo": {
        "ppo": 0.06910689873697577,
        "signal": -0.7959381986015455,
        "histogram": 0.8650450973385212
      },
      "stochRsi": {
        "k": 80.91370156539571,
        "d": 57.32795256513898
      },
      "vprofile": {
        "vpBins": [
          0.0031804644162872838,
          0.004470690088920293,
          0,
          0,
          0.0029048747968045624,
          0.020039721361010062,
          0.15046498649884574,
          0.15995687561805516,
          0.06365867769772561,
          0.14198456113063615,
          0.01377373191799738,
          0.11230968992794561,
          0.10369629537130637,
          0.10201647506166418,
          0.04532641845515239,
          0,
          0,
          0,
          0.07621653765764917,
          0
        ],
        "currentBinShare": 0.15995687561805516
      },
      "ttm": {
        "squeeze": true,
        "release": false,
        "widthPct": 11.846618075493874
      }
    },
    "daily": {
      "sma20": 0.14432599999999998,
      "sma50": 0.11596140000000002,
      "ema20": 0.13947168897325637,
      "ema50": 0.124615922967649,
      "vwma20": 0,
      "hma21": 0.14994554112554115,
      "atr14": 0.026031428571428563,
      "atrPercentile": 0.7894736842105263,
      "rvolZ": 0,
      "rvolPercentile": 1,
      "mfi14": 50,
      "ppo": {
        "ppo": 5.286695856098312,
        "signal": 7.395870483907355,
        "histogram": -2.1091746278090424
      },
      "stochRsi": {
        "k": 67.37919158666188,
        "d": 55.79339353329856
      },
      "vprofile": {
        "vpBins": [
          0,
          0,
          0,
          0,
          0,
          0,
          0,
          0,
          0,
          0,
          0,
          0,
          0,
          0,
          0,
          0,
          0,
          0,
          0,
          0
        ],
        "currentBinShare": 0
      },
      "ttm": {
        "squeeze": true,
        "release": false,
        "widthPct": 34.35854620642422
      }
    }
  },
  "smaMin5": 0.1445115,
  "emaMin5": 0.14436154850559826,
  "vwmaMin5": 0.1441580636392238,
  "hmaMin5": 0.14310458874458876,
  "keltner15": {
    "upper": 0.14987830480207734,
    "middle": 0.14561980480207734,
    "lower": 0.14136130480207734
  },
  "superTrend15": {
    "isBull": true,
    "finalUpper": 0.151462,
    "finalLower": 0.13442799999999996
  },
  "mfi15": 43.317340460556345,
  "stochRsi15": {
    "k": 5.595002850222405,
    "d": 34.84219006361776
  },
  "ppo15": {
    "ppo": -0.8203306295316037,
    "signal": -0.45746601506047707,
    "histogram": -0.36286461447112667
  },
  "vpMin15": {
    "vpBins": [
      0,
      0.002797020285416942,
      0.0072433009238848925,
      0,
      0.023469615084350852,
      0.07589150089566375,
      0.10678390489499577,
      0.08358865020856907,
      0.10426032572145942,
      0.1322685314242705,
      0.11709608336886161,
      0.04523906328370484,
      0.03397903449021445,
      0,
      0.04765507508014273,
      0,
      0.11406265904807741,
      0.10566523529038768,
      0,
      0
    ],
    "currentBinShare": 0.07589150089566375
  },
  "ttm15": {
    "squeeze": false,
    "release": false,
    "widthPct": 9.421561852670163
  },
  "marketCorrelation": {
    "hourly": {
      "btcCorrelation": 0,
      "ethCorrelation": 0,
      "btcBeta": 1,
      "ethBeta": 1,
      "btcTrend": "UNKNOWN",
      "ethTrend": "UNKNOWN",
      "tokenVol": 0,
      "btcVol": 0,
      "ethVol": 0,
      "marketDependence": 0,
      "verdict": "INSUFFICIENT_DATA"
    },
    "min15": {
      "btcCorrelation": 0,
      "ethCorrelation": 0,
      "btcBeta": 1,
      "ethBeta": 1,
      "btcTrend": "UNKNOWN",
      "ethTrend": "UNKNOWN",
      "tokenVol": 0,
      "btcVol": 0,
      "ethVol": 0,
      "marketDependence": 0,
      "verdict": "INSUFFICIENT_DATA"
    },
    "daily": {
      "btcCorrelation": 0,
      "ethCorrelation": 0,
      "btcBeta": 1,
      "ethBeta": 1,
      "btcTrend": "UNKNOWN",
      "ethTrend": "UNKNOWN",
      "tokenVol": 0,
      "btcVol": 0,
      "ethVol": 0,
      "marketDependence": 0,
      "verdict": "INSUFFICIENT_DATA"
    }
  },
  "tradeTape": {
    "totalTrades": 0,
    "totalVolume": 0,
    "buysVolume": 0,
    "sellsVolume": 0,
    "buySellRatio": 0.5,
    "vwap": 0,
    "signedVolume": 0,
    "avgTradeSize": 0,
    "tradesPerSec": 0,
    "cumulativeDelta": 0,
    "tradesLast1m": 0,
    "tradesLast5m": 0,
    "tradesLast15m": 0,
    "tradesLast1h": 0,
    "buyVWAP": 0,
    "sellVWAP": 0,
    "aggressorVWAP": 0,
    "bucketDurationMs": 60000,
    "bucketCount": 15,
    "bucketSignedVolumes": [],
    "bucketVolumes": [],
    "bucketVWAPs": [],
    "latestBucketSignedZ": 0
  },
  "enhancedMetrics": {
    "relativeVolumeZScore": -1,
    "volumePercentile": 40,
    "atrPercentile": 43.06569343065693,
    "volatilityPercentile": 56.9620253164557,
    "relativeVolatilityRatio": 0.6117641740729922,
    "isHighVolume": false,
    "isHighVolatility": false,
    "isLowVolatility": false,
    "isExpandingVolatility": false,
    "isContractingVolatility": true
  },
  "orderBook": {
    "bidAskSpread": 0,
    "spreadPct": 0,
    "midPrice": 0,
    "bestBid": 0,
    "bestAsk": 0,
    "bidDepth": 0,
    "askDepth": 0,
    "orderBookImbalance": 0,
    "liquidityScore": 0,
    "depthAt1Pct": {
      "bidVolume": 0,
      "askVolume": 0,
      "imbalance": 0
    },
    "depthAt2Pct": {
      "bidVolume": 0,
      "askVolume": 0,
      "imbalance": 0
    },
    "depthAt5Pct": {
      "bidVolume": 0,
      "askVolume": 0,
      "imbalance": 0
    },
    "weightedMidPrice": 0,
    "volumeWeightedSpread": 0,
    "totalBidLevels": 0,
    "totalAskLevels": 0
  },
  "marketCap": {
    "marketCap": 0,
    "totalVolume24h": 0,
    "volumeToMarketCapRatio": 0,
    "marketCapRank": 0,
    "normalizedRank": 0,
    "isHighLiquidity": false,
    "isVeryHighLiquidity": false,
    "isLowLiquidity": true,
    "liquidityTier": "VERY_LOW"
  },
  "sweeps": {
    "sweepScore": 0,
    "sweepCount": 0,
    "sweepDirection": "NEUTRAL",
    "buySweeps": 0,
    "sellSweeps": 0,
    "avgSweepSize": 0,
    "avgSweepIntensity": 0,
    "bidLiftRatio": 0,
    "askLiftRatio": 0,
    "sweepFrequency": 0,
    "largestSweep": null,
    "recentSweepClusters": 0,
    "sweepDetails": []
  },
  "absorption": {
    "absorptionScore": 0,
    "absorptionLevel": null,
    "absorptionSide": "NONE",
    "icebergProbability": 0,
    "hiddenLiquidityEstimate": 0,
    "volumeAtPrice": {},
    "topAbsorptionLevels": [],
    "persistenceDuration": 0,
    "refillDetected": false
  },
  "orderArrival": {
    "avgInterArrivalTime": 0,
    "recentInterArrivalTime": 0,
    "accelerationRatio": 1,
    "hawkesIntensity": 0,
    "hawkesDirection": "NEUTRAL",
    "clusteringScore": 0,
    "burstCount": 0,
    "cascadeDetected": false,
    "timeToNextTrade": 0,
    "accelerationTrend": "STABLE"
  },
  "liquidityVacuum": {
    "vacuumScore": 0,
    "vacuumSide": "NONE",
    "bidVacuumSeverity": 0,
    "askVacuumSeverity": 0,
    "depthConcentration": 0,
    "priceImpact10k": 0,
    "priceImpact50k": 0,
    "priceImpact100k": 0,
    "largestGapBid": 0,
    "largestGapAsk": 0,
    "avgGapBid": 0,
    "avgGapAsk": 0,
    "bidCliffDistance": 0,
    "askCliffDistance": 0
  },
  "volatilityRegime": {
    "regime": "EXTREME",
    "regimeScore": 1,
    "currentATR": 0.026754,
    "avgATR": 0.02672,
    "atrPercentile": 78.9,
    "realizedVolatility": 265.31,
    "volPercentile": 100,
    "expanding": true,
    "contracting": false,
    "transitionProbability": 0.4,
    "daysInRegime": 1,
    "regimeStrength": 0.95
  },
  "temporalPatterns": {
    "currentHour": 13,
    "currentDay": 0,
    "currentDayName": "Sunday",
    "dayBias": "NEUTRAL",
    "hourlyProfile": [
      {
        "avgVolume": 710585.34,
        "avgATR": 0.005643,
        "avgReturn": 0.739
      },
      {
        "avgVolume": 578739.5,
        "avgATR": 0.00521,
        "avgReturn": 0.612
      },
      {
        "avgVolume": 487170.28,
        "avgATR": 0.005431,
        "avgReturn": -0.093
      },
      {
        "avgVolume": 447754.78,
        "avgATR": 0.004984,
        "avgReturn": -0.826
      },
      {
        "avgVolume": 410901.01,
        "avgATR": 0.004146,
        "avgReturn": -0.816
      },
      {
        "avgVolume": 331977.33,
        "avgATR": 0.004615,
        "avgReturn": -0.181
      },
      {
        "avgVolume": 368264.19,
        "avgATR": 0.004469,
        "avgReturn": 0.279
      },
      {
        "avgVolume": 416590.3,
        "avgATR": 0.005149,
        "avgReturn": 1.193
      },
      {
        "avgVolume": 678571.84,
        "avgATR": 0.006888,
        "avgReturn": 2.015
      },
      {
        "avgVolume": 401120.44,
        "avgATR": 0.005134,
        "avgReturn": -1.569
      },
      {
        "avgVolume": 350507.38,
        "avgATR": 0.004373,
        "avgReturn": -0.339
      },
      {
        "avgVolume": 292814.62,
        "avgATR": 0.004367,
        "avgReturn": 0.903
      },
      {
        "avgVolume": 733138.36,
        "avgATR": 0.006145,
        "avgReturn": 0.64
      },
      {
        "avgVolume": 1235021.69,
        "avgATR": 0.008458,
        "avgReturn": 0.008
      },
      {
        "avgVolume": 846632.54,
        "avgATR": 0.006082,
        "avgReturn": 0.652
      },
      {
        "avgVolume": 699447.48,
        "avgATR": 0.006959,
        "avgReturn": -2.015
      },
      {
        "avgVolume": 601169.73,
        "avgATR": 0.005159,
        "avgReturn": 0.856
      },
      {
        "avgVolume": 551939.24,
        "avgATR": 0.005791,
        "avgReturn": 0.381
      },
      {
        "avgVolume": 749654.08,
        "avgATR": 0.006802,
        "avgReturn": 0.239
      },
      {
        "avgVolume": 775373.05,
        "avgATR": 0.005359,
        "avgReturn": 0.208
      },
      {
        "avgVolume": 463136.58,
        "avgATR": 0.005356,
        "avgReturn": -1.064
      },
      {
        "avgVolume": 440001.15,
        "avgATR": 0.004535,
        "avgReturn": -0.393
      },
      {
        "avgVolume": 412164.36,
        "avgATR": 0.004156,
        "avgReturn": 0.03
      },
      {
        "avgVolume": 523684.95,
        "avgATR": 0.004642,
        "avgReturn": 1.036
      }
    ],
    "dailyProfile": [
      {
        "avgVolume": 242502.53,
        "avgATR": 0.003381,
        "avgReturn": -0.181
      },
      {
        "avgVolume": 563103.04,
        "avgATR": 0.006296,
        "avgReturn": 0.204
      },
      {
        "avgVolume": 235744.05,
        "avgATR": 0.003734,
        "avgReturn": -0.028
      },
      {
        "avgVolume": 977172.92,
        "avgATR": 0.007137,
        "avgReturn": 0.941
      },
      {
        "avgVolume": 1028864.34,
        "avgATR": 0.007912,
        "avgReturn": -0.33
      },
      {
        "avgVolume": 384805.43,
        "avgATR": 0.003933,
        "avgReturn": -0.004
      },
      {
        "avgVolume": 486344.48,
        "avgATR": 0.005381,
        "avgReturn": 0.124
      }
    ],
    "favorableHours": [
      13,
      14,
      19,
      18,
      12,
      0
    ],
    "favorableWindow": true,
    "currentVsAvgVolume": 0,
    "currentVsAvgVolatility": 0,
    "anomalyDetected": true,
    "timeUntilFavorable": null,
    "temporalScore": 0.5
  },
  "unifiedMicrostructure": {
    "signalDirections": {
      "vpin": "NEUTRAL",
      "sweeps": "NEUTRAL",
      "absorption": "NEUTRAL",
      "arrival": "NEUTRAL",
      "vacuum": "NONE",
      "volRegime": "UNFAVORABLE",
      "temporal": "FAVORABLE"
    },
    "consensusDirection": "NEUTRAL",
    "consensusStrength": 50,
    "bullishSignals": 1,
    "bearishSignals": 1,
    "neutralSignals": 0,
    "totalAvailableSignals": 2,
    "dominantPattern": "NONE",
    "clusters": {
      "strongBuyCluster": false,
      "distributionPattern": false,
      "accumulationPattern": false,
      "momentumCascade": false
    },
    "adaptiveWeights": {
      "vpin": 0,
      "sweeps": 0,
      "absorption": 0,
      "arrival": 0,
      "vacuum": 0,
      "volRegime": 0.03,
      "temporal": 0.012
    },
    "convictionLevel": "LOW",
    "convictionScore": 30,
    "riskAdjustment": "REDUCE",
    "timingQuality": "FAVORABLE",
    "signalQuality": "LOW"
  },
  "deltaAnalysis": {
    "currentDelta": 0,
    "cumulativeDelta": 0,
    "deltaPerVolume": 0,
    "deltaDirection": "NEUTRAL",
    "deltaDivergence": false,
    "institutionalRatio": 0,
    "aggressionScore": 0
  },
  "volumeProfile": {
    "pointOfControl": 0,
    "valueAreaHigh": 0,
    "valueAreaLow": 0,
    "currentPosition": "ABOVE_VALUE_AREA",
    "volumeNodes": [],
    "airPockets": []
  },
  "momentumCascade": {
    "cascadeDetected": false,
    "alignmentScore": -0.007379794725227401,
    "cascadeStrength": 0,
    "acceleratingTimeframes": [
      "5m"
    ],
    "divergingTimeframes": [
      "1m",
      "15m",
      "1h"
    ]
  },
  "breakoutConfirmation": {
    "breakoutConfirmed": false,
    "volumeConfirmation": false,
    "retestStrength": 0,
    "falseBreakoutRisk": 0,
    "breakoutQuality": "NO_BREAKOUT"
  },
  "liquidityHeatmap": {
    "liquidityScore": 0,
    "magnetDirection": "NONE",
    "magnetStrength": 0,
    "priceTarget5pct": null,
    "message": "No order book data"
  },
  "smartMoneyDivergence": {
    "divergenceDetected": false,
    "divergenceDirection": "NONE",
    "smartMoneyScore": 0.5,
    "message": "Insufficient trade data"
  },
  "microstructure": {
    "raw": -0.018054605931811876,
    "pct": 50,
    "summary": {
      "latestBucketSignedZ": 0,
      "buySellRatio": 0.5,
      "tradesPerSec": 0,
      "vwap": 0,
      "aggressorVWAP": 0,
      "vpinToxicity": "UNKNOWN",
      "sweepDirection": "NEUTRAL",
      "absorptionSide": "NONE",
      "icebergDetected": false,
      "hawkesDirection": "NEUTRAL",
      "cascadeDetected": false,
      "vacuumSide": "NONE",
      "volatilityRegime": "EXTREME",
      "volExpanding": true,
      "favorableTimeWindow": true,
      "temporalAnomaly": true,
      "consensusDirection": "NEUTRAL",
      "consensusStrength": 50,
      "dominantPattern": "NONE",
      "convictionLevel": "LOW",
      "riskAdjustment": "REDUCE",
      "timingQuality": "FAVORABLE",
      "deltaDirection": "NEUTRAL",
      "deltaDivergence": false,
      "institutionalRatio": 0,
      "volumeProfilePosition": "ABOVE_VALUE_AREA",
      "pointOfControl": 0,
      "momentumCascadeDetected": false,
      "cascadeStrength": 0,
      "breakoutQuality": "NO_BREAKOUT",
      "breakoutConfirmed": false,
      "magnetDirection": "NONE",
      "magnetStrength": 0,
      "priceTarget5pct": null,
      "nearestBidWall": 0,
      "nearestAskWall": 0,
      "divergenceDetected": false,
      "divergenceDirection": "NONE",
      "whaleAccumulation": false,
      "whaleDistribution": false,
      "retailPanic": false,
      "smartMoneyScore": 0.5
    }
  }
}

=== MICROSTRUCTURE ALERTS ===

🔬 VPIN: Insufficient data for VPIN analysis

🌊 SWEEP DETECTION: No significant sweeps detected

🧊 ABSORPTION & ICEBERG: No significant absorption or iceberg orders detected

⚡ ORDER ARRIVAL DYNAMICS: Insufficient trades for analysis

🌪️ LIQUIDITY VACUUM: No significant vacuum detected

📊 VOLATILITY REGIME DETECTION:
   Current Regime: EXTREME
   Regime Score: 1.00 (-1=low vol, +1=extreme vol)
   Days in Regime: 1
   ATR: $0.026754 (avg: $0.026720)
   ATR Percentile: 78.9%
   Realized Volatility: 265.31% (annualized)
   Vol Percentile: 100.0%

   🔴 EXTREME VOLATILITY:
   🚨 HIGH RISK ENVIRONMENT!
   ⚠️ Significantly reduce position size
   ⚠️ Wide stops or avoid trading
   💡 Only for experienced traders

   🚀 VOLATILITY EXPANDING:
   💥 Breakout likely imminent!
   📈 Market transitioning to higher vol regime
   ✅ Strong signal when combined with other indicators

   📍 MODERATE REGIME TRANSITION PROBABILITY: 40%
   Monitor for potential regime change

   ⚠️ NEW REGIME: Only 1 day(s) - conditions still settling

⏰ TEMPORAL PATTERN ANALYSIS:
   Current Time: Sunday 13:00 UTC
   Day Bias: NEUTRAL
   Current vs Avg Volume: 0x
   Current vs Avg Volatility: 0x

   ✅ FAVORABLE TIME WINDOW:
   This hour historically shows strong volume and positive returns
   GOOD time to trade - patterns favor entry

   ⚠️ LOW ACTIVITY ANOMALY:
   Volume 0x below typical - Extremely quiet

   📉 LOW VOLATILITY ANOMALY:
   Volatility 0x below typical - Consolidation likely

   🔥 Best Trading Hours (UTC): 13:00, 14:00, 19:00

🎯 UNIFIED MICROSTRUCTURE INTEGRATION:
   Signal Consensus: NEUTRAL (50% agreement)
   Available Signals: 2 (1 bullish / 1 bearish / 0 neutral)
   Conviction Level: LOW (30%)
   Signal Quality: LOW
   Risk Adjustment: REDUCE
   Timing Quality: FAVORABLE

   ⚠️ LOW CONVICTION: Only 50% signal agreement
   Weak alignment - Reduce position size or wait for clarity

   ⚠️ RISK REDUCTION RECOMMENDED: Extreme volatility or unfavorable timing detected

   ⏰ FAVORABLE TIMING: Good time window for trading

   Signal Directions Breakdown:
   • VPIN: NEUTRAL
   • Sweeps: NEUTRAL
   • Absorption: NEUTRAL
   • Arrival Dynamics: NEUTRAL
   • Liquidity Vacuum: NONE
   • Vol Regime: UNFAVORABLE
   • Temporal: FAVORABLE

   Adaptive Weights (Total: 4.2%):
   • VPIN: 0.0%
   • Sweeps: 0.0%
   • Absorption: 0.0%
   • Arrival: 0.0%
   • Vacuum: 0.0%
   • Vol Regime: 3.0%
   • Temporal: 1.2%


💹 DELTA ANALYSIS (Order Flow Aggression):
   Direction: NEUTRAL
   Delta Per Volume: 0.00%
   Institutional Ratio: 0.0%
   Aggression Score: 0.0%

📊 VOLUME PROFILE (Support/Resistance Strength):
   Point of Control (POC): $0.000000
   Value Area High: $0.000000
   Value Area Low: $0.000000
   Current Position: ABOVE_VALUE_AREA
   ⚠️ DISTRIBUTION RISK: Price above value area - potential rejection zone

⚡ MOMENTUM CASCADE (Multi-Timeframe Alignment):
   Cascade Detected: NO
   Alignment Score: -0.7%
   Cascade Strength: 0.0%
   Accelerating: 5m
   Diverging: 1m, 15m, 1h

💥 BREAKOUT CONFIRMATION:
   Quality: NO_BREAKOUT
   Volume Confirmation: NO
   Retest Strength: 0.0%
   False Breakout Risk: 0.0%
   No breakout detected - price below resistance


levels:
Entry=0.14308326, StopLoss=0.13879076219999997, TakeProfit=0.14491982949999999, 0.14675639899999998, 0.14822565459999998

---

=== Token: PRCL (PRCL) ===
Contract: PRCL-USD
Timestamp: 2025-09-16T12:15:00.000Z

Calculations:
{
  "momentumScore": 26.492787067894312,
  "volumeScore": 51.209624825083345,
  "patternScore": 35.049150358206326,
  "totalScore": 36.54414984185986,
  "finalScore": 36.54414984185986,
  "weights": "0.23,0.45,0.23",
  "hourlyUptrend": false,
  "rsi": 54.166666666666764,
  "ultraShortVolumeSurge": 2.4865904645582875,
  "baseVolumeSurge": 0.016396366917598455,
  "currentPrice": 0.0854,
  "resistance": 0.0856,
  "support": 0.0846,
  "rocMin5": 0.0035252643948297134,
  "shortROC": 0.0047058823529411474,
  "priceAcceleration": 0.0008830433581883709,
  "buySellRatio": 0.6081242163538716,
  "macdHistogram": -0.000048066945435971634,
  "stochasticK": 60.00000000000028,
  "atr": 0.0002642857142857169,
  "bbUpper": 0.08570370877129306,
  "bbLower": 0.08475629122870691,
  "hammerDetected": false,
  "engulfingDetected": true,
  "compressionSpring": {
    "detected": true,
    "confidence": 77,
    "signals": {
      "sidewaysPrice": true,
      "atrCompression": true,
      "bbSqueeze": true,
      "consolidationTime": true,
      "strongBuying": false,
      "obvPositive": false,
      "chaikinPositive": false,
      "rsiNeutral": true,
      "volumeBuilding": true
    },
    "metrics": {
      "priceRange": 1.18,
      "atrRatio": 0.514,
      "bbWidth": 1.11,
      "volumeRatio": 1.215,
      "signalCount": 6,
      "buySellRatio": 0.608
    }
  },
  "riskTier": "MEDIUM",
  "atrPercent": 0.4349280695884943,
  "distanceToResistance": 0.23419203747071646,
  "slPercent": 3,
  "tpPercent": 0.199063231850109,
  "trailingActivation": 0.1194379391100654,
  "shortMomentumScore": 15,
  "overboughtScore": 0,
  "shortPatternScore": 0,
  "shootingStarDetected": false,
  "bearishEngulfingDetected": false,
  "eveningStarDetected": false,
  "bearishPatternsCount": 0,
  "shortTotalScore": 6,
  "chaikin": 0.001381396277415106,
  "obvIncreasing": false,
  "obvTrend": "declining",
  "adx": 16.666666666665222,
  "recentCandles": {
    "redCount": 6,
    "greenCount": 4
  },
  "resistanceDistance": 0.23419203747071646,
  "multiplePatterns": false,
  "bullishPattern": true,
  "priceAboveVWAP": false,
  "breakingResistance": true,
  "atrSufficient": false,
  "macdDivergenceBearish": false,
  "rvolMin1": 0.2683101103994401,
  "rvolMin5": 0.1443816043596629,
  "atrPercentileOld": 0.036585365853658534,
  "vwapDeviation": -0.348752542030217,
  "bbWidthPercent": 1.111601012068695,
  "bbSqueeze": true,
  "multiTFMomentum": {
    "min1": {
      "roc1": 0.002352941176470492,
      "roc3": 0.0011750881316099045
    },
    "min5": {
      "roc1": 0.0047058823529411474,
      "roc3": 0.002347417840375654
    },
    "min15": {
      "roc1": -0.0023419203747073267,
      "roc3": 0
    },
    "hourly": {
      "roc1": 0.005882352941176476,
      "roc3": -0.0011682242990652919
    },
    "fourHour": {
      "roc1": 0.004700352526439618,
      "roc3": 0.004700352526439618
    },
    "divergenceShortUpLongDown": false
  },
  "returnZMin5": 1.7725810505072543,
  "wickClosePct": 0.7999999999999945,
  "wickUpper": 0.00010000000000000286,
  "wickLower": 0,
  "wickRatio": 0.25000000000000866,
  "donchianBreakout15": false,
  "bbWidthPercentile15": 0.012987012987012988,
  "signedMin5": 266895.6,
  "signedMin5Z": 4.338865441191933,
  "signedMin1": 50724.50000000001,
  "signedMin1Z": 2.983767824416022,
  "streakMin1": {
    "upStreak": 1,
    "downStreak": 0
  },
  "streakMin5": {
    "upStreak": 1,
    "downStreak": 0
  },
  "rvolPercentileMin1": 0.8944444444444445,
  "rvolPercentileMin5": 0.7951388888888888,
  "perTfMetrics": {
    "min1": {
      "sma20": 0.08505999999999997,
      "sma50": 0.08521400000000001,
      "ema20": 0.08509572470255516,
      "ema50": 0.085153493984533,
      "vwma20": 0.0850627792129458,
      "hma21": 0.08507402597402594,
      "atr14": 0.00020714285714285713,
      "atrPercentile": 0.37210473313192344,
      "rvolZ": 0.2683101103994401,
      "rvolPercentile": 0.8944444444444445,
      "mfi14": 29.369771270483525,
      "ppo": {
        "ppo": -0.03274294145523963,
        "signal": -0.05116623311335403,
        "histogram": 0.018423291658114405
      },
      "stochRsi": {
        "k": 96.96969696969569,
        "d": 50
      },
      "vprofile": {
        "vpBins": [
          0.004954154348652559,
          0.002896945158522791,
          0.008591741654651156,
          0.023008209320498404,
          0.11897054839915909,
          0.06908761669748936,
          0.06494367997077242,
          0.06341443446165952,
          0.07774551848072925,
          0.218459378461697,
          0.23259715390446248,
          0.04421482369399126,
          0.005558085079973739,
          0.009733638151325974,
          0.05075028318096337,
          0.00025283317577204383,
          0.003054587765801732,
          0,
          0.0002867914718618436,
          0.0014795766220160613
        ],
        "currentBinShare": 0.06341443446165952
      },
      "ttm": {
        "squeeze": false,
        "release": false,
        "widthPct": 0.5236552422130306
      }
    },
    "min5": {
      "sma20": 0.08519999999999997,
      "sma50": 0.08519199999999999,
      "ema20": 0.08516032009106864,
      "ema50": 0.08520593530528991,
      "vwma20": 0.08518602252756288,
      "hma21": 0.08489004329004328,
      "atr14": 0.0002642857142857169,
      "atrPercentile": 0.39416058394160586,
      "rvolZ": 0.1443816043596629,
      "rvolPercentile": 0.7951388888888888,
      "mfi14": 62.35089256232765,
      "ppo": {
        "ppo": -0.03902906891240287,
        "signal": -0.05684611365082045,
        "histogram": 0.01781704473841758
      },
      "stochRsi": {
        "k": 94.56521739130433,
        "d": 45.32828282828287
      },
      "vprofile": {
        "vpBins": [
          0,
          0,
          0.01885419623580627,
          0.0019192646518157274,
          0.013038888600621738,
          0.0345901905628307,
          0.05813080266434465,
          0.06544937839146335,
          0.12985342564397082,
          0.0488115284032851,
          0.09225443493930202,
          0.2652289420636461,
          0.05319553436805969,
          0.08817327337244461,
          0.08070529928758274,
          0.00022298842589220583,
          0.0027574779389301684,
          0.037795955048039696,
          0.009018419401964295,
          0
        ],
        "currentBinShare": 0.2652289420636461
      },
      "ttm": {
        "squeeze": false,
        "release": false,
        "widthPct": 1.0808323411475287
      }
    },
    "min15": {
      "sma20": 0.08522999999999999,
      "sma50": 0.08528000000000002,
      "ema20": 0.08522777691823945,
      "ema50": 0.08533873617544863,
      "vwma20": 0.08527652579288961,
      "hma21": 0.08523549783549784,
      "atr14": 0.00037142857142857415,
      "atrPercentile": 0.036585365853658534,
      "rvolZ": -0.6511248846875356,
      "rvolPercentile": 0.07291666666666667,
      "mfi14": 55.365423308966065,
      "ppo": {
        "ppo": -0.03070333783197875,
        "signal": -0.031123862175035766,
        "histogram": 0.00042052434305701533
      },
      "stochRsi": {
        "k": 65.45454545454582,
        "d": 51.929292929293005
      },
      "vprofile": {
        "vpBins": [
          0,
          0,
          0.011028991680766575,
          0.08874550453784785,
          0.09277850970057056,
          0.11670605913048633,
          0.3288621828908867,
          0.18221509607731998,
          0.09443908984364771,
          0.013081523753047341,
          0.02160617238822807,
          0,
          0.03011339726409288,
          0.0008826605359720288,
          0,
          0.0047757135674152025,
          0.007659477982848409,
          0,
          0.0016541164904277106,
          0.005451504156442744
        ],
        "currentBinShare": 0.11670605913048633
      },
      "ttm": {
        "squeeze": true,
        "release": false,
        "widthPct": 1.111601012068695
      }
    },
    "hourly": {
      "sma20": 0.08524499999999999,
      "sma50": 0.088824,
      "ema20": 0.08586635176707326,
      "ema50": 0.08781044699318236,
      "vwma20": 0.08526246039004211,
      "hma21": 0.08529480519480519,
      "atr14": 0.0009071428571428544,
      "atrPercentile": 0.2111801242236025,
      "rvolZ": -0.4138637022197792,
      "rvolPercentile": 0.27976190476190477,
      "mfi14": 43.35643742758795,
      "ppo": {
        "ppo": -1.1355738930361394,
        "signal": -1.4322828631222697,
        "histogram": 0.2967089700861303
      },
      "stochRsi": {
        "k": 100,
        "d": 47.417840375586856
      },
      "vprofile": {
        "vpBins": [
          0.022197529024945963,
          0.011412070733621696,
          0.03196868860549812,
          0.01839575097682492,
          0,
          0.06339043298665742,
          0.008268037472367195,
          0.09608839633089247,
          0.09346328183621327,
          0.03348942025264269,
          0.06893256853329059,
          0.11482305360675524,
          0.08236276133255355,
          0.061153663185015486,
          0.08476640915697412,
          0.01527358883682183,
          0.11221745987115082,
          0.05266898441153303,
          0.029127902846241567,
          0
        ],
        "currentBinShare": 0.06339043298665742
      },
      "ttm": {
        "squeeze": true,
        "release": false,
        "widthPct": 1.9430835809084965
      }
    },
    "fourHour": {
      "sma20": 0.08961,
      "sma50": 0.08890199999999998,
      "ema20": 0.08853826164476099,
      "ema50": 0.08716928617663315,
      "vwma20": 0.09152095732609354,
      "hma21": 0.08778614718614718,
      "atr14": 0.005135714285714285,
      "atrPercentile": 0.6714285714285714,
      "rvolZ": -0.41078822190175,
      "rvolPercentile": 0.4523809523809524,
      "mfi14": 59.00799246788369,
      "ppo": {
        "ppo": -1.3230312288150234,
        "signal": -0.29162953963295146,
        "histogram": -1.031401689182072
      },
      "stochRsi": {
        "k": 18.328954090942297,
        "d": 41.11027903116404
      },
      "vprofile": {
        "vpBins": [
          0.01972716664990094,
          0.014036948728766476,
          0.020604373821076185,
          0.03047308997410349,
          0.05021959670805535,
          0.031427882993481995,
          0.019839180987386205,
          0.09344559438613033,
          0.02640593586192127,
          0.09496953740897032,
          0.09632708076511393,
          0.13953810279395765,
          0,
          0.12264484337926507,
          0.043764196159592955,
          0,
          0,
          0.19657646938227788,
          0,
          0
        ],
        "currentBinShare": 0.09344559438613033
      },
      "ttm": {
        "squeeze": false,
        "release": false,
        "widthPct": 16.825518632720126
      }
    },
    "daily": {
      "sma20": 0.07980499999999999,
      "sma50": 0.08277599999999997,
      "ema20": 0.0835760738090508,
      "ema50": 0.08278831963686242,
      "vwma20": 0,
      "hma21": 0.09159350649350649,
      "atr14": 0.010214285714285716,
      "atrPercentile": 0.6447368421052632,
      "rvolZ": 0,
      "rvolPercentile": 1,
      "mfi14": 50,
      "ppo": {
        "ppo": 2.700816162019631,
        "signal": 0.9820283194100525,
        "histogram": 1.7187878426095786
      },
      "stochRsi": {
        "k": 76.11062777263878,
        "d": 65.05449131450489
      },
      "vprofile": {
        "vpBins": [
          0,
          0,
          0,
          0,
          0,
          0,
          0,
          0,
          0,
          0,
          0,
          0,
          0,
          0,
          0,
          0,
          0,
          0,
          0,
          0
        ],
        "currentBinShare": 0
      },
      "ttm": {
        "squeeze": false,
        "release": false,
        "widthPct": 44.81871749507611
      }
    }
  },
  "smaMin5": 0.08519999999999997,
  "emaMin5": 0.08516032009106864,
  "vwmaMin5": 0.08518602252756288,
  "hmaMin5": 0.08489004329004328,
  "keltner15": {
    "upper": 0.08579777691823945,
    "middle": 0.08522777691823945,
    "lower": 0.08465777691823945
  },
  "superTrend15": {
    "isBull": true,
    "finalUpper": 0.08634000000000001,
    "finalLower": 0.08405999999999998
  },
  "mfi15": 55.365423308966065,
  "stochRsi15": {
    "k": 65.45454545454582,
    "d": 51.929292929293005
  },
  "ppo15": {
    "ppo": -0.03070333783197875,
    "signal": -0.031123862175035766,
    "histogram": 0.00042052434305701533
  },
  "vpMin15": {
    "vpBins": [
      0,
      0,
      0.011028991680766575,
      0.08874550453784785,
      0.09277850970057056,
      0.11670605913048633,
      0.3288621828908867,
      0.18221509607731998,
      0.09443908984364771,
      0.013081523753047341,
      0.02160617238822807,
      0,
      0.03011339726409288,
      0.0008826605359720288,
      0,
      0.0047757135674152025,
      0.007659477982848409,
      0,
      0.0016541164904277106,
      0.005451504156442744
    ],
    "currentBinShare": 0.11670605913048633
  },
  "ttm15": {
    "squeeze": true,
    "release": false,
    "widthPct": 1.111601012068695
  },
  "marketCorrelation": {
    "hourly": {
      "btcCorrelation": 0,
      "ethCorrelation": 0,
      "btcBeta": 1,
      "ethBeta": 1,
      "btcTrend": "UNKNOWN",
      "ethTrend": "UNKNOWN",
      "tokenVol": 0,
      "btcVol": 0,
      "ethVol": 0,
      "marketDependence": 0,
      "verdict": "INSUFFICIENT_DATA"
    },
    "min15": {
      "btcCorrelation": 0,
      "ethCorrelation": 0,
      "btcBeta": 1,
      "ethBeta": 1,
      "btcTrend": "UNKNOWN",
      "ethTrend": "UNKNOWN",
      "tokenVol": 0,
      "btcVol": 0,
      "ethVol": 0,
      "marketDependence": 0,
      "verdict": "INSUFFICIENT_DATA"
    },
    "daily": {
      "btcCorrelation": 0,
      "ethCorrelation": 0,
      "btcBeta": 1,
      "ethBeta": 1,
      "btcTrend": "UNKNOWN",
      "ethTrend": "UNKNOWN",
      "tokenVol": 0,
      "btcVol": 0,
      "ethVol": 0,
      "marketDependence": 0,
      "verdict": "INSUFFICIENT_DATA"
    }
  },
  "tradeTape": {
    "totalTrades": 0,
    "totalVolume": 0,
    "buysVolume": 0,
    "sellsVolume": 0,
    "buySellRatio": 0.5,
    "vwap": 0,
    "signedVolume": 0,
    "avgTradeSize": 0,
    "tradesPerSec": 0,
    "cumulativeDelta": 0,
    "tradesLast1m": 0,
    "tradesLast5m": 0,
    "tradesLast15m": 0,
    "tradesLast1h": 0,
    "buyVWAP": 0,
    "sellVWAP": 0,
    "aggressorVWAP": 0,
    "bucketDurationMs": 60000,
    "bucketCount": 15,
    "bucketSignedVolumes": [],
    "bucketVolumes": [],
    "bucketVWAPs": [],
    "latestBucketSignedZ": 0
  },
  "enhancedMetrics": {
    "relativeVolumeZScore": -1,
    "volumePercentile": 40,
    "atrPercentile": 36.86131386861314,
    "volatilityPercentile": 6.012658227848101,
    "relativeVolatilityRatio": 0.5833452493776241,
    "isHighVolume": false,
    "isHighVolatility": false,
    "isLowVolatility": true,
    "isExpandingVolatility": false,
    "isContractingVolatility": true
  },
  "orderBook": {
    "bidAskSpread": 0,
    "spreadPct": 0,
    "midPrice": 0,
    "bestBid": 0,
    "bestAsk": 0,
    "bidDepth": 0,
    "askDepth": 0,
    "orderBookImbalance": 0,
    "liquidityScore": 0,
    "depthAt1Pct": {
      "bidVolume": 0,
      "askVolume": 0,
      "imbalance": 0
    },
    "depthAt2Pct": {
      "bidVolume": 0,
      "askVolume": 0,
      "imbalance": 0
    },
    "depthAt5Pct": {
      "bidVolume": 0,
      "askVolume": 0,
      "imbalance": 0
    },
    "weightedMidPrice": 0,
    "volumeWeightedSpread": 0,
    "totalBidLevels": 0,
    "totalAskLevels": 0
  },
  "marketCap": {
    "marketCap": 0,
    "totalVolume24h": 0,
    "volumeToMarketCapRatio": 0,
    "marketCapRank": 0,
    "normalizedRank": 0,
    "isHighLiquidity": false,
    "isVeryHighLiquidity": false,
    "isLowLiquidity": true,
    "liquidityTier": "VERY_LOW"
  },
  "sweeps": {
    "sweepScore": 0,
    "sweepCount": 0,
    "sweepDirection": "NEUTRAL",
    "buySweeps": 0,
    "sellSweeps": 0,
    "avgSweepSize": 0,
    "avgSweepIntensity": 0,
    "bidLiftRatio": 0,
    "askLiftRatio": 0,
    "sweepFrequency": 0,
    "largestSweep": null,
    "recentSweepClusters": 0,
    "sweepDetails": []
  },
  "absorption": {
    "absorptionScore": 0,
    "absorptionLevel": null,
    "absorptionSide": "NONE",
    "icebergProbability": 0,
    "hiddenLiquidityEstimate": 0,
    "volumeAtPrice": {},
    "topAbsorptionLevels": [],
    "persistenceDuration": 0,
    "refillDetected": false
  },
  "orderArrival": {
    "avgInterArrivalTime": 0,
    "recentInterArrivalTime": 0,
    "accelerationRatio": 1,
    "hawkesIntensity": 0,
    "hawkesDirection": "NEUTRAL",
    "clusteringScore": 0,
    "burstCount": 0,
    "cascadeDetected": false,
    "timeToNextTrade": 0,
    "accelerationTrend": "STABLE"
  },
  "liquidityVacuum": {
    "vacuumScore": 0,
    "vacuumSide": "NONE",
    "bidVacuumSeverity": 0,
    "askVacuumSeverity": 0,
    "depthConcentration": 0,
    "priceImpact10k": 0,
    "priceImpact50k": 0,
    "priceImpact100k": 0,
    "largestGapBid": 0,
    "largestGapAsk": 0,
    "avgGapBid": 0,
    "avgGapAsk": 0,
    "bidCliffDistance": 0,
    "askCliffDistance": 0
  },
  "volatilityRegime": {
    "regime": "NORMAL",
    "regimeScore": 0,
    "currentATR": 0.0107,
    "avgATR": 0.007627,
    "atrPercentile": 67.1,
    "realizedVolatility": 92.99,
    "volPercentile": 35.6,
    "expanding": false,
    "contracting": false,
    "transitionProbability": 0,
    "daysInRegime": 1,
    "regimeStrength": 0.87
  },
  "temporalPatterns": {
    "currentHour": 13,
    "currentDay": 0,
    "currentDayName": "Sunday",
    "dayBias": "NEUTRAL",
    "hourlyProfile": [
      {
        "avgVolume": 1271877.91,
        "avgATR": 0.003471,
        "avgReturn": 2.053
      },
      {
        "avgVolume": 1182540.46,
        "avgATR": 0.002986,
        "avgReturn": 0.196
      },
      {
        "avgVolume": 855715.67,
        "avgATR": 0.002207,
        "avgReturn": 0.503
      },
      {
        "avgVolume": 623837.05,
        "avgATR": 0.001829,
        "avgReturn": -0.695
      },
      {
        "avgVolume": 519842.7,
        "avgATR": 0.001764,
        "avgReturn": -0.599
      },
      {
        "avgVolume": 296732.99,
        "avgATR": 0.001729,
        "avgReturn": 0.396
      },
      {
        "avgVolume": 535186.3,
        "avgATR": 0.001785,
        "avgReturn": 0.163
      },
      {
        "avgVolume": 351575.41,
        "avgATR": 0.002064,
        "avgReturn": -0.249
      },
      {
        "avgVolume": 422539.54,
        "avgATR": 0.001714,
        "avgReturn": 0.487
      },
      {
        "avgVolume": 228335.71,
        "avgATR": 0.001736,
        "avgReturn": 0.067
      },
      {
        "avgVolume": 293614.79,
        "avgATR": 0.001086,
        "avgReturn": -0.161
      },
      {
        "avgVolume": 629461.08,
        "avgATR": 0.001814,
        "avgReturn": -0.074
      },
      {
        "avgVolume": 840829.66,
        "avgATR": 0.001979,
        "avgReturn": -0.285
      },
      {
        "avgVolume": 598046.1,
        "avgATR": 0.0021,
        "avgReturn": -0.086
      },
      {
        "avgVolume": 862873.81,
        "avgATR": 0.0025,
        "avgReturn": -0.424
      },
      {
        "avgVolume": 485928.03,
        "avgATR": 0.002007,
        "avgReturn": -1.045
      },
      {
        "avgVolume": 1556140.31,
        "avgATR": 0.003657,
        "avgReturn": 1.087
      },
      {
        "avgVolume": 734038.14,
        "avgATR": 0.002057,
        "avgReturn": 0.276
      },
      {
        "avgVolume": 472947.37,
        "avgATR": 0.001743,
        "avgReturn": -0.415
      },
      {
        "avgVolume": 433159.75,
        "avgATR": 0.001714,
        "avgReturn": -0.448
      },
      {
        "avgVolume": 564872.71,
        "avgATR": 0.001736,
        "avgReturn": 0.628
      },
      {
        "avgVolume": 375906.15,
        "avgATR": 0.0018,
        "avgReturn": 0.886
      },
      {
        "avgVolume": 268223.02,
        "avgATR": 0.001643,
        "avgReturn": -0.294
      },
      {
        "avgVolume": 304215.26,
        "avgATR": 0.001321,
        "avgReturn": -0.138
      }
    ],
    "dailyProfile": [
      {
        "avgVolume": 831866.73,
        "avgATR": 0.002983,
        "avgReturn": 0.288
      },
      {
        "avgVolume": 327002.62,
        "avgATR": 0.001627,
        "avgReturn": -0.205
      },
      {
        "avgVolume": 335031.72,
        "avgATR": 0.001515,
        "avgReturn": 0.157
      },
      {
        "avgVolume": 2139987,
        "avgATR": 0.004369,
        "avgReturn": 0.456
      },
      {
        "avgVolume": 425553.06,
        "avgATR": 0.001412,
        "avgReturn": -0.227
      },
      {
        "avgVolume": 139636.49,
        "avgATR": 0.001263,
        "avgReturn": 0.134
      },
      {
        "avgVolume": 81430.78,
        "avgATR": 0.000943,
        "avgReturn": -0.075
      }
    ],
    "favorableHours": [
      16,
      0,
      1,
      2,
      14,
      12
    ],
    "favorableWindow": false,
    "currentVsAvgVolume": 0,
    "currentVsAvgVolatility": 0,
    "anomalyDetected": true,
    "timeUntilFavorable": 1,
    "temporalScore": 0
  },
  "unifiedMicrostructure": {
    "signalDirections": {
      "vpin": "NEUTRAL",
      "sweeps": "NEUTRAL",
      "absorption": "NEUTRAL",
      "arrival": "NEUTRAL",
      "vacuum": "NONE",
      "volRegime": "NEUTRAL",
      "temporal": "UNFAVORABLE"
    },
    "consensusDirection": "BEARISH",
    "consensusStrength": 50,
    "bullishSignals": 0,
    "bearishSignals": 1,
    "neutralSignals": 1,
    "totalAvailableSignals": 2,
    "dominantPattern": "NONE",
    "clusters": {
      "strongBuyCluster": false,
      "distributionPattern": false,
      "accumulationPattern": false,
      "momentumCascade": false
    },
    "adaptiveWeights": {
      "vpin": 0,
      "sweeps": 0,
      "absorption": 0,
      "arrival": 0,
      "vacuum": 0,
      "volRegime": 0.021,
      "temporal": 0.02
    },
    "convictionLevel": "LOW",
    "convictionScore": 30,
    "riskAdjustment": "REDUCE",
    "timingQuality": "UNFAVORABLE",
    "signalQuality": "LOW"
  },
  "deltaAnalysis": {
    "currentDelta": 0,
    "cumulativeDelta": 0,
    "deltaPerVolume": 0,
    "deltaDirection": "NEUTRAL",
    "deltaDivergence": false,
    "institutionalRatio": 0,
    "aggressionScore": 0
  },
  "volumeProfile": {
    "pointOfControl": 0,
    "valueAreaHigh": 0,
    "valueAreaLow": 0,
    "currentPosition": "ABOVE_VALUE_AREA",
    "volumeNodes": [],
    "airPockets": []
  },
  "momentumCascade": {
    "cascadeDetected": false,
    "alignmentScore": 0.0019865384296667335,
    "cascadeStrength": 0,
    "acceleratingTimeframes": [
      "1m",
      "5m"
    ],
    "divergingTimeframes": [
      "15m"
    ]
  },
  "breakoutConfirmation": {
    "breakoutConfirmed": false,
    "volumeConfirmation": false,
    "retestStrength": 0,
    "falseBreakoutRisk": 0,
    "breakoutQuality": "NO_BREAKOUT"
  },
  "liquidityHeatmap": {
    "liquidityScore": 0,
    "magnetDirection": "NONE",
    "magnetStrength": 0,
    "priceTarget5pct": null,
    "message": "No order book data"
  },
  "smartMoneyDivergence": {
    "divergenceDetected": false,
    "divergenceDirection": "NONE",
    "smartMoneyScore": 0.5,
    "message": "Insufficient trade data"
  },
  "microstructure": {
    "raw": -0.034711725030028645,
    "pct": 49,
    "summary": {
      "latestBucketSignedZ": 0,
      "buySellRatio": 0.5,
      "tradesPerSec": 0,
      "vwap": 0,
      "aggressorVWAP": 0,
      "vpinToxicity": "UNKNOWN",
      "sweepDirection": "NEUTRAL",
      "absorptionSide": "NONE",
      "icebergDetected": false,
      "hawkesDirection": "NEUTRAL",
      "cascadeDetected": false,
      "vacuumSide": "NONE",
      "volatilityRegime": "NORMAL",
      "volExpanding": false,
      "favorableTimeWindow": false,
      "temporalAnomaly": true,
      "consensusDirection": "BEARISH",
      "consensusStrength": 50,
      "dominantPattern": "NONE",
      "convictionLevel": "LOW",
      "riskAdjustment": "REDUCE",
      "timingQuality": "UNFAVORABLE",
      "deltaDirection": "NEUTRAL",
      "deltaDivergence": false,
      "institutionalRatio": 0,
      "volumeProfilePosition": "ABOVE_VALUE_AREA",
      "pointOfControl": 0,
      "momentumCascadeDetected": false,
      "cascadeStrength": 0,
      "breakoutQuality": "NO_BREAKOUT",
      "breakoutConfirmed": false,
      "magnetDirection": "NONE",
      "magnetStrength": 0,
      "priceTarget5pct": null,
      "nearestBidWall": 0,
      "nearestAskWall": 0,
      "divergenceDetected": false,
      "divergenceDirection": "NONE",
      "whaleAccumulation": false,
      "whaleDistribution": false,
      "retailPanic": false,
      "smartMoneyScore": 0.5
    }
  }
}

=== MICROSTRUCTURE ALERTS ===

🔬 VPIN: Insufficient data for VPIN analysis

🌊 SWEEP DETECTION: No significant sweeps detected

🧊 ABSORPTION & ICEBERG: No significant absorption or iceberg orders detected

⚡ ORDER ARRIVAL DYNAMICS: Insufficient trades for analysis

🌪️ LIQUIDITY VACUUM: No significant vacuum detected

📊 VOLATILITY REGIME DETECTION:
   Current Regime: NORMAL
   Regime Score: 0.00 (-1=low vol, +1=extreme vol)
   Days in Regime: 1
   ATR: $0.010700 (avg: $0.007627)
   ATR Percentile: 67.1%
   Realized Volatility: 92.99% (annualized)
   Vol Percentile: 35.6%

   ⚪ NORMAL VOLATILITY:
   📊 Balanced market conditions
   ✅ Standard risk management applies

   ⚠️ NEW REGIME: Only 1 day(s) - conditions still settling

⏰ TEMPORAL PATTERN ANALYSIS:
   Current Time: Sunday 13:00 UTC
   Day Bias: NEUTRAL
   Current vs Avg Volume: 0x
   Current vs Avg Volatility: 0x

   ⏳ NON-FAVORABLE TIME WINDOW:
   This hour typically shows weaker activity
   Next favorable window in 1 hour(s)

   ⚠️ LOW ACTIVITY ANOMALY:
   Volume 0x below typical - Extremely quiet

   📉 LOW VOLATILITY ANOMALY:
   Volatility 0x below typical - Consolidation likely

   🔥 Best Trading Hours (UTC): 16:00, 0:00, 1:00

🎯 UNIFIED MICROSTRUCTURE INTEGRATION:
   Signal Consensus: BEARISH (50% agreement)
   Available Signals: 2 (0 bullish / 1 bearish / 1 neutral)
   Conviction Level: LOW (30%)
   Signal Quality: LOW
   Risk Adjustment: REDUCE
   Timing Quality: UNFAVORABLE

   ⚠️ LOW CONVICTION: Only 50% signal agreement
   Weak alignment - Reduce position size or wait for clarity

   ⚠️ RISK REDUCTION RECOMMENDED: Extreme volatility or unfavorable timing detected

   ⏰ UNFAVORABLE TIMING: Avoid trading during this hour

   Signal Directions Breakdown:
   • VPIN: NEUTRAL
   • Sweeps: NEUTRAL
   • Absorption: NEUTRAL
   • Arrival Dynamics: NEUTRAL
   • Liquidity Vacuum: NONE
   • Vol Regime: NEUTRAL
   • Temporal: UNFAVORABLE

   Adaptive Weights (Total: 4.1%):
   • VPIN: 0.0%
   • Sweeps: 0.0%
   • Absorption: 0.0%
   • Arrival: 0.0%
   • Vacuum: 0.0%
   • Vol Regime: 2.1%
   • Temporal: 2.0%


💹 DELTA ANALYSIS (Order Flow Aggression):
   Direction: NEUTRAL
   Delta Per Volume: 0.00%
   Institutional Ratio: 0.0%
   Aggression Score: 0.0%

📊 VOLUME PROFILE (Support/Resistance Strength):
   Point of Control (POC): $0.000000
   Value Area High: $0.000000
   Value Area Low: $0.000000
   Current Position: ABOVE_VALUE_AREA
   ⚠️ DISTRIBUTION RISK: Price above value area - potential rejection zone

⚡ MOMENTUM CASCADE (Multi-Timeframe Alignment):
   Cascade Detected: NO
   Alignment Score: 0.2%
   Cascade Strength: 0.0%
   Accelerating: 1m, 5m
   Diverging: 15m

💥 BREAKOUT CONFIRMATION:
   Quality: NO_BREAKOUT
   Volume Confirmation: NO
   Retest Strength: 0.0%
   False Breakout Risk: 0.0%
   No breakout detected - price below resistance


levels:
Entry=0.0852292, StopLoss=0.082672324, TakeProfit=0.08531403000000001, 0.08539886, 0.08546672399999998

---

=== Token: XCN (XCN) ===
Contract: XCN-USD
Timestamp: 2025-09-16T12:15:00.000Z

Calculations:
{
  "momentumScore": 42.31725327812207,
  "volumeScore": 21.631558260508115,
  "patternScore": 58.42737943023284,
  "totalScore": 32.290891687113906,
  "finalScore": 32.290891687113906,
  "weights": "0.23,0.45,0.23",
  "hourlyUptrend": true,
  "rsi": 80.95238095238142,
  "ultraShortVolumeSurge": 0.9330463860452289,
  "baseVolumeSurge": 0.009629700828520125,
  "currentPrice": 0.01125,
  "resistance": 0.01127,
  "support": 0.01108,
  "rocMin5": 0.005361930294906103,
  "shortROC": 0.006261180679785231,
  "priceAcceleration": 0.0013418814076585598,
  "buySellRatio": 0.09911270287351982,
  "macdHistogram": -0.000015044499178962605,
  "stochasticK": 78.94736842105267,
  "atr": 0.00002857142857142877,
  "bbUpper": 0.011257259550888908,
  "bbLower": 0.011106740449111094,
  "hammerDetected": false,
  "engulfingDetected": false,
  "compressionSpring": {
    "detected": true,
    "confidence": 77,
    "signals": {
      "sidewaysPrice": true,
      "atrCompression": true,
      "bbSqueeze": true,
      "consolidationTime": true,
      "strongBuying": false,
      "obvPositive": false,
      "chaikinPositive": false,
      "rsiNeutral": true,
      "volumeBuilding": true
    },
    "metrics": {
      "priceRange": 1.71,
      "atrRatio": 0.597,
      "bbWidth": 1.35,
      "volumeRatio": 1.217,
      "signalCount": 6,
      "buySellRatio": 0.099
    }
  },
  "riskTier": "LOW",
  "atrPercent": 0.438095238095239,
  "distanceToResistance": 0.17777777777778597,
  "slPercent": 2.5,
  "tpPercent": 0.15111111111111808,
  "trailingActivation": 0.09066666666667085,
  "shortMomentumScore": 0,
  "overboughtScore": 0,
  "shortPatternScore": 0,
  "shootingStarDetected": false,
  "bearishEngulfingDetected": false,
  "eveningStarDetected": false,
  "bearishPatternsCount": 0,
  "shortTotalScore": 0,
  "chaikin": 0.10922126438833911,
  "obvIncreasing": false,
  "obvTrend": "declining",
  "adx": 9.677419354838781,
  "recentCandles": {
    "redCount": 0,
    "greenCount": 10
  },
  "resistanceDistance": 0.17777777777778597,
  "multiplePatterns": false,
  "bullishPattern": false,
  "priceAboveVWAP": true,
  "breakingResistance": true,
  "atrSufficient": false,
  "macdDivergenceBearish": false,
  "rvolMin1": -0.25273742403359256,
  "rvolMin5": -0.09611917339693744,
  "atrPercentileOld": 0.18292682926829268,
  "vwapDeviation": 0.35616236652505384,
  "bbWidthPercent": 1.3460839007137686,
  "bbSqueeze": true,
  "multiTFMomentum": {
    "min1": {
      "roc1": 0.0017889087656528786,
      "roc3": 0.0017889087656528786
    },
    "min5": {
      "roc1": 0.006261180679785231,
      "roc3": 0.005361930294906103
    },
    "min15": {
      "roc1": 0.004472271914132352,
      "roc3": 0.004472271914132352
    },
    "hourly": {
      "roc1": 0.008042895442359232,
      "roc3": 0.006244424620874275
    },
    "fourHour": {
      "roc1": 0.005347593582887637,
      "roc3": 0.01897018970189703
    },
    "divergenceShortUpLongDown": false
  },
  "returnZMin5": 3.1980281602168596,
  "wickClosePct": 0.8571428571428606,
  "wickUpper": 0.000009999999999999593,
  "wickLower": 0,
  "wickRatio": 0.16666666666666186,
  "donchianBreakout15": false,
  "bbWidthPercentile15": 0.12987012987012986,
  "signedMin5": 2573649.3,
  "signedMin5Z": 7.249078854285077,
  "signedMin1": -736190.2999999993,
  "signedMin1Z": -3.847531025443683,
  "streakMin1": {
    "upStreak": 1,
    "downStreak": 0
  },
  "streakMin5": {
    "upStreak": 1,
    "downStreak": 0
  },
  "rvolPercentileMin1": 0.17291666666666666,
  "rvolPercentileMin5": 0.7291666666666666,
  "perTfMetrics": {
    "min1": {
      "sma20": 0.0111815,
      "sma50": 0.0111582,
      "ema20": 0.011180372401444953,
      "ema50": 0.011172044828554686,
      "vwma20": 0.011177262246230588,
      "hma21": 0.011184502164502166,
      "atr14": 0.000015714285714285817,
      "atrPercentile": 0.3464249748237664,
      "rvolZ": -0.25273742403359256,
      "rvolPercentile": 0.17291666666666666,
      "mfi14": 27.225098396095888,
      "ppo": {
        "ppo": 0.05461434523256625,
        "signal": 0.056086813014250565,
        "histogram": -0.0014724677816843126
      },
      "stochRsi": {
        "k": 100,
        "d": 55.36130536130546
      },
      "vprofile": {
        "vpBins": [
          0.0002868548431243298,
          0.0052084712107220875,
          0.002640769993983205,
          0.022584196493201786,
          0,
          0.008248723781934498,
          0.11967699947019145,
          0.020990346356784775,
          0.03320011657464592,
          0.049258874472512294,
          0.18602486416693984,
          0.05678918843227823,
          0.11090114734750153,
          0.0696183288356107,
          0.14074796105170645,
          0.1080182696499011,
          0.04263571387416766,
          0.011420133310989457,
          0.004101913455663243,
          0.007647126678141259
        ],
        "currentBinShare": 0.14074796105170645
      },
      "ttm": {
        "squeeze": false,
        "release": true,
        "widthPct": 0.28337842897205895
      }
    },
    "min5": {
      "sma20": 0.0111625,
      "sma50": 0.011184200000000002,
      "ema20": 0.011180339892402231,
      "ema50": 0.011173456025467975,
      "vwma20": 0.011166415164794125,
      "hma21": 0.011221255411255413,
      "atr14": 0.00002857142857142877,
      "atrPercentile": 0.35036496350364965,
      "rvolZ": -0.09611917339693744,
      "rvolPercentile": 0.7291666666666666,
      "mfi14": 84.759736440945,
      "ppo": {
        "ppo": 0.09531640989279949,
        "signal": 0.01944294659480774,
        "histogram": 0.07587346329799174
      },
      "stochRsi": {
        "k": 97.39583333333324,
        "d": 78.87955182072882
      },
      "vprofile": {
        "vpBins": [
          0.04825793557160123,
          0.020757595758623414,
          0.1942649941252003,
          0.11903130327986253,
          0.05157497918725849,
          0.05646478444066916,
          0.10069138787722642,
          0.08019903550647363,
          0.09133475887090056,
          0.09794221157298086,
          0.00708331675231573,
          0,
          0.030464242991583942,
          0.04508012286048692,
          0.029098862789374808,
          0,
          0,
          0,
          0.027754468415441953,
          0
        ],
        "currentBinShare": 0.09133475887090056
      },
      "ttm": {
        "squeeze": false,
        "release": true,
        "widthPct": 1.4010923262367798
      }
    },
    "min15": {
      "sma20": 0.011182000000000001,
      "sma50": 0.011131199999999994,
      "ema20": 0.011171975469228239,
      "ema50": 0.011169796807809818,
      "vwma20": 0.011180672045314997,
      "hma21": 0.011149480519480523,
      "atr14": 0.000049285714285714384,
      "atrPercentile": 0.18292682926829268,
      "rvolZ": -0.40362961449765455,
      "rvolPercentile": 0.4791666666666667,
      "mfi14": 35.01675482398552,
      "ppo": {
        "ppo": 0.07721106732834485,
        "signal": 0.055570846436149776,
        "histogram": 0.02164022089219507
      },
      "stochRsi": {
        "k": 62.232610851395364,
        "d": 46.5057817998994
      },
      "vprofile": {
        "vpBins": [
          0.014940183696628079,
          0.0015385751596255026,
          0.061298691332003344,
          0.1199806592125193,
          0.15041457450920107,
          0.15761795743066162,
          0.0851850487258634,
          0.09252641506917453,
          0.07146090650203099,
          0.05410999954744182,
          0.09278902583551946,
          0.00312311035546816,
          0.022268651492464517,
          0.02011955773630106,
          0.03097333754484037,
          0,
          0,
          0,
          0.02165330585025694,
          0
        ],
        "currentBinShare": 0.07146090650203099
      },
      "ttm": {
        "squeeze": false,
        "release": false,
        "widthPct": 1.3460839007137686
      }
    },
    "hourly": {
      "sma20": 0.011163000000000001,
      "sma50": 0.0113874,
      "ema20": 0.011205906060102622,
      "ema50": 0.011373208306327775,
      "vwma20": 0.011153547255871959,
      "hma21": 0.011150043290043293,
      "atr14": 0.00011642857142857139,
      "atrPercentile": 0.48757763975155277,
      "rvolZ": -0.39221219051933104,
      "rvolPercentile": 0.2619047619047619,
      "mfi14": 22.01625228974862,
      "ppo": {
        "ppo": -0.4929280123578225,
        "signal": -0.769403146046557,
        "histogram": 0.2764751336887345
      },
      "stochRsi": {
        "k": 89.93055555555529,
        "d": 43.6828753620264
      },
      "vprofile": {
        "vpBins": [
          0.046980534148273724,
          0.060239651778662716,
          0.12738480103614344,
          0.06620255747731404,
          0.08018966739885332,
          0.05611347047183544,
          0.05431466463066137,
          0.025828217370587422,
          0.048057832806944284,
          0.01848027466275997,
          0.014505676459649956,
          0.021870518916397397,
          0.07779733587774008,
          0.023285552091294782,
          0.16058793466891438,
          0.06340422945303453,
          0,
          0.05475708075093321,
          0,
          0
        ],
        "currentBinShare": 0.05611347047183544
      },
      "ttm": {
        "squeeze": false,
        "release": false,
        "widthPct": 3.260772193854696
      }
    },
    "fourHour": {
      "sma20": 0.011684,
      "sma50": 0.011231999999999997,
      "ema20": 0.011419810742099516,
      "ema50": 0.011274671461817756,
      "vwma20": 0.011796346610920758,
      "hma21": 0.010870692640692639,
      "atr14": 0.00035428571428571437,
      "atrPercentile": 0.7142857142857143,
      "rvolZ": -0.4883689681403668,
      "rvolPercentile": 0.14285714285714285,
      "mfi14": 32.53098092706051,
      "ppo": {
        "ppo": -0.5886619217291891,
        "signal": 0.2310805861529334,
        "histogram": -0.8197425078821224
      },
      "stochRsi": {
        "k": 29.02229320141042,
        "d": 28.187925983210864
      },
      "vprofile": {
        "vpBins": [
          0.060138680154082795,
          0.08837236888975003,
          0.1734817024059985,
          0.11436001423267125,
          0.01686123423471784,
          0.11655013001266656,
          0.02063459888622883,
          0.004103441205070671,
          0.028713455533809672,
          0.025785986888889195,
          0.03496778855386968,
          0.005760680941753923,
          0.045504633202940376,
          0.08305715131502442,
          0.18170813354252624,
          0,
          0,
          0,
          0,
          0
        ],
        "currentBinShare": 0.02063459888622883
      },
      "ttm": {
        "squeeze": false,
        "release": false,
        "widthPct": 16.565706391227078
      }
    },
    "daily": {
      "sma20": 0.011062,
      "sma50": 0.012504399999999997,
      "ema20": 0.011459771032178316,
      "ema50": 0.0123822152761326,
      "vwma20": 0,
      "hma21": 0.01138021645021645,
      "atr14": 0.0007914285714285716,
      "atrPercentile": 0.21052631578947367,
      "rvolZ": 0,
      "rvolPercentile": 1,
      "mfi14": 50,
      "ppo": {
        "ppo": -2.103442554217927,
        "signal": -3.863087278255031,
        "histogram": 1.7596447240371043
      },
      "stochRsi": {
        "k": 76.4120375214345,
        "d": 58.15181191272806
      },
      "vprofile": {
        "vpBins": [
          0,
          0,
          0,
          0,
          0,
          0,
          0,
          0,
          0,
          0,
          0,
          0,
          0,
          0,
          0,
          0,
          0,
          0,
          0,
          0
        ],
        "currentBinShare": 0
      },
      "ttm": {
        "squeeze": false,
        "release": false,
        "widthPct": 23.91545422739226
      }
    }
  },
  "smaMin5": 0.0111625,
  "emaMin5": 0.011180339892402231,
  "vwmaMin5": 0.011166415164794125,
  "hmaMin5": 0.011221255411255413,
  "keltner15": {
    "upper": 0.011252975469228238,
    "middle": 0.011171975469228239,
    "lower": 0.011090975469228239
  },
  "superTrend15": {
    "isBull": true,
    "finalUpper": 0.011392000000000001,
    "finalLower": 0.011068
  },
  "mfi15": 35.01675482398552,
  "stochRsi15": {
    "k": 62.232610851395364,
    "d": 46.5057817998994
  },
  "ppo15": {
    "ppo": 0.07721106732834485,
    "signal": 0.055570846436149776,
    "histogram": 0.02164022089219507
  },
  "vpMin15": {
    "vpBins": [
      0.014940183696628079,
      0.0015385751596255026,
      0.061298691332003344,
      0.1199806592125193,
      0.15041457450920107,
      0.15761795743066162,
      0.0851850487258634,
      0.09252641506917453,
      0.07146090650203099,
      0.05410999954744182,
      0.09278902583551946,
      0.00312311035546816,
      0.022268651492464517,
      0.02011955773630106,
      0.03097333754484037,
      0,
      0,
      0,
      0.02165330585025694,
      0
    ],
    "currentBinShare": 0.07146090650203099
  },
  "ttm15": {
    "squeeze": false,
    "release": false,
    "widthPct": 1.3460839007137686
  },
  "marketCorrelation": {
    "hourly": {
      "btcCorrelation": 0,
      "ethCorrelation": 0,
      "btcBeta": 1,
      "ethBeta": 1,
      "btcTrend": "UNKNOWN",
      "ethTrend": "UNKNOWN",
      "tokenVol": 0,
      "btcVol": 0,
      "ethVol": 0,
      "marketDependence": 0,
      "verdict": "INSUFFICIENT_DATA"
    },
    "min15": {
      "btcCorrelation": 0,
      "ethCorrelation": 0,
      "btcBeta": 1,
      "ethBeta": 1,
      "btcTrend": "UNKNOWN",
      "ethTrend": "UNKNOWN",
      "tokenVol": 0,
      "btcVol": 0,
      "ethVol": 0,
      "marketDependence": 0,
      "verdict": "INSUFFICIENT_DATA"
    },
    "daily": {
      "btcCorrelation": 0,
      "ethCorrelation": 0,
      "btcBeta": 1,
      "ethBeta": 1,
      "btcTrend": "UNKNOWN",
      "ethTrend": "UNKNOWN",
      "tokenVol": 0,
      "btcVol": 0,
      "ethVol": 0,
      "marketDependence": 0,
      "verdict": "INSUFFICIENT_DATA"
    }
  },
  "tradeTape": {
    "totalTrades": 0,
    "totalVolume": 0,
    "buysVolume": 0,
    "sellsVolume": 0,
    "buySellRatio": 0.5,
    "vwap": 0,
    "signedVolume": 0,
    "avgTradeSize": 0,
    "tradesPerSec": 0,
    "cumulativeDelta": 0,
    "tradesLast1m": 0,
    "tradesLast5m": 0,
    "tradesLast15m": 0,
    "tradesLast1h": 0,
    "buyVWAP": 0,
    "sellVWAP": 0,
    "aggressorVWAP": 0,
    "bucketDurationMs": 60000,
    "bucketCount": 15,
    "bucketSignedVolumes": [],
    "bucketVolumes": [],
    "bucketVWAPs": [],
    "latestBucketSignedZ": 0
  },
  "enhancedMetrics": {
    "relativeVolumeZScore": -1,
    "volumePercentile": 40,
    "atrPercentile": 35.03649635036496,
    "volatilityPercentile": 62.34177215189873,
    "relativeVolatilityRatio": 0.8105818669427439,
    "isHighVolume": false,
    "isHighVolatility": false,
    "isLowVolatility": false,
    "isExpandingVolatility": false,
    "isContractingVolatility": false
  },
  "orderBook": {
    "bidAskSpread": 0,
    "spreadPct": 0,
    "midPrice": 0,
    "bestBid": 0,
    "bestAsk": 0,
    "bidDepth": 0,
    "askDepth": 0,
    "orderBookImbalance": 0,
    "liquidityScore": 0,
    "depthAt1Pct": {
      "bidVolume": 0,
      "askVolume": 0,
      "imbalance": 0
    },
    "depthAt2Pct": {
      "bidVolume": 0,
      "askVolume": 0,
      "imbalance": 0
    },
    "depthAt5Pct": {
      "bidVolume": 0,
      "askVolume": 0,
      "imbalance": 0
    },
    "weightedMidPrice": 0,
    "volumeWeightedSpread": 0,
    "totalBidLevels": 0,
    "totalAskLevels": 0
  },
  "marketCap": {
    "marketCap": 0,
    "totalVolume24h": 0,
    "volumeToMarketCapRatio": 0,
    "marketCapRank": 0,
    "normalizedRank": 0,
    "isHighLiquidity": false,
    "isVeryHighLiquidity": false,
    "isLowLiquidity": true,
    "liquidityTier": "VERY_LOW"
  },
  "sweeps": {
    "sweepScore": 0,
    "sweepCount": 0,
    "sweepDirection": "NEUTRAL",
    "buySweeps": 0,
    "sellSweeps": 0,
    "avgSweepSize": 0,
    "avgSweepIntensity": 0,
    "bidLiftRatio": 0,
    "askLiftRatio": 0,
    "sweepFrequency": 0,
    "largestSweep": null,
    "recentSweepClusters": 0,
    "sweepDetails": []
  },
  "absorption": {
    "absorptionScore": 0,
    "absorptionLevel": null,
    "absorptionSide": "NONE",
    "icebergProbability": 0,
    "hiddenLiquidityEstimate": 0,
    "volumeAtPrice": {},
    "topAbsorptionLevels": [],
    "persistenceDuration": 0,
    "refillDetected": false
  },
  "orderArrival": {
    "avgInterArrivalTime": 0,
    "recentInterArrivalTime": 0,
    "accelerationRatio": 1,
    "hawkesIntensity": 0,
    "hawkesDirection": "NEUTRAL",
    "clusteringScore": 0,
    "burstCount": 0,
    "cascadeDetected": false,
    "timeToNextTrade": 0,
    "accelerationTrend": "STABLE"
  },
  "liquidityVacuum": {
    "vacuumScore": 0,
    "vacuumSide": "NONE",
    "bidVacuumSeverity": 0,
    "askVacuumSeverity": 0,
    "depthConcentration": 0,
    "priceImpact10k": 0,
    "priceImpact50k": 0,
    "priceImpact100k": 0,
    "largestGapBid": 0,
    "largestGapAsk": 0,
    "avgGapBid": 0,
    "avgGapAsk": 0,
    "bidCliffDistance": 0,
    "askCliffDistance": 0
  },
  "volatilityRegime": {
    "regime": "NORMAL",
    "regimeScore": 0,
    "currentATR": 0.000803,
    "avgATR": 0.000926,
    "atrPercentile": 25,
    "realizedVolatility": 77.73,
    "volPercentile": 61,
    "expanding": false,
    "contracting": true,
    "transitionProbability": 0.7,
    "daysInRegime": 1,
    "regimeStrength": 0.3
  },
  "temporalPatterns": {
    "currentHour": 13,
    "currentDay": 0,
    "currentDayName": "Sunday",
    "dayBias": "NEUTRAL",
    "hourlyProfile": [
      {
        "avgVolume": 11508302.4,
        "avgATR": 0.000163,
        "avgReturn": -0.593
      },
      {
        "avgVolume": 12228631.3,
        "avgATR": 0.000139,
        "avgReturn": 0.122
      },
      {
        "avgVolume": 9089074.61,
        "avgATR": 0.000106,
        "avgReturn": -0.112
      },
      {
        "avgVolume": 6720474.2,
        "avgATR": 0.0001,
        "avgReturn": 0.192
      },
      {
        "avgVolume": 6880408.06,
        "avgATR": 0.000106,
        "avgReturn": -0.107
      },
      {
        "avgVolume": 11509983.31,
        "avgATR": 0.000147,
        "avgReturn": 0.098
      },
      {
        "avgVolume": 7766232.47,
        "avgATR": 0.000133,
        "avgReturn": -0.335
      },
      {
        "avgVolume": 5534860.89,
        "avgATR": 0.000119,
        "avgReturn": 0.429
      },
      {
        "avgVolume": 6066610.97,
        "avgATR": 0.000109,
        "avgReturn": -0.283
      },
      {
        "avgVolume": 4712604.27,
        "avgATR": 0.000091,
        "avgReturn": 0.129
      },
      {
        "avgVolume": 4685828.41,
        "avgATR": 0.000104,
        "avgReturn": -0.253
      },
      {
        "avgVolume": 5267423.79,
        "avgATR": 0.000119,
        "avgReturn": 0.158
      },
      {
        "avgVolume": 8992779.92,
        "avgATR": 0.000139,
        "avgReturn": 0.242
      },
      {
        "avgVolume": 11839121.83,
        "avgATR": 0.000172,
        "avgReturn": 0.032
      },
      {
        "avgVolume": 12091109.98,
        "avgATR": 0.000173,
        "avgReturn": -0.383
      },
      {
        "avgVolume": 11851776.83,
        "avgATR": 0.000139,
        "avgReturn": -0.448
      },
      {
        "avgVolume": 12334880.36,
        "avgATR": 0.000149,
        "avgReturn": 0.119
      },
      {
        "avgVolume": 7678745.62,
        "avgATR": 0.00011,
        "avgReturn": -0.124
      },
      {
        "avgVolume": 9792901.31,
        "avgATR": 0.000122,
        "avgReturn": 0.011
      },
      {
        "avgVolume": 7839083.65,
        "avgATR": 0.000108,
        "avgReturn": -0.112
      },
      {
        "avgVolume": 10369544.13,
        "avgATR": 0.000164,
        "avgReturn": 0.468
      },
      {
        "avgVolume": 16764272.71,
        "avgATR": 0.00021,
        "avgReturn": 0.957
      },
      {
        "avgVolume": 16156513.25,
        "avgATR": 0.000176,
        "avgReturn": 0.337
      },
      {
        "avgVolume": 26614947.28,
        "avgATR": 0.000219,
        "avgReturn": -0.054
      }
    ],
    "dailyProfile": [
      {
        "avgVolume": 6652868.36,
        "avgATR": 0.000122,
        "avgReturn": -0.103
      },
      {
        "avgVolume": 11074251.01,
        "avgATR": 0.000146,
        "avgReturn": -0.01
      },
      {
        "avgVolume": 9471240.88,
        "avgATR": 0.000144,
        "avgReturn": -0.02
      },
      {
        "avgVolume": 6145765.24,
        "avgATR": 0.000096,
        "avgReturn": 0.081
      },
      {
        "avgVolume": 4985173.84,
        "avgATR": 0.000099,
        "avgReturn": -0.079
      },
      {
        "avgVolume": 19409671.26,
        "avgATR": 0.000201,
        "avgReturn": 0.396
      },
      {
        "avgVolume": 13464731.1,
        "avgATR": 0.000159,
        "avgReturn": -0.123
      }
    ],
    "favorableHours": [
      23,
      21,
      22,
      16,
      1,
      14
    ],
    "favorableWindow": false,
    "currentVsAvgVolume": 0,
    "currentVsAvgVolatility": 0,
    "anomalyDetected": true,
    "timeUntilFavorable": 1,
    "temporalScore": 0
  },
  "unifiedMicrostructure": {
    "signalDirections": {
      "vpin": "NEUTRAL",
      "sweeps": "NEUTRAL",
      "absorption": "NEUTRAL",
      "arrival": "NEUTRAL",
      "vacuum": "NONE",
      "volRegime": "NEUTRAL",
      "temporal": "UNFAVORABLE"
    },
    "consensusDirection": "BEARISH",
    "consensusStrength": 50,
    "bullishSignals": 0,
    "bearishSignals": 1,
    "neutralSignals": 1,
    "totalAvailableSignals": 2,
    "dominantPattern": "NONE",
    "clusters": {
      "strongBuyCluster": false,
      "distributionPattern": false,
      "accumulationPattern": false,
      "momentumCascade": false
    },
    "adaptiveWeights": {
      "vpin": 0,
      "sweeps": 0,
      "absorption": 0,
      "arrival": 0,
      "vacuum": 0,
      "volRegime": 0.021,
      "temporal": 0.02
    },
    "convictionLevel": "LOW",
    "convictionScore": 30,
    "riskAdjustment": "REDUCE",
    "timingQuality": "UNFAVORABLE",
    "signalQuality": "LOW"
  },
  "deltaAnalysis": {
    "currentDelta": 0,
    "cumulativeDelta": 0,
    "deltaPerVolume": 0,
    "deltaDirection": "NEUTRAL",
    "deltaDivergence": false,
    "institutionalRatio": 0,
    "aggressionScore": 0
  },
  "volumeProfile": {
    "pointOfControl": 0,
    "valueAreaHigh": 0,
    "valueAreaLow": 0,
    "currentPosition": "ABOVE_VALUE_AREA",
    "volumeNodes": [],
    "airPockets": []
  },
  "momentumCascade": {
    "cascadeDetected": false,
    "alignmentScore": 0.005370466461843036,
    "cascadeStrength": 0,
    "acceleratingTimeframes": [
      "1m",
      "5m",
      "15m"
    ],
    "divergingTimeframes": [
      "1h"
    ]
  },
  "breakoutConfirmation": {
    "breakoutConfirmed": false,
    "volumeConfirmation": false,
    "retestStrength": 0,
    "falseBreakoutRisk": 0,
    "breakoutQuality": "NO_BREAKOUT"
  },
  "liquidityHeatmap": {
    "liquidityScore": 0,
    "magnetDirection": "NONE",
    "magnetStrength": 0,
    "priceTarget5pct": null,
    "message": "No order book data"
  },
  "smartMoneyDivergence": {
    "divergenceDetected": false,
    "divergenceDirection": "NONE",
    "smartMoneyScore": 0.5,
    "message": "Insufficient trade data"
  },
  "microstructure": {
    "raw": -0.011085188949459486,
    "pct": 50,
    "summary": {
      "latestBucketSignedZ": 0,
      "buySellRatio": 0.5,
      "tradesPerSec": 0,
      "vwap": 0,
      "aggressorVWAP": 0,
      "vpinToxicity": "UNKNOWN",
      "sweepDirection": "NEUTRAL",
      "absorptionSide": "NONE",
      "icebergDetected": false,
      "hawkesDirection": "NEUTRAL",
      "cascadeDetected": false,
      "vacuumSide": "NONE",
      "volatilityRegime": "NORMAL",
      "volExpanding": false,
      "favorableTimeWindow": false,
      "temporalAnomaly": true,
      "consensusDirection": "BEARISH",
      "consensusStrength": 50,
      "dominantPattern": "NONE",
      "convictionLevel": "LOW",
      "riskAdjustment": "REDUCE",
      "timingQuality": "UNFAVORABLE",
      "deltaDirection": "NEUTRAL",
      "deltaDivergence": false,
      "institutionalRatio": 0,
      "volumeProfilePosition": "ABOVE_VALUE_AREA",
      "pointOfControl": 0,
      "momentumCascadeDetected": false,
      "cascadeStrength": 0,
      "breakoutQuality": "NO_BREAKOUT",
      "breakoutConfirmed": false,
      "magnetDirection": "NONE",
      "magnetStrength": 0,
      "priceTarget5pct": null,
      "nearestBidWall": 0,
      "nearestAskWall": 0,
      "divergenceDetected": false,
      "divergenceDirection": "NONE",
      "whaleAccumulation": false,
      "whaleDistribution": false,
      "retailPanic": false,
      "smartMoneyScore": 0.5
    }
  }
}

=== MICROSTRUCTURE ALERTS ===

🔬 VPIN: Insufficient data for VPIN analysis

🌊 SWEEP DETECTION: No significant sweeps detected

🧊 ABSORPTION & ICEBERG: No significant absorption or iceberg orders detected

⚡ ORDER ARRIVAL DYNAMICS: Insufficient trades for analysis

🌪️ LIQUIDITY VACUUM: No significant vacuum detected

📊 VOLATILITY REGIME DETECTION:
   Current Regime: NORMAL
   Regime Score: 0.00 (-1=low vol, +1=extreme vol)
   Days in Regime: 1
   ATR: $0.000803 (avg: $0.000926)
   ATR Percentile: 25.0%
   Realized Volatility: 77.73% (annualized)
   Vol Percentile: 61.0%

   ⚪ NORMAL VOLATILITY:
   📊 Balanced market conditions
   ✅ Standard risk management applies

   📉 VOLATILITY CONTRACTING:
   🔄 Consolidation phase - accumulation likely
   ⏳ Wait for expansion before entering

   ⚠️ HIGH REGIME TRANSITION PROBABILITY: 70%
   Market near regime boundary - expect volatility shift soon

   ⚠️ NEW REGIME: Only 1 day(s) - conditions still settling

⏰ TEMPORAL PATTERN ANALYSIS:
   Current Time: Sunday 13:00 UTC
   Day Bias: NEUTRAL
   Current vs Avg Volume: 0x
   Current vs Avg Volatility: 0x

   ⏳ NON-FAVORABLE TIME WINDOW:
   This hour typically shows weaker activity
   Next favorable window in 1 hour(s)

   ⚠️ LOW ACTIVITY ANOMALY:
   Volume 0x below typical - Extremely quiet

   📉 LOW VOLATILITY ANOMALY:
   Volatility 0x below typical - Consolidation likely

   🔥 Best Trading Hours (UTC): 23:00, 21:00, 22:00

🎯 UNIFIED MICROSTRUCTURE INTEGRATION:
   Signal Consensus: BEARISH (50% agreement)
   Available Signals: 2 (0 bullish / 1 bearish / 1 neutral)
   Conviction Level: LOW (30%)
   Signal Quality: LOW
   Risk Adjustment: REDUCE
   Timing Quality: UNFAVORABLE

   ⚠️ LOW CONVICTION: Only 50% signal agreement
   Weak alignment - Reduce position size or wait for clarity

   ⚠️ RISK REDUCTION RECOMMENDED: Extreme volatility or unfavorable timing detected

   ⏰ UNFAVORABLE TIMING: Avoid trading during this hour

   Signal Directions Breakdown:
   • VPIN: NEUTRAL
   • Sweeps: NEUTRAL
   • Absorption: NEUTRAL
   • Arrival Dynamics: NEUTRAL
   • Liquidity Vacuum: NONE
   • Vol Regime: NEUTRAL
   • Temporal: UNFAVORABLE

   Adaptive Weights (Total: 4.1%):
   • VPIN: 0.0%
   • Sweeps: 0.0%
   • Absorption: 0.0%
   • Arrival: 0.0%
   • Vacuum: 0.0%
   • Vol Regime: 2.1%
   • Temporal: 2.0%


💹 DELTA ANALYSIS (Order Flow Aggression):
   Direction: NEUTRAL
   Delta Per Volume: 0.00%
   Institutional Ratio: 0.0%
   Aggression Score: 0.0%

📊 VOLUME PROFILE (Support/Resistance Strength):
   Point of Control (POC): $0.000000
   Value Area High: $0.000000
   Value Area Low: $0.000000
   Current Position: ABOVE_VALUE_AREA
   ⚠️ DISTRIBUTION RISK: Price above value area - potential rejection zone

⚡ MOMENTUM CASCADE (Multi-Timeframe Alignment):
   Cascade Detected: NO
   Alignment Score: 0.5%
   Cascade Strength: 0.0%
   Accelerating: 1m, 5m, 15m
   Diverging: 1h

💥 BREAKOUT CONFIRMATION:
   Quality: NO_BREAKOUT
   Volume Confirmation: NO
   Retest Strength: 0.0%
   False Breakout Risk: 0.0%
   No breakout detected - price below resistance


levels:
Entry=0.0112275, StopLoss=0.0109468125, TakeProfit=0.011235983, 0.011244466000000002, 0.0112512524

---
