
=== Token: BNKR (BNKR) ===
Contract: BNKR-USD
Timestamp: 2025-12-20T15:00:00.000Z

Calculations:
{
  "momentumScore": 26.195378151260513,
  "volumeScore": 38.529411764705806,
  "patternScore": 86.10459746144777,
  "totalScore": 42.59375068843314,
  "finalScore": 42.59375068843314,
  "weights": "0.23,0.45,0.23",
  "hourlyUptrend": false,
  "rsi": 56.00000000000005,
  "ultraShortVolumeSurge": 0.3593509922065735,
  "baseVolumeSurge": 0.021265710836301844,
  "currentPrice": 0.000168,
  "resistance": 0.00017,
  "support": 0.000164,
  "rocMin5": 0.002386634844868631,
  "shortROC": 0.01022248947684899,
  "priceAcceleration": 0.0006151574558976385,
  "buySellRatio": 0.738413518088054,
  "macdHistogram": -9.774462711647108e-8,
  "stochasticK": 58.82352941176452,
  "atr": 0.000001328571428571426,
  "bbUpper": 0.00017158526217596218,
  "bbLower": 0.00016481473782403787,
  "hammerDetected": true,
  "engulfingDetected": false,
  "compressionSpring": {
    "detected": true,
    "confidence": 77,
    "signals": {
      "sidewaysPrice": true,
      "atrCompression": true,
      "bbSqueeze": true,
      "consolidationTime": true,
      "strongBuying": true,
      "obvPositive": false,
      "chaikinPositive": false,
      "rsiNeutral": true,
      "volumeBuilding": false
    },
    "metrics": {
      "priceRange": 4.02,
      "atrRatio": 0.587,
      "bbWidth": 4.03,
      "volumeRatio": 0.53,
      "signalCount": 6,
      "buySellRatio": 0.738
    }
  },
  "riskTier": "MEDIUM",
  "atrPercent": 1.258503401360546,
  "distanceToResistance": 1.1904761904762033,
  "slPercent": 3,
  "tpPercent": 1.0119047619047727,
  "trailingActivation": 0.6071428571428636,
  "shortMomentumScore": 25,
  "overboughtScore": 0,
  "shortPatternScore": 0,
  "shootingStarDetected": false,
  "bearishEngulfingDetected": false,
  "eveningStarDetected": false,
  "bearishPatternsCount": 0,
  "shortTotalScore": 10,
  "chaikin": -0.11989212446914896,
  "obvIncreasing": false,
  "obvTrend": "declining",
  "adx": 14.285714285714363,
  "recentCandles": {
    "redCount": 6,
    "greenCount": 4
  },
  "resistanceDistance": 1.1904761904762033,
  "multiplePatterns": false,
  "bullishPattern": true,
  "priceAboveVWAP": true,
  "breakingResistance": false,
  "atrSufficient": true,
  "macdDivergenceBearish": false,
  "rvolMin1": -0.3880231943582469,
  "rvolMin5": -0.35531779509730743,
  "atrPercentileOld": 0.18292682926829268,
  "vwapDeviation": 1.3843671484845534,
  "bbWidthPercent": 4.0252820166018495,
  "bbSqueeze": false,
  "multiTFMomentum": {
    "min1": {
      "roc1": 0.0005955926146515928,
      "roc3": 0.0017889087656528335
    },
    "min5": {
      "roc1": 0.01022248947684899,
      "roc3": 0.007798440311937476
    },
    "min15": {
      "roc1": 0,
      "roc3": 0.005385996409335696
    },
    "hourly": {
      "roc1": -0.001190476190476058,
      "roc3": -0.00237812128418539
    },
    "fourHour": {
      "roc1": -0.003562945368170947,
      "roc3": 0.0023894862604540604
    },
    "divergenceShortUpLongDown": true
  },
  "returnZMin5": 1.5156270658197581,
  "wickClosePct": 1,
  "wickUpper": 0,
  "wickLower": 0.0000016999999999999871,
  "wickRatio": 1,
  "donchianBreakout15": false,
  "bbWidthPercentile15": 0.35064935064935066,
  "signedMin5": 139838096,
  "signedMin5Z": 11.564777754355545,
  "signedMin1": 38937360,
  "signedMin1Z": 4.516646847350616,
  "streakMin1": {
    "upStreak": 4,
    "downStreak": 0
  },
  "streakMin5": {
    "upStreak": 0,
    "downStreak": 0
  },
  "rvolPercentileMin1": 0.2513888888888889,
  "rvolPercentileMin5": 0.3576388888888889,
  "perTfMetrics": {
    "min1": {
      "sma20": 0.00016628000000000001,
      "sma50": 0.00016627,
      "ema20": 0.00016667110345397102,
      "ema50": 0.0001666497762931902,
      "vwma20": 0.00016703059899850366,
      "hma21": 0.00016737142857142854,
      "atr14": 0.000001264285714285712,
      "atrPercentile": 0.38368580060422963,
      "rvolZ": -0.3880231943582469,
      "rvolPercentile": 0.2513888888888889,
      "mfi14": 99.48699569384884,
      "ppo": {
        "ppo": 0.2759668387755782,
        "signal": 0.10958933041265137,
        "histogram": 0.16637750836292683
      },
      "stochRsi": {
        "k": 75.95141700404803,
        "d": 68.76135544340296
      },
      "vprofile": {
        "vpBins": [
          3.5982343647711696e-7,
          0.0009902149576405323,
          0.01610699850574131,
          0.16407353080731896,
          0.0232677432754866,
          0.013963281480568709,
          0.17952394149734865,
          0.074317299051061,
          0.1041658493283687,
          0.040544085649737216,
          0.1420640384124227,
          0.01583687637244171,
          0.02551646366965924,
          0.021833768408992864,
          0.032582794980372726,
          0.10505582666358806,
          0.00564590915567557,
          0.010071289559002961,
          0.0006014640136159944,
          0.02383826438752001
        ],
        "currentBinShare": 0.1041658493283687
      },
      "ttm": {
        "squeeze": false,
        "release": false,
        "widthPct": 2.4971737834709677
      }
    },
    "min5": {
      "sma20": 0.00016630999999999997,
      "sma50": 0.00016806599999999997,
      "ema20": 0.00016678092741258713,
      "ema50": 0.00016756857819247216,
      "vwma20": 0.00016607702283776208,
      "hma21": 0.00016665714285714288,
      "atr14": 0.000001328571428571426,
      "atrPercentile": 0.3029197080291971,
      "rvolZ": -0.35531779509730743,
      "rvolPercentile": 0.3576388888888889,
      "mfi14": 19.267075349948655,
      "ppo": {
        "ppo": -0.1499594791997083,
        "signal": -0.2965594749121335,
        "histogram": 0.1465999957124252
      },
      "stochRsi": {
        "k": 84.13716660893661,
        "d": 50.20233314209219
      },
      "vprofile": {
        "vpBins": [
          0,
          0.0002803871418987184,
          0.00009710921218651519,
          0.028313772929356825,
          0.055197227621011986,
          0.0038514920714944794,
          0.03848445829628742,
          0.1527760811779617,
          0.09228875830063096,
          0.08624616485019364,
          0.08064704106620132,
          0.08910422403732311,
          0.11104395370932607,
          0.026037107084708414,
          0.13759403898460873,
          0.026653151221476695,
          0.04573549368253368,
          0.015056527878170576,
          0.0031185842782287935,
          0.007474426456400358
        ],
        "currentBinShare": 0.08910422403732311
      },
      "ttm": {
        "squeeze": false,
        "release": false,
        "widthPct": 2.183126388504337
      }
    },
    "min15": {
      "sma20": 0.00016820000000000002,
      "sma50": 0.00016850600000000004,
      "ema20": 0.0001678050436292563,
      "ema50": 0.00016818172252420357,
      "vwma20": 0.00016730534015510284,
      "hma21": 0.0001659255411255411,
      "atr14": 0.0000021142857142857172,
      "atrPercentile": 0.18292682926829268,
      "rvolZ": -0.47922527635716944,
      "rvolPercentile": 0.14583333333333334,
      "mfi14": 27.359754240472796,
      "ppo": {
        "ppo": -0.3321684097237546,
        "signal": -0.3309221774139276,
        "histogram": -0.0012462323098270112
      },
      "stochRsi": {
        "k": 100,
        "d": 39.724358974358886
      },
      "vprofile": {
        "vpBins": [
          0,
          0,
          0.1556456653261435,
          0.009182483246186465,
          0.006449274367483667,
          0.045690695308657575,
          0.059389263203931036,
          0,
          0.0826826285157003,
          0.028666465926219215,
          0.1207502187313706,
          0.07794133337554031,
          0.17947463415610343,
          0.04406418155751711,
          0.06906298149068991,
          0.03283147370523495,
          0.07193203135654878,
          0.010750736124280645,
          0,
          0.005485933608392538
        ],
        "currentBinShare": 0.17947463415610343
      },
      "ttm": {
        "squeeze": false,
        "release": false,
        "widthPct": 4.0252820166018495
      }
    },
    "hourly": {
      "sma20": 0.000168705,
      "sma50": 0.000168186,
      "ema20": 0.0001679126530905474,
      "ema50": 0.00017125584301647926,
      "vwma20": 0.0001680228212981006,
      "hma21": 0.0001686142857142857,
      "atr14": 0.0000046642857142857136,
      "atrPercentile": 0.5962732919254659,
      "rvolZ": -0.37873287485173707,
      "rvolPercentile": 0.46726190476190477,
      "mfi14": 38.44010099115405,
      "ppo": {
        "ppo": -0.02592682517479459,
        "signal": -0.02021001366899862,
        "histogram": -0.00571681150579597
      },
      "stochRsi": {
        "k": 0,
        "d": 43.176099934861014
      },
      "vprofile": {
        "vpBins": [
          0.032130589179598185,
          0.1713860035132979,
          0.08623330846856246,
          0.08744956666483464,
          0.02211206611548661,
          0.06193239683135096,
          0.022676265338004452,
          0.02801116302491938,
          0.006476892957848342,
          0.05747530158433626,
          0.09282334286380184,
          0.03114178413687423,
          0.04210484027989391,
          0.09801284406337717,
          0.026657684427710736,
          0.02813497198201441,
          0.05253797114581489,
          0.018032573334043043,
          0.022026004895427827,
          0.012644429192802752
        ],
        "currentBinShare": 0.08744956666483464
      },
      "ttm": {
        "squeeze": true,
        "release": false,
        "widthPct": 4.906586451639207
      }
    },
    "fourHour": {
      "sma20": 0.00017550499999999998,
      "sma50": 0.00020236200000000007,
      "ema20": 0.00017656837580817228,
      "ema50": 0.00019530720859557314,
      "vwma20": 0.0001689409932985393,
      "hma21": 0.0001532662337662338,
      "atr14": 0.000010371428571428567,
      "atrPercentile": 0.7,
      "rvolZ": 0.45671016394853825,
      "rvolPercentile": 0.8214285714285714,
      "mfi14": 31.836422249052205,
      "ppo": {
        "ppo": -6.082686490437521,
        "signal": -6.554668950219375,
        "histogram": 0.47198245978185405
      },
      "stochRsi": {
        "k": 100,
        "d": 36.60347350493404
      },
      "vprofile": {
        "vpBins": [
          0,
          0.1497065160576912,
          0.04918084827325211,
          0.09830943654516035,
          0,
          0.050177166468947515,
          0.01442201688110165,
          0.01922071394308662,
          0.007892811047464117,
          0.04753265505672117,
          0.04943960220981567,
          0.08655639501720604,
          0.08315848547576775,
          0.0558649082486956,
          0.07178533302430704,
          0.09733728083567948,
          0.046790031896408256,
          0.04145022121575565,
          0.031175577802939787,
          0
        ],
        "currentBinShare": 0.09830943654516035
      },
      "ttm": {
        "squeeze": false,
        "release": false,
        "widthPct": 28.892457480374496
      }
    },
    "daily": {
      "sma20": 0.00021979,
      "sma50": 0.00029316400000000005,
      "ema20": 0.0002183419660299965,
      "ema50": 0.0002830591931926816,
      "vwma20": 0,
      "hma21": 0.00018407878787878783,
      "atr14": 0.000022871428571428564,
      "atrPercentile": 0.09210526315789473,
      "rvolZ": 0,
      "rvolPercentile": 1,
      "mfi14": 50,
      "ppo": {
        "ppo": -13.604639171246532,
        "signal": -11.939838925013492,
        "histogram": -1.6648002462330407
      },
      "stochRsi": {
        "k": 0,
        "d": 24.982832750703228
      },
      "vprofile": {
        "vpBins": [
          0,
          0,
          0,
          0,
          0,
          0,
          0,
          0,
          0,
          0,
          0,
          0,
          0,
          0,
          0,
          0,
          0,
          0,
          0,
          0
        ],
        "currentBinShare": 0
      },
      "ttm": {
        "squeeze": false,
        "release": false,
        "widthPct": 48.445098987974774
      }
    }
  },
  "smaMin5": 0.00016630999999999997,
  "emaMin5": 0.00016678092741258713,
  "vwmaMin5": 0.00016607702283776208,
  "hmaMin5": 0.00016665714285714288,
  "keltner15": {
    "upper": 0.0001710450436292563,
    "middle": 0.0001678050436292563,
    "lower": 0.0001645650436292563
  },
  "superTrend15": {
    "isBull": true,
    "finalUpper": 0.00017363,
    "finalLower": 0.00016067
  },
  "mfi15": 27.359754240472796,
  "stochRsi15": {
    "k": 100,
    "d": 39.724358974358886
  },
  "ppo15": {
    "ppo": -0.3321684097237546,
    "signal": -0.3309221774139276,
    "histogram": -0.0012462323098270112
  },
  "vpMin15": {
    "vpBins": [
      0,
      0,
      0.1556456653261435,
      0.009182483246186465,
      0.006449274367483667,
      0.045690695308657575,
      0.059389263203931036,
      0,
      0.0826826285157003,
      0.028666465926219215,
      0.1207502187313706,
      0.07794133337554031,
      0.17947463415610343,
      0.04406418155751711,
      0.06906298149068991,
      0.03283147370523495,
      0.07193203135654878,
      0.010750736124280645,
      0,
      0.005485933608392538
    ],
    "currentBinShare": 0.17947463415610343
  },
  "ttm15": {
    "squeeze": false,
    "release": false,
    "widthPct": 4.0252820166018495
  },
  "marketCorrelation": {
    "hourly": {
      "btcCorrelation": 0,
      "ethCorrelation": 0,
      "btcBeta": 1,
      "ethBeta": 1,
      "btcTrend": "UNKNOWN",
      "ethTrend": "UNKNOWN",
      "tokenVol": 0,
      "btcVol": 0,
      "ethVol": 0,
      "marketDependence": 0,
      "verdict": "INSUFFICIENT_DATA"
    },
    "min15": {
      "btcCorrelation": 0,
      "ethCorrelation": 0,
      "btcBeta": 1,
      "ethBeta": 1,
      "btcTrend": "UNKNOWN",
      "ethTrend": "UNKNOWN",
      "tokenVol": 0,
      "btcVol": 0,
      "ethVol": 0,
      "marketDependence": 0,
      "verdict": "INSUFFICIENT_DATA"
    },
    "daily": {
      "btcCorrelation": 0,
      "ethCorrelation": 0,
      "btcBeta": 1,
      "ethBeta": 1,
      "btcTrend": "UNKNOWN",
      "ethTrend": "UNKNOWN",
      "tokenVol": 0,
      "btcVol": 0,
      "ethVol": 0,
      "marketDependence": 0,
      "verdict": "INSUFFICIENT_DATA"
    }
  },
  "tradeTape": {
    "totalTrades": 0,
    "totalVolume": 0,
    "buysVolume": 0,
    "sellsVolume": 0,
    "buySellRatio": 0.5,
    "vwap": 0,
    "signedVolume": 0,
    "avgTradeSize": 0,
    "tradesPerSec": 0,
    "cumulativeDelta": 0,
    "tradesLast1m": 0,
    "tradesLast5m": 0,
    "tradesLast15m": 0,
    "tradesLast1h": 0,
    "buyVWAP": 0,
    "sellVWAP": 0,
    "aggressorVWAP": 0,
    "bucketDurationMs": 60000,
    "bucketCount": 15,
    "bucketSignedVolumes": [],
    "bucketVolumes": [],
    "bucketVWAPs": [],
    "latestBucketSignedZ": 0
  },
  "enhancedMetrics": {
    "relativeVolumeZScore": -1,
    "volumePercentile": 40,
    "atrPercentile": 32.481751824817515,
    "volatilityPercentile": 83.22784810126582,
    "relativeVolatilityRatio": 0.9048422914898039,
    "isHighVolume": false,
    "isHighVolatility": true,
    "isLowVolatility": false,
    "isExpandingVolatility": false,
    "isContractingVolatility": false
  },
  "orderBook": {
    "bidAskSpread": 0,
    "spreadPct": 0,
    "midPrice": 0,
    "bestBid": 0,
    "bestAsk": 0,
    "bidDepth": 0,
    "askDepth": 0,
    "orderBookImbalance": 0,
    "liquidityScore": 0,
    "depthAt1Pct": {
      "bidVolume": 0,
      "askVolume": 0,
      "imbalance": 0
    },
    "depthAt2Pct": {
      "bidVolume": 0,
      "askVolume": 0,
      "imbalance": 0
    },
    "depthAt5Pct": {
      "bidVolume": 0,
      "askVolume": 0,
      "imbalance": 0
    },
    "weightedMidPrice": 0,
    "volumeWeightedSpread": 0,
    "totalBidLevels": 0,
    "totalAskLevels": 0
  },
  "marketCap": {
    "marketCap": 0,
    "totalVolume24h": 0,
    "volumeToMarketCapRatio": 0,
    "marketCapRank": 0,
    "normalizedRank": 0,
    "isHighLiquidity": false,
    "isVeryHighLiquidity": false,
    "isLowLiquidity": true,
    "liquidityTier": "VERY_LOW"
  },
  "sweeps": {
    "sweepScore": 0,
    "sweepCount": 0,
    "sweepDirection": "NEUTRAL",
    "buySweeps": 0,
    "sellSweeps": 0,
    "avgSweepSize": 0,
    "avgSweepIntensity": 0,
    "bidLiftRatio": 0,
    "askLiftRatio": 0,
    "sweepFrequency": 0,
    "largestSweep": null,
    "recentSweepClusters": 0,
    "sweepDetails": []
  },
  "absorption": {
    "absorptionScore": 0,
    "absorptionLevel": null,
    "absorptionSide": "NONE",
    "icebergProbability": 0,
    "hiddenLiquidityEstimate": 0,
    "volumeAtPrice": {},
    "topAbsorptionLevels": [],
    "persistenceDuration": 0,
    "refillDetected": false
  },
  "orderArrival": {
    "avgInterArrivalTime": 0,
    "recentInterArrivalTime": 0,
    "accelerationRatio": 1,
    "hawkesIntensity": 0,
    "hawkesDirection": "NEUTRAL",
    "clusteringScore": 0,
    "burstCount": 0,
    "cascadeDetected": false,
    "timeToNextTrade": 0,
    "accelerationTrend": "STABLE"
  },
  "liquidityVacuum": {
    "vacuumScore": 0,
    "vacuumSide": "NONE",
    "bidVacuumSeverity": 0,
    "askVacuumSeverity": 0,
    "depthConcentration": 0,
    "priceImpact10k": 0,
    "priceImpact50k": 0,
    "priceImpact100k": 0,
    "largestGapBid": 0,
    "largestGapAsk": 0,
    "avgGapBid": 0,
    "avgGapAsk": 0,
    "bidCliffDistance": 0,
    "askCliffDistance": 0
  },
  "volatilityRegime": {
    "regime": "LOW",
    "regimeScore": -1,
    "currentATR": 0.000024,
    "avgATR": 0.000031,
    "atrPercentile": 11.8,
    "realizedVolatility": 79.18,
    "volPercentile": 0,
    "expanding": false,
    "contracting": true,
    "transitionProbability": 0.4,
    "daysInRegime": 14,
    "regimeStrength": 1.41
  },
  "temporalPatterns": {
    "currentHour": 17,
    "currentDay": 0,
    "currentDayName": "Sunday",
    "dayBias": "NEUTRAL",
    "hourlyProfile": [
      {
        "avgVolume": 61396301.79,
        "avgATR": 0.000006,
        "avgReturn": 0.008
      },
      {
        "avgVolume": 63896362.86,
        "avgATR": 0.000006,
        "avgReturn": -0.487
      },
      {
        "avgVolume": 59391157.43,
        "avgATR": 0.000005,
        "avgReturn": -0.105
      },
      {
        "avgVolume": 89763516.64,
        "avgATR": 0.000005,
        "avgReturn": 0.166
      },
      {
        "avgVolume": 65171520.21,
        "avgATR": 0.000004,
        "avgReturn": -0.434
      },
      {
        "avgVolume": 47014436.43,
        "avgATR": 0.000003,
        "avgReturn": 0.093
      },
      {
        "avgVolume": 22211988.5,
        "avgATR": 0.000003,
        "avgReturn": 0.079
      },
      {
        "avgVolume": 32830715.64,
        "avgATR": 0.000004,
        "avgReturn": 0.125
      },
      {
        "avgVolume": 25445331.64,
        "avgATR": 0.000003,
        "avgReturn": 0.029
      },
      {
        "avgVolume": 24338620.77,
        "avgATR": 0.000003,
        "avgReturn": 0.059
      },
      {
        "avgVolume": 30634909,
        "avgATR": 0.000003,
        "avgReturn": 0.306
      },
      {
        "avgVolume": 19054839.54,
        "avgATR": 0.000004,
        "avgReturn": -0.228
      },
      {
        "avgVolume": 34181698,
        "avgATR": 0.000004,
        "avgReturn": -0.148
      },
      {
        "avgVolume": 45955231.57,
        "avgATR": 0.000004,
        "avgReturn": -0.144
      },
      {
        "avgVolume": 34159140.57,
        "avgATR": 0.000004,
        "avgReturn": -0.402
      },
      {
        "avgVolume": 59730568.13,
        "avgATR": 0.000005,
        "avgReturn": -0.289
      },
      {
        "avgVolume": 35796493,
        "avgATR": 0.000005,
        "avgReturn": 0.287
      },
      {
        "avgVolume": 58802111.71,
        "avgATR": 0.000005,
        "avgReturn": -0.134
      },
      {
        "avgVolume": 63869011.5,
        "avgATR": 0.000004,
        "avgReturn": 0.179
      },
      {
        "avgVolume": 90487422.71,
        "avgATR": 0.000005,
        "avgReturn": -0.203
      },
      {
        "avgVolume": 59008735.79,
        "avgATR": 0.000004,
        "avgReturn": 0.116
      },
      {
        "avgVolume": 62085871.29,
        "avgATR": 0.000005,
        "avgReturn": -0.34
      },
      {
        "avgVolume": 57459490.79,
        "avgATR": 0.000005,
        "avgReturn": -0.499
      },
      {
        "avgVolume": 65308984,
        "avgATR": 0.000005,
        "avgReturn": -0.211
      }
    ],
    "dailyProfile": [
      {
        "avgVolume": 62951235.96,
        "avgATR": 0.000005,
        "avgReturn": -0.106
      },
      {
        "avgVolume": 35134808.94,
        "avgATR": 0.000004,
        "avgReturn": 0.021
      },
      {
        "avgVolume": 35410641.19,
        "avgATR": 0.000004,
        "avgReturn": -0.055
      },
      {
        "avgVolume": 40934603.52,
        "avgATR": 0.000005,
        "avgReturn": -0.292
      },
      {
        "avgVolume": 56654856.15,
        "avgATR": 0.000005,
        "avgReturn": -0.351
      },
      {
        "avgVolume": 91686602.91,
        "avgATR": 0.000005,
        "avgReturn": 0.004
      },
      {
        "avgVolume": 32316511.51,
        "avgATR": 0.000003,
        "avgReturn": 0.131
      }
    ],
    "favorableHours": [
      19,
      3,
      23,
      4,
      18,
      1
    ],
    "favorableWindow": false,
    "currentVsAvgVolume": 0,
    "currentVsAvgVolatility": 0,
    "anomalyDetected": true,
    "timeUntilFavorable": 1,
    "temporalScore": 0
  },
  "unifiedMicrostructure": {
    "signalDirections": {
      "vpin": "NEUTRAL",
      "sweeps": "NEUTRAL",
      "absorption": "NEUTRAL",
      "arrival": "NEUTRAL",
      "vacuum": "NONE",
      "volRegime": "FAVORABLE",
      "temporal": "UNFAVORABLE"
    },
    "consensusDirection": "NEUTRAL",
    "consensusStrength": 50,
    "bullishSignals": 1,
    "bearishSignals": 1,
    "neutralSignals": 0,
    "totalAvailableSignals": 2,
    "dominantPattern": "NONE",
    "clusters": {
      "strongBuyCluster": false,
      "distributionPattern": false,
      "accumulationPattern": false,
      "momentumCascade": false
    },
    "adaptiveWeights": {
      "vpin": 0,
      "sweeps": 0,
      "absorption": 0,
      "arrival": 0,
      "vacuum": 0,
      "volRegime": 0.021,
      "temporal": 0.02
    },
    "convictionLevel": "LOW",
    "convictionScore": 30,
    "riskAdjustment": "REDUCE",
    "timingQuality": "UNFAVORABLE",
    "signalQuality": "LOW"
  },
  "deltaAnalysis": {
    "currentDelta": 0,
    "cumulativeDelta": 0,
    "deltaPerVolume": 0,
    "deltaDirection": "NEUTRAL",
    "deltaDivergence": false,
    "institutionalRatio": 0,
    "aggressionScore": 0
  },
  "volumeProfile": {
    "pointOfControl": 0,
    "valueAreaHigh": 0,
    "valueAreaLow": 0,
    "currentPosition": "ABOVE_VALUE_AREA",
    "volumeNodes": [],
    "airPockets": []
  },
  "momentumCascade": {
    "cascadeDetected": false,
    "alignmentScore": 0.007001625150829533,
    "cascadeStrength": 0,
    "acceleratingTimeframes": [
      "1m"
    ],
    "divergingTimeframes": [
      "5m",
      "15m",
      "1h"
    ]
  },
  "breakoutConfirmation": {
    "breakoutConfirmed": false,
    "volumeConfirmation": false,
    "retestStrength": 0,
    "falseBreakoutRisk": 0,
    "breakoutQuality": "NO_BREAKOUT"
  },
  "liquidityHeatmap": {
    "liquidityScore": 0,
    "magnetDirection": "NONE",
    "magnetStrength": 0,
    "priceTarget5pct": null,
    "message": "No order book data"
  },
  "smartMoneyDivergence": {
    "divergenceDetected": false,
    "divergenceDirection": "NONE",
    "smartMoneyScore": 0.5,
    "message": "Insufficient trade data"
  },
  "microstructure": {
    "raw": -0.0011979118543841826,
    "pct": 50,
    "summary": {
      "latestBucketSignedZ": 0,
      "buySellRatio": 0.5,
      "tradesPerSec": 0,
      "vwap": 0,
      "aggressorVWAP": 0,
      "vpinToxicity": "UNKNOWN",
      "sweepDirection": "NEUTRAL",
      "absorptionSide": "NONE",
      "icebergDetected": false,
      "hawkesDirection": "NEUTRAL",
      "cascadeDetected": false,
      "vacuumSide": "NONE",
      "volatilityRegime": "LOW",
      "volExpanding": false,
      "favorableTimeWindow": false,
      "temporalAnomaly": true,
      "consensusDirection": "NEUTRAL",
      "consensusStrength": 50,
      "dominantPattern": "NONE",
      "convictionLevel": "LOW",
      "riskAdjustment": "REDUCE",
      "timingQuality": "UNFAVORABLE",
      "deltaDirection": "NEUTRAL",
      "deltaDivergence": false,
      "institutionalRatio": 0,
      "volumeProfilePosition": "ABOVE_VALUE_AREA",
      "pointOfControl": 0,
      "momentumCascadeDetected": false,
      "cascadeStrength": 0,
      "breakoutQuality": "NO_BREAKOUT",
      "breakoutConfirmed": false,
      "magnetDirection": "NONE",
      "magnetStrength": 0,
      "priceTarget5pct": null,
      "nearestBidWall": 0,
      "nearestAskWall": 0,
      "divergenceDetected": false,
      "divergenceDirection": "NONE",
      "whaleAccumulation": false,
      "whaleDistribution": false,
      "retailPanic": false,
      "smartMoneyScore": 0.5
    }
  }
}

=== MICROSTRUCTURE ALERTS ===

🔬 VPIN: Insufficient data for VPIN analysis

🌊 SWEEP DETECTION: No significant sweeps detected

🧊 ABSORPTION & ICEBERG: No significant absorption or iceberg orders detected

⚡ ORDER ARRIVAL DYNAMICS: Insufficient trades for analysis

🌪️ LIQUIDITY VACUUM: No significant vacuum detected

📊 VOLATILITY REGIME DETECTION:
   Current Regime: LOW
   Regime Score: -1.00 (-1=low vol, +1=extreme vol)
   Days in Regime: 14
   ATR: $0.000024 (avg: $0.000031)
   ATR Percentile: 11.8%
   Realized Volatility: 79.18% (annualized)
   Vol Percentile: 0.0%

   🔵 LOW VOLATILITY REGIME:
   ✅ Ideal for breakout setups - price coiling
   ✅ Tight stops recommended
   ✅ Can increase position size (lower risk)

   📉 VOLATILITY CONTRACTING:
   🔄 Consolidation phase - accumulation likely
   ⏳ Wait for expansion before entering

   📍 MODERATE REGIME TRANSITION PROBABILITY: 40%
   Monitor for potential regime change

   ✅ STABLE REGIME: 14 days - predictable conditions

⏰ TEMPORAL PATTERN ANALYSIS:
   Current Time: Sunday 17:00 UTC
   Day Bias: NEUTRAL
   Current vs Avg Volume: 0x
   Current vs Avg Volatility: 0x

   ⏳ NON-FAVORABLE TIME WINDOW:
   This hour typically shows weaker activity
   Next favorable window in 1 hour(s)

   ⚠️ LOW ACTIVITY ANOMALY:
   Volume 0x below typical - Extremely quiet

   📉 LOW VOLATILITY ANOMALY:
   Volatility 0x below typical - Consolidation likely

   🔥 Best Trading Hours (UTC): 19:00, 3:00, 23:00

🎯 UNIFIED MICROSTRUCTURE INTEGRATION:
   Signal Consensus: NEUTRAL (50% agreement)
   Available Signals: 2 (1 bullish / 1 bearish / 0 neutral)
   Conviction Level: LOW (30%)
   Signal Quality: LOW
   Risk Adjustment: REDUCE
   Timing Quality: UNFAVORABLE

   ⚠️ LOW CONVICTION: Only 50% signal agreement
   Weak alignment - Reduce position size or wait for clarity

   ⚠️ RISK REDUCTION RECOMMENDED: Extreme volatility or unfavorable timing detected

   ⏰ UNFAVORABLE TIMING: Avoid trading during this hour

   Signal Directions Breakdown:
   • VPIN: NEUTRAL
   • Sweeps: NEUTRAL
   • Absorption: NEUTRAL
   • Arrival Dynamics: NEUTRAL
   • Liquidity Vacuum: NONE
   • Vol Regime: FAVORABLE
   • Temporal: UNFAVORABLE

   Adaptive Weights (Total: 4.1%):
   • VPIN: 0.0%
   • Sweeps: 0.0%
   • Absorption: 0.0%
   • Arrival: 0.0%
   • Vacuum: 0.0%
   • Vol Regime: 2.1%
   • Temporal: 2.0%


💹 DELTA ANALYSIS (Order Flow Aggression):
   Direction: NEUTRAL
   Delta Per Volume: 0.00%
   Institutional Ratio: 0.0%
   Aggression Score: 0.0%

📊 VOLUME PROFILE (Support/Resistance Strength):
   Point of Control (POC): $0.000000
   Value Area High: $0.000000
   Value Area Low: $0.000000
   Current Position: ABOVE_VALUE_AREA
   ⚠️ DISTRIBUTION RISK: Price above value area - potential rejection zone

⚡ MOMENTUM CASCADE (Multi-Timeframe Alignment):
   Cascade Detected: NO
   Alignment Score: 0.7%
   Cascade Strength: 0.0%
   Accelerating: 1m
   Diverging: 5m, 15m, 1h

💥 BREAKOUT CONFIRMATION:
   Quality: NO_BREAKOUT
   Volume Confirmation: NO
   Retest Strength: 0.0%
   False Breakout Risk: 0.0%
   No breakout detected - price below resistance


levels:
Entry=0.00016766399999999999, StopLoss=0.00016263408, TakeProfit=0.0001685123, 0.0001693606, 0.00017003924000000002

---

=== Token: DASH (DASH) ===
Contract: DASH-USD
Timestamp: 2025-12-20T15:00:00.000Z

Calculations:
{
  "momentumScore": 90.77724360022934,
  "volumeScore": 32.887323943662,
  "patternScore": 57.57758399589639,
  "totalScore": 50.264604313069015,
  "finalScore": 50.264604313069015,
  "weights": "0.27,0.41,0.23",
  "hourlyUptrend": false,
  "rsi": 63.522012578616376,
  "ultraShortVolumeSurge": 3.944366134693953,
  "baseVolumeSurge": 0.015527514807815614,
  "currentPrice": 39.81,
  "resistance": 40.31,
  "support": 38.99,
  "rocMin5": -0.009455088330430343,
  "shortROC": -0.006240639041437843,
  "priceAcceleration": -0.002367180510818533,
  "buySellRatio": 0.5474924578062753,
  "macdHistogram": 0.13434330184552332,
  "stochasticK": 69.71830985915499,
  "atr": 0.2028571428571426,
  "bbUpper": 40.04023554657635,
  "bbLower": 38.68676445342364,
  "hammerDetected": false,
  "engulfingDetected": false,
  "compressionSpring": {
    "detected": true,
    "confidence": 54,
    "signals": {
      "sidewaysPrice": true,
      "atrCompression": true,
      "bbSqueeze": true,
      "consolidationTime": true,
      "strongBuying": false,
      "obvPositive": false,
      "chaikinPositive": false,
      "rsiNeutral": false,
      "volumeBuilding": false
    },
    "metrics": {
      "priceRange": 3.65,
      "atrRatio": 0.627,
      "bbWidth": 3.44,
      "volumeRatio": 2.553,
      "signalCount": 4,
      "buySellRatio": 0.547
    }
  },
  "riskTier": "HIGH",
  "atrPercent": 0.7069293429504414,
  "distanceToResistance": 1.2559658377292136,
  "slPercent": 4,
  "tpPercent": 1.0675709620698315,
  "trailingActivation": 0.6405425772418989,
  "shortMomentumScore": 0,
  "overboughtScore": 0,
  "shortPatternScore": 0,
  "shootingStarDetected": false,
  "bearishEngulfingDetected": false,
  "eveningStarDetected": false,
  "bearishPatternsCount": 0,
  "shortTotalScore": 0,
  "chaikin": -0.014937838207208494,
  "obvIncreasing": true,
  "obvTrend": "increasing",
  "adx": 45.53191489361728,
  "recentCandles": {
    "redCount": 2,
    "greenCount": 8
  },
  "resistanceDistance": 1.2559658377292136,
  "multiplePatterns": false,
  "bullishPattern": false,
  "priceAboveVWAP": true,
  "breakingResistance": false,
  "atrSufficient": false,
  "macdDivergenceBearish": false,
  "rvolMin1": -0.1238962184000336,
  "rvolMin5": -0.33915436440194124,
  "atrPercentileOld": 0.6341463414634146,
  "vwapDeviation": 1.5828655880642664,
  "bbWidthPercent": 3.4383911317659916,
  "bbSqueeze": false,
  "multiTFMomentum": {
    "min1": {
      "roc1": -0.0014955134596210163,
      "roc3": -0.004967709885742567
    },
    "min5": {
      "roc1": -0.006240639041437843,
      "roc3": -0.010439970171513662
    },
    "min15": {
      "roc1": -0.00449326010983524,
      "roc3": 0.002261874842925444
    },
    "hourly": {
      "roc1": -0.006989515726410413,
      "roc3": 0.013761467889908235
    },
    "fourHour": {
      "roc1": 0.014278429372769054,
      "roc3": 0.027641436321363996
    },
    "divergenceShortUpLongDown": false
  },
  "returnZMin5": -1.5464611137828124,
  "wickClosePct": 0.20833333333334936,
  "wickUpper": 0.00999999999999801,
  "wickLower": 0.05000000000000426,
  "wickRatio": 0.2777777777778019,
  "donchianBreakout15": false,
  "bbWidthPercentile15": 0.5194805194805194,
  "signedMin5": 2734.401273900001,
  "signedMin5Z": 9.053931560241319,
  "signedMin1": 1805.4295480499998,
  "signedMin1Z": 14.177244607308715,
  "streakMin1": {
    "upStreak": 0,
    "downStreak": 3
  },
  "streakMin5": {
    "upStreak": 0,
    "downStreak": 2
  },
  "rvolPercentileMin1": 0.6243055555555556,
  "rvolPercentileMin5": 0.5416666666666666,
  "perTfMetrics": {
    "min1": {
      "sma20": 40.126,
      "sma50": 39.7756,
      "ema20": 40.086616598009826,
      "ema50": 39.841656855419515,
      "vwma20": 40.1878184488653,
      "hma21": 40.25961038961039,
      "atr14": 0.06999999999999977,
      "atrPercentile": 0.5518630412890232,
      "rvolZ": -0.1238962184000336,
      "rvolPercentile": 0.6243055555555556,
      "mfi14": 63.28030887680576,
      "ppo": {
        "ppo": 0.27626416238147194,
        "signal": 0.3624598138613137,
        "histogram": -0.08619565147984176
      },
      "stochRsi": {
        "k": 0,
        "d": 53.465367965367996
      },
      "vprofile": {
        "vpBins": [
          0.06055092316119332,
          0.06154948456098104,
          0.06259773823545518,
          0.1256792405746741,
          0.07229898643969335,
          0.12726898478777068,
          0.018245434460534397,
          0.03665682219603068,
          0.02160468861529532,
          0.024910524350335923,
          0.024746753892359124,
          0.009222376026893048,
          0.03554947525825558,
          0.010526008430135675,
          0.01876070186541575,
          0.007951518842289687,
          0.05887218755626758,
          0.06308395650838804,
          0.04489167742428368,
          0.11503251681374789
        ],
        "currentBinShare": 0.05887218755626758
      },
      "ttm": {
        "squeeze": false,
        "release": false,
        "widthPct": 1.000044755339434
      }
    },
    "min5": {
      "sma20": 39.643499999999996,
      "sma50": 39.355999999999995,
      "ema20": 39.73399664519768,
      "ema50": 39.54292372107775,
      "vwma20": 39.88570816724532,
      "hma21": 40.198658008658015,
      "atr14": 0.2028571428571426,
      "atrPercentile": 0.8175182481751825,
      "rvolZ": -0.33915436440194124,
      "rvolPercentile": 0.5416666666666666,
      "mfi14": 55.90439977128578,
      "ppo": {
        "ppo": 0.5510730872877724,
        "signal": 0.4558544903412314,
        "histogram": 0.095218596946541
      },
      "stochRsi": {
        "k": 32.86255779257451,
        "d": 76.07814044591349
      },
      "vprofile": {
        "vpBins": [
          0.01888931260764956,
          0.11034426918577064,
          0.05522204280783537,
          0.06787647711446028,
          0.12078528086070944,
          0.08270122068362341,
          0.055888903071737196,
          0.05421096733093867,
          0.019700452213368858,
          0.056578700606304495,
          0.011056975250548703,
          0.10006213886418323,
          0.0361224934392585,
          0.07780432449003966,
          0.011467332326742602,
          0,
          0.03892055887769709,
          0.03096689041716577,
          0.02851421563884572,
          0.02288744421312062
        ],
        "currentBinShare": 0.056578700606304495
      },
      "ttm": {
        "squeeze": false,
        "release": false,
        "widthPct": 3.6793349561313518
      }
    },
    "min15": {
      "sma20": 39.363499999999995,
      "sma50": 39.38740000000001,
      "ema20": 39.5535775719634,
      "ema50": 39.3710287889778,
      "vwma20": 39.47715181493438,
      "hma21": 39.63359307359308,
      "atr14": 0.28142857142857075,
      "atrPercentile": 0.6341463414634146,
      "rvolZ": -0.2556582894118732,
      "rvolPercentile": 0.5833333333333334,
      "mfi14": 70.36329772566074,
      "ppo": {
        "ppo": 0.29258891060812253,
        "signal": 0.06303234056940585,
        "histogram": 0.22955657003871668
      },
      "stochRsi": {
        "k": 81.89248032155443,
        "d": 67.4683532336898
      },
      "vprofile": {
        "vpBins": [
          0.009900569029733294,
          0.0185616752322922,
          0,
          0.041494992987943236,
          0.05133868376612082,
          0.049817104939965044,
          0.12910144545680474,
          0.10064220695306166,
          0.1147737449231742,
          0.12607732012377737,
          0.09825713274918768,
          0.00863326211211637,
          0.031786028426932636,
          0.06009131817983967,
          0.014456890859808282,
          0.06696127772472946,
          0.011114782112878396,
          0.06699156442163479,
          0,
          0
        ],
        "currentBinShare": 0.031786028426932636
      },
      "ttm": {
        "squeeze": false,
        "release": false,
        "widthPct": 3.4383911317659916
      }
    },
    "hourly": {
      "sma20": 39.254999999999995,
      "sma50": 37.9394,
      "ema20": 39.198428207811745,
      "ema50": 38.68205142096587,
      "vwma20": 39.52906345840497,
      "hma21": 39.98783549783551,
      "atr14": 0.6335714285714279,
      "atrPercentile": 0.33229813664596275,
      "rvolZ": -0.1700514383693038,
      "rvolPercentile": 0.5297619047619048,
      "mfi14": 64.61120167245967,
      "ppo": {
        "ppo": 1.1793668207549963,
        "signal": 1.215936241772181,
        "histogram": -0.036569421017184744
      },
      "stochRsi": {
        "k": 46.99519986298923,
        "d": 62.483458588998225
      },
      "vprofile": {
        "vpBins": [
          0.02415509470094211,
          0.031884488705355776,
          0.3372089460717092,
          0.018485967832057616,
          0.0480509964462569,
          0.047020389117969685,
          0.02878441472117595,
          0.0934212061200379,
          0.058490542607809545,
          0.039979276311536374,
          0.11537836702711342,
          0.01864243687653485,
          0.002011577594298001,
          0.010468796158763762,
          0.030666897019647265,
          0.05184769697542555,
          0.028987889217694067,
          0.002583494609874246,
          0.007122419760131252,
          0.0048091021256662135
        ],
        "currentBinShare": 0.0934212061200379
      },
      "ttm": {
        "squeeze": false,
        "release": false,
        "widthPct": 5.590608473851106
      }
    },
    "fourHour": {
      "sma20": 38.220000000000006,
      "sma50": 41.188799999999986,
      "ema20": 38.93208837664358,
      "ema50": 40.883168122588884,
      "vwma20": 37.53559068052185,
      "hma21": 38.182510822510814,
      "atr14": 1.6092857142857138,
      "atrPercentile": 0.6285714285714286,
      "rvolZ": -0.19272439076675704,
      "rvolPercentile": 0.5833333333333334,
      "mfi14": 82.65564809177911,
      "ppo": {
        "ppo": -1.2396677865971029,
        "signal": -2.5215576472656642,
        "histogram": 1.2818898606685614
      },
      "stochRsi": {
        "k": 95.74334379348852,
        "d": 58.19388117218074
      },
      "vprofile": {
        "vpBins": [
          0.03706075123871712,
          0.01540478967255357,
          0.18036832088165664,
          0.03293059212932705,
          0.026604480155931632,
          0.06866183521734003,
          0.02827100818737277,
          0.08605079622115296,
          0.0016784596022657594,
          0.007762501357060305,
          0.08459115712495555,
          0.020783195968358217,
          0.09657808064093955,
          0.06850534022743418,
          0.06408018124889056,
          0.035374393786334724,
          0.04558642586884451,
          0.05668200203236398,
          0.04302568843850092,
          0
        ],
        "currentBinShare": 0.06866183521734003
      },
      "ttm": {
        "squeeze": false,
        "release": false,
        "widthPct": 14.67729746595437
      }
    },
    "daily": {
      "sma20": 44.719500000000004,
      "sma50": 64.1636,
      "ema20": 45.67018360218041,
      "ema50": 51.83804856414988,
      "vwma20": 0,
      "hma21": 38.80532467532467,
      "atr14": 4.435714285714285,
      "atrPercentile": 0.06578947368421052,
      "rvolZ": 0,
      "rvolPercentile": 1,
      "mfi14": 50,
      "ppo": {
        "ppo": -12.119740522100225,
        "signal": -11.309652740348909,
        "histogram": -0.8100877817513155
      },
      "stochRsi": {
        "k": 78.3493856307922,
        "d": 33.734043524950515
      },
      "vprofile": {
        "vpBins": [
          0,
          0,
          0,
          0,
          0,
          0,
          0,
          0,
          0,
          0,
          0,
          0,
          0,
          0,
          0,
          0,
          0,
          0,
          0,
          0
        ],
        "currentBinShare": 0
      },
      "ttm": {
        "squeeze": false,
        "release": false,
        "widthPct": 38.61499684300034
      }
    }
  },
  "smaMin5": 39.643499999999996,
  "emaMin5": 39.73399664519768,
  "vwmaMin5": 39.88570816724532,
  "hmaMin5": 40.198658008658015,
  "keltner15": {
    "upper": 40.0395775719634,
    "middle": 39.5535775719634,
    "lower": 39.067577571963405
  },
  "superTrend15": {
    "isBull": true,
    "finalUpper": 40.852,
    "finalLower": 38.907999999999994
  },
  "mfi15": 70.36329772566074,
  "stochRsi15": {
    "k": 81.89248032155443,
    "d": 67.4683532336898
  },
  "ppo15": {
    "ppo": 0.29258891060812253,
    "signal": 0.06303234056940585,
    "histogram": 0.22955657003871668
  },
  "vpMin15": {
    "vpBins": [
      0.009900569029733294,
      0.0185616752322922,
      0,
      0.041494992987943236,
      0.05133868376612082,
      0.049817104939965044,
      0.12910144545680474,
      0.10064220695306166,
      0.1147737449231742,
      0.12607732012377737,
      0.09825713274918768,
      0.00863326211211637,
      0.031786028426932636,
      0.06009131817983967,
      0.014456890859808282,
      0.06696127772472946,
      0.011114782112878396,
      0.06699156442163479,
      0,
      0
    ],
    "currentBinShare": 0.031786028426932636
  },
  "ttm15": {
    "squeeze": false,
    "release": false,
    "widthPct": 3.4383911317659916
  },
  "marketCorrelation": {
    "hourly": {
      "btcCorrelation": 0,
      "ethCorrelation": 0,
      "btcBeta": 1,
      "ethBeta": 1,
      "btcTrend": "UNKNOWN",
      "ethTrend": "UNKNOWN",
      "tokenVol": 0,
      "btcVol": 0,
      "ethVol": 0,
      "marketDependence": 0,
      "verdict": "INSUFFICIENT_DATA"
    },
    "min15": {
      "btcCorrelation": 0,
      "ethCorrelation": 0,
      "btcBeta": 1,
      "ethBeta": 1,
      "btcTrend": "UNKNOWN",
      "ethTrend": "UNKNOWN",
      "tokenVol": 0,
      "btcVol": 0,
      "ethVol": 0,
      "marketDependence": 0,
      "verdict": "INSUFFICIENT_DATA"
    },
    "daily": {
      "btcCorrelation": 0,
      "ethCorrelation": 0,
      "btcBeta": 1,
      "ethBeta": 1,
      "btcTrend": "UNKNOWN",
      "ethTrend": "UNKNOWN",
      "tokenVol": 0,
      "btcVol": 0,
      "ethVol": 0,
      "marketDependence": 0,
      "verdict": "INSUFFICIENT_DATA"
    }
  },
  "tradeTape": {
    "totalTrades": 0,
    "totalVolume": 0,
    "buysVolume": 0,
    "sellsVolume": 0,
    "buySellRatio": 0.5,
    "vwap": 0,
    "signedVolume": 0,
    "avgTradeSize": 0,
    "tradesPerSec": 0,
    "cumulativeDelta": 0,
    "tradesLast1m": 0,
    "tradesLast5m": 0,
    "tradesLast15m": 0,
    "tradesLast1h": 0,
    "buyVWAP": 0,
    "sellVWAP": 0,
    "aggressorVWAP": 0,
    "bucketDurationMs": 60000,
    "bucketCount": 15,
    "bucketSignedVolumes": [],
    "bucketVolumes": [],
    "bucketVWAPs": [],
    "latestBucketSignedZ": 0
  },
  "enhancedMetrics": {
    "relativeVolumeZScore": -1,
    "volumePercentile": 40,
    "atrPercentile": 82.48175182481752,
    "volatilityPercentile": 31.329113924050635,
    "relativeVolatilityRatio": 0.9095298870323886,
    "isHighVolume": false,
    "isHighVolatility": false,
    "isLowVolatility": false,
    "isExpandingVolatility": false,
    "isContractingVolatility": false
  },
  "orderBook": {
    "bidAskSpread": 0,
    "spreadPct": 0,
    "midPrice": 0,
    "bestBid": 0,
    "bestAsk": 0,
    "bidDepth": 0,
    "askDepth": 0,
    "orderBookImbalance": 0,
    "liquidityScore": 0,
    "depthAt1Pct": {
      "bidVolume": 0,
      "askVolume": 0,
      "imbalance": 0
    },
    "depthAt2Pct": {
      "bidVolume": 0,
      "askVolume": 0,
      "imbalance": 0
    },
    "depthAt5Pct": {
      "bidVolume": 0,
      "askVolume": 0,
      "imbalance": 0
    },
    "weightedMidPrice": 0,
    "volumeWeightedSpread": 0,
    "totalBidLevels": 0,
    "totalAskLevels": 0
  },
  "marketCap": {
    "marketCap": 0,
    "totalVolume24h": 0,
    "volumeToMarketCapRatio": 0,
    "marketCapRank": 0,
    "normalizedRank": 0,
    "isHighLiquidity": false,
    "isVeryHighLiquidity": false,
    "isLowLiquidity": true,
    "liquidityTier": "VERY_LOW"
  },
  "sweeps": {
    "sweepScore": 0,
    "sweepCount": 0,
    "sweepDirection": "NEUTRAL",
    "buySweeps": 0,
    "sellSweeps": 0,
    "avgSweepSize": 0,
    "avgSweepIntensity": 0,
    "bidLiftRatio": 0,
    "askLiftRatio": 0,
    "sweepFrequency": 0,
    "largestSweep": null,
    "recentSweepClusters": 0,
    "sweepDetails": []
  },
  "absorption": {
    "absorptionScore": 0,
    "absorptionLevel": null,
    "absorptionSide": "NONE",
    "icebergProbability": 0,
    "hiddenLiquidityEstimate": 0,
    "volumeAtPrice": {},
    "topAbsorptionLevels": [],
    "persistenceDuration": 0,
    "refillDetected": false
  },
  "orderArrival": {
    "avgInterArrivalTime": 0,
    "recentInterArrivalTime": 0,
    "accelerationRatio": 1,
    "hawkesIntensity": 0,
    "hawkesDirection": "NEUTRAL",
    "clusteringScore": 0,
    "burstCount": 0,
    "cascadeDetected": false,
    "timeToNextTrade": 0,
    "accelerationTrend": "STABLE"
  },
  "liquidityVacuum": {
    "vacuumScore": 0,
    "vacuumSide": "NONE",
    "bidVacuumSeverity": 0,
    "askVacuumSeverity": 0,
    "depthConcentration": 0,
    "priceImpact10k": 0,
    "priceImpact50k": 0,
    "priceImpact100k": 0,
    "largestGapBid": 0,
    "largestGapAsk": 0,
    "avgGapBid": 0,
    "avgGapAsk": 0,
    "bidCliffDistance": 0,
    "askCliffDistance": 0
  },
  "volatilityRegime": {
    "regime": "LOW",
    "regimeScore": -1,
    "currentATR": 4.56,
    "avgATR": 8.446564,
    "atrPercentile": 7.9,
    "realizedVolatility": 114.21,
    "volPercentile": 5.1,
    "expanding": false,
    "contracting": true,
    "transitionProbability": 0.4,
    "daysInRegime": 10,
    "regimeStrength": 1.35
  },
  "temporalPatterns": {
    "currentHour": 17,
    "currentDay": 0,
    "currentDayName": "Sunday",
    "dayBias": "NEUTRAL",
    "hourlyProfile": [
      {
        "avgVolume": 1800.44,
        "avgATR": 0.685714,
        "avgReturn": -0.343
      },
      {
        "avgVolume": 2562.53,
        "avgATR": 0.826429,
        "avgReturn": -0.047
      },
      {
        "avgVolume": 2286.7,
        "avgATR": 0.652143,
        "avgReturn": 0.297
      },
      {
        "avgVolume": 2654.72,
        "avgATR": 0.665714,
        "avgReturn": -0.087
      },
      {
        "avgVolume": 11928.89,
        "avgATR": 0.628571,
        "avgReturn": 0.198
      },
      {
        "avgVolume": 3540.06,
        "avgATR": 0.516429,
        "avgReturn": 0.13
      },
      {
        "avgVolume": 3343.53,
        "avgATR": 0.690714,
        "avgReturn": 0.234
      },
      {
        "avgVolume": 1833.43,
        "avgATR": 0.662857,
        "avgReturn": 0.008
      },
      {
        "avgVolume": 2223.87,
        "avgATR": 0.645,
        "avgReturn": -0.427
      },
      {
        "avgVolume": 1583.24,
        "avgATR": 0.607857,
        "avgReturn": -0.033
      },
      {
        "avgVolume": 1646.42,
        "avgATR": 0.718571,
        "avgReturn": 0.078
      },
      {
        "avgVolume": 1560.27,
        "avgATR": 0.68,
        "avgReturn": 0.309
      },
      {
        "avgVolume": 1852.36,
        "avgATR": 0.803571,
        "avgReturn": 0.437
      },
      {
        "avgVolume": 2291.91,
        "avgATR": 0.694286,
        "avgReturn": -0.089
      },
      {
        "avgVolume": 3491.23,
        "avgATR": 1.026429,
        "avgReturn": 0.036
      },
      {
        "avgVolume": 6422.43,
        "avgATR": 1.081429,
        "avgReturn": -0.433
      },
      {
        "avgVolume": 3947.05,
        "avgATR": 1.241538,
        "avgReturn": -0.048
      },
      {
        "avgVolume": 4542.85,
        "avgATR": 1.067857,
        "avgReturn": -0.647
      },
      {
        "avgVolume": 4443.82,
        "avgATR": 0.948571,
        "avgReturn": 0.608
      },
      {
        "avgVolume": 2400.66,
        "avgATR": 0.755714,
        "avgReturn": -0.336
      },
      {
        "avgVolume": 2925.95,
        "avgATR": 0.659286,
        "avgReturn": -0.247
      },
      {
        "avgVolume": 3350.12,
        "avgATR": 0.786429,
        "avgReturn": -0.465
      },
      {
        "avgVolume": 1924.88,
        "avgATR": 0.641429,
        "avgReturn": -0.228
      },
      {
        "avgVolume": 1380.37,
        "avgATR": 0.557857,
        "avgReturn": 0.048
      }
    ],
    "dailyProfile": [
      {
        "avgVolume": 2933.52,
        "avgATR": 0.711042,
        "avgReturn": -0.312
      },
      {
        "avgVolume": 3342.24,
        "avgATR": 0.8825,
        "avgReturn": 0.227
      },
      {
        "avgVolume": 3044.53,
        "avgATR": 0.859792,
        "avgReturn": 0.052
      },
      {
        "avgVolume": 3341.96,
        "avgATR": 0.819792,
        "avgReturn": -0.312
      },
      {
        "avgVolume": 2240.82,
        "avgATR": 0.805,
        "avgReturn": -0.062
      },
      {
        "avgVolume": 5287.47,
        "avgATR": 0.657708,
        "avgReturn": 0.101
      },
      {
        "avgVolume": 1915.64,
        "avgATR": 0.571489,
        "avgReturn": 0
      }
    ],
    "favorableHours": [
      4,
      15,
      17,
      18,
      16,
      5
    ],
    "favorableWindow": true,
    "currentVsAvgVolume": 0,
    "currentVsAvgVolatility": 0,
    "anomalyDetected": true,
    "timeUntilFavorable": null,
    "temporalScore": 0.5
  },
  "unifiedMicrostructure": {
    "signalDirections": {
      "vpin": "NEUTRAL",
      "sweeps": "NEUTRAL",
      "absorption": "NEUTRAL",
      "arrival": "NEUTRAL",
      "vacuum": "NONE",
      "volRegime": "FAVORABLE",
      "temporal": "FAVORABLE"
    },
    "consensusDirection": "BULLISH",
    "consensusStrength": 100,
    "bullishSignals": 2,
    "bearishSignals": 0,
    "neutralSignals": 0,
    "totalAvailableSignals": 2,
    "dominantPattern": "NONE",
    "clusters": {
      "strongBuyCluster": false,
      "distributionPattern": false,
      "accumulationPattern": false,
      "momentumCascade": false
    },
    "adaptiveWeights": {
      "vpin": 0,
      "sweeps": 0,
      "absorption": 0,
      "arrival": 0,
      "vacuum": 0,
      "volRegime": 0.03,
      "temporal": 0.02
    },
    "convictionLevel": "HIGH",
    "convictionScore": 100,
    "riskAdjustment": "INCREASE",
    "timingQuality": "FAVORABLE",
    "signalQuality": "LOW"
  },
  "deltaAnalysis": {
    "currentDelta": 0,
    "cumulativeDelta": 0,
    "deltaPerVolume": 0,
    "deltaDirection": "NEUTRAL",
    "deltaDivergence": false,
    "institutionalRatio": 0,
    "aggressionScore": 0
  },
  "volumeProfile": {
    "pointOfControl": 0,
    "valueAreaHigh": 0,
    "valueAreaLow": 0,
    "currentPosition": "ABOVE_VALUE_AREA",
    "volumeNodes": [],
    "airPockets": []
  },
  "momentumCascade": {
    "cascadeDetected": false,
    "alignmentScore": 0.004451146297428382,
    "cascadeStrength": 0,
    "acceleratingTimeframes": [
      "15m",
      "1h"
    ],
    "divergingTimeframes": [
      "1m",
      "5m"
    ]
  },
  "breakoutConfirmation": {
    "breakoutConfirmed": false,
    "volumeConfirmation": false,
    "retestStrength": 0,
    "falseBreakoutRisk": 0,
    "breakoutQuality": "NO_BREAKOUT"
  },
  "liquidityHeatmap": {
    "liquidityScore": 0,
    "magnetDirection": "NONE",
    "magnetStrength": 0,
    "priceTarget5pct": null,
    "message": "No order book data"
  },
  "smartMoneyDivergence": {
    "divergenceDetected": false,
    "divergenceDirection": "NONE",
    "smartMoneyScore": 0.5,
    "message": "Insufficient trade data"
  },
  "microstructure": {
    "raw": -0.05195740552527026,
    "pct": 49,
    "summary": {
      "latestBucketSignedZ": 0,
      "buySellRatio": 0.5,
      "tradesPerSec": 0,
      "vwap": 0,
      "aggressorVWAP": 0,
      "vpinToxicity": "UNKNOWN",
      "sweepDirection": "NEUTRAL",
      "absorptionSide": "NONE",
      "icebergDetected": false,
      "hawkesDirection": "NEUTRAL",
      "cascadeDetected": false,
      "vacuumSide": "NONE",
      "volatilityRegime": "LOW",
      "volExpanding": false,
      "favorableTimeWindow": true,
      "temporalAnomaly": true,
      "consensusDirection": "BULLISH",
      "consensusStrength": 100,
      "dominantPattern": "NONE",
      "convictionLevel": "HIGH",
      "riskAdjustment": "INCREASE",
      "timingQuality": "FAVORABLE",
      "deltaDirection": "NEUTRAL",
      "deltaDivergence": false,
      "institutionalRatio": 0,
      "volumeProfilePosition": "ABOVE_VALUE_AREA",
      "pointOfControl": 0,
      "momentumCascadeDetected": false,
      "cascadeStrength": 0,
      "breakoutQuality": "NO_BREAKOUT",
      "breakoutConfirmed": false,
      "magnetDirection": "NONE",
      "magnetStrength": 0,
      "priceTarget5pct": null,
      "nearestBidWall": 0,
      "nearestAskWall": 0,
      "divergenceDetected": false,
      "divergenceDirection": "NONE",
      "whaleAccumulation": false,
      "whaleDistribution": false,
      "retailPanic": false,
      "smartMoneyScore": 0.5
    }
  }
}

=== MICROSTRUCTURE ALERTS ===

🔬 VPIN: Insufficient data for VPIN analysis

🌊 SWEEP DETECTION: No significant sweeps detected

🧊 ABSORPTION & ICEBERG: No significant absorption or iceberg orders detected

⚡ ORDER ARRIVAL DYNAMICS: Insufficient trades for analysis

🌪️ LIQUIDITY VACUUM: No significant vacuum detected

📊 VOLATILITY REGIME DETECTION:
   Current Regime: LOW
   Regime Score: -1.00 (-1=low vol, +1=extreme vol)
   Days in Regime: 10
   ATR: $4.560000 (avg: $8.446564)
   ATR Percentile: 7.9%
   Realized Volatility: 114.21% (annualized)
   Vol Percentile: 5.1%

   🔵 LOW VOLATILITY REGIME:
   ✅ Ideal for breakout setups - price coiling
   ✅ Tight stops recommended
   ✅ Can increase position size (lower risk)

   📉 VOLATILITY CONTRACTING:
   🔄 Consolidation phase - accumulation likely
   ⏳ Wait for expansion before entering

   📍 MODERATE REGIME TRANSITION PROBABILITY: 40%
   Monitor for potential regime change

   ✅ STABLE REGIME: 10 days - predictable conditions

⏰ TEMPORAL PATTERN ANALYSIS:
   Current Time: Sunday 17:00 UTC
   Day Bias: NEUTRAL
   Current vs Avg Volume: 0x
   Current vs Avg Volatility: 0x

   ✅ FAVORABLE TIME WINDOW:
   This hour historically shows strong volume and positive returns
   GOOD time to trade - patterns favor entry

   ⚠️ LOW ACTIVITY ANOMALY:
   Volume 0x below typical - Extremely quiet

   📉 LOW VOLATILITY ANOMALY:
   Volatility 0x below typical - Consolidation likely

   🔥 Best Trading Hours (UTC): 4:00, 15:00, 17:00

🎯 UNIFIED MICROSTRUCTURE INTEGRATION:
   Signal Consensus: BULLISH (100% agreement)
   Available Signals: 2 (2 bullish / 0 bearish / 0 neutral)
   Conviction Level: HIGH (100%)
   Signal Quality: LOW
   Risk Adjustment: INCREASE
   Timing Quality: FAVORABLE

   ✅ HIGH CONVICTION: 100% of signals agree on direction
   Strong institutional alignment - Follow the smart money

   💰 RISK INCREASE OPPORTUNITY: Low vol + Favorable timing = Lower risk

   ⏰ FAVORABLE TIMING: Good time window for trading

   Signal Directions Breakdown:
   • VPIN: NEUTRAL
   • Sweeps: NEUTRAL
   • Absorption: NEUTRAL
   • Arrival Dynamics: NEUTRAL
   • Liquidity Vacuum: NONE
   • Vol Regime: FAVORABLE
   • Temporal: FAVORABLE

   Adaptive Weights (Total: 5.0%):
   • VPIN: 0.0%
   • Sweeps: 0.0%
   • Absorption: 0.0%
   • Arrival: 0.0%
   • Vacuum: 0.0%
   • Vol Regime: 3.0%
   • Temporal: 2.0%


💹 DELTA ANALYSIS (Order Flow Aggression):
   Direction: NEUTRAL
   Delta Per Volume: 0.00%
   Institutional Ratio: 0.0%
   Aggression Score: 0.0%

📊 VOLUME PROFILE (Support/Resistance Strength):
   Point of Control (POC): $0.000000
   Value Area High: $0.000000
   Value Area Low: $0.000000
   Current Position: ABOVE_VALUE_AREA
   ⚠️ DISTRIBUTION RISK: Price above value area - potential rejection zone

⚡ MOMENTUM CASCADE (Multi-Timeframe Alignment):
   Cascade Detected: NO
   Alignment Score: 0.4%
   Cascade Strength: 0.0%
   Accelerating: 15m, 1h
   Diverging: 1m, 5m

💥 BREAKOUT CONFIRMATION:
   Quality: NO_BREAKOUT
   Volume Confirmation: NO
   Retest Strength: 0.0%
   False Breakout Risk: 0.0%
   No breakout detected - price below resistance


levels:
Entry=39.730380000000004, StopLoss=38.141164800000006, TakeProfit=39.942455, 40.15453000000001, 40.32419000000001

---

=== Token: ZEC (ZEC) ===
Contract: ZEC-USD
Timestamp: 2025-12-20T15:00:00.000Z

Calculations:
{
  "momentumScore": 110.51568333065791,
  "volumeScore": 82.24598930481281,
  "patternScore": 30,
  "totalScore": 69.6931916839423,
  "finalScore": 69.6931916839423,
  "weights": "0.27,0.41,0.23",
  "hourlyUptrend": false,
  "rsi": 54.86182190378708,
  "ultraShortVolumeSurge": 1.3817392173700365,
  "baseVolumeSurge": 0.014689101418051513,
  "currentPrice": 448.92,
  "resistance": 451,
  "support": 446,
  "rocMin5": -0.0027988804478208513,
  "shortROC": -0.0021560825979683265,
  "priceAcceleration": -0.00069899609020743,
  "buySellRatio": 0.5542100746105728,
  "macdHistogram": 0.3281834887192231,
  "stochasticK": 55.61497326203203,
  "atr": 1.4299999999999946,
  "bbUpper": 451.0698921233483,
  "bbLower": 445.31110787665176,
  "hammerDetected": false,
  "engulfingDetected": false,
  "compressionSpring": {
    "detected": true,
    "confidence": 66,
    "signals": {
      "sidewaysPrice": true,
      "atrCompression": true,
      "bbSqueeze": true,
      "consolidationTime": true,
      "strongBuying": false,
      "obvPositive": false,
      "chaikinPositive": false,
      "rsiNeutral": true,
      "volumeBuilding": false
    },
    "metrics": {
      "priceRange": 1.26,
      "atrRatio": 0.475,
      "bbWidth": 1.28,
      "volumeRatio": 0.934,
      "signalCount": 5,
      "buySellRatio": 0.554
    }
  },
  "riskTier": "HIGH",
  "atrPercent": 0.6269013887297755,
  "distanceToResistance": 0.46333422436068433,
  "slPercent": 4,
  "tpPercent": 0.39383409070658165,
  "trailingActivation": 0.23630045442394898,
  "shortMomentumScore": 0,
  "overboughtScore": 0,
  "shortPatternScore": 25,
  "shootingStarDetected": false,
  "bearishEngulfingDetected": false,
  "eveningStarDetected": true,
  "bearishPatternsCount": 1,
  "shortTotalScore": 6.25,
  "chaikin": 0.023562110562564725,
  "obvIncreasing": true,
  "obvTrend": "increasing",
  "adx": 44.952545297670596,
  "recentCandles": {
    "redCount": 4,
    "greenCount": 6
  },
  "resistanceDistance": 0.46333422436068433,
  "multiplePatterns": false,
  "bullishPattern": false,
  "priceAboveVWAP": true,
  "breakingResistance": true,
  "atrSufficient": false,
  "macdDivergenceBearish": false,
  "rvolMin1": -0.38971891447056034,
  "rvolMin5": -0.5065334774067839,
  "atrPercentileOld": 0.07317073170731707,
  "vwapDeviation": 1.2696053145288988,
  "bbWidthPercent": 1.2848965443704325,
  "bbSqueeze": true,
  "multiTFMomentum": {
    "min1": {
      "roc1": -0.0012225210607037529,
      "roc3": -0.0021319120586276623
    },
    "min5": {
      "roc1": -0.0021560825979683265,
      "roc3": -0.000534330750734725
    },
    "min15": {
      "roc1": -0.0017115294849851781,
      "roc3": 0.001672725650690278
    },
    "hourly": {
      "roc1": -0.0018893507301784122,
      "roc3": -0.00091222605406601
    },
    "fourHour": {
      "roc1": 0.005891445084115488,
      "roc3": 0.006974188774022859
    },
    "divergenceShortUpLongDown": false
  },
  "returnZMin5": -0.9595723622604831,
  "wickClosePct": 0,
  "wickUpper": 0.18000000000000682,
  "wickLower": 0,
  "wickRatio": 0.18556701030929104,
  "donchianBreakout15": false,
  "bbWidthPercentile15": 0.025974025974025976,
  "signedMin5": 458.8469576300005,
  "signedMin5Z": 1.3885073209913454,
  "signedMin1": 1539.77232489,
  "signedMin1Z": 11.257083744482413,
  "streakMin1": {
    "upStreak": 0,
    "downStreak": 4
  },
  "streakMin5": {
    "upStreak": 0,
    "downStreak": 2
  },
  "rvolPercentileMin1": 0.4263888888888889,
  "rvolPercentileMin5": 0.3402777777777778,
  "perTfMetrics": {
    "min1": {
      "sma20": 449.62,
      "sma50": 448.9663999999999,
      "ema20": 449.61062107105766,
      "ema50": 449.17035223804606,
      "vwma20": 449.86626642402837,
      "hma21": 449.97826839826837,
      "atr14": 0.567142857142857,
      "atrPercentile": 0.21852970795568982,
      "rvolZ": -0.38971891447056034,
      "rvolPercentile": 0.4263888888888889,
      "mfi14": 84.58325232013763,
      "ppo": {
        "ppo": 0.056907734776394304,
        "signal": 0.06313216087418357,
        "histogram": -0.006224426097789261
      },
      "stochRsi": {
        "k": 14.352539740610503,
        "d": 48.45880169815005
      },
      "vprofile": {
        "vpBins": [
          0,
          0.0023600303803354705,
          0.06327056533187016,
          0.016533760315937833,
          0.024787823704396007,
          0.054510408170075283,
          0.05425268395027012,
          0.07288855866661613,
          0.0634117124675789,
          0.17662937720711855,
          0.04221962452859889,
          0.05277547605610776,
          0.010243445519726392,
          0.13982007026687843,
          0.08989815431508442,
          0.0495817286329869,
          0.044221525959547266,
          0.03907063029450952,
          0.003524424232362043,
          0
        ],
        "currentBinShare": 0.05277547605610776
      },
      "ttm": {
        "squeeze": false,
        "release": false,
        "widthPct": 0.4231265431572549
      }
    },
    "min5": {
      "sma20": 448.688,
      "sma50": 448.17219999999986,
      "ema20": 448.9019093923153,
      "ema50": 448.587474035755,
      "vwma20": 449.02045466602596,
      "hma21": 449.4512121212123,
      "atr14": 1.4299999999999946,
      "atrPercentile": 0.072992700729927,
      "rvolZ": -0.5065334774067839,
      "rvolPercentile": 0.3402777777777778,
      "mfi14": 73.2492800103057,
      "ppo": {
        "ppo": 0.07438523510098213,
        "signal": 0.05138433658581297,
        "histogram": 0.023000898515169163
      },
      "stochRsi": {
        "k": 74.0606688937533,
        "d": 59.85324277070262
      },
      "vprofile": {
        "vpBins": [
          0,
          0.035542409268046526,
          0,
          0.008246485050904695,
          0.02209395930279141,
          0.02705927734327697,
          0.011724768081561494,
          0.028358655248629083,
          0.02798634669803405,
          0.06519525410651407,
          0.05002960807146134,
          0.1114054270628987,
          0.14297279937764193,
          0.19191392875858004,
          0.14038841151119807,
          0.06748700066665142,
          0.018100563554986484,
          0.033285425296246327,
          0.013741342653085577,
          0.004468337947491952
        ],
        "currentBinShare": 0.19191392875858004
      },
      "ttm": {
        "squeeze": false,
        "release": false,
        "widthPct": 0.6861945318144382
      }
    },
    "min15": {
      "sma20": 448.19050000000004,
      "sma50": 447.19399999999996,
      "ema20": 448.65889487216765,
      "ema50": 447.53764489315256,
      "vwma20": 448.22803794590385,
      "hma21": 449.16030303030294,
      "atr14": 2.8142857142857087,
      "atrPercentile": 0.07317073170731707,
      "rvolZ": -0.6388135379549664,
      "rvolPercentile": 0.25,
      "mfi14": 59.32635655367565,
      "ppo": {
        "ppo": 0.07931758166159007,
        "signal": 0.0675704723461128,
        "histogram": 0.011747109315477275
      },
      "stochRsi": {
        "k": 71.78551933058952,
        "d": 58.04267521064681
      },
      "vprofile": {
        "vpBins": [
          0.0202649026198427,
          0.018250543652908974,
          0.04774805892765156,
          0.05639775236659917,
          0.05883851061058737,
          0.052507116357259534,
          0.060887207326936796,
          0.034652780752673445,
          0.010526418082461951,
          0.03404003151378638,
          0.028677668271206665,
          0.052082724084458173,
          0.07251141723799905,
          0.1356246184895107,
          0.1164720506291607,
          0.1099922930425398,
          0.005106386114852704,
          0.07532165778361831,
          0.010097862135946038,
          0
        ],
        "currentBinShare": 0.1164720506291607
      },
      "ttm": {
        "squeeze": true,
        "release": false,
        "widthPct": 1.2848965443704325
      }
    },
    "hourly": {
      "sma20": 447.64400000000006,
      "sma50": 423.6129999999999,
      "ema20": 444.19896622104613,
      "ema50": 429.6664102428506,
      "vwma20": 447.7639949179255,
      "hma21": 449.2383982683982,
      "atr14": 5.940714285714291,
      "atrPercentile": 0.006211180124223602,
      "rvolZ": -1.0736254142830792,
      "rvolPercentile": 0.023809523809523808,
      "mfi14": 41.1073104069618,
      "ppo": {
        "ppo": 1.486389979493597,
        "signal": 1.8276639215435877,
        "histogram": -0.3412739420499906
      },
      "stochRsi": {
        "k": 20.77924778950119,
        "d": 52.15112812854247
      },
      "vprofile": {
        "vpBins": [
          0.015503431301183472,
          0.036420980792599214,
          0.047345497545869336,
          0.02673451004542465,
          0.11159035089083308,
          0.11369994018789867,
          0.12899686280565698,
          0.0966701840731861,
          0.03861640072511832,
          0.0032609408489392925,
          0.033302113413788643,
          0.06498765077427976,
          0.04788187696535191,
          0.03155984554101206,
          0.03748568543184511,
          0.05337171240987415,
          0.08678162891290574,
          0.012862728527128707,
          0.012927658807104609,
          0
        ],
        "currentBinShare": 0.03748568543184511
      },
      "ttm": {
        "squeeze": true,
        "release": false,
        "widthPct": 2.6421838038061796
      }
    },
    "fourHour": {
      "sma20": 411.23,
      "sma50": 417.4941999999999,
      "ema20": 422.6046610418782,
      "ema50": 413.10849127733474,
      "vwma20": 407.2777916740174,
      "hma21": 449.62848484848485,
      "atr14": 15.724999999999994,
      "atrPercentile": 0.02857142857142857,
      "rvolZ": -1.2293629494295446,
      "rvolPercentile": 0.07142857142857142,
      "mfi14": 87.52969535262832,
      "ppo": {
        "ppo": 2.8229347686569115,
        "signal": 1.3920196170024233,
        "histogram": 1.4309151516544882
      },
      "stochRsi": {
        "k": 88.51807100777366,
        "d": 80.78995010993468
      },
      "vprofile": {
        "vpBins": [
          0.017661426698855513,
          0.047963508978337434,
          0.042589936651793524,
          0.0066343822319280725,
          0,
          0.012572407854205846,
          0.03277482979723678,
          0.052544373760970126,
          0.05915785837545936,
          0.07492400400540737,
          0.18228278477428686,
          0.04043885073730929,
          0.0355434936973644,
          0.04694226537427169,
          0.07963935651666282,
          0.10176639645669562,
          0.062063092919669605,
          0.07506938908964464,
          0.029431642079901107,
          0
        ],
        "currentBinShare": 0.062063092919669605
      },
      "ttm": {
        "squeeze": false,
        "release": false,
        "widthPct": 25.729134470530678
      }
    },
    "daily": {
      "sma20": 393.9375,
      "sma50": 480.496,
      "ema20": 422.5263578479823,
      "ema50": 416.499032769397,
      "vwma20": 0,
      "hma21": 446.5197402597402,
      "atr14": 47.56428571428571,
      "atrPercentile": 0.15789473684210525,
      "rvolZ": 0,
      "rvolPercentile": 1,
      "mfi14": 50,
      "ppo": {
        "ppo": -2.1709178823359676,
        "signal": -3.6463728241733344,
        "histogram": 1.4754549418373668
      },
      "stochRsi": {
        "k": 100,
        "d": 60.25641833061898
      },
      "vprofile": {
        "vpBins": [
          0,
          0,
          0,
          0,
          0,
          0,
          0,
          0,
          0,
          0,
          0,
          0,
          0,
          0,
          0,
          0,
          0,
          0,
          0,
          0
        ],
        "currentBinShare": 0
      },
      "ttm": {
        "squeeze": false,
        "release": false,
        "widthPct": 43.37613153823275
      }
    }
  },
  "smaMin5": 448.688,
  "emaMin5": 448.9019093923153,
  "vwmaMin5": 449.02045466602596,
  "hmaMin5": 449.4512121212123,
  "keltner15": {
    "upper": 452.46889487216765,
    "middle": 448.65889487216765,
    "lower": 444.84889487216765
  },
  "superTrend15": {
    "isBull": false,
    "finalUpper": 456.96500000000003,
    "finalLower": 441.725
  },
  "mfi15": 59.32635655367565,
  "stochRsi15": {
    "k": 71.78551933058952,
    "d": 58.04267521064681
  },
  "ppo15": {
    "ppo": 0.07931758166159007,
    "signal": 0.0675704723461128,
    "histogram": 0.011747109315477275
  },
  "vpMin15": {
    "vpBins": [
      0.0202649026198427,
      0.018250543652908974,
      0.04774805892765156,
      0.05639775236659917,
      0.05883851061058737,
      0.052507116357259534,
      0.060887207326936796,
      0.034652780752673445,
      0.010526418082461951,
      0.03404003151378638,
      0.028677668271206665,
      0.052082724084458173,
      0.07251141723799905,
      0.1356246184895107,
      0.1164720506291607,
      0.1099922930425398,
      0.005106386114852704,
      0.07532165778361831,
      0.010097862135946038,
      0
    ],
    "currentBinShare": 0.1164720506291607
  },
  "ttm15": {
    "squeeze": true,
    "release": false,
    "widthPct": 1.2848965443704325
  },
  "marketCorrelation": {
    "hourly": {
      "btcCorrelation": 0,
      "ethCorrelation": 0,
      "btcBeta": 1,
      "ethBeta": 1,
      "btcTrend": "UNKNOWN",
      "ethTrend": "UNKNOWN",
      "tokenVol": 0,
      "btcVol": 0,
      "ethVol": 0,
      "marketDependence": 0,
      "verdict": "INSUFFICIENT_DATA"
    },
    "min15": {
      "btcCorrelation": 0,
      "ethCorrelation": 0,
      "btcBeta": 1,
      "ethBeta": 1,
      "btcTrend": "UNKNOWN",
      "ethTrend": "UNKNOWN",
      "tokenVol": 0,
      "btcVol": 0,
      "ethVol": 0,
      "marketDependence": 0,
      "verdict": "INSUFFICIENT_DATA"
    },
    "daily": {
      "btcCorrelation": 0,
      "ethCorrelation": 0,
      "btcBeta": 1,
      "ethBeta": 1,
      "btcTrend": "UNKNOWN",
      "ethTrend": "UNKNOWN",
      "tokenVol": 0,
      "btcVol": 0,
      "ethVol": 0,
      "marketDependence": 0,
      "verdict": "INSUFFICIENT_DATA"
    }
  },
  "tradeTape": {
    "totalTrades": 0,
    "totalVolume": 0,
    "buysVolume": 0,
    "sellsVolume": 0,
    "buySellRatio": 0.5,
    "vwap": 0,
    "signedVolume": 0,
    "avgTradeSize": 0,
    "tradesPerSec": 0,
    "cumulativeDelta": 0,
    "tradesLast1m": 0,
    "tradesLast5m": 0,
    "tradesLast15m": 0,
    "tradesLast1h": 0,
    "buyVWAP": 0,
    "sellVWAP": 0,
    "aggressorVWAP": 0,
    "bucketDurationMs": 60000,
    "bucketCount": 15,
    "bucketSignedVolumes": [],
    "bucketVolumes": [],
    "bucketVWAPs": [],
    "latestBucketSignedZ": 0
  },
  "enhancedMetrics": {
    "relativeVolumeZScore": -1,
    "volumePercentile": 40,
    "atrPercentile": 9.48905109489051,
    "volatilityPercentile": 0.31645569620253167,
    "relativeVolatilityRatio": 0.6715097509763195,
    "isHighVolume": false,
    "isHighVolatility": false,
    "isLowVolatility": true,
    "isExpandingVolatility": false,
    "isContractingVolatility": true
  },
  "orderBook": {
    "bidAskSpread": 0,
    "spreadPct": 0,
    "midPrice": 0,
    "bestBid": 0,
    "bestAsk": 0,
    "bidDepth": 0,
    "askDepth": 0,
    "orderBookImbalance": 0,
    "liquidityScore": 0,
    "depthAt1Pct": {
      "bidVolume": 0,
      "askVolume": 0,
      "imbalance": 0
    },
    "depthAt2Pct": {
      "bidVolume": 0,
      "askVolume": 0,
      "imbalance": 0
    },
    "depthAt5Pct": {
      "bidVolume": 0,
      "askVolume": 0,
      "imbalance": 0
    },
    "weightedMidPrice": 0,
    "volumeWeightedSpread": 0,
    "totalBidLevels": 0,
    "totalAskLevels": 0
  },
  "marketCap": {
    "marketCap": 0,
    "totalVolume24h": 0,
    "volumeToMarketCapRatio": 0,
    "marketCapRank": 0,
    "normalizedRank": 0,
    "isHighLiquidity": false,
    "isVeryHighLiquidity": false,
    "isLowLiquidity": true,
    "liquidityTier": "VERY_LOW"
  },
  "sweeps": {
    "sweepScore": 0,
    "sweepCount": 0,
    "sweepDirection": "NEUTRAL",
    "buySweeps": 0,
    "sellSweeps": 0,
    "avgSweepSize": 0,
    "avgSweepIntensity": 0,
    "bidLiftRatio": 0,
    "askLiftRatio": 0,
    "sweepFrequency": 0,
    "largestSweep": null,
    "recentSweepClusters": 0,
    "sweepDetails": []
  },
  "absorption": {
    "absorptionScore": 0,
    "absorptionLevel": null,
    "absorptionSide": "NONE",
    "icebergProbability": 0,
    "hiddenLiquidityEstimate": 0,
    "volumeAtPrice": {},
    "topAbsorptionLevels": [],
    "persistenceDuration": 0,
    "refillDetected": false
  },
  "orderArrival": {
    "avgInterArrivalTime": 0,
    "recentInterArrivalTime": 0,
    "accelerationRatio": 1,
    "hawkesIntensity": 0,
    "hawkesDirection": "NEUTRAL",
    "clusteringScore": 0,
    "burstCount": 0,
    "cascadeDetected": false,
    "timeToNextTrade": 0,
    "accelerationTrend": "STABLE"
  },
  "liquidityVacuum": {
    "vacuumScore": 0,
    "vacuumSide": "NONE",
    "bidVacuumSeverity": 0,
    "askVacuumSeverity": 0,
    "depthConcentration": 0,
    "priceImpact10k": 0,
    "priceImpact50k": 0,
    "priceImpact100k": 0,
    "largestGapBid": 0,
    "largestGapAsk": 0,
    "avgGapBid": 0,
    "avgGapAsk": 0,
    "bidCliffDistance": 0,
    "askCliffDistance": 0
  },
  "volatilityRegime": {
    "regime": "LOW",
    "regimeScore": -1,
    "currentATR": 49.55,
    "avgATR": 76.747,
    "atrPercentile": 19.7,
    "realizedVolatility": 136.76,
    "volPercentile": 8.5,
    "expanding": false,
    "contracting": true,
    "transitionProbability": 0.4,
    "daysInRegime": 2,
    "regimeStrength": 0.59
  },
  "temporalPatterns": {
    "currentHour": 17,
    "currentDay": 0,
    "currentDayName": "Sunday",
    "dayBias": "NEUTRAL",
    "hourlyProfile": [
      {
        "avgVolume": 6848.51,
        "avgATR": 8.497857,
        "avgReturn": 0.051
      },
      {
        "avgVolume": 6907.85,
        "avgATR": 8.188571,
        "avgReturn": -0.035
      },
      {
        "avgVolume": 5411.51,
        "avgATR": 7.785,
        "avgReturn": 0.03
      },
      {
        "avgVolume": 6437.38,
        "avgATR": 8.36,
        "avgReturn": 0.185
      },
      {
        "avgVolume": 7332.67,
        "avgATR": 9.832143,
        "avgReturn": 0.044
      },
      {
        "avgVolume": 6824.89,
        "avgATR": 8.607143,
        "avgReturn": 0.446
      },
      {
        "avgVolume": 6069.87,
        "avgATR": 8.977143,
        "avgReturn": 0.426
      },
      {
        "avgVolume": 5193.56,
        "avgATR": 8.507143,
        "avgReturn": -0.056
      },
      {
        "avgVolume": 4413.88,
        "avgATR": 7.664286,
        "avgReturn": -0.413
      },
      {
        "avgVolume": 6185.23,
        "avgATR": 8.399286,
        "avgReturn": 0.278
      },
      {
        "avgVolume": 5048.06,
        "avgATR": 8.62,
        "avgReturn": 0.54
      },
      {
        "avgVolume": 5971.38,
        "avgATR": 9.773571,
        "avgReturn": 0.34
      },
      {
        "avgVolume": 8530.03,
        "avgATR": 11.370714,
        "avgReturn": 0.588
      },
      {
        "avgVolume": 8625.06,
        "avgATR": 9.377143,
        "avgReturn": -0.195
      },
      {
        "avgVolume": 12632.01,
        "avgATR": 11.400714,
        "avgReturn": 0.088
      },
      {
        "avgVolume": 13453.46,
        "avgATR": 13.030714,
        "avgReturn": 0.641
      },
      {
        "avgVolume": 12585.92,
        "avgATR": 12.065385,
        "avgReturn": 0.307
      },
      {
        "avgVolume": 11973.28,
        "avgATR": 10.965714,
        "avgReturn": -0.211
      },
      {
        "avgVolume": 11555.41,
        "avgATR": 11.590714,
        "avgReturn": 0.246
      },
      {
        "avgVolume": 9109.45,
        "avgATR": 9.428571,
        "avgReturn": -0.855
      },
      {
        "avgVolume": 10076,
        "avgATR": 10.186429,
        "avgReturn": -0.226
      },
      {
        "avgVolume": 6850.33,
        "avgATR": 8.567143,
        "avgReturn": 0.351
      },
      {
        "avgVolume": 7626.72,
        "avgATR": 8.191429,
        "avgReturn": -0.268
      },
      {
        "avgVolume": 7359.88,
        "avgATR": 8.627857,
        "avgReturn": 0.156
      }
    ],
    "dailyProfile": [
      {
        "avgVolume": 7473.12,
        "avgATR": 8.01,
        "avgReturn": -0.18
      },
      {
        "avgVolume": 9610.51,
        "avgATR": 10.886042,
        "avgReturn": 0.414
      },
      {
        "avgVolume": 8590.57,
        "avgATR": 10.902708,
        "avgReturn": 0.104
      },
      {
        "avgVolume": 7991.06,
        "avgATR": 9.173958,
        "avgReturn": -0.28
      },
      {
        "avgVolume": 9428.87,
        "avgATR": 10.383125,
        "avgReturn": 0.302
      },
      {
        "avgVolume": 7183.23,
        "avgATR": 8.685833,
        "avgReturn": 0.304
      },
      {
        "avgVolume": 5881.12,
        "avgATR": 8.385957,
        "avgReturn": 0.048
      }
    ],
    "favorableHours": [
      15,
      14,
      16,
      17,
      18,
      20
    ],
    "favorableWindow": true,
    "currentVsAvgVolume": 0,
    "currentVsAvgVolatility": 0,
    "anomalyDetected": true,
    "timeUntilFavorable": null,
    "temporalScore": 0.5
  },
  "unifiedMicrostructure": {
    "signalDirections": {
      "vpin": "NEUTRAL",
      "sweeps": "NEUTRAL",
      "absorption": "NEUTRAL",
      "arrival": "NEUTRAL",
      "vacuum": "NONE",
      "volRegime": "FAVORABLE",
      "temporal": "FAVORABLE"
    },
    "consensusDirection": "BULLISH",
    "consensusStrength": 100,
    "bullishSignals": 2,
    "bearishSignals": 0,
    "neutralSignals": 0,
    "totalAvailableSignals": 2,
    "dominantPattern": "NONE",
    "clusters": {
      "strongBuyCluster": false,
      "distributionPattern": false,
      "accumulationPattern": false,
      "momentumCascade": false
    },
    "adaptiveWeights": {
      "vpin": 0,
      "sweeps": 0,
      "absorption": 0,
      "arrival": 0,
      "vacuum": 0,
      "volRegime": 0.03,
      "temporal": 0.02
    },
    "convictionLevel": "HIGH",
    "convictionScore": 100,
    "riskAdjustment": "INCREASE",
    "timingQuality": "FAVORABLE",
    "signalQuality": "LOW"
  },
  "deltaAnalysis": {
    "currentDelta": 0,
    "cumulativeDelta": 0,
    "deltaPerVolume": 0,
    "deltaDirection": "NEUTRAL",
    "deltaDivergence": false,
    "institutionalRatio": 0,
    "aggressionScore": 0
  },
  "volumeProfile": {
    "pointOfControl": 0,
    "valueAreaHigh": 0,
    "valueAreaLow": 0,
    "currentPosition": "ABOVE_VALUE_AREA",
    "volumeNodes": [],
    "airPockets": []
  },
  "momentumCascade": {
    "cascadeDetected": false,
    "alignmentScore": 0.001264211509986946,
    "cascadeStrength": 0,
    "acceleratingTimeframes": [
      "1h"
    ],
    "divergingTimeframes": [
      "1m",
      "5m",
      "15m"
    ]
  },
  "breakoutConfirmation": {
    "breakoutConfirmed": false,
    "volumeConfirmation": false,
    "retestStrength": 0,
    "falseBreakoutRisk": 0,
    "breakoutQuality": "NO_BREAKOUT"
  },
  "liquidityHeatmap": {
    "liquidityScore": 0,
    "magnetDirection": "NONE",
    "magnetStrength": 0,
    "priceTarget5pct": null,
    "message": "No order book data"
  },
  "smartMoneyDivergence": {
    "divergenceDetected": false,
    "divergenceDirection": "NONE",
    "smartMoneyScore": 0.5,
    "message": "Insufficient trade data"
  },
  "microstructure": {
    "raw": -0.020566848378453295,
    "pct": 50,
    "summary": {
      "latestBucketSignedZ": 0,
      "buySellRatio": 0.5,
      "tradesPerSec": 0,
      "vwap": 0,
      "aggressorVWAP": 0,
      "vpinToxicity": "UNKNOWN",
      "sweepDirection": "NEUTRAL",
      "absorptionSide": "NONE",
      "icebergDetected": false,
      "hawkesDirection": "NEUTRAL",
      "cascadeDetected": false,
      "vacuumSide": "NONE",
      "volatilityRegime": "LOW",
      "volExpanding": false,
      "favorableTimeWindow": true,
      "temporalAnomaly": true,
      "consensusDirection": "BULLISH",
      "consensusStrength": 100,
      "dominantPattern": "NONE",
      "convictionLevel": "HIGH",
      "riskAdjustment": "INCREASE",
      "timingQuality": "FAVORABLE",
      "deltaDirection": "NEUTRAL",
      "deltaDivergence": false,
      "institutionalRatio": 0,
      "volumeProfilePosition": "ABOVE_VALUE_AREA",
      "pointOfControl": 0,
      "momentumCascadeDetected": false,
      "cascadeStrength": 0,
      "breakoutQuality": "NO_BREAKOUT",
      "breakoutConfirmed": false,
      "magnetDirection": "NONE",
      "magnetStrength": 0,
      "priceTarget5pct": null,
      "nearestBidWall": 0,
      "nearestAskWall": 0,
      "divergenceDetected": false,
      "divergenceDirection": "NONE",
      "whaleAccumulation": false,
      "whaleDistribution": false,
      "retailPanic": false,
      "smartMoneyScore": 0.5
    }
  }
}

=== MICROSTRUCTURE ALERTS ===

🔬 VPIN: Insufficient data for VPIN analysis

🌊 SWEEP DETECTION: No significant sweeps detected

🧊 ABSORPTION & ICEBERG: No significant absorption or iceberg orders detected

⚡ ORDER ARRIVAL DYNAMICS: Insufficient trades for analysis

🌪️ LIQUIDITY VACUUM: No significant vacuum detected

📊 VOLATILITY REGIME DETECTION:
   Current Regime: LOW
   Regime Score: -1.00 (-1=low vol, +1=extreme vol)
   Days in Regime: 2
   ATR: $49.550000 (avg: $76.747000)
   ATR Percentile: 19.7%
   Realized Volatility: 136.76% (annualized)
   Vol Percentile: 8.5%

   🔵 LOW VOLATILITY REGIME:
   ✅ Ideal for breakout setups - price coiling
   ✅ Tight stops recommended
   ✅ Can increase position size (lower risk)

   📉 VOLATILITY CONTRACTING:
   🔄 Consolidation phase - accumulation likely
   ⏳ Wait for expansion before entering

   📍 MODERATE REGIME TRANSITION PROBABILITY: 40%
   Monitor for potential regime change

   ⚠️ NEW REGIME: Only 2 day(s) - conditions still settling

⏰ TEMPORAL PATTERN ANALYSIS:
   Current Time: Sunday 17:00 UTC
   Day Bias: NEUTRAL
   Current vs Avg Volume: 0x
   Current vs Avg Volatility: 0x

   ✅ FAVORABLE TIME WINDOW:
   This hour historically shows strong volume and positive returns
   GOOD time to trade - patterns favor entry

   ⚠️ LOW ACTIVITY ANOMALY:
   Volume 0x below typical - Extremely quiet

   📉 LOW VOLATILITY ANOMALY:
   Volatility 0x below typical - Consolidation likely

   🔥 Best Trading Hours (UTC): 15:00, 14:00, 16:00

🎯 UNIFIED MICROSTRUCTURE INTEGRATION:
   Signal Consensus: BULLISH (100% agreement)
   Available Signals: 2 (2 bullish / 0 bearish / 0 neutral)
   Conviction Level: HIGH (100%)
   Signal Quality: LOW
   Risk Adjustment: INCREASE
   Timing Quality: FAVORABLE

   ✅ HIGH CONVICTION: 100% of signals agree on direction
   Strong institutional alignment - Follow the smart money

   💰 RISK INCREASE OPPORTUNITY: Low vol + Favorable timing = Lower risk

   ⏰ FAVORABLE TIMING: Good time window for trading

   Signal Directions Breakdown:
   • VPIN: NEUTRAL
   • Sweeps: NEUTRAL
   • Absorption: NEUTRAL
   • Arrival Dynamics: NEUTRAL
   • Liquidity Vacuum: NONE
   • Vol Regime: FAVORABLE
   • Temporal: FAVORABLE

   Adaptive Weights (Total: 5.0%):
   • VPIN: 0.0%
   • Sweeps: 0.0%
   • Absorption: 0.0%
   • Arrival: 0.0%
   • Vacuum: 0.0%
   • Vol Regime: 3.0%
   • Temporal: 2.0%


💹 DELTA ANALYSIS (Order Flow Aggression):
   Direction: NEUTRAL
   Delta Per Volume: 0.00%
   Institutional Ratio: 0.0%
   Aggression Score: 0.0%

📊 VOLUME PROFILE (Support/Resistance Strength):
   Point of Control (POC): $0.000000
   Value Area High: $0.000000
   Value Area Low: $0.000000
   Current Position: ABOVE_VALUE_AREA
   ⚠️ DISTRIBUTION RISK: Price above value area - potential rejection zone

⚡ MOMENTUM CASCADE (Multi-Timeframe Alignment):
   Cascade Detected: NO
   Alignment Score: 0.1%
   Cascade Strength: 0.0%
   Accelerating: 1h
   Diverging: 1m, 5m, 15m

💥 BREAKOUT CONFIRMATION:
   Quality: NO_BREAKOUT
   Volume Confirmation: NO
   Retest Strength: 0.0%
   False Breakout Risk: 0.0%
   No breakout detected - price below resistance


levels:
Entry=448.02216000000004, StopLoss=430.1012736, TakeProfit=448.90439200000003, 449.7866240000001, 450.4924096

---

=== Token: OMNI (OMNI) ===
Contract: OMNI-USD
Timestamp: 2025-12-20T15:00:00.000Z

Calculations:
{
  "momentumScore": 58.57323473596816,
  "volumeScore": 16.38450448762778,
  "patternScore": 15.084650334668307,
  "totalScore": 23.583217380412556,
  "finalScore": 0,
  "weights": "0.23,0.45,0.23",
  "hourlyUptrend": false,
  "rsi": 70.76923076923079,
  "ultraShortVolumeSurge": 0.7480771275143875,
  "baseVolumeSurge": 0.015823758348399074,
  "currentPrice": 1.347,
  "resistance": 1.352,
  "support": 1.334,
  "rocMin5": 0.0037257824143069247,
  "shortROC": 0.008233532934131661,
  "priceAcceleration": 0.00094623939220314,
  "buySellRatio": 0.14261224712808535,
  "macdHistogram": 0.0026345044876279126,
  "stochasticK": 84.37499999999966,
  "atr": 0.006857142857142847,
  "bbUpper": 1.3558623628941937,
  "bbLower": 1.3091376371058063,
  "hammerDetected": false,
  "engulfingDetected": true,
  "compressionSpring": {
    "detected": true,
    "confidence": 44,
    "signals": {
      "sidewaysPrice": true,
      "atrCompression": false,
      "bbSqueeze": true,
      "consolidationTime": true,
      "strongBuying": false,
      "obvPositive": false,
      "chaikinPositive": false,
      "rsiNeutral": true,
      "volumeBuilding": false
    },
    "metrics": {
      "priceRange": 2.42,
      "atrRatio": 0.881,
      "bbWidth": 3.51,
      "volumeRatio": 0.283,
      "signalCount": 4,
      "buySellRatio": 0.143
    }
  },
  "riskTier": "LOW",
  "atrPercent": 0.7052709725315529,
  "distanceToResistance": 0.3711952487008252,
  "slPercent": 2.5,
  "tpPercent": 0.3155159613957014,
  "trailingActivation": 0.18930957683742086,
  "shortMomentumScore": 45,
  "overboughtScore": 15,
  "shortPatternScore": 0,
  "shootingStarDetected": false,
  "bearishEngulfingDetected": false,
  "eveningStarDetected": false,
  "bearishPatternsCount": 0,
  "shortTotalScore": 23.25,
  "chaikin": -0.6537466295024511,
  "obvIncreasing": false,
  "obvTrend": "declining",
  "adx": 21.311475409835925,
  "recentCandles": {
    "redCount": 6,
    "greenCount": 4
  },
  "resistanceDistance": 0.3711952487008252,
  "multiplePatterns": false,
  "bullishPattern": true,
  "priceAboveVWAP": false,
  "breakingResistance": true,
  "atrSufficient": false,
  "macdDivergenceBearish": false,
  "rvolMin1": -0.2933255714619962,
  "rvolMin5": -0.27007184675894447,
  "atrPercentileOld": 0.43902439024390244,
  "vwapDeviation": -0.6895976988469965,
  "bbWidthPercent": 3.506546025394925,
  "bbSqueeze": false,
  "multiTFMomentum": {
    "min1": {
      "roc1": -0.0007485029940120598,
      "roc3": -0.002242152466367798
    },
    "min5": {
      "roc1": 0.008233532934131661,
      "roc3": 0.009745127436281784
    },
    "min15": {
      "roc1": 0,
      "roc3": 0.005223880597014847
    },
    "hourly": {
      "roc1": -0.006681514476614623,
      "roc3": 0.00299850074962519
    },
    "fourHour": {
      "roc1": -0.0014925373134328371,
      "roc3": -0.016899338721528222
    },
    "divergenceShortUpLongDown": true
  },
  "returnZMin5": 0.5808051076293642,
  "wickClosePct": 1,
  "wickUpper": 0,
  "wickLower": 0.001000000000000112,
  "wickRatio": 0.09090909090910192,
  "donchianBreakout15": false,
  "bbWidthPercentile15": 0.35064935064935066,
  "signedMin5": 129.27999999999975,
  "signedMin5Z": 0.11859169428413922,
  "signedMin1": 1808.4900000000007,
  "signedMin1Z": 3.3863963087295024,
  "streakMin1": {
    "upStreak": 0,
    "downStreak": 4
  },
  "streakMin5": {
    "upStreak": 1,
    "downStreak": 0
  },
  "rvolPercentileMin1": 0.41388888888888886,
  "rvolPercentileMin5": 0.6423611111111112,
  "perTfMetrics": {
    "min1": {
      "sma20": 1.34005,
      "sma50": 1.33608,
      "ema20": 1.3374278859569537,
      "ema50": 1.335744936582164,
      "vwma20": 1.3401702203776176,
      "hma21": 1.335493506493507,
      "atr14": 0.00314285714285713,
      "atrPercentile": 0.05740181268882175,
      "rvolZ": -0.2933255714619962,
      "rvolPercentile": 0.41388888888888886,
      "mfi14": 27.508535901747948,
      "ppo": {
        "ppo": 0.04346372288813979,
        "signal": 0.09924991007669816,
        "histogram": -0.05578618718855837
      },
      "stochRsi": {
        "k": 6.7973856209151915,
        "d": 40.194084244427465
      },
      "vprofile": {
        "vpBins": [
          0.016955224874080202,
          0.06264331314625002,
          0.014911174603723602,
          0.2200167485194953,
          0.10107517794690168,
          0.15441838049680098,
          0.09726018301338593,
          0.04210345481856014,
          0.01648030825367889,
          0.0766736650658284,
          0.05063139764975821,
          0.008912966267868309,
          0.033412855899921316,
          0.00007896243362220423,
          0.04495507543278021,
          0.03761940009106783,
          0,
          0.014014363658225136,
          0.007837347828051795,
          0
        ],
        "currentBinShare": 0.10107517794690168
      },
      "ttm": {
        "squeeze": false,
        "release": false,
        "widthPct": 1.053125322924855
      }
    },
    "min5": {
      "sma20": 1.33655,
      "sma50": 1.3373599999999999,
      "ema20": 1.3373411637218158,
      "ema50": 1.3338585585132912,
      "vwma20": 1.3399072497107918,
      "hma21": 1.3447142857142858,
      "atr14": 0.006857142857142847,
      "atrPercentile": 0.5583941605839416,
      "rvolZ": -0.27007184675894447,
      "rvolPercentile": 0.6423611111111112,
      "mfi14": 46.76104468734829,
      "ppo": {
        "ppo": 0.1823979346793314,
        "signal": 0.13958459560773445,
        "histogram": 0.042813339071596956
      },
      "stochRsi": {
        "k": 100,
        "d": 59.87228939495097
      },
      "vprofile": {
        "vpBins": [
          0.03411860159522142,
          0.08531546291597789,
          0.06987628868644648,
          0,
          0.2005722436411828,
          0.13220591866131584,
          0.14050662564261068,
          0.040051740637844405,
          0.07744018278704569,
          0.05164756674368492,
          0.033246060025976604,
          0.10000633400546563,
          0,
          0.03501297465722761,
          0,
          0,
          0,
          0,
          0,
          0
        ],
        "currentBinShare": 0.14050662564261068
      },
      "ttm": {
        "squeeze": false,
        "release": false,
        "widthPct": 2.6047073346547887
      }
    },
    "min15": {
      "sma20": 1.3325,
      "sma50": 1.3321400000000003,
      "ema20": 1.3370972746749346,
      "ema50": 1.3295927077295986,
      "vwma20": 1.327616254791123,
      "hma21": 1.3501731601731597,
      "atr14": 0.009500000000000017,
      "atrPercentile": 0.43902439024390244,
      "rvolZ": -0.43817238707323336,
      "rvolPercentile": 0.4791666666666667,
      "mfi14": 55.57155574527638,
      "ppo": {
        "ppo": 0.2521934058322717,
        "signal": 0.15700761053871778,
        "histogram": 0.0951857952935539
      },
      "stochRsi": {
        "k": 68.29035339063988,
        "d": 61.5610651974288
      },
      "vprofile": {
        "vpBins": [
          0.060580823326592016,
          0.07325585043336401,
          0,
          0.1702513411826281,
          0.16191217329357419,
          0.17009937491822055,
          0.07804837363194014,
          0.005305198914351782,
          0.09321408649221918,
          0,
          0,
          0.14698229126255194,
          0.04035048654455802,
          0,
          0,
          0,
          0,
          0,
          0,
          0
        ],
        "currentBinShare": 0.17009937491822055
      },
      "ttm": {
        "squeeze": false,
        "release": false,
        "widthPct": 3.506546025394925
      }
    },
    "hourly": {
      "sma20": 1.33485,
      "sma50": 1.2939,
      "ema20": 1.328672343464591,
      "ema50": 1.310078056772712,
      "vwma20": 1.328228220779608,
      "hma21": 1.3293679653679653,
      "atr14": 0.0142857142857143,
      "atrPercentile": 0.059006211180124224,
      "rvolZ": -0.4374911548884628,
      "rvolPercentile": 0.09226190476190477,
      "mfi14": 63.40211345455811,
      "ppo": {
        "ppo": 0.8983247867523435,
        "signal": 1.0299233868459547,
        "histogram": -0.13159860009361124
      },
      "stochRsi": {
        "k": 18.549247868843132,
        "d": 47.5534027857866
      },
      "vprofile": {
        "vpBins": [
          0.00958202881169835,
          0.04328940375186976,
          0.05519797935544044,
          0.09743467670308818,
          0.14724785916168454,
          0.13676526423287566,
          0.05497862946219094,
          0.15869209201096268,
          0.053454230917268274,
          0,
          0.08079476051591683,
          0.12140655113386856,
          0.041156523943135945,
          0,
          0,
          0,
          0,
          0,
          0,
          0
        ],
        "currentBinShare": 0.14724785916168454
      },
      "ttm": {
        "squeeze": false,
        "release": false,
        "widthPct": 4.627066040050345
      }
    },
    "fourHour": {
      "sma20": 1.29205,
      "sma50": 1.32784,
      "ema20": 1.3087198918304082,
      "ema50": 1.3344786698033984,
      "vwma20": 1.3096393794221042,
      "hma21": 1.3155930735930743,
      "atr14": 0.056642857142857155,
      "atrPercentile": 0.4142857142857143,
      "rvolZ": -0.5624367082362814,
      "rvolPercentile": 0.08333333333333333,
      "mfi14": 54.876979100207066,
      "ppo": {
        "ppo": 0.3734452798871855,
        "signal": -0.40911450709746344,
        "histogram": 0.782559786984649
      },
      "stochRsi": {
        "k": 79.5904977375566,
        "d": 58.3037703037703
      },
      "vprofile": {
        "vpBins": [
          0.02554599971773519,
          0.10836184401610924,
          0.16870745016944558,
          0.11097126323359685,
          0.1726645423892046,
          0.10240518641966134,
          0.06066676984127974,
          0.03786343001394927,
          0,
          0,
          0,
          0,
          0.10336015903696288,
          0,
          0,
          0,
          0.10945335516205541,
          0,
          0,
          0
        ],
        "currentBinShare": 0.11097126323359685
      },
      "ttm": {
        "squeeze": false,
        "release": false,
        "widthPct": 11.100044886477665
      }
    },
    "daily": {
      "sma20": 1.3231,
      "sma50": 1.54662,
      "ema20": 1.353150410401552,
      "ema50": 1.6294602811455607,
      "vwma20": 0,
      "hma21": 1.3274372294372294,
      "atr14": 0.18500000000000005,
      "atrPercentile": 0.013157894736842105,
      "rvolZ": 0,
      "rvolPercentile": 1,
      "mfi14": 50,
      "ppo": {
        "ppo": -4.599453821721133,
        "signal": -6.138897887674853,
        "histogram": 1.5394440659537194
      },
      "stochRsi": {
        "k": 86.40579036971332,
        "d": 39.72578317050954
      },
      "vprofile": {
        "vpBins": [
          0,
          0,
          0,
          0,
          0,
          0,
          0,
          0,
          0,
          0,
          0,
          0,
          0,
          0,
          0,
          0,
          0,
          0,
          0,
          0
        ],
        "currentBinShare": 0
      },
      "ttm": {
        "squeeze": false,
        "release": false,
        "widthPct": 40.591936607068504
      }
    }
  },
  "smaMin5": 1.33655,
  "emaMin5": 1.3373411637218158,
  "vwmaMin5": 1.3399072497107918,
  "hmaMin5": 1.3447142857142858,
  "keltner15": {
    "upper": 1.3466972746749346,
    "middle": 1.3370972746749346,
    "lower": 1.3274972746749345
  },
  "superTrend15": {
    "isBull": false,
    "finalUpper": 1.3667000000000002,
    "finalLower": 1.3283
  },
  "mfi15": 55.57155574527638,
  "stochRsi15": {
    "k": 68.29035339063988,
    "d": 61.5610651974288
  },
  "ppo15": {
    "ppo": 0.2521934058322717,
    "signal": 0.15700761053871778,
    "histogram": 0.0951857952935539
  },
  "vpMin15": {
    "vpBins": [
      0.060580823326592016,
      0.07325585043336401,
      0,
      0.1702513411826281,
      0.16191217329357419,
      0.17009937491822055,
      0.07804837363194014,
      0.005305198914351782,
      0.09321408649221918,
      0,
      0,
      0.14698229126255194,
      0.04035048654455802,
      0,
      0,
      0,
      0,
      0,
      0,
      0
    ],
    "currentBinShare": 0.17009937491822055
  },
  "ttm15": {
    "squeeze": false,
    "release": false,
    "widthPct": 3.506546025394925
  },
  "marketCorrelation": {
    "hourly": {
      "btcCorrelation": 0,
      "ethCorrelation": 0,
      "btcBeta": 1,
      "ethBeta": 1,
      "btcTrend": "UNKNOWN",
      "ethTrend": "UNKNOWN",
      "tokenVol": 0,
      "btcVol": 0,
      "ethVol": 0,
      "marketDependence": 0,
      "verdict": "INSUFFICIENT_DATA"
    },
    "min15": {
      "btcCorrelation": 0,
      "ethCorrelation": 0,
      "btcBeta": 1,
      "ethBeta": 1,
      "btcTrend": "UNKNOWN",
      "ethTrend": "UNKNOWN",
      "tokenVol": 0,
      "btcVol": 0,
      "ethVol": 0,
      "marketDependence": 0,
      "verdict": "INSUFFICIENT_DATA"
    },
    "daily": {
      "btcCorrelation": 0,
      "ethCorrelation": 0,
      "btcBeta": 1,
      "ethBeta": 1,
      "btcTrend": "UNKNOWN",
      "ethTrend": "UNKNOWN",
      "tokenVol": 0,
      "btcVol": 0,
      "ethVol": 0,
      "marketDependence": 0,
      "verdict": "INSUFFICIENT_DATA"
    }
  },
  "tradeTape": {
    "totalTrades": 0,
    "totalVolume": 0,
    "buysVolume": 0,
    "sellsVolume": 0,
    "buySellRatio": 0.5,
    "vwap": 0,
    "signedVolume": 0,
    "avgTradeSize": 0,
    "tradesPerSec": 0,
    "cumulativeDelta": 0,
    "tradesLast1m": 0,
    "tradesLast5m": 0,
    "tradesLast15m": 0,
    "tradesLast1h": 0,
    "buyVWAP": 0,
    "sellVWAP": 0,
    "aggressorVWAP": 0,
    "bucketDurationMs": 60000,
    "bucketCount": 15,
    "bucketSignedVolumes": [],
    "bucketVolumes": [],
    "bucketVWAPs": [],
    "latestBucketSignedZ": 0
  },
  "enhancedMetrics": {
    "relativeVolumeZScore": -1,
    "volumePercentile": 40,
    "atrPercentile": 56.56934306569343,
    "volatilityPercentile": 31.645569620253166,
    "relativeVolatilityRatio": 0.7143787248009215,
    "isHighVolume": false,
    "isHighVolatility": false,
    "isLowVolatility": false,
    "isExpandingVolatility": false,
    "isContractingVolatility": true
  },
  "orderBook": {
    "bidAskSpread": 0,
    "spreadPct": 0,
    "midPrice": 0,
    "bestBid": 0,
    "bestAsk": 0,
    "bidDepth": 0,
    "askDepth": 0,
    "orderBookImbalance": 0,
    "liquidityScore": 0,
    "depthAt1Pct": {
      "bidVolume": 0,
      "askVolume": 0,
      "imbalance": 0
    },
    "depthAt2Pct": {
      "bidVolume": 0,
      "askVolume": 0,
      "imbalance": 0
    },
    "depthAt5Pct": {
      "bidVolume": 0,
      "askVolume": 0,
      "imbalance": 0
    },
    "weightedMidPrice": 0,
    "volumeWeightedSpread": 0,
    "totalBidLevels": 0,
    "totalAskLevels": 0
  },
  "marketCap": {
    "marketCap": 0,
    "totalVolume24h": 0,
    "volumeToMarketCapRatio": 0,
    "marketCapRank": 0,
    "normalizedRank": 0,
    "isHighLiquidity": false,
    "isVeryHighLiquidity": false,
    "isLowLiquidity": true,
    "liquidityTier": "VERY_LOW"
  },
  "sweeps": {
    "sweepScore": 0,
    "sweepCount": 0,
    "sweepDirection": "NEUTRAL",
    "buySweeps": 0,
    "sellSweeps": 0,
    "avgSweepSize": 0,
    "avgSweepIntensity": 0,
    "bidLiftRatio": 0,
    "askLiftRatio": 0,
    "sweepFrequency": 0,
    "largestSweep": null,
    "recentSweepClusters": 0,
    "sweepDetails": []
  },
  "absorption": {
    "absorptionScore": 0,
    "absorptionLevel": null,
    "absorptionSide": "NONE",
    "icebergProbability": 0,
    "hiddenLiquidityEstimate": 0,
    "volumeAtPrice": {},
    "topAbsorptionLevels": [],
    "persistenceDuration": 0,
    "refillDetected": false
  },
  "orderArrival": {
    "avgInterArrivalTime": 0,
    "recentInterArrivalTime": 0,
    "accelerationRatio": 1,
    "hawkesIntensity": 0,
    "hawkesDirection": "NEUTRAL",
    "clusteringScore": 0,
    "burstCount": 0,
    "cascadeDetected": false,
    "timeToNextTrade": 0,
    "accelerationTrend": "STABLE"
  },
  "liquidityVacuum": {
    "vacuumScore": 0,
    "vacuumSide": "NONE",
    "bidVacuumSeverity": 0,
    "askVacuumSeverity": 0,
    "depthConcentration": 0,
    "priceImpact10k": 0,
    "priceImpact50k": 0,
    "priceImpact100k": 0,
    "largestGapBid": 0,
    "largestGapAsk": 0,
    "avgGapBid": 0,
    "avgGapAsk": 0,
    "bidCliffDistance": 0,
    "askCliffDistance": 0
  },
  "volatilityRegime": {
    "regime": "LOW",
    "regimeScore": -1,
    "currentATR": 0.194,
    "avgATR": 0.267272,
    "atrPercentile": 2.6,
    "realizedVolatility": 159.86,
    "volPercentile": 35.6,
    "expanding": false,
    "contracting": false,
    "transitionProbability": 0.3,
    "daysInRegime": 3,
    "regimeStrength": 0.09
  },
  "temporalPatterns": {
    "currentHour": 17,
    "currentDay": 0,
    "currentDayName": "Sunday",
    "dayBias": "NEUTRAL",
    "hourlyProfile": [
      {
        "avgVolume": 4403.19,
        "avgATR": 0.039429,
        "avgReturn": -0.399
      },
      {
        "avgVolume": 5383.92,
        "avgATR": 0.054727,
        "avgReturn": 0.382
      },
      {
        "avgVolume": 1609.62,
        "avgATR": 0.022846,
        "avgReturn": -0.133
      },
      {
        "avgVolume": 2036.72,
        "avgATR": 0.028583,
        "avgReturn": 1.144
      },
      {
        "avgVolume": 2472.73,
        "avgATR": 0.034417,
        "avgReturn": 0.103
      },
      {
        "avgVolume": 2564.61,
        "avgATR": 0.034538,
        "avgReturn": -0.522
      },
      {
        "avgVolume": 1420.53,
        "avgATR": 0.021462,
        "avgReturn": -0.255
      },
      {
        "avgVolume": 2171.74,
        "avgATR": 0.022643,
        "avgReturn": -0.213
      },
      {
        "avgVolume": 1083.28,
        "avgATR": 0.017,
        "avgReturn": -0.153
      },
      {
        "avgVolume": 3746.27,
        "avgATR": 0.029214,
        "avgReturn": 0.138
      },
      {
        "avgVolume": 1813.17,
        "avgATR": 0.030929,
        "avgReturn": -0.23
      },
      {
        "avgVolume": 1588.4,
        "avgATR": 0.0196,
        "avgReturn": -0.027
      },
      {
        "avgVolume": 2307.34,
        "avgATR": 0.023714,
        "avgReturn": -0.331
      },
      {
        "avgVolume": 4264.3,
        "avgATR": 0.030125,
        "avgReturn": -0.118
      },
      {
        "avgVolume": 9853.22,
        "avgATR": 0.0504,
        "avgReturn": 0.615
      },
      {
        "avgVolume": 6501.34,
        "avgATR": 0.04025,
        "avgReturn": -0.365
      },
      {
        "avgVolume": 9873.13,
        "avgATR": 0.067357,
        "avgReturn": 0.495
      },
      {
        "avgVolume": 10052.38,
        "avgATR": 0.0604,
        "avgReturn": 0.509
      },
      {
        "avgVolume": 8673.62,
        "avgATR": 0.055615,
        "avgReturn": 0.462
      },
      {
        "avgVolume": 9789.54,
        "avgATR": 0.066929,
        "avgReturn": -0.04
      },
      {
        "avgVolume": 7217.43,
        "avgATR": 0.044071,
        "avgReturn": -0.664
      },
      {
        "avgVolume": 4210.88,
        "avgATR": 0.035533,
        "avgReturn": -0.354
      },
      {
        "avgVolume": 5164.64,
        "avgATR": 0.049267,
        "avgReturn": -0.314
      },
      {
        "avgVolume": 5316.26,
        "avgATR": 0.033714,
        "avgReturn": -0.92
      }
    ],
    "dailyProfile": [
      {
        "avgVolume": 2526.73,
        "avgATR": 0.03025,
        "avgReturn": -0.211
      },
      {
        "avgVolume": 2108.89,
        "avgATR": 0.021023,
        "avgReturn": -0.152
      },
      {
        "avgVolume": 2607.12,
        "avgATR": 0.028413,
        "avgReturn": 0.085
      },
      {
        "avgVolume": 1233.79,
        "avgATR": 0.022611,
        "avgReturn": -0.072
      },
      {
        "avgVolume": 4028.95,
        "avgATR": 0.028651,
        "avgReturn": 0.058
      },
      {
        "avgVolume": 11236.08,
        "avgATR": 0.064847,
        "avgReturn": -0.178
      },
      {
        "avgVolume": 6330.4,
        "avgATR": 0.052254,
        "avgReturn": 0.034
      }
    ],
    "favorableHours": [
      17,
      16,
      14,
      19,
      18,
      20
    ],
    "favorableWindow": true,
    "currentVsAvgVolume": 0,
    "currentVsAvgVolatility": 0,
    "anomalyDetected": true,
    "timeUntilFavorable": null,
    "temporalScore": 0.5
  },
  "unifiedMicrostructure": {
    "signalDirections": {
      "vpin": "NEUTRAL",
      "sweeps": "NEUTRAL",
      "absorption": "NEUTRAL",
      "arrival": "NEUTRAL",
      "vacuum": "NONE",
      "volRegime": "FAVORABLE",
      "temporal": "FAVORABLE"
    },
    "consensusDirection": "BULLISH",
    "consensusStrength": 100,
    "bullishSignals": 2,
    "bearishSignals": 0,
    "neutralSignals": 0,
    "totalAvailableSignals": 2,
    "dominantPattern": "NONE",
    "clusters": {
      "strongBuyCluster": false,
      "distributionPattern": false,
      "accumulationPattern": false,
      "momentumCascade": false
    },
    "adaptiveWeights": {
      "vpin": 0,
      "sweeps": 0,
      "absorption": 0,
      "arrival": 0,
      "vacuum": 0,
      "volRegime": 0.03,
      "temporal": 0.02
    },
    "convictionLevel": "HIGH",
    "convictionScore": 100,
    "riskAdjustment": "INCREASE",
    "timingQuality": "FAVORABLE",
    "signalQuality": "LOW"
  },
  "deltaAnalysis": {
    "currentDelta": 0,
    "cumulativeDelta": 0,
    "deltaPerVolume": 0,
    "deltaDirection": "NEUTRAL",
    "deltaDivergence": false,
    "institutionalRatio": 0,
    "aggressionScore": 0
  },
  "volumeProfile": {
    "pointOfControl": 0,
    "valueAreaHigh": 0,
    "valueAreaLow": 0,
    "currentPosition": "ABOVE_VALUE_AREA",
    "volumeNodes": [],
    "airPockets": []
  },
  "momentumCascade": {
    "cascadeDetected": false,
    "alignmentScore": 0.003948473106662415,
    "cascadeStrength": 0,
    "acceleratingTimeframes": [
      "5m",
      "15m"
    ],
    "divergingTimeframes": [
      "1m",
      "1h"
    ]
  },
  "breakoutConfirmation": {
    "breakoutConfirmed": false,
    "volumeConfirmation": false,
    "retestStrength": 0,
    "falseBreakoutRisk": 0,
    "breakoutQuality": "NO_BREAKOUT"
  },
  "liquidityHeatmap": {
    "liquidityScore": 0,
    "magnetDirection": "NONE",
    "magnetStrength": 0,
    "priceTarget5pct": null,
    "message": "No order book data"
  },
  "smartMoneyDivergence": {
    "divergenceDetected": false,
    "divergenceDirection": "NONE",
    "smartMoneyScore": 0.5,
    "message": "Insufficient trade data"
  },
  "microstructure": {
    "raw": -0.03628337799131479,
    "pct": 49,
    "summary": {
      "latestBucketSignedZ": 0,
      "buySellRatio": 0.5,
      "tradesPerSec": 0,
      "vwap": 0,
      "aggressorVWAP": 0,
      "vpinToxicity": "UNKNOWN",
      "sweepDirection": "NEUTRAL",
      "absorptionSide": "NONE",
      "icebergDetected": false,
      "hawkesDirection": "NEUTRAL",
      "cascadeDetected": false,
      "vacuumSide": "NONE",
      "volatilityRegime": "LOW",
      "volExpanding": false,
      "favorableTimeWindow": true,
      "temporalAnomaly": true,
      "consensusDirection": "BULLISH",
      "consensusStrength": 100,
      "dominantPattern": "NONE",
      "convictionLevel": "HIGH",
      "riskAdjustment": "INCREASE",
      "timingQuality": "FAVORABLE",
      "deltaDirection": "NEUTRAL",
      "deltaDivergence": false,
      "institutionalRatio": 0,
      "volumeProfilePosition": "ABOVE_VALUE_AREA",
      "pointOfControl": 0,
      "momentumCascadeDetected": false,
      "cascadeStrength": 0,
      "breakoutQuality": "NO_BREAKOUT",
      "breakoutConfirmed": false,
      "magnetDirection": "NONE",
      "magnetStrength": 0,
      "priceTarget5pct": null,
      "nearestBidWall": 0,
      "nearestAskWall": 0,
      "divergenceDetected": false,
      "divergenceDirection": "NONE",
      "whaleAccumulation": false,
      "whaleDistribution": false,
      "retailPanic": false,
      "smartMoneyScore": 0.5
    }
  }
}

=== MICROSTRUCTURE ALERTS ===

🔬 VPIN: Insufficient data for VPIN analysis

🌊 SWEEP DETECTION: No significant sweeps detected

🧊 ABSORPTION & ICEBERG: No significant absorption or iceberg orders detected

⚡ ORDER ARRIVAL DYNAMICS: Insufficient trades for analysis

🌪️ LIQUIDITY VACUUM: No significant vacuum detected

📊 VOLATILITY REGIME DETECTION:
   Current Regime: LOW
   Regime Score: -1.00 (-1=low vol, +1=extreme vol)
   Days in Regime: 3
   ATR: $0.194000 (avg: $0.267272)
   ATR Percentile: 2.6%
   Realized Volatility: 159.86% (annualized)
   Vol Percentile: 35.6%

   🔵 LOW VOLATILITY REGIME:
   ✅ Ideal for breakout setups - price coiling
   ✅ Tight stops recommended
   ✅ Can increase position size (lower risk)

   📍 MODERATE REGIME TRANSITION PROBABILITY: 30%
   Monitor for potential regime change

⏰ TEMPORAL PATTERN ANALYSIS:
   Current Time: Sunday 17:00 UTC
   Day Bias: NEUTRAL
   Current vs Avg Volume: 0x
   Current vs Avg Volatility: 0x

   ✅ FAVORABLE TIME WINDOW:
   This hour historically shows strong volume and positive returns
   GOOD time to trade - patterns favor entry

   ⚠️ LOW ACTIVITY ANOMALY:
   Volume 0x below typical - Extremely quiet

   📉 LOW VOLATILITY ANOMALY:
   Volatility 0x below typical - Consolidation likely

   🔥 Best Trading Hours (UTC): 17:00, 16:00, 14:00

🎯 UNIFIED MICROSTRUCTURE INTEGRATION:
   Signal Consensus: BULLISH (100% agreement)
   Available Signals: 2 (2 bullish / 0 bearish / 0 neutral)
   Conviction Level: HIGH (100%)
   Signal Quality: LOW
   Risk Adjustment: INCREASE
   Timing Quality: FAVORABLE

   ✅ HIGH CONVICTION: 100% of signals agree on direction
   Strong institutional alignment - Follow the smart money

   💰 RISK INCREASE OPPORTUNITY: Low vol + Favorable timing = Lower risk

   ⏰ FAVORABLE TIMING: Good time window for trading

   Signal Directions Breakdown:
   • VPIN: NEUTRAL
   • Sweeps: NEUTRAL
   • Absorption: NEUTRAL
   • Arrival Dynamics: NEUTRAL
   • Liquidity Vacuum: NONE
   • Vol Regime: FAVORABLE
   • Temporal: FAVORABLE

   Adaptive Weights (Total: 5.0%):
   • VPIN: 0.0%
   • Sweeps: 0.0%
   • Absorption: 0.0%
   • Arrival: 0.0%
   • Vacuum: 0.0%
   • Vol Regime: 3.0%
   • Temporal: 2.0%


💹 DELTA ANALYSIS (Order Flow Aggression):
   Direction: NEUTRAL
   Delta Per Volume: 0.00%
   Institutional Ratio: 0.0%
   Aggression Score: 0.0%

📊 VOLUME PROFILE (Support/Resistance Strength):
   Point of Control (POC): $0.000000
   Value Area High: $0.000000
   Value Area Low: $0.000000
   Current Position: ABOVE_VALUE_AREA
   ⚠️ DISTRIBUTION RISK: Price above value area - potential rejection zone

⚡ MOMENTUM CASCADE (Multi-Timeframe Alignment):
   Cascade Detected: NO
   Alignment Score: 0.4%
   Cascade Strength: 0.0%
   Accelerating: 5m, 15m
   Diverging: 1m, 1h

💥 BREAKOUT CONFIRMATION:
   Quality: NO_BREAKOUT
   Volume Confirmation: NO
   Retest Strength: 0.0%
   False Breakout Risk: 0.0%
   No breakout detected - price below resistance


levels:
Entry=1.344306, StopLoss=1.31069835, TakeProfit=1.3464267500000002, 1.3485475, 1.3502441000000003

---

=== Token: KTA (KTA) ===
Contract: KTA-USD
Timestamp: 2025-12-20T15:00:00.000Z

Calculations:
{
  "momentumScore": 64.8651109604233,
  "volumeScore": 50.43139262744259,
  "patternScore": 50.37936267368555,
  "totalScore": 48.32730704656806,
  "finalScore": 48.32730704656806,
  "weights": "0.23,0.45,0.23",
  "hourlyUptrend": false,
  "rsi": 59.77011494252869,
  "ultraShortVolumeSurge": 2.0269353079083587,
  "baseVolumeSurge": 0.03648804934521462,
  "currentPrice": 0.25,
  "resistance": 0.2535,
  "support": 0.247,
  "rocMin5": 0.0016025641025641485,
  "shortROC": 0,
  "priceAcceleration": 0.00040148136338958516,
  "buySellRatio": 0.7067726974844987,
  "macdHistogram": 0.0004313926274425913,
  "stochasticK": 46.15384615384615,
  "atr": 0.0017071428571428595,
  "bbUpper": 0.25082918789082914,
  "bbLower": 0.24772081210917082,
  "hammerDetected": false,
  "engulfingDetected": false,
  "compressionSpring": {
    "detected": true,
    "confidence": 56,
    "signals": {
      "sidewaysPrice": true,
      "atrCompression": false,
      "bbSqueeze": true,
      "consolidationTime": true,
      "strongBuying": true,
      "obvPositive": false,
      "chaikinPositive": false,
      "rsiNeutral": true,
      "volumeBuilding": false
    },
    "metrics": {
      "priceRange": 2.63,
      "atrRatio": 0.934,
      "bbWidth": 1.25,
      "volumeRatio": 1.63,
      "signalCount": 5,
      "buySellRatio": 0.707
    }
  },
  "riskTier": "MEDIUM",
  "atrPercent": 0.7485714285714278,
  "distanceToResistance": 1.4000000000000012,
  "slPercent": 3,
  "tpPercent": 1.190000000000001,
  "trailingActivation": 0.7140000000000006,
  "shortMomentumScore": 0,
  "overboughtScore": 0,
  "shortPatternScore": 25,
  "shootingStarDetected": true,
  "bearishEngulfingDetected": false,
  "eveningStarDetected": false,
  "bearishPatternsCount": 1,
  "shortTotalScore": 6.25,
  "chaikin": -0.5229789353568915,
  "obvIncreasing": true,
  "obvTrend": "increasing",
  "adx": 0.8264462809925569,
  "recentCandles": {
    "redCount": 2,
    "greenCount": 8
  },
  "resistanceDistance": 1.4000000000000012,
  "multiplePatterns": false,
  "bullishPattern": false,
  "priceAboveVWAP": false,
  "breakingResistance": false,
  "atrSufficient": false,
  "macdDivergenceBearish": false,
  "rvolMin1": -0.09427821870135865,
  "rvolMin5": -0.19862469813639688,
  "atrPercentileOld": 0.13414634146341464,
  "vwapDeviation": -1.8058361408934342,
  "bbWidthPercent": 1.2469665155584466,
  "bbSqueeze": true,
  "multiTFMomentum": {
    "min1": {
      "roc1": 0,
      "roc3": -0.0019960079840319377
    },
    "min5": {
      "roc1": 0,
      "roc3": -0.001198561725928975
    },
    "min15": {
      "roc1": 0,
      "roc3": 0.0016025641025641485
    },
    "hourly": {
      "roc1": -0.008000000000000007,
      "roc3": -0.010375099760574586
    },
    "fourHour": {
      "roc1": -0.004415897230028061,
      "roc3": -0.02131018153117607
    },
    "divergenceShortUpLongDown": false
  },
  "returnZMin5": 0.04230519934422618,
  "wickClosePct": 0,
  "wickUpper": 0.0005000000000000004,
  "wickLower": 0,
  "wickRatio": 1,
  "donchianBreakout15": false,
  "bbWidthPercentile15": 0.012987012987012988,
  "signedMin5": -87562.69999999995,
  "signedMin5Z": -4.950420389990126,
  "signedMin1": -51584.999999999985,
  "signedMin1Z": -3.76289917477233,
  "streakMin1": {
    "upStreak": 0,
    "downStreak": 1
  },
  "streakMin5": {
    "upStreak": 0,
    "downStreak": 0
  },
  "rvolPercentileMin1": 0.7236111111111111,
  "rvolPercentileMin5": 0.6215277777777778,
  "perTfMetrics": {
    "min1": {
      "sma20": 0.24967,
      "sma50": 0.24934599999999998,
      "ema20": 0.2495727054030387,
      "ema50": 0.24987482771342207,
      "vwma20": 0.25019842720484037,
      "hma21": 0.24935021645021646,
      "atr14": 0.0014142857142857151,
      "atrPercentile": 0.648539778449144,
      "rvolZ": -0.09427821870135865,
      "rvolPercentile": 0.7236111111111111,
      "mfi14": 82.36075281388021,
      "ppo": {
        "ppo": 0.05711514448185962,
        "signal": 0.005550579464218159,
        "histogram": 0.051564565017641464
      },
      "stochRsi": {
        "k": 4.781360671016029,
        "d": 47.06472656528886
      },
      "vprofile": {
        "vpBins": [
          0,
          0.011366251626266373,
          0.0970327977417794,
          0.18628992865563543,
          0.1249964774013555,
          0.008391534490937528,
          0.03202006941867728,
          0.017501326845489426,
          0.05938631634814546,
          0.13542630488795784,
          0.038073420349347846,
          0.05594144971373015,
          0.05456070846503938,
          0.07559473207114711,
          0.06608723832963069,
          0.03733144365486048,
          0,
          0,
          0,
          0
        ],
        "currentBinShare": 0.1249964774013555
      },
      "ttm": {
        "squeeze": false,
        "release": false,
        "widthPct": 2.3062107140505863
      }
    },
    "min5": {
      "sma20": 0.249185,
      "sma50": 0.2504079999999999,
      "ema20": 0.24950388786108066,
      "ema50": 0.25060085195047416,
      "vwma20": 0.24948357322513226,
      "hma21": 0.24961125541125545,
      "atr14": 0.0017071428571428595,
      "atrPercentile": 0.3795620437956204,
      "rvolZ": -0.19862469813639688,
      "rvolPercentile": 0.6215277777777778,
      "mfi14": 87.67397133463146,
      "ppo": {
        "ppo": -0.03471780801227489,
        "signal": -0.15041978486694937,
        "histogram": 0.11570197685467448
      },
      "stochRsi": {
        "k": 100,
        "d": 58.6679603920983
      },
      "vprofile": {
        "vpBins": [
          0.08078579412420732,
          0.002996462362603471,
          0.06710900633385378,
          0.016258054386657908,
          0.07002198095233347,
          0.021841639948511734,
          0.06704663974290757,
          0.03668781689517801,
          0.08297622593029642,
          0.05271291555401594,
          0.11002444820208516,
          0.07887990599529227,
          0.10594289438301933,
          0.0635227092894445,
          0.04842376385180053,
          0.0452197036060475,
          0.04955003844174487,
          0,
          0,
          0
        ],
        "currentBinShare": 0.07002198095233347
      },
      "ttm": {
        "squeeze": false,
        "release": false,
        "widthPct": 1.4871381905519325
      }
    },
    "min15": {
      "sma20": 0.249275,
      "sma50": 0.252526,
      "ema20": 0.2499548243547386,
      "ema50": 0.25167589459297135,
      "vwma20": 0.24909348283262328,
      "hma21": 0.2496627705627706,
      "atr14": 0.0018714285714285695,
      "atrPercentile": 0.13414634146341464,
      "rvolZ": -0.24860620299057726,
      "rvolPercentile": 0.5729166666666666,
      "mfi14": 73.49828490033413,
      "ppo": {
        "ppo": -0.27743072055534446,
        "signal": -0.4133075319565532,
        "histogram": 0.13587681140120872
      },
      "stochRsi": {
        "k": 83.23991031390148,
        "d": 53.75141792254096
      },
      "vprofile": {
        "vpBins": [
          0.08511352411789441,
          0,
          0.06833988880580477,
          0.03997791950218514,
          0.05011961308634179,
          0.04627192114357279,
          0.022417440476320348,
          0.07107800768079654,
          0.03111679504878188,
          0.048167963890718354,
          0.07081661996950997,
          0.12431981063884766,
          0.05551692957649018,
          0.1800246301656879,
          0.06390695769452673,
          0.042811978202521556,
          0,
          0,
          0,
          0
        ],
        "currentBinShare": 0.05011961308634179
      },
      "ttm": {
        "squeeze": true,
        "release": false,
        "widthPct": 1.2469665155584466
      }
    },
    "hourly": {
      "sma20": 0.25258,
      "sma50": 0.250686,
      "ema20": 0.2510130212033156,
      "ema50": 0.2506451992487097,
      "vwma20": 0.25213895924499863,
      "hma21": 0.24617619047619033,
      "atr14": 0.003721428571428574,
      "atrPercentile": 0.06832298136645963,
      "rvolZ": -0.4773118974378064,
      "rvolPercentile": 0.3125,
      "mfi14": 39.74396509944125,
      "ppo": {
        "ppo": -0.3180148819861477,
        "signal": -0.06652793865453327,
        "histogram": -0.2514869433316144
      },
      "stochRsi": {
        "k": 26.09228891639141,
        "d": 39.1397487141352
      },
      "vprofile": {
        "vpBins": [
          0.012924774313395126,
          0.08421524417760677,
          0.1421101904150559,
          0.15556777271795466,
          0.09447963555382072,
          0.022059123186045918,
          0.03760543719876923,
          0.052841115808261716,
          0.0394627511897136,
          0.03964385476061897,
          0.011762613261490779,
          0.11329374876598924,
          0.04779617270347605,
          0.0336646323358358,
          0.05839331518716035,
          0.05417961842480526,
          0,
          0,
          0,
          0
        ],
        "currentBinShare": 0.1421101904150559
      },
      "ttm": {
        "squeeze": false,
        "release": false,
        "widthPct": 6.220082454124811
      }
    },
    "fourHour": {
      "sma20": 0.247275,
      "sma50": 0.265738,
      "ema20": 0.2513660647248807,
      "ema50": 0.2568086096084523,
      "vwma20": 0.24763947335126188,
      "hma21": 0.25508441558441547,
      "atr14": 0.011728571428571435,
      "atrPercentile": 0.12857142857142856,
      "rvolZ": -0.5021732973773915,
      "rvolPercentile": 0.3333333333333333,
      "mfi14": 55.370189078218175,
      "ppo": {
        "ppo": -0.8313502200008837,
        "signal": -1.2512779595630579,
        "histogram": 0.4199277395621742
      },
      "stochRsi": {
        "k": 74.27956397320197,
        "d": 57.57925473782589
      },
      "vprofile": {
        "vpBins": [
          0,
          0,
          0.0598054363344776,
          0.11098083889649522,
          0.10206825911178954,
          0.14950190474947847,
          0.09405875113370145,
          0,
          0.09465695373722031,
          0.0075144152523413405,
          0.007298222648103138,
          0.042061556383626617,
          0.18738802655758183,
          0.03502679668075343,
          0.091475936611672,
          0,
          0.01816290190275912,
          0,
          0,
          0
        ],
        "currentBinShare": 0.10206825911178954
      },
      "ttm": {
        "squeeze": false,
        "release": false,
        "widthPct": 12.031407889248548
      }
    },
    "daily": {
      "sma20": 0.261605,
      "sma50": 0.3001899999999999,
      "ema20": 0.2665488603963962,
      "ema50": 0.31122294900945047,
      "vwma20": 0,
      "hma21": 0.26696969696969697,
      "atr14": 0.038700000000000005,
      "atrPercentile": 0.021739130434782608,
      "rvolZ": 0,
      "rvolPercentile": 1,
      "mfi14": 50,
      "ppo": {
        "ppo": -5.6396218833896885,
        "signal": -5.729966191854871,
        "histogram": 0.09034430846518227
      },
      "stochRsi": {
        "k": 63.37901468203634,
        "d": 48.34322160500452
      },
      "vprofile": {
        "vpBins": [
          0,
          0,
          0,
          0,
          0,
          0,
          0,
          0,
          0,
          0,
          0,
          0,
          0,
          0,
          0,
          0,
          0,
          0,
          0,
          0
        ],
        "currentBinShare": 0
      },
      "ttm": {
        "squeeze": true,
        "release": false,
        "widthPct": 31.253893848672277
      }
    }
  },
  "smaMin5": 0.249185,
  "emaMin5": 0.24950388786108066,
  "vwmaMin5": 0.24948357322513226,
  "hmaMin5": 0.24961125541125545,
  "keltner15": {
    "upper": 0.2530598243547386,
    "middle": 0.2499548243547386,
    "lower": 0.2468498243547386
  },
  "superTrend15": {
    "isBull": false,
    "finalUpper": 0.25645999999999997,
    "finalLower": 0.24403999999999998
  },
  "mfi15": 73.49828490033413,
  "stochRsi15": {
    "k": 83.23991031390148,
    "d": 53.75141792254096
  },
  "ppo15": {
    "ppo": -0.27743072055534446,
    "signal": -0.4133075319565532,
    "histogram": 0.13587681140120872
  },
  "vpMin15": {
    "vpBins": [
      0.08511352411789441,
      0,
      0.06833988880580477,
      0.03997791950218514,
      0.05011961308634179,
      0.04627192114357279,
      0.022417440476320348,
      0.07107800768079654,
      0.03111679504878188,
      0.048167963890718354,
      0.07081661996950997,
      0.12431981063884766,
      0.05551692957649018,
      0.1800246301656879,
      0.06390695769452673,
      0.042811978202521556,
      0,
      0,
      0,
      0
    ],
    "currentBinShare": 0.05011961308634179
  },
  "ttm15": {
    "squeeze": true,
    "release": false,
    "widthPct": 1.2469665155584466
  },
  "marketCorrelation": {
    "hourly": {
      "btcCorrelation": 0,
      "ethCorrelation": 0,
      "btcBeta": 1,
      "ethBeta": 1,
      "btcTrend": "UNKNOWN",
      "ethTrend": "UNKNOWN",
      "tokenVol": 0,
      "btcVol": 0,
      "ethVol": 0,
      "marketDependence": 0,
      "verdict": "INSUFFICIENT_DATA"
    },
    "min15": {
      "btcCorrelation": 0,
      "ethCorrelation": 0,
      "btcBeta": 1,
      "ethBeta": 1,
      "btcTrend": "UNKNOWN",
      "ethTrend": "UNKNOWN",
      "tokenVol": 0,
      "btcVol": 0,
      "ethVol": 0,
      "marketDependence": 0,
      "verdict": "INSUFFICIENT_DATA"
    },
    "daily": {
      "btcCorrelation": 0,
      "ethCorrelation": 0,
      "btcBeta": 1,
      "ethBeta": 1,
      "btcTrend": "UNKNOWN",
      "ethTrend": "UNKNOWN",
      "tokenVol": 0,
      "btcVol": 0,
      "ethVol": 0,
      "marketDependence": 0,
      "verdict": "INSUFFICIENT_DATA"
    }
  },
  "tradeTape": {
    "totalTrades": 0,
    "totalVolume": 0,
    "buysVolume": 0,
    "sellsVolume": 0,
    "buySellRatio": 0.5,
    "vwap": 0,
    "signedVolume": 0,
    "avgTradeSize": 0,
    "tradesPerSec": 0,
    "cumulativeDelta": 0,
    "tradesLast1m": 0,
    "tradesLast5m": 0,
    "tradesLast15m": 0,
    "tradesLast1h": 0,
    "buyVWAP": 0,
    "sellVWAP": 0,
    "aggressorVWAP": 0,
    "bucketDurationMs": 60000,
    "bucketCount": 15,
    "bucketSignedVolumes": [],
    "bucketVolumes": [],
    "bucketVWAPs": [],
    "latestBucketSignedZ": 0
  },
  "enhancedMetrics": {
    "relativeVolumeZScore": -1,
    "volumePercentile": 40,
    "atrPercentile": 36.496350364963504,
    "volatilityPercentile": 18.037974683544302,
    "relativeVolatilityRatio": 0.9796295483715194,
    "isHighVolume": false,
    "isHighVolatility": false,
    "isLowVolatility": true,
    "isExpandingVolatility": false,
    "isContractingVolatility": false
  },
  "orderBook": {
    "bidAskSpread": 0,
    "spreadPct": 0,
    "midPrice": 0,
    "bestBid": 0,
    "bestAsk": 0,
    "bidDepth": 0,
    "askDepth": 0,
    "orderBookImbalance": 0,
    "liquidityScore": 0,
    "depthAt1Pct": {
      "bidVolume": 0,
      "askVolume": 0,
      "imbalance": 0
    },
    "depthAt2Pct": {
      "bidVolume": 0,
      "askVolume": 0,
      "imbalance": 0
    },
    "depthAt5Pct": {
      "bidVolume": 0,
      "askVolume": 0,
      "imbalance": 0
    },
    "weightedMidPrice": 0,
    "volumeWeightedSpread": 0,
    "totalBidLevels": 0,
    "totalAskLevels": 0
  },
  "marketCap": {
    "marketCap": 0,
    "totalVolume24h": 0,
    "volumeToMarketCapRatio": 0,
    "marketCapRank": 0,
    "normalizedRank": 0,
    "isHighLiquidity": false,
    "isVeryHighLiquidity": false,
    "isLowLiquidity": true,
    "liquidityTier": "VERY_LOW"
  },
  "sweeps": {
    "sweepScore": 0,
    "sweepCount": 0,
    "sweepDirection": "NEUTRAL",
    "buySweeps": 0,
    "sellSweeps": 0,
    "avgSweepSize": 0,
    "avgSweepIntensity": 0,
    "bidLiftRatio": 0,
    "askLiftRatio": 0,
    "sweepFrequency": 0,
    "largestSweep": null,
    "recentSweepClusters": 0,
    "sweepDetails": []
  },
  "absorption": {
    "absorptionScore": 0,
    "absorptionLevel": null,
    "absorptionSide": "NONE",
    "icebergProbability": 0,
    "hiddenLiquidityEstimate": 0,
    "volumeAtPrice": {},
    "topAbsorptionLevels": [],
    "persistenceDuration": 0,
    "refillDetected": false
  },
  "orderArrival": {
    "avgInterArrivalTime": 0,
    "recentInterArrivalTime": 0,
    "accelerationRatio": 1,
    "hawkesIntensity": 0,
    "hawkesDirection": "NEUTRAL",
    "clusteringScore": 0,
    "burstCount": 0,
    "cascadeDetected": false,
    "timeToNextTrade": 0,
    "accelerationTrend": "STABLE"
  },
  "liquidityVacuum": {
    "vacuumScore": 0,
    "vacuumSide": "NONE",
    "bidVacuumSeverity": 0,
    "askVacuumSeverity": 0,
    "depthConcentration": 0,
    "priceImpact10k": 0,
    "priceImpact50k": 0,
    "priceImpact100k": 0,
    "largestGapBid": 0,
    "largestGapAsk": 0,
    "avgGapBid": 0,
    "avgGapAsk": 0,
    "bidCliffDistance": 0,
    "askCliffDistance": 0
  },
  "volatilityRegime": {
    "regime": "LOW",
    "regimeScore": -1,
    "currentATR": 0.040115,
    "avgATR": 0.046243,
    "atrPercentile": 15.2,
    "realizedVolatility": 117.28,
    "volPercentile": 0,
    "expanding": false,
    "contracting": true,
    "transitionProbability": 0.4,
    "daysInRegime": 6,
    "regimeStrength": 1.24
  },
  "temporalPatterns": {
    "currentHour": 17,
    "currentDay": 0,
    "currentDayName": "Sunday",
    "dayBias": "NEUTRAL",
    "hourlyProfile": [
      {
        "avgVolume": 133721.89,
        "avgATR": 0.008379,
        "avgReturn": 0.606
      },
      {
        "avgVolume": 134799,
        "avgATR": 0.007343,
        "avgReturn": 0.073
      },
      {
        "avgVolume": 94739.66,
        "avgATR": 0.00655,
        "avgReturn": -0.106
      },
      {
        "avgVolume": 103365.64,
        "avgATR": 0.00675,
        "avgReturn": -0.433
      },
      {
        "avgVolume": 51992.89,
        "avgATR": 0.004607,
        "avgReturn": -0.428
      },
      {
        "avgVolume": 32651.77,
        "avgATR": 0.003707,
        "avgReturn": 0.017
      },
      {
        "avgVolume": 61593.06,
        "avgATR": 0.004757,
        "avgReturn": 0.613
      },
      {
        "avgVolume": 52874.84,
        "avgATR": 0.003693,
        "avgReturn": 0.067
      },
      {
        "avgVolume": 35234.21,
        "avgATR": 0.004114,
        "avgReturn": -0.075
      },
      {
        "avgVolume": 27174.38,
        "avgATR": 0.003943,
        "avgReturn": -0.217
      },
      {
        "avgVolume": 23394.42,
        "avgATR": 0.004043,
        "avgReturn": -0.35
      },
      {
        "avgVolume": 62989.87,
        "avgATR": 0.005269,
        "avgReturn": -0.833
      },
      {
        "avgVolume": 58694.72,
        "avgATR": 0.0058,
        "avgReturn": 0.779
      },
      {
        "avgVolume": 110958.47,
        "avgATR": 0.00785,
        "avgReturn": 0.365
      },
      {
        "avgVolume": 94858.52,
        "avgATR": 0.007093,
        "avgReturn": -0.385
      },
      {
        "avgVolume": 92586.89,
        "avgATR": 0.009414,
        "avgReturn": -0.091
      },
      {
        "avgVolume": 133974.29,
        "avgATR": 0.009414,
        "avgReturn": -0.242
      },
      {
        "avgVolume": 128091.54,
        "avgATR": 0.008121,
        "avgReturn": -0.032
      },
      {
        "avgVolume": 168091.32,
        "avgATR": 0.008164,
        "avgReturn": -0.656
      },
      {
        "avgVolume": 182066.86,
        "avgATR": 0.009021,
        "avgReturn": 0.923
      },
      {
        "avgVolume": 140872.19,
        "avgATR": 0.009107,
        "avgReturn": 0.619
      },
      {
        "avgVolume": 151431.69,
        "avgATR": 0.0083,
        "avgReturn": 0.282
      },
      {
        "avgVolume": 156481.65,
        "avgATR": 0.008729,
        "avgReturn": 0.321
      },
      {
        "avgVolume": 140860.35,
        "avgATR": 0.007621,
        "avgReturn": -0.671
      }
    ],
    "dailyProfile": [
      {
        "avgVolume": 69269.65,
        "avgATR": 0.005525,
        "avgReturn": -0.248
      },
      {
        "avgVolume": 107994.18,
        "avgATR": 0.007367,
        "avgReturn": -0.25
      },
      {
        "avgVolume": 69664.47,
        "avgATR": 0.005656,
        "avgReturn": 0.282
      },
      {
        "avgVolume": 71792.77,
        "avgATR": 0.005715,
        "avgReturn": -0.282
      },
      {
        "avgVolume": 119247.59,
        "avgATR": 0.007491,
        "avgReturn": 0.488
      },
      {
        "avgVolume": 207148.2,
        "avgATR": 0.010788,
        "avgReturn": 0.17
      },
      {
        "avgVolume": 48326.04,
        "avgATR": 0.004694,
        "avgReturn": -0.089
      }
    ],
    "favorableHours": [
      19,
      18,
      22,
      21,
      20,
      23
    ],
    "favorableWindow": false,
    "currentVsAvgVolume": 0,
    "currentVsAvgVolatility": 0,
    "anomalyDetected": true,
    "timeUntilFavorable": 1,
    "temporalScore": 0
  },
  "unifiedMicrostructure": {
    "signalDirections": {
      "vpin": "NEUTRAL",
      "sweeps": "NEUTRAL",
      "absorption": "NEUTRAL",
      "arrival": "NEUTRAL",
      "vacuum": "NONE",
      "volRegime": "FAVORABLE",
      "temporal": "UNFAVORABLE"
    },
    "consensusDirection": "NEUTRAL",
    "consensusStrength": 50,
    "bullishSignals": 1,
    "bearishSignals": 1,
    "neutralSignals": 0,
    "totalAvailableSignals": 2,
    "dominantPattern": "NONE",
    "clusters": {
      "strongBuyCluster": false,
      "distributionPattern": false,
      "accumulationPattern": false,
      "momentumCascade": false
    },
    "adaptiveWeights": {
      "vpin": 0,
      "sweeps": 0,
      "absorption": 0,
      "arrival": 0,
      "vacuum": 0,
      "volRegime": 0.021,
      "temporal": 0.02
    },
    "convictionLevel": "LOW",
    "convictionScore": 30,
    "riskAdjustment": "REDUCE",
    "timingQuality": "UNFAVORABLE",
    "signalQuality": "LOW"
  },
  "deltaAnalysis": {
    "currentDelta": 0,
    "cumulativeDelta": 0,
    "deltaPerVolume": 0,
    "deltaDirection": "NEUTRAL",
    "deltaDivergence": false,
    "institutionalRatio": 0,
    "aggressionScore": 0
  },
  "volumeProfile": {
    "pointOfControl": 0,
    "valueAreaHigh": 0,
    "valueAreaLow": 0,
    "currentPosition": "ABOVE_VALUE_AREA",
    "volumeNodes": [],
    "airPockets": []
  },
  "momentumCascade": {
    "cascadeDetected": false,
    "alignmentScore": 0.001378137277401711,
    "cascadeStrength": 0,
    "acceleratingTimeframes": [
      "15m"
    ],
    "divergingTimeframes": [
      "1m",
      "5m",
      "1h"
    ]
  },
  "breakoutConfirmation": {
    "breakoutConfirmed": false,
    "volumeConfirmation": false,
    "retestStrength": 0,
    "falseBreakoutRisk": 0,
    "breakoutQuality": "NO_BREAKOUT"
  },
  "liquidityHeatmap": {
    "liquidityScore": 0,
    "magnetDirection": "NONE",
    "magnetStrength": 0,
    "priceTarget5pct": null,
    "message": "No order book data"
  },
  "smartMoneyDivergence": {
    "divergenceDetected": false,
    "divergenceDirection": "NONE",
    "smartMoneyScore": 0.5,
    "message": "Insufficient trade data"
  },
  "microstructure": {
    "raw": -0.029682620345560386,
    "pct": 50,
    "summary": {
      "latestBucketSignedZ": 0,
      "buySellRatio": 0.5,
      "tradesPerSec": 0,
      "vwap": 0,
      "aggressorVWAP": 0,
      "vpinToxicity": "UNKNOWN",
      "sweepDirection": "NEUTRAL",
      "absorptionSide": "NONE",
      "icebergDetected": false,
      "hawkesDirection": "NEUTRAL",
      "cascadeDetected": false,
      "vacuumSide": "NONE",
      "volatilityRegime": "LOW",
      "volExpanding": false,
      "favorableTimeWindow": false,
      "temporalAnomaly": true,
      "consensusDirection": "NEUTRAL",
      "consensusStrength": 50,
      "dominantPattern": "NONE",
      "convictionLevel": "LOW",
      "riskAdjustment": "REDUCE",
      "timingQuality": "UNFAVORABLE",
      "deltaDirection": "NEUTRAL",
      "deltaDivergence": false,
      "institutionalRatio": 0,
      "volumeProfilePosition": "ABOVE_VALUE_AREA",
      "pointOfControl": 0,
      "momentumCascadeDetected": false,
      "cascadeStrength": 0,
      "breakoutQuality": "NO_BREAKOUT",
      "breakoutConfirmed": false,
      "magnetDirection": "NONE",
      "magnetStrength": 0,
      "priceTarget5pct": null,
      "nearestBidWall": 0,
      "nearestAskWall": 0,
      "divergenceDetected": false,
      "divergenceDirection": "NONE",
      "whaleAccumulation": false,
      "whaleDistribution": false,
      "retailPanic": false,
      "smartMoneyScore": 0.5
    }
  }
}

=== MICROSTRUCTURE ALERTS ===

🔬 VPIN: Insufficient data for VPIN analysis

🌊 SWEEP DETECTION: No significant sweeps detected

🧊 ABSORPTION & ICEBERG: No significant absorption or iceberg orders detected

⚡ ORDER ARRIVAL DYNAMICS: Insufficient trades for analysis

🌪️ LIQUIDITY VACUUM: No significant vacuum detected

📊 VOLATILITY REGIME DETECTION:
   Current Regime: LOW
   Regime Score: -1.00 (-1=low vol, +1=extreme vol)
   Days in Regime: 6
   ATR: $0.040115 (avg: $0.046243)
   ATR Percentile: 15.2%
   Realized Volatility: 117.28% (annualized)
   Vol Percentile: 0.0%

   🔵 LOW VOLATILITY REGIME:
   ✅ Ideal for breakout setups - price coiling
   ✅ Tight stops recommended
   ✅ Can increase position size (lower risk)

   📉 VOLATILITY CONTRACTING:
   🔄 Consolidation phase - accumulation likely
   ⏳ Wait for expansion before entering

   📍 MODERATE REGIME TRANSITION PROBABILITY: 40%
   Monitor for potential regime change

⏰ TEMPORAL PATTERN ANALYSIS:
   Current Time: Sunday 17:00 UTC
   Day Bias: NEUTRAL
   Current vs Avg Volume: 0x
   Current vs Avg Volatility: 0x

   ⏳ NON-FAVORABLE TIME WINDOW:
   This hour typically shows weaker activity
   Next favorable window in 1 hour(s)

   ⚠️ LOW ACTIVITY ANOMALY:
   Volume 0x below typical - Extremely quiet

   📉 LOW VOLATILITY ANOMALY:
   Volatility 0x below typical - Consolidation likely

   🔥 Best Trading Hours (UTC): 19:00, 18:00, 22:00

🎯 UNIFIED MICROSTRUCTURE INTEGRATION:
   Signal Consensus: NEUTRAL (50% agreement)
   Available Signals: 2 (1 bullish / 1 bearish / 0 neutral)
   Conviction Level: LOW (30%)
   Signal Quality: LOW
   Risk Adjustment: REDUCE
   Timing Quality: UNFAVORABLE

   ⚠️ LOW CONVICTION: Only 50% signal agreement
   Weak alignment - Reduce position size or wait for clarity

   ⚠️ RISK REDUCTION RECOMMENDED: Extreme volatility or unfavorable timing detected

   ⏰ UNFAVORABLE TIMING: Avoid trading during this hour

   Signal Directions Breakdown:
   • VPIN: NEUTRAL
   • Sweeps: NEUTRAL
   • Absorption: NEUTRAL
   • Arrival Dynamics: NEUTRAL
   • Liquidity Vacuum: NONE
   • Vol Regime: FAVORABLE
   • Temporal: UNFAVORABLE

   Adaptive Weights (Total: 4.1%):
   • VPIN: 0.0%
   • Sweeps: 0.0%
   • Absorption: 0.0%
   • Arrival: 0.0%
   • Vacuum: 0.0%
   • Vol Regime: 2.1%
   • Temporal: 2.0%


💹 DELTA ANALYSIS (Order Flow Aggression):
   Direction: NEUTRAL
   Delta Per Volume: 0.00%
   Institutional Ratio: 0.0%
   Aggression Score: 0.0%

📊 VOLUME PROFILE (Support/Resistance Strength):
   Point of Control (POC): $0.000000
   Value Area High: $0.000000
   Value Area Low: $0.000000
   Current Position: ABOVE_VALUE_AREA
   ⚠️ DISTRIBUTION RISK: Price above value area - potential rejection zone

⚡ MOMENTUM CASCADE (Multi-Timeframe Alignment):
   Cascade Detected: NO
   Alignment Score: 0.1%
   Cascade Strength: 0.0%
   Accelerating: 15m
   Diverging: 1m, 5m, 1h

💥 BREAKOUT CONFIRMATION:
   Quality: NO_BREAKOUT
   Volume Confirmation: NO
   Retest Strength: 0.0%
   False Breakout Risk: 0.0%
   No breakout detected - price below resistance


levels:
Entry=0.2495, StopLoss=0.24201499999999998, TakeProfit=0.25098452499999996, 0.25246905000000003, 0.25365667000000003

---

=== Token: CLANKER (CLANKER) ===
Contract: CLANKER-USD
Timestamp: 2025-12-20T15:00:00.000Z

Calculations:
{
  "momentumScore": 100.23229256846395,
  "volumeScore": 46.33027522935775,
  "patternScore": 90.17951100805034,
  "totalScore": 65.77141631271296,
  "finalScore": 65.77141631271296,
  "weights": "0.27,0.41,0.23",
  "hourlyUptrend": false,
  "rsi": 63.888888888888914,
  "ultraShortVolumeSurge": 6.271071298760682,
  "baseVolumeSurge": 0.02536813022296172,
  "currentPrice": 33.82,
  "resistance": 33.99,
  "support": 32.9,
  "rocMin5": 0.023298033282904786,
  "shortROC": 0.009552238805970158,
  "priceAcceleration": 0.005779511048900824,
  "buySellRatio": 0.5738269757435766,
  "macdHistogram": 0.07137502166447154,
  "stochasticK": 90.82568807339439,
  "atr": 0.14071428571428665,
  "bbUpper": 33.772844360751776,
  "bbLower": 32.68715563924823,
  "hammerDetected": false,
  "engulfingDetected": false,
  "compressionSpring": {
    "detected": true,
    "confidence": 54,
    "signals": {
      "sidewaysPrice": true,
      "atrCompression": true,
      "bbSqueeze": true,
      "consolidationTime": true,
      "strongBuying": false,
      "obvPositive": false,
      "chaikinPositive": false,
      "rsiNeutral": false,
      "volumeBuilding": false
    },
    "metrics": {
      "priceRange": 3.31,
      "atrRatio": 0.727,
      "bbWidth": 3.27,
      "volumeRatio": 2.136,
      "signalCount": 4,
      "buySellRatio": 0.574
    }
  },
  "riskTier": "HIGH",
  "atrPercent": 0.5491256230463772,
  "distanceToResistance": 0.5026611472501529,
  "slPercent": 4,
  "tpPercent": 0.4272619751626299,
  "trailingActivation": 0.25635718509757793,
  "shortMomentumScore": 0,
  "overboughtScore": 65.28381365782862,
  "shortPatternScore": 0,
  "shootingStarDetected": false,
  "bearishEngulfingDetected": false,
  "eveningStarDetected": false,
  "bearishPatternsCount": 0,
  "shortTotalScore": 22.849334780240014,
  "chaikin": 0.3269853046105499,
  "obvIncreasing": false,
  "obvTrend": "declining",
  "adx": 55.769230769230646,
  "recentCandles": {
    "redCount": 1,
    "greenCount": 9
  },
  "resistanceDistance": 0.5026611472501529,
  "multiplePatterns": false,
  "bullishPattern": false,
  "priceAboveVWAP": true,
  "breakingResistance": true,
  "atrSufficient": false,
  "macdDivergenceBearish": false,
  "rvolMin1": -0.3815884740427786,
  "rvolMin5": 1.7162337389538878,
  "atrPercentileOld": 0.5121951219512195,
  "vwapDeviation": 3.002391881863653,
  "bbWidthPercent": 3.2671944673594466,
  "bbSqueeze": false,
  "multiTFMomentum": {
    "min1": {
      "roc1": 0.0044510385756676134,
      "roc3": 0.010447761194029893
    },
    "min5": {
      "roc1": 0.009552238805970158,
      "roc3": 0.02051901025950512
    },
    "min15": {
      "roc1": 0.0011816838995568433,
      "roc3": 0.02603693611867997
    },
    "hourly": {
      "roc1": -0.012998522895125696,
      "roc3": 0.0027010804321727583
    },
    "fourHour": {
      "roc1": 0.0020995800839829987,
      "roc3": 0.009670595346025783
    },
    "divergenceShortUpLongDown": true
  },
  "returnZMin5": 2.4985401755967476,
  "wickClosePct": 1,
  "wickUpper": 0,
  "wickLower": 0,
  "wickRatio": 0,
  "donchianBreakout15": false,
  "bbWidthPercentile15": 0.7662337662337663,
  "signedMin5": 901.3154000000002,
  "signedMin5Z": 9.146268480567135,
  "signedMin1": 578.5165999999999,
  "signedMin1Z": 7.04929038134234,
  "streakMin1": {
    "upStreak": 1,
    "downStreak": 0
  },
  "streakMin5": {
    "upStreak": 7,
    "downStreak": 0
  },
  "rvolPercentileMin1": 0.2076388888888889,
  "rvolPercentileMin5": 0.9652777777777778,
  "perTfMetrics": {
    "min1": {
      "sma20": 33.178,
      "sma50": 33.24280000000001,
      "ema20": 33.30419683158819,
      "ema50": 33.24426270725989,
      "vwma20": 33.530928533671656,
      "hma21": 33.450086580086584,
      "atr14": 0.08428571428571528,
      "atrPercentile": 0.2663645518630413,
      "rvolZ": -0.3815884740427786,
      "rvolPercentile": 0.2076388888888889,
      "mfi14": 94.69239509317896,
      "ppo": {
        "ppo": 0.3767015542194286,
        "signal": 0.08402480452785002,
        "histogram": 0.29267674969157853
      },
      "stochRsi": {
        "k": 94.00743599029738,
        "d": 87.09433505731494
      },
      "vprofile": {
        "vpBins": [
          0.019967959506358816,
          0.01578392901862744,
          0.03194472060999502,
          0.08826760278093952,
          0.030715540524046122,
          0.13474232293815247,
          0.09823787414326356,
          0.029881911666843418,
          0.14965381079591153,
          0.06115811187107144,
          0.09285322834461691,
          0.09210156283421587,
          0.04862205854988792,
          0.01809468763726328,
          0.004932539016494536,
          0.001454895831929996,
          0.03949066642599324,
          0.041624482132615034,
          0,
          0.0004720953717737547
        ],
        "currentBinShare": 0.0004720953717737547
      },
      "ttm": {
        "squeeze": false,
        "release": true,
        "widthPct": 3.359242561764381
      }
    },
    "min5": {
      "sma20": 33.1775,
      "sma50": 33.22539999999999,
      "ema20": 33.21525368371109,
      "ema50": 33.208072502040146,
      "vwma20": 33.42237387486839,
      "hma21": 33.14311688311688,
      "atr14": 0.14071428571428665,
      "atrPercentile": 0.5547445255474452,
      "rvolZ": 1.7162337389538878,
      "rvolPercentile": 0.9652777777777778,
      "mfi14": 88.68070915652555,
      "ppo": {
        "ppo": 0.1518412516735449,
        "signal": -0.07595982601417225,
        "histogram": 0.22780107768771715
      },
      "stochRsi": {
        "k": 100,
        "d": 54.57741576162624
      },
      "vprofile": {
        "vpBins": [
          0.13417260701923828,
          0.001528077076959031,
          0.04930307486701249,
          0.15530652624284827,
          0.0036818692534802714,
          0.015898659450714395,
          0.03582263762236029,
          0.01182365168716459,
          0.030397219949937302,
          0.0676061793715014,
          0.07462837729355659,
          0.05469985100175789,
          0.096969731123353,
          0.07753569670532097,
          0.07134159693013839,
          0.0698923650018137,
          0.016516473436434507,
          0.0015468837197806563,
          0,
          0.0313285222466276
        ],
        "currentBinShare": 0.0313285222466276
      },
      "ttm": {
        "squeeze": false,
        "release": true,
        "widthPct": 2.6907240150935228
      }
    },
    "min15": {
      "sma20": 33.230000000000004,
      "sma50": 33.224199999999996,
      "ema20": 33.283285215472645,
      "ema50": 33.22416643728475,
      "vwma20": 33.459285957793405,
      "hma21": 33.21597402597402,
      "atr14": 0.1857142857142848,
      "atrPercentile": 0.5121951219512195,
      "rvolZ": 0.05485392698026893,
      "rvolPercentile": 0.7708333333333334,
      "mfi14": 87.65948049140043,
      "ppo": {
        "ppo": 0.19398067185761111,
        "signal": -0.02255057654410341,
        "histogram": 0.21653124840171453
      },
      "stochRsi": {
        "k": 97.83129695793443,
        "d": 66.3423101492696
      },
      "vprofile": {
        "vpBins": [
          0.12614310674415988,
          0.16867217770451384,
          0,
          0.009852137395854516,
          0.025546849140007277,
          0,
          0.025716091010216192,
          0.07274297624393664,
          0.010495625439892936,
          0.11747918190690325,
          0.064525594924252,
          0.056723640178223865,
          0.06185118825624852,
          0.11300826121688963,
          0.059789791855962754,
          0.03592511855507087,
          0,
          0,
          0.05152825942786765,
          0
        ],
        "currentBinShare": 0.05152825942786765
      },
      "ttm": {
        "squeeze": false,
        "release": true,
        "widthPct": 3.2671944673594466
      }
    },
    "hourly": {
      "sma20": 33.270500000000006,
      "sma50": 32.227,
      "ema20": 33.14974236393068,
      "ema50": 32.69083972517575,
      "vwma20": 33.28953623849102,
      "hma21": 33.36844155844156,
      "atr14": 0.46357142857142974,
      "atrPercentile": 0.2608695652173913,
      "rvolZ": -0.22101047833334966,
      "rvolPercentile": 0.5803571428571429,
      "mfi14": 68.04160520489343,
      "ppo": {
        "ppo": 0.8581860555108111,
        "signal": 0.9694228680026125,
        "histogram": -0.1112368124918014
      },
      "stochRsi": {
        "k": 31.310767599019684,
        "d": 50.86456882239563
      },
      "vprofile": {
        "vpBins": [
          0.010559788589055978,
          0.006894259739185956,
          0.04926286143770535,
          0.020927215669851843,
          0.03351962644576875,
          0.08390968729168108,
          0.11095551532797815,
          0.12275827603862376,
          0.08681650809938224,
          0.0390720385009463,
          0.08828408663355922,
          0.02826178739960041,
          0.05819099656677207,
          0.03075447100681304,
          0.06759328391723556,
          0.03913076470049909,
          0.0923312743857596,
          0.018481922258211485,
          0.011181912499256175,
          0.0011137234921140466
        ],
        "currentBinShare": 0.08681650809938224
      },
      "ttm": {
        "squeeze": true,
        "release": false,
        "widthPct": 2.6010316008556855
      }
    },
    "fourHour": {
      "sma20": 32.0555,
      "sma50": 34.16919999999999,
      "ema20": 32.76645224369379,
      "ema50": 34.492836624171844,
      "vwma20": 31.962358080831354,
      "hma21": 33.10112554112555,
      "atr14": 1.4600000000000006,
      "atrPercentile": 0.4714285714285714,
      "rvolZ": -0.38976893609120533,
      "rvolPercentile": 0.39285714285714285,
      "mfi14": 86.22383391159447,
      "ppo": {
        "ppo": -0.6537652197810462,
        "signal": -1.9200386798086622,
        "histogram": 1.266273460027616
      },
      "stochRsi": {
        "k": 100,
        "d": 61.08148161783208
      },
      "vprofile": {
        "vpBins": [
          0.022273786121407672,
          0.02425515813600388,
          0.026274305055811506,
          0.08768203717463827,
          0.14104752975952067,
          0.059696437469311664,
          0.13803411667967588,
          0.019265816413576897,
          0.06462029763550343,
          0.03190307864044228,
          0.09213848278592203,
          0.032959512716586446,
          0.012576327968021479,
          0,
          0,
          0.06149031667767549,
          0.07887848067779543,
          0.056351852265725096,
          0.019561927322735935,
          0.030990536499645917
        ],
        "currentBinShare": 0.059696437469311664
      },
      "ttm": {
        "squeeze": false,
        "release": false,
        "widthPct": 15.31631252768822
      }
    },
    "daily": {
      "sma20": 40.25850000000001,
      "sma50": 55.7056,
      "ema20": 39.818943469975004,
      "ema50": 47.910104785291146,
      "vwma20": 0,
      "hma21": 29.552077922077906,
      "atr14": 3.705714285714284,
      "atrPercentile": 0.23684210526315788,
      "rvolZ": 0,
      "rvolPercentile": 1,
      "mfi14": 50,
      "ppo": {
        "ppo": -14.981117288294707,
        "signal": -13.784299910401819,
        "histogram": -1.196817377892888
      },
      "stochRsi": {
        "k": 64.91662886625916,
        "d": 21.587053817360005
      },
      "vprofile": {
        "vpBins": [
          0,
          0,
          0,
          0,
          0,
          0,
          0,
          0,
          0,
          0,
          0,
          0,
          0,
          0,
          0,
          0,
          0,
          0,
          0,
          0
        ],
        "currentBinShare": 0
      },
      "ttm": {
        "squeeze": false,
        "release": false,
        "widthPct": 67.62851671148398
      }
    }
  },
  "smaMin5": 33.1775,
  "emaMin5": 33.21525368371109,
  "vwmaMin5": 33.42237387486839,
  "hmaMin5": 33.14311688311688,
  "keltner15": {
    "upper": 33.57578521547265,
    "middle": 33.283285215472645,
    "lower": 32.99078521547264
  },
  "superTrend15": {
    "isBull": false,
    "finalUpper": 34.505,
    "finalLower": 33.335
  },
  "mfi15": 87.65948049140043,
  "stochRsi15": {
    "k": 97.83129695793443,
    "d": 66.3423101492696
  },
  "ppo15": {
    "ppo": 0.19398067185761111,
    "signal": -0.02255057654410341,
    "histogram": 0.21653124840171453
  },
  "vpMin15": {
    "vpBins": [
      0.12614310674415988,
      0.16867217770451384,
      0,
      0.009852137395854516,
      0.025546849140007277,
      0,
      0.025716091010216192,
      0.07274297624393664,
      0.010495625439892936,
      0.11747918190690325,
      0.064525594924252,
      0.056723640178223865,
      0.06185118825624852,
      0.11300826121688963,
      0.059789791855962754,
      0.03592511855507087,
      0,
      0,
      0.05152825942786765,
      0
    ],
    "currentBinShare": 0.05152825942786765
  },
  "ttm15": {
    "squeeze": false,
    "release": true,
    "widthPct": 3.2671944673594466
  },
  "marketCorrelation": {
    "hourly": {
      "btcCorrelation": 0,
      "ethCorrelation": 0,
      "btcBeta": 1,
      "ethBeta": 1,
      "btcTrend": "UNKNOWN",
      "ethTrend": "UNKNOWN",
      "tokenVol": 0,
      "btcVol": 0,
      "ethVol": 0,
      "marketDependence": 0,
      "verdict": "INSUFFICIENT_DATA"
    },
    "min15": {
      "btcCorrelation": 0,
      "ethCorrelation": 0,
      "btcBeta": 1,
      "ethBeta": 1,
      "btcTrend": "UNKNOWN",
      "ethTrend": "UNKNOWN",
      "tokenVol": 0,
      "btcVol": 0,
      "ethVol": 0,
      "marketDependence": 0,
      "verdict": "INSUFFICIENT_DATA"
    },
    "daily": {
      "btcCorrelation": 0,
      "ethCorrelation": 0,
      "btcBeta": 1,
      "ethBeta": 1,
      "btcTrend": "UNKNOWN",
      "ethTrend": "UNKNOWN",
      "tokenVol": 0,
      "btcVol": 0,
      "ethVol": 0,
      "marketDependence": 0,
      "verdict": "INSUFFICIENT_DATA"
    }
  },
  "tradeTape": {
    "totalTrades": 0,
    "totalVolume": 0,
    "buysVolume": 0,
    "sellsVolume": 0,
    "buySellRatio": 0.5,
    "vwap": 0,
    "signedVolume": 0,
    "avgTradeSize": 0,
    "tradesPerSec": 0,
    "cumulativeDelta": 0,
    "tradesLast1m": 0,
    "tradesLast5m": 0,
    "tradesLast15m": 0,
    "tradesLast1h": 0,
    "buyVWAP": 0,
    "sellVWAP": 0,
    "aggressorVWAP": 0,
    "bucketDurationMs": 60000,
    "bucketCount": 15,
    "bucketSignedVolumes": [],
    "bucketVolumes": [],
    "bucketVWAPs": [],
    "latestBucketSignedZ": 0
  },
  "enhancedMetrics": {
    "relativeVolumeZScore": -1,
    "volumePercentile": 40,
    "atrPercentile": 56.20437956204379,
    "volatilityPercentile": 35.44303797468354,
    "relativeVolatilityRatio": 0.8953185537726407,
    "isHighVolume": false,
    "isHighVolatility": false,
    "isLowVolatility": false,
    "isExpandingVolatility": false,
    "isContractingVolatility": false
  },
  "orderBook": {
    "bidAskSpread": 0,
    "spreadPct": 0,
    "midPrice": 0,
    "bestBid": 0,
    "bestAsk": 0,
    "bidDepth": 0,
    "askDepth": 0,
    "orderBookImbalance": 0,
    "liquidityScore": 0,
    "depthAt1Pct": {
      "bidVolume": 0,
      "askVolume": 0,
      "imbalance": 0
    },
    "depthAt2Pct": {
      "bidVolume": 0,
      "askVolume": 0,
      "imbalance": 0
    },
    "depthAt5Pct": {
      "bidVolume": 0,
      "askVolume": 0,
      "imbalance": 0
    },
    "weightedMidPrice": 0,
    "volumeWeightedSpread": 0,
    "totalBidLevels": 0,
    "totalAskLevels": 0
  },
  "marketCap": {
    "marketCap": 0,
    "totalVolume24h": 0,
    "volumeToMarketCapRatio": 0,
    "marketCapRank": 0,
    "normalizedRank": 0,
    "isHighLiquidity": false,
    "isVeryHighLiquidity": false,
    "isLowLiquidity": true,
    "liquidityTier": "VERY_LOW"
  },
  "sweeps": {
    "sweepScore": 0,
    "sweepCount": 0,
    "sweepDirection": "NEUTRAL",
    "buySweeps": 0,
    "sellSweeps": 0,
    "avgSweepSize": 0,
    "avgSweepIntensity": 0,
    "bidLiftRatio": 0,
    "askLiftRatio": 0,
    "sweepFrequency": 0,
    "largestSweep": null,
    "recentSweepClusters": 0,
    "sweepDetails": []
  },
  "absorption": {
    "absorptionScore": 0,
    "absorptionLevel": null,
    "absorptionSide": "NONE",
    "icebergProbability": 0,
    "hiddenLiquidityEstimate": 0,
    "volumeAtPrice": {},
    "topAbsorptionLevels": [],
    "persistenceDuration": 0,
    "refillDetected": false
  },
  "orderArrival": {
    "avgInterArrivalTime": 0,
    "recentInterArrivalTime": 0,
    "accelerationRatio": 1,
    "hawkesIntensity": 0,
    "hawkesDirection": "NEUTRAL",
    "clusteringScore": 0,
    "burstCount": 0,
    "cascadeDetected": false,
    "timeToNextTrade": 0,
    "accelerationTrend": "STABLE"
  },
  "liquidityVacuum": {
    "vacuumScore": 0,
    "vacuumSide": "NONE",
    "bidVacuumSeverity": 0,
    "askVacuumSeverity": 0,
    "depthConcentration": 0,
    "priceImpact10k": 0,
    "priceImpact50k": 0,
    "priceImpact100k": 0,
    "largestGapBid": 0,
    "largestGapAsk": 0,
    "avgGapBid": 0,
    "avgGapAsk": 0,
    "bidCliffDistance": 0,
    "askCliffDistance": 0
  },
  "volatilityRegime": {
    "regime": "BELOW_NORMAL",
    "regimeScore": -0.5,
    "currentATR": 3.873846,
    "avgATR": 6.541949,
    "atrPercentile": 27.6,
    "realizedVolatility": 102.49,
    "volPercentile": 13.6,
    "expanding": false,
    "contracting": true,
    "transitionProbability": 0.7,
    "daysInRegime": 6,
    "regimeStrength": 0.06
  },
  "temporalPatterns": {
    "currentHour": 17,
    "currentDay": 0,
    "currentDayName": "Sunday",
    "dayBias": "NEUTRAL",
    "hourlyProfile": [
      {
        "avgVolume": 366.94,
        "avgATR": 0.505714,
        "avgReturn": -0.669
      },
      {
        "avgVolume": 505.9,
        "avgATR": 0.670714,
        "avgReturn": -0.403
      },
      {
        "avgVolume": 586.31,
        "avgATR": 0.599286,
        "avgReturn": 0.266
      },
      {
        "avgVolume": 309.33,
        "avgATR": 0.495714,
        "avgReturn": -0.048
      },
      {
        "avgVolume": 305.62,
        "avgATR": 0.396429,
        "avgReturn": -0.011
      },
      {
        "avgVolume": 441.47,
        "avgATR": 0.475,
        "avgReturn": -0.221
      },
      {
        "avgVolume": 450.15,
        "avgATR": 0.525,
        "avgReturn": 0.165
      },
      {
        "avgVolume": 484.07,
        "avgATR": 0.452143,
        "avgReturn": -0.068
      },
      {
        "avgVolume": 284.04,
        "avgATR": 0.372857,
        "avgReturn": -0.105
      },
      {
        "avgVolume": 222.87,
        "avgATR": 0.336429,
        "avgReturn": 0.195
      },
      {
        "avgVolume": 290.85,
        "avgATR": 0.407143,
        "avgReturn": 0.057
      },
      {
        "avgVolume": 479.71,
        "avgATR": 0.525714,
        "avgReturn": 0.518
      },
      {
        "avgVolume": 822.49,
        "avgATR": 0.688571,
        "avgReturn": 0.238
      },
      {
        "avgVolume": 620.8,
        "avgATR": 0.671429,
        "avgReturn": -0.002
      },
      {
        "avgVolume": 788.65,
        "avgATR": 0.874286,
        "avgReturn": -0.706
      },
      {
        "avgVolume": 833.02,
        "avgATR": 0.967143,
        "avgReturn": 0.014
      },
      {
        "avgVolume": 690.89,
        "avgATR": 0.759231,
        "avgReturn": -0.222
      },
      {
        "avgVolume": 842,
        "avgATR": 0.803571,
        "avgReturn": -0.529
      },
      {
        "avgVolume": 651.31,
        "avgATR": 0.649286,
        "avgReturn": 0.313
      },
      {
        "avgVolume": 444.06,
        "avgATR": 0.577857,
        "avgReturn": -0.333
      },
      {
        "avgVolume": 457.05,
        "avgATR": 0.606429,
        "avgReturn": 0.007
      },
      {
        "avgVolume": 575.67,
        "avgATR": 0.594286,
        "avgReturn": -0.074
      },
      {
        "avgVolume": 320.32,
        "avgATR": 0.435714,
        "avgReturn": -0.059
      },
      {
        "avgVolume": 328.47,
        "avgATR": 0.409286,
        "avgReturn": -0.231
      }
    ],
    "dailyProfile": [
      {
        "avgVolume": 341.47,
        "avgATR": 0.520417,
        "avgReturn": -0.163
      },
      {
        "avgVolume": 507.14,
        "avgATR": 0.587083,
        "avgReturn": -0.195
      },
      {
        "avgVolume": 894.07,
        "avgATR": 0.769167,
        "avgReturn": 0.154
      },
      {
        "avgVolume": 365.68,
        "avgATR": 0.534375,
        "avgReturn": -0.202
      },
      {
        "avgVolume": 660.31,
        "avgATR": 0.684792,
        "avgReturn": -0.24
      },
      {
        "avgVolume": 504.44,
        "avgATR": 0.540208,
        "avgReturn": 0.083
      },
      {
        "avgVolume": 247.4,
        "avgATR": 0.380851,
        "avgReturn": 0.012
      }
    ],
    "favorableHours": [
      17,
      15,
      12,
      14,
      16,
      18
    ],
    "favorableWindow": true,
    "currentVsAvgVolume": 0,
    "currentVsAvgVolatility": 0,
    "anomalyDetected": true,
    "timeUntilFavorable": null,
    "temporalScore": 0.5
  },
  "unifiedMicrostructure": {
    "signalDirections": {
      "vpin": "NEUTRAL",
      "sweeps": "NEUTRAL",
      "absorption": "NEUTRAL",
      "arrival": "NEUTRAL",
      "vacuum": "NONE",
      "volRegime": "FAVORABLE",
      "temporal": "FAVORABLE"
    },
    "consensusDirection": "BULLISH",
    "consensusStrength": 100,
    "bullishSignals": 2,
    "bearishSignals": 0,
    "neutralSignals": 0,
    "totalAvailableSignals": 2,
    "dominantPattern": "NONE",
    "clusters": {
      "strongBuyCluster": false,
      "distributionPattern": false,
      "accumulationPattern": false,
      "momentumCascade": false
    },
    "adaptiveWeights": {
      "vpin": 0,
      "sweeps": 0,
      "absorption": 0,
      "arrival": 0,
      "vacuum": 0,
      "volRegime": 0.03,
      "temporal": 0.02
    },
    "convictionLevel": "HIGH",
    "convictionScore": 100,
    "riskAdjustment": "NORMAL",
    "timingQuality": "FAVORABLE",
    "signalQuality": "LOW"
  },
  "deltaAnalysis": {
    "currentDelta": 0,
    "cumulativeDelta": 0,
    "deltaPerVolume": 0,
    "deltaDirection": "NEUTRAL",
    "deltaDivergence": false,
    "institutionalRatio": 0,
    "aggressionScore": 0
  },
  "volumeProfile": {
    "pointOfControl": 0,
    "valueAreaHigh": 0,
    "valueAreaLow": 0,
    "currentPosition": "ABOVE_VALUE_AREA",
    "volumeNodes": [],
    "airPockets": []
  },
  "momentumCascade": {
    "cascadeDetected": false,
    "alignmentScore": 0.019697464093676422,
    "cascadeStrength": 0,
    "acceleratingTimeframes": [
      "1m",
      "5m",
      "15m"
    ],
    "divergingTimeframes": [
      "1h"
    ]
  },
  "breakoutConfirmation": {
    "breakoutConfirmed": false,
    "volumeConfirmation": false,
    "retestStrength": 0,
    "falseBreakoutRisk": 0,
    "breakoutQuality": "NO_BREAKOUT"
  },
  "liquidityHeatmap": {
    "liquidityScore": 0,
    "magnetDirection": "NONE",
    "magnetStrength": 0,
    "priceTarget5pct": null,
    "message": "No order book data"
  },
  "smartMoneyDivergence": {
    "divergenceDetected": false,
    "divergenceDirection": "NONE",
    "smartMoneyScore": 0.5,
    "message": "Insufficient trade data"
  },
  "microstructure": {
    "raw": -0.03454541254735286,
    "pct": 49,
    "summary": {
      "latestBucketSignedZ": 0,
      "buySellRatio": 0.5,
      "tradesPerSec": 0,
      "vwap": 0,
      "aggressorVWAP": 0,
      "vpinToxicity": "UNKNOWN",
      "sweepDirection": "NEUTRAL",
      "absorptionSide": "NONE",
      "icebergDetected": false,
      "hawkesDirection": "NEUTRAL",
      "cascadeDetected": false,
      "vacuumSide": "NONE",
      "volatilityRegime": "BELOW_NORMAL",
      "volExpanding": false,
      "favorableTimeWindow": true,
      "temporalAnomaly": true,
      "consensusDirection": "BULLISH",
      "consensusStrength": 100,
      "dominantPattern": "NONE",
      "convictionLevel": "HIGH",
      "riskAdjustment": "NORMAL",
      "timingQuality": "FAVORABLE",
      "deltaDirection": "NEUTRAL",
      "deltaDivergence": false,
      "institutionalRatio": 0,
      "volumeProfilePosition": "ABOVE_VALUE_AREA",
      "pointOfControl": 0,
      "momentumCascadeDetected": false,
      "cascadeStrength": 0,
      "breakoutQuality": "NO_BREAKOUT",
      "breakoutConfirmed": false,
      "magnetDirection": "NONE",
      "magnetStrength": 0,
      "priceTarget5pct": null,
      "nearestBidWall": 0,
      "nearestAskWall": 0,
      "divergenceDetected": false,
      "divergenceDirection": "NONE",
      "whaleAccumulation": false,
      "whaleDistribution": false,
      "retailPanic": false,
      "smartMoneyScore": 0.5
    }
  }
}

=== MICROSTRUCTURE ALERTS ===

🔬 VPIN: Insufficient data for VPIN analysis

🌊 SWEEP DETECTION: No significant sweeps detected

🧊 ABSORPTION & ICEBERG: No significant absorption or iceberg orders detected

⚡ ORDER ARRIVAL DYNAMICS: Insufficient trades for analysis

🌪️ LIQUIDITY VACUUM: No significant vacuum detected

📊 VOLATILITY REGIME DETECTION:
   Current Regime: BELOW_NORMAL
   Regime Score: -0.50 (-1=low vol, +1=extreme vol)
   Days in Regime: 6
   ATR: $3.873846 (avg: $6.541949)
   ATR Percentile: 27.6%
   Realized Volatility: 102.49% (annualized)
   Vol Percentile: 13.6%

   🟢 BELOW NORMAL VOLATILITY:
   ⚡ Consolidation phase - watch for expansion
   ✅ Good entry zone for patient trades

   📉 VOLATILITY CONTRACTING:
   🔄 Consolidation phase - accumulation likely
   ⏳ Wait for expansion before entering

   ⚠️ HIGH REGIME TRANSITION PROBABILITY: 70%
   Market near regime boundary - expect volatility shift soon

⏰ TEMPORAL PATTERN ANALYSIS:
   Current Time: Sunday 17:00 UTC
   Day Bias: NEUTRAL
   Current vs Avg Volume: 0x
   Current vs Avg Volatility: 0x

   ✅ FAVORABLE TIME WINDOW:
   This hour historically shows strong volume and positive returns
   GOOD time to trade - patterns favor entry

   ⚠️ LOW ACTIVITY ANOMALY:
   Volume 0x below typical - Extremely quiet

   📉 LOW VOLATILITY ANOMALY:
   Volatility 0x below typical - Consolidation likely

   🔥 Best Trading Hours (UTC): 17:00, 15:00, 12:00

🎯 UNIFIED MICROSTRUCTURE INTEGRATION:
   Signal Consensus: BULLISH (100% agreement)
   Available Signals: 2 (2 bullish / 0 bearish / 0 neutral)
   Conviction Level: HIGH (100%)
   Signal Quality: LOW
   Risk Adjustment: NORMAL
   Timing Quality: FAVORABLE

   ✅ HIGH CONVICTION: 100% of signals agree on direction
   Strong institutional alignment - Follow the smart money

   📊 NORMAL RISK LEVEL: Standard position sizing applies

   ⏰ FAVORABLE TIMING: Good time window for trading

   Signal Directions Breakdown:
   • VPIN: NEUTRAL
   • Sweeps: NEUTRAL
   • Absorption: NEUTRAL
   • Arrival Dynamics: NEUTRAL
   • Liquidity Vacuum: NONE
   • Vol Regime: FAVORABLE
   • Temporal: FAVORABLE

   Adaptive Weights (Total: 5.0%):
   • VPIN: 0.0%
   • Sweeps: 0.0%
   • Absorption: 0.0%
   • Arrival: 0.0%
   • Vacuum: 0.0%
   • Vol Regime: 3.0%
   • Temporal: 2.0%


💹 DELTA ANALYSIS (Order Flow Aggression):
   Direction: NEUTRAL
   Delta Per Volume: 0.00%
   Institutional Ratio: 0.0%
   Aggression Score: 0.0%

📊 VOLUME PROFILE (Support/Resistance Strength):
   Point of Control (POC): $0.000000
   Value Area High: $0.000000
   Value Area Low: $0.000000
   Current Position: ABOVE_VALUE_AREA
   ⚠️ DISTRIBUTION RISK: Price above value area - potential rejection zone

⚡ MOMENTUM CASCADE (Multi-Timeframe Alignment):
   Cascade Detected: NO
   Alignment Score: 2.0%
   Cascade Strength: 0.0%
   Accelerating: 1m, 5m, 15m
   Diverging: 1h

💥 BREAKOUT CONFIRMATION:
   Quality: NO_BREAKOUT
   Volume Confirmation: NO
   Retest Strength: 0.0%
   False Breakout Risk: 0.0%
   No breakout detected - price below resistance


levels:
Entry=33.75236, StopLoss=32.4022656, TakeProfit=33.8244655, 33.896571, 33.95425540000001

---

=== Token: SQD (SQD) ===
Contract: SQD-USD
Timestamp: 2025-12-20T15:00:00.000Z

Calculations:
{
  "momentumScore": 55.30232585634272,
  "volumeScore": 24.285714285714178,
  "patternScore": 45.027458022070036,
  "totalScore": 33.16859096623319,
  "finalScore": 0,
  "weights": "0.23,0.45,0.23",
  "hourlyUptrend": false,
  "rsi": 46.153846153846025,
  "ultraShortVolumeSurge": 6.514222868093067,
  "baseVolumeSurge": 0.00746240842843508,
  "currentPrice": 0.0421,
  "resistance": 0.0425,
  "support": 0.0418,
  "rocMin5": 0,
  "shortROC": -0.0023696682464455655,
  "priceAcceleration": 0.0000028210336267207306,
  "buySellRatio": 0.041321941620531794,
  "macdHistogram": -0.000011853055061637387,
  "stochasticK": 85.71428571428544,
  "atr": 0.0001285714285714278,
  "bbUpper": 0.04242410571473906,
  "bbLower": 0.041865894285260954,
  "hammerDetected": false,
  "engulfingDetected": false,
  "compressionSpring": {
    "detected": true,
    "confidence": 66,
    "signals": {
      "sidewaysPrice": true,
      "atrCompression": true,
      "bbSqueeze": true,
      "consolidationTime": true,
      "strongBuying": false,
      "obvPositive": false,
      "chaikinPositive": false,
      "rsiNeutral": true,
      "volumeBuilding": false
    },
    "metrics": {
      "priceRange": 1.67,
      "atrRatio": 0.783,
      "bbWidth": 1.32,
      "volumeRatio": 4.055,
      "signalCount": 5,
      "buySellRatio": 0.041
    }
  },
  "riskTier": "LOW",
  "atrPercent": 0.5598914149983006,
  "distanceToResistance": 0.9501187648456165,
  "slPercent": 2.5,
  "tpPercent": 0.807600950118774,
  "trailingActivation": 0.48456057007126435,
  "shortMomentumScore": 30,
  "overboughtScore": 35,
  "shortPatternScore": 0,
  "shootingStarDetected": false,
  "bearishEngulfingDetected": false,
  "eveningStarDetected": false,
  "bearishPatternsCount": 0,
  "shortTotalScore": 24.25,
  "chaikin": 0.4600922141521926,
  "obvIncreasing": false,
  "obvTrend": "declining",
  "adx": 7.692307692307371,
  "recentCandles": {
    "redCount": 3,
    "greenCount": 7
  },
  "resistanceDistance": 0.9501187648456165,
  "multiplePatterns": false,
  "bullishPattern": false,
  "priceAboveVWAP": true,
  "breakingResistance": true,
  "atrSufficient": false,
  "macdDivergenceBearish": false,
  "rvolMin1": -0.29848532671697536,
  "rvolMin5": -0.24293390432480175,
  "atrPercentileOld": 0.47560975609756095,
  "vwapDeviation": 1.5484126370170137,
  "bbWidthPercent": 1.3245021461101165,
  "bbSqueeze": true,
  "multiTFMomentum": {
    "min1": {
      "roc1": 0,
      "roc3": 0
    },
    "min5": {
      "roc1": -0.0023696682464455655,
      "roc3": 0.0023809523809522836
    },
    "min15": {
      "roc1": 0.004739336492890966,
      "roc3": 0.009523809523809466
    },
    "hourly": {
      "roc1": 0,
      "roc3": -0.0023640661938533316
    },
    "fourHour": {
      "roc1": 0,
      "roc3": 0
    },
    "divergenceShortUpLongDown": false
  },
  "returnZMin5": -0.6815502318410426,
  "wickClosePct": 0,
  "wickUpper": 0,
  "wickLower": 0,
  "wickRatio": 0,
  "donchianBreakout15": false,
  "bbWidthPercentile15": 0.15584415584415584,
  "signedMin5": -239930.80000000005,
  "signedMin5Z": -6.110050661695843,
  "signedMin1": 269564.20000000007,
  "signedMin1Z": 20.683973686562467,
  "streakMin1": {
    "upStreak": 0,
    "downStreak": 0
  },
  "streakMin5": {
    "upStreak": 0,
    "downStreak": 1
  },
  "rvolPercentileMin1": 0.09652777777777778,
  "rvolPercentileMin5": 0.4201388888888889,
  "perTfMetrics": {
    "min1": {
      "sma20": 0.04207000000000001,
      "sma50": 0.04213400000000001,
      "ema20": 0.04209546069631227,
      "ema50": 0.04210336481850761,
      "vwma20": 0.04203281174648035,
      "hma21": 0.042092207792207806,
      "atr14": 0.00010714285714285723,
      "atrPercentile": 0.3041289023162135,
      "rvolZ": -0.29848532671697536,
      "rvolPercentile": 0.09652777777777778,
      "mfi14": 82.93296546318659,
      "ppo": {
        "ppo": 0.02726942573461494,
        "signal": -0.023369570758132174,
        "histogram": 0.05063899649274711
      },
      "stochRsi": {
        "k": 71.42857142857146,
        "d": 56.043956043955944
      },
      "vprofile": {
        "vpBins": [
          0.0001028873890472638,
          0.05882517232723224,
          0.09661794677947316,
          0,
          0.2618792608912754,
          0.09928379612976203,
          0,
          0.06324538490752257,
          0.045519622595052996,
          0,
          0.0266913087798423,
          0.23697037553844744,
          0.01606814667049302,
          0,
          0.024017255610315025,
          0.030472982053805758,
          0,
          0.03866744789320696,
          0.0015493461294798859,
          0.00008906630504370804
        ],
        "currentBinShare": 0.06324538490752257
      },
      "ttm": {
        "squeeze": false,
        "release": false,
        "widthPct": 1.088236096245265
      }
    },
    "min5": {
      "sma20": 0.04208000000000001,
      "sma50": 0.04210400000000001,
      "ema20": 0.04208097707558531,
      "ema50": 0.042099958862669117,
      "vwma20": 0.04205237294796557,
      "hma21": 0.0420138528138528,
      "atr14": 0.0001285714285714278,
      "atrPercentile": 0.29927007299270075,
      "rvolZ": -0.24293390432480175,
      "rvolPercentile": 0.4201388888888889,
      "mfi14": 23.797805131291412,
      "ppo": {
        "ppo": -0.017146695027292918,
        "signal": -0.04502213254108676,
        "histogram": 0.02787543751379384
      },
      "stochRsi": {
        "k": 52.94117647058706,
        "d": 50
      },
      "vprofile": {
        "vpBins": [
          0,
          0,
          0.0049406361206578145,
          0.14386120581383813,
          0.012576537090020112,
          0.04984435626606431,
          0.029120122991292137,
          0.007691969521941913,
          0.014997952611250682,
          0.10041698005237427,
          0.0029670842133151017,
          0.04317732233101615,
          0.16221577539170193,
          0.04423510418448107,
          0.2130079408845465,
          0.010407815259194162,
          0.11655838873287458,
          0.010852670614862914,
          0.03253944869021233,
          0.0005886892303560892
        ],
        "currentBinShare": 0.04423510418448107
      },
      "ttm": {
        "squeeze": false,
        "release": false,
        "widthPct": 0.9313649212103269
      }
    },
    "min15": {
      "sma20": 0.04214500000000001,
      "sma50": 0.04213800000000001,
      "ema20": 0.04217324071618748,
      "ema50": 0.042100906704947295,
      "vwma20": 0.04211473854700844,
      "hma21": 0.042179653679653685,
      "atr14": 0.00023571428571428455,
      "atrPercentile": 0.47560975609756095,
      "rvolZ": -0.13856043549953767,
      "rvolPercentile": 0.7291666666666666,
      "mfi14": 46.09546000701562,
      "ppo": {
        "ppo": 0.04190664782531123,
        "signal": 0.004633402440580295,
        "histogram": 0.03727324538473093
      },
      "stochRsi": {
        "k": 52.08333333333325,
        "d": 52.72463768115947
      },
      "vprofile": {
        "vpBins": [
          0,
          0,
          0,
          0.14499339958233895,
          0.009293969920450349,
          0.07376231049471027,
          0.004651402332946387,
          0.11267243733929452,
          0.010046308648916842,
          0.005795459334578154,
          0.027996797909098908,
          0.017847789901538406,
          0.18844124369300042,
          0.019676800950098494,
          0.18052617459216647,
          0.05442113265276709,
          0.10442265655521342,
          0.017785934531109313,
          0.015359599902450801,
          0.012306581659321232
        ],
        "currentBinShare": 0.05442113265276709
      },
      "ttm": {
        "squeeze": false,
        "release": false,
        "widthPct": 1.3245021461101165
      }
    },
    "hourly": {
      "sma20": 0.04221000000000001,
      "sma50": 0.041235999999999995,
      "ema20": 0.04200778175464842,
      "ema50": 0.0417510426907587,
      "vwma20": 0.04232955136729836,
      "hma21": 0.04212727272727274,
      "atr14": 0.0003500000000000006,
      "atrPercentile": 0.003105590062111801,
      "rvolZ": -0.45580433104866974,
      "rvolPercentile": 0.28273809523809523,
      "mfi14": 43.35704602115878,
      "ppo": {
        "ppo": 0.5600670007262928,
        "signal": 0.6597459932783222,
        "histogram": -0.09967899255202939
      },
      "stochRsi": {
        "k": 41.06317411402141,
        "d": 49.66329966329965
      },
      "vprofile": {
        "vpBins": [
          0.008068354592694857,
          0.01529923164778977,
          0.02802231760511184,
          0.11639167274435161,
          0.06517735782127713,
          0.07980962642418621,
          0.09309480048127479,
          0.0700618841435487,
          0.17180532028404197,
          0.06875531066687178,
          0.019397973193477473,
          0.06098245577988955,
          0.10987361299742221,
          0,
          0.029516514583563858,
          0,
          0.06374356703449827,
          0,
          0,
          0
        ],
        "currentBinShare": 0.07980962642418621
      },
      "ttm": {
        "squeeze": true,
        "release": false,
        "widthPct": 2.052253762398277
      }
    },
    "fourHour": {
      "sma20": 0.04163,
      "sma50": 0.04290799999999999,
      "ema20": 0.04196291218862502,
      "ema50": 0.04304214490982645,
      "vwma20": 0.04170899627770053,
      "hma21": 0.041135930735930755,
      "atr14": 0.0013571428571428584,
      "atrPercentile": 0.05714285714285714,
      "rvolZ": -0.7351563172370508,
      "rvolPercentile": 0.047619047619047616,
      "mfi14": 65.18070469591242,
      "ppo": {
        "ppo": -0.6714270366796645,
        "signal": -1.2751182648750898,
        "histogram": 0.6036912281954253
      },
      "stochRsi": {
        "k": 100,
        "d": 56.553364574309576
      },
      "vprofile": {
        "vpBins": [
          0.008471683367309612,
          0.007675339840203187,
          0.018364843458116564,
          0.07126914169266071,
          0.04733238385450254,
          0.04952475606049891,
          0.045914135973354794,
          0.07885128934330207,
          0.09190381208703734,
          0.04735678172806675,
          0.11690555805933978,
          0.15607917930470167,
          0.011941013766810818,
          0.0467325884823165,
          0.01599079222114418,
          0.04528605032486219,
          0.08492624628342187,
          0.05547440415235057,
          0,
          0
        ],
        "currentBinShare": 0.04952475606049891
      },
      "ttm": {
        "squeeze": false,
        "release": false,
        "widthPct": 12.568726504505568
      }
    },
    "daily": {
      "sma20": 0.04669500000000001,
      "sma50": 0.05765399999999999,
      "ema20": 0.04717717129301671,
      "ema50": 0.06251739274111281,
      "vwma20": 0,
      "hma21": 0.04023030303030302,
      "atr14": 0.004814285714285714,
      "atrPercentile": 0.039473684210526314,
      "rvolZ": 0,
      "rvolPercentile": 1,
      "mfi14": 50,
      "ppo": {
        "ppo": -11.70813416142296,
        "signal": -12.112546934863778,
        "histogram": 0.40441277344081783
      },
      "stochRsi": {
        "k": 61.418263145761095,
        "d": 37.030876882956996
      },
      "vprofile": {
        "vpBins": [
          0,
          0,
          0,
          0,
          0,
          0,
          0,
          0,
          0,
          0,
          0,
          0,
          0,
          0,
          0,
          0,
          0,
          0,
          0,
          0
        ],
        "currentBinShare": 0
      },
      "ttm": {
        "squeeze": false,
        "release": false,
        "widthPct": 38.140858049108985
      }
    }
  },
  "smaMin5": 0.04208000000000001,
  "emaMin5": 0.04208097707558531,
  "vwmaMin5": 0.04205237294796557,
  "hmaMin5": 0.0420138528138528,
  "keltner15": {
    "upper": 0.04253324071618748,
    "middle": 0.04217324071618748,
    "lower": 0.04181324071618748
  },
  "superTrend15": {
    "isBull": true,
    "finalUpper": 0.04302,
    "finalLower": 0.041580000000000006
  },
  "mfi15": 46.09546000701562,
  "stochRsi15": {
    "k": 52.08333333333325,
    "d": 52.72463768115947
  },
  "ppo15": {
    "ppo": 0.04190664782531123,
    "signal": 0.004633402440580295,
    "histogram": 0.03727324538473093
  },
  "vpMin15": {
    "vpBins": [
      0,
      0,
      0,
      0.14499339958233895,
      0.009293969920450349,
      0.07376231049471027,
      0.004651402332946387,
      0.11267243733929452,
      0.010046308648916842,
      0.005795459334578154,
      0.027996797909098908,
      0.017847789901538406,
      0.18844124369300042,
      0.019676800950098494,
      0.18052617459216647,
      0.05442113265276709,
      0.10442265655521342,
      0.017785934531109313,
      0.015359599902450801,
      0.012306581659321232
    ],
    "currentBinShare": 0.05442113265276709
  },
  "ttm15": {
    "squeeze": false,
    "release": false,
    "widthPct": 1.3245021461101165
  },
  "marketCorrelation": {
    "hourly": {
      "btcCorrelation": 0,
      "ethCorrelation": 0,
      "btcBeta": 1,
      "ethBeta": 1,
      "btcTrend": "UNKNOWN",
      "ethTrend": "UNKNOWN",
      "tokenVol": 0,
      "btcVol": 0,
      "ethVol": 0,
      "marketDependence": 0,
      "verdict": "INSUFFICIENT_DATA"
    },
    "min15": {
      "btcCorrelation": 0,
      "ethCorrelation": 0,
      "btcBeta": 1,
      "ethBeta": 1,
      "btcTrend": "UNKNOWN",
      "ethTrend": "UNKNOWN",
      "tokenVol": 0,
      "btcVol": 0,
      "ethVol": 0,
      "marketDependence": 0,
      "verdict": "INSUFFICIENT_DATA"
    },
    "daily": {
      "btcCorrelation": 0,
      "ethCorrelation": 0,
      "btcBeta": 1,
      "ethBeta": 1,
      "btcTrend": "UNKNOWN",
      "ethTrend": "UNKNOWN",
      "tokenVol": 0,
      "btcVol": 0,
      "ethVol": 0,
      "marketDependence": 0,
      "verdict": "INSUFFICIENT_DATA"
    }
  },
  "tradeTape": {
    "totalTrades": 0,
    "totalVolume": 0,
    "buysVolume": 0,
    "sellsVolume": 0,
    "buySellRatio": 0.5,
    "vwap": 0,
    "signedVolume": 0,
    "avgTradeSize": 0,
    "tradesPerSec": 0,
    "cumulativeDelta": 0,
    "tradesLast1m": 0,
    "tradesLast5m": 0,
    "tradesLast15m": 0,
    "tradesLast1h": 0,
    "buyVWAP": 0,
    "sellVWAP": 0,
    "aggressorVWAP": 0,
    "bucketDurationMs": 60000,
    "bucketCount": 15,
    "bucketSignedVolumes": [],
    "bucketVolumes": [],
    "bucketVWAPs": [],
    "latestBucketSignedZ": 0
  },
  "enhancedMetrics": {
    "relativeVolumeZScore": -1,
    "volumePercentile": 40,
    "atrPercentile": 31.751824817518248,
    "volatilityPercentile": 1.5822784810126582,
    "relativeVolatilityRatio": 0.6753530996410396,
    "isHighVolume": false,
    "isHighVolatility": false,
    "isLowVolatility": true,
    "isExpandingVolatility": false,
    "isContractingVolatility": true
  },
  "orderBook": {
    "bidAskSpread": 0,
    "spreadPct": 0,
    "midPrice": 0,
    "bestBid": 0,
    "bestAsk": 0,
    "bidDepth": 0,
    "askDepth": 0,
    "orderBookImbalance": 0,
    "liquidityScore": 0,
    "depthAt1Pct": {
      "bidVolume": 0,
      "askVolume": 0,
      "imbalance": 0
    },
    "depthAt2Pct": {
      "bidVolume": 0,
      "askVolume": 0,
      "imbalance": 0
    },
    "depthAt5Pct": {
      "bidVolume": 0,
      "askVolume": 0,
      "imbalance": 0
    },
    "weightedMidPrice": 0,
    "volumeWeightedSpread": 0,
    "totalBidLevels": 0,
    "totalAskLevels": 0
  },
  "marketCap": {
    "marketCap": 0,
    "totalVolume24h": 0,
    "volumeToMarketCapRatio": 0,
    "marketCapRank": 0,
    "normalizedRank": 0,
    "isHighLiquidity": false,
    "isVeryHighLiquidity": false,
    "isLowLiquidity": true,
    "liquidityTier": "VERY_LOW"
  },
  "sweeps": {
    "sweepScore": 0,
    "sweepCount": 0,
    "sweepDirection": "NEUTRAL",
    "buySweeps": 0,
    "sellSweeps": 0,
    "avgSweepSize": 0,
    "avgSweepIntensity": 0,
    "bidLiftRatio": 0,
    "askLiftRatio": 0,
    "sweepFrequency": 0,
    "largestSweep": null,
    "recentSweepClusters": 0,
    "sweepDetails": []
  },
  "absorption": {
    "absorptionScore": 0,
    "absorptionLevel": null,
    "absorptionSide": "NONE",
    "icebergProbability": 0,
    "hiddenLiquidityEstimate": 0,
    "volumeAtPrice": {},
    "topAbsorptionLevels": [],
    "persistenceDuration": 0,
    "refillDetected": false
  },
  "orderArrival": {
    "avgInterArrivalTime": 0,
    "recentInterArrivalTime": 0,
    "accelerationRatio": 1,
    "hawkesIntensity": 0,
    "hawkesDirection": "NEUTRAL",
    "clusteringScore": 0,
    "burstCount": 0,
    "cascadeDetected": false,
    "timeToNextTrade": 0,
    "accelerationTrend": "STABLE"
  },
  "liquidityVacuum": {
    "vacuumScore": 0,
    "vacuumSide": "NONE",
    "bidVacuumSeverity": 0,
    "askVacuumSeverity": 0,
    "depthConcentration": 0,
    "priceImpact10k": 0,
    "priceImpact50k": 0,
    "priceImpact100k": 0,
    "largestGapBid": 0,
    "largestGapAsk": 0,
    "avgGapBid": 0,
    "avgGapAsk": 0,
    "bidCliffDistance": 0,
    "askCliffDistance": 0
  },
  "volatilityRegime": {
    "regime": "BELOW_NORMAL",
    "regimeScore": -0.5,
    "currentATR": 0.005046,
    "avgATR": 0.010261,
    "atrPercentile": 6.6,
    "realizedVolatility": 130.63,
    "volPercentile": 35.6,
    "expanding": false,
    "contracting": true,
    "transitionProbability": 0.7,
    "daysInRegime": 1,
    "regimeStrength": 0.11
  },
  "temporalPatterns": {
    "currentHour": 17,
    "currentDay": 0,
    "currentDayName": "Sunday",
    "dayBias": "NEUTRAL",
    "hourlyProfile": [
      {
        "avgVolume": 1288260.19,
        "avgATR": 0.001286,
        "avgReturn": -0.043
      },
      {
        "avgVolume": 899736.43,
        "avgATR": 0.00105,
        "avgReturn": -0.969
      },
      {
        "avgVolume": 567216.64,
        "avgATR": 0.000864,
        "avgReturn": 0.076
      },
      {
        "avgVolume": 552445.66,
        "avgATR": 0.000964,
        "avgReturn": 0.227
      },
      {
        "avgVolume": 341978.76,
        "avgATR": 0.0007,
        "avgReturn": -0.116
      },
      {
        "avgVolume": 376304.15,
        "avgATR": 0.000614,
        "avgReturn": -0.311
      },
      {
        "avgVolume": 188711.92,
        "avgATR": 0.000457,
        "avgReturn": 0.15
      },
      {
        "avgVolume": 360450.49,
        "avgATR": 0.000821,
        "avgReturn": 0.149
      },
      {
        "avgVolume": 235943.36,
        "avgATR": 0.000571,
        "avgReturn": -0.21
      },
      {
        "avgVolume": 216199.81,
        "avgATR": 0.000636,
        "avgReturn": 0.049
      },
      {
        "avgVolume": 137007.31,
        "avgATR": 0.000521,
        "avgReturn": -0.299
      },
      {
        "avgVolume": 302710.89,
        "avgATR": 0.000586,
        "avgReturn": 0.117
      },
      {
        "avgVolume": 160255.22,
        "avgATR": 0.000593,
        "avgReturn": 0.219
      },
      {
        "avgVolume": 289698.81,
        "avgATR": 0.000686,
        "avgReturn": -0.498
      },
      {
        "avgVolume": 442328.4,
        "avgATR": 0.000829,
        "avgReturn": -0.19
      },
      {
        "avgVolume": 570665.52,
        "avgATR": 0.001057,
        "avgReturn": -0.402
      },
      {
        "avgVolume": 430975.32,
        "avgATR": 0.000792,
        "avgReturn": 0.027
      },
      {
        "avgVolume": 754742.28,
        "avgATR": 0.001186,
        "avgReturn": 0.061
      },
      {
        "avgVolume": 355272.83,
        "avgATR": 0.000714,
        "avgReturn": 0.163
      },
      {
        "avgVolume": 1126793.54,
        "avgATR": 0.001236,
        "avgReturn": 0.547
      },
      {
        "avgVolume": 1076467.21,
        "avgATR": 0.001029,
        "avgReturn": -0.272
      },
      {
        "avgVolume": 662045.98,
        "avgATR": 0.000986,
        "avgReturn": 0.297
      },
      {
        "avgVolume": 598627.2,
        "avgATR": 0.000814,
        "avgReturn": 0.037
      },
      {
        "avgVolume": 848241.58,
        "avgATR": 0.000993,
        "avgReturn": 0.224
      }
    ],
    "dailyProfile": [
      {
        "avgVolume": 462836.15,
        "avgATR": 0.000687,
        "avgReturn": -0.207
      },
      {
        "avgVolume": 398160.02,
        "avgATR": 0.000785,
        "avgReturn": -0.143
      },
      {
        "avgVolume": 466211.3,
        "avgATR": 0.000804,
        "avgReturn": 0.219
      },
      {
        "avgVolume": 1099514.36,
        "avgATR": 0.001333,
        "avgReturn": -0.016
      },
      {
        "avgVolume": 562011.2,
        "avgATR": 0.00095,
        "avgReturn": -0.274
      },
      {
        "avgVolume": 429202.76,
        "avgATR": 0.000738,
        "avgReturn": 0.081
      },
      {
        "avgVolume": 307898.29,
        "avgATR": 0.000526,
        "avgReturn": 0.059
      }
    ],
    "favorableHours": [
      0,
      19,
      20,
      1,
      23,
      17
    ],
    "favorableWindow": true,
    "currentVsAvgVolume": 0,
    "currentVsAvgVolatility": 0,
    "anomalyDetected": true,
    "timeUntilFavorable": null,
    "temporalScore": 0.5
  },
  "unifiedMicrostructure": {
    "signalDirections": {
      "vpin": "NEUTRAL",
      "sweeps": "NEUTRAL",
      "absorption": "NEUTRAL",
      "arrival": "NEUTRAL",
      "vacuum": "NONE",
      "volRegime": "FAVORABLE",
      "temporal": "FAVORABLE"
    },
    "consensusDirection": "BULLISH",
    "consensusStrength": 100,
    "bullishSignals": 2,
    "bearishSignals": 0,
    "neutralSignals": 0,
    "totalAvailableSignals": 2,
    "dominantPattern": "NONE",
    "clusters": {
      "strongBuyCluster": false,
      "distributionPattern": false,
      "accumulationPattern": false,
      "momentumCascade": false
    },
    "adaptiveWeights": {
      "vpin": 0,
      "sweeps": 0,
      "absorption": 0,
      "arrival": 0,
      "vacuum": 0,
      "volRegime": 0.03,
      "temporal": 0.02
    },
    "convictionLevel": "HIGH",
    "convictionScore": 100,
    "riskAdjustment": "NORMAL",
    "timingQuality": "FAVORABLE",
    "signalQuality": "LOW"
  },
  "deltaAnalysis": {
    "currentDelta": 0,
    "cumulativeDelta": 0,
    "deltaPerVolume": 0,
    "deltaDirection": "NEUTRAL",
    "deltaDivergence": false,
    "institutionalRatio": 0,
    "aggressionScore": 0
  },
  "volumeProfile": {
    "pointOfControl": 0,
    "valueAreaHigh": 0,
    "valueAreaLow": 0,
    "currentPosition": "ABOVE_VALUE_AREA",
    "volumeNodes": [],
    "airPockets": []
  },
  "momentumCascade": {
    "cascadeDetected": false,
    "alignmentScore": 0.00284564500822652,
    "cascadeStrength": 0,
    "acceleratingTimeframes": [
      "1m",
      "15m"
    ],
    "divergingTimeframes": [
      "5m",
      "1h"
    ]
  },
  "breakoutConfirmation": {
    "breakoutConfirmed": false,
    "volumeConfirmation": false,
    "retestStrength": 0,
    "falseBreakoutRisk": 0,
    "breakoutQuality": "NO_BREAKOUT"
  },
  "liquidityHeatmap": {
    "liquidityScore": 0,
    "magnetDirection": "NONE",
    "magnetStrength": 0,
    "priceTarget5pct": null,
    "message": "No order book data"
  },
  "smartMoneyDivergence": {
    "divergenceDetected": false,
    "divergenceDirection": "NONE",
    "smartMoneyScore": 0.5,
    "message": "Insufficient trade data"
  },
  "microstructure": {
    "raw": -0.03341818349810589,
    "pct": 49,
    "summary": {
      "latestBucketSignedZ": 0,
      "buySellRatio": 0.5,
      "tradesPerSec": 0,
      "vwap": 0,
      "aggressorVWAP": 0,
      "vpinToxicity": "UNKNOWN",
      "sweepDirection": "NEUTRAL",
      "absorptionSide": "NONE",
      "icebergDetected": false,
      "hawkesDirection": "NEUTRAL",
      "cascadeDetected": false,
      "vacuumSide": "NONE",
      "volatilityRegime": "BELOW_NORMAL",
      "volExpanding": false,
      "favorableTimeWindow": true,
      "temporalAnomaly": true,
      "consensusDirection": "BULLISH",
      "consensusStrength": 100,
      "dominantPattern": "NONE",
      "convictionLevel": "HIGH",
      "riskAdjustment": "NORMAL",
      "timingQuality": "FAVORABLE",
      "deltaDirection": "NEUTRAL",
      "deltaDivergence": false,
      "institutionalRatio": 0,
      "volumeProfilePosition": "ABOVE_VALUE_AREA",
      "pointOfControl": 0,
      "momentumCascadeDetected": false,
      "cascadeStrength": 0,
      "breakoutQuality": "NO_BREAKOUT",
      "breakoutConfirmed": false,
      "magnetDirection": "NONE",
      "magnetStrength": 0,
      "priceTarget5pct": null,
      "nearestBidWall": 0,
      "nearestAskWall": 0,
      "divergenceDetected": false,
      "divergenceDirection": "NONE",
      "whaleAccumulation": false,
      "whaleDistribution": false,
      "retailPanic": false,
      "smartMoneyScore": 0.5
    }
  }
}

=== MICROSTRUCTURE ALERTS ===

🔬 VPIN: Insufficient data for VPIN analysis

🌊 SWEEP DETECTION: No significant sweeps detected

🧊 ABSORPTION & ICEBERG: No significant absorption or iceberg orders detected

⚡ ORDER ARRIVAL DYNAMICS: Insufficient trades for analysis

🌪️ LIQUIDITY VACUUM: No significant vacuum detected

📊 VOLATILITY REGIME DETECTION:
   Current Regime: BELOW_NORMAL
   Regime Score: -0.50 (-1=low vol, +1=extreme vol)
   Days in Regime: 1
   ATR: $0.005046 (avg: $0.010261)
   ATR Percentile: 6.6%
   Realized Volatility: 130.63% (annualized)
   Vol Percentile: 35.6%

   🟢 BELOW NORMAL VOLATILITY:
   ⚡ Consolidation phase - watch for expansion
   ✅ Good entry zone for patient trades

   📉 VOLATILITY CONTRACTING:
   🔄 Consolidation phase - accumulation likely
   ⏳ Wait for expansion before entering

   ⚠️ HIGH REGIME TRANSITION PROBABILITY: 70%
   Market near regime boundary - expect volatility shift soon

   ⚠️ NEW REGIME: Only 1 day(s) - conditions still settling

⏰ TEMPORAL PATTERN ANALYSIS:
   Current Time: Sunday 17:00 UTC
   Day Bias: NEUTRAL
   Current vs Avg Volume: 0x
   Current vs Avg Volatility: 0x

   ✅ FAVORABLE TIME WINDOW:
   This hour historically shows strong volume and positive returns
   GOOD time to trade - patterns favor entry

   ⚠️ LOW ACTIVITY ANOMALY:
   Volume 0x below typical - Extremely quiet

   📉 LOW VOLATILITY ANOMALY:
   Volatility 0x below typical - Consolidation likely

   🔥 Best Trading Hours (UTC): 0:00, 19:00, 20:00

🎯 UNIFIED MICROSTRUCTURE INTEGRATION:
   Signal Consensus: BULLISH (100% agreement)
   Available Signals: 2 (2 bullish / 0 bearish / 0 neutral)
   Conviction Level: HIGH (100%)
   Signal Quality: LOW
   Risk Adjustment: NORMAL
   Timing Quality: FAVORABLE

   ✅ HIGH CONVICTION: 100% of signals agree on direction
   Strong institutional alignment - Follow the smart money

   📊 NORMAL RISK LEVEL: Standard position sizing applies

   ⏰ FAVORABLE TIMING: Good time window for trading

   Signal Directions Breakdown:
   • VPIN: NEUTRAL
   • Sweeps: NEUTRAL
   • Absorption: NEUTRAL
   • Arrival Dynamics: NEUTRAL
   • Liquidity Vacuum: NONE
   • Vol Regime: FAVORABLE
   • Temporal: FAVORABLE

   Adaptive Weights (Total: 5.0%):
   • VPIN: 0.0%
   • Sweeps: 0.0%
   • Absorption: 0.0%
   • Arrival: 0.0%
   • Vacuum: 0.0%
   • Vol Regime: 3.0%
   • Temporal: 2.0%


💹 DELTA ANALYSIS (Order Flow Aggression):
   Direction: NEUTRAL
   Delta Per Volume: 0.00%
   Institutional Ratio: 0.0%
   Aggression Score: 0.0%

📊 VOLUME PROFILE (Support/Resistance Strength):
   Point of Control (POC): $0.000000
   Value Area High: $0.000000
   Value Area Low: $0.000000
   Current Position: ABOVE_VALUE_AREA
   ⚠️ DISTRIBUTION RISK: Price above value area - potential rejection zone

⚡ MOMENTUM CASCADE (Multi-Timeframe Alignment):
   Cascade Detected: NO
   Alignment Score: 0.3%
   Cascade Strength: 0.0%
   Accelerating: 1m, 15m
   Diverging: 5m, 1h

💥 BREAKOUT CONFIRMATION:
   Quality: NO_BREAKOUT
   Volume Confirmation: NO
   Retest Strength: 0.0%
   False Breakout Risk: 0.0%
   No breakout detected - price below resistance


levels:
Entry=0.0420158, StopLoss=0.040965404999999996, TakeProfit=0.04218546, 0.04235512, 0.04249084800000001

---

=== Token: ZEN (ZEN) ===
Contract: ZEN-USD
Timestamp: 2025-12-20T15:00:00.000Z

Calculations:
{
  "momentumScore": 74.53938930815538,
  "volumeScore": 87.31707317073185,
  "patternScore": 52.58256358344953,
  "totalScore": 67.61026138315512,
  "finalScore": 67.61026138315512,
  "weights": "0.23,0.45,0.23",
  "hourlyUptrend": false,
  "rsi": 62.790697674418595,
  "ultraShortVolumeSurge": 1.3257298352934421,
  "baseVolumeSurge": 0.02220522004191918,
  "currentPrice": 8.006,
  "resistance": 8.067,
  "support": 7.903,
  "rocMin5": -0.002491901320707647,
  "shortROC": -0.001870091011095944,
  "priceAcceleration": -0.0006194989990102513,
  "buySellRatio": 0.617014183582236,
  "macdHistogram": 0.02667389338825285,
  "stochasticK": 68.29268292682963,
  "atr": 0.027857142857142962,
  "bbUpper": 8.033021080990903,
  "bbLower": 7.900178919009098,
  "hammerDetected": false,
  "engulfingDetected": false,
  "compressionSpring": {
    "detected": true,
    "confidence": 54,
    "signals": {
      "sidewaysPrice": true,
      "atrCompression": true,
      "bbSqueeze": true,
      "consolidationTime": true,
      "strongBuying": false,
      "obvPositive": false,
      "chaikinPositive": false,
      "rsiNeutral": false,
      "volumeBuilding": false
    },
    "metrics": {
      "priceRange": 2.08,
      "atrRatio": 0.513,
      "bbWidth": 1.67,
      "volumeRatio": 0.759,
      "signalCount": 4,
      "buySellRatio": 0.617
    }
  },
  "riskTier": "HIGH",
  "atrPercent": 0.5272831090967482,
  "distanceToResistance": 0.7619285535848106,
  "slPercent": 4,
  "tpPercent": 0.647639270547089,
  "trailingActivation": 0.3885835623282534,
  "shortMomentumScore": 0,
  "overboughtScore": 0,
  "shortPatternScore": 0,
  "shootingStarDetected": false,
  "bearishEngulfingDetected": false,
  "eveningStarDetected": false,
  "bearishPatternsCount": 0,
  "shortTotalScore": 0,
  "chaikin": 0.012593150888776052,
  "obvIncreasing": true,
  "obvTrend": "increasing",
  "adx": 54.676258992805394,
  "recentCandles": {
    "redCount": 5,
    "greenCount": 5
  },
  "resistanceDistance": 0.7619285535848106,
  "multiplePatterns": false,
  "bullishPattern": false,
  "priceAboveVWAP": false,
  "breakingResistance": true,
  "atrSufficient": false,
  "macdDivergenceBearish": false,
  "rvolMin1": 0.06859582354935662,
  "rvolMin5": -0.5998225037428381,
  "atrPercentileOld": 0.35365853658536583,
  "vwapDeviation": -0.323380291426085,
  "bbWidthPercent": 1.6674887904727862,
  "bbSqueeze": true,
  "multiTFMomentum": {
    "min1": {
      "roc1": -0.0007452490373866883,
      "roc3": -0.0011174571641420835
    },
    "min5": {
      "roc1": -0.001870091011095944,
      "roc3": -0.0064532141970711845
    },
    "min15": {
      "roc1": -0.0007480364044383776,
      "roc3": 0.001374312843578337
    },
    "hourly": {
      "roc1": -0.005236254831068533,
      "roc3": 0.0018834756403816775
    },
    "fourHour": {
      "roc1": 0.004658776126920161,
      "roc3": -0.008942988448639928
    },
    "divergenceShortUpLongDown": false
  },
  "returnZMin5": -0.647830253427434,
  "wickClosePct": 0.4285714285714648,
  "wickUpper": 0,
  "wickLower": 0.0030000000000001137,
  "wickRatio": 0.750000000000111,
  "donchianBreakout15": false,
  "bbWidthPercentile15": 0.06493506493506493,
  "signedMin5": 2037.660999999997,
  "signedMin5Z": 3.5060746297657026,
  "signedMin1": -2080.1679999999988,
  "signedMin1Z": -8.453065680462602,
  "streakMin1": {
    "upStreak": 2,
    "downStreak": 0
  },
  "streakMin5": {
    "upStreak": 0,
    "downStreak": 3
  },
  "rvolPercentileMin1": 0.7993055555555556,
  "rvolPercentileMin5": 0.18055555555555555,
  "perTfMetrics": {
    "min1": {
      "sma20": 8.012249999999998,
      "sma50": 7.972019999999999,
      "ema20": 8.014737715510075,
      "ema50": 7.9935102370809625,
      "vwma20": 8.029659227491731,
      "hma21": 8.045017316017319,
      "atr14": 0.014999999999999998,
      "atrPercentile": 0.501007049345418,
      "rvolZ": 0.06859582354935662,
      "rvolPercentile": 0.7993055555555556,
      "mfi14": 38.83189942992236,
      "ppo": {
        "ppo": 0.295466263843106,
        "signal": 0.24680346863364494,
        "histogram": 0.04866279520946104
      },
      "stochRsi": {
        "k": 89.23868792084059,
        "d": 71.5891643373464
      },
      "vprofile": {
        "vpBins": [
          0.024608434595179415,
          0.08510517064014061,
          0.09088570585372709,
          0.03102809683729281,
          0.04696057661992354,
          0.040781658011879815,
          0.04432096463213375,
          0.05510246024426042,
          0.019676802091260822,
          0.022306726093776336,
          0.05045508330827336,
          0.07923469956325667,
          0.04181569644014141,
          0.023700479975270434,
          0.06669592662219154,
          0.04859403813706202,
          0.024294751071978368,
          0.040919641802144455,
          0.10955084148272094,
          0.05396224597738611
        ],
        "currentBinShare": 0.04432096463213375
      },
      "ttm": {
        "squeeze": false,
        "release": false,
        "widthPct": 1.449922619213973
      }
    },
    "min5": {
      "sma20": 7.985349999999999,
      "sma50": 7.972760000000001,
      "ema20": 7.99658124148136,
      "ema50": 8.004011166253703,
      "vwma20": 7.988672147242265,
      "hma21": 8.029103896103894,
      "atr14": 0.027857142857142962,
      "atrPercentile": 0.5,
      "rvolZ": -0.5998225037428381,
      "rvolPercentile": 0.18055555555555555,
      "mfi14": 78.86758392608671,
      "ppo": {
        "ppo": 0.17633174535672397,
        "signal": 0.10011495686288382,
        "histogram": 0.07621678849384014
      },
      "stochRsi": {
        "k": 49.9850584938618,
        "d": 67.12955688246389
      },
      "vprofile": {
        "vpBins": [
          0.009569765999186618,
          0.12198229133962038,
          0.09020082535806563,
          0.04901401590666164,
          0.04098662901277382,
          0.0648253416303158,
          0.027472221476494602,
          0.08126995436396826,
          0.06420528338101471,
          0.057629825849820175,
          0.09858066919094928,
          0.04684027927482406,
          0.011411034585421883,
          0.07016208466168092,
          0.028736518983632515,
          0.0032908797925419384,
          0.007166809508594434,
          0.03414745690054496,
          0.0629317410106823,
          0.029576371773206125
        ],
        "currentBinShare": 0.0648253416303158
      },
      "ttm": {
        "squeeze": false,
        "release": false,
        "widthPct": 1.9585338149763944
      }
    },
    "min15": {
      "sma20": 7.9666,
      "sma50": 8.049840000000001,
      "ema20": 8.000934232687312,
      "ema50": 8.015672295247267,
      "vwma20": 7.963425583281096,
      "hma21": 7.994285714285714,
      "atr14": 0.04221428571428566,
      "atrPercentile": 0.35365853658536583,
      "rvolZ": -0.736409923303266,
      "rvolPercentile": 0.041666666666666664,
      "mfi14": 50.15590603740893,
      "ppo": {
        "ppo": -0.14567809309904925,
        "signal": -0.29973828963533133,
        "histogram": 0.15406019653628208
      },
      "stochRsi": {
        "k": 100,
        "d": 62.842294643060974
      },
      "vprofile": {
        "vpBins": [
          0.00229452214241115,
          0.01230239727398839,
          0,
          0.025431008391072877,
          0.06122096806977509,
          0.04855820104833067,
          0.029073632672450438,
          0.14675541842948114,
          0.10150860766330551,
          0.033912823806192385,
          0.08771298350672439,
          0.0599086835677523,
          0.06804768756564727,
          0.045303069781779004,
          0.038416518551466924,
          0.10598167425880722,
          0.02576635780060081,
          0.026464304253821496,
          0.03390971463631881,
          0.0474314265800739
        ],
        "currentBinShare": 0.033912823806192385
      },
      "ttm": {
        "squeeze": false,
        "release": false,
        "widthPct": 1.6674887904727862
      }
    },
    "hourly": {
      "sma20": 8.0277,
      "sma50": 7.735780000000001,
      "ema20": 7.978358482439697,
      "ema50": 7.845887947177097,
      "vwma20": 8.080946054106972,
      "hma21": 8.067632034632036,
      "atr14": 0.09914285714285707,
      "atrPercentile": 0.18012422360248448,
      "rvolZ": -0.42739382246932545,
      "rvolPercentile": 0.31547619047619047,
      "mfi14": 59.429666053805775,
      "ppo": {
        "ppo": 0.8278795626351292,
        "signal": 1.2017986502032738,
        "histogram": -0.3739190875681446
      },
      "stochRsi": {
        "k": 0,
        "d": 47.56587385097106
      },
      "vprofile": {
        "vpBins": [
          0.010463685975138437,
          0.01968521623007474,
          0.052108758872505954,
          0.018905974879560923,
          0.053915688450739234,
          0.030269780751623825,
          0.06857479408986115,
          0.11212581345354358,
          0.1393260430352926,
          0.08344481662876849,
          0.0681765036964179,
          0.022156715771321153,
          0.04887907916114029,
          0.07071794566159331,
          0.09230015852567214,
          0.016232941995935876,
          0.02838288629797959,
          0.023742909041162916,
          0.027392350664324824,
          0.013197936817343277
        ],
        "currentBinShare": 0.11212581345354358
      },
      "ttm": {
        "squeeze": false,
        "release": false,
        "widthPct": 4.313030434192517
      }
    },
    "fourHour": {
      "sma20": 7.667150000000001,
      "sma50": 8.115499999999999,
      "ema20": 7.839675573179617,
      "ema50": 8.069010260330503,
      "vwma20": 7.6725829844245474,
      "hma21": 7.935649350649349,
      "atr14": 0.2737142857142859,
      "atrPercentile": 0.6428571428571429,
      "rvolZ": -0.5090500558728639,
      "rvolPercentile": 0.21428571428571427,
      "mfi14": 65.23939811375382,
      "ppo": {
        "ppo": -0.16921494934215606,
        "signal": -1.344793736436647,
        "histogram": 1.175578787094491
      },
      "stochRsi": {
        "k": 82.88559481698144,
        "d": 64.99187886070092
      },
      "vprofile": {
        "vpBins": [
          0.011620934905888919,
          0.03318540430116079,
          0.009299104652821624,
          0.03209109888175202,
          0.09844889037944327,
          0.05853980148172979,
          0.04070553568227242,
          0.0707995190232998,
          0.05500548353969605,
          0.1114134047071293,
          0.09144641202056943,
          0.07033801861501725,
          0.02814162719420229,
          0.03187142757608004,
          0,
          0.0312743537605865,
          0,
          0.04946853387852928,
          0.17635044939982125,
          0
        ],
        "currentBinShare": 0.09844889037944327
      },
      "ttm": {
        "squeeze": false,
        "release": false,
        "widthPct": 15.166003769300302
      }
    },
    "daily": {
      "sma20": 8.68225,
      "sma50": 12.177379999999996,
      "ema20": 8.929360250373357,
      "ema50": 10.415088134769833,
      "vwma20": 0,
      "hma21": 7.718896103896105,
      "atr14": 0.7859999999999994,
      "atrPercentile": 0.02631578947368421,
      "rvolZ": 0,
      "rvolPercentile": 1,
      "mfi14": 50,
      "ppo": {
        "ppo": -11.702980655576027,
        "signal": -11.45350568463766,
        "histogram": -0.24947497093836724
      },
      "stochRsi": {
        "k": 100,
        "d": 40.75771419792988
      },
      "vprofile": {
        "vpBins": [
          0,
          0,
          0,
          0,
          0,
          0,
          0,
          0,
          0,
          0,
          0,
          0,
          0,
          0,
          0,
          0,
          0,
          0,
          0,
          0
        ],
        "currentBinShare": 0
      },
      "ttm": {
        "squeeze": false,
        "release": false,
        "widthPct": 37.52890291111322
      }
    }
  },
  "smaMin5": 7.985349999999999,
  "emaMin5": 7.99658124148136,
  "vwmaMin5": 7.988672147242265,
  "hmaMin5": 8.029103896103894,
  "keltner15": {
    "upper": 8.066784232687311,
    "middle": 8.000934232687312,
    "lower": 7.935084232687312
  },
  "superTrend15": {
    "isBull": true,
    "finalUpper": 8.1407,
    "finalLower": 7.877300000000001
  },
  "mfi15": 50.15590603740893,
  "stochRsi15": {
    "k": 100,
    "d": 62.842294643060974
  },
  "ppo15": {
    "ppo": -0.14567809309904925,
    "signal": -0.29973828963533133,
    "histogram": 0.15406019653628208
  },
  "vpMin15": {
    "vpBins": [
      0.00229452214241115,
      0.01230239727398839,
      0,
      0.025431008391072877,
      0.06122096806977509,
      0.04855820104833067,
      0.029073632672450438,
      0.14675541842948114,
      0.10150860766330551,
      0.033912823806192385,
      0.08771298350672439,
      0.0599086835677523,
      0.06804768756564727,
      0.045303069781779004,
      0.038416518551466924,
      0.10598167425880722,
      0.02576635780060081,
      0.026464304253821496,
      0.03390971463631881,
      0.0474314265800739
    ],
    "currentBinShare": 0.033912823806192385
  },
  "ttm15": {
    "squeeze": false,
    "release": false,
    "widthPct": 1.6674887904727862
  },
  "marketCorrelation": {
    "hourly": {
      "btcCorrelation": 0,
      "ethCorrelation": 0,
      "btcBeta": 1,
      "ethBeta": 1,
      "btcTrend": "UNKNOWN",
      "ethTrend": "UNKNOWN",
      "tokenVol": 0,
      "btcVol": 0,
      "ethVol": 0,
      "marketDependence": 0,
      "verdict": "INSUFFICIENT_DATA"
    },
    "min15": {
      "btcCorrelation": 0,
      "ethCorrelation": 0,
      "btcBeta": 1,
      "ethBeta": 1,
      "btcTrend": "UNKNOWN",
      "ethTrend": "UNKNOWN",
      "tokenVol": 0,
      "btcVol": 0,
      "ethVol": 0,
      "marketDependence": 0,
      "verdict": "INSUFFICIENT_DATA"
    },
    "daily": {
      "btcCorrelation": 0,
      "ethCorrelation": 0,
      "btcBeta": 1,
      "ethBeta": 1,
      "btcTrend": "UNKNOWN",
      "ethTrend": "UNKNOWN",
      "tokenVol": 0,
      "btcVol": 0,
      "ethVol": 0,
      "marketDependence": 0,
      "verdict": "INSUFFICIENT_DATA"
    }
  },
  "tradeTape": {
    "totalTrades": 0,
    "totalVolume": 0,
    "buysVolume": 0,
    "sellsVolume": 0,
    "buySellRatio": 0.5,
    "vwap": 0,
    "signedVolume": 0,
    "avgTradeSize": 0,
    "tradesPerSec": 0,
    "cumulativeDelta": 0,
    "tradesLast1m": 0,
    "tradesLast5m": 0,
    "tradesLast15m": 0,
    "tradesLast1h": 0,
    "buyVWAP": 0,
    "sellVWAP": 0,
    "aggressorVWAP": 0,
    "bucketDurationMs": 60000,
    "bucketCount": 15,
    "bucketSignedVolumes": [],
    "bucketVolumes": [],
    "bucketVWAPs": [],
    "latestBucketSignedZ": 0
  },
  "enhancedMetrics": {
    "relativeVolumeZScore": -1,
    "volumePercentile": 40,
    "atrPercentile": 49.27007299270073,
    "volatilityPercentile": 40.189873417721515,
    "relativeVolatilityRatio": 1.09940302635933,
    "isHighVolume": false,
    "isHighVolatility": false,
    "isLowVolatility": false,
    "isExpandingVolatility": false,
    "isContractingVolatility": false
  },
  "orderBook": {
    "bidAskSpread": 0,
    "spreadPct": 0,
    "midPrice": 0,
    "bestBid": 0,
    "bestAsk": 0,
    "bidDepth": 0,
    "askDepth": 0,
    "orderBookImbalance": 0,
    "liquidityScore": 0,
    "depthAt1Pct": {
      "bidVolume": 0,
      "askVolume": 0,
      "imbalance": 0
    },
    "depthAt2Pct": {
      "bidVolume": 0,
      "askVolume": 0,
      "imbalance": 0
    },
    "depthAt5Pct": {
      "bidVolume": 0,
      "askVolume": 0,
      "imbalance": 0
    },
    "weightedMidPrice": 0,
    "volumeWeightedSpread": 0,
    "totalBidLevels": 0,
    "totalAskLevels": 0
  },
  "marketCap": {
    "marketCap": 0,
    "totalVolume24h": 0,
    "volumeToMarketCapRatio": 0,
    "marketCapRank": 0,
    "normalizedRank": 0,
    "isHighLiquidity": false,
    "isVeryHighLiquidity": false,
    "isLowLiquidity": true,
    "liquidityTier": "VERY_LOW"
  },
  "sweeps": {
    "sweepScore": 0,
    "sweepCount": 0,
    "sweepDirection": "NEUTRAL",
    "buySweeps": 0,
    "sellSweeps": 0,
    "avgSweepSize": 0,
    "avgSweepIntensity": 0,
    "bidLiftRatio": 0,
    "askLiftRatio": 0,
    "sweepFrequency": 0,
    "largestSweep": null,
    "recentSweepClusters": 0,
    "sweepDetails": []
  },
  "absorption": {
    "absorptionScore": 0,
    "absorptionLevel": null,
    "absorptionSide": "NONE",
    "icebergProbability": 0,
    "hiddenLiquidityEstimate": 0,
    "volumeAtPrice": {},
    "topAbsorptionLevels": [],
    "persistenceDuration": 0,
    "refillDetected": false
  },
  "orderArrival": {
    "avgInterArrivalTime": 0,
    "recentInterArrivalTime": 0,
    "accelerationRatio": 1,
    "hawkesIntensity": 0,
    "hawkesDirection": "NEUTRAL",
    "clusteringScore": 0,
    "burstCount": 0,
    "cascadeDetected": false,
    "timeToNextTrade": 0,
    "accelerationTrend": "STABLE"
  },
  "liquidityVacuum": {
    "vacuumScore": 0,
    "vacuumSide": "NONE",
    "bidVacuumSeverity": 0,
    "askVacuumSeverity": 0,
    "depthConcentration": 0,
    "priceImpact10k": 0,
    "priceImpact50k": 0,
    "priceImpact100k": 0,
    "largestGapBid": 0,
    "largestGapAsk": 0,
    "avgGapBid": 0,
    "avgGapAsk": 0,
    "bidCliffDistance": 0,
    "askCliffDistance": 0
  },
  "volatilityRegime": {
    "regime": "LOW",
    "regimeScore": -1,
    "currentATR": 0.809231,
    "avgATR": 1.454231,
    "atrPercentile": 2.6,
    "realizedVolatility": 91.84,
    "volPercentile": 0,
    "expanding": false,
    "contracting": true,
    "transitionProbability": 0.4,
    "daysInRegime": 14,
    "regimeStrength": 1.87
  },
  "temporalPatterns": {
    "currentHour": 17,
    "currentDay": 0,
    "currentDayName": "Sunday",
    "dayBias": "NEUTRAL",
    "hourlyProfile": [
      {
        "avgVolume": 6234.13,
        "avgATR": 0.119643,
        "avgReturn": -0.1
      },
      {
        "avgVolume": 4878.99,
        "avgATR": 0.128357,
        "avgReturn": -0.125
      },
      {
        "avgVolume": 4222.81,
        "avgATR": 0.100857,
        "avgReturn": -0.01
      },
      {
        "avgVolume": 4591.6,
        "avgATR": 0.123643,
        "avgReturn": 0.449
      },
      {
        "avgVolume": 6266.27,
        "avgATR": 0.125571,
        "avgReturn": -0.211
      },
      {
        "avgVolume": 7675.7,
        "avgATR": 0.095857,
        "avgReturn": 0.014
      },
      {
        "avgVolume": 7592.59,
        "avgATR": 0.134571,
        "avgReturn": 0.283
      },
      {
        "avgVolume": 6439.06,
        "avgATR": 0.119071,
        "avgReturn": 0.057
      },
      {
        "avgVolume": 5784.32,
        "avgATR": 0.109929,
        "avgReturn": -0.266
      },
      {
        "avgVolume": 5836.05,
        "avgATR": 0.137786,
        "avgReturn": -0.165
      },
      {
        "avgVolume": 5713.79,
        "avgATR": 0.151929,
        "avgReturn": 0.27
      },
      {
        "avgVolume": 5178.84,
        "avgATR": 0.119429,
        "avgReturn": 0.19
      },
      {
        "avgVolume": 7739.4,
        "avgATR": 0.1535,
        "avgReturn": 0.381
      },
      {
        "avgVolume": 9711.36,
        "avgATR": 0.157357,
        "avgReturn": 0.247
      },
      {
        "avgVolume": 12545.73,
        "avgATR": 0.207,
        "avgReturn": -0.174
      },
      {
        "avgVolume": 13040.16,
        "avgATR": 0.197857,
        "avgReturn": -0.188
      },
      {
        "avgVolume": 10836.34,
        "avgATR": 0.200923,
        "avgReturn": -0.149
      },
      {
        "avgVolume": 6656.01,
        "avgATR": 0.157857,
        "avgReturn": -0.382
      },
      {
        "avgVolume": 7198.64,
        "avgATR": 0.145571,
        "avgReturn": 0.185
      },
      {
        "avgVolume": 5740.33,
        "avgATR": 0.118071,
        "avgReturn": -0.333
      },
      {
        "avgVolume": 4236.48,
        "avgATR": 0.1115,
        "avgReturn": -0.176
      },
      {
        "avgVolume": 6650.5,
        "avgATR": 0.122357,
        "avgReturn": -0.004
      },
      {
        "avgVolume": 3819,
        "avgATR": 0.109786,
        "avgReturn": -0.022
      },
      {
        "avgVolume": 3886.57,
        "avgATR": 0.097286,
        "avgReturn": -0.08
      }
    ],
    "dailyProfile": [
      {
        "avgVolume": 4734.6,
        "avgATR": 0.119917,
        "avgReturn": -0.184
      },
      {
        "avgVolume": 8210.66,
        "avgATR": 0.145979,
        "avgReturn": 0.118
      },
      {
        "avgVolume": 12701.1,
        "avgATR": 0.183313,
        "avgReturn": 0.357
      },
      {
        "avgVolume": 8664.7,
        "avgATR": 0.157104,
        "avgReturn": -0.413
      },
      {
        "avgVolume": 3830.37,
        "avgATR": 0.128833,
        "avgReturn": -0.054
      },
      {
        "avgVolume": 3761.81,
        "avgATR": 0.113667,
        "avgReturn": 0.147
      },
      {
        "avgVolume": 5371.37,
        "avgATR": 0.09566,
        "avgReturn": -0.059
      }
    ],
    "favorableHours": [
      15,
      14,
      16,
      13,
      12,
      5
    ],
    "favorableWindow": false,
    "currentVsAvgVolume": 0,
    "currentVsAvgVolatility": 0,
    "anomalyDetected": true,
    "timeUntilFavorable": 12,
    "temporalScore": 0
  },
  "unifiedMicrostructure": {
    "signalDirections": {
      "vpin": "NEUTRAL",
      "sweeps": "NEUTRAL",
      "absorption": "NEUTRAL",
      "arrival": "NEUTRAL",
      "vacuum": "NONE",
      "volRegime": "FAVORABLE",
      "temporal": "UNFAVORABLE"
    },
    "consensusDirection": "NEUTRAL",
    "consensusStrength": 50,
    "bullishSignals": 1,
    "bearishSignals": 1,
    "neutralSignals": 0,
    "totalAvailableSignals": 2,
    "dominantPattern": "NONE",
    "clusters": {
      "strongBuyCluster": false,
      "distributionPattern": false,
      "accumulationPattern": false,
      "momentumCascade": false
    },
    "adaptiveWeights": {
      "vpin": 0,
      "sweeps": 0,
      "absorption": 0,
      "arrival": 0,
      "vacuum": 0,
      "volRegime": 0.021,
      "temporal": 0.02
    },
    "convictionLevel": "LOW",
    "convictionScore": 30,
    "riskAdjustment": "REDUCE",
    "timingQuality": "UNFAVORABLE",
    "signalQuality": "LOW"
  },
  "deltaAnalysis": {
    "currentDelta": 0,
    "cumulativeDelta": 0,
    "deltaPerVolume": 0,
    "deltaDirection": "NEUTRAL",
    "deltaDivergence": false,
    "institutionalRatio": 0,
    "aggressionScore": 0
  },
  "volumeProfile": {
    "pointOfControl": 0,
    "valueAreaHigh": 0,
    "valueAreaLow": 0,
    "currentPosition": "ABOVE_VALUE_AREA",
    "volumeNodes": [],
    "airPockets": []
  },
  "momentumCascade": {
    "cascadeDetected": false,
    "alignmentScore": 0.0006713878367967387,
    "cascadeStrength": 0,
    "acceleratingTimeframes": [],
    "divergingTimeframes": [
      "1m",
      "5m",
      "15m",
      "1h"
    ]
  },
  "breakoutConfirmation": {
    "breakoutConfirmed": false,
    "volumeConfirmation": false,
    "retestStrength": 0,
    "falseBreakoutRisk": 0,
    "breakoutQuality": "NO_BREAKOUT"
  },
  "liquidityHeatmap": {
    "liquidityScore": 0,
    "magnetDirection": "NONE",
    "magnetStrength": 0,
    "priceTarget5pct": null,
    "message": "No order book data"
  },
  "smartMoneyDivergence": {
    "divergenceDetected": false,
    "divergenceDirection": "NONE",
    "smartMoneyScore": 0.5,
    "message": "Insufficient trade data"
  },
  "microstructure": {
    "raw": -0.02848609442853183,
    "pct": 50,
    "summary": {
      "latestBucketSignedZ": 0,
      "buySellRatio": 0.5,
      "tradesPerSec": 0,
      "vwap": 0,
      "aggressorVWAP": 0,
      "vpinToxicity": "UNKNOWN",
      "sweepDirection": "NEUTRAL",
      "absorptionSide": "NONE",
      "icebergDetected": false,
      "hawkesDirection": "NEUTRAL",
      "cascadeDetected": false,
      "vacuumSide": "NONE",
      "volatilityRegime": "LOW",
      "volExpanding": false,
      "favorableTimeWindow": false,
      "temporalAnomaly": true,
      "consensusDirection": "NEUTRAL",
      "consensusStrength": 50,
      "dominantPattern": "NONE",
      "convictionLevel": "LOW",
      "riskAdjustment": "REDUCE",
      "timingQuality": "UNFAVORABLE",
      "deltaDirection": "NEUTRAL",
      "deltaDivergence": false,
      "institutionalRatio": 0,
      "volumeProfilePosition": "ABOVE_VALUE_AREA",
      "pointOfControl": 0,
      "momentumCascadeDetected": false,
      "cascadeStrength": 0,
      "breakoutQuality": "NO_BREAKOUT",
      "breakoutConfirmed": false,
      "magnetDirection": "NONE",
      "magnetStrength": 0,
      "priceTarget5pct": null,
      "nearestBidWall": 0,
      "nearestAskWall": 0,
      "divergenceDetected": false,
      "divergenceDirection": "NONE",
      "whaleAccumulation": false,
      "whaleDistribution": false,
      "retailPanic": false,
      "smartMoneyScore": 0.5
    }
  }
}

=== MICROSTRUCTURE ALERTS ===

🔬 VPIN: Insufficient data for VPIN analysis

🌊 SWEEP DETECTION: No significant sweeps detected

🧊 ABSORPTION & ICEBERG: No significant absorption or iceberg orders detected

⚡ ORDER ARRIVAL DYNAMICS: Insufficient trades for analysis

🌪️ LIQUIDITY VACUUM: No significant vacuum detected

📊 VOLATILITY REGIME DETECTION:
   Current Regime: LOW
   Regime Score: -1.00 (-1=low vol, +1=extreme vol)
   Days in Regime: 14
   ATR: $0.809231 (avg: $1.454231)
   ATR Percentile: 2.6%
   Realized Volatility: 91.84% (annualized)
   Vol Percentile: 0.0%

   🔵 LOW VOLATILITY REGIME:
   ✅ Ideal for breakout setups - price coiling
   ✅ Tight stops recommended
   ✅ Can increase position size (lower risk)

   📉 VOLATILITY CONTRACTING:
   🔄 Consolidation phase - accumulation likely
   ⏳ Wait for expansion before entering

   📍 MODERATE REGIME TRANSITION PROBABILITY: 40%
   Monitor for potential regime change

   ✅ STABLE REGIME: 14 days - predictable conditions

⏰ TEMPORAL PATTERN ANALYSIS:
   Current Time: Sunday 17:00 UTC
   Day Bias: NEUTRAL
   Current vs Avg Volume: 0x
   Current vs Avg Volatility: 0x

   ⏳ NON-FAVORABLE TIME WINDOW:
   This hour typically shows weaker activity
   Next favorable window in 12 hour(s)

   ⚠️ LOW ACTIVITY ANOMALY:
   Volume 0x below typical - Extremely quiet

   📉 LOW VOLATILITY ANOMALY:
   Volatility 0x below typical - Consolidation likely

   🔥 Best Trading Hours (UTC): 15:00, 14:00, 16:00

🎯 UNIFIED MICROSTRUCTURE INTEGRATION:
   Signal Consensus: NEUTRAL (50% agreement)
   Available Signals: 2 (1 bullish / 1 bearish / 0 neutral)
   Conviction Level: LOW (30%)
   Signal Quality: LOW
   Risk Adjustment: REDUCE
   Timing Quality: UNFAVORABLE

   ⚠️ LOW CONVICTION: Only 50% signal agreement
   Weak alignment - Reduce position size or wait for clarity

   ⚠️ RISK REDUCTION RECOMMENDED: Extreme volatility or unfavorable timing detected

   ⏰ UNFAVORABLE TIMING: Avoid trading during this hour

   Signal Directions Breakdown:
   • VPIN: NEUTRAL
   • Sweeps: NEUTRAL
   • Absorption: NEUTRAL
   • Arrival Dynamics: NEUTRAL
   • Liquidity Vacuum: NONE
   • Vol Regime: FAVORABLE
   • Temporal: UNFAVORABLE

   Adaptive Weights (Total: 4.1%):
   • VPIN: 0.0%
   • Sweeps: 0.0%
   • Absorption: 0.0%
   • Arrival: 0.0%
   • Vacuum: 0.0%
   • Vol Regime: 2.1%
   • Temporal: 2.0%


💹 DELTA ANALYSIS (Order Flow Aggression):
   Direction: NEUTRAL
   Delta Per Volume: 0.00%
   Institutional Ratio: 0.0%
   Aggression Score: 0.0%

📊 VOLUME PROFILE (Support/Resistance Strength):
   Point of Control (POC): $0.000000
   Value Area High: $0.000000
   Value Area Low: $0.000000
   Current Position: ABOVE_VALUE_AREA
   ⚠️ DISTRIBUTION RISK: Price above value area - potential rejection zone

⚡ MOMENTUM CASCADE (Multi-Timeframe Alignment):
   Cascade Detected: NO
   Alignment Score: 0.1%
   Cascade Strength: 0.0%
   Accelerating: None
   Diverging: 1m, 5m, 15m, 1h

💥 BREAKOUT CONFIRMATION:
   Quality: NO_BREAKOUT
   Volume Confirmation: NO
   Retest Strength: 0.0%
   False Breakout Risk: 0.0%
   No breakout detected - price below resistance


levels:
Entry=7.989988, StopLoss=7.67038848, TakeProfit=8.015861150000001, 8.041734300000002, 8.06243282

---

=== Token: FIS (FIS) ===
Contract: FIS-USD
Timestamp: 2025-12-20T15:00:00.000Z

Calculations:
{
  "momentumScore": 59.6152518978606,
  "volumeScore": 29.791387568791418,
  "patternScore": 50.08707972963201,
  "totalScore": 37.348250010777285,
  "finalScore": 37.348250010777285,
  "weights": "0.23,0.45,0.23",
  "hourlyUptrend": false,
  "rsi": 53.65853658536587,
  "ultraShortVolumeSurge": 0.5382118117478292,
  "baseVolumeSurge": 0.03419059855550086,
  "currentPrice": 0.0189,
  "resistance": 0.0207,
  "support": 0.0182,
  "rocMin5": 0.010695187165775336,
  "shortROC": -0.005263157894736811,
  "priceAcceleration": 0.0026806833901228053,
  "buySellRatio": 0.3653848070248867,
  "macdHistogram": 0.000007782383074661186,
  "stochasticK": 19.23076923076913,
  "atr": 0.0005214285714285718,
  "bbUpper": 0.019411189353522377,
  "bbLower": 0.01814881064647762,
  "hammerDetected": false,
  "engulfingDetected": false,
  "compressionSpring": {
    "detected": false,
    "confidence": 0,
    "signals": {
      "sidewaysPrice": false,
      "atrCompression": false,
      "bbSqueeze": false,
      "consolidationTime": true,
      "strongBuying": false,
      "obvPositive": false,
      "chaikinPositive": false,
      "rsiNeutral": false,
      "volumeBuilding": false
    },
    "metrics": {
      "priceRange": 14.36,
      "atrRatio": 1.921,
      "bbWidth": 6.72,
      "volumeRatio": 3.88,
      "signalCount": 1,
      "buySellRatio": 0.365
    }
  },
  "riskTier": "MEDIUM",
  "atrPercent": 3.3635676492819373,
  "distanceToResistance": 9.52380952380952,
  "slPercent": 4,
  "tpPercent": 8.095238095238091,
  "trailingActivation": 4.857142857142855,
  "shortMomentumScore": 35,
  "overboughtScore": 0,
  "shortPatternScore": 25,
  "shootingStarDetected": true,
  "bearishEngulfingDetected": false,
  "eveningStarDetected": false,
  "bearishPatternsCount": 1,
  "shortTotalScore": 20.25,
  "chaikin": -0.4219346343102452,
  "obvIncreasing": false,
  "obvTrend": "declining",
  "adx": 13.513513513513622,
  "recentCandles": {
    "redCount": 4,
    "greenCount": 6
  },
  "resistanceDistance": 9.52380952380952,
  "multiplePatterns": false,
  "bullishPattern": false,
  "priceAboveVWAP": true,
  "breakingResistance": false,
  "atrSufficient": true,
  "macdDivergenceBearish": false,
  "rvolMin1": 0.07457265870019461,
  "rvolMin5": 0.7530449253884092,
  "atrPercentileOld": 0.975609756097561,
  "vwapDeviation": -1.1786735341330743,
  "bbWidthPercent": 6.7219313474161755,
  "bbSqueeze": false,
  "multiTFMomentum": {
    "min1": {
      "roc1": 0,
      "roc3": 0.010638297872340361
    },
    "min5": {
      "roc1": -0.005263157894736811,
      "roc3": 0.0053191489361701805
    },
    "min15": {
      "roc1": -0.01587301587301596,
      "roc3": -0.031249999999999993
    },
    "hourly": {
      "roc1": 0,
      "roc3": 0.027173913043478284
    },
    "fourHour": {
      "roc1": 0.010695187165775336,
      "roc3": 0.038461538461538415
    },
    "divergenceShortUpLongDown": false
  },
  "returnZMin5": -0.4626582056355269,
  "wickClosePct": 0,
  "wickUpper": 0.00030000000000000165,
  "wickLower": 0,
  "wickRatio": 3.0000000000000346,
  "donchianBreakout15": false,
  "bbWidthPercentile15": 0.922077922077922,
  "signedMin5": 581774.5999999999,
  "signedMin5Z": 3.23063069939559,
  "signedMin1": -84331.2,
  "signedMin1Z": -0.6955295632771724,
  "streakMin1": {
    "upStreak": 0,
    "downStreak": 0
  },
  "streakMin5": {
    "upStreak": 0,
    "downStreak": 1
  },
  "rvolPercentileMin1": 0.76875,
  "rvolPercentileMin5": 0.8888888888888888,
  "perTfMetrics": {
    "min1": {
      "sma20": 0.018855,
      "sma50": 0.019054000000000012,
      "ema20": 0.01896052944815983,
      "ema50": 0.01898985809853033,
      "vwma20": 0.018900733463384244,
      "hma21": 0.01885584415584416,
      "atr14": 0.00018571428571428534,
      "atrPercentile": 0.3816717019133938,
      "rvolZ": 0.07457265870019461,
      "rvolPercentile": 0.76875,
      "mfi14": 46.45314580966449,
      "ppo": {
        "ppo": -0.4517471578495708,
        "signal": -0.5238542842604892,
        "histogram": 0.07210712641091838
      },
      "stochRsi": {
        "k": 100,
        "d": 60.47008547008551
      },
      "vprofile": {
        "vpBins": [
          0.028103181039811367,
          0.03676226491558766,
          0.04583151669421631,
          0.06247951510378237,
          0.06058404181536708,
          0.22403916428836432,
          0.0511271277709949,
          0.1326905831814547,
          0.13141185501233935,
          0.02283358210639724,
          0.014301612415570694,
          0.0032053333666829183,
          0,
          0.02151613570851179,
          0.050813542116493304,
          0,
          0.007172671874170662,
          0.07421469825827033,
          0.021470671121698415,
          0.011442503210286472
        ],
        "currentBinShare": 0.1326905831814547
      },
      "ttm": {
        "squeeze": false,
        "release": false,
        "widthPct": 3.4518462148550255
      }
    },
    "min5": {
      "sma20": 0.018879999999999997,
      "sma50": 0.018825999999999996,
      "ema20": 0.01890266310773392,
      "ema50": 0.01881821834460291,
      "vwma20": 0.019252537477749975,
      "hma21": 0.0193974025974026,
      "atr14": 0.0005214285714285718,
      "atrPercentile": 1,
      "rvolZ": 0.7530449253884092,
      "rvolPercentile": 0.8888888888888888,
      "mfi14": 45.8407532602681,
      "ppo": {
        "ppo": 0.36332293967200774,
        "signal": 0.4611602393231499,
        "histogram": -0.09783729965114218
      },
      "stochRsi": {
        "k": 25.173416871783548,
        "d": 53.76337184424478
      },
      "vprofile": {
        "vpBins": [
          0.021045839453398343,
          0.03484882180042563,
          0.15347264714240774,
          0.0939233236607828,
          0.1235865483936438,
          0.2621957518589274,
          0.052301099787061614,
          0.045214641512927235,
          0.10591211715915416,
          0.016245453735943712,
          0.011153540845901845,
          0.0025341969576098606,
          0,
          0.012643086363884858,
          0,
          0,
          0,
          0.064922931327931,
          0,
          0
        ],
        "currentBinShare": 0.052301099787061614
      },
      "ttm": {
        "squeeze": false,
        "release": false,
        "widthPct": 10.06300176867623
      }
    },
    "min15": {
      "sma20": 0.018779999999999998,
      "sma50": 0.018662,
      "ema20": 0.01878288575431852,
      "ema50": 0.01872216923812474,
      "vwma20": 0.018903303107648976,
      "hma21": 0.01865930735930736,
      "atr14": 0.0006357142857142861,
      "atrPercentile": 0.975609756097561,
      "rvolZ": -0.4704852644969031,
      "rvolPercentile": 0.23958333333333334,
      "mfi14": 55.84758545539203,
      "ppo": {
        "ppo": 0.12266123176657841,
        "signal": 0.10784189983276841,
        "histogram": 0.014819331933809993
      },
      "stochRsi": {
        "k": 5.1407588739289976,
        "d": 46.86623783605476
      },
      "vprofile": {
        "vpBins": [
          0.02091168772920909,
          0.03065757175672079,
          0.1556917009674204,
          0.13648378266023167,
          0.12902803576416877,
          0.21016762787814897,
          0.04823072372742355,
          0.03187967619585097,
          0.19023010829569412,
          0.011174503738125481,
          0.010668707213515762,
          0.024875874073490355,
          0,
          0,
          0,
          0,
          0,
          0,
          0,
          0
        ],
        "currentBinShare": 0.12902803576416877
      },
      "ttm": {
        "squeeze": false,
        "release": false,
        "widthPct": 6.7219313474161755
      }
    },
    "hourly": {
      "sma20": 0.01864,
      "sma50": 0.018451999999999996,
      "ema20": 0.01865552298657365,
      "ema50": 0.0186950212402773,
      "vwma20": 0.018755454263608435,
      "hma21": 0.018857575757575757,
      "atr14": 0.0007285714285714279,
      "atrPercentile": 0.09627329192546584,
      "rvolZ": -0.5239729746316824,
      "rvolPercentile": 0.32142857142857145,
      "mfi14": 80.9951665935246,
      "ppo": {
        "ppo": 0.39404906019559155,
        "signal": 0.3076020078290901,
        "histogram": 0.08644705236650146
      },
      "stochRsi": {
        "k": 69.24675324675343,
        "d": 54.09523809523813
      },
      "vprofile": {
        "vpBins": [
          0.026510638345449568,
          0.09459727455964942,
          0.10790366360071109,
          0.04957681754548843,
          0.04388779932851084,
          0.03269428730197046,
          0.018059595977504356,
          0.026547816350114547,
          0.07685774904926589,
          0.05086785971570325,
          0.10753983868545026,
          0.031260582182912326,
          0.057077770736610946,
          0.07546520971307032,
          0.02588645383449978,
          0.04882801149361337,
          0.06620111607045646,
          0.032573120038082534,
          0.027664395470936097,
          0
        ],
        "currentBinShare": 0.10790366360071109
      },
      "ttm": {
        "squeeze": true,
        "release": false,
        "widthPct": 5.970140662336295
      }
    },
    "fourHour": {
      "sma20": 0.018370000000000004,
      "sma50": 0.022594,
      "ema20": 0.01913277459410337,
      "ema50": 0.021964034996960452,
      "vwma20": 0.018481902548049187,
      "hma21": 0.018409523809523803,
      "atr14": 0.0014785714285714285,
      "atrPercentile": 0.05714285714285714,
      "rvolZ": 0.05186668999951858,
      "rvolPercentile": 0.6785714285714286,
      "mfi14": 67.18855435617446,
      "ppo": {
        "ppo": -5.3330736147069056,
        "signal": -7.204207044750732,
        "histogram": 1.8711334300438267
      },
      "stochRsi": {
        "k": 100,
        "d": 52.75139454243932
      },
      "vprofile": {
        "vpBins": [
          0.023916893508141943,
          0.10774000019478057,
          0.04966868663832009,
          0.012009034996129457,
          0.021513656839594126,
          0.015402949278721788,
          0.014501633163435917,
          0.06076017298014315,
          0.1686720903178253,
          0.021487262469212027,
          0.103632258464334,
          0.05195003520012124,
          0.05708631992570946,
          0.10527414580888031,
          0.09498884756614526,
          0.006168444149540439,
          0.06919797105844992,
          0,
          0.016029597440514725,
          0
        ],
        "currentBinShare": 0.10774000019478057
      },
      "ttm": {
        "squeeze": true,
        "release": false,
        "widthPct": 11.400013162946927
      }
    },
    "daily": {
      "sma20": 0.029070000000000006,
      "sma50": 0.045192,
      "ema20": 0.028674830731818524,
      "ema50": 0.04257216225955707,
      "vwma20": 0,
      "hma21": 0.01757012987012986,
      "atr14": 0.006792857142857144,
      "atrPercentile": 0.5394736842105263,
      "rvolZ": 0,
      "rvolPercentile": 1,
      "mfi14": 50,
      "ppo": {
        "ppo": -24.820513044135364,
        "signal": -21.42541993917402,
        "histogram": -3.3950931049613438
      },
      "stochRsi": {
        "k": 77.53108384126578,
        "d": 30.685230123745797
      },
      "vprofile": {
        "vpBins": [
          0,
          0,
          0,
          0,
          0,
          0,
          0,
          0,
          0,
          0,
          0,
          0,
          0,
          0,
          0,
          0,
          0,
          0,
          0,
          0
        ],
        "currentBinShare": 0
      },
      "ttm": {
        "squeeze": false,
        "release": false,
        "widthPct": 111.80966846980849
      }
    }
  },
  "smaMin5": 0.018879999999999997,
  "emaMin5": 0.01890266310773392,
  "vwmaMin5": 0.019252537477749975,
  "hmaMin5": 0.0193974025974026,
  "keltner15": {
    "upper": 0.019697885754318523,
    "middle": 0.01878288575431852,
    "lower": 0.017867885754318517
  },
  "superTrend15": {
    "isBull": false,
    "finalUpper": 0.02063,
    "finalLower": 0.016969999999999996
  },
  "mfi15": 55.84758545539203,
  "stochRsi15": {
    "k": 5.1407588739289976,
    "d": 46.86623783605476
  },
  "ppo15": {
    "ppo": 0.12266123176657841,
    "signal": 0.10784189983276841,
    "histogram": 0.014819331933809993
  },
  "vpMin15": {
    "vpBins": [
      0.02091168772920909,
      0.03065757175672079,
      0.1556917009674204,
      0.13648378266023167,
      0.12902803576416877,
      0.21016762787814897,
      0.04823072372742355,
      0.03187967619585097,
      0.19023010829569412,
      0.011174503738125481,
      0.010668707213515762,
      0.024875874073490355,
      0,
      0,
      0,
      0,
      0,
      0,
      0,
      0
    ],
    "currentBinShare": 0.12902803576416877
  },
  "ttm15": {
    "squeeze": false,
    "release": false,
    "widthPct": 6.7219313474161755
  },
  "marketCorrelation": {
    "hourly": {
      "btcCorrelation": 0,
      "ethCorrelation": 0,
      "btcBeta": 1,
      "ethBeta": 1,
      "btcTrend": "UNKNOWN",
      "ethTrend": "UNKNOWN",
      "tokenVol": 0,
      "btcVol": 0,
      "ethVol": 0,
      "marketDependence": 0,
      "verdict": "INSUFFICIENT_DATA"
    },
    "min15": {
      "btcCorrelation": 0,
      "ethCorrelation": 0,
      "btcBeta": 1,
      "ethBeta": 1,
      "btcTrend": "UNKNOWN",
      "ethTrend": "UNKNOWN",
      "tokenVol": 0,
      "btcVol": 0,
      "ethVol": 0,
      "marketDependence": 0,
      "verdict": "INSUFFICIENT_DATA"
    },
    "daily": {
      "btcCorrelation": 0,
      "ethCorrelation": 0,
      "btcBeta": 1,
      "ethBeta": 1,
      "btcTrend": "UNKNOWN",
      "ethTrend": "UNKNOWN",
      "tokenVol": 0,
      "btcVol": 0,
      "ethVol": 0,
      "marketDependence": 0,
      "verdict": "INSUFFICIENT_DATA"
    }
  },
  "tradeTape": {
    "totalTrades": 0,
    "totalVolume": 0,
    "buysVolume": 0,
    "sellsVolume": 0,
    "buySellRatio": 0.5,
    "vwap": 0,
    "signedVolume": 0,
    "avgTradeSize": 0,
    "tradesPerSec": 0,
    "cumulativeDelta": 0,
    "tradesLast1m": 0,
    "tradesLast5m": 0,
    "tradesLast15m": 0,
    "tradesLast1h": 0,
    "buyVWAP": 0,
    "sellVWAP": 0,
    "aggressorVWAP": 0,
    "bucketDurationMs": 60000,
    "bucketCount": 15,
    "bucketSignedVolumes": [],
    "bucketVolumes": [],
    "bucketVWAPs": [],
    "latestBucketSignedZ": 0
  },
  "enhancedMetrics": {
    "relativeVolumeZScore": -1,
    "volumePercentile": 40,
    "atrPercentile": 98.90510948905109,
    "volatilityPercentile": 0.6329113924050633,
    "relativeVolatilityRatio": 0.5880865373475805,
    "isHighVolume": false,
    "isHighVolatility": false,
    "isLowVolatility": true,
    "isExpandingVolatility": false,
    "isContractingVolatility": true
  },
  "orderBook": {
    "bidAskSpread": 0,
    "spreadPct": 0,
    "midPrice": 0,
    "bestBid": 0,
    "bestAsk": 0,
    "bidDepth": 0,
    "askDepth": 0,
    "orderBookImbalance": 0,
    "liquidityScore": 0,
    "depthAt1Pct": {
      "bidVolume": 0,
      "askVolume": 0,
      "imbalance": 0
    },
    "depthAt2Pct": {
      "bidVolume": 0,
      "askVolume": 0,
      "imbalance": 0
    },
    "depthAt5Pct": {
      "bidVolume": 0,
      "askVolume": 0,
      "imbalance": 0
    },
    "weightedMidPrice": 0,
    "volumeWeightedSpread": 0,
    "totalBidLevels": 0,
    "totalAskLevels": 0
  },
  "marketCap": {
    "marketCap": 0,
    "totalVolume24h": 0,
    "volumeToMarketCapRatio": 0,
    "marketCapRank": 0,
    "normalizedRank": 0,
    "isHighLiquidity": false,
    "isVeryHighLiquidity": false,
    "isLowLiquidity": true,
    "liquidityTier": "VERY_LOW"
  },
  "sweeps": {
    "sweepScore": 0,
    "sweepCount": 0,
    "sweepDirection": "NEUTRAL",
    "buySweeps": 0,
    "sellSweeps": 0,
    "avgSweepSize": 0,
    "avgSweepIntensity": 0,
    "bidLiftRatio": 0,
    "askLiftRatio": 0,
    "sweepFrequency": 0,
    "largestSweep": null,
    "recentSweepClusters": 0,
    "sweepDetails": []
  },
  "absorption": {
    "absorptionScore": 0,
    "absorptionLevel": null,
    "absorptionSide": "NONE",
    "icebergProbability": 0,
    "hiddenLiquidityEstimate": 0,
    "volumeAtPrice": {},
    "topAbsorptionLevels": [],
    "persistenceDuration": 0,
    "refillDetected": false
  },
  "orderArrival": {
    "avgInterArrivalTime": 0,
    "recentInterArrivalTime": 0,
    "accelerationRatio": 1,
    "hawkesIntensity": 0,
    "hawkesDirection": "NEUTRAL",
    "clusteringScore": 0,
    "burstCount": 0,
    "cascadeDetected": false,
    "timeToNextTrade": 0,
    "accelerationTrend": "STABLE"
  },
  "liquidityVacuum": {
    "vacuumScore": 0,
    "vacuumSide": "NONE",
    "bidVacuumSeverity": 0,
    "askVacuumSeverity": 0,
    "depthConcentration": 0,
    "priceImpact10k": 0,
    "priceImpact50k": 0,
    "priceImpact100k": 0,
    "largestGapBid": 0,
    "largestGapAsk": 0,
    "avgGapBid": 0,
    "avgGapAsk": 0,
    "bidCliffDistance": 0,
    "askCliffDistance": 0
  },
  "volatilityRegime": {
    "regime": "EXTREME",
    "regimeScore": 1,
    "currentATR": 0.007108,
    "avgATR": 0.006036,
    "atrPercentile": 63.2,
    "realizedVolatility": 171.64,
    "volPercentile": 100,
    "expanding": true,
    "contracting": false,
    "transitionProbability": 0.7,
    "daysInRegime": 1,
    "regimeStrength": 0.16
  },
  "temporalPatterns": {
    "currentHour": 17,
    "currentDay": 0,
    "currentDayName": "Sunday",
    "dayBias": "NEUTRAL",
    "hourlyProfile": [
      {
        "avgVolume": 812295.04,
        "avgATR": 0.001143,
        "avgReturn": -1.169
      },
      {
        "avgVolume": 1026984.8,
        "avgATR": 0.001129,
        "avgReturn": 0.671
      },
      {
        "avgVolume": 819726.84,
        "avgATR": 0.00135,
        "avgReturn": 0.774
      },
      {
        "avgVolume": 1093237.49,
        "avgATR": 0.0015,
        "avgReturn": 1.087
      },
      {
        "avgVolume": 860679.56,
        "avgATR": 0.001164,
        "avgReturn": -0.519
      },
      {
        "avgVolume": 975157.66,
        "avgATR": 0.001436,
        "avgReturn": -2.178
      },
      {
        "avgVolume": 1222381.16,
        "avgATR": 0.001179,
        "avgReturn": 0.161
      },
      {
        "avgVolume": 1151714.34,
        "avgATR": 0.001529,
        "avgReturn": 0.184
      },
      {
        "avgVolume": 1281673.09,
        "avgATR": 0.001421,
        "avgReturn": -1.892
      },
      {
        "avgVolume": 1139720.66,
        "avgATR": 0.001293,
        "avgReturn": 0.192
      },
      {
        "avgVolume": 922727.77,
        "avgATR": 0.001179,
        "avgReturn": -1.871
      },
      {
        "avgVolume": 1243236.99,
        "avgATR": 0.001421,
        "avgReturn": -0.211
      },
      {
        "avgVolume": 1191233.12,
        "avgATR": 0.001579,
        "avgReturn": 1.784
      },
      {
        "avgVolume": 1164671.57,
        "avgATR": 0.001586,
        "avgReturn": 0.25
      },
      {
        "avgVolume": 2006699.35,
        "avgATR": 0.001564,
        "avgReturn": 1.42
      },
      {
        "avgVolume": 1438434.73,
        "avgATR": 0.001436,
        "avgReturn": -0.888
      },
      {
        "avgVolume": 1145594.62,
        "avgATR": 0.001315,
        "avgReturn": -1.044
      },
      {
        "avgVolume": 1508460.5,
        "avgATR": 0.001543,
        "avgReturn": -0.686
      },
      {
        "avgVolume": 958419.91,
        "avgATR": 0.001057,
        "avgReturn": -0.301
      },
      {
        "avgVolume": 2161563.94,
        "avgATR": 0.001943,
        "avgReturn": 2.261
      },
      {
        "avgVolume": 1415813.07,
        "avgATR": 0.001443,
        "avgReturn": 0.293
      },
      {
        "avgVolume": 1221227.58,
        "avgATR": 0.001236,
        "avgReturn": -1.094
      },
      {
        "avgVolume": 1450241.88,
        "avgATR": 0.0013,
        "avgReturn": 0.6
      },
      {
        "avgVolume": 711036.64,
        "avgATR": 0.001014,
        "avgReturn": -0.389
      }
    ],
    "dailyProfile": [
      {
        "avgVolume": 1228591.42,
        "avgATR": 0.001356,
        "avgReturn": 0.354
      },
      {
        "avgVolume": 1451281.57,
        "avgATR": 0.001517,
        "avgReturn": -0.571
      },
      {
        "avgVolume": 1144818.93,
        "avgATR": 0.001056,
        "avgReturn": -0.692
      },
      {
        "avgVolume": 1302540.4,
        "avgATR": 0.001331,
        "avgReturn": -0.019
      },
      {
        "avgVolume": 1556741.15,
        "avgATR": 0.002071,
        "avgReturn": 0.429
      },
      {
        "avgVolume": 1110222.34,
        "avgATR": 0.001477,
        "avgReturn": -0.24
      },
      {
        "avgVolume": 630937.42,
        "avgATR": 0.000734,
        "avgReturn": 0.013
      }
    ],
    "favorableHours": [
      19,
      14,
      17,
      22,
      15,
      20
    ],
    "favorableWindow": true,
    "currentVsAvgVolume": 0,
    "currentVsAvgVolatility": 0,
    "anomalyDetected": true,
    "timeUntilFavorable": null,
    "temporalScore": 0.5
  },
  "unifiedMicrostructure": {
    "signalDirections": {
      "vpin": "NEUTRAL",
      "sweeps": "NEUTRAL",
      "absorption": "NEUTRAL",
      "arrival": "NEUTRAL",
      "vacuum": "NONE",
      "volRegime": "UNFAVORABLE",
      "temporal": "FAVORABLE"
    },
    "consensusDirection": "NEUTRAL",
    "consensusStrength": 50,
    "bullishSignals": 1,
    "bearishSignals": 1,
    "neutralSignals": 0,
    "totalAvailableSignals": 2,
    "dominantPattern": "NONE",
    "clusters": {
      "strongBuyCluster": false,
      "distributionPattern": false,
      "accumulationPattern": false,
      "momentumCascade": false
    },
    "adaptiveWeights": {
      "vpin": 0,
      "sweeps": 0,
      "absorption": 0,
      "arrival": 0,
      "vacuum": 0,
      "volRegime": 0.03,
      "temporal": 0.012
    },
    "convictionLevel": "LOW",
    "convictionScore": 30,
    "riskAdjustment": "REDUCE",
    "timingQuality": "FAVORABLE",
    "signalQuality": "LOW"
  },
  "deltaAnalysis": {
    "currentDelta": 0,
    "cumulativeDelta": 0,
    "deltaPerVolume": 0,
    "deltaDirection": "NEUTRAL",
    "deltaDivergence": false,
    "institutionalRatio": 0,
    "aggressionScore": 0
  },
  "volumeProfile": {
    "pointOfControl": 0,
    "valueAreaHigh": 0,
    "valueAreaLow": 0,
    "currentPosition": "ABOVE_VALUE_AREA",
    "volumeNodes": [],
    "airPockets": []
  },
  "momentumCascade": {
    "cascadeDetected": false,
    "alignmentScore": -0.006390356609426743,
    "cascadeStrength": 0,
    "acceleratingTimeframes": [
      "1m",
      "1h"
    ],
    "divergingTimeframes": [
      "5m",
      "15m"
    ]
  },
  "breakoutConfirmation": {
    "breakoutConfirmed": false,
    "volumeConfirmation": false,
    "retestStrength": 0,
    "falseBreakoutRisk": 0,
    "breakoutQuality": "NO_BREAKOUT"
  },
  "liquidityHeatmap": {
    "liquidityScore": 0,
    "magnetDirection": "NONE",
    "magnetStrength": 0,
    "priceTarget5pct": null,
    "message": "No order book data"
  },
  "smartMoneyDivergence": {
    "divergenceDetected": false,
    "divergenceDirection": "NONE",
    "smartMoneyScore": 0.5,
    "message": "Insufficient trade data"
  },
  "microstructure": {
    "raw": -0.07408990113646863,
    "pct": 49,
    "summary": {
      "latestBucketSignedZ": 0,
      "buySellRatio": 0.5,
      "tradesPerSec": 0,
      "vwap": 0,
      "aggressorVWAP": 0,
      "vpinToxicity": "UNKNOWN",
      "sweepDirection": "NEUTRAL",
      "absorptionSide": "NONE",
      "icebergDetected": false,
      "hawkesDirection": "NEUTRAL",
      "cascadeDetected": false,
      "vacuumSide": "NONE",
      "volatilityRegime": "EXTREME",
      "volExpanding": true,
      "favorableTimeWindow": true,
      "temporalAnomaly": true,
      "consensusDirection": "NEUTRAL",
      "consensusStrength": 50,
      "dominantPattern": "NONE",
      "convictionLevel": "LOW",
      "riskAdjustment": "REDUCE",
      "timingQuality": "FAVORABLE",
      "deltaDirection": "NEUTRAL",
      "deltaDivergence": false,
      "institutionalRatio": 0,
      "volumeProfilePosition": "ABOVE_VALUE_AREA",
      "pointOfControl": 0,
      "momentumCascadeDetected": false,
      "cascadeStrength": 0,
      "breakoutQuality": "NO_BREAKOUT",
      "breakoutConfirmed": false,
      "magnetDirection": "NONE",
      "magnetStrength": 0,
      "priceTarget5pct": null,
      "nearestBidWall": 0,
      "nearestAskWall": 0,
      "divergenceDetected": false,
      "divergenceDirection": "NONE",
      "whaleAccumulation": false,
      "whaleDistribution": false,
      "retailPanic": false,
      "smartMoneyScore": 0.5
    }
  }
}

=== MICROSTRUCTURE ALERTS ===

🔬 VPIN: Insufficient data for VPIN analysis

🌊 SWEEP DETECTION: No significant sweeps detected

🧊 ABSORPTION & ICEBERG: No significant absorption or iceberg orders detected

⚡ ORDER ARRIVAL DYNAMICS: Insufficient trades for analysis

🌪️ LIQUIDITY VACUUM: No significant vacuum detected

📊 VOLATILITY REGIME DETECTION:
   Current Regime: EXTREME
   Regime Score: 1.00 (-1=low vol, +1=extreme vol)
   Days in Regime: 1
   ATR: $0.007108 (avg: $0.006036)
   ATR Percentile: 63.2%
   Realized Volatility: 171.64% (annualized)
   Vol Percentile: 100.0%

   🔴 EXTREME VOLATILITY:
   🚨 HIGH RISK ENVIRONMENT!
   ⚠️ Significantly reduce position size
   ⚠️ Wide stops or avoid trading
   💡 Only for experienced traders

   🚀 VOLATILITY EXPANDING:
   💥 Breakout likely imminent!
   📈 Market transitioning to higher vol regime
   ✅ Strong signal when combined with other indicators

   ⚠️ HIGH REGIME TRANSITION PROBABILITY: 70%
   Market near regime boundary - expect volatility shift soon

   ⚠️ NEW REGIME: Only 1 day(s) - conditions still settling

⏰ TEMPORAL PATTERN ANALYSIS:
   Current Time: Sunday 17:00 UTC
   Day Bias: NEUTRAL
   Current vs Avg Volume: 0x
   Current vs Avg Volatility: 0x

   ✅ FAVORABLE TIME WINDOW:
   This hour historically shows strong volume and positive returns
   GOOD time to trade - patterns favor entry

   ⚠️ LOW ACTIVITY ANOMALY:
   Volume 0x below typical - Extremely quiet

   📉 LOW VOLATILITY ANOMALY:
   Volatility 0x below typical - Consolidation likely

   🔥 Best Trading Hours (UTC): 19:00, 14:00, 17:00

🎯 UNIFIED MICROSTRUCTURE INTEGRATION:
   Signal Consensus: NEUTRAL (50% agreement)
   Available Signals: 2 (1 bullish / 1 bearish / 0 neutral)
   Conviction Level: LOW (30%)
   Signal Quality: LOW
   Risk Adjustment: REDUCE
   Timing Quality: FAVORABLE

   ⚠️ LOW CONVICTION: Only 50% signal agreement
   Weak alignment - Reduce position size or wait for clarity

   ⚠️ RISK REDUCTION RECOMMENDED: Extreme volatility or unfavorable timing detected

   ⏰ FAVORABLE TIMING: Good time window for trading

   Signal Directions Breakdown:
   • VPIN: NEUTRAL
   • Sweeps: NEUTRAL
   • Absorption: NEUTRAL
   • Arrival Dynamics: NEUTRAL
   • Liquidity Vacuum: NONE
   • Vol Regime: UNFAVORABLE
   • Temporal: FAVORABLE

   Adaptive Weights (Total: 4.2%):
   • VPIN: 0.0%
   • Sweeps: 0.0%
   • Absorption: 0.0%
   • Arrival: 0.0%
   • Vacuum: 0.0%
   • Vol Regime: 3.0%
   • Temporal: 1.2%


💹 DELTA ANALYSIS (Order Flow Aggression):
   Direction: NEUTRAL
   Delta Per Volume: 0.00%
   Institutional Ratio: 0.0%
   Aggression Score: 0.0%

📊 VOLUME PROFILE (Support/Resistance Strength):
   Point of Control (POC): $0.000000
   Value Area High: $0.000000
   Value Area Low: $0.000000
   Current Position: ABOVE_VALUE_AREA
   ⚠️ DISTRIBUTION RISK: Price above value area - potential rejection zone

⚡ MOMENTUM CASCADE (Multi-Timeframe Alignment):
   Cascade Detected: NO
   Alignment Score: -0.6%
   Cascade Strength: 0.0%
   Accelerating: 1m, 1h
   Diverging: 5m, 15m

💥 BREAKOUT CONFIRMATION:
   Quality: NO_BREAKOUT
   Volume Confirmation: NO
   Retest Strength: 0.0%
   False Breakout Risk: 0.0%
   No breakout detected - price below resistance


levels:
Entry=0.0188622, StopLoss=0.018107711999999998, TakeProfit=0.01962567, 0.020389139999999997, 0.020999915999999997

---

=== Token: SAPIEN (SAPIEN) ===
Contract: SAPIEN-USD
Timestamp: 2025-12-20T15:00:00.000Z

Calculations:
{
  "momentumScore": 53.94473247183007,
  "volumeScore": 30,
  "patternScore": 22.8968253968253,
  "totalScore": 30.555020852148463,
  "finalScore": 30.555020852148463,
  "weights": "0.23,0.45,0.23",
  "hourlyUptrend": false,
  "rsi": 37.44493392070472,
  "ultraShortVolumeSurge": 0.4139176407238392,
  "baseVolumeSurge": 0.031546042833859256,
  "currentPrice": 0.12791,
  "resistance": 0.12936,
  "support": 0.126,
  "rocMin5": 0.001017373610893655,
  "shortROC": -0.0016390883546676218,
  "priceAcceleration": 0.0002578769622617059,
  "buySellRatio": 0.6842884992719057,
  "macdHistogram": -0.00011429882194828481,
  "stochasticK": 28.591352859135196,
  "atr": 0.0005471428571428591,
  "bbUpper": 0.1311869935897361,
  "bbLower": 0.12568800641026387,
  "hammerDetected": false,
  "engulfingDetected": false,
  "compressionSpring": {
    "detected": true,
    "confidence": 77,
    "signals": {
      "sidewaysPrice": true,
      "atrCompression": true,
      "bbSqueeze": true,
      "consolidationTime": true,
      "strongBuying": true,
      "obvPositive": false,
      "chaikinPositive": false,
      "rsiNeutral": true,
      "volumeBuilding": false
    },
    "metrics": {
      "priceRange": 4.25,
      "atrRatio": 0.513,
      "bbWidth": 4.28,
      "volumeRatio": 1.337,
      "signalCount": 6,
      "buySellRatio": 0.684
    }
  },
  "riskTier": "LOW",
  "atrPercent": 0.9582630644314647,
  "distanceToResistance": 1.1336095692283692,
  "slPercent": 2.5,
  "tpPercent": 0.9635681338441138,
  "trailingActivation": 0.5781408803064683,
  "shortMomentumScore": 15,
  "overboughtScore": 0,
  "shortPatternScore": 0,
  "shootingStarDetected": false,
  "bearishEngulfingDetected": false,
  "eveningStarDetected": false,
  "bearishPatternsCount": 0,
  "shortTotalScore": 6,
  "chaikin": -0.15530102176229674,
  "obvIncreasing": true,
  "obvTrend": "increasing",
  "adx": 10.599078341013653,
  "recentCandles": {
    "redCount": 6,
    "greenCount": 4
  },
  "resistanceDistance": 1.1336095692283692,
  "multiplePatterns": false,
  "bullishPattern": false,
  "priceAboveVWAP": true,
  "breakingResistance": false,
  "atrSufficient": false,
  "macdDivergenceBearish": true,
  "rvolMin1": -0.2618009080106271,
  "rvolMin5": 0.05105682610490338,
  "atrPercentileOld": 0.8292682926829268,
  "vwapDeviation": 0.22276300480419195,
  "bbWidthPercent": 4.2814498720951635,
  "bbSqueeze": false,
  "multiTFMomentum": {
    "min1": {
      "roc1": -0.00007804573480045459,
      "roc3": -0.004042288557213874
    },
    "min5": {
      "roc1": -0.0016390883546676218,
      "roc3": -0.0007811889696118798
    },
    "min15": {
      "roc1": -0.0005463627848892795,
      "roc3": 0.004944278763145437
    },
    "hourly": {
      "roc1": -0.009522322822354034,
      "roc3": -0.018105849582172557
    },
    "fourHour": {
      "roc1": -0.033952496954932944,
      "roc3": -0.016050244242847084
    },
    "divergenceShortUpLongDown": false
  },
  "returnZMin5": -0.4308517314024879,
  "wickClosePct": 0.12244897959184135,
  "wickUpper": 0.00014000000000000123,
  "wickLower": 0.000060000000000004494,
  "wickRatio": 0.48275862068963865,
  "donchianBreakout15": false,
  "bbWidthPercentile15": 0.7662337662337663,
  "signedMin5": -248213.80000000005,
  "signedMin5Z": -4.792640591809591,
  "signedMin1": -536529.1000000001,
  "signedMin1Z": -12.816704676176286,
  "streakMin1": {
    "upStreak": 1,
    "downStreak": 0
  },
  "streakMin5": {
    "upStreak": 0,
    "downStreak": 2
  },
  "rvolPercentileMin1": 0.36736111111111114,
  "rvolPercentileMin5": 0.7256944444444444,
  "perTfMetrics": {
    "min1": {
      "sma20": 0.1280415,
      "sma50": 0.12799999999999995,
      "ema20": 0.1281172369380822,
      "ema50": 0.12823102039232523,
      "vwma20": 0.12801169885737831,
      "hma21": 0.12846038961038964,
      "atr14": 0.00017928571428571318,
      "atrPercentile": 0.06092648539778449,
      "rvolZ": -0.2618009080106271,
      "rvolPercentile": 0.36736111111111114,
      "mfi14": 53.696719843500304,
      "ppo": {
        "ppo": 0.07287682795755278,
        "signal": 0.043478766804950914,
        "histogram": 0.029398061152601865
      },
      "stochRsi": {
        "k": 23.57243068132649,
        "d": 58.63282306700831
      },
      "vprofile": {
        "vpBins": [
          0.005629932793750274,
          0.04604489400863949,
          0.012679276832799695,
          0.046342226249613,
          0.09603352155071561,
          0.20881970844061776,
          0.1088557242960201,
          0.04070407811232892,
          0.09784031784110883,
          0.008355267686173246,
          0.013486592322371769,
          0.036896740346536894,
          0.034009942356199495,
          0.004635770901242671,
          0.19024113033858436,
          0.018145429380459356,
          0.010016557603592718,
          0.000545425083202735,
          0.01623488804672256,
          0.004482575809320613
        ],
        "currentBinShare": 0.04070407811232892
      },
      "ttm": {
        "squeeze": false,
        "release": false,
        "widthPct": 0.9729740588030824
      }
    },
    "min5": {
      "sma20": 0.12797799999999998,
      "sma50": 0.12857519999999997,
      "ema20": 0.12811198296671553,
      "ema50": 0.12820632558764292,
      "vwma20": 0.12749617962427473,
      "hma21": 0.127622380952381,
      "atr14": 0.0005471428571428591,
      "atrPercentile": 0.4854014598540146,
      "rvolZ": 0.05105682610490338,
      "rvolPercentile": 0.7256944444444444,
      "mfi14": 33.72605039241927,
      "ppo": {
        "ppo": -0.14890496923080457,
        "signal": -0.19200304709727792,
        "histogram": 0.04309807786647335
      },
      "stochRsi": {
        "k": 14.227538162073127,
        "d": 45.10311799446696
      },
      "vprofile": {
        "vpBins": [
          0.00994928382623342,
          0.025555251480229732,
          0.05432173280840616,
          0.13628587664405623,
          0.12219262505021729,
          0.14093825888544753,
          0.12751029646431747,
          0.07629909851501972,
          0.04108197836730039,
          0.0830384915224133,
          0.00452481740180803,
          0.018313871338763384,
          0.01901373721863242,
          0,
          0.008489652831113706,
          0.10985481085931184,
          0.010924097016051003,
          0,
          0.011706119770678472,
          0
        ],
        "currentBinShare": 0.07629909851501972
      },
      "ttm": {
        "squeeze": false,
        "release": false,
        "widthPct": 1.467858225535333
      }
    },
    "min15": {
      "sma20": 0.12843749999999998,
      "sma50": 0.12761499999999995,
      "ema20": 0.12815987938978585,
      "ema50": 0.12779433084282402,
      "vwma20": 0.12945136141031705,
      "hma21": 0.12812406926406933,
      "atr14": 0.0012257142857142864,
      "atrPercentile": 0.8292682926829268,
      "rvolZ": -0.1596835637859878,
      "rvolPercentile": 0.5729166666666666,
      "mfi14": 61.23848736295206,
      "ppo": {
        "ppo": 0.09827292346578695,
        "signal": 0.2288293535482541,
        "histogram": -0.13055643008246715
      },
      "stochRsi": {
        "k": 0,
        "d": 48.40847088846945
      },
      "vprofile": {
        "vpBins": [
          0.07442178047408153,
          0.03321713414566828,
          0.03554858600004135,
          0.12125437912847087,
          0.0944176318971253,
          0.07777769447880406,
          0.200949013444764,
          0.06087054739589296,
          0.06818392122448222,
          0.04166681880131965,
          0.024054681536872975,
          0.03081419160726159,
          0.021177510979566903,
          0.014425389792206244,
          0,
          0.013810621761327798,
          0.08741009733211415,
          0,
          0,
          0
        ],
        "currentBinShare": 0.06087054739589296
      },
      "ttm": {
        "squeeze": false,
        "release": false,
        "widthPct": 4.2814498720951635
      }
    },
    "hourly": {
      "sma20": 0.127793,
      "sma50": 0.12727679999999997,
      "ema20": 0.12774767536192574,
      "ema50": 0.12814452485101682,
      "vwma20": 0.12773923415983887,
      "hma21": 0.12756896103896104,
      "atr14": 0.002675714285714289,
      "atrPercentile": 0.37888198757763975,
      "rvolZ": -0.15903559391051628,
      "rvolPercentile": 0.6279761904761905,
      "mfi14": 48.530715002668,
      "ppo": {
        "ppo": 0.13937940979337696,
        "signal": 0.09398803869247224,
        "histogram": 0.045391371100904715
      },
      "stochRsi": {
        "k": 45.36392086452514,
        "d": 51.93076937271505
      },
      "vprofile": {
        "vpBins": [
          0.015100186984233365,
          0.010849170793817503,
          0.019236020175702834,
          0.08302446371854028,
          0.09964978732692523,
          0.11397606275559022,
          0.0710157156610693,
          0.03266514297056322,
          0.03137483559695697,
          0.04727805840291561,
          0.09525172375879454,
          0.015351210094633368,
          0.03675108965811409,
          0.05708090611213931,
          0.05421116720576917,
          0.1051469354307455,
          0.05618565258891039,
          0.02775082984561829,
          0.007260429994696866,
          0.02084061092426405
        ],
        "currentBinShare": 0.09964978732692523
      },
      "ttm": {
        "squeeze": false,
        "release": false,
        "widthPct": 4.290173183756867
      }
    },
    "fourHour": {
      "sma20": 0.1280495,
      "sma50": 0.1373348,
      "ema20": 0.12972626369058576,
      "ema50": 0.13619886527579927,
      "vwma20": 0.12789765959442162,
      "hma21": 0.12742727272727272,
      "atr14": 0.0057821428571428555,
      "atrPercentile": 0.3142857142857143,
      "rvolZ": 0.044391254849521174,
      "rvolPercentile": 0.7380952380952381,
      "mfi14": 54.3447959576712,
      "ppo": {
        "ppo": -2.0233839500502513,
        "signal": -2.62501632206143,
        "histogram": 0.6016323720111787
      },
      "stochRsi": {
        "k": 88.27645761001006,
        "d": 53.715859915869885
      },
      "vprofile": {
        "vpBins": [
          0.015325587981817258,
          0.0029819360478065067,
          0.05782604436070715,
          0.07306577695011914,
          0.03219107275358152,
          0.026718443571713105,
          0.04020864386210996,
          0.046993413780163557,
          0.04578424039791078,
          0.049898851291278454,
          0.07277390396628187,
          0.038640465801013914,
          0.06303762425834486,
          0.06043705946934689,
          0.16470963086359397,
          0.05236612132954318,
          0.012989196089074775,
          0.0276220132587025,
          0,
          0.1164299739668907
        ],
        "currentBinShare": 0.05782604436070715
      },
      "ttm": {
        "squeeze": false,
        "release": false,
        "widthPct": 10.96916103479514
      }
    },
    "daily": {
      "sma20": 0.14504799999999998,
      "sma50": 0.1591046,
      "ema20": 0.14076382514182964,
      "ema50": 0.15113924762450487,
      "vwma20": 0,
      "hma21": 0.13213714285714293,
      "atr14": 0.016086428571428567,
      "atrPercentile": 0.013157894736842105,
      "rvolZ": 0,
      "rvolPercentile": 1,
      "mfi14": 50,
      "ppo": {
        "ppo": -4.482158549181988,
        "signal": -2.943865513906838,
        "histogram": -1.5382930352751498
      },
      "stochRsi": {
        "k": 0,
        "d": 31.09276642125811
      },
      "vprofile": {
        "vpBins": [
          0,
          0,
          0,
          0,
          0,
          0,
          0,
          0,
          0,
          0,
          0,
          0,
          0,
          0,
          0,
          0,
          0,
          0,
          0,
          0
        ],
        "currentBinShare": 0
      },
      "ttm": {
        "squeeze": false,
        "release": false,
        "widthPct": 54.05917333005933
      }
    }
  },
  "smaMin5": 0.12797799999999998,
  "emaMin5": 0.12811198296671553,
  "vwmaMin5": 0.12749617962427473,
  "hmaMin5": 0.127622380952381,
  "keltner15": {
    "upper": 0.12960287938978585,
    "middle": 0.12815987938978585,
    "lower": 0.12671687938978585
  },
  "superTrend15": {
    "isBull": true,
    "finalUpper": 0.130786,
    "finalLower": 0.12501400000000001
  },
  "mfi15": 61.23848736295206,
  "stochRsi15": {
    "k": 0,
    "d": 48.40847088846945
  },
  "ppo15": {
    "ppo": 0.09827292346578695,
    "signal": 0.2288293535482541,
    "histogram": -0.13055643008246715
  },
  "vpMin15": {
    "vpBins": [
      0.07442178047408153,
      0.03321713414566828,
      0.03554858600004135,
      0.12125437912847087,
      0.0944176318971253,
      0.07777769447880406,
      0.200949013444764,
      0.06087054739589296,
      0.06818392122448222,
      0.04166681880131965,
      0.024054681536872975,
      0.03081419160726159,
      0.021177510979566903,
      0.014425389792206244,
      0,
      0.013810621761327798,
      0.08741009733211415,
      0,
      0,
      0
    ],
    "currentBinShare": 0.06087054739589296
  },
  "ttm15": {
    "squeeze": false,
    "release": false,
    "widthPct": 4.2814498720951635
  },
  "marketCorrelation": {
    "hourly": {
      "btcCorrelation": 0,
      "ethCorrelation": 0,
      "btcBeta": 1,
      "ethBeta": 1,
      "btcTrend": "UNKNOWN",
      "ethTrend": "UNKNOWN",
      "tokenVol": 0,
      "btcVol": 0,
      "ethVol": 0,
      "marketDependence": 0,
      "verdict": "INSUFFICIENT_DATA"
    },
    "min15": {
      "btcCorrelation": 0,
      "ethCorrelation": 0,
      "btcBeta": 1,
      "ethBeta": 1,
      "btcTrend": "UNKNOWN",
      "ethTrend": "UNKNOWN",
      "tokenVol": 0,
      "btcVol": 0,
      "ethVol": 0,
      "marketDependence": 0,
      "verdict": "INSUFFICIENT_DATA"
    },
    "daily": {
      "btcCorrelation": 0,
      "ethCorrelation": 0,
      "btcBeta": 1,
      "ethBeta": 1,
      "btcTrend": "UNKNOWN",
      "ethTrend": "UNKNOWN",
      "tokenVol": 0,
      "btcVol": 0,
      "ethVol": 0,
      "marketDependence": 0,
      "verdict": "INSUFFICIENT_DATA"
    }
  },
  "tradeTape": {
    "totalTrades": 0,
    "totalVolume": 0,
    "buysVolume": 0,
    "sellsVolume": 0,
    "buySellRatio": 0.5,
    "vwap": 0,
    "signedVolume": 0,
    "avgTradeSize": 0,
    "tradesPerSec": 0,
    "cumulativeDelta": 0,
    "tradesLast1m": 0,
    "tradesLast5m": 0,
    "tradesLast15m": 0,
    "tradesLast1h": 0,
    "buyVWAP": 0,
    "sellVWAP": 0,
    "aggressorVWAP": 0,
    "bucketDurationMs": 60000,
    "bucketCount": 15,
    "bucketSignedVolumes": [],
    "bucketVolumes": [],
    "bucketVWAPs": [],
    "latestBucketSignedZ": 0
  },
  "enhancedMetrics": {
    "relativeVolumeZScore": -1,
    "volumePercentile": 40,
    "atrPercentile": 47.81021897810219,
    "volatilityPercentile": 50.63291139240506,
    "relativeVolatilityRatio": 1.055887640380856,
    "isHighVolume": false,
    "isHighVolatility": false,
    "isLowVolatility": false,
    "isExpandingVolatility": false,
    "isContractingVolatility": false
  },
  "orderBook": {
    "bidAskSpread": 0,
    "spreadPct": 0,
    "midPrice": 0,
    "bestBid": 0,
    "bestAsk": 0,
    "bidDepth": 0,
    "askDepth": 0,
    "orderBookImbalance": 0,
    "liquidityScore": 0,
    "depthAt1Pct": {
      "bidVolume": 0,
      "askVolume": 0,
      "imbalance": 0
    },
    "depthAt2Pct": {
      "bidVolume": 0,
      "askVolume": 0,
      "imbalance": 0
    },
    "depthAt5Pct": {
      "bidVolume": 0,
      "askVolume": 0,
      "imbalance": 0
    },
    "weightedMidPrice": 0,
    "volumeWeightedSpread": 0,
    "totalBidLevels": 0,
    "totalAskLevels": 0
  },
  "marketCap": {
    "marketCap": 0,
    "totalVolume24h": 0,
    "volumeToMarketCapRatio": 0,
    "marketCapRank": 0,
    "normalizedRank": 0,
    "isHighLiquidity": false,
    "isVeryHighLiquidity": false,
    "isLowLiquidity": true,
    "liquidityTier": "VERY_LOW"
  },
  "sweeps": {
    "sweepScore": 0,
    "sweepCount": 0,
    "sweepDirection": "NEUTRAL",
    "buySweeps": 0,
    "sellSweeps": 0,
    "avgSweepSize": 0,
    "avgSweepIntensity": 0,
    "bidLiftRatio": 0,
    "askLiftRatio": 0,
    "sweepFrequency": 0,
    "largestSweep": null,
    "recentSweepClusters": 0,
    "sweepDetails": []
  },
  "absorption": {
    "absorptionScore": 0,
    "absorptionLevel": null,
    "absorptionSide": "NONE",
    "icebergProbability": 0,
    "hiddenLiquidityEstimate": 0,
    "volumeAtPrice": {},
    "topAbsorptionLevels": [],
    "persistenceDuration": 0,
    "refillDetected": false
  },
  "orderArrival": {
    "avgInterArrivalTime": 0,
    "recentInterArrivalTime": 0,
    "accelerationRatio": 1,
    "hawkesIntensity": 0,
    "hawkesDirection": "NEUTRAL",
    "clusteringScore": 0,
    "burstCount": 0,
    "cascadeDetected": false,
    "timeToNextTrade": 0,
    "accelerationTrend": "STABLE"
  },
  "liquidityVacuum": {
    "vacuumScore": 0,
    "vacuumSide": "NONE",
    "bidVacuumSeverity": 0,
    "askVacuumSeverity": 0,
    "depthConcentration": 0,
    "priceImpact10k": 0,
    "priceImpact50k": 0,
    "priceImpact100k": 0,
    "largestGapBid": 0,
    "largestGapAsk": 0,
    "avgGapBid": 0,
    "avgGapAsk": 0,
    "bidCliffDistance": 0,
    "askCliffDistance": 0
  },
  "volatilityRegime": {
    "regime": "LOW",
    "regimeScore": -1,
    "currentATR": 0.016698,
    "avgATR": 0.025671,
    "atrPercentile": 1.3,
    "realizedVolatility": 196.6,
    "volPercentile": 5.1,
    "expanding": false,
    "contracting": false,
    "transitionProbability": 0,
    "daysInRegime": 3,
    "regimeStrength": 1.68
  },
  "temporalPatterns": {
    "currentHour": 17,
    "currentDay": 0,
    "currentDayName": "Sunday",
    "dayBias": "NEUTRAL",
    "hourlyProfile": [
      {
        "avgVolume": 377108.11,
        "avgATR": 0.003921,
        "avgReturn": -0.609
      },
      {
        "avgVolume": 336182,
        "avgATR": 0.003633,
        "avgReturn": 0.837
      },
      {
        "avgVolume": 497582.75,
        "avgATR": 0.004354,
        "avgReturn": 0.071
      },
      {
        "avgVolume": 254412.54,
        "avgATR": 0.003243,
        "avgReturn": -0.13
      },
      {
        "avgVolume": 273169.08,
        "avgATR": 0.003364,
        "avgReturn": -0.528
      },
      {
        "avgVolume": 169978.67,
        "avgATR": 0.00271,
        "avgReturn": -0.532
      },
      {
        "avgVolume": 151687.64,
        "avgATR": 0.002311,
        "avgReturn": 0.203
      },
      {
        "avgVolume": 124382.62,
        "avgATR": 0.002729,
        "avgReturn": 0.242
      },
      {
        "avgVolume": 151413.49,
        "avgATR": 0.003255,
        "avgReturn": -0.938
      },
      {
        "avgVolume": 98290.67,
        "avgATR": 0.002169,
        "avgReturn": 0.018
      },
      {
        "avgVolume": 147125.92,
        "avgATR": 0.002498,
        "avgReturn": 0.421
      },
      {
        "avgVolume": 238220.2,
        "avgATR": 0.003375,
        "avgReturn": 0.526
      },
      {
        "avgVolume": 303523.7,
        "avgATR": 0.003234,
        "avgReturn": 0.322
      },
      {
        "avgVolume": 472207.77,
        "avgATR": 0.004145,
        "avgReturn": -0.785
      },
      {
        "avgVolume": 358718.44,
        "avgATR": 0.004037,
        "avgReturn": -0.022
      },
      {
        "avgVolume": 561025.12,
        "avgATR": 0.004702,
        "avgReturn": 0.639
      },
      {
        "avgVolume": 371234.72,
        "avgATR": 0.004148,
        "avgReturn": -0.682
      },
      {
        "avgVolume": 427860.99,
        "avgATR": 0.003883,
        "avgReturn": -0.313
      },
      {
        "avgVolume": 343085.85,
        "avgATR": 0.003061,
        "avgReturn": -0.006
      },
      {
        "avgVolume": 365071.31,
        "avgATR": 0.003288,
        "avgReturn": -0.297
      },
      {
        "avgVolume": 355764.64,
        "avgATR": 0.003676,
        "avgReturn": 0.256
      },
      {
        "avgVolume": 387612.29,
        "avgATR": 0.003846,
        "avgReturn": -0.422
      },
      {
        "avgVolume": 158216.16,
        "avgATR": 0.002979,
        "avgReturn": 0.243
      },
      {
        "avgVolume": 230587.24,
        "avgATR": 0.002978,
        "avgReturn": 0.145
      }
    ],
    "dailyProfile": [
      {
        "avgVolume": 269618.24,
        "avgATR": 0.003991,
        "avgReturn": -0.166
      },
      {
        "avgVolume": 261654.08,
        "avgATR": 0.003361,
        "avgReturn": -0.113
      },
      {
        "avgVolume": 219375.37,
        "avgATR": 0.003135,
        "avgReturn": -0.033
      },
      {
        "avgVolume": 221205.63,
        "avgATR": 0.002624,
        "avgReturn": -0.334
      },
      {
        "avgVolume": 613481.83,
        "avgATR": 0.004849,
        "avgReturn": 0.266
      },
      {
        "avgVolume": 253599.89,
        "avgATR": 0.002818,
        "avgReturn": -0.165
      },
      {
        "avgVolume": 245156.39,
        "avgATR": 0.002979,
        "avgReturn": 0.171
      }
    ],
    "favorableHours": [
      15,
      2,
      13,
      17,
      21,
      0
    ],
    "favorableWindow": true,
    "currentVsAvgVolume": 0,
    "currentVsAvgVolatility": 0,
    "anomalyDetected": true,
    "timeUntilFavorable": null,
    "temporalScore": 0.5
  },
  "unifiedMicrostructure": {
    "signalDirections": {
      "vpin": "NEUTRAL",
      "sweeps": "NEUTRAL",
      "absorption": "NEUTRAL",
      "arrival": "NEUTRAL",
      "vacuum": "NONE",
      "volRegime": "FAVORABLE",
      "temporal": "FAVORABLE"
    },
    "consensusDirection": "BULLISH",
    "consensusStrength": 100,
    "bullishSignals": 2,
    "bearishSignals": 0,
    "neutralSignals": 0,
    "totalAvailableSignals": 2,
    "dominantPattern": "NONE",
    "clusters": {
      "strongBuyCluster": false,
      "distributionPattern": false,
      "accumulationPattern": false,
      "momentumCascade": false
    },
    "adaptiveWeights": {
      "vpin": 0,
      "sweeps": 0,
      "absorption": 0,
      "arrival": 0,
      "vacuum": 0,
      "volRegime": 0.03,
      "temporal": 0.02
    },
    "convictionLevel": "HIGH",
    "convictionScore": 100,
    "riskAdjustment": "INCREASE",
    "timingQuality": "FAVORABLE",
    "signalQuality": "LOW"
  },
  "deltaAnalysis": {
    "currentDelta": 0,
    "cumulativeDelta": 0,
    "deltaPerVolume": 0,
    "deltaDirection": "NEUTRAL",
    "deltaDivergence": false,
    "institutionalRatio": 0,
    "aggressionScore": 0
  },
  "volumeProfile": {
    "pointOfControl": 0,
    "valueAreaHigh": 0,
    "valueAreaLow": 0,
    "currentPosition": "ABOVE_VALUE_AREA",
    "volumeNodes": [],
    "airPockets": []
  },
  "momentumCascade": {
    "cascadeDetected": false,
    "alignmentScore": -0.005012142664111397,
    "cascadeStrength": 0,
    "acceleratingTimeframes": [],
    "divergingTimeframes": [
      "1m",
      "5m",
      "15m",
      "1h"
    ]
  },
  "breakoutConfirmation": {
    "breakoutConfirmed": false,
    "volumeConfirmation": false,
    "retestStrength": 0,
    "falseBreakoutRisk": 0,
    "breakoutQuality": "NO_BREAKOUT"
  },
  "liquidityHeatmap": {
    "liquidityScore": 0,
    "magnetDirection": "NONE",
    "magnetStrength": 0,
    "priceTarget5pct": null,
    "message": "No order book data"
  },
  "smartMoneyDivergence": {
    "divergenceDetected": false,
    "divergenceDirection": "NONE",
    "smartMoneyScore": 0.5,
    "message": "Insufficient trade data"
  },
  "microstructure": {
    "raw": -0.02343296682989929,
    "pct": 50,
    "summary": {
      "latestBucketSignedZ": 0,
      "buySellRatio": 0.5,
      "tradesPerSec": 0,
      "vwap": 0,
      "aggressorVWAP": 0,
      "vpinToxicity": "UNKNOWN",
      "sweepDirection": "NEUTRAL",
      "absorptionSide": "NONE",
      "icebergDetected": false,
      "hawkesDirection": "NEUTRAL",
      "cascadeDetected": false,
      "vacuumSide": "NONE",
      "volatilityRegime": "LOW",
      "volExpanding": false,
      "favorableTimeWindow": true,
      "temporalAnomaly": true,
      "consensusDirection": "BULLISH",
      "consensusStrength": 100,
      "dominantPattern": "NONE",
      "convictionLevel": "HIGH",
      "riskAdjustment": "INCREASE",
      "timingQuality": "FAVORABLE",
      "deltaDirection": "NEUTRAL",
      "deltaDivergence": false,
      "institutionalRatio": 0,
      "volumeProfilePosition": "ABOVE_VALUE_AREA",
      "pointOfControl": 0,
      "momentumCascadeDetected": false,
      "cascadeStrength": 0,
      "breakoutQuality": "NO_BREAKOUT",
      "breakoutConfirmed": false,
      "magnetDirection": "NONE",
      "magnetStrength": 0,
      "priceTarget5pct": null,
      "nearestBidWall": 0,
      "nearestAskWall": 0,
      "divergenceDetected": false,
      "divergenceDirection": "NONE",
      "whaleAccumulation": false,
      "whaleDistribution": false,
      "retailPanic": false,
      "smartMoneyScore": 0.5
    }
  }
}

=== MICROSTRUCTURE ALERTS ===

🔬 VPIN: Insufficient data for VPIN analysis

🌊 SWEEP DETECTION: No significant sweeps detected

🧊 ABSORPTION & ICEBERG: No significant absorption or iceberg orders detected

⚡ ORDER ARRIVAL DYNAMICS: Insufficient trades for analysis

🌪️ LIQUIDITY VACUUM: No significant vacuum detected

📊 VOLATILITY REGIME DETECTION:
   Current Regime: LOW
   Regime Score: -1.00 (-1=low vol, +1=extreme vol)
   Days in Regime: 3
   ATR: $0.016698 (avg: $0.025671)
   ATR Percentile: 1.3%
   Realized Volatility: 196.60% (annualized)
   Vol Percentile: 5.1%

   🔵 LOW VOLATILITY REGIME:
   ✅ Ideal for breakout setups - price coiling
   ✅ Tight stops recommended
   ✅ Can increase position size (lower risk)

⏰ TEMPORAL PATTERN ANALYSIS:
   Current Time: Sunday 17:00 UTC
   Day Bias: NEUTRAL
   Current vs Avg Volume: 0x
   Current vs Avg Volatility: 0x

   ✅ FAVORABLE TIME WINDOW:
   This hour historically shows strong volume and positive returns
   GOOD time to trade - patterns favor entry

   ⚠️ LOW ACTIVITY ANOMALY:
   Volume 0x below typical - Extremely quiet

   📉 LOW VOLATILITY ANOMALY:
   Volatility 0x below typical - Consolidation likely

   🔥 Best Trading Hours (UTC): 15:00, 2:00, 13:00

🎯 UNIFIED MICROSTRUCTURE INTEGRATION:
   Signal Consensus: BULLISH (100% agreement)
   Available Signals: 2 (2 bullish / 0 bearish / 0 neutral)
   Conviction Level: HIGH (100%)
   Signal Quality: LOW
   Risk Adjustment: INCREASE
   Timing Quality: FAVORABLE

   ✅ HIGH CONVICTION: 100% of signals agree on direction
   Strong institutional alignment - Follow the smart money

   💰 RISK INCREASE OPPORTUNITY: Low vol + Favorable timing = Lower risk

   ⏰ FAVORABLE TIMING: Good time window for trading

   Signal Directions Breakdown:
   • VPIN: NEUTRAL
   • Sweeps: NEUTRAL
   • Absorption: NEUTRAL
   • Arrival Dynamics: NEUTRAL
   • Liquidity Vacuum: NONE
   • Vol Regime: FAVORABLE
   • Temporal: FAVORABLE

   Adaptive Weights (Total: 5.0%):
   • VPIN: 0.0%
   • Sweeps: 0.0%
   • Absorption: 0.0%
   • Arrival: 0.0%
   • Vacuum: 0.0%
   • Vol Regime: 3.0%
   • Temporal: 2.0%


💹 DELTA ANALYSIS (Order Flow Aggression):
   Direction: NEUTRAL
   Delta Per Volume: 0.00%
   Institutional Ratio: 0.0%
   Aggression Score: 0.0%

📊 VOLUME PROFILE (Support/Resistance Strength):
   Point of Control (POC): $0.000000
   Value Area High: $0.000000
   Value Area Low: $0.000000
   Current Position: ABOVE_VALUE_AREA
   ⚠️ DISTRIBUTION RISK: Price above value area - potential rejection zone

⚡ MOMENTUM CASCADE (Multi-Timeframe Alignment):
   Cascade Detected: NO
   Alignment Score: -0.5%
   Cascade Strength: 0.0%
   Accelerating: None
   Diverging: 1m, 5m, 15m, 1h

💥 BREAKOUT CONFIRMATION:
   Quality: NO_BREAKOUT
   Volume Confirmation: NO
   Retest Strength: 0.0%
   False Breakout Risk: 0.0%
   No breakout detected - price below resistance


levels:
Entry=0.12765418, StopLoss=0.1244628255, TakeProfit=0.12826919750000002, 0.128884215, 0.129376229

---

=== Token: ELA (ELA) ===
Contract: ELA-USD
Timestamp: 2025-12-20T15:00:00.000Z

Calculations:
{
  "momentumScore": 47.69658403859056,
  "volumeScore": 0.16293074996335108,
  "patternScore": 0.005777104943810205,
  "totalScore": 10.607352589465982,
  "finalScore": 24,
  "weights": "0.23,0.45,0.23",
  "hourlyUptrend": false,
  "rsi": 46.87499999999998,
  "ultraShortVolumeSurge": 0.5667330220440514,
  "baseVolumeSurge": 0.02600101388473429,
  "currentPrice": 1.205,
  "resistance": 1.212,
  "support": 1.2,
  "rocMin5": 0.0016625103906899431,
  "shortROC": -0.0008291873963514842,
  "priceAcceleration": 0.00041718217542496025,
  "buySellRatio": 0.2693233927474949,
  "macdHistogram": -0.00002432390241770277,
  "stochasticK": 41.66666666666759,
  "atr": 0.0038571428571428606,
  "bbUpper": 1.209363595560469,
  "bbLower": 1.199236404439531,
  "hammerDetected": false,
  "engulfingDetected": false,
  "compressionSpring": {
    "detected": true,
    "confidence": 44,
    "signals": {
      "sidewaysPrice": true,
      "atrCompression": false,
      "bbSqueeze": true,
      "consolidationTime": true,
      "strongBuying": false,
      "obvPositive": false,
      "chaikinPositive": false,
      "rsiNeutral": true,
      "volumeBuilding": false
    },
    "metrics": {
      "priceRange": 1,
      "atrRatio": 0.9,
      "bbWidth": 0.84,
      "volumeRatio": 0.56,
      "signalCount": 4,
      "buySellRatio": 0.269
    }
  },
  "riskTier": "LOW",
  "atrPercent": 0.34380557202133993,
  "distanceToResistance": 0.5809128630705307,
  "slPercent": 2.5,
  "tpPercent": 0.29045643153527634,
  "trailingActivation": 0.1742738589211658,
  "shortMomentumScore": 60,
  "overboughtScore": 0,
  "shortPatternScore": 0,
  "shootingStarDetected": false,
  "bearishEngulfingDetected": false,
  "eveningStarDetected": false,
  "bearishPatternsCount": 0,
  "shortTotalScore": 24,
  "chaikin": -0.5042314924027752,
  "obvIncreasing": false,
  "obvTrend": "declining",
  "adx": 28.20512820512914,
  "recentCandles": {
    "redCount": 4,
    "greenCount": 6
  },
  "resistanceDistance": 0.5809128630705307,
  "multiplePatterns": false,
  "bullishPattern": false,
  "priceAboveVWAP": true,
  "breakingResistance": true,
  "atrSufficient": false,
  "macdDivergenceBearish": true,
  "rvolMin1": -0.2810340218423579,
  "rvolMin5": -0.3147289895706373,
  "atrPercentileOld": 0.10975609756097561,
  "vwapDeviation": 0.715588338836273,
  "bbWidthPercent": 0.8409192992558301,
  "bbSqueeze": true,
  "multiTFMomentum": {
    "min1": {
      "roc1": -0.0008291873963514842,
      "roc3": 0.003330557868442967
    },
    "min5": {
      "roc1": -0.0008291873963514842,
      "roc3": 0.003330557868442967
    },
    "min15": {
      "roc1": -0.0008291873963514842,
      "roc3": 0.003330557868442967
    },
    "hourly": {
      "roc1": 0,
      "roc3": -0.0008326394671108342
    },
    "fourHour": {
      "roc1": -0.006622516556291397,
      "roc3": -0.002493765586035007
    },
    "divergenceShortUpLongDown": false
  },
  "returnZMin5": -0.22678426578517677,
  "wickClosePct": 1,
  "wickUpper": 0,
  "wickLower": 0.001000000000000112,
  "wickRatio": 0.25000000000002776,
  "donchianBreakout15": false,
  "bbWidthPercentile15": 0.025974025974025976,
  "signedMin5": 2936.389999999999,
  "signedMin5Z": 3.171349237230379,
  "signedMin1": -1424.8300000000004,
  "signedMin1Z": -3.161238111481292,
  "streakMin1": {
    "upStreak": 1,
    "downStreak": 0
  },
  "streakMin5": {
    "upStreak": 1,
    "downStreak": 0
  },
  "rvolPercentileMin1": 0.5235069885641678,
  "rvolPercentileMin5": 0.4930555555555556,
  "perTfMetrics": {
    "min1": {
      "sma20": 1.2046000000000003,
      "sma50": 1.2059200000000003,
      "ema20": 1.2042248101152522,
      "ema50": 1.2040952399339595,
      "vwma20": 1.204074464425332,
      "hma21": 1.203437229437229,
      "atr14": 0.003642857142857154,
      "atrPercentile": 0.07632600258732213,
      "rvolZ": -0.2810340218423579,
      "rvolPercentile": 0.5235069885641678,
      "mfi14": 59.16350741241768,
      "ppo": {
        "ppo": -0.0248602432298065,
        "signal": -0.03235894286491238,
        "histogram": 0.007498699635105879
      },
      "stochRsi": {
        "k": 100,
        "d": 50.59475059475056
      },
      "vprofile": {
        "vpBins": [
          0.006871841120148829,
          0.01614726124198813,
          0.05615522618555321,
          0.019871406520303406,
          0.06446485238665646,
          0.08424708358872936,
          0.0884461875919296,
          0.0031322645055673736,
          0.06911176189804248,
          0.02905943186271215,
          0.05996543083919909,
          0.10727894647893259,
          0.05253212648413473,
          0.0726065144276317,
          0.10291469750203762,
          0.05263747502979805,
          0.09950526245661233,
          0.007632279565958056,
          0.007419950314064787,
          0
        ],
        "currentBinShare": 0.0726065144276317
      },
      "ttm": {
        "squeeze": false,
        "release": false,
        "widthPct": 0.7955602557337481
      }
    },
    "min5": {
      "sma20": 1.2041,
      "sma50": 1.2054800000000006,
      "ema20": 1.2042385742762978,
      "ema50": 1.2030054089714357,
      "vwma20": 1.2036993529762148,
      "hma21": 1.2047272727272726,
      "atr14": 0.0038571428571428606,
      "atrPercentile": 0.09124087591240876,
      "rvolZ": -0.3147289895706373,
      "rvolPercentile": 0.4930555555555556,
      "mfi14": 37.8001723700162,
      "ppo": {
        "ppo": -0.008214586602124742,
        "signal": -0.008956348275918489,
        "histogram": 0.000741761673793747
      },
      "stochRsi": {
        "k": 26.453488372092583,
        "d": 46.07162309368189
      },
      "vprofile": {
        "vpBins": [
          0.0059515939283475705,
          0.018564505553467215,
          0.02709709779273765,
          0.0550123352721093,
          0.06806376164653208,
          0.06731850092260706,
          0.03397648829897794,
          0.0034906315560042124,
          0.11217911257340357,
          0.048021821270097576,
          0.05660642156170368,
          0.14378917808324268,
          0.10296556457730427,
          0.050718794153257016,
          0.07838843178461403,
          0.05047409683109637,
          0.07738166419449795,
          0,
          0,
          0
        ],
        "currentBinShare": 0.050718794153257016
      },
      "ttm": {
        "squeeze": false,
        "release": false,
        "widthPct": 0.8462911188676784
      }
    },
    "min15": {
      "sma20": 1.2043,
      "sma50": 1.2038000000000004,
      "ema20": 1.2042265326163943,
      "ema50": 1.2012805634057862,
      "vwma20": 1.203817564735653,
      "hma21": 1.2043939393939391,
      "atr14": 0.004142857142857147,
      "atrPercentile": 0.10975609756097561,
      "rvolZ": -0.22468447623780324,
      "rvolPercentile": 0.5729166666666666,
      "mfi14": 34.83096673659831,
      "ppo": {
        "ppo": 0.02283297497773669,
        "signal": 0.042056944909167476,
        "histogram": -0.019223969931430787
      },
      "stochRsi": {
        "k": 9.431500465984728,
        "d": 49.33504933504937
      },
      "vprofile": {
        "vpBins": [
          0.045553411343881293,
          0.054286101190114344,
          0.012772756372228624,
          0.017123065126132334,
          0.030718382648571442,
          0.10591355226093215,
          0.03760827558565557,
          0,
          0.03968060981883112,
          0.02701182651757711,
          0.029302797672177104,
          0.20352519020154425,
          0.031074741964411866,
          0.10588085105312564,
          0.11737826032089949,
          0.13599530947291105,
          0.006174868451006674,
          0,
          0,
          0
        ],
        "currentBinShare": 0.10588085105312564
      },
      "ttm": {
        "squeeze": false,
        "release": false,
        "widthPct": 0.8409192992558301
      }
    },
    "hourly": {
      "sma20": 1.20445,
      "sma50": 1.1943400000000006,
      "ema20": 1.2020196026532284,
      "ema50": 1.1981370369755824,
      "vwma20": 1.2077548514095784,
      "hma21": 1.2033593073593076,
      "atr14": 0.005500000000000028,
      "atrPercentile": 0.003105590062111801,
      "rvolZ": -0.418062510748572,
      "rvolPercentile": 0.008928571428571428,
      "mfi14": 23.883670674825623,
      "ppo": {
        "ppo": 0.13858126665107118,
        "signal": 0.24486060956172936,
        "histogram": -0.10627934291065819
      },
      "stochRsi": {
        "k": 0,
        "d": 45.39806718821899
      },
      "vprofile": {
        "vpBins": [
          0.062259115221894,
          0.13237008768306266,
          0.20703418091859066,
          0.1698963941448028,
          0.0821146031628282,
          0.016561692934958162,
          0.0168115088958665,
          0.13573477749790297,
          0.08649086004559979,
          0,
          0,
          0.09072677949449441,
          0,
          0,
          0,
          0,
          0,
          0,
          0,
          0
        ],
        "currentBinShare": 0.20703418091859066
      },
      "ttm": {
        "squeeze": true,
        "release": false,
        "widthPct": 1.2447173287000857
      }
    },
    "fourHour": {
      "sma20": 1.19185,
      "sma50": 1.19958,
      "ema20": 1.197542756014526,
      "ema50": 1.2025973230127827,
      "vwma20": 1.191849460474317,
      "hma21": 1.196316017316017,
      "atr14": 0.02121428571428574,
      "atrPercentile": 0.02857142857142857,
      "rvolZ": -0.6207691548623983,
      "rvolPercentile": 0.023809523809523808,
      "mfi14": 54.37524879556221,
      "ppo": {
        "ppo": 0.022898354364113038,
        "signal": -0.18307319343782108,
        "histogram": 0.2059715478019341
      },
      "stochRsi": {
        "k": 100,
        "d": 58.298171589310805
      },
      "vprofile": {
        "vpBins": [
          0.03630889033612574,
          0.07185928446263443,
          0.19029739690875166,
          0.12088073469237347,
          0.14889724567038748,
          0.23333826311593114,
          0.018905509974437483,
          0.10628681720687132,
          0.07322585763248736,
          0,
          0,
          0,
          0,
          0,
          0,
          0,
          0,
          0,
          0,
          0
        ],
        "currentBinShare": 0.19029739690875166
      },
      "ttm": {
        "squeeze": false,
        "release": false,
        "widthPct": 4.2376004737454425
      }
    },
    "daily": {
      "sma20": 1.2067999999999999,
      "sma50": 1.26748,
      "ema20": 1.2174233572301636,
      "ema50": 1.3053404447190393,
      "vwma20": 0,
      "hma21": 1.1938354978354977,
      "atr14": 0.07392857142857147,
      "atrPercentile": 0.05263157894736842,
      "rvolZ": 0,
      "rvolPercentile": 1,
      "mfi14": 50,
      "ppo": {
        "ppo": -2.090480961392874,
        "signal": -2.4983455183023766,
        "histogram": 0.4078645569095025
      },
      "stochRsi": {
        "k": 78.25881481849171,
        "d": 47.803639247981714
      },
      "vprofile": {
        "vpBins": [
          0,
          0,
          0,
          0,
          0,
          0,
          0,
          0,
          0,
          0,
          0,
          0,
          0,
          0,
          0,
          0,
          0,
          0,
          0,
          0
        ],
        "currentBinShare": 0
      },
      "ttm": {
        "squeeze": true,
        "release": false,
        "widthPct": 9.722205470360139
      }
    }
  },
  "smaMin5": 1.2041,
  "emaMin5": 1.2042385742762978,
  "vwmaMin5": 1.2036993529762148,
  "hmaMin5": 1.2047272727272726,
  "keltner15": {
    "upper": 1.2108265326163943,
    "middle": 1.2042265326163943,
    "lower": 1.1976265326163944
  },
  "superTrend15": {
    "isBull": true,
    "finalUpper": 1.2157000000000002,
    "finalLower": 1.1893
  },
  "mfi15": 34.83096673659831,
  "stochRsi15": {
    "k": 9.431500465984728,
    "d": 49.33504933504937
  },
  "ppo15": {
    "ppo": 0.02283297497773669,
    "signal": 0.042056944909167476,
    "histogram": -0.019223969931430787
  },
  "vpMin15": {
    "vpBins": [
      0.045553411343881293,
      0.054286101190114344,
      0.012772756372228624,
      0.017123065126132334,
      0.030718382648571442,
      0.10591355226093215,
      0.03760827558565557,
      0,
      0.03968060981883112,
      0.02701182651757711,
      0.029302797672177104,
      0.20352519020154425,
      0.031074741964411866,
      0.10588085105312564,
      0.11737826032089949,
      0.13599530947291105,
      0.006174868451006674,
      0,
      0,
      0
    ],
    "currentBinShare": 0.10588085105312564
  },
  "ttm15": {
    "squeeze": false,
    "release": false,
    "widthPct": 0.8409192992558301
  },
  "marketCorrelation": {
    "hourly": {
      "btcCorrelation": 0,
      "ethCorrelation": 0,
      "btcBeta": 1,
      "ethBeta": 1,
      "btcTrend": "UNKNOWN",
      "ethTrend": "UNKNOWN",
      "tokenVol": 0,
      "btcVol": 0,
      "ethVol": 0,
      "marketDependence": 0,
      "verdict": "INSUFFICIENT_DATA"
    },
    "min15": {
      "btcCorrelation": 0,
      "ethCorrelation": 0,
      "btcBeta": 1,
      "ethBeta": 1,
      "btcTrend": "UNKNOWN",
      "ethTrend": "UNKNOWN",
      "tokenVol": 0,
      "btcVol": 0,
      "ethVol": 0,
      "marketDependence": 0,
      "verdict": "INSUFFICIENT_DATA"
    },
    "daily": {
      "btcCorrelation": 0,
      "ethCorrelation": 0,
      "btcBeta": 1,
      "ethBeta": 1,
      "btcTrend": "UNKNOWN",
      "ethTrend": "UNKNOWN",
      "tokenVol": 0,
      "btcVol": 0,
      "ethVol": 0,
      "marketDependence": 0,
      "verdict": "INSUFFICIENT_DATA"
    }
  },
  "tradeTape": {
    "totalTrades": 0,
    "totalVolume": 0,
    "buysVolume": 0,
    "sellsVolume": 0,
    "buySellRatio": 0.5,
    "vwap": 0,
    "signedVolume": 0,
    "avgTradeSize": 0,
    "tradesPerSec": 0,
    "cumulativeDelta": 0,
    "tradesLast1m": 0,
    "tradesLast5m": 0,
    "tradesLast15m": 0,
    "tradesLast1h": 0,
    "buyVWAP": 0,
    "sellVWAP": 0,
    "aggressorVWAP": 0,
    "bucketDurationMs": 60000,
    "bucketCount": 15,
    "bucketSignedVolumes": [],
    "bucketVolumes": [],
    "bucketVWAPs": [],
    "latestBucketSignedZ": 0
  },
  "enhancedMetrics": {
    "relativeVolumeZScore": -1,
    "volumePercentile": 40,
    "atrPercentile": 9.854014598540147,
    "volatilityPercentile": 2.5316455696202533,
    "relativeVolatilityRatio": 0.7611154193956956,
    "isHighVolume": false,
    "isHighVolatility": false,
    "isLowVolatility": true,
    "isExpandingVolatility": false,
    "isContractingVolatility": true
  },
  "orderBook": {
    "bidAskSpread": 0,
    "spreadPct": 0,
    "midPrice": 0,
    "bestBid": 0,
    "bestAsk": 0,
    "bidDepth": 0,
    "askDepth": 0,
    "orderBookImbalance": 0,
    "liquidityScore": 0,
    "depthAt1Pct": {
      "bidVolume": 0,
      "askVolume": 0,
      "imbalance": 0
    },
    "depthAt2Pct": {
      "bidVolume": 0,
      "askVolume": 0,
      "imbalance": 0
    },
    "depthAt5Pct": {
      "bidVolume": 0,
      "askVolume": 0,
      "imbalance": 0
    },
    "weightedMidPrice": 0,
    "volumeWeightedSpread": 0,
    "totalBidLevels": 0,
    "totalAskLevels": 0
  },
  "marketCap": {
    "marketCap": 0,
    "totalVolume24h": 0,
    "volumeToMarketCapRatio": 0,
    "marketCapRank": 0,
    "normalizedRank": 0,
    "isHighLiquidity": false,
    "isVeryHighLiquidity": false,
    "isLowLiquidity": true,
    "liquidityTier": "VERY_LOW"
  },
  "sweeps": {
    "sweepScore": 0,
    "sweepCount": 0,
    "sweepDirection": "NEUTRAL",
    "buySweeps": 0,
    "sellSweeps": 0,
    "avgSweepSize": 0,
    "avgSweepIntensity": 0,
    "bidLiftRatio": 0,
    "askLiftRatio": 0,
    "sweepFrequency": 0,
    "largestSweep": null,
    "recentSweepClusters": 0,
    "sweepDetails": []
  },
  "absorption": {
    "absorptionScore": 0,
    "absorptionLevel": null,
    "absorptionSide": "NONE",
    "icebergProbability": 0,
    "hiddenLiquidityEstimate": 0,
    "volumeAtPrice": {},
    "topAbsorptionLevels": [],
    "persistenceDuration": 0,
    "refillDetected": false
  },
  "orderArrival": {
    "avgInterArrivalTime": 0,
    "recentInterArrivalTime": 0,
    "accelerationRatio": 1,
    "hawkesIntensity": 0,
    "hawkesDirection": "NEUTRAL",
    "clusteringScore": 0,
    "burstCount": 0,
    "cascadeDetected": false,
    "timeToNextTrade": 0,
    "accelerationTrend": "STABLE"
  },
  "liquidityVacuum": {
    "vacuumScore": 0,
    "vacuumSide": "NONE",
    "bidVacuumSeverity": 0,
    "askVacuumSeverity": 0,
    "depthConcentration": 0,
    "priceImpact10k": 0,
    "priceImpact50k": 0,
    "priceImpact100k": 0,
    "largestGapBid": 0,
    "largestGapAsk": 0,
    "avgGapBid": 0,
    "avgGapAsk": 0,
    "bidCliffDistance": 0,
    "askCliffDistance": 0
  },
  "volatilityRegime": {
    "regime": "LOW",
    "regimeScore": -1,
    "currentATR": 0.076769,
    "avgATR": 0.144674,
    "atrPercentile": 7.9,
    "realizedVolatility": 48.88,
    "volPercentile": 0,
    "expanding": false,
    "contracting": true,
    "transitionProbability": 0.4,
    "daysInRegime": 12,
    "regimeStrength": 1.61
  },
  "temporalPatterns": {
    "currentHour": 17,
    "currentDay": 0,
    "currentDayName": "Sunday",
    "dayBias": "NEUTRAL",
    "hourlyProfile": [
      {
        "avgVolume": 2925.02,
        "avgATR": 0.013818,
        "avgReturn": -0.255
      },
      {
        "avgVolume": 5621.24,
        "avgATR": 0.014,
        "avgReturn": 0.194
      },
      {
        "avgVolume": 2616.85,
        "avgATR": 0.009455,
        "avgReturn": 0.101
      },
      {
        "avgVolume": 2302.53,
        "avgATR": 0.0115,
        "avgReturn": 0.031
      },
      {
        "avgVolume": 1171.38,
        "avgATR": 0.009,
        "avgReturn": -0.035
      },
      {
        "avgVolume": 2453.73,
        "avgATR": 0.010545,
        "avgReturn": 0.011
      },
      {
        "avgVolume": 1870.22,
        "avgATR": 0.0112,
        "avgReturn": 0.143
      },
      {
        "avgVolume": 1287.91,
        "avgATR": 0.011667,
        "avgReturn": -0.216
      },
      {
        "avgVolume": 837.46,
        "avgATR": 0.009571,
        "avgReturn": -0.002
      },
      {
        "avgVolume": 2843.12,
        "avgATR": 0.012462,
        "avgReturn": -0.024
      },
      {
        "avgVolume": 1154.99,
        "avgATR": 0.00875,
        "avgReturn": 0.109
      },
      {
        "avgVolume": 3657.79,
        "avgATR": 0.014125,
        "avgReturn": 0.076
      },
      {
        "avgVolume": 2339.64,
        "avgATR": 0.014188,
        "avgReturn": 0.049
      },
      {
        "avgVolume": 1420.91,
        "avgATR": 0.011467,
        "avgReturn": -0.111
      },
      {
        "avgVolume": 2582.6,
        "avgATR": 0.013786,
        "avgReturn": -0.212
      },
      {
        "avgVolume": 2804.69,
        "avgATR": 0.01275,
        "avgReturn": 0.084
      },
      {
        "avgVolume": 3286.03,
        "avgATR": 0.016063,
        "avgReturn": -0.143
      },
      {
        "avgVolume": 3130.38,
        "avgATR": 0.012471,
        "avgReturn": 0.275
      },
      {
        "avgVolume": 4112.01,
        "avgATR": 0.018063,
        "avgReturn": 0.075
      },
      {
        "avgVolume": 3362.84,
        "avgATR": 0.015625,
        "avgReturn": -0.636
      },
      {
        "avgVolume": 1351.37,
        "avgATR": 0.011471,
        "avgReturn": 0.225
      },
      {
        "avgVolume": 5661.44,
        "avgATR": 0.028706,
        "avgReturn": 0.093
      },
      {
        "avgVolume": 5421.76,
        "avgATR": 0.025,
        "avgReturn": 0.15
      },
      {
        "avgVolume": 4787.45,
        "avgATR": 0.018667,
        "avgReturn": -0.25
      }
    ],
    "dailyProfile": [
      {
        "avgVolume": 1236.62,
        "avgATR": 0.009,
        "avgReturn": -0.074
      },
      {
        "avgVolume": 6945.22,
        "avgATR": 0.02775,
        "avgReturn": 0.313
      },
      {
        "avgVolume": 2917.97,
        "avgATR": 0.013849,
        "avgReturn": -0.141
      },
      {
        "avgVolume": 1823.83,
        "avgATR": 0.010582,
        "avgReturn": -0.072
      },
      {
        "avgVolume": 2430.39,
        "avgATR": 0.01288,
        "avgReturn": 0.02
      },
      {
        "avgVolume": 4464.9,
        "avgATR": 0.018698,
        "avgReturn": -0.007
      },
      {
        "avgVolume": 1465.45,
        "avgATR": 0.00949,
        "avgReturn": 0.004
      }
    ],
    "favorableHours": [
      21,
      1,
      22,
      23,
      18,
      11
    ],
    "favorableWindow": false,
    "currentVsAvgVolume": 0,
    "currentVsAvgVolatility": 0,
    "anomalyDetected": true,
    "timeUntilFavorable": 1,
    "temporalScore": 0
  },
  "unifiedMicrostructure": {
    "signalDirections": {
      "vpin": "NEUTRAL",
      "sweeps": "NEUTRAL",
      "absorption": "NEUTRAL",
      "arrival": "NEUTRAL",
      "vacuum": "NONE",
      "volRegime": "FAVORABLE",
      "temporal": "UNFAVORABLE"
    },
    "consensusDirection": "NEUTRAL",
    "consensusStrength": 50,
    "bullishSignals": 1,
    "bearishSignals": 1,
    "neutralSignals": 0,
    "totalAvailableSignals": 2,
    "dominantPattern": "NONE",
    "clusters": {
      "strongBuyCluster": false,
      "distributionPattern": false,
      "accumulationPattern": false,
      "momentumCascade": false
    },
    "adaptiveWeights": {
      "vpin": 0,
      "sweeps": 0,
      "absorption": 0,
      "arrival": 0,
      "vacuum": 0,
      "volRegime": 0.021,
      "temporal": 0.02
    },
    "convictionLevel": "LOW",
    "convictionScore": 30,
    "riskAdjustment": "REDUCE",
    "timingQuality": "UNFAVORABLE",
    "signalQuality": "LOW"
  },
  "deltaAnalysis": {
    "currentDelta": 0,
    "cumulativeDelta": 0,
    "deltaPerVolume": 0,
    "deltaDirection": "NEUTRAL",
    "deltaDivergence": false,
    "institutionalRatio": 0,
    "aggressionScore": 0
  },
  "volumeProfile": {
    "pointOfControl": 0,
    "valueAreaHigh": 0,
    "valueAreaLow": 0,
    "currentPosition": "ABOVE_VALUE_AREA",
    "volumeNodes": [],
    "airPockets": []
  },
  "momentumCascade": {
    "cascadeDetected": false,
    "alignmentScore": -0.0003698994542520608,
    "cascadeStrength": 0,
    "acceleratingTimeframes": [
      "1m"
    ],
    "divergingTimeframes": [
      "5m",
      "15m",
      "1h"
    ]
  },
  "breakoutConfirmation": {
    "breakoutConfirmed": false,
    "volumeConfirmation": false,
    "retestStrength": 0,
    "falseBreakoutRisk": 0,
    "breakoutQuality": "NO_BREAKOUT"
  },
  "liquidityHeatmap": {
    "liquidityScore": 0,
    "magnetDirection": "NONE",
    "magnetStrength": 0,
    "priceTarget5pct": null,
    "message": "No order book data"
  },
  "smartMoneyDivergence": {
    "divergenceDetected": false,
    "divergenceDirection": "NONE",
    "smartMoneyScore": 0.5,
    "message": "Insufficient trade data"
  },
  "microstructure": {
    "raw": -0.01989975053127599,
    "pct": 50,
    "summary": {
      "latestBucketSignedZ": 0,
      "buySellRatio": 0.5,
      "tradesPerSec": 0,
      "vwap": 0,
      "aggressorVWAP": 0,
      "vpinToxicity": "UNKNOWN",
      "sweepDirection": "NEUTRAL",
      "absorptionSide": "NONE",
      "icebergDetected": false,
      "hawkesDirection": "NEUTRAL",
      "cascadeDetected": false,
      "vacuumSide": "NONE",
      "volatilityRegime": "LOW",
      "volExpanding": false,
      "favorableTimeWindow": false,
      "temporalAnomaly": true,
      "consensusDirection": "NEUTRAL",
      "consensusStrength": 50,
      "dominantPattern": "NONE",
      "convictionLevel": "LOW",
      "riskAdjustment": "REDUCE",
      "timingQuality": "UNFAVORABLE",
      "deltaDirection": "NEUTRAL",
      "deltaDivergence": false,
      "institutionalRatio": 0,
      "volumeProfilePosition": "ABOVE_VALUE_AREA",
      "pointOfControl": 0,
      "momentumCascadeDetected": false,
      "cascadeStrength": 0,
      "breakoutQuality": "NO_BREAKOUT",
      "breakoutConfirmed": false,
      "magnetDirection": "NONE",
      "magnetStrength": 0,
      "priceTarget5pct": null,
      "nearestBidWall": 0,
      "nearestAskWall": 0,
      "divergenceDetected": false,
      "divergenceDirection": "NONE",
      "whaleAccumulation": false,
      "whaleDistribution": false,
      "retailPanic": false,
      "smartMoneyScore": 0.5
    }
  }
}

=== MICROSTRUCTURE ALERTS ===

🔬 VPIN: Insufficient data for VPIN analysis

🌊 SWEEP DETECTION: No significant sweeps detected

🧊 ABSORPTION & ICEBERG: No significant absorption or iceberg orders detected

⚡ ORDER ARRIVAL DYNAMICS: Insufficient trades for analysis

🌪️ LIQUIDITY VACUUM: No significant vacuum detected

📊 VOLATILITY REGIME DETECTION:
   Current Regime: LOW
   Regime Score: -1.00 (-1=low vol, +1=extreme vol)
   Days in Regime: 12
   ATR: $0.076769 (avg: $0.144674)
   ATR Percentile: 7.9%
   Realized Volatility: 48.88% (annualized)
   Vol Percentile: 0.0%

   🔵 LOW VOLATILITY REGIME:
   ✅ Ideal for breakout setups - price coiling
   ✅ Tight stops recommended
   ✅ Can increase position size (lower risk)

   📉 VOLATILITY CONTRACTING:
   🔄 Consolidation phase - accumulation likely
   ⏳ Wait for expansion before entering

   📍 MODERATE REGIME TRANSITION PROBABILITY: 40%
   Monitor for potential regime change

   ✅ STABLE REGIME: 12 days - predictable conditions

⏰ TEMPORAL PATTERN ANALYSIS:
   Current Time: Sunday 17:00 UTC
   Day Bias: NEUTRAL
   Current vs Avg Volume: 0x
   Current vs Avg Volatility: 0x

   ⏳ NON-FAVORABLE TIME WINDOW:
   This hour typically shows weaker activity
   Next favorable window in 1 hour(s)

   ⚠️ LOW ACTIVITY ANOMALY:
   Volume 0x below typical - Extremely quiet

   📉 LOW VOLATILITY ANOMALY:
   Volatility 0x below typical - Consolidation likely

   🔥 Best Trading Hours (UTC): 21:00, 1:00, 22:00

🎯 UNIFIED MICROSTRUCTURE INTEGRATION:
   Signal Consensus: NEUTRAL (50% agreement)
   Available Signals: 2 (1 bullish / 1 bearish / 0 neutral)
   Conviction Level: LOW (30%)
   Signal Quality: LOW
   Risk Adjustment: REDUCE
   Timing Quality: UNFAVORABLE

   ⚠️ LOW CONVICTION: Only 50% signal agreement
   Weak alignment - Reduce position size or wait for clarity

   ⚠️ RISK REDUCTION RECOMMENDED: Extreme volatility or unfavorable timing detected

   ⏰ UNFAVORABLE TIMING: Avoid trading during this hour

   Signal Directions Breakdown:
   • VPIN: NEUTRAL
   • Sweeps: NEUTRAL
   • Absorption: NEUTRAL
   • Arrival Dynamics: NEUTRAL
   • Liquidity Vacuum: NONE
   • Vol Regime: FAVORABLE
   • Temporal: UNFAVORABLE

   Adaptive Weights (Total: 4.1%):
   • VPIN: 0.0%
   • Sweeps: 0.0%
   • Absorption: 0.0%
   • Arrival: 0.0%
   • Vacuum: 0.0%
   • Vol Regime: 2.1%
   • Temporal: 2.0%


💹 DELTA ANALYSIS (Order Flow Aggression):
   Direction: NEUTRAL
   Delta Per Volume: 0.00%
   Institutional Ratio: 0.0%
   Aggression Score: 0.0%

📊 VOLUME PROFILE (Support/Resistance Strength):
   Point of Control (POC): $0.000000
   Value Area High: $0.000000
   Value Area Low: $0.000000
   Current Position: ABOVE_VALUE_AREA
   ⚠️ DISTRIBUTION RISK: Price above value area - potential rejection zone

⚡ MOMENTUM CASCADE (Multi-Timeframe Alignment):
   Cascade Detected: NO
   Alignment Score: -0.0%
   Cascade Strength: 0.0%
   Accelerating: 1m
   Diverging: 5m, 15m, 1h

💥 BREAKOUT CONFIRMATION:
   Quality: NO_BREAKOUT
   Volume Confirmation: NO
   Retest Strength: 0.0%
   False Breakout Risk: 0.0%
   No breakout detected - price below resistance


levels:
Entry=1.20741, StopLoss=1.23759525, TakeProfit=1.2060072000000002, 1.203903, 1.2028509

---

=== Token: EDGE (EDGE) ===
Contract: EDGE-USD
Timestamp: 2025-12-20T15:00:00.000Z

Calculations:
{
  "momentumScore": 16.148220250744632,
  "volumeScore": 18.25203252032508,
  "patternScore": 0,
  "totalScore": 11.483514629443992,
  "finalScore": 0,
  "weights": "0.23,0.45,0.23",
  "hourlyUptrend": false,
  "rsi": 11.567164179104694,
  "ultraShortVolumeSurge": 0.710946111769722,
  "baseVolumeSurge": 0.00181890032939459,
  "currentPrice": 0.12698,
  "resistance": 0.12904,
  "support": 0.12673,
  "rocMin5": -0.004234629861982316,
  "shortROC": 0.0003151095005515381,
  "priceAcceleration": -0.0010554811009361091,
  "buySellRatio": 0.003691977005362065,
  "macdHistogram": -0.000549291823484048,
  "stochasticK": 58.130081300812705,
  "atr": 0.0003249999999999979,
  "bbUpper": 0.12999770023545795,
  "bbLower": 0.12698229976454203,
  "hammerDetected": false,
  "engulfingDetected": false,
  "compressionSpring": {
    "detected": true,
    "confidence": 54,
    "signals": {
      "sidewaysPrice": true,
      "atrCompression": true,
      "bbSqueeze": true,
      "consolidationTime": true,
      "strongBuying": false,
      "obvPositive": false,
      "chaikinPositive": false,
      "rsiNeutral": false,
      "volumeBuilding": false
    },
    "metrics": {
      "priceRange": 1.82,
      "atrRatio": 0.643,
      "bbWidth": 2.35,
      "volumeRatio": 1.76,
      "signalCount": 4,
      "buySellRatio": 0.004
    }
  },
  "riskTier": "LOW",
  "atrPercent": 0.3251355669059233,
  "distanceToResistance": 1.6223027248385404,
  "slPercent": 2.5,
  "tpPercent": 1.3789573161127593,
  "trailingActivation": 0.8273743896676555,
  "shortMomentumScore": 45,
  "overboughtScore": 0,
  "shortPatternScore": 0,
  "shootingStarDetected": false,
  "bearishEngulfingDetected": false,
  "eveningStarDetected": false,
  "bearishPatternsCount": 0,
  "shortTotalScore": 18,
  "chaikin": -0.39165734958845144,
  "obvIncreasing": true,
  "obvTrend": "increasing",
  "adx": 33.52601156069384,
  "recentCandles": {
    "redCount": 7,
    "greenCount": 3
  },
  "resistanceDistance": 1.6223027248385404,
  "multiplePatterns": false,
  "bullishPattern": false,
  "priceAboveVWAP": false,
  "breakingResistance": false,
  "atrSufficient": false,
  "macdDivergenceBearish": true,
  "rvolMin1": -0.1632333404913974,
  "rvolMin5": -0.11816793450592346,
  "atrPercentileOld": 0.2804878048780488,
  "vwapDeviation": -0.1351862157141529,
  "bbWidthPercent": 2.3467977826413877,
  "bbSqueeze": true,
  "multiTFMomentum": {
    "min1": {
      "roc1": -0.00047244094488192517,
      "roc3": -0.0045483061480551855
    },
    "min5": {
      "roc1": 0.0003151095005515381,
      "roc3": 0.0019726978615955196
    },
    "min15": {
      "roc1": 0.00961083976681896,
      "roc3": 0.00501882057716438
    },
    "hourly": {
      "roc1": 0.000708773035123476,
      "roc3": -0.0034507097482552244
    },
    "fourHour": {
      "roc1": -0.003919416790781536,
      "roc3": 0.005778059205318827
    },
    "divergenceShortUpLongDown": true
  },
  "returnZMin5": 0.09530854811034657,
  "wickClosePct": 0,
  "wickUpper": 0,
  "wickLower": 0,
  "wickRatio": 0,
  "donchianBreakout15": false,
  "bbWidthPercentile15": 0.5064935064935064,
  "signedMin5": 396300.20000000007,
  "signedMin5Z": 8.636758942379227,
  "signedMin1": 415966.400000001,
  "signedMin1Z": 9.267314638758691,
  "streakMin1": {
    "upStreak": 0,
    "downStreak": 3
  },
  "streakMin5": {
    "upStreak": 0,
    "downStreak": 0
  },
  "rvolPercentileMin1": 0.7138888888888889,
  "rvolPercentileMin5": 0.6840277777777778,
  "perTfMetrics": {
    "min1": {
      "sma20": 0.128376,
      "sma50": 0.1287757999999999,
      "ema20": 0.1280782781363685,
      "ema50": 0.12850982270398326,
      "vwma20": 0.12741306625381252,
      "hma21": 0.12725783549783548,
      "atr14": 0.00030785714285714146,
      "atrPercentile": 0.19637462235649547,
      "rvolZ": -0.1632333404913974,
      "rvolPercentile": 0.7138888888888889,
      "mfi14": 0.036340440337895075,
      "ppo": {
        "ppo": -0.41260219976385953,
        "signal": -0.25552863167964945,
        "histogram": -0.15707356808421008
      },
      "stochRsi": {
        "k": 97.7272727272724,
        "d": 6.897463002114037
      },
      "vprofile": {
        "vpBins": [
          0.014239832752370094,
          0,
          0.07337949505680857,
          0.0187053270262119,
          0.030459223158643994,
          0.011455670958000548,
          0.020115774434420447,
          0.011678585050699936,
          0.04183807345866387,
          0.00023264247296768222,
          0.009970247929448426,
          0,
          0.00009309053532592908,
          0.0041902482045267754,
          0.0008755542241465763,
          0.7489811198975908,
          0.00005803482022120985,
          0.012659977342937792,
          0.0006620330503269227,
          0.00040506962668850223
        ],
        "currentBinShare": 0.020115774434420447
      },
      "ttm": {
        "squeeze": false,
        "release": false,
        "widthPct": 2.6558535493442927
      }
    },
    "min5": {
      "sma20": 0.128321,
      "sma50": 0.1287725999999999,
      "ema20": 0.12801181182308696,
      "ema50": 0.12832136044411596,
      "vwma20": 0.1274012112704148,
      "hma21": 0.12711021645021647,
      "atr14": 0.0003249999999999979,
      "atrPercentile": 0.6459854014598541,
      "rvolZ": -0.11816793450592346,
      "rvolPercentile": 0.6840277777777778,
      "mfi14": 0.7698917471594058,
      "ppo": {
        "ppo": -0.409451231099323,
        "signal": -0.25257576639057827,
        "histogram": -0.15687546470874475
      },
      "stochRsi": {
        "k": 23.134328358209387,
        "d": 10.753184395148935
      },
      "vprofile": {
        "vpBins": [
          0.006602348958769094,
          0.010780851171804814,
          0.06367933132991994,
          0.046841606443109154,
          0.013623028189974061,
          0.016834433107617865,
          0.02233787644581114,
          0.005981025636102039,
          0.03751585883204931,
          0.00033973904420447985,
          0.0005380687405789965,
          0.059659108833078005,
          0.02982242222828763,
          0.020002907738287095,
          0.0019229476785413016,
          0.008852280037142243,
          0.6374459085241995,
          0.0037117553549703805,
          0.013476681173354694,
          0.000031820532198401014
        ],
        "currentBinShare": 0.016834433107617865
      },
      "ttm": {
        "squeeze": false,
        "release": false,
        "widthPct": 2.7522075364190743
      }
    },
    "min15": {
      "sma20": 0.12849,
      "sma50": 0.12772759999999997,
      "ema20": 0.12809693400405692,
      "ema50": 0.1279791898485016,
      "vwma20": 0.12771516587690276,
      "hma21": 0.12756948051948053,
      "atr14": 0.0004128571428571414,
      "atrPercentile": 0.2804878048780488,
      "rvolZ": 0.018837806838862395,
      "rvolPercentile": 0.8854166666666666,
      "mfi14": 24.950980392156865,
      "ppo": {
        "ppo": -0.12563017943094285,
        "signal": 0.03880738398115114,
        "histogram": -0.16443756341209398
      },
      "stochRsi": {
        "k": 45.25241451112322,
        "d": 14.196858818952016
      },
      "vprofile": {
        "vpBins": [
          0,
          0.010605986599356713,
          0.03339933177588884,
          0.09163416443516012,
          0.011819136381999024,
          0.01604175037908401,
          0.012265617599968482,
          0.008179956892771378,
          0.03688631095871891,
          0.004394109200481537,
          0.026381116583545697,
          0.09343763012249158,
          0.00041274888055865073,
          0.003578326352538548,
          0.0009238612570072187,
          0.008708475155323922,
          0.6139466214095638,
          0,
          0.02738485601554171,
          0
        ],
        "currentBinShare": 0.026381116583545697
      },
      "ttm": {
        "squeeze": false,
        "release": false,
        "widthPct": 2.3467977826413877
      }
    },
    "hourly": {
      "sma20": 0.1277025,
      "sma50": 0.127225,
      "ema20": 0.12761568893900582,
      "ema50": 0.12790336161395785,
      "vwma20": 0.1288258885973007,
      "hma21": 0.12866290043290043,
      "atr14": 0.0010949999999999988,
      "atrPercentile": 0.18012422360248448,
      "rvolZ": -0.25771564042714445,
      "rvolPercentile": 0.45535714285714285,
      "mfi14": 92.37093295259908,
      "ppo": {
        "ppo": -0.0027092968584487963,
        "signal": 0.108340136604965,
        "histogram": -0.1110494334634138
      },
      "stochRsi": {
        "k": 58.91793166277011,
        "d": 50.115943530166845
      },
      "vprofile": {
        "vpBins": [
          0,
          0,
          0.0032346289496877467,
          0.33740735429600416,
          0.08484516175304793,
          0.11216913948902854,
          0.09587387484051454,
          0.03940239738082184,
          0.056248507527527504,
          0.008621470981750541,
          0.07227775555768423,
          0.011137266558790597,
          0.008825595590467625,
          0.025844674948587533,
          0.013631759205874377,
          0.0020336528545066524,
          0.07137622173350264,
          0.012661842205087107,
          0.0016563386212355804,
          0.04275235750588072
        ],
        "currentBinShare": 0.08484516175304793
      },
      "ttm": {
        "squeeze": false,
        "release": false,
        "widthPct": 3.129818339199302
      }
    },
    "fourHour": {
      "sma20": 0.1281125,
      "sma50": 0.13683720000000002,
      "ema20": 0.12892877087594412,
      "ema50": 0.13473076304680415,
      "vwma20": 0.12859790253124997,
      "hma21": 0.12599787878787883,
      "atr14": 0.003371428571428569,
      "atrPercentile": 0.38571428571428573,
      "rvolZ": -0.43256010718649374,
      "rvolPercentile": 0.11904761904761904,
      "mfi14": 59.25870362417803,
      "ppo": {
        "ppo": -1.8806398159664075,
        "signal": -2.339065917166385,
        "histogram": 0.4584261011999773
      },
      "stochRsi": {
        "k": 64.44791199510367,
        "d": 48.75494115017509
      },
      "vprofile": {
        "vpBins": [
          0,
          0.024404810566848536,
          0.23627013892669235,
          0.05935510916934602,
          0.0632925673762421,
          0.027914726535547253,
          0.002704776773200224,
          0.025050615565617933,
          0.07433363688005178,
          0.12291771225867928,
          0.11767688049507129,
          0.03711123783829226,
          0.20896778761441107,
          0,
          0,
          0,
          0,
          0,
          0,
          0
        ],
        "currentBinShare": 0.23627013892669235
      },
      "ttm": {
        "squeeze": false,
        "release": false,
        "widthPct": 7.653526525947821
      }
    },
    "daily": {
      "sma20": 0.1439095,
      "sma50": 0.18457540000000006,
      "ema20": 0.14511201479475455,
      "ema50": 0.17962942708066007,
      "vwma20": 0,
      "hma21": 0.13334064935064932,
      "atr14": 0.011168571428571429,
      "atrPercentile": 0.15789473684210525,
      "rvolZ": 0,
      "rvolPercentile": 1,
      "mfi14": 50,
      "ppo": {
        "ppo": -9.660515412127559,
        "signal": -9.697996012539626,
        "histogram": 0.03748060041206713
      },
      "stochRsi": {
        "k": 18.85399407005761,
        "d": 35.34447551522041
      },
      "vprofile": {
        "vpBins": [
          0,
          0,
          0,
          0,
          0,
          0,
          0,
          0,
          0,
          0,
          0,
          0,
          0,
          0,
          0,
          0,
          0,
          0,
          0,
          0
        ],
        "currentBinShare": 0
      },
      "ttm": {
        "squeeze": false,
        "release": false,
        "widthPct": 28.62757961718413
      }
    }
  },
  "smaMin5": 0.128321,
  "emaMin5": 0.12801181182308696,
  "vwmaMin5": 0.1274012112704148,
  "hmaMin5": 0.12711021645021647,
  "keltner15": {
    "upper": 0.1289324340040569,
    "middle": 0.12809693400405692,
    "lower": 0.12726143400405693
  },
  "superTrend15": {
    "isBull": true,
    "finalUpper": 0.12915099999999996,
    "finalLower": 0.125809
  },
  "mfi15": 24.950980392156865,
  "stochRsi15": {
    "k": 45.25241451112322,
    "d": 14.196858818952016
  },
  "ppo15": {
    "ppo": -0.12563017943094285,
    "signal": 0.03880738398115114,
    "histogram": -0.16443756341209398
  },
  "vpMin15": {
    "vpBins": [
      0,
      0.010605986599356713,
      0.03339933177588884,
      0.09163416443516012,
      0.011819136381999024,
      0.01604175037908401,
      0.012265617599968482,
      0.008179956892771378,
      0.03688631095871891,
      0.004394109200481537,
      0.026381116583545697,
      0.09343763012249158,
      0.00041274888055865073,
      0.003578326352538548,
      0.0009238612570072187,
      0.008708475155323922,
      0.6139466214095638,
      0,
      0.02738485601554171,
      0
    ],
    "currentBinShare": 0.026381116583545697
  },
  "ttm15": {
    "squeeze": false,
    "release": false,
    "widthPct": 2.3467977826413877
  },
  "marketCorrelation": {
    "hourly": {
      "btcCorrelation": 0,
      "ethCorrelation": 0,
      "btcBeta": 1,
      "ethBeta": 1,
      "btcTrend": "UNKNOWN",
      "ethTrend": "UNKNOWN",
      "tokenVol": 0,
      "btcVol": 0,
      "ethVol": 0,
      "marketDependence": 0,
      "verdict": "INSUFFICIENT_DATA"
    },
    "min15": {
      "btcCorrelation": 0,
      "ethCorrelation": 0,
      "btcBeta": 1,
      "ethBeta": 1,
      "btcTrend": "UNKNOWN",
      "ethTrend": "UNKNOWN",
      "tokenVol": 0,
      "btcVol": 0,
      "ethVol": 0,
      "marketDependence": 0,
      "verdict": "INSUFFICIENT_DATA"
    },
    "daily": {
      "btcCorrelation": 0,
      "ethCorrelation": 0,
      "btcBeta": 1,
      "ethBeta": 1,
      "btcTrend": "UNKNOWN",
      "ethTrend": "UNKNOWN",
      "tokenVol": 0,
      "btcVol": 0,
      "ethVol": 0,
      "marketDependence": 0,
      "verdict": "INSUFFICIENT_DATA"
    }
  },
  "tradeTape": {
    "totalTrades": 0,
    "totalVolume": 0,
    "buysVolume": 0,
    "sellsVolume": 0,
    "buySellRatio": 0.5,
    "vwap": 0,
    "signedVolume": 0,
    "avgTradeSize": 0,
    "tradesPerSec": 0,
    "cumulativeDelta": 0,
    "tradesLast1m": 0,
    "tradesLast5m": 0,
    "tradesLast15m": 0,
    "tradesLast1h": 0,
    "buyVWAP": 0,
    "sellVWAP": 0,
    "aggressorVWAP": 0,
    "bucketDurationMs": 60000,
    "bucketCount": 15,
    "bucketSignedVolumes": [],
    "bucketVolumes": [],
    "bucketVWAPs": [],
    "latestBucketSignedZ": 0
  },
  "enhancedMetrics": {
    "relativeVolumeZScore": -1,
    "volumePercentile": 40,
    "atrPercentile": 64.23357664233576,
    "volatilityPercentile": 43.037974683544306,
    "relativeVolatilityRatio": 0.8519926308474074,
    "isHighVolume": false,
    "isHighVolatility": false,
    "isLowVolatility": false,
    "isExpandingVolatility": false,
    "isContractingVolatility": false
  },
  "orderBook": {
    "bidAskSpread": 0,
    "spreadPct": 0,
    "midPrice": 0,
    "bestBid": 0,
    "bestAsk": 0,
    "bidDepth": 0,
    "askDepth": 0,
    "orderBookImbalance": 0,
    "liquidityScore": 0,
    "depthAt1Pct": {
      "bidVolume": 0,
      "askVolume": 0,
      "imbalance": 0
    },
    "depthAt2Pct": {
      "bidVolume": 0,
      "askVolume": 0,
      "imbalance": 0
    },
    "depthAt5Pct": {
      "bidVolume": 0,
      "askVolume": 0,
      "imbalance": 0
    },
    "weightedMidPrice": 0,
    "volumeWeightedSpread": 0,
    "totalBidLevels": 0,
    "totalAskLevels": 0
  },
  "marketCap": {
    "marketCap": 0,
    "totalVolume24h": 0,
    "volumeToMarketCapRatio": 0,
    "marketCapRank": 0,
    "normalizedRank": 0,
    "isHighLiquidity": false,
    "isVeryHighLiquidity": false,
    "isLowLiquidity": true,
    "liquidityTier": "VERY_LOW"
  },
  "sweeps": {
    "sweepScore": 0,
    "sweepCount": 0,
    "sweepDirection": "NEUTRAL",
    "buySweeps": 0,
    "sellSweeps": 0,
    "avgSweepSize": 0,
    "avgSweepIntensity": 0,
    "bidLiftRatio": 0,
    "askLiftRatio": 0,
    "sweepFrequency": 0,
    "largestSweep": null,
    "recentSweepClusters": 0,
    "sweepDetails": []
  },
  "absorption": {
    "absorptionScore": 0,
    "absorptionLevel": null,
    "absorptionSide": "NONE",
    "icebergProbability": 0,
    "hiddenLiquidityEstimate": 0,
    "volumeAtPrice": {},
    "topAbsorptionLevels": [],
    "persistenceDuration": 0,
    "refillDetected": false
  },
  "orderArrival": {
    "avgInterArrivalTime": 0,
    "recentInterArrivalTime": 0,
    "accelerationRatio": 1,
    "hawkesIntensity": 0,
    "hawkesDirection": "NEUTRAL",
    "clusteringScore": 0,
    "burstCount": 0,
    "cascadeDetected": false,
    "timeToNextTrade": 0,
    "accelerationTrend": "STABLE"
  },
  "liquidityVacuum": {
    "vacuumScore": 0,
    "vacuumSide": "NONE",
    "bidVacuumSeverity": 0,
    "askVacuumSeverity": 0,
    "depthConcentration": 0,
    "priceImpact10k": 0,
    "priceImpact50k": 0,
    "priceImpact100k": 0,
    "largestGapBid": 0,
    "largestGapAsk": 0,
    "avgGapBid": 0,
    "avgGapAsk": 0,
    "bidCliffDistance": 0,
    "askCliffDistance": 0
  },
  "volatilityRegime": {
    "regime": "LOW",
    "regimeScore": -1,
    "currentATR": 0.011652,
    "avgATR": 0.016751,
    "atrPercentile": 18.4,
    "realizedVolatility": 85.06,
    "volPercentile": 1.7,
    "expanding": false,
    "contracting": true,
    "transitionProbability": 0.4,
    "daysInRegime": 15,
    "regimeStrength": 0.99
  },
  "temporalPatterns": {
    "currentHour": 17,
    "currentDay": 0,
    "currentDayName": "Sunday",
    "dayBias": "NEUTRAL",
    "hourlyProfile": [
      {
        "avgVolume": 28137.45,
        "avgATR": 0.001455,
        "avgReturn": -0.138
      },
      {
        "avgVolume": 31735.72,
        "avgATR": 0.001541,
        "avgReturn": -0.216
      },
      {
        "avgVolume": 27080.59,
        "avgATR": 0.001421,
        "avgReturn": 0.186
      },
      {
        "avgVolume": 24116.64,
        "avgATR": 0.001225,
        "avgReturn": -0.277
      },
      {
        "avgVolume": 26583.04,
        "avgATR": 0.00105,
        "avgReturn": 0.265
      },
      {
        "avgVolume": 47052.98,
        "avgATR": 0.001212,
        "avgReturn": 0.058
      },
      {
        "avgVolume": 27571.31,
        "avgATR": 0.001064,
        "avgReturn": -0.041
      },
      {
        "avgVolume": 21802.59,
        "avgATR": 0.000911,
        "avgReturn": -0.068
      },
      {
        "avgVolume": 33432.04,
        "avgATR": 0.000948,
        "avgReturn": -0.047
      },
      {
        "avgVolume": 21054.65,
        "avgATR": 0.00148,
        "avgReturn": 0.168
      },
      {
        "avgVolume": 20627.05,
        "avgATR": 0.001087,
        "avgReturn": -0.118
      },
      {
        "avgVolume": 38852.88,
        "avgATR": 0.001475,
        "avgReturn": -0.014
      },
      {
        "avgVolume": 6986.48,
        "avgATR": 0.000988,
        "avgReturn": -0.058
      },
      {
        "avgVolume": 16790.53,
        "avgATR": 0.001095,
        "avgReturn": -0.068
      },
      {
        "avgVolume": 40292.05,
        "avgATR": 0.001472,
        "avgReturn": 0.162
      },
      {
        "avgVolume": 55981.52,
        "avgATR": 0.001987,
        "avgReturn": -0.096
      },
      {
        "avgVolume": 69738.39,
        "avgATR": 0.001639,
        "avgReturn": 0.031
      },
      {
        "avgVolume": 120364.87,
        "avgATR": 0.002668,
        "avgReturn": -0.159
      },
      {
        "avgVolume": 97337.91,
        "avgATR": 0.002171,
        "avgReturn": 0.333
      },
      {
        "avgVolume": 267579.31,
        "avgATR": 0.003866,
        "avgReturn": -0.533
      },
      {
        "avgVolume": 113386.21,
        "avgATR": 0.002406,
        "avgReturn": -0.218
      },
      {
        "avgVolume": 47760.46,
        "avgATR": 0.001801,
        "avgReturn": 0.203
      },
      {
        "avgVolume": 57941.39,
        "avgATR": 0.002009,
        "avgReturn": -0.235
      },
      {
        "avgVolume": 41921.54,
        "avgATR": 0.00164,
        "avgReturn": -0.098
      }
    ],
    "dailyProfile": [
      {
        "avgVolume": 23624.46,
        "avgATR": 0.001146,
        "avgReturn": -0.188
      },
      {
        "avgVolume": 78681.8,
        "avgATR": 0.001696,
        "avgReturn": -0.192
      },
      {
        "avgVolume": 51540.04,
        "avgATR": 0.00173,
        "avgReturn": 0.252
      },
      {
        "avgVolume": 136262.91,
        "avgATR": 0.00272,
        "avgReturn": -0.097
      },
      {
        "avgVolume": 42002.96,
        "avgATR": 0.001934,
        "avgReturn": -0.045
      },
      {
        "avgVolume": 25919.45,
        "avgATR": 0.001208,
        "avgReturn": -0.085
      },
      {
        "avgVolume": 24886.19,
        "avgATR": 0.000973,
        "avgReturn": 0.028
      }
    ],
    "favorableHours": [
      19,
      17,
      20,
      18,
      16,
      22
    ],
    "favorableWindow": true,
    "currentVsAvgVolume": 0,
    "currentVsAvgVolatility": 0,
    "anomalyDetected": true,
    "timeUntilFavorable": null,
    "temporalScore": 0.5
  },
  "unifiedMicrostructure": {
    "signalDirections": {
      "vpin": "NEUTRAL",
      "sweeps": "NEUTRAL",
      "absorption": "NEUTRAL",
      "arrival": "NEUTRAL",
      "vacuum": "NONE",
      "volRegime": "FAVORABLE",
      "temporal": "FAVORABLE"
    },
    "consensusDirection": "BULLISH",
    "consensusStrength": 100,
    "bullishSignals": 2,
    "bearishSignals": 0,
    "neutralSignals": 0,
    "totalAvailableSignals": 2,
    "dominantPattern": "NONE",
    "clusters": {
      "strongBuyCluster": false,
      "distributionPattern": false,
      "accumulationPattern": false,
      "momentumCascade": false
    },
    "adaptiveWeights": {
      "vpin": 0,
      "sweeps": 0,
      "absorption": 0,
      "arrival": 0,
      "vacuum": 0,
      "volRegime": 0.03,
      "temporal": 0.02
    },
    "convictionLevel": "HIGH",
    "convictionScore": 100,
    "riskAdjustment": "INCREASE",
    "timingQuality": "FAVORABLE",
    "signalQuality": "LOW"
  },
  "deltaAnalysis": {
    "currentDelta": 0,
    "cumulativeDelta": 0,
    "deltaPerVolume": 0,
    "deltaDirection": "NEUTRAL",
    "deltaDivergence": false,
    "institutionalRatio": 0,
    "aggressionScore": 0
  },
  "volumeProfile": {
    "pointOfControl": 0,
    "valueAreaHigh": 0,
    "valueAreaLow": 0,
    "currentPosition": "ABOVE_VALUE_AREA",
    "volumeNodes": [],
    "airPockets": []
  },
  "momentumCascade": {
    "cascadeDetected": false,
    "alignmentScore": -0.0033468318982794046,
    "cascadeStrength": 0,
    "acceleratingTimeframes": [],
    "divergingTimeframes": [
      "1m",
      "5m",
      "15m",
      "1h"
    ]
  },
  "breakoutConfirmation": {
    "breakoutConfirmed": false,
    "volumeConfirmation": false,
    "retestStrength": 0,
    "falseBreakoutRisk": 0,
    "breakoutQuality": "NO_BREAKOUT"
  },
  "liquidityHeatmap": {
    "liquidityScore": 0,
    "magnetDirection": "NONE",
    "magnetStrength": 0,
    "priceTarget5pct": null,
    "message": "No order book data"
  },
  "smartMoneyDivergence": {
    "divergenceDetected": false,
    "divergenceDirection": "NONE",
    "smartMoneyScore": 0.5,
    "message": "Insufficient trade data"
  },
  "microstructure": {
    "raw": -0.03632495611198374,
    "pct": 49,
    "summary": {
      "latestBucketSignedZ": 0,
      "buySellRatio": 0.5,
      "tradesPerSec": 0,
      "vwap": 0,
      "aggressorVWAP": 0,
      "vpinToxicity": "UNKNOWN",
      "sweepDirection": "NEUTRAL",
      "absorptionSide": "NONE",
      "icebergDetected": false,
      "hawkesDirection": "NEUTRAL",
      "cascadeDetected": false,
      "vacuumSide": "NONE",
      "volatilityRegime": "LOW",
      "volExpanding": false,
      "favorableTimeWindow": true,
      "temporalAnomaly": true,
      "consensusDirection": "BULLISH",
      "consensusStrength": 100,
      "dominantPattern": "NONE",
      "convictionLevel": "HIGH",
      "riskAdjustment": "INCREASE",
      "timingQuality": "FAVORABLE",
      "deltaDirection": "NEUTRAL",
      "deltaDivergence": false,
      "institutionalRatio": 0,
      "volumeProfilePosition": "ABOVE_VALUE_AREA",
      "pointOfControl": 0,
      "momentumCascadeDetected": false,
      "cascadeStrength": 0,
      "breakoutQuality": "NO_BREAKOUT",
      "breakoutConfirmed": false,
      "magnetDirection": "NONE",
      "magnetStrength": 0,
      "priceTarget5pct": null,
      "nearestBidWall": 0,
      "nearestAskWall": 0,
      "divergenceDetected": false,
      "divergenceDirection": "NONE",
      "whaleAccumulation": false,
      "whaleDistribution": false,
      "retailPanic": false,
      "smartMoneyScore": 0.5
    }
  }
}

=== MICROSTRUCTURE ALERTS ===

🔬 VPIN: Insufficient data for VPIN analysis

🌊 SWEEP DETECTION: No significant sweeps detected

🧊 ABSORPTION & ICEBERG: No significant absorption or iceberg orders detected

⚡ ORDER ARRIVAL DYNAMICS: Insufficient trades for analysis

🌪️ LIQUIDITY VACUUM: No significant vacuum detected

📊 VOLATILITY REGIME DETECTION:
   Current Regime: LOW
   Regime Score: -1.00 (-1=low vol, +1=extreme vol)
   Days in Regime: 15
   ATR: $0.011652 (avg: $0.016751)
   ATR Percentile: 18.4%
   Realized Volatility: 85.06% (annualized)
   Vol Percentile: 1.7%

   🔵 LOW VOLATILITY REGIME:
   ✅ Ideal for breakout setups - price coiling
   ✅ Tight stops recommended
   ✅ Can increase position size (lower risk)

   📉 VOLATILITY CONTRACTING:
   🔄 Consolidation phase - accumulation likely
   ⏳ Wait for expansion before entering

   📍 MODERATE REGIME TRANSITION PROBABILITY: 40%
   Monitor for potential regime change

   ✅ STABLE REGIME: 15 days - predictable conditions

⏰ TEMPORAL PATTERN ANALYSIS:
   Current Time: Sunday 17:00 UTC
   Day Bias: NEUTRAL
   Current vs Avg Volume: 0x
   Current vs Avg Volatility: 0x

   ✅ FAVORABLE TIME WINDOW:
   This hour historically shows strong volume and positive returns
   GOOD time to trade - patterns favor entry

   ⚠️ LOW ACTIVITY ANOMALY:
   Volume 0x below typical - Extremely quiet

   📉 LOW VOLATILITY ANOMALY:
   Volatility 0x below typical - Consolidation likely

   🔥 Best Trading Hours (UTC): 19:00, 17:00, 20:00

🎯 UNIFIED MICROSTRUCTURE INTEGRATION:
   Signal Consensus: BULLISH (100% agreement)
   Available Signals: 2 (2 bullish / 0 bearish / 0 neutral)
   Conviction Level: HIGH (100%)
   Signal Quality: LOW
   Risk Adjustment: INCREASE
   Timing Quality: FAVORABLE

   ✅ HIGH CONVICTION: 100% of signals agree on direction
   Strong institutional alignment - Follow the smart money

   💰 RISK INCREASE OPPORTUNITY: Low vol + Favorable timing = Lower risk

   ⏰ FAVORABLE TIMING: Good time window for trading

   Signal Directions Breakdown:
   • VPIN: NEUTRAL
   • Sweeps: NEUTRAL
   • Absorption: NEUTRAL
   • Arrival Dynamics: NEUTRAL
   • Liquidity Vacuum: NONE
   • Vol Regime: FAVORABLE
   • Temporal: FAVORABLE

   Adaptive Weights (Total: 5.0%):
   • VPIN: 0.0%
   • Sweeps: 0.0%
   • Absorption: 0.0%
   • Arrival: 0.0%
   • Vacuum: 0.0%
   • Vol Regime: 3.0%
   • Temporal: 2.0%


💹 DELTA ANALYSIS (Order Flow Aggression):
   Direction: NEUTRAL
   Delta Per Volume: 0.00%
   Institutional Ratio: 0.0%
   Aggression Score: 0.0%

📊 VOLUME PROFILE (Support/Resistance Strength):
   Point of Control (POC): $0.000000
   Value Area High: $0.000000
   Value Area Low: $0.000000
   Current Position: ABOVE_VALUE_AREA
   ⚠️ DISTRIBUTION RISK: Price above value area - potential rejection zone

⚡ MOMENTUM CASCADE (Multi-Timeframe Alignment):
   Cascade Detected: NO
   Alignment Score: -0.3%
   Cascade Strength: 0.0%
   Accelerating: None
   Diverging: 1m, 5m, 15m, 1h

💥 BREAKOUT CONFIRMATION:
   Quality: NO_BREAKOUT
   Volume Confirmation: NO
   Retest Strength: 0.0%
   False Breakout Risk: 0.0%
   No breakout detected - price below resistance


levels:
Entry=0.12672604, StopLoss=0.123557889, TakeProfit=0.127599789, 0.12847353799999997, 0.12917253719999996

---

=== Token: HONEY (HONEY) ===
Contract: HONEY-USD
Timestamp: 2025-12-20T15:00:00.000Z

Calculations:
{
  "momentumScore": 37.62894929188641,
  "volumeScore": 15,
  "patternScore": 45,
  "totalScore": 25.204504443487895,
  "finalScore": 25.204504443487895,
  "weights": "0.23,0.45,0.23",
  "hourlyUptrend": true,
  "rsi": 0,
  "ultraShortVolumeSurge": 2.714940829791258,
  "baseVolumeSurge": 0.017610911804745402,
  "currentPrice": 0.0082,
  "resistance": 0.0084,
  "support": 0.0082,
  "rocMin5": 0,
  "shortROC": 0,
  "priceAcceleration": 0,
  "buySellRatio": 0,
  "macdHistogram": -0.000002048230629116131,
  "stochasticK": 50,
  "atr": 0.000014285714285714199,
  "bbUpper": 0.008344498743710663,
  "bbLower": 0.008145501256289342,
  "hammerDetected": false,
  "engulfingDetected": false,
  "compressionSpring": {
    "detected": true,
    "confidence": 66,
    "signals": {
      "sidewaysPrice": true,
      "atrCompression": true,
      "bbSqueeze": true,
      "consolidationTime": true,
      "strongBuying": false,
      "obvPositive": false,
      "chaikinPositive": false,
      "rsiNeutral": true,
      "volumeBuilding": false
    },
    "metrics": {
      "priceRange": 2.44,
      "atrRatio": 0.4,
      "bbWidth": 2.41,
      "volumeRatio": 0.618,
      "signalCount": 5,
      "buySellRatio": 0
    }
  },
  "riskTier": "LOW",
  "atrPercent": 0.5226480836236902,
  "distanceToResistance": 2.4390243902438877,
  "slPercent": 2.5,
  "tpPercent": 2.0731707317073047,
  "trailingActivation": 1.2439024390243827,
  "shortMomentumScore": 25,
  "overboughtScore": 0,
  "shortPatternScore": 0,
  "shootingStarDetected": false,
  "bearishEngulfingDetected": false,
  "eveningStarDetected": false,
  "bearishPatternsCount": 0,
  "shortTotalScore": 10,
  "chaikin": -0.34506457684418507,
  "obvIncreasing": true,
  "obvTrend": "increasing",
  "adx": 60.00000000000001,
  "recentCandles": {
    "redCount": 1,
    "greenCount": 9
  },
  "resistanceDistance": 2.4390243902438877,
  "multiplePatterns": false,
  "bullishPattern": false,
  "priceAboveVWAP": false,
  "breakingResistance": false,
  "atrSufficient": false,
  "macdDivergenceBearish": false,
  "rvolMin1": -0.21493263417184685,
  "rvolMin5": 0.20263183019755918,
  "atrPercentileOld": 0.3902439024390244,
  "vwapDeviation": -1.5529797419753288,
  "bbWidthPercent": 2.4135535163289434,
  "bbSqueeze": true,
  "multiTFMomentum": {
    "min1": {
      "roc1": 0,
      "roc3": 0
    },
    "min5": {
      "roc1": 0,
      "roc3": 0
    },
    "min15": {
      "roc1": 0.012195121951219438,
      "roc3": 0.012195121951219438
    },
    "hourly": {
      "roc1": 0.012195121951219438,
      "roc3": 0.012195121951219438
    },
    "fourHour": {
      "roc1": 0,
      "roc3": 0.012195121951219438
    },
    "divergenceShortUpLongDown": false
  },
  "returnZMin5": -0.0016987344977811621,
  "wickClosePct": 0,
  "wickUpper": 0,
  "wickLower": 0,
  "wickRatio": 0,
  "donchianBreakout15": false,
  "bbWidthPercentile15": 0.44155844155844154,
  "signedMin5": 3308847.100000001,
  "signedMin5Z": 24.763793575029464,
  "signedMin1": 1394518.0999999999,
  "signedMin1Z": 27.762736152214885,
  "streakMin1": {
    "upStreak": 0,
    "downStreak": 0
  },
  "streakMin5": {
    "upStreak": 0,
    "downStreak": 1
  },
  "rvolPercentileMin1": 0.2986111111111111,
  "rvolPercentileMin5": 0.8645833333333334,
  "perTfMetrics": {
    "min1": {
      "sma20": 0.008200000000000002,
      "sma50": 0.008241999999999998,
      "ema20": 0.008206521758623315,
      "ema50": 0.00823314615394231,
      "vwma20": 0.008200000000000002,
      "hma21": 0.008199999999999997,
      "atr14": 0.0000071428571428570995,
      "atrPercentile": 0.14551863041289023,
      "rvolZ": -0.21493263417184685,
      "rvolPercentile": 0.2986111111111111,
      "mfi14": 6.829515321724756,
      "ppo": {
        "ppo": -0.12931507102508374,
        "signal": -0.16542065981710127,
        "histogram": 0.03610558879201753
      },
      "stochRsi": {
        "k": 0,
        "d": 0
      },
      "vprofile": {
        "vpBins": [
          0.23440780812235776,
          0,
          0,
          0,
          0.4086964256588378,
          0,
          0,
          0,
          0,
          0.33135336870488374,
          0,
          0,
          0,
          0,
          0,
          0.025542397513920713,
          0,
          0,
          0,
          0
        ],
        "currentBinShare": 0.23440780812235776
      },
      "ttm": {
        "squeeze": true,
        "release": false,
        "widthPct": 8.462065736472226e-14
      }
    },
    "min5": {
      "sma20": 0.008200000000000002,
      "sma50": 0.008247999999999997,
      "ema20": 0.008207476532136753,
      "ema50": 0.00823697927493808,
      "vwma20": 0.008199999999999999,
      "hma21": 0.008199999999999997,
      "atr14": 0.000014285714285714199,
      "atrPercentile": 0.21897810218978103,
      "rvolZ": 0.20263183019755918,
      "rvolPercentile": 0.8645833333333334,
      "mfi14": 49.78429122636688,
      "ppo": {
        "ppo": -0.15187938950993002,
        "signal": -0.19647291056468336,
        "histogram": 0.04459352105475334
      },
      "stochRsi": {
        "k": 50,
        "d": 0
      },
      "vprofile": {
        "vpBins": [
          0.20742768016725388,
          0,
          0.3128176304573778,
          0,
          0,
          0.2718348689855656,
          0,
          0,
          0,
          0,
          0,
          0.09310884017144103,
          0,
          0,
          0.0541538647956843,
          0,
          0,
          0.00789384116486531,
          0,
          0.052763274257811965
        ],
        "currentBinShare": 0.20742768016725388
      },
      "ttm": {
        "squeeze": true,
        "release": false,
        "widthPct": 8.462065736472226e-14
      }
    },
    "min15": {
      "sma20": 0.008245000000000002,
      "sma50": 0.008273999999999993,
      "ema20": 0.008240315529589233,
      "ema50": 0.00827595204881126,
      "vwma20": 0.008246832030567714,
      "hma21": 0.008170562770562767,
      "atr14": 0.0000428571428571426,
      "atrPercentile": 0.3902439024390244,
      "rvolZ": 1.2992134866647216,
      "rvolPercentile": 0.9270833333333334,
      "mfi14": 31.74649563271963,
      "ppo": {
        "ppo": -0.23431294331967353,
        "signal": -0.2880125654812715,
        "histogram": 0.05369962216159799
      },
      "stochRsi": {
        "k": 100,
        "d": 16.666666666666668
      },
      "vprofile": {
        "vpBins": [
          0.15768068483393544,
          0,
          0.2885982338960467,
          0,
          0,
          0.24728100537812517,
          0,
          0,
          0.06350744992857929,
          0,
          0,
          0.1687155586907949,
          0,
          0,
          0,
          0,
          0,
          0.02150225695664874,
          0,
          0.052714810315869755
        ],
        "currentBinShare": 0.2885982338960467
      },
      "ttm": {
        "squeeze": false,
        "release": false,
        "widthPct": 2.4135535163289434
      }
    },
    "hourly": {
      "sma20": 0.008275000000000003,
      "sma50": 0.008143999999999993,
      "ema20": 0.008265278936167833,
      "ema50": 0.008230182356404584,
      "vwma20": 0.008293537208870206,
      "hma21": 0.00829134199134199,
      "atr14": 0.00014285714285714262,
      "atrPercentile": 0.5527950310559007,
      "rvolZ": 0.27491005420255976,
      "rvolPercentile": 0.8452380952380952,
      "mfi14": 42.87815570088976,
      "ppo": {
        "ppo": 0.14511849483734907,
        "signal": 0.34949182530965417,
        "histogram": -0.2043733304723051
      },
      "stochRsi": {
        "k": 100,
        "d": 46.666666666666664
      },
      "vprofile": {
        "vpBins": [
          0.06903229968789215,
          0.0260288447769733,
          0.05119713795877958,
          0.15187769934083384,
          0.23231773825006297,
          0.03695781174735096,
          0.07261504019240042,
          0.05654343171000037,
          0.01371591507475367,
          0.007850492396086607,
          0.0279179867166846,
          0.014774658766956706,
          0.00628396199069872,
          0.03892467014436796,
          0.034790816470839245,
          0.008142508044411507,
          0.030137261173189298,
          0.025213350743500267,
          0.050600066966246554,
          0.045078307847971566
        ],
        "currentBinShare": 0.23231773825006297
      },
      "ttm": {
        "squeeze": true,
        "release": false,
        "widthPct": 3.009039177761595
      }
    },
    "fourHour": {
      "sma20": 0.008150000000000001,
      "sma50": 0.008733999999999994,
      "ema20": 0.008263893721805827,
      "ema50": 0.00878240398269691,
      "vwma20": 0.008220115156685677,
      "hma21": 0.008174891774891776,
      "atr14": 0.00032857142857142867,
      "atrPercentile": 0.7857142857142857,
      "rvolZ": -0.028401130032006408,
      "rvolPercentile": 0.7380952380952381,
      "mfi14": 55.417378283462526,
      "ppo": {
        "ppo": -1.2936195277009497,
        "signal": -2.2852564314958275,
        "histogram": 0.9916369037948778
      },
      "stochRsi": {
        "k": 65.2173913043479,
        "d": 52.38095238095238
      },
      "vprofile": {
        "vpBins": [
          0.05444884540944931,
          0.11566019589031681,
          0.18597125719379387,
          0.06713071781474093,
          0.005486975206698235,
          0.02681600522132008,
          0.005476164932829492,
          0.009707992097991693,
          0.038763658705722855,
          0.057655256648853716,
          0.05904080771717502,
          0.0490152411825077,
          0.01497648369080645,
          0.016186594226574157,
          0.0482284069817471,
          0.035575834826889106,
          0.02174132208300322,
          0.14812576475903202,
          0.020979922636873323,
          0.01901255277367496
        ],
        "currentBinShare": 0.18597125719379387
      },
      "ttm": {
        "squeeze": false,
        "release": false,
        "widthPct": 11.35218012880528
      }
    },
    "daily": {
      "sma20": 0.010025000000000003,
      "sma50": 0.009763999999999997,
      "ema20": 0.00936108519429073,
      "ema50": 0.01002492606308716,
      "vwma20": 0,
      "hma21": 0.007811688311688311,
      "atr14": 0.000785714285714286,
      "atrPercentile": 0.039473684210526314,
      "rvolZ": 0,
      "rvolPercentile": 1,
      "mfi14": 50,
      "ppo": {
        "ppo": -6.125340165287835,
        "signal": -3.1526533402068173,
        "histogram": -2.972686825081018
      },
      "stochRsi": {
        "k": 17.742401618419176,
        "d": 13.50152446643674
      },
      "vprofile": {
        "vpBins": [
          0,
          0,
          0,
          0,
          0,
          0,
          0,
          0,
          0,
          0,
          0,
          0,
          0,
          0,
          0,
          0,
          0,
          0,
          0,
          0
        ],
        "currentBinShare": 0
      },
      "ttm": {
        "squeeze": false,
        "release": false,
        "widthPct": 60.365200555250645
      }
    }
  },
  "smaMin5": 0.008200000000000002,
  "emaMin5": 0.008207476532136753,
  "vwmaMin5": 0.008199999999999999,
  "hmaMin5": 0.008199999999999997,
  "keltner15": {
    "upper": 0.008300315529589233,
    "middle": 0.008240315529589233,
    "lower": 0.008180315529589234
  },
  "superTrend15": {
    "isBull": true,
    "finalUpper": 0.008419999999999999,
    "finalLower": 0.008180000000000002
  },
  "mfi15": 31.74649563271963,
  "stochRsi15": {
    "k": 100,
    "d": 16.666666666666668
  },
  "ppo15": {
    "ppo": -0.23431294331967353,
    "signal": -0.2880125654812715,
    "histogram": 0.05369962216159799
  },
  "vpMin15": {
    "vpBins": [
      0.15768068483393544,
      0,
      0.2885982338960467,
      0,
      0,
      0.24728100537812517,
      0,
      0,
      0.06350744992857929,
      0,
      0,
      0.1687155586907949,
      0,
      0,
      0,
      0,
      0,
      0.02150225695664874,
      0,
      0.052714810315869755
    ],
    "currentBinShare": 0.2885982338960467
  },
  "ttm15": {
    "squeeze": false,
    "release": false,
    "widthPct": 2.4135535163289434
  },
  "marketCorrelation": {
    "hourly": {
      "btcCorrelation": 0,
      "ethCorrelation": 0,
      "btcBeta": 1,
      "ethBeta": 1,
      "btcTrend": "UNKNOWN",
      "ethTrend": "UNKNOWN",
      "tokenVol": 0,
      "btcVol": 0,
      "ethVol": 0,
      "marketDependence": 0,
      "verdict": "INSUFFICIENT_DATA"
    },
    "min15": {
      "btcCorrelation": 0,
      "ethCorrelation": 0,
      "btcBeta": 1,
      "ethBeta": 1,
      "btcTrend": "UNKNOWN",
      "ethTrend": "UNKNOWN",
      "tokenVol": 0,
      "btcVol": 0,
      "ethVol": 0,
      "marketDependence": 0,
      "verdict": "INSUFFICIENT_DATA"
    },
    "daily": {
      "btcCorrelation": 0,
      "ethCorrelation": 0,
      "btcBeta": 1,
      "ethBeta": 1,
      "btcTrend": "UNKNOWN",
      "ethTrend": "UNKNOWN",
      "tokenVol": 0,
      "btcVol": 0,
      "ethVol": 0,
      "marketDependence": 0,
      "verdict": "INSUFFICIENT_DATA"
    }
  },
  "tradeTape": {
    "totalTrades": 0,
    "totalVolume": 0,
    "buysVolume": 0,
    "sellsVolume": 0,
    "buySellRatio": 0.5,
    "vwap": 0,
    "signedVolume": 0,
    "avgTradeSize": 0,
    "tradesPerSec": 0,
    "cumulativeDelta": 0,
    "tradesLast1m": 0,
    "tradesLast5m": 0,
    "tradesLast15m": 0,
    "tradesLast1h": 0,
    "buyVWAP": 0,
    "sellVWAP": 0,
    "aggressorVWAP": 0,
    "bucketDurationMs": 60000,
    "bucketCount": 15,
    "bucketSignedVolumes": [],
    "bucketVolumes": [],
    "bucketVWAPs": [],
    "latestBucketSignedZ": 0
  },
  "enhancedMetrics": {
    "relativeVolumeZScore": -1,
    "volumePercentile": 40,
    "atrPercentile": 13.86861313868613,
    "volatilityPercentile": 24.050632911392405,
    "relativeVolatilityRatio": 0.519965119852943,
    "isHighVolume": false,
    "isHighVolatility": false,
    "isLowVolatility": true,
    "isExpandingVolatility": false,
    "isContractingVolatility": true
  },
  "orderBook": {
    "bidAskSpread": 0,
    "spreadPct": 0,
    "midPrice": 0,
    "bestBid": 0,
    "bestAsk": 0,
    "bidDepth": 0,
    "askDepth": 0,
    "orderBookImbalance": 0,
    "liquidityScore": 0,
    "depthAt1Pct": {
      "bidVolume": 0,
      "askVolume": 0,
      "imbalance": 0
    },
    "depthAt2Pct": {
      "bidVolume": 0,
      "askVolume": 0,
      "imbalance": 0
    },
    "depthAt5Pct": {
      "bidVolume": 0,
      "askVolume": 0,
      "imbalance": 0
    },
    "weightedMidPrice": 0,
    "volumeWeightedSpread": 0,
    "totalBidLevels": 0,
    "totalAskLevels": 0
  },
  "marketCap": {
    "marketCap": 0,
    "totalVolume24h": 0,
    "volumeToMarketCapRatio": 0,
    "marketCapRank": 0,
    "normalizedRank": 0,
    "isHighLiquidity": false,
    "isVeryHighLiquidity": false,
    "isLowLiquidity": true,
    "liquidityTier": "VERY_LOW"
  },
  "sweeps": {
    "sweepScore": 0,
    "sweepCount": 0,
    "sweepDirection": "NEUTRAL",
    "buySweeps": 0,
    "sellSweeps": 0,
    "avgSweepSize": 0,
    "avgSweepIntensity": 0,
    "bidLiftRatio": 0,
    "askLiftRatio": 0,
    "sweepFrequency": 0,
    "largestSweep": null,
    "recentSweepClusters": 0,
    "sweepDetails": []
  },
  "absorption": {
    "absorptionScore": 0,
    "absorptionLevel": null,
    "absorptionSide": "NONE",
    "icebergProbability": 0,
    "hiddenLiquidityEstimate": 0,
    "volumeAtPrice": {},
    "topAbsorptionLevels": [],
    "persistenceDuration": 0,
    "refillDetected": false
  },
  "orderArrival": {
    "avgInterArrivalTime": 0,
    "recentInterArrivalTime": 0,
    "accelerationRatio": 1,
    "hawkesIntensity": 0,
    "hawkesDirection": "NEUTRAL",
    "clusteringScore": 0,
    "burstCount": 0,
    "cascadeDetected": false,
    "timeToNextTrade": 0,
    "accelerationTrend": "STABLE"
  },
  "liquidityVacuum": {
    "vacuumScore": 0,
    "vacuumSide": "NONE",
    "bidVacuumSeverity": 0,
    "askVacuumSeverity": 0,
    "depthConcentration": 0,
    "priceImpact10k": 0,
    "priceImpact50k": 0,
    "priceImpact100k": 0,
    "largestGapBid": 0,
    "largestGapAsk": 0,
    "avgGapBid": 0,
    "avgGapAsk": 0,
    "bidCliffDistance": 0,
    "askCliffDistance": 0
  },
  "volatilityRegime": {
    "regime": "LOW",
    "regimeScore": -1,
    "currentATR": 0.0008,
    "avgATR": 0.001548,
    "atrPercentile": 9.2,
    "realizedVolatility": 117.65,
    "volPercentile": 28.8,
    "expanding": false,
    "contracting": true,
    "transitionProbability": 0.7,
    "daysInRegime": 4,
    "regimeStrength": 0.1
  },
  "temporalPatterns": {
    "currentHour": 17,
    "currentDay": 0,
    "currentDayName": "Sunday",
    "dayBias": "NEUTRAL",
    "hourlyProfile": [
      {
        "avgVolume": 330410.16,
        "avgATR": 0.000136,
        "avgReturn": -0.003
      },
      {
        "avgVolume": 412490.04,
        "avgATR": 0.000136,
        "avgReturn": -0.084
      },
      {
        "avgVolume": 580999.5,
        "avgATR": 0.000136,
        "avgReturn": -0.071
      },
      {
        "avgVolume": 465576.43,
        "avgATR": 0.000143,
        "avgReturn": -0.222
      },
      {
        "avgVolume": 809127.43,
        "avgATR": 0.000214,
        "avgReturn": -0.074
      },
      {
        "avgVolume": 340500.85,
        "avgATR": 0.000114,
        "avgReturn": -0.11
      },
      {
        "avgVolume": 278205,
        "avgATR": 0.00015,
        "avgReturn": 0.06
      },
      {
        "avgVolume": 213407.92,
        "avgATR": 0.000136,
        "avgReturn": -0.064
      },
      {
        "avgVolume": 267713.34,
        "avgATR": 0.000143,
        "avgReturn": 0.426
      },
      {
        "avgVolume": 248457.65,
        "avgATR": 0.000107,
        "avgReturn": -0.02
      },
      {
        "avgVolume": 170103.84,
        "avgATR": 0.000092,
        "avgReturn": -0.163
      },
      {
        "avgVolume": 207366.94,
        "avgATR": 0.0001,
        "avgReturn": 0.045
      },
      {
        "avgVolume": 350316.12,
        "avgATR": 0.000107,
        "avgReturn": 0.115
      },
      {
        "avgVolume": 394092.18,
        "avgATR": 0.00015,
        "avgReturn": 0.236
      },
      {
        "avgVolume": 515073.16,
        "avgATR": 0.00016,
        "avgReturn": 0.12
      },
      {
        "avgVolume": 505559.49,
        "avgATR": 0.000133,
        "avgReturn": -0.119
      },
      {
        "avgVolume": 1095331.61,
        "avgATR": 0.000179,
        "avgReturn": -0.746
      },
      {
        "avgVolume": 779976.34,
        "avgATR": 0.000164,
        "avgReturn": 0.261
      },
      {
        "avgVolume": 505711.4,
        "avgATR": 0.00015,
        "avgReturn": -0.384
      },
      {
        "avgVolume": 791733.85,
        "avgATR": 0.000158,
        "avgReturn": -0.579
      },
      {
        "avgVolume": 1037528.54,
        "avgATR": 0.000171,
        "avgReturn": -0.411
      },
      {
        "avgVolume": 265099.59,
        "avgATR": 0.000121,
        "avgReturn": -0.059
      },
      {
        "avgVolume": 240622.83,
        "avgATR": 0.000136,
        "avgReturn": -0.432
      },
      {
        "avgVolume": 224285.82,
        "avgATR": 0.000079,
        "avgReturn": -0.203
      }
    ],
    "dailyProfile": [
      {
        "avgVolume": 429127.25,
        "avgATR": 0.000154,
        "avgReturn": -0.208
      },
      {
        "avgVolume": 437225.57,
        "avgATR": 0.000139,
        "avgReturn": -0.289
      },
      {
        "avgVolume": 642698.3,
        "avgATR": 0.000123,
        "avgReturn": 0.055
      },
      {
        "avgVolume": 314378.61,
        "avgATR": 0.000106,
        "avgReturn": -0.143
      },
      {
        "avgVolume": 626871.16,
        "avgATR": 0.0002,
        "avgReturn": -0.185
      },
      {
        "avgVolume": 479615.08,
        "avgATR": 0.000115,
        "avgReturn": 0.094
      },
      {
        "avgVolume": 293326.92,
        "avgATR": 0.000131,
        "avgReturn": -0.033
      }
    ],
    "favorableHours": [
      16,
      20,
      4,
      19,
      17,
      2
    ],
    "favorableWindow": true,
    "currentVsAvgVolume": 0,
    "currentVsAvgVolatility": 0,
    "anomalyDetected": true,
    "timeUntilFavorable": null,
    "temporalScore": 0.5
  },
  "unifiedMicrostructure": {
    "signalDirections": {
      "vpin": "NEUTRAL",
      "sweeps": "NEUTRAL",
      "absorption": "NEUTRAL",
      "arrival": "NEUTRAL",
      "vacuum": "NONE",
      "volRegime": "FAVORABLE",
      "temporal": "FAVORABLE"
    },
    "consensusDirection": "BULLISH",
    "consensusStrength": 100,
    "bullishSignals": 2,
    "bearishSignals": 0,
    "neutralSignals": 0,
    "totalAvailableSignals": 2,
    "dominantPattern": "NONE",
    "clusters": {
      "strongBuyCluster": false,
      "distributionPattern": false,
      "accumulationPattern": false,
      "momentumCascade": false
    },
    "adaptiveWeights": {
      "vpin": 0,
      "sweeps": 0,
      "absorption": 0,
      "arrival": 0,
      "vacuum": 0,
      "volRegime": 0.03,
      "temporal": 0.02
    },
    "convictionLevel": "HIGH",
    "convictionScore": 100,
    "riskAdjustment": "INCREASE",
    "timingQuality": "FAVORABLE",
    "signalQuality": "LOW"
  },
  "deltaAnalysis": {
    "currentDelta": 0,
    "cumulativeDelta": 0,
    "deltaPerVolume": 0,
    "deltaDirection": "NEUTRAL",
    "deltaDivergence": false,
    "institutionalRatio": 0,
    "aggressionScore": 0
  },
  "volumeProfile": {
    "pointOfControl": 0,
    "valueAreaHigh": 0,
    "valueAreaLow": 0,
    "currentPosition": "ABOVE_VALUE_AREA",
    "volumeNodes": [],
    "airPockets": []
  },
  "momentumCascade": {
    "cascadeDetected": false,
    "alignmentScore": 0.0037921022067363298,
    "cascadeStrength": 0,
    "acceleratingTimeframes": [
      "15m"
    ],
    "divergingTimeframes": [
      "1h"
    ]
  },
  "breakoutConfirmation": {
    "breakoutConfirmed": false,
    "volumeConfirmation": false,
    "retestStrength": 0,
    "falseBreakoutRisk": 0,
    "breakoutQuality": "NO_BREAKOUT"
  },
  "liquidityHeatmap": {
    "liquidityScore": 0,
    "magnetDirection": "NONE",
    "magnetStrength": 0,
    "priceTarget5pct": null,
    "message": "No order book data"
  },
  "smartMoneyDivergence": {
    "divergenceDetected": false,
    "divergenceDirection": "NONE",
    "smartMoneyScore": 0.5,
    "message": "Insufficient trade data"
  },
  "microstructure": {
    "raw": -0.013700914718654719,
    "pct": 50,
    "summary": {
      "latestBucketSignedZ": 0,
      "buySellRatio": 0.5,
      "tradesPerSec": 0,
      "vwap": 0,
      "aggressorVWAP": 0,
      "vpinToxicity": "UNKNOWN",
      "sweepDirection": "NEUTRAL",
      "absorptionSide": "NONE",
      "icebergDetected": false,
      "hawkesDirection": "NEUTRAL",
      "cascadeDetected": false,
      "vacuumSide": "NONE",
      "volatilityRegime": "LOW",
      "volExpanding": false,
      "favorableTimeWindow": true,
      "temporalAnomaly": true,
      "consensusDirection": "BULLISH",
      "consensusStrength": 100,
      "dominantPattern": "NONE",
      "convictionLevel": "HIGH",
      "riskAdjustment": "INCREASE",
      "timingQuality": "FAVORABLE",
      "deltaDirection": "NEUTRAL",
      "deltaDivergence": false,
      "institutionalRatio": 0,
      "volumeProfilePosition": "ABOVE_VALUE_AREA",
      "pointOfControl": 0,
      "momentumCascadeDetected": false,
      "cascadeStrength": 0,
      "breakoutQuality": "NO_BREAKOUT",
      "breakoutConfirmed": false,
      "magnetDirection": "NONE",
      "magnetStrength": 0,
      "priceTarget5pct": null,
      "nearestBidWall": 0,
      "nearestAskWall": 0,
      "divergenceDetected": false,
      "divergenceDirection": "NONE",
      "whaleAccumulation": false,
      "whaleDistribution": false,
      "retailPanic": false,
      "smartMoneyScore": 0.5
    }
  }
}

=== MICROSTRUCTURE ALERTS ===

🔬 VPIN: Insufficient data for VPIN analysis

🌊 SWEEP DETECTION: No significant sweeps detected

🧊 ABSORPTION & ICEBERG: No significant absorption or iceberg orders detected

⚡ ORDER ARRIVAL DYNAMICS: Insufficient trades for analysis

🌪️ LIQUIDITY VACUUM: No significant vacuum detected

📊 VOLATILITY REGIME DETECTION:
   Current Regime: LOW
   Regime Score: -1.00 (-1=low vol, +1=extreme vol)
   Days in Regime: 4
   ATR: $0.000800 (avg: $0.001548)
   ATR Percentile: 9.2%
   Realized Volatility: 117.65% (annualized)
   Vol Percentile: 28.8%

   🔵 LOW VOLATILITY REGIME:
   ✅ Ideal for breakout setups - price coiling
   ✅ Tight stops recommended
   ✅ Can increase position size (lower risk)

   📉 VOLATILITY CONTRACTING:
   🔄 Consolidation phase - accumulation likely
   ⏳ Wait for expansion before entering

   ⚠️ HIGH REGIME TRANSITION PROBABILITY: 70%
   Market near regime boundary - expect volatility shift soon

⏰ TEMPORAL PATTERN ANALYSIS:
   Current Time: Sunday 17:00 UTC
   Day Bias: NEUTRAL
   Current vs Avg Volume: 0x
   Current vs Avg Volatility: 0x

   ✅ FAVORABLE TIME WINDOW:
   This hour historically shows strong volume and positive returns
   GOOD time to trade - patterns favor entry

   ⚠️ LOW ACTIVITY ANOMALY:
   Volume 0x below typical - Extremely quiet

   📉 LOW VOLATILITY ANOMALY:
   Volatility 0x below typical - Consolidation likely

   🔥 Best Trading Hours (UTC): 16:00, 20:00, 4:00

🎯 UNIFIED MICROSTRUCTURE INTEGRATION:
   Signal Consensus: BULLISH (100% agreement)
   Available Signals: 2 (2 bullish / 0 bearish / 0 neutral)
   Conviction Level: HIGH (100%)
   Signal Quality: LOW
   Risk Adjustment: INCREASE
   Timing Quality: FAVORABLE

   ✅ HIGH CONVICTION: 100% of signals agree on direction
   Strong institutional alignment - Follow the smart money

   💰 RISK INCREASE OPPORTUNITY: Low vol + Favorable timing = Lower risk

   ⏰ FAVORABLE TIMING: Good time window for trading

   Signal Directions Breakdown:
   • VPIN: NEUTRAL
   • Sweeps: NEUTRAL
   • Absorption: NEUTRAL
   • Arrival Dynamics: NEUTRAL
   • Liquidity Vacuum: NONE
   • Vol Regime: FAVORABLE
   • Temporal: FAVORABLE

   Adaptive Weights (Total: 5.0%):
   • VPIN: 0.0%
   • Sweeps: 0.0%
   • Absorption: 0.0%
   • Arrival: 0.0%
   • Vacuum: 0.0%
   • Vol Regime: 3.0%
   • Temporal: 2.0%


💹 DELTA ANALYSIS (Order Flow Aggression):
   Direction: NEUTRAL
   Delta Per Volume: 0.00%
   Institutional Ratio: 0.0%
   Aggression Score: 0.0%

📊 VOLUME PROFILE (Support/Resistance Strength):
   Point of Control (POC): $0.000000
   Value Area High: $0.000000
   Value Area Low: $0.000000
   Current Position: ABOVE_VALUE_AREA
   ⚠️ DISTRIBUTION RISK: Price above value area - potential rejection zone

⚡ MOMENTUM CASCADE (Multi-Timeframe Alignment):
   Cascade Detected: NO
   Alignment Score: 0.4%
   Cascade Strength: 0.0%
   Accelerating: 15m
   Diverging: 1h

💥 BREAKOUT CONFIRMATION:
   Quality: NO_BREAKOUT
   Volume Confirmation: NO
   Retest Strength: 0.0%
   False Breakout Risk: 0.0%
   No breakout detected - price below resistance


levels:
Entry=0.008183600000000001, StopLoss=0.00797901, TakeProfit=0.00826843, 0.00835326, 0.008421123999999999

---

=== Token: STRK (STRK) ===
Contract: STRK-USD
Timestamp: 2025-12-20T15:00:00.000Z

Calculations:
{
  "momentumScore": 39.44721272827145,
  "volumeScore": 15.019046375202707,
  "patternScore": 35.864197530864224,
  "totalScore": 23.77898235159006,
  "finalScore": 23.77898235159006,
  "weights": "0.23,0.45,0.23",
  "hourlyUptrend": false,
  "rsi": 50,
  "ultraShortVolumeSurge": 1.1204873306756507,
  "baseVolumeSurge": 0.0313861860340277,
  "currentPrice": 0.082,
  "resistance": 0.083,
  "support": 0.081,
  "rocMin5": 0,
  "shortROC": 0,
  "priceAcceleration": 0.000036732295033794094,
  "buySellRatio": 0.4186224231266811,
  "macdHistogram": -0.00015670581265554896,
  "stochasticK": 50,
  "atr": 0.00042857142857142893,
  "bbUpper": 0.08341355287256602,
  "bbLower": 0.081186447127434,
  "hammerDetected": false,
  "engulfingDetected": false,
  "compressionSpring": {
    "detected": true,
    "confidence": 54,
    "signals": {
      "sidewaysPrice": true,
      "atrCompression": true,
      "bbSqueeze": true,
      "consolidationTime": true,
      "strongBuying": false,
      "obvPositive": false,
      "chaikinPositive": false,
      "rsiNeutral": false,
      "volumeBuilding": false
    },
    "metrics": {
      "priceRange": 2.47,
      "atrRatio": 0.75,
      "bbWidth": 2.71,
      "volumeRatio": 0.299,
      "signalCount": 4,
      "buySellRatio": 0.419
    }
  },
  "riskTier": "LOW",
  "atrPercent": 0.7839721254355407,
  "distanceToResistance": 1.2195121951219523,
  "slPercent": 2.5,
  "tpPercent": 1.0365853658536595,
  "trailingActivation": 0.6219512195121957,
  "shortMomentumScore": 30,
  "overboughtScore": 0,
  "shortPatternScore": 0,
  "shootingStarDetected": false,
  "bearishEngulfingDetected": false,
  "eveningStarDetected": false,
  "bearishPatternsCount": 0,
  "shortTotalScore": 12,
  "chaikin": -0.027486261852076862,
  "obvIncreasing": true,
  "obvTrend": "increasing",
  "adx": 0,
  "recentCandles": {
    "redCount": 1,
    "greenCount": 9
  },
  "resistanceDistance": 1.2195121951219523,
  "multiplePatterns": false,
  "bullishPattern": false,
  "priceAboveVWAP": false,
  "breakingResistance": false,
  "atrSufficient": false,
  "macdDivergenceBearish": false,
  "rvolMin1": -0.4225174855955243,
  "rvolMin5": -0.34365821336701086,
  "atrPercentileOld": 0.18292682926829268,
  "vwapDeviation": -1.254113513587388,
  "bbWidthPercent": 2.7060823148627198,
  "bbSqueeze": true,
  "multiTFMomentum": {
    "min1": {
      "roc1": -0.012048192771084347,
      "roc3": 0
    },
    "min5": {
      "roc1": 0,
      "roc3": -0.012048192771084347
    },
    "min15": {
      "roc1": 0,
      "roc3": 0
    },
    "hourly": {
      "roc1": 0,
      "roc3": 0
    },
    "fourHour": {
      "roc1": -0.012048192771084347,
      "roc3": 0
    },
    "divergenceShortUpLongDown": false
  },
  "returnZMin5": 0.05554920323642459,
  "wickClosePct": 0,
  "wickUpper": 0,
  "wickLower": 0,
  "wickRatio": 0,
  "donchianBreakout15": false,
  "bbWidthPercentile15": 0.012987012987012988,
  "signedMin5": 6092654.189999999,
  "signedMin5Z": 33.08125998298044,
  "signedMin1": 5251568.47,
  "signedMin1Z": 50.650978050165016,
  "streakMin1": {
    "upStreak": 0,
    "downStreak": 0
  },
  "streakMin5": {
    "upStreak": 0,
    "downStreak": 0
  },
  "rvolPercentileMin1": 0.35347222222222224,
  "rvolPercentileMin5": 0.5659722222222222,
  "perTfMetrics": {
    "min1": {
      "sma20": 0.08215,
      "sma50": 0.08217999999999995,
      "ema20": 0.08224506544667949,
      "ema50": 0.08224907544698443,
      "vwma20": 0.08211397123597898,
      "hma21": 0.08240259740259738,
      "atr14": 0.0005000000000000004,
      "atrPercentile": 0.6238670694864048,
      "rvolZ": -0.4225174855955243,
      "rvolPercentile": 0.35347222222222224,
      "mfi14": 27.244284359945965,
      "ppo": {
        "ppo": 0.09982499734180802,
        "signal": 0.029942084071315447,
        "histogram": 0.06988291327049258
      },
      "stochRsi": {
        "k": 75.00000000000001,
        "d": 61.11111111111111
      },
      "vprofile": {
        "vpBins": [
          0.02095077028350868,
          0,
          0,
          0,
          0.5870025794291903,
          0,
          0,
          0,
          0.11219817798415013,
          0,
          0,
          0,
          0.1503992459193035,
          0,
          0,
          0,
          0.11897241312737662,
          0,
          0,
          0.010476813256470742
        ],
        "currentBinShare": 0.5870025794291903
      },
      "ttm": {
        "squeeze": false,
        "release": false,
        "widthPct": 1.7386313885679545
      }
    },
    "min5": {
      "sma20": 0.08215000000000001,
      "sma50": 0.08241999999999998,
      "ema20": 0.08218976789087729,
      "ema50": 0.08232829937226248,
      "vwma20": 0.0822748902740917,
      "hma21": 0.08203896103896102,
      "atr14": 0.00042857142857142893,
      "atrPercentile": 0.12773722627737227,
      "rvolZ": -0.34365821336701086,
      "rvolPercentile": 0.5659722222222222,
      "mfi14": 30.90560020931609,
      "ppo": {
        "ppo": -0.020365706060011528,
        "signal": -0.07736765542013833,
        "histogram": 0.057001949360126807
      },
      "stochRsi": {
        "k": 50.00000000000002,
        "d": 50
      },
      "vprofile": {
        "vpBins": [
          0.02343443384964694,
          0,
          0,
          0,
          0.3798775988265702,
          0,
          0,
          0,
          0.30012219577222915,
          0,
          0,
          0,
          0.13642094765096296,
          0,
          0,
          0,
          0.14815365492839586,
          0,
          0,
          0.011991168972195059
        ],
        "currentBinShare": 0.3798775988265702
      },
      "ttm": {
        "squeeze": false,
        "release": false,
        "widthPct": 2.3224326266997917
      }
    },
    "min15": {
      "sma20": 0.08230000000000001,
      "sma50": 0.08246,
      "ema20": 0.08228158713284629,
      "ema50": 0.08262684673860046,
      "vwma20": 0.08230009156490264,
      "hma21": 0.08180086580086578,
      "atr14": 0.0006428571428571435,
      "atrPercentile": 0.18292682926829268,
      "rvolZ": -0.6154338598630882,
      "rvolPercentile": 0.34375,
      "mfi14": 21.847338740180533,
      "ppo": {
        "ppo": -0.26504081248316014,
        "signal": -0.2306908834066801,
        "histogram": -0.034349929076480046
      },
      "stochRsi": {
        "k": 0,
        "d": 47.77777777777777
      },
      "vprofile": {
        "vpBins": [
          0.05154626763915531,
          0,
          0,
          0,
          0.4032090957986679,
          0,
          0,
          0,
          0.2791503324055405,
          0,
          0,
          0,
          0.07458791901104483,
          0,
          0,
          0,
          0.18023446898725004,
          0,
          0,
          0.011271916158341154
        ],
        "currentBinShare": 0.4032090957986679
      },
      "ttm": {
        "squeeze": false,
        "release": false,
        "widthPct": 2.7060823148627198
      }
    },
    "hourly": {
      "sma20": 0.08275,
      "sma50": 0.08277999999999999,
      "ema20": 0.08260934681910742,
      "ema50": 0.08381158592949979,
      "vwma20": 0.08236418061562466,
      "hma21": 0.08223376623376621,
      "atr14": 0.0013571428571428584,
      "atrPercentile": 0.21428571428571427,
      "rvolZ": -0.8635499725266411,
      "rvolPercentile": 0.1488095238095238,
      "mfi14": 17.274781889466325,
      "ppo": {
        "ppo": -0.44480270522285775,
        "signal": -0.38090450536383125,
        "histogram": -0.0638981998590265
      },
      "stochRsi": {
        "k": 78.26086956521738,
        "d": 48.48484848484849
      },
      "vprofile": {
        "vpBins": [
          0.019446931578926505,
          0.03814035652865692,
          0.15248279769112735,
          0.024000653922969975,
          0.08532383391759175,
          0.06845697359497087,
          0.01373348358952171,
          0,
          0.008067714137934652,
          0.03768042761091386,
          0.13045650578955947,
          0.10452970142963755,
          0.04404287887246837,
          0,
          0,
          0.09547016088969139,
          0.03974868039446759,
          0.13257005596448507,
          0.004117820976906438,
          0.0017310231101704899
        ],
        "currentBinShare": 0.15248279769112735
      },
      "ttm": {
        "squeeze": false,
        "release": false,
        "widthPct": 5.895497724544028
      }
    },
    "fourHour": {
      "sma20": 0.0849,
      "sma50": 0.09482000000000002,
      "ema20": 0.08579728911969316,
      "ema50": 0.09279985527491186,
      "vwma20": 0.08521788013161828,
      "hma21": 0.08066666666666665,
      "atr14": 0.0031428571428571417,
      "atrPercentile": 0.32857142857142857,
      "rvolZ": -0.5622305286850824,
      "rvolPercentile": 0.35714285714285715,
      "mfi14": 37.27469273060987,
      "ppo": {
        "ppo": -4.076530788693711,
        "signal": -4.539048604046407,
        "histogram": 0.46251781535269565
      },
      "stochRsi": {
        "k": 99.99999999999993,
        "d": 41.403508771929836
      },
      "vprofile": {
        "vpBins": [
          0.018680459451185214,
          0.03380880544393112,
          0.07566752146146437,
          0.07148729992117299,
          0.017687848585518327,
          0,
          0,
          0.054564193064356094,
          0.09665872714668845,
          0.01930820147046819,
          0,
          0.01693157906710104,
          0.103657336481496,
          0.06741447159062201,
          0.09881451713750056,
          0.09313050722757565,
          0.11238728740663996,
          0.0655864535538841,
          0.025825648353938104,
          0.02838914263645783
        ],
        "currentBinShare": 0.03380880544393112
      },
      "ttm": {
        "squeeze": false,
        "release": false,
        "widthPct": 15.900623821612431
      }
    },
    "daily": {
      "sma20": 0.10515000000000001,
      "sma50": 0.13453999999999997,
      "ema20": 0.1056892185060889,
      "ema50": 0.12238261919544667,
      "vwma20": 0,
      "hma21": 0.08631601731601724,
      "atr14": 0.007428571428571431,
      "atrPercentile": 0.013157894736842105,
      "rvolZ": 0,
      "rvolPercentile": 1,
      "mfi14": 50,
      "ppo": {
        "ppo": -13.552828279805032,
        "signal": -11.34694611311276,
        "histogram": -2.205882166692273
      },
      "stochRsi": {
        "k": 22.53812711338067,
        "d": 15.486962649753357
      },
      "vprofile": {
        "vpBins": [
          0,
          0,
          0,
          0,
          0,
          0,
          0,
          0,
          0,
          0,
          0,
          0,
          0,
          0,
          0,
          0,
          0,
          0,
          0,
          0
        ],
        "currentBinShare": 0
      },
      "ttm": {
        "squeeze": false,
        "release": false,
        "widthPct": 49.632434123966775
      }
    }
  },
  "smaMin5": 0.08215000000000001,
  "emaMin5": 0.08218976789087729,
  "vwmaMin5": 0.0822748902740917,
  "hmaMin5": 0.08203896103896102,
  "keltner15": {
    "upper": 0.08333158713284629,
    "middle": 0.08228158713284629,
    "lower": 0.0812315871328463
  },
  "superTrend15": {
    "isBull": true,
    "finalUpper": 0.08410000000000001,
    "finalLower": 0.0799
  },
  "mfi15": 21.847338740180533,
  "stochRsi15": {
    "k": 0,
    "d": 47.77777777777777
  },
  "ppo15": {
    "ppo": -0.26504081248316014,
    "signal": -0.2306908834066801,
    "histogram": -0.034349929076480046
  },
  "vpMin15": {
    "vpBins": [
      0.05154626763915531,
      0,
      0,
      0,
      0.4032090957986679,
      0,
      0,
      0,
      0.2791503324055405,
      0,
      0,
      0,
      0.07458791901104483,
      0,
      0,
      0,
      0.18023446898725004,
      0,
      0,
      0.011271916158341154
    ],
    "currentBinShare": 0.4032090957986679
  },
  "ttm15": {
    "squeeze": false,
    "release": false,
    "widthPct": 2.7060823148627198
  },
  "marketCorrelation": {
    "hourly": {
      "btcCorrelation": 0,
      "ethCorrelation": 0,
      "btcBeta": 1,
      "ethBeta": 1,
      "btcTrend": "UNKNOWN",
      "ethTrend": "UNKNOWN",
      "tokenVol": 0,
      "btcVol": 0,
      "ethVol": 0,
      "marketDependence": 0,
      "verdict": "INSUFFICIENT_DATA"
    },
    "min15": {
      "btcCorrelation": 0,
      "ethCorrelation": 0,
      "btcBeta": 1,
      "ethBeta": 1,
      "btcTrend": "UNKNOWN",
      "ethTrend": "UNKNOWN",
      "tokenVol": 0,
      "btcVol": 0,
      "ethVol": 0,
      "marketDependence": 0,
      "verdict": "INSUFFICIENT_DATA"
    },
    "daily": {
      "btcCorrelation": 0,
      "ethCorrelation": 0,
      "btcBeta": 1,
      "ethBeta": 1,
      "btcTrend": "UNKNOWN",
      "ethTrend": "UNKNOWN",
      "tokenVol": 0,
      "btcVol": 0,
      "ethVol": 0,
      "marketDependence": 0,
      "verdict": "INSUFFICIENT_DATA"
    }
  },
  "tradeTape": {
    "totalTrades": 0,
    "totalVolume": 0,
    "buysVolume": 0,
    "sellsVolume": 0,
    "buySellRatio": 0.5,
    "vwap": 0,
    "signedVolume": 0,
    "avgTradeSize": 0,
    "tradesPerSec": 0,
    "cumulativeDelta": 0,
    "tradesLast1m": 0,
    "tradesLast5m": 0,
    "tradesLast15m": 0,
    "tradesLast1h": 0,
    "buyVWAP": 0,
    "sellVWAP": 0,
    "aggressorVWAP": 0,
    "bucketDurationMs": 60000,
    "bucketCount": 15,
    "bucketSignedVolumes": [],
    "bucketVolumes": [],
    "bucketVWAPs": [],
    "latestBucketSignedZ": 0
  },
  "enhancedMetrics": {
    "relativeVolumeZScore": -1,
    "volumePercentile": 40,
    "atrPercentile": 9.48905109489051,
    "volatilityPercentile": 70.56962025316456,
    "relativeVolatilityRatio": 1.017858594549034,
    "isHighVolume": false,
    "isHighVolatility": false,
    "isLowVolatility": false,
    "isExpandingVolatility": false,
    "isContractingVolatility": false
  },
  "orderBook": {
    "bidAskSpread": 0,
    "spreadPct": 0,
    "midPrice": 0,
    "bestBid": 0,
    "bestAsk": 0,
    "bidDepth": 0,
    "askDepth": 0,
    "orderBookImbalance": 0,
    "liquidityScore": 0,
    "depthAt1Pct": {
      "bidVolume": 0,
      "askVolume": 0,
      "imbalance": 0
    },
    "depthAt2Pct": {
      "bidVolume": 0,
      "askVolume": 0,
      "imbalance": 0
    },
    "depthAt5Pct": {
      "bidVolume": 0,
      "askVolume": 0,
      "imbalance": 0
    },
    "weightedMidPrice": 0,
    "volumeWeightedSpread": 0,
    "totalBidLevels": 0,
    "totalAskLevels": 0
  },
  "marketCap": {
    "marketCap": 0,
    "totalVolume24h": 0,
    "volumeToMarketCapRatio": 0,
    "marketCapRank": 0,
    "normalizedRank": 0,
    "isHighLiquidity": false,
    "isVeryHighLiquidity": false,
    "isLowLiquidity": true,
    "liquidityTier": "VERY_LOW"
  },
  "sweeps": {
    "sweepScore": 0,
    "sweepCount": 0,
    "sweepDirection": "NEUTRAL",
    "buySweeps": 0,
    "sellSweeps": 0,
    "avgSweepSize": 0,
    "avgSweepIntensity": 0,
    "bidLiftRatio": 0,
    "askLiftRatio": 0,
    "sweepFrequency": 0,
    "largestSweep": null,
    "recentSweepClusters": 0,
    "sweepDetails": []
  },
  "absorption": {
    "absorptionScore": 0,
    "absorptionLevel": null,
    "absorptionSide": "NONE",
    "icebergProbability": 0,
    "hiddenLiquidityEstimate": 0,
    "volumeAtPrice": {},
    "topAbsorptionLevels": [],
    "persistenceDuration": 0,
    "refillDetected": false
  },
  "orderArrival": {
    "avgInterArrivalTime": 0,
    "recentInterArrivalTime": 0,
    "accelerationRatio": 1,
    "hawkesIntensity": 0,
    "hawkesDirection": "NEUTRAL",
    "clusteringScore": 0,
    "burstCount": 0,
    "cascadeDetected": false,
    "timeToNextTrade": 0,
    "accelerationTrend": "STABLE"
  },
  "liquidityVacuum": {
    "vacuumScore": 0,
    "vacuumSide": "NONE",
    "bidVacuumSeverity": 0,
    "askVacuumSeverity": 0,
    "depthConcentration": 0,
    "priceImpact10k": 0,
    "priceImpact50k": 0,
    "priceImpact100k": 0,
    "largestGapBid": 0,
    "largestGapAsk": 0,
    "avgGapBid": 0,
    "avgGapAsk": 0,
    "bidCliffDistance": 0,
    "askCliffDistance": 0
  },
  "volatilityRegime": {
    "regime": "LOW",
    "regimeScore": -1,
    "currentATR": 0.007769,
    "avgATR": 0.024756,
    "atrPercentile": 1.3,
    "realizedVolatility": 111.92,
    "volPercentile": 0,
    "expanding": false,
    "contracting": true,
    "transitionProbability": 0.4,
    "daysInRegime": 7,
    "regimeStrength": 1.93
  },
  "temporalPatterns": {
    "currentHour": 17,
    "currentDay": 0,
    "currentDayName": "Sunday",
    "dayBias": "NEUTRAL",
    "hourlyProfile": [
      {
        "avgVolume": 382664.41,
        "avgATR": 0.001643,
        "avgReturn": -0.713
      },
      {
        "avgVolume": 745480.05,
        "avgATR": 0.001571,
        "avgReturn": -0.211
      },
      {
        "avgVolume": 517372.87,
        "avgATR": 0.001286,
        "avgReturn": 0.291
      },
      {
        "avgVolume": 418422.42,
        "avgATR": 0.0015,
        "avgReturn": 0.207
      },
      {
        "avgVolume": 585936.18,
        "avgATR": 0.001714,
        "avgReturn": -0.291
      },
      {
        "avgVolume": 459278.21,
        "avgATR": 0.001214,
        "avgReturn": 0.081
      },
      {
        "avgVolume": 441058.52,
        "avgATR": 0.001357,
        "avgReturn": 0.421
      },
      {
        "avgVolume": 418770.47,
        "avgATR": 0.001571,
        "avgReturn": -0.691
      },
      {
        "avgVolume": 361551.18,
        "avgATR": 0.001429,
        "avgReturn": 0.385
      },
      {
        "avgVolume": 317155.86,
        "avgATR": 0.001214,
        "avgReturn": -0.585
      },
      {
        "avgVolume": 420011.26,
        "avgATR": 0.0015,
        "avgReturn": -0.24
      },
      {
        "avgVolume": 180031.24,
        "avgATR": 0.001143,
        "avgReturn": 0.337
      },
      {
        "avgVolume": 466238.02,
        "avgATR": 0.001571,
        "avgReturn": 0.1
      },
      {
        "avgVolume": 735120.45,
        "avgATR": 0.001714,
        "avgReturn": -0.185
      },
      {
        "avgVolume": 955887.4,
        "avgATR": 0.002214,
        "avgReturn": -0.043
      },
      {
        "avgVolume": 814505.21,
        "avgATR": 0.0025,
        "avgReturn": 0.316
      },
      {
        "avgVolume": 755356.3,
        "avgATR": 0.001923,
        "avgReturn": 0.083
      },
      {
        "avgVolume": 712690.51,
        "avgATR": 0.002286,
        "avgReturn": -1.154
      },
      {
        "avgVolume": 649013.97,
        "avgATR": 0.002286,
        "avgReturn": 0.007
      },
      {
        "avgVolume": 560368.1,
        "avgATR": 0.002,
        "avgReturn": 0.057
      },
      {
        "avgVolume": 614376.61,
        "avgATR": 0.001929,
        "avgReturn": 0.095
      },
      {
        "avgVolume": 662214.74,
        "avgATR": 0.002071,
        "avgReturn": -0.166
      },
      {
        "avgVolume": 442305.89,
        "avgATR": 0.001643,
        "avgReturn": -0.194
      },
      {
        "avgVolume": 472452.6,
        "avgATR": 0.001571,
        "avgReturn": -0.039
      }
    ],
    "dailyProfile": [
      {
        "avgVolume": 416053.66,
        "avgATR": 0.001542,
        "avgReturn": -0.074
      },
      {
        "avgVolume": 618663.74,
        "avgATR": 0.00175,
        "avgReturn": -0.116
      },
      {
        "avgVolume": 699490.68,
        "avgATR": 0.002063,
        "avgReturn": 0.037
      },
      {
        "avgVolume": 691725.87,
        "avgATR": 0.001938,
        "avgReturn": -0.288
      },
      {
        "avgVolume": 547116.32,
        "avgATR": 0.001792,
        "avgReturn": -0.179
      },
      {
        "avgVolume": 457553.35,
        "avgATR": 0.001542,
        "avgReturn": 0.036
      },
      {
        "avgVolume": 378964.78,
        "avgATR": 0.001277,
        "avgReturn": -0.041
      }
    ],
    "favorableHours": [
      14,
      15,
      16,
      1,
      13,
      17
    ],
    "favorableWindow": true,
    "currentVsAvgVolume": 0,
    "currentVsAvgVolatility": 0,
    "anomalyDetected": true,
    "timeUntilFavorable": null,
    "temporalScore": 0.5
  },
  "unifiedMicrostructure": {
    "signalDirections": {
      "vpin": "NEUTRAL",
      "sweeps": "NEUTRAL",
      "absorption": "NEUTRAL",
      "arrival": "NEUTRAL",
      "vacuum": "NONE",
      "volRegime": "FAVORABLE",
      "temporal": "FAVORABLE"
    },
    "consensusDirection": "BULLISH",
    "consensusStrength": 100,
    "bullishSignals": 2,
    "bearishSignals": 0,
    "neutralSignals": 0,
    "totalAvailableSignals": 2,
    "dominantPattern": "NONE",
    "clusters": {
      "strongBuyCluster": false,
      "distributionPattern": false,
      "accumulationPattern": false,
      "momentumCascade": false
    },
    "adaptiveWeights": {
      "vpin": 0,
      "sweeps": 0,
      "absorption": 0,
      "arrival": 0,
      "vacuum": 0,
      "volRegime": 0.03,
      "temporal": 0.02
    },
    "convictionLevel": "HIGH",
    "convictionScore": 100,
    "riskAdjustment": "INCREASE",
    "timingQuality": "FAVORABLE",
    "signalQuality": "LOW"
  },
  "deltaAnalysis": {
    "currentDelta": 0,
    "cumulativeDelta": 0,
    "deltaPerVolume": 0,
    "deltaDirection": "NEUTRAL",
    "deltaDivergence": false,
    "institutionalRatio": 0,
    "aggressionScore": 0
  },
  "volumeProfile": {
    "pointOfControl": 0,
    "valueAreaHigh": 0,
    "valueAreaLow": 0,
    "currentPosition": "ABOVE_VALUE_AREA",
    "volumeNodes": [],
    "airPockets": []
  },
  "momentumCascade": {
    "cascadeDetected": false,
    "alignmentScore": -0.0024096385542168694,
    "cascadeStrength": 0,
    "acceleratingTimeframes": [],
    "divergingTimeframes": [
      "1h"
    ]
  },
  "breakoutConfirmation": {
    "breakoutConfirmed": false,
    "volumeConfirmation": false,
    "retestStrength": 0,
    "falseBreakoutRisk": 0,
    "breakoutQuality": "NO_BREAKOUT"
  },
  "liquidityHeatmap": {
    "liquidityScore": 0,
    "magnetDirection": "NONE",
    "magnetStrength": 0,
    "priceTarget5pct": null,
    "message": "No order book data"
  },
  "smartMoneyDivergence": {
    "divergenceDetected": false,
    "divergenceDirection": "NONE",
    "smartMoneyScore": 0.5,
    "message": "Insufficient trade data"
  },
  "microstructure": {
    "raw": 0.007534417444331516,
    "pct": 50,
    "summary": {
      "latestBucketSignedZ": 0,
      "buySellRatio": 0.5,
      "tradesPerSec": 0,
      "vwap": 0,
      "aggressorVWAP": 0,
      "vpinToxicity": "UNKNOWN",
      "sweepDirection": "NEUTRAL",
      "absorptionSide": "NONE",
      "icebergDetected": false,
      "hawkesDirection": "NEUTRAL",
      "cascadeDetected": false,
      "vacuumSide": "NONE",
      "volatilityRegime": "LOW",
      "volExpanding": false,
      "favorableTimeWindow": true,
      "temporalAnomaly": true,
      "consensusDirection": "BULLISH",
      "consensusStrength": 100,
      "dominantPattern": "NONE",
      "convictionLevel": "HIGH",
      "riskAdjustment": "INCREASE",
      "timingQuality": "FAVORABLE",
      "deltaDirection": "NEUTRAL",
      "deltaDivergence": false,
      "institutionalRatio": 0,
      "volumeProfilePosition": "ABOVE_VALUE_AREA",
      "pointOfControl": 0,
      "momentumCascadeDetected": false,
      "cascadeStrength": 0,
      "breakoutQuality": "NO_BREAKOUT",
      "breakoutConfirmed": false,
      "magnetDirection": "NONE",
      "magnetStrength": 0,
      "priceTarget5pct": null,
      "nearestBidWall": 0,
      "nearestAskWall": 0,
      "divergenceDetected": false,
      "divergenceDirection": "NONE",
      "whaleAccumulation": false,
      "whaleDistribution": false,
      "retailPanic": false,
      "smartMoneyScore": 0.5
    }
  }
}

=== MICROSTRUCTURE ALERTS ===

🔬 VPIN: Insufficient data for VPIN analysis

🌊 SWEEP DETECTION: No significant sweeps detected

🧊 ABSORPTION & ICEBERG: No significant absorption or iceberg orders detected

⚡ ORDER ARRIVAL DYNAMICS: Insufficient trades for analysis

🌪️ LIQUIDITY VACUUM: No significant vacuum detected

📊 VOLATILITY REGIME DETECTION:
   Current Regime: LOW
   Regime Score: -1.00 (-1=low vol, +1=extreme vol)
   Days in Regime: 7
   ATR: $0.007769 (avg: $0.024756)
   ATR Percentile: 1.3%
   Realized Volatility: 111.92% (annualized)
   Vol Percentile: 0.0%

   🔵 LOW VOLATILITY REGIME:
   ✅ Ideal for breakout setups - price coiling
   ✅ Tight stops recommended
   ✅ Can increase position size (lower risk)

   📉 VOLATILITY CONTRACTING:
   🔄 Consolidation phase - accumulation likely
   ⏳ Wait for expansion before entering

   📍 MODERATE REGIME TRANSITION PROBABILITY: 40%
   Monitor for potential regime change

   ✅ STABLE REGIME: 7 days - predictable conditions

⏰ TEMPORAL PATTERN ANALYSIS:
   Current Time: Sunday 17:00 UTC
   Day Bias: NEUTRAL
   Current vs Avg Volume: 0x
   Current vs Avg Volatility: 0x

   ✅ FAVORABLE TIME WINDOW:
   This hour historically shows strong volume and positive returns
   GOOD time to trade - patterns favor entry

   ⚠️ LOW ACTIVITY ANOMALY:
   Volume 0x below typical - Extremely quiet

   📉 LOW VOLATILITY ANOMALY:
   Volatility 0x below typical - Consolidation likely

   🔥 Best Trading Hours (UTC): 14:00, 15:00, 16:00

🎯 UNIFIED MICROSTRUCTURE INTEGRATION:
   Signal Consensus: BULLISH (100% agreement)
   Available Signals: 2 (2 bullish / 0 bearish / 0 neutral)
   Conviction Level: HIGH (100%)
   Signal Quality: LOW
   Risk Adjustment: INCREASE
   Timing Quality: FAVORABLE

   ✅ HIGH CONVICTION: 100% of signals agree on direction
   Strong institutional alignment - Follow the smart money

   💰 RISK INCREASE OPPORTUNITY: Low vol + Favorable timing = Lower risk

   ⏰ FAVORABLE TIMING: Good time window for trading

   Signal Directions Breakdown:
   • VPIN: NEUTRAL
   • Sweeps: NEUTRAL
   • Absorption: NEUTRAL
   • Arrival Dynamics: NEUTRAL
   • Liquidity Vacuum: NONE
   • Vol Regime: FAVORABLE
   • Temporal: FAVORABLE

   Adaptive Weights (Total: 5.0%):
   • VPIN: 0.0%
   • Sweeps: 0.0%
   • Absorption: 0.0%
   • Arrival: 0.0%
   • Vacuum: 0.0%
   • Vol Regime: 3.0%
   • Temporal: 2.0%


💹 DELTA ANALYSIS (Order Flow Aggression):
   Direction: NEUTRAL
   Delta Per Volume: 0.00%
   Institutional Ratio: 0.0%
   Aggression Score: 0.0%

📊 VOLUME PROFILE (Support/Resistance Strength):
   Point of Control (POC): $0.000000
   Value Area High: $0.000000
   Value Area Low: $0.000000
   Current Position: ABOVE_VALUE_AREA
   ⚠️ DISTRIBUTION RISK: Price above value area - potential rejection zone

⚡ MOMENTUM CASCADE (Multi-Timeframe Alignment):
   Cascade Detected: NO
   Alignment Score: -0.2%
   Cascade Strength: 0.0%
   Accelerating: None
   Diverging: 1h

💥 BREAKOUT CONFIRMATION:
   Quality: NO_BREAKOUT
   Volume Confirmation: NO
   Retest Strength: 0.0%
   False Breakout Risk: 0.0%
   No breakout detected - price below resistance


levels:
Entry=0.081836, StopLoss=0.0797901, TakeProfit=0.08226015, 0.0826843, 0.08302362000000002

---

=== Token: PUMP (PUMP) ===
Contract: PUMP-USD
Timestamp: 2025-12-20T15:00:00.000Z

Calculations:
{
  "momentumScore": 13.58584202910129,
  "volumeScore": 3.8095238095237876,
  "patternScore": 30,
  "totalScore": 11.219654176192453,
  "finalScore": 0,
  "weights": "0.23,0.45,0.23",
  "hourlyUptrend": true,
  "rsi": 42.857142857142726,
  "ultraShortVolumeSurge": 0.5370244362817757,
  "baseVolumeSurge": 0.019838086369487952,
  "currentPrice": 0.001959,
  "resistance": 0.001977,
  "support": 0.001942,
  "rocMin5": -0.004067107269954344,
  "shortROC": -0.003053435114504001,
  "priceAcceleration": -0.001017229350204815,
  "buySellRatio": 0.34749190367399774,
  "macdHistogram": -0.0000015806307971494356,
  "stochasticK": 59.52380952380947,
  "atr": 0.0000048571428571428356,
  "bbUpper": 0.0019876594946885724,
  "bbLower": 0.001951840505311428,
  "hammerDetected": false,
  "engulfingDetected": false,
  "compressionSpring": {
    "detected": true,
    "confidence": 66,
    "signals": {
      "sidewaysPrice": true,
      "atrCompression": true,
      "bbSqueeze": true,
      "consolidationTime": true,
      "strongBuying": false,
      "obvPositive": false,
      "chaikinPositive": false,
      "rsiNeutral": true,
      "volumeBuilding": false
    },
    "metrics": {
      "priceRange": 1.8,
      "atrRatio": 0.354,
      "bbWidth": 1.82,
      "volumeRatio": 1.321,
      "signalCount": 5,
      "buySellRatio": 0.347
    }
  },
  "riskTier": "LOW",
  "atrPercent": 0.5396339240137094,
  "distanceToResistance": 0.9188361408882196,
  "slPercent": 2.5,
  "tpPercent": 0.7810107197549867,
  "trailingActivation": 0.468606431852992,
  "shortMomentumScore": 35,
  "overboughtScore": 0,
  "shortPatternScore": 0,
  "shootingStarDetected": false,
  "bearishEngulfingDetected": false,
  "eveningStarDetected": false,
  "bearishPatternsCount": 0,
  "shortTotalScore": 14,
  "chaikin": -0.005170453254942875,
  "obvIncreasing": false,
  "obvTrend": "declining",
  "adx": 37.34939759036042,
  "recentCandles": {
    "redCount": 3,
    "greenCount": 7
  },
  "resistanceDistance": 0.9188361408882196,
  "multiplePatterns": false,
  "bullishPattern": false,
  "priceAboveVWAP": false,
  "breakingResistance": true,
  "atrSufficient": false,
  "macdDivergenceBearish": false,
  "rvolMin1": -0.5141173425036348,
  "rvolMin5": -0.39975536851600785,
  "atrPercentileOld": 0.4024390243902439,
  "vwapDeviation": -0.7318458926764037,
  "bbWidthPercent": 1.818453579243275,
  "bbSqueeze": true,
  "multiTFMomentum": {
    "min1": {
      "roc1": -0.0010167768174884758,
      "roc3": 0
    },
    "min5": {
      "roc1": -0.003053435114504001,
      "roc3": -0.0025458248472506263
    },
    "min15": {
      "roc1": 0.00101781170483452,
      "roc3": 0.003571428571428603
    },
    "hourly": {
      "roc1": 0.009160305343511341,
      "roc3": 0.003542510121457521
    },
    "fourHour": {
      "roc1": 0.002021222839818139,
      "roc3": 0.0030349013657055787
    },
    "divergenceShortUpLongDown": false
  },
  "returnZMin5": -1.166824071323151,
  "wickClosePct": 0.12499999999996612,
  "wickUpper": 0,
  "wickLower": 9.99999999999699e-7,
  "wickRatio": 0.1428571428570986,
  "donchianBreakout15": false,
  "bbWidthPercentile15": 0.33766233766233766,
  "signedMin5": -33422328,
  "signedMin5Z": -3.043008422971706,
  "signedMin1": 20694511,
  "signedMin1Z": 9.956719439628866,
  "streakMin1": {
    "upStreak": 0,
    "downStreak": 2
  },
  "streakMin5": {
    "upStreak": 0,
    "downStreak": 2
  },
  "rvolPercentileMin1": 0.050694444444444445,
  "rvolPercentileMin5": 0.3819444444444444,
  "perTfMetrics": {
    "min1": {
      "sma20": 0.0019641500000000004,
      "sma50": 0.0019590599999999994,
      "ema20": 0.001963491151644738,
      "ema50": 0.0019614860083220415,
      "vwma20": 0.00196412744795779,
      "hma21": 0.001966047619047619,
      "atr14": 0.000001785714285714244,
      "atrPercentile": 0.07200402819738168,
      "rvolZ": -0.5141173425036348,
      "rvolPercentile": 0.050694444444444445,
      "mfi14": 49.27229498899043,
      "ppo": {
        "ppo": 0.11226677957481807,
        "signal": 0.11092192233281804,
        "histogram": 0.001344857242000022
      },
      "stochRsi": {
        "k": 0,
        "d": 58.96825396825407
      },
      "vprofile": {
        "vpBins": [
          0.007849888217532562,
          0.02927932612025662,
          0.05813515208775814,
          0.023631250361530968,
          0.05981233853452656,
          0.0991711098771324,
          0.06836722021926869,
          0.03922018961183803,
          0.05449832532216544,
          0.13527530644225597,
          0.11065822729570535,
          0.06952548231242157,
          0.1368439792549168,
          0.01352687176633571,
          0.05304771296992578,
          0,
          0,
          0,
          0.03939741689552319,
          0.0017602027109062252
        ],
        "currentBinShare": 0.06836722021926869
      },
      "ttm": {
        "squeeze": false,
        "release": false,
        "widthPct": 0.34844464286877863
      }
    },
    "min5": {
      "sma20": 0.0019599500000000002,
      "sma50": 0.001968379999999999,
      "ema20": 0.0019622823715154053,
      "ema50": 0.0019683088324958,
      "vwma20": 0.0019568888252604853,
      "hma21": 0.001962095238095238,
      "atr14": 0.0000048571428571428356,
      "atrPercentile": 0.38686131386861317,
      "rvolZ": -0.39975536851600785,
      "rvolPercentile": 0.3819444444444444,
      "mfi14": 60.95171273859602,
      "ppo": {
        "ppo": -0.0714766363464849,
        "signal": -0.1361528565588084,
        "histogram": 0.0646762202123235
      },
      "stochRsi": {
        "k": 49.78354978354951,
        "d": 48.37662337662328
      },
      "vprofile": {
        "vpBins": [
          0,
          0.011703130216152735,
          0.03173200646658332,
          0.023620481480658085,
          0.052949185542466595,
          0.030529440113462838,
          0.031175350003478156,
          0.18524140920513477,
          0.14353546634800923,
          0.08747019450240626,
          0.11031005629373894,
          0.13941117635779623,
          0.03228348873350549,
          0.013437334054852939,
          0.03109278922348963,
          0.031864541082781556,
          0.0044623643522683385,
          0.022384332398725445,
          0,
          0.01679725362448945
        ],
        "currentBinShare": 0.023620481480658085
      },
      "ttm": {
        "squeeze": false,
        "release": false,
        "widthPct": 1.1855934793408
      }
    },
    "min15": {
      "sma20": 0.00196975,
      "sma50": 0.001979819999999999,
      "ema20": 0.0019699607509080876,
      "ema50": 0.001976767965529759,
      "vwma20": 0.001966137799805723,
      "hma21": 0.0019561471861471863,
      "atr14": 0.000010571428571428565,
      "atrPercentile": 0.4024390243902439,
      "rvolZ": 0.15880663402227302,
      "rvolPercentile": 0.6979166666666666,
      "mfi14": 29.561807784910414,
      "ppo": {
        "ppo": -0.3155101658441118,
        "signal": -0.3134228878216563,
        "histogram": -0.0020872780224555076
      },
      "stochRsi": {
        "k": 100,
        "d": 42.96788482834987
      },
      "vprofile": {
        "vpBins": [
          0,
          0,
          0.060958330908866556,
          0.05820881440941478,
          0.06779266808319852,
          0.05101095549350592,
          0.0539769677454827,
          0.15985986347605421,
          0.07183480451449398,
          0.07238086748080998,
          0.10869516380831437,
          0.13196356438820647,
          0.07350894529845821,
          0.005931034002292098,
          0.026404831450142732,
          0.016079234856055467,
          0.02835406676269027,
          0.013039887322013747,
          0,
          0
        ],
        "currentBinShare": 0.05101095549350592
      },
      "ttm": {
        "squeeze": false,
        "release": false,
        "widthPct": 1.818453579243275
      }
    },
    "hourly": {
      "sma20": 0.00198255,
      "sma50": 0.00195376,
      "ema20": 0.001977408297531791,
      "ema50": 0.0019991695082918677,
      "vwma20": 0.0019864439547347956,
      "hma21": 0.0019766536796536793,
      "atr14": 0.000024357142857142854,
      "atrPercentile": 0.10559006211180125,
      "rvolZ": 0.6647286927049241,
      "rvolPercentile": 0.8333333333333334,
      "mfi14": 24.628927551709026,
      "ppo": {
        "ppo": 0.003653018603541964,
        "signal": 0.09612063306371614,
        "histogram": -0.09246761446017418
      },
      "stochRsi": {
        "k": 37.49475157452743,
        "d": 42.19229892914107
      },
      "vprofile": {
        "vpBins": [
          0.06474721501343335,
          0.0822672830351236,
          0.0951388427772124,
          0.16856716575481884,
          0.08856171943009293,
          0.022692757004970435,
          0.029347075758139555,
          0.016708524060764285,
          0.02908007917025612,
          0.07933132338394827,
          0.012781802268216782,
          0.0664575426363291,
          0.037121787589178015,
          0.025059221447156853,
          0,
          0.056009254759614234,
          0.06917092658245633,
          0.04633473815079958,
          0.003092415015371334,
          0.0075303261621179965
        ],
        "currentBinShare": 0.16856716575481884
      },
      "ttm": {
        "squeeze": true,
        "release": false,
        "widthPct": 2.592816872377279
      }
    },
    "fourHour": {
      "sma20": 0.0020118999999999996,
      "sma50": 0.00238038,
      "ema20": 0.002056953423350317,
      "ema50": 0.002307606194366849,
      "vwma20": 0.0019912813750553003,
      "hma21": 0.0018961298701298695,
      "atr14": 0.0000782857142857143,
      "atrPercentile": 0.2714285714285714,
      "rvolZ": 0.09600984382749002,
      "rvolPercentile": 0.6666666666666666,
      "mfi14": 58.32297469078107,
      "ppo": {
        "ppo": -5.537169373254317,
        "signal": -6.58889824746006,
        "histogram": 1.0517288742057431
      },
      "stochRsi": {
        "k": 97.96597196787613,
        "d": 43.09007878836709
      },
      "vprofile": {
        "vpBins": [
          0.06605536876418333,
          0.03662777474999492,
          0.16624866572227048,
          0.09928871168231618,
          0,
          0,
          0.03593260891176164,
          0.04763329203903771,
          0.03692516718676039,
          0.04079085403835169,
          0.025679509584567967,
          0.006105377433654534,
          0.06652134672636942,
          0.07915272164845454,
          0.039918937357034855,
          0.01162422211397288,
          0.09836366200049898,
          0.09753513755927638,
          0.04559664248149408,
          0
        ],
        "currentBinShare": 0.16624866572227048
      },
      "ttm": {
        "squeeze": false,
        "release": false,
        "widthPct": 21.335198981849437
      }
    },
    "daily": {
      "sma20": 0.0026949,
      "sma50": 0.0031473399999999998,
      "ema20": 0.0025667905470838897,
      "ema50": 0.0031284345264589084,
      "vwma20": 0,
      "hma21": 0.0021473246753246768,
      "atr14": 0.0002276428571428571,
      "atrPercentile": 0.013157894736842105,
      "rvolZ": 0,
      "rvolPercentile": 1,
      "mfi14": 50,
      "ppo": {
        "ppo": -11.936051663636718,
        "signal": -8.67628485155747,
        "histogram": -3.2597668120792473
      },
      "stochRsi": {
        "k": 3.8827744534154607,
        "d": 20.668487017898084
      },
      "vprofile": {
        "vpBins": [
          0,
          0,
          0,
          0,
          0,
          0,
          0,
          0,
          0,
          0,
          0,
          0,
          0,
          0,
          0,
          0,
          0,
          0,
          0,
          0
        ],
        "currentBinShare": 0
      },
      "ttm": {
        "squeeze": false,
        "release": false,
        "widthPct": 61.963613901820004
      }
    }
  },
  "smaMin5": 0.0019599500000000002,
  "emaMin5": 0.0019622823715154053,
  "vwmaMin5": 0.0019568888252604853,
  "hmaMin5": 0.001962095238095238,
  "keltner15": {
    "upper": 0.001987960750908088,
    "middle": 0.0019699607509080876,
    "lower": 0.0019519607509080876
  },
  "superTrend15": {
    "isBull": true,
    "finalUpper": 0.0019990000000000003,
    "finalLower": 0.0019270000000000003
  },
  "mfi15": 29.561807784910414,
  "stochRsi15": {
    "k": 100,
    "d": 42.96788482834987
  },
  "ppo15": {
    "ppo": -0.3155101658441118,
    "signal": -0.3134228878216563,
    "histogram": -0.0020872780224555076
  },
  "vpMin15": {
    "vpBins": [
      0,
      0,
      0.060958330908866556,
      0.05820881440941478,
      0.06779266808319852,
      0.05101095549350592,
      0.0539769677454827,
      0.15985986347605421,
      0.07183480451449398,
      0.07238086748080998,
      0.10869516380831437,
      0.13196356438820647,
      0.07350894529845821,
      0.005931034002292098,
      0.026404831450142732,
      0.016079234856055467,
      0.02835406676269027,
      0.013039887322013747,
      0,
      0
    ],
    "currentBinShare": 0.05101095549350592
  },
  "ttm15": {
    "squeeze": false,
    "release": false,
    "widthPct": 1.818453579243275
  },
  "marketCorrelation": {
    "hourly": {
      "btcCorrelation": 0,
      "ethCorrelation": 0,
      "btcBeta": 1,
      "ethBeta": 1,
      "btcTrend": "UNKNOWN",
      "ethTrend": "UNKNOWN",
      "tokenVol": 0,
      "btcVol": 0,
      "ethVol": 0,
      "marketDependence": 0,
      "verdict": "INSUFFICIENT_DATA"
    },
    "min15": {
      "btcCorrelation": 0,
      "ethCorrelation": 0,
      "btcBeta": 1,
      "ethBeta": 1,
      "btcTrend": "UNKNOWN",
      "ethTrend": "UNKNOWN",
      "tokenVol": 0,
      "btcVol": 0,
      "ethVol": 0,
      "marketDependence": 0,
      "verdict": "INSUFFICIENT_DATA"
    },
    "daily": {
      "btcCorrelation": 0,
      "ethCorrelation": 0,
      "btcBeta": 1,
      "ethBeta": 1,
      "btcTrend": "UNKNOWN",
      "ethTrend": "UNKNOWN",
      "tokenVol": 0,
      "btcVol": 0,
      "ethVol": 0,
      "marketDependence": 0,
      "verdict": "INSUFFICIENT_DATA"
    }
  },
  "tradeTape": {
    "totalTrades": 0,
    "totalVolume": 0,
    "buysVolume": 0,
    "sellsVolume": 0,
    "buySellRatio": 0.5,
    "vwap": 0,
    "signedVolume": 0,
    "avgTradeSize": 0,
    "tradesPerSec": 0,
    "cumulativeDelta": 0,
    "tradesLast1m": 0,
    "tradesLast5m": 0,
    "tradesLast15m": 0,
    "tradesLast1h": 0,
    "buyVWAP": 0,
    "sellVWAP": 0,
    "aggressorVWAP": 0,
    "bucketDurationMs": 60000,
    "bucketCount": 15,
    "bucketSignedVolumes": [],
    "bucketVolumes": [],
    "bucketVWAPs": [],
    "latestBucketSignedZ": 0
  },
  "enhancedMetrics": {
    "relativeVolumeZScore": -1,
    "volumePercentile": 40,
    "atrPercentile": 38.32116788321168,
    "volatilityPercentile": 19.62025316455696,
    "relativeVolatilityRatio": 0.7129866787906023,
    "isHighVolume": false,
    "isHighVolatility": false,
    "isLowVolatility": true,
    "isExpandingVolatility": false,
    "isContractingVolatility": true
  },
  "orderBook": {
    "bidAskSpread": 0,
    "spreadPct": 0,
    "midPrice": 0,
    "bestBid": 0,
    "bestAsk": 0,
    "bidDepth": 0,
    "askDepth": 0,
    "orderBookImbalance": 0,
    "liquidityScore": 0,
    "depthAt1Pct": {
      "bidVolume": 0,
      "askVolume": 0,
      "imbalance": 0
    },
    "depthAt2Pct": {
      "bidVolume": 0,
      "askVolume": 0,
      "imbalance": 0
    },
    "depthAt5Pct": {
      "bidVolume": 0,
      "askVolume": 0,
      "imbalance": 0
    },
    "weightedMidPrice": 0,
    "volumeWeightedSpread": 0,
    "totalBidLevels": 0,
    "totalAskLevels": 0
  },
  "marketCap": {
    "marketCap": 0,
    "totalVolume24h": 0,
    "volumeToMarketCapRatio": 0,
    "marketCapRank": 0,
    "normalizedRank": 0,
    "isHighLiquidity": false,
    "isVeryHighLiquidity": false,
    "isLowLiquidity": true,
    "liquidityTier": "VERY_LOW"
  },
  "sweeps": {
    "sweepScore": 0,
    "sweepCount": 0,
    "sweepDirection": "NEUTRAL",
    "buySweeps": 0,
    "sellSweeps": 0,
    "avgSweepSize": 0,
    "avgSweepIntensity": 0,
    "bidLiftRatio": 0,
    "askLiftRatio": 0,
    "sweepFrequency": 0,
    "largestSweep": null,
    "recentSweepClusters": 0,
    "sweepDetails": []
  },
  "absorption": {
    "absorptionScore": 0,
    "absorptionLevel": null,
    "absorptionSide": "NONE",
    "icebergProbability": 0,
    "hiddenLiquidityEstimate": 0,
    "volumeAtPrice": {},
    "topAbsorptionLevels": [],
    "persistenceDuration": 0,
    "refillDetected": false
  },
  "orderArrival": {
    "avgInterArrivalTime": 0,
    "recentInterArrivalTime": 0,
    "accelerationRatio": 1,
    "hawkesIntensity": 0,
    "hawkesDirection": "NEUTRAL",
    "clusteringScore": 0,
    "burstCount": 0,
    "cascadeDetected": false,
    "timeToNextTrade": 0,
    "accelerationTrend": "STABLE"
  },
  "liquidityVacuum": {
    "vacuumScore": 0,
    "vacuumSide": "NONE",
    "bidVacuumSeverity": 0,
    "askVacuumSeverity": 0,
    "depthConcentration": 0,
    "priceImpact10k": 0,
    "priceImpact50k": 0,
    "priceImpact100k": 0,
    "largestGapBid": 0,
    "largestGapAsk": 0,
    "avgGapBid": 0,
    "avgGapAsk": 0,
    "bidCliffDistance": 0,
    "askCliffDistance": 0
  },
  "volatilityRegime": {
    "regime": "LOW",
    "regimeScore": -1,
    "currentATR": 0.000238,
    "avgATR": 0.00033,
    "atrPercentile": 1.3,
    "realizedVolatility": 95.73,
    "volPercentile": 3.4,
    "expanding": false,
    "contracting": true,
    "transitionProbability": 0.4,
    "daysInRegime": 9,
    "regimeStrength": 1.76
  },
  "temporalPatterns": {
    "currentHour": 17,
    "currentDay": 0,
    "currentDayName": "Sunday",
    "dayBias": "NEUTRAL",
    "hourlyProfile": [
      {
        "avgVolume": 52077624.29,
        "avgATR": 0.000044,
        "avgReturn": -0.545
      },
      {
        "avgVolume": 63856065.86,
        "avgATR": 0.000041,
        "avgReturn": -0.063
      },
      {
        "avgVolume": 40666958.07,
        "avgATR": 0.000036,
        "avgReturn": 0.46
      },
      {
        "avgVolume": 41607603.36,
        "avgATR": 0.000033,
        "avgReturn": -0.398
      },
      {
        "avgVolume": 53927782.36,
        "avgATR": 0.000033,
        "avgReturn": 0.221
      },
      {
        "avgVolume": 36062704.43,
        "avgATR": 0.000032,
        "avgReturn": 0.079
      },
      {
        "avgVolume": 33607795.43,
        "avgATR": 0.000024,
        "avgReturn": 0.192
      },
      {
        "avgVolume": 40053335.29,
        "avgATR": 0.000031,
        "avgReturn": -0.183
      },
      {
        "avgVolume": 34122728.21,
        "avgATR": 0.000029,
        "avgReturn": -0.027
      },
      {
        "avgVolume": 39771221.64,
        "avgATR": 0.000031,
        "avgReturn": -0.077
      },
      {
        "avgVolume": 29343883.43,
        "avgATR": 0.000033,
        "avgReturn": 0.054
      },
      {
        "avgVolume": 30510964.93,
        "avgATR": 0.000031,
        "avgReturn": 0.265
      },
      {
        "avgVolume": 32249838.64,
        "avgATR": 0.000033,
        "avgReturn": 0.254
      },
      {
        "avgVolume": 49488822.79,
        "avgATR": 0.000041,
        "avgReturn": -0.338
      },
      {
        "avgVolume": 84308183.36,
        "avgATR": 0.000057,
        "avgReturn": -0.523
      },
      {
        "avgVolume": 131091556.79,
        "avgATR": 0.000091,
        "avgReturn": -0.473
      },
      {
        "avgVolume": 101249762.15,
        "avgATR": 0.00006,
        "avgReturn": -0.373
      },
      {
        "avgVolume": 104781936.5,
        "avgATR": 0.000064,
        "avgReturn": -0.735
      },
      {
        "avgVolume": 89121973.93,
        "avgATR": 0.000054,
        "avgReturn": 0.218
      },
      {
        "avgVolume": 84775452.29,
        "avgATR": 0.000049,
        "avgReturn": -0.379
      },
      {
        "avgVolume": 66532142.79,
        "avgATR": 0.000043,
        "avgReturn": -0.053
      },
      {
        "avgVolume": 48411994.29,
        "avgATR": 0.000052,
        "avgReturn": -0.15
      },
      {
        "avgVolume": 56749924.93,
        "avgATR": 0.000042,
        "avgReturn": -0.163
      },
      {
        "avgVolume": 41345493.79,
        "avgATR": 0.000033,
        "avgReturn": -0.166
      }
    ],
    "dailyProfile": [
      {
        "avgVolume": 36854564.6,
        "avgATR": 0.000046,
        "avgReturn": -0.159
      },
      {
        "avgVolume": 59253050.69,
        "avgATR": 0.000049,
        "avgReturn": 0.004
      },
      {
        "avgVolume": 59446516.52,
        "avgATR": 0.00005,
        "avgReturn": -0.136
      },
      {
        "avgVolume": 62486786.27,
        "avgATR": 0.000048,
        "avgReturn": -0.37
      },
      {
        "avgVolume": 74955216.15,
        "avgATR": 0.000042,
        "avgReturn": -0.237
      },
      {
        "avgVolume": 76435556.9,
        "avgATR": 0.000038,
        "avgReturn": 0.072
      },
      {
        "avgVolume": 33320203.34,
        "avgATR": 0.000023,
        "avgReturn": -0.013
      }
    ],
    "favorableHours": [
      15,
      17,
      16,
      18,
      19,
      14
    ],
    "favorableWindow": true,
    "currentVsAvgVolume": 0,
    "currentVsAvgVolatility": 0,
    "anomalyDetected": true,
    "timeUntilFavorable": null,
    "temporalScore": 0.5
  },
  "unifiedMicrostructure": {
    "signalDirections": {
      "vpin": "NEUTRAL",
      "sweeps": "NEUTRAL",
      "absorption": "NEUTRAL",
      "arrival": "NEUTRAL",
      "vacuum": "NONE",
      "volRegime": "FAVORABLE",
      "temporal": "FAVORABLE"
    },
    "consensusDirection": "BULLISH",
    "consensusStrength": 100,
    "bullishSignals": 2,
    "bearishSignals": 0,
    "neutralSignals": 0,
    "totalAvailableSignals": 2,
    "dominantPattern": "NONE",
    "clusters": {
      "strongBuyCluster": false,
      "distributionPattern": false,
      "accumulationPattern": false,
      "momentumCascade": false
    },
    "adaptiveWeights": {
      "vpin": 0,
      "sweeps": 0,
      "absorption": 0,
      "arrival": 0,
      "vacuum": 0,
      "volRegime": 0.03,
      "temporal": 0.02
    },
    "convictionLevel": "HIGH",
    "convictionScore": 100,
    "riskAdjustment": "INCREASE",
    "timingQuality": "FAVORABLE",
    "signalQuality": "LOW"
  },
  "deltaAnalysis": {
    "currentDelta": 0,
    "cumulativeDelta": 0,
    "deltaPerVolume": 0,
    "deltaDirection": "NEUTRAL",
    "deltaDivergence": false,
    "institutionalRatio": 0,
    "aggressionScore": 0
  },
  "volumeProfile": {
    "pointOfControl": 0,
    "valueAreaHigh": 0,
    "valueAreaLow": 0,
    "currentPosition": "ABOVE_VALUE_AREA",
    "volumeNodes": [],
    "airPockets": []
  },
  "momentumCascade": {
    "cascadeDetected": false,
    "alignmentScore": 0.0013636002654799707,
    "cascadeStrength": 0,
    "acceleratingTimeframes": [],
    "divergingTimeframes": [
      "1m",
      "5m",
      "15m",
      "1h"
    ]
  },
  "breakoutConfirmation": {
    "breakoutConfirmed": false,
    "volumeConfirmation": false,
    "retestStrength": 0,
    "falseBreakoutRisk": 0,
    "breakoutQuality": "NO_BREAKOUT"
  },
  "liquidityHeatmap": {
    "liquidityScore": 0,
    "magnetDirection": "NONE",
    "magnetStrength": 0,
    "priceTarget5pct": null,
    "message": "No order book data"
  },
  "smartMoneyDivergence": {
    "divergenceDetected": false,
    "divergenceDirection": "NONE",
    "smartMoneyScore": 0.5,
    "message": "Insufficient trade data"
  },
  "microstructure": {
    "raw": -0.03014459946410422,
    "pct": 49,
    "summary": {
      "latestBucketSignedZ": 0,
      "buySellRatio": 0.5,
      "tradesPerSec": 0,
      "vwap": 0,
      "aggressorVWAP": 0,
      "vpinToxicity": "UNKNOWN",
      "sweepDirection": "NEUTRAL",
      "absorptionSide": "NONE",
      "icebergDetected": false,
      "hawkesDirection": "NEUTRAL",
      "cascadeDetected": false,
      "vacuumSide": "NONE",
      "volatilityRegime": "LOW",
      "volExpanding": false,
      "favorableTimeWindow": true,
      "temporalAnomaly": true,
      "consensusDirection": "BULLISH",
      "consensusStrength": 100,
      "dominantPattern": "NONE",
      "convictionLevel": "HIGH",
      "riskAdjustment": "INCREASE",
      "timingQuality": "FAVORABLE",
      "deltaDirection": "NEUTRAL",
      "deltaDivergence": false,
      "institutionalRatio": 0,
      "volumeProfilePosition": "ABOVE_VALUE_AREA",
      "pointOfControl": 0,
      "momentumCascadeDetected": false,
      "cascadeStrength": 0,
      "breakoutQuality": "NO_BREAKOUT",
      "breakoutConfirmed": false,
      "magnetDirection": "NONE",
      "magnetStrength": 0,
      "priceTarget5pct": null,
      "nearestBidWall": 0,
      "nearestAskWall": 0,
      "divergenceDetected": false,
      "divergenceDirection": "NONE",
      "whaleAccumulation": false,
      "whaleDistribution": false,
      "retailPanic": false,
      "smartMoneyScore": 0.5
    }
  }
}

=== MICROSTRUCTURE ALERTS ===

🔬 VPIN: Insufficient data for VPIN analysis

🌊 SWEEP DETECTION: No significant sweeps detected

🧊 ABSORPTION & ICEBERG: No significant absorption or iceberg orders detected

⚡ ORDER ARRIVAL DYNAMICS: Insufficient trades for analysis

🌪️ LIQUIDITY VACUUM: No significant vacuum detected

📊 VOLATILITY REGIME DETECTION:
   Current Regime: LOW
   Regime Score: -1.00 (-1=low vol, +1=extreme vol)
   Days in Regime: 9
   ATR: $0.000238 (avg: $0.000330)
   ATR Percentile: 1.3%
   Realized Volatility: 95.73% (annualized)
   Vol Percentile: 3.4%

   🔵 LOW VOLATILITY REGIME:
   ✅ Ideal for breakout setups - price coiling
   ✅ Tight stops recommended
   ✅ Can increase position size (lower risk)

   📉 VOLATILITY CONTRACTING:
   🔄 Consolidation phase - accumulation likely
   ⏳ Wait for expansion before entering

   📍 MODERATE REGIME TRANSITION PROBABILITY: 40%
   Monitor for potential regime change

   ✅ STABLE REGIME: 9 days - predictable conditions

⏰ TEMPORAL PATTERN ANALYSIS:
   Current Time: Sunday 17:00 UTC
   Day Bias: NEUTRAL
   Current vs Avg Volume: 0x
   Current vs Avg Volatility: 0x

   ✅ FAVORABLE TIME WINDOW:
   This hour historically shows strong volume and positive returns
   GOOD time to trade - patterns favor entry

   ⚠️ LOW ACTIVITY ANOMALY:
   Volume 0x below typical - Extremely quiet

   📉 LOW VOLATILITY ANOMALY:
   Volatility 0x below typical - Consolidation likely

   🔥 Best Trading Hours (UTC): 15:00, 17:00, 16:00

🎯 UNIFIED MICROSTRUCTURE INTEGRATION:
   Signal Consensus: BULLISH (100% agreement)
   Available Signals: 2 (2 bullish / 0 bearish / 0 neutral)
   Conviction Level: HIGH (100%)
   Signal Quality: LOW
   Risk Adjustment: INCREASE
   Timing Quality: FAVORABLE

   ✅ HIGH CONVICTION: 100% of signals agree on direction
   Strong institutional alignment - Follow the smart money

   💰 RISK INCREASE OPPORTUNITY: Low vol + Favorable timing = Lower risk

   ⏰ FAVORABLE TIMING: Good time window for trading

   Signal Directions Breakdown:
   • VPIN: NEUTRAL
   • Sweeps: NEUTRAL
   • Absorption: NEUTRAL
   • Arrival Dynamics: NEUTRAL
   • Liquidity Vacuum: NONE
   • Vol Regime: FAVORABLE
   • Temporal: FAVORABLE

   Adaptive Weights (Total: 5.0%):
   • VPIN: 0.0%
   • Sweeps: 0.0%
   • Absorption: 0.0%
   • Arrival: 0.0%
   • Vacuum: 0.0%
   • Vol Regime: 3.0%
   • Temporal: 2.0%


💹 DELTA ANALYSIS (Order Flow Aggression):
   Direction: NEUTRAL
   Delta Per Volume: 0.00%
   Institutional Ratio: 0.0%
   Aggression Score: 0.0%

📊 VOLUME PROFILE (Support/Resistance Strength):
   Point of Control (POC): $0.000000
   Value Area High: $0.000000
   Value Area Low: $0.000000
   Current Position: ABOVE_VALUE_AREA
   ⚠️ DISTRIBUTION RISK: Price above value area - potential rejection zone

⚡ MOMENTUM CASCADE (Multi-Timeframe Alignment):
   Cascade Detected: NO
   Alignment Score: 0.1%
   Cascade Strength: 0.0%
   Accelerating: None
   Diverging: 1m, 5m, 15m, 1h

💥 BREAKOUT CONFIRMATION:
   Quality: NO_BREAKOUT
   Volume Confirmation: NO
   Retest Strength: 0.0%
   False Breakout Risk: 0.0%
   No breakout detected - price below resistance


levels:
Entry=0.001955082, StopLoss=0.0019062049499999998, TakeProfit=0.0019627167, 0.0019703514, 0.00197645916

---

=== Token: MAMO (MAMO) ===
Contract: MAMO-USD
Timestamp: 2025-12-20T15:00:00.000Z

Calculations:
{
  "momentumScore": 32.49862731640357,
  "volumeScore": 58.78391829253375,
  "patternScore": 9.888791975577938,
  "totalScore": 35.79435371250049,
  "finalScore": 35.79435371250049,
  "weights": "0.23,0.45,0.23",
  "hourlyUptrend": false,
  "rsi": 29.166666666666245,
  "ultraShortVolumeSurge": 0.3583468028594758,
  "baseVolumeSurge": 0.005439395333352891,
  "currentPrice": 0.02325,
  "resistance": 0.0235,
  "support": 0.02293,
  "rocMin5": 0,
  "shortROC": -0.0008594757198108803,
  "priceAcceleration": 1.8483348813137465e-7,
  "buySellRatio": 0.0000817506910488103,
  "macdHistogram": -0.000013904435429950323,
  "stochasticK": 34.782608695652286,
  "atr": 0.00006499999999999909,
  "bbUpper": 0.023573885060693474,
  "bbLower": 0.02321511493930653,
  "hammerDetected": false,
  "engulfingDetected": false,
  "compressionSpring": {
    "detected": true,
    "confidence": 54,
    "signals": {
      "sidewaysPrice": true,
      "atrCompression": true,
      "bbSqueeze": true,
      "consolidationTime": true,
      "strongBuying": false,
      "obvPositive": false,
      "chaikinPositive": false,
      "rsiNeutral": false,
      "volumeBuilding": false
    },
    "metrics": {
      "priceRange": 2.97,
      "atrRatio": 0.576,
      "bbWidth": 1.53,
      "volumeRatio": 5.16,
      "signalCount": 4,
      "buySellRatio": 0
    }
  },
  "riskTier": "MEDIUM",
  "atrPercent": 0.5468509984639017,
  "distanceToResistance": 1.0752688172043021,
  "slPercent": 3,
  "tpPercent": 0.9139784946236568,
  "trailingActivation": 0.5483870967741941,
  "shortMomentumScore": 10,
  "overboughtScore": 0,
  "shortPatternScore": 0,
  "shootingStarDetected": false,
  "bearishEngulfingDetected": false,
  "eveningStarDetected": false,
  "bearishPatternsCount": 0,
  "shortTotalScore": 4,
  "chaikin": 0.03639697705861886,
  "obvIncreasing": true,
  "obvTrend": "increasing",
  "adx": 36.63366336633719,
  "recentCandles": {
    "redCount": 4,
    "greenCount": 6
  },
  "resistanceDistance": 1.0752688172043021,
  "multiplePatterns": false,
  "bullishPattern": false,
  "priceAboveVWAP": false,
  "breakingResistance": false,
  "atrSufficient": false,
  "macdDivergenceBearish": false,
  "rvolMin1": -0.4111693148723735,
  "rvolMin5": 0.18139577761412268,
  "atrPercentileOld": 0.573170731707317,
  "vwapDeviation": -1.1901305022894362,
  "bbWidthPercent": 1.5335661005233856,
  "bbSqueeze": true,
  "multiTFMomentum": {
    "min1": {
      "roc1": 0,
      "roc3": 0.0008602150537634058
    },
    "min5": {
      "roc1": -0.0008594757198108803,
      "roc3": 0
    },
    "min15": {
      "roc1": -0.004297378599054551,
      "roc3": -0.007283633247643531
    },
    "hourly": {
      "roc1": -0.002148689299527201,
      "roc3": -0.009385665529010153
    },
    "fourHour": {
      "roc1": -0.010651896037494684,
      "roc3": -0.022315789473684178
    },
    "divergenceShortUpLongDown": false
  },
  "returnZMin5": -0.23646556642757813,
  "wickClosePct": 0.6,
  "wickUpper": 0,
  "wickLower": 0.000029999999999998778,
  "wickRatio": 1.5,
  "donchianBreakout15": false,
  "bbWidthPercentile15": 0.5714285714285714,
  "signedMin5": -1516687.2999999993,
  "signedMin5Z": -15.141686388453385,
  "signedMin1": -369479.80000000005,
  "signedMin1Z": -10.006823515846019,
  "streakMin1": {
    "upStreak": 0,
    "downStreak": 0
  },
  "streakMin5": {
    "upStreak": 0,
    "downStreak": 1
  },
  "rvolPercentileMin1": 0.0763888888888889,
  "rvolPercentileMin5": 0.7916666666666666,
  "perTfMetrics": {
    "min1": {
      "sma20": 0.023270500000000003,
      "sma50": 0.023312600000000003,
      "ema20": 0.023274194408033494,
      "ema50": 0.023311383860645143,
      "vwma20": 0.023279448827341075,
      "hma21": 0.023238441558441555,
      "atr14": 0.000019285714285713997,
      "atrPercentile": 0.010141987829614604,
      "rvolZ": -0.4111693148723735,
      "rvolPercentile": 0.0763888888888889,
      "mfi14": 97.83598448653814,
      "ppo": {
        "ppo": -0.07157620900983663,
        "signal": -0.086692934537927,
        "histogram": 0.01511672552809036
      },
      "stochRsi": {
        "k": 100,
        "d": 45.238095238095006
      },
      "vprofile": {
        "vpBins": [
          0,
          0,
          0,
          0,
          0,
          0,
          0.15217705658340686,
          0.00014547012016712555,
          0.022383785268623575,
          0.031182642722749666,
          0.0021970624775986525,
          0.05521616789807017,
          0.018316526102813455,
          0.1466065950568513,
          0.0666429275619845,
          0.37958714972798174,
          0.08206979863846506,
          0.0004892145797686455,
          0.027042164819547507,
          0.015943438441971988
        ],
        "currentBinShare": 0.15217705658340686
      },
      "ttm": {
        "squeeze": false,
        "release": false,
        "widthPct": 0.5025436980226049
      }
    },
    "min5": {
      "sma20": 0.023317,
      "sma50": 0.023426199999999994,
      "ema20": 0.02331875123981755,
      "ema50": 0.023400114874875626,
      "vwma20": 0.023297985205126822,
      "hma21": 0.023269567099567096,
      "atr14": 0.00006499999999999909,
      "atrPercentile": 0.11678832116788321,
      "rvolZ": 0.18139577761412268,
      "rvolPercentile": 0.7916666666666666,
      "mfi14": 10.29098023824291,
      "ppo": {
        "ppo": -0.20283123898149927,
        "signal": -0.1939434637077094,
        "histogram": -0.008887775273789866
      },
      "stochRsi": {
        "k": 0,
        "d": 30.01207729468554
      },
      "vprofile": {
        "vpBins": [
          0.013941824573004418,
          0.011332700043025045,
          0.039072999096646965,
          0.05935652767427396,
          0.07591553771796954,
          0.033547105963067245,
          0.08325415991396083,
          0.028863735802031304,
          0.017213383745449687,
          0.11384317357962086,
          0.044362086175095454,
          0.02637679912053864,
          0.007458499120165609,
          0.023478081201331276,
          0.06895246801712597,
          0.03135902456430661,
          0.255964563886276,
          0.042258708340699024,
          0.023448621465411695,
          0
        ],
        "currentBinShare": 0.11384317357962086
      },
      "ttm": {
        "squeeze": false,
        "release": false,
        "widthPct": 0.697045062534967
      }
    },
    "min15": {
      "sma20": 0.023394500000000002,
      "sma50": 0.023541999999999987,
      "ema20": 0.023385338254547656,
      "ema50": 0.023460971824988363,
      "vwma20": 0.02328455306088501,
      "hma21": 0.02327744588744589,
      "atr14": 0.00012714285714285716,
      "atrPercentile": 0.573170731707317,
      "rvolZ": 0.08423166339407245,
      "rvolPercentile": 0.8333333333333334,
      "mfi14": 0.28883864700412687,
      "ppo": {
        "ppo": -0.3631786740841682,
        "signal": -0.28467027409708595,
        "histogram": -0.07850839998708226
      },
      "stochRsi": {
        "k": 27.65864332603909,
        "d": 30.737158822265247
      },
      "vprofile": {
        "vpBins": [
          0.054191502766902336,
          0.009878939485002724,
          0,
          0,
          0.031357701951430235,
          0.027645679628393316,
          0.06363099054421152,
          0.11227574943697251,
          0.006978190048030215,
          0.03336468793166152,
          0.014163326847916838,
          0.06488075470441695,
          0.020012687327228672,
          0.10193897661322959,
          0.05419635829208449,
          0.3339148135990561,
          0.01970129342653665,
          0.05186834739692627,
          0,
          0
        ],
        "currentBinShare": 0.06363099054421152
      },
      "ttm": {
        "squeeze": false,
        "release": true,
        "widthPct": 1.5335661005233856
      }
    },
    "hourly": {
      "sma20": 0.0235625,
      "sma50": 0.023388000000000006,
      "ema20": 0.023475738044223485,
      "ema50": 0.023512403624936222,
      "vwma20": 0.02347994528461905,
      "hma21": 0.023352294372294375,
      "atr14": 0.00020357142857142796,
      "atrPercentile": 0.30124223602484473,
      "rvolZ": -0.3908918909070078,
      "rvolPercentile": 0.4166666666666667,
      "mfi14": 12.27275758764631,
      "ppo": {
        "ppo": -0.20898610132725318,
        "signal": 0.02355555485320958,
        "histogram": -0.23254165618046274
      },
      "stochRsi": {
        "k": 0,
        "d": 30.506646936560752
      },
      "vprofile": {
        "vpBins": [
          0.0165406890131806,
          0.016541066144577038,
          0.01961959932179758,
          0,
          0.015504200898585226,
          0.01507993127361977,
          0.052458548976852745,
          0.08222503471334702,
          0.03131355862540796,
          0.10379191684434241,
          0.05996695702545549,
          0.0012531405137634168,
          0.04231137491956554,
          0.010588242009538127,
          0.03494893589755751,
          0.11676208559747471,
          0.2651525386555207,
          0.07569482241035949,
          0.03776666353796756,
          0.00248069362108706
        ],
        "currentBinShare": 0.03131355862540796
      },
      "ttm": {
        "squeeze": false,
        "release": true,
        "widthPct": 2.783191938060448
      }
    },
    "fourHour": {
      "sma20": 0.023631,
      "sma50": 0.024173000000000004,
      "ema20": 0.023613823216986816,
      "ema50": 0.024041480738015437,
      "vwma20": 0.02383695635568772,
      "hma21": 0.023118961038961036,
      "atr14": 0.0004478571428571425,
      "atrPercentile": 0.24285714285714285,
      "rvolZ": -0.10853196759120999,
      "rvolPercentile": 0.6071428571428571,
      "mfi14": 38.76651639021022,
      "ppo": {
        "ppo": -0.7749591486843798,
        "signal": -0.9449189147900193,
        "histogram": 0.16995976610563956
      },
      "stochRsi": {
        "k": 50.40833820749685,
        "d": 47.65604010895219
      },
      "vprofile": {
        "vpBins": [
          0.02950864309870292,
          0,
          0,
          0.023675765049915518,
          0,
          0.045520892490632923,
          0.03756648396092886,
          0.041277037335393674,
          0.04312543434496434,
          0.022214865362145658,
          0.007744930477663189,
          0.009314950885507746,
          0.15016800834374866,
          0.23305151880102132,
          0.1628422646679039,
          0.1228112731693954,
          0.02565908770443708,
          0.01090594926700156,
          0.0346128950406371,
          0
        ],
        "currentBinShare": 0.03756648396092886
      },
      "ttm": {
        "squeeze": false,
        "release": false,
        "widthPct": 9.797878602591622
      }
    },
    "daily": {
      "sma20": 0.024672499999999997,
      "sma50": 0.0307176,
      "ema20": 0.025151033336826934,
      "ema50": 0.03184650248161057,
      "vwma20": 0,
      "hma21": 0.023704285714285712,
      "atr14": 0.0017385714285714285,
      "atrPercentile": 0.013157894736842105,
      "rvolZ": 0,
      "rvolPercentile": 1,
      "mfi14": 50,
      "ppo": {
        "ppo": -7.79644336704718,
        "signal": -8.93394710939669,
        "histogram": 1.1375037423495105
      },
      "stochRsi": {
        "k": 51.78367400122976,
        "d": 44.338091271582606
      },
      "vprofile": {
        "vpBins": [
          0,
          0,
          0,
          0,
          0,
          0,
          0,
          0,
          0,
          0,
          0,
          0,
          0,
          0,
          0,
          0,
          0,
          0,
          0,
          0
        ],
        "currentBinShare": 0
      },
      "ttm": {
        "squeeze": false,
        "release": false,
        "widthPct": 21.13922282948211
      }
    }
  },
  "smaMin5": 0.023317,
  "emaMin5": 0.02331875123981755,
  "vwmaMin5": 0.023297985205126822,
  "hmaMin5": 0.023269567099567096,
  "keltner15": {
    "upper": 0.023565338254547655,
    "middle": 0.023385338254547656,
    "lower": 0.023205338254547656
  },
  "superTrend15": {
    "isBull": false,
    "finalUpper": 0.023605,
    "finalLower": 0.022885000000000003
  },
  "mfi15": 0.28883864700412687,
  "stochRsi15": {
    "k": 27.65864332603909,
    "d": 30.737158822265247
  },
  "ppo15": {
    "ppo": -0.3631786740841682,
    "signal": -0.28467027409708595,
    "histogram": -0.07850839998708226
  },
  "vpMin15": {
    "vpBins": [
      0.054191502766902336,
      0.009878939485002724,
      0,
      0,
      0.031357701951430235,
      0.027645679628393316,
      0.06363099054421152,
      0.11227574943697251,
      0.006978190048030215,
      0.03336468793166152,
      0.014163326847916838,
      0.06488075470441695,
      0.020012687327228672,
      0.10193897661322959,
      0.05419635829208449,
      0.3339148135990561,
      0.01970129342653665,
      0.05186834739692627,
      0,
      0
    ],
    "currentBinShare": 0.06363099054421152
  },
  "ttm15": {
    "squeeze": false,
    "release": true,
    "widthPct": 1.5335661005233856
  },
  "marketCorrelation": {
    "hourly": {
      "btcCorrelation": 0,
      "ethCorrelation": 0,
      "btcBeta": 1,
      "ethBeta": 1,
      "btcTrend": "UNKNOWN",
      "ethTrend": "UNKNOWN",
      "tokenVol": 0,
      "btcVol": 0,
      "ethVol": 0,
      "marketDependence": 0,
      "verdict": "INSUFFICIENT_DATA"
    },
    "min15": {
      "btcCorrelation": 0,
      "ethCorrelation": 0,
      "btcBeta": 1,
      "ethBeta": 1,
      "btcTrend": "UNKNOWN",
      "ethTrend": "UNKNOWN",
      "tokenVol": 0,
      "btcVol": 0,
      "ethVol": 0,
      "marketDependence": 0,
      "verdict": "INSUFFICIENT_DATA"
    },
    "daily": {
      "btcCorrelation": 0,
      "ethCorrelation": 0,
      "btcBeta": 1,
      "ethBeta": 1,
      "btcTrend": "UNKNOWN",
      "ethTrend": "UNKNOWN",
      "tokenVol": 0,
      "btcVol": 0,
      "ethVol": 0,
      "marketDependence": 0,
      "verdict": "INSUFFICIENT_DATA"
    }
  },
  "tradeTape": {
    "totalTrades": 0,
    "totalVolume": 0,
    "buysVolume": 0,
    "sellsVolume": 0,
    "buySellRatio": 0.5,
    "vwap": 0,
    "signedVolume": 0,
    "avgTradeSize": 0,
    "tradesPerSec": 0,
    "cumulativeDelta": 0,
    "tradesLast1m": 0,
    "tradesLast5m": 0,
    "tradesLast15m": 0,
    "tradesLast1h": 0,
    "buyVWAP": 0,
    "sellVWAP": 0,
    "aggressorVWAP": 0,
    "bucketDurationMs": 60000,
    "bucketCount": 15,
    "bucketSignedVolumes": [],
    "bucketVolumes": [],
    "bucketVWAPs": [],
    "latestBucketSignedZ": 0
  },
  "enhancedMetrics": {
    "relativeVolumeZScore": -1,
    "volumePercentile": 40,
    "atrPercentile": 13.503649635036496,
    "volatilityPercentile": 8.860759493670885,
    "relativeVolatilityRatio": 0.7478009395158918,
    "isHighVolume": false,
    "isHighVolatility": false,
    "isLowVolatility": true,
    "isExpandingVolatility": false,
    "isContractingVolatility": true
  },
  "orderBook": {
    "bidAskSpread": 0,
    "spreadPct": 0,
    "midPrice": 0,
    "bestBid": 0,
    "bestAsk": 0,
    "bidDepth": 0,
    "askDepth": 0,
    "orderBookImbalance": 0,
    "liquidityScore": 0,
    "depthAt1Pct": {
      "bidVolume": 0,
      "askVolume": 0,
      "imbalance": 0
    },
    "depthAt2Pct": {
      "bidVolume": 0,
      "askVolume": 0,
      "imbalance": 0
    },
    "depthAt5Pct": {
      "bidVolume": 0,
      "askVolume": 0,
      "imbalance": 0
    },
    "weightedMidPrice": 0,
    "volumeWeightedSpread": 0,
    "totalBidLevels": 0,
    "totalAskLevels": 0
  },
  "marketCap": {
    "marketCap": 0,
    "totalVolume24h": 0,
    "volumeToMarketCapRatio": 0,
    "marketCapRank": 0,
    "normalizedRank": 0,
    "isHighLiquidity": false,
    "isVeryHighLiquidity": false,
    "isLowLiquidity": true,
    "liquidityTier": "VERY_LOW"
  },
  "sweeps": {
    "sweepScore": 0,
    "sweepCount": 0,
    "sweepDirection": "NEUTRAL",
    "buySweeps": 0,
    "sellSweeps": 0,
    "avgSweepSize": 0,
    "avgSweepIntensity": 0,
    "bidLiftRatio": 0,
    "askLiftRatio": 0,
    "sweepFrequency": 0,
    "largestSweep": null,
    "recentSweepClusters": 0,
    "sweepDetails": []
  },
  "absorption": {
    "absorptionScore": 0,
    "absorptionLevel": null,
    "absorptionSide": "NONE",
    "icebergProbability": 0,
    "hiddenLiquidityEstimate": 0,
    "volumeAtPrice": {},
    "topAbsorptionLevels": [],
    "persistenceDuration": 0,
    "refillDetected": false
  },
  "orderArrival": {
    "avgInterArrivalTime": 0,
    "recentInterArrivalTime": 0,
    "accelerationRatio": 1,
    "hawkesIntensity": 0,
    "hawkesDirection": "NEUTRAL",
    "clusteringScore": 0,
    "burstCount": 0,
    "cascadeDetected": false,
    "timeToNextTrade": 0,
    "accelerationTrend": "STABLE"
  },
  "liquidityVacuum": {
    "vacuumScore": 0,
    "vacuumSide": "NONE",
    "bidVacuumSeverity": 0,
    "askVacuumSeverity": 0,
    "depthConcentration": 0,
    "priceImpact10k": 0,
    "priceImpact50k": 0,
    "priceImpact100k": 0,
    "largestGapBid": 0,
    "largestGapAsk": 0,
    "avgGapBid": 0,
    "avgGapAsk": 0,
    "bidCliffDistance": 0,
    "askCliffDistance": 0
  },
  "volatilityRegime": {
    "regime": "LOW",
    "regimeScore": -1,
    "currentATR": 0.001806,
    "avgATR": 0.003196,
    "atrPercentile": 2.6,
    "realizedVolatility": 125.35,
    "volPercentile": 20.3,
    "expanding": false,
    "contracting": true,
    "transitionProbability": 0.4,
    "daysInRegime": 12,
    "regimeStrength": 0.85
  },
  "temporalPatterns": {
    "currentHour": 17,
    "currentDay": 0,
    "currentDayName": "Sunday",
    "dayBias": "NEUTRAL",
    "hourlyProfile": [
      {
        "avgVolume": 133715.07,
        "avgATR": 0.000249,
        "avgReturn": 0.079
      },
      {
        "avgVolume": 142318.41,
        "avgATR": 0.000302,
        "avgReturn": 0.175
      },
      {
        "avgVolume": 93560.62,
        "avgATR": 0.000176,
        "avgReturn": 0.03
      },
      {
        "avgVolume": 162417.19,
        "avgATR": 0.0002,
        "avgReturn": 0.32
      },
      {
        "avgVolume": 118515.57,
        "avgATR": 0.000255,
        "avgReturn": -0.136
      },
      {
        "avgVolume": 75272.6,
        "avgATR": 0.00021,
        "avgReturn": -0.016
      },
      {
        "avgVolume": 69802.09,
        "avgATR": 0.000173,
        "avgReturn": 0.037
      },
      {
        "avgVolume": 78508.95,
        "avgATR": 0.000158,
        "avgReturn": 0.098
      },
      {
        "avgVolume": 51723.79,
        "avgATR": 0.000128,
        "avgReturn": 0.081
      },
      {
        "avgVolume": 92836.43,
        "avgATR": 0.000104,
        "avgReturn": -0.178
      },
      {
        "avgVolume": 48613.29,
        "avgATR": 0.000118,
        "avgReturn": -0.127
      },
      {
        "avgVolume": 44231.46,
        "avgATR": 0.000144,
        "avgReturn": -0.037
      },
      {
        "avgVolume": 127138.59,
        "avgATR": 0.000156,
        "avgReturn": 0.056
      },
      {
        "avgVolume": 64280.81,
        "avgATR": 0.000163,
        "avgReturn": 0.135
      },
      {
        "avgVolume": 171523.26,
        "avgATR": 0.000264,
        "avgReturn": 0.104
      },
      {
        "avgVolume": 232046.7,
        "avgATR": 0.000399,
        "avgReturn": -0.124
      },
      {
        "avgVolume": 300032.59,
        "avgATR": 0.000324,
        "avgReturn": -0.327
      },
      {
        "avgVolume": 363739.29,
        "avgATR": 0.000428,
        "avgReturn": 0.014
      },
      {
        "avgVolume": 300389.92,
        "avgATR": 0.000346,
        "avgReturn": -0.012
      },
      {
        "avgVolume": 321991.69,
        "avgATR": 0.000401,
        "avgReturn": -0.342
      },
      {
        "avgVolume": 246123.05,
        "avgATR": 0.000342,
        "avgReturn": -0.199
      },
      {
        "avgVolume": 223127.89,
        "avgATR": 0.000361,
        "avgReturn": 0.134
      },
      {
        "avgVolume": 300384.65,
        "avgATR": 0.000288,
        "avgReturn": -0.143
      },
      {
        "avgVolume": 122424.18,
        "avgATR": 0.000222,
        "avgReturn": -0.309
      }
    ],
    "dailyProfile": [
      {
        "avgVolume": 164803.08,
        "avgATR": 0.000247,
        "avgReturn": -0.099
      },
      {
        "avgVolume": 194779.29,
        "avgATR": 0.000312,
        "avgReturn": -0.304
      },
      {
        "avgVolume": 243366.98,
        "avgATR": 0.000323,
        "avgReturn": 0.417
      },
      {
        "avgVolume": 204076.58,
        "avgATR": 0.000303,
        "avgReturn": -0.182
      },
      {
        "avgVolume": 136319.66,
        "avgATR": 0.000226,
        "avgReturn": -0.092
      },
      {
        "avgVolume": 138047.2,
        "avgATR": 0.000186,
        "avgReturn": 0.007
      },
      {
        "avgVolume": 88381.47,
        "avgATR": 0.000189,
        "avgReturn": 0.01
      }
    ],
    "favorableHours": [
      17,
      19,
      18,
      22,
      16,
      20
    ],
    "favorableWindow": true,
    "currentVsAvgVolume": 0,
    "currentVsAvgVolatility": 0,
    "anomalyDetected": true,
    "timeUntilFavorable": null,
    "temporalScore": 0.5
  },
  "unifiedMicrostructure": {
    "signalDirections": {
      "vpin": "NEUTRAL",
      "sweeps": "NEUTRAL",
      "absorption": "NEUTRAL",
      "arrival": "NEUTRAL",
      "vacuum": "NONE",
      "volRegime": "FAVORABLE",
      "temporal": "FAVORABLE"
    },
    "consensusDirection": "BULLISH",
    "consensusStrength": 100,
    "bullishSignals": 2,
    "bearishSignals": 0,
    "neutralSignals": 0,
    "totalAvailableSignals": 2,
    "dominantPattern": "NONE",
    "clusters": {
      "strongBuyCluster": false,
      "distributionPattern": false,
      "accumulationPattern": false,
      "momentumCascade": false
    },
    "adaptiveWeights": {
      "vpin": 0,
      "sweeps": 0,
      "absorption": 0,
      "arrival": 0,
      "vacuum": 0,
      "volRegime": 0.03,
      "temporal": 0.02
    },
    "convictionLevel": "HIGH",
    "convictionScore": 100,
    "riskAdjustment": "INCREASE",
    "timingQuality": "FAVORABLE",
    "signalQuality": "LOW"
  },
  "deltaAnalysis": {
    "currentDelta": 0,
    "cumulativeDelta": 0,
    "deltaPerVolume": 0,
    "deltaDirection": "NEUTRAL",
    "deltaDivergence": false,
    "institutionalRatio": 0,
    "aggressionScore": 0
  },
  "volumeProfile": {
    "pointOfControl": 0,
    "valueAreaHigh": 0,
    "valueAreaLow": 0,
    "currentPosition": "ABOVE_VALUE_AREA",
    "volumeNodes": [],
    "airPockets": []
  },
  "momentumCascade": {
    "cascadeDetected": false,
    "alignmentScore": -0.005123634837442138,
    "cascadeStrength": 0,
    "acceleratingTimeframes": [],
    "divergingTimeframes": [
      "1m",
      "5m",
      "15m",
      "1h"
    ]
  },
  "breakoutConfirmation": {
    "breakoutConfirmed": false,
    "volumeConfirmation": false,
    "retestStrength": 0,
    "falseBreakoutRisk": 0,
    "breakoutQuality": "NO_BREAKOUT"
  },
  "liquidityHeatmap": {
    "liquidityScore": 0,
    "magnetDirection": "NONE",
    "magnetStrength": 0,
    "priceTarget5pct": null,
    "message": "No order book data"
  },
  "smartMoneyDivergence": {
    "divergenceDetected": false,
    "divergenceDirection": "NONE",
    "smartMoneyScore": 0.5,
    "message": "Insufficient trade data"
  },
  "microstructure": {
    "raw": -0.019557885983553548,
    "pct": 50,
    "summary": {
      "latestBucketSignedZ": 0,
      "buySellRatio": 0.5,
      "tradesPerSec": 0,
      "vwap": 0,
      "aggressorVWAP": 0,
      "vpinToxicity": "UNKNOWN",
      "sweepDirection": "NEUTRAL",
      "absorptionSide": "NONE",
      "icebergDetected": false,
      "hawkesDirection": "NEUTRAL",
      "cascadeDetected": false,
      "vacuumSide": "NONE",
      "volatilityRegime": "LOW",
      "volExpanding": false,
      "favorableTimeWindow": true,
      "temporalAnomaly": true,
      "consensusDirection": "BULLISH",
      "consensusStrength": 100,
      "dominantPattern": "NONE",
      "convictionLevel": "HIGH",
      "riskAdjustment": "INCREASE",
      "timingQuality": "FAVORABLE",
      "deltaDirection": "NEUTRAL",
      "deltaDivergence": false,
      "institutionalRatio": 0,
      "volumeProfilePosition": "ABOVE_VALUE_AREA",
      "pointOfControl": 0,
      "momentumCascadeDetected": false,
      "cascadeStrength": 0,
      "breakoutQuality": "NO_BREAKOUT",
      "breakoutConfirmed": false,
      "magnetDirection": "NONE",
      "magnetStrength": 0,
      "priceTarget5pct": null,
      "nearestBidWall": 0,
      "nearestAskWall": 0,
      "divergenceDetected": false,
      "divergenceDirection": "NONE",
      "whaleAccumulation": false,
      "whaleDistribution": false,
      "retailPanic": false,
      "smartMoneyScore": 0.5
    }
  }
}

=== MICROSTRUCTURE ALERTS ===

🔬 VPIN: Insufficient data for VPIN analysis

🌊 SWEEP DETECTION: No significant sweeps detected

🧊 ABSORPTION & ICEBERG: No significant absorption or iceberg orders detected

⚡ ORDER ARRIVAL DYNAMICS: Insufficient trades for analysis

🌪️ LIQUIDITY VACUUM: No significant vacuum detected

📊 VOLATILITY REGIME DETECTION:
   Current Regime: LOW
   Regime Score: -1.00 (-1=low vol, +1=extreme vol)
   Days in Regime: 12
   ATR: $0.001806 (avg: $0.003196)
   ATR Percentile: 2.6%
   Realized Volatility: 125.35% (annualized)
   Vol Percentile: 20.3%

   🔵 LOW VOLATILITY REGIME:
   ✅ Ideal for breakout setups - price coiling
   ✅ Tight stops recommended
   ✅ Can increase position size (lower risk)

   📉 VOLATILITY CONTRACTING:
   🔄 Consolidation phase - accumulation likely
   ⏳ Wait for expansion before entering

   📍 MODERATE REGIME TRANSITION PROBABILITY: 40%
   Monitor for potential regime change

   ✅ STABLE REGIME: 12 days - predictable conditions

⏰ TEMPORAL PATTERN ANALYSIS:
   Current Time: Sunday 17:00 UTC
   Day Bias: NEUTRAL
   Current vs Avg Volume: 0x
   Current vs Avg Volatility: 0x

   ✅ FAVORABLE TIME WINDOW:
   This hour historically shows strong volume and positive returns
   GOOD time to trade - patterns favor entry

   ⚠️ LOW ACTIVITY ANOMALY:
   Volume 0x below typical - Extremely quiet

   📉 LOW VOLATILITY ANOMALY:
   Volatility 0x below typical - Consolidation likely

   🔥 Best Trading Hours (UTC): 17:00, 19:00, 18:00

🎯 UNIFIED MICROSTRUCTURE INTEGRATION:
   Signal Consensus: BULLISH (100% agreement)
   Available Signals: 2 (2 bullish / 0 bearish / 0 neutral)
   Conviction Level: HIGH (100%)
   Signal Quality: LOW
   Risk Adjustment: INCREASE
   Timing Quality: FAVORABLE

   ✅ HIGH CONVICTION: 100% of signals agree on direction
   Strong institutional alignment - Follow the smart money

   💰 RISK INCREASE OPPORTUNITY: Low vol + Favorable timing = Lower risk

   ⏰ FAVORABLE TIMING: Good time window for trading

   Signal Directions Breakdown:
   • VPIN: NEUTRAL
   • Sweeps: NEUTRAL
   • Absorption: NEUTRAL
   • Arrival Dynamics: NEUTRAL
   • Liquidity Vacuum: NONE
   • Vol Regime: FAVORABLE
   • Temporal: FAVORABLE

   Adaptive Weights (Total: 5.0%):
   • VPIN: 0.0%
   • Sweeps: 0.0%
   • Absorption: 0.0%
   • Arrival: 0.0%
   • Vacuum: 0.0%
   • Vol Regime: 3.0%
   • Temporal: 2.0%


💹 DELTA ANALYSIS (Order Flow Aggression):
   Direction: NEUTRAL
   Delta Per Volume: 0.00%
   Institutional Ratio: 0.0%
   Aggression Score: 0.0%

📊 VOLUME PROFILE (Support/Resistance Strength):
   Point of Control (POC): $0.000000
   Value Area High: $0.000000
   Value Area Low: $0.000000
   Current Position: ABOVE_VALUE_AREA
   ⚠️ DISTRIBUTION RISK: Price above value area - potential rejection zone

⚡ MOMENTUM CASCADE (Multi-Timeframe Alignment):
   Cascade Detected: NO
   Alignment Score: -0.5%
   Cascade Strength: 0.0%
   Accelerating: None
   Diverging: 1m, 5m, 15m, 1h

💥 BREAKOUT CONFIRMATION:
   Quality: NO_BREAKOUT
   Volume Confirmation: NO
   Retest Strength: 0.0%
   False Breakout Risk: 0.0%
   No breakout detected - price below resistance


levels:
Entry=0.0232035, StopLoss=0.022507395, TakeProfit=0.0233095375, 0.023415574999999998, 0.023500404999999995

---

=== Token: FLOCK (FLOCK) ===
Contract: FLOCK-USD
Timestamp: 2025-12-20T15:00:00.000Z

Calculations:
{
  "momentumScore": 79.83183476464131,
  "volumeScore": 50.14955426725418,
  "patternScore": 36.86726659167586,
  "totalScore": 48.22916619891815,
  "finalScore": 48.22916619891815,
  "weights": "0.23,0.45,0.23",
  "hourlyUptrend": true,
  "rsi": 50,
  "ultraShortVolumeSurge": 0.19872495217119088,
  "baseVolumeSurge": 0.11050279542435323,
  "currentPrice": 0.0911,
  "resistance": 0.0952,
  "support": 0.0889,
  "rocMin5": -0.0054585152838428,
  "shortROC": 0.0010989010989011303,
  "priceAcceleration": -0.0013628293104275648,
  "buySellRatio": 0.6288763907779232,
  "macdHistogram": 0.00014955426725418502,
  "stochasticK": 47.82608695652168,
  "atr": 0.0009285714285714274,
  "bbUpper": 0.09226938588220598,
  "bbLower": 0.08771061411779399,
  "hammerDetected": false,
  "engulfingDetected": false,
  "compressionSpring": {
    "detected": false,
    "confidence": 0,
    "signals": {
      "sidewaysPrice": true,
      "atrCompression": false,
      "bbSqueeze": false,
      "consolidationTime": true,
      "strongBuying": false,
      "obvPositive": false,
      "chaikinPositive": false,
      "rsiNeutral": false,
      "volumeBuilding": false
    },
    "metrics": {
      "priceRange": 7.33,
      "atrRatio": 1.625,
      "bbWidth": 5.07,
      "volumeRatio": 12.055,
      "signalCount": 2,
      "buySellRatio": 0.629
    }
  },
  "riskTier": "MEDIUM",
  "atrPercent": 1.2074643249176726,
  "distanceToResistance": 4.500548847420424,
  "slPercent": 3,
  "tpPercent": 3.8254665203073603,
  "trailingActivation": 2.2952799121844163,
  "shortMomentumScore": 0,
  "overboughtScore": 10,
  "shortPatternScore": 0,
  "shootingStarDetected": false,
  "bearishEngulfingDetected": false,
  "eveningStarDetected": false,
  "bearishPatternsCount": 0,
  "shortTotalScore": 3.5,
  "chaikin": -0.20338430815213895,
  "obvIncreasing": true,
  "obvTrend": "increasing",
  "adx": 89.74358974359016,
  "recentCandles": {
    "redCount": 5,
    "greenCount": 5
  },
  "resistanceDistance": 4.500548847420424,
  "multiplePatterns": false,
  "bullishPattern": false,
  "priceAboveVWAP": true,
  "breakingResistance": false,
  "atrSufficient": true,
  "macdDivergenceBearish": false,
  "rvolMin1": 2.1990306991777664,
  "rvolMin5": 0.9831773761626672,
  "atrPercentileOld": 1,
  "vwapDeviation": 1.7235674706761028,
  "bbWidthPercent": 5.065864834328254,
  "bbSqueeze": false,
  "multiTFMomentum": {
    "min1": {
      "roc1": 0.0032967032967033912,
      "roc3": 0.0032967032967033912
    },
    "min5": {
      "roc1": 0.0010989010989011303,
      "roc3": -0.0054585152838428
    },
    "min15": {
      "roc1": 0.007700770077007769,
      "roc3": -0.003264417845484165
    },
    "hourly": {
      "roc1": 0.009900990099010033,
      "roc3": 0.025698324022346487
    },
    "fourHour": {
      "roc1": 0.030303030303030394,
      "roc3": 0.032620922384701906
    },
    "divergenceShortUpLongDown": false
  },
  "returnZMin5": 0.2548138704994894,
  "wickClosePct": 0.5,
  "wickUpper": 0.00020000000000000573,
  "wickLower": 0.00020000000000000573,
  "wickRatio": 0.5,
  "donchianBreakout15": false,
  "bbWidthPercentile15": 1,
  "signedMin5": 401738.30000000005,
  "signedMin5Z": 9.487533576244765,
  "signedMin1": 166410.09999999998,
  "signedMin1Z": 6.242509946043834,
  "streakMin1": {
    "upStreak": 1,
    "downStreak": 0
  },
  "streakMin5": {
    "upStreak": 0,
    "downStreak": 0
  },
  "rvolPercentileMin1": 0.9840277777777777,
  "rvolPercentileMin5": 0.9583333333333334,
  "perTfMetrics": {
    "min1": {
      "sma20": 0.09149499999999997,
      "sma50": 0.09149600000000001,
      "ema20": 0.09138849120347807,
      "ema50": 0.09121510825731988,
      "vwma20": 0.09136244358357151,
      "hma21": 0.09105497835497835,
      "atr14": 0.00026428571428571197,
      "atrPercentile": 0.6878147029204431,
      "rvolZ": 2.1990306991777664,
      "rvolPercentile": 0.9840277777777777,
      "mfi14": 47.42176847961073,
      "ppo": {
        "ppo": -0.11557289234768862,
        "signal": -0.04158727469095025,
        "histogram": -0.07398561765673838
      },
      "stochRsi": {
        "k": 35.3191489361705,
        "d": 38.82125603864736
      },
      "vprofile": {
        "vpBins": [
          0.036557515128381936,
          0.08115099650944269,
          0.07347762235951388,
          0.09735486807986064,
          0.06959857779781564,
          0.09132178009350729,
          0.002515253651951355,
          0.0799752007429443,
          0.06732304949631542,
          0.057476105420754944,
          0.16382914563987955,
          0.01942057721899007,
          0.011107995549399735,
          0.008133118105230056,
          0.03568242747692313,
          0,
          0,
          0.10507576672908939,
          0,
          0
        ],
        "currentBinShare": 0.057476105420754944
      },
      "ttm": {
        "squeeze": false,
        "release": false,
        "widthPct": 1.419833428192147
      }
    },
    "min5": {
      "sma20": 0.09097,
      "sma50": 0.090022,
      "ema20": 0.09098298838428569,
      "ema50": 0.09025537091876136,
      "vwma20": 0.09157184173924131,
      "hma21": 0.09227619047619048,
      "atr14": 0.0009285714285714274,
      "atrPercentile": 0.9781021897810219,
      "rvolZ": 0.9831773761626672,
      "rvolPercentile": 0.9583333333333334,
      "mfi14": 74.78211930997111,
      "ppo": {
        "ppo": 0.5364825788455899,
        "signal": 0.6110173936557418,
        "histogram": -0.0745348148101519
      },
      "stochRsi": {
        "k": 0,
        "d": 62.314814814814845
      },
      "vprofile": {
        "vpBins": [
          0.0232139431035139,
          0.07429260974902482,
          0.02606714859631654,
          0.02311708733382543,
          0.03388764360814706,
          0.06818689990184959,
          0.11128533252240556,
          0.14218592472486394,
          0.03776231243685514,
          0.012208645433610627,
          0.03364214586829348,
          0.027950920309895634,
          0.3861993864113984,
          0,
          0,
          0,
          0,
          0,
          0,
          0
        ],
        "currentBinShare": 0.027950920309895634
      },
      "ttm": {
        "squeeze": false,
        "release": false,
        "widthPct": 3.726097887634218
      }
    },
    "min15": {
      "sma20": 0.08998999999999999,
      "sma50": 0.08947,
      "ema20": 0.090306210714397,
      "ema50": 0.08956917432010492,
      "vwma20": 0.0912882855196362,
      "hma21": 0.09124112554112555,
      "atr14": 0.0010999999999999998,
      "atrPercentile": 1,
      "rvolZ": 0.2653103284587835,
      "rvolPercentile": 0.90625,
      "mfi14": 91.63557828695427,
      "ppo": {
        "ppo": 0.6722983243632672,
        "signal": 0.4425794404855947,
        "histogram": 0.22971888387767248
      },
      "stochRsi": {
        "k": 100,
        "d": 69.0718671000361
      },
      "vprofile": {
        "vpBins": [
          0.028510364497340387,
          0.07143290772176761,
          0.037035630244619124,
          0.03711103708341279,
          0.005398961672094388,
          0.06707335652871337,
          0.11252347539480916,
          0.1160764160585396,
          0.07786950669228694,
          0.010848179015835294,
          0.023363427785842893,
          0.014802091811839217,
          0.3979546454928991,
          0,
          0,
          0,
          0,
          0,
          0,
          0
        ],
        "currentBinShare": 0.3979546454928991
      },
      "ttm": {
        "squeeze": false,
        "release": false,
        "widthPct": 5.065864834328254
      }
    },
    "hourly": {
      "sma20": 0.089425,
      "sma50": 0.08637600000000002,
      "ema20": 0.08919651310563513,
      "ema50": 0.08766898618839625,
      "vwma20": 0.09020200647199655,
      "hma21": 0.09004199134199134,
      "atr14": 0.0012285714285714291,
      "atrPercentile": 0.4409937888198758,
      "rvolZ": 1.4539564701287588,
      "rvolPercentile": 0.9494047619047619,
      "mfi14": 73.94808513852246,
      "ppo": {
        "ppo": 1.2538260338462086,
        "signal": 1.1654766408483572,
        "histogram": 0.08834939299785138
      },
      "stochRsi": {
        "k": 81.6890361778516,
        "d": 64.65300575382112
      },
      "vprofile": {
        "vpBins": [
          0.019977425574849737,
          0.059463305962080874,
          0.05174138095796969,
          0.12626778188674076,
          0.13219276406506383,
          0.16753364653649094,
          0.1013963743379737,
          0.019957561236460832,
          0,
          0.027175761094327386,
          0.009352820019457529,
          0.04924178230789761,
          0.01199496581848076,
          0.01516707903227313,
          0.00939735061274671,
          0.07907544933749065,
          0.06271660029433038,
          0,
          0.031450944302217426,
          0.025897006623148002
        ],
        "currentBinShare": 0.1013963743379737
      },
      "ttm": {
        "squeeze": false,
        "release": true,
        "widthPct": 3.739390282793574
      }
    },
    "fourHour": {
      "sma20": 0.0858,
      "sma50": 0.09406000000000002,
      "ema20": 0.08802339957630329,
      "ema50": 0.093714267783344,
      "vwma20": 0.08657595844403417,
      "hma21": 0.08842683982683983,
      "atr14": 0.003335714285714286,
      "atrPercentile": 0.9142857142857143,
      "rvolZ": 4.609971710178004,
      "rvolPercentile": 1,
      "mfi14": 84.55108593562855,
      "ppo": {
        "ppo": -0.9271433055084896,
        "signal": -2.570997108983645,
        "histogram": 1.6438538034751553
      },
      "stochRsi": {
        "k": 100,
        "d": 66.22274861541582
      },
      "vprofile": {
        "vpBins": [
          0.025473047628780946,
          0.053945623450551504,
          0.1129066703111163,
          0.09521086199931526,
          0.1241551986498295,
          0.02958642049246775,
          0,
          0.006489115406061624,
          0.03583242036082955,
          0.013048919506425631,
          0.008724429849062652,
          0.1299715296870785,
          0.05424428523649634,
          0.023738229256109914,
          0.039309107502946555,
          0.09783429206157802,
          0.12728468710418647,
          0.02224516149716335,
          0,
          0
        ],
        "currentBinShare": 0.1241551986498295
      },
      "ttm": {
        "squeeze": false,
        "release": false,
        "widthPct": 14.396463638690005
      }
    },
    "daily": {
      "sma20": 0.10886500000000002,
      "sma50": 0.14524599999999993,
      "ema20": 0.1075189880647754,
      "ema50": 0.14077121633709083,
      "vwma20": 0,
      "hma21": 0.08520259740259742,
      "atr14": 0.008221428571428572,
      "atrPercentile": 0.11842105263157894,
      "rvolZ": 0,
      "rvolPercentile": 1,
      "mfi14": 50,
      "ppo": {
        "ppo": -14.081371335854485,
        "signal": -13.197624687338687,
        "histogram": -0.8837466485157979
      },
      "stochRsi": {
        "k": 70.43898605691116,
        "d": 19.625060963040056
      },
      "vprofile": {
        "vpBins": [
          0,
          0,
          0,
          0,
          0,
          0,
          0,
          0,
          0,
          0,
          0,
          0,
          0,
          0,
          0,
          0,
          0,
          0,
          0,
          0
        ],
        "currentBinShare": 0
      },
      "ttm": {
        "squeeze": false,
        "release": false,
        "widthPct": 56.83906732320284
      }
    }
  },
  "smaMin5": 0.09097,
  "emaMin5": 0.09098298838428569,
  "vwmaMin5": 0.09157184173924131,
  "hmaMin5": 0.09227619047619048,
  "keltner15": {
    "upper": 0.09246621071439699,
    "middle": 0.090306210714397,
    "lower": 0.088146210714397
  },
  "superTrend15": {
    "isBull": true,
    "finalUpper": 0.09562,
    "finalLower": 0.08697999999999999
  },
  "mfi15": 91.63557828695427,
  "stochRsi15": {
    "k": 100,
    "d": 69.0718671000361
  },
  "ppo15": {
    "ppo": 0.6722983243632672,
    "signal": 0.4425794404855947,
    "histogram": 0.22971888387767248
  },
  "vpMin15": {
    "vpBins": [
      0.028510364497340387,
      0.07143290772176761,
      0.037035630244619124,
      0.03711103708341279,
      0.005398961672094388,
      0.06707335652871337,
      0.11252347539480916,
      0.1160764160585396,
      0.07786950669228694,
      0.010848179015835294,
      0.023363427785842893,
      0.014802091811839217,
      0.3979546454928991,
      0,
      0,
      0,
      0,
      0,
      0,
      0
    ],
    "currentBinShare": 0.3979546454928991
  },
  "ttm15": {
    "squeeze": false,
    "release": false,
    "widthPct": 5.065864834328254
  },
  "marketCorrelation": {
    "hourly": {
      "btcCorrelation": 0,
      "ethCorrelation": 0,
      "btcBeta": 1,
      "ethBeta": 1,
      "btcTrend": "UNKNOWN",
      "ethTrend": "UNKNOWN",
      "tokenVol": 0,
      "btcVol": 0,
      "ethVol": 0,
      "marketDependence": 0,
      "verdict": "INSUFFICIENT_DATA"
    },
    "min15": {
      "btcCorrelation": 0,
      "ethCorrelation": 0,
      "btcBeta": 1,
      "ethBeta": 1,
      "btcTrend": "UNKNOWN",
      "ethTrend": "UNKNOWN",
      "tokenVol": 0,
      "btcVol": 0,
      "ethVol": 0,
      "marketDependence": 0,
      "verdict": "INSUFFICIENT_DATA"
    },
    "daily": {
      "btcCorrelation": 0,
      "ethCorrelation": 0,
      "btcBeta": 1,
      "ethBeta": 1,
      "btcTrend": "UNKNOWN",
      "ethTrend": "UNKNOWN",
      "tokenVol": 0,
      "btcVol": 0,
      "ethVol": 0,
      "marketDependence": 0,
      "verdict": "INSUFFICIENT_DATA"
    }
  },
  "tradeTape": {
    "totalTrades": 0,
    "totalVolume": 0,
    "buysVolume": 0,
    "sellsVolume": 0,
    "buySellRatio": 0.5,
    "vwap": 0,
    "signedVolume": 0,
    "avgTradeSize": 0,
    "tradesPerSec": 0,
    "cumulativeDelta": 0,
    "tradesLast1m": 0,
    "tradesLast5m": 0,
    "tradesLast15m": 0,
    "tradesLast1h": 0,
    "buyVWAP": 0,
    "sellVWAP": 0,
    "aggressorVWAP": 0,
    "bucketDurationMs": 60000,
    "bucketCount": 15,
    "bucketSignedVolumes": [],
    "bucketVolumes": [],
    "bucketVWAPs": [],
    "latestBucketSignedZ": 0
  },
  "enhancedMetrics": {
    "relativeVolumeZScore": -1,
    "volumePercentile": 40,
    "atrPercentile": 97.44525547445255,
    "volatilityPercentile": 34.810126582278485,
    "relativeVolatilityRatio": 0.9794058265405362,
    "isHighVolume": false,
    "isHighVolatility": false,
    "isLowVolatility": false,
    "isExpandingVolatility": false,
    "isContractingVolatility": false
  },
  "orderBook": {
    "bidAskSpread": 0,
    "spreadPct": 0,
    "midPrice": 0,
    "bestBid": 0,
    "bestAsk": 0,
    "bidDepth": 0,
    "askDepth": 0,
    "orderBookImbalance": 0,
    "liquidityScore": 0,
    "depthAt1Pct": {
      "bidVolume": 0,
      "askVolume": 0,
      "imbalance": 0
    },
    "depthAt2Pct": {
      "bidVolume": 0,
      "askVolume": 0,
      "imbalance": 0
    },
    "depthAt5Pct": {
      "bidVolume": 0,
      "askVolume": 0,
      "imbalance": 0
    },
    "weightedMidPrice": 0,
    "volumeWeightedSpread": 0,
    "totalBidLevels": 0,
    "totalAskLevels": 0
  },
  "marketCap": {
    "marketCap": 0,
    "totalVolume24h": 0,
    "volumeToMarketCapRatio": 0,
    "marketCapRank": 0,
    "normalizedRank": 0,
    "isHighLiquidity": false,
    "isVeryHighLiquidity": false,
    "isLowLiquidity": true,
    "liquidityTier": "VERY_LOW"
  },
  "sweeps": {
    "sweepScore": 0,
    "sweepCount": 0,
    "sweepDirection": "NEUTRAL",
    "buySweeps": 0,
    "sellSweeps": 0,
    "avgSweepSize": 0,
    "avgSweepIntensity": 0,
    "bidLiftRatio": 0,
    "askLiftRatio": 0,
    "sweepFrequency": 0,
    "largestSweep": null,
    "recentSweepClusters": 0,
    "sweepDetails": []
  },
  "absorption": {
    "absorptionScore": 0,
    "absorptionLevel": null,
    "absorptionSide": "NONE",
    "icebergProbability": 0,
    "hiddenLiquidityEstimate": 0,
    "volumeAtPrice": {},
    "topAbsorptionLevels": [],
    "persistenceDuration": 0,
    "refillDetected": false
  },
  "orderArrival": {
    "avgInterArrivalTime": 0,
    "recentInterArrivalTime": 0,
    "accelerationRatio": 1,
    "hawkesIntensity": 0,
    "hawkesDirection": "NEUTRAL",
    "clusteringScore": 0,
    "burstCount": 0,
    "cascadeDetected": false,
    "timeToNextTrade": 0,
    "accelerationTrend": "STABLE"
  },
  "liquidityVacuum": {
    "vacuumScore": 0,
    "vacuumSide": "NONE",
    "bidVacuumSeverity": 0,
    "askVacuumSeverity": 0,
    "depthConcentration": 0,
    "priceImpact10k": 0,
    "priceImpact50k": 0,
    "priceImpact100k": 0,
    "largestGapBid": 0,
    "largestGapAsk": 0,
    "avgGapBid": 0,
    "avgGapAsk": 0,
    "bidCliffDistance": 0,
    "askCliffDistance": 0
  },
  "volatilityRegime": {
    "regime": "BELOW_NORMAL",
    "regimeScore": -0.5,
    "currentATR": 0.008185,
    "avgATR": 0.012354,
    "atrPercentile": 13.2,
    "realizedVolatility": 72.96,
    "volPercentile": 28.8,
    "expanding": false,
    "contracting": true,
    "transitionProbability": 0.7,
    "daysInRegime": 1,
    "regimeStrength": 0.1
  },
  "temporalPatterns": {
    "currentHour": 17,
    "currentDay": 0,
    "currentDayName": "Sunday",
    "dayBias": "NEUTRAL",
    "hourlyProfile": [
      {
        "avgVolume": 65292.05,
        "avgATR": 0.001536,
        "avgReturn": -0.805
      },
      {
        "avgVolume": 42632.67,
        "avgATR": 0.0013,
        "avgReturn": -0.299
      },
      {
        "avgVolume": 56050.89,
        "avgATR": 0.001279,
        "avgReturn": 0.293
      },
      {
        "avgVolume": 56110.23,
        "avgATR": 0.001236,
        "avgReturn": 0.115
      },
      {
        "avgVolume": 68703.28,
        "avgATR": 0.0013,
        "avgReturn": 0.111
      },
      {
        "avgVolume": 31224.01,
        "avgATR": 0.001021,
        "avgReturn": -0.285
      },
      {
        "avgVolume": 24794.91,
        "avgATR": 0.000729,
        "avgReturn": 0.283
      },
      {
        "avgVolume": 43427.79,
        "avgATR": 0.000907,
        "avgReturn": -0.062
      },
      {
        "avgVolume": 57752.18,
        "avgATR": 0.0013,
        "avgReturn": 0.493
      },
      {
        "avgVolume": 37501.48,
        "avgATR": 0.000814,
        "avgReturn": -0.13
      },
      {
        "avgVolume": 62116.83,
        "avgATR": 0.001257,
        "avgReturn": -0.147
      },
      {
        "avgVolume": 55391.34,
        "avgATR": 0.001171,
        "avgReturn": 0.02
      },
      {
        "avgVolume": 26306.16,
        "avgATR": 0.000843,
        "avgReturn": 0.178
      },
      {
        "avgVolume": 87177.65,
        "avgATR": 0.001893,
        "avgReturn": 0.095
      },
      {
        "avgVolume": 160849.44,
        "avgATR": 0.002293,
        "avgReturn": -0.337
      },
      {
        "avgVolume": 86741.13,
        "avgATR": 0.002057,
        "avgReturn": -0.303
      },
      {
        "avgVolume": 56547.8,
        "avgATR": 0.001431,
        "avgReturn": -0.22
      },
      {
        "avgVolume": 79400.76,
        "avgATR": 0.001479,
        "avgReturn": -0.538
      },
      {
        "avgVolume": 89267.75,
        "avgATR": 0.001529,
        "avgReturn": -0.02
      },
      {
        "avgVolume": 56756.96,
        "avgATR": 0.001064,
        "avgReturn": -0.079
      },
      {
        "avgVolume": 30694.44,
        "avgATR": 0.001036,
        "avgReturn": -0.012
      },
      {
        "avgVolume": 41462.68,
        "avgATR": 0.001121,
        "avgReturn": -0.158
      },
      {
        "avgVolume": 49559.29,
        "avgATR": 0.001071,
        "avgReturn": 0.066
      },
      {
        "avgVolume": 29808.09,
        "avgATR": 0.000714,
        "avgReturn": -0.101
      }
    ],
    "dailyProfile": [
      {
        "avgVolume": 58692.8,
        "avgATR": 0.001662,
        "avgReturn": -0.173
      },
      {
        "avgVolume": 60583.29,
        "avgATR": 0.001258,
        "avgReturn": -0.215
      },
      {
        "avgVolume": 45719.73,
        "avgATR": 0.001198,
        "avgReturn": 0.013
      },
      {
        "avgVolume": 49317.95,
        "avgATR": 0.001196,
        "avgReturn": -0.225
      },
      {
        "avgVolume": 57917.92,
        "avgATR": 0.001317,
        "avgReturn": -0.135
      },
      {
        "avgVolume": 79562,
        "avgATR": 0.001425,
        "avgReturn": 0.167
      },
      {
        "avgVolume": 55219.84,
        "avgATR": 0.000791,
        "avgReturn": 0.036
      }
    ],
    "favorableHours": [
      14,
      18,
      13,
      15,
      17,
      4
    ],
    "favorableWindow": true,
    "currentVsAvgVolume": 0,
    "currentVsAvgVolatility": 0,
    "anomalyDetected": true,
    "timeUntilFavorable": null,
    "temporalScore": 0.5
  },
  "unifiedMicrostructure": {
    "signalDirections": {
      "vpin": "NEUTRAL",
      "sweeps": "NEUTRAL",
      "absorption": "NEUTRAL",
      "arrival": "NEUTRAL",
      "vacuum": "NONE",
      "volRegime": "FAVORABLE",
      "temporal": "FAVORABLE"
    },
    "consensusDirection": "BULLISH",
    "consensusStrength": 100,
    "bullishSignals": 2,
    "bearishSignals": 0,
    "neutralSignals": 0,
    "totalAvailableSignals": 2,
    "dominantPattern": "NONE",
    "clusters": {
      "strongBuyCluster": false,
      "distributionPattern": false,
      "accumulationPattern": false,
      "momentumCascade": false
    },
    "adaptiveWeights": {
      "vpin": 0,
      "sweeps": 0,
      "absorption": 0,
      "arrival": 0,
      "vacuum": 0,
      "volRegime": 0.03,
      "temporal": 0.02
    },
    "convictionLevel": "HIGH",
    "convictionScore": 100,
    "riskAdjustment": "NORMAL",
    "timingQuality": "FAVORABLE",
    "signalQuality": "LOW"
  },
  "deltaAnalysis": {
    "currentDelta": 0,
    "cumulativeDelta": 0,
    "deltaPerVolume": 0,
    "deltaDirection": "NEUTRAL",
    "deltaDivergence": false,
    "institutionalRatio": 0,
    "aggressionScore": 0
  },
  "volumeProfile": {
    "pointOfControl": 0,
    "valueAreaHigh": 0,
    "valueAreaLow": 0,
    "currentPosition": "ABOVE_VALUE_AREA",
    "volumeNodes": [],
    "airPockets": []
  },
  "momentumCascade": {
    "cascadeDetected": false,
    "alignmentScore": 0.00622940745553034,
    "cascadeStrength": 0,
    "acceleratingTimeframes": [
      "1h"
    ],
    "divergingTimeframes": [
      "1m",
      "5m",
      "15m"
    ]
  },
  "breakoutConfirmation": {
    "breakoutConfirmed": false,
    "volumeConfirmation": false,
    "retestStrength": 0,
    "falseBreakoutRisk": 0,
    "breakoutQuality": "NO_BREAKOUT"
  },
  "liquidityHeatmap": {
    "liquidityScore": 0,
    "magnetDirection": "NONE",
    "magnetStrength": 0,
    "priceTarget5pct": null,
    "message": "No order book data"
  },
  "smartMoneyDivergence": {
    "divergenceDetected": false,
    "divergenceDirection": "NONE",
    "smartMoneyScore": 0.5,
    "message": "Insufficient trade data"
  },
  "microstructure": {
    "raw": -0.05954310265176014,
    "pct": 49,
    "summary": {
      "latestBucketSignedZ": 0,
      "buySellRatio": 0.5,
      "tradesPerSec": 0,
      "vwap": 0,
      "aggressorVWAP": 0,
      "vpinToxicity": "UNKNOWN",
      "sweepDirection": "NEUTRAL",
      "absorptionSide": "NONE",
      "icebergDetected": false,
      "hawkesDirection": "NEUTRAL",
      "cascadeDetected": false,
      "vacuumSide": "NONE",
      "volatilityRegime": "BELOW_NORMAL",
      "volExpanding": false,
      "favorableTimeWindow": true,
      "temporalAnomaly": true,
      "consensusDirection": "BULLISH",
      "consensusStrength": 100,
      "dominantPattern": "NONE",
      "convictionLevel": "HIGH",
      "riskAdjustment": "NORMAL",
      "timingQuality": "FAVORABLE",
      "deltaDirection": "NEUTRAL",
      "deltaDivergence": false,
      "institutionalRatio": 0,
      "volumeProfilePosition": "ABOVE_VALUE_AREA",
      "pointOfControl": 0,
      "momentumCascadeDetected": false,
      "cascadeStrength": 0,
      "breakoutQuality": "NO_BREAKOUT",
      "breakoutConfirmed": false,
      "magnetDirection": "NONE",
      "magnetStrength": 0,
      "priceTarget5pct": null,
      "nearestBidWall": 0,
      "nearestAskWall": 0,
      "divergenceDetected": false,
      "divergenceDirection": "NONE",
      "whaleAccumulation": false,
      "whaleDistribution": false,
      "retailPanic": false,
      "smartMoneyScore": 0.5
    }
  }
}

=== MICROSTRUCTURE ALERTS ===

🔬 VPIN: Insufficient data for VPIN analysis

🌊 SWEEP DETECTION: No significant sweeps detected

🧊 ABSORPTION & ICEBERG: No significant absorption or iceberg orders detected

⚡ ORDER ARRIVAL DYNAMICS: Insufficient trades for analysis

🌪️ LIQUIDITY VACUUM: No significant vacuum detected

📊 VOLATILITY REGIME DETECTION:
   Current Regime: BELOW_NORMAL
   Regime Score: -0.50 (-1=low vol, +1=extreme vol)
   Days in Regime: 1
   ATR: $0.008185 (avg: $0.012354)
   ATR Percentile: 13.2%
   Realized Volatility: 72.96% (annualized)
   Vol Percentile: 28.8%

   🟢 BELOW NORMAL VOLATILITY:
   ⚡ Consolidation phase - watch for expansion
   ✅ Good entry zone for patient trades

   📉 VOLATILITY CONTRACTING:
   🔄 Consolidation phase - accumulation likely
   ⏳ Wait for expansion before entering

   ⚠️ HIGH REGIME TRANSITION PROBABILITY: 70%
   Market near regime boundary - expect volatility shift soon

   ⚠️ NEW REGIME: Only 1 day(s) - conditions still settling

⏰ TEMPORAL PATTERN ANALYSIS:
   Current Time: Sunday 17:00 UTC
   Day Bias: NEUTRAL
   Current vs Avg Volume: 0x
   Current vs Avg Volatility: 0x

   ✅ FAVORABLE TIME WINDOW:
   This hour historically shows strong volume and positive returns
   GOOD time to trade - patterns favor entry

   ⚠️ LOW ACTIVITY ANOMALY:
   Volume 0x below typical - Extremely quiet

   📉 LOW VOLATILITY ANOMALY:
   Volatility 0x below typical - Consolidation likely

   🔥 Best Trading Hours (UTC): 14:00, 18:00, 13:00

🎯 UNIFIED MICROSTRUCTURE INTEGRATION:
   Signal Consensus: BULLISH (100% agreement)
   Available Signals: 2 (2 bullish / 0 bearish / 0 neutral)
   Conviction Level: HIGH (100%)
   Signal Quality: LOW
   Risk Adjustment: NORMAL
   Timing Quality: FAVORABLE

   ✅ HIGH CONVICTION: 100% of signals agree on direction
   Strong institutional alignment - Follow the smart money

   📊 NORMAL RISK LEVEL: Standard position sizing applies

   ⏰ FAVORABLE TIMING: Good time window for trading

   Signal Directions Breakdown:
   • VPIN: NEUTRAL
   • Sweeps: NEUTRAL
   • Absorption: NEUTRAL
   • Arrival Dynamics: NEUTRAL
   • Liquidity Vacuum: NONE
   • Vol Regime: FAVORABLE
   • Temporal: FAVORABLE

   Adaptive Weights (Total: 5.0%):
   • VPIN: 0.0%
   • Sweeps: 0.0%
   • Absorption: 0.0%
   • Arrival: 0.0%
   • Vacuum: 0.0%
   • Vol Regime: 3.0%
   • Temporal: 2.0%


💹 DELTA ANALYSIS (Order Flow Aggression):
   Direction: NEUTRAL
   Delta Per Volume: 0.00%
   Institutional Ratio: 0.0%
   Aggression Score: 0.0%

📊 VOLUME PROFILE (Support/Resistance Strength):
   Point of Control (POC): $0.000000
   Value Area High: $0.000000
   Value Area Low: $0.000000
   Current Position: ABOVE_VALUE_AREA
   ⚠️ DISTRIBUTION RISK: Price above value area - potential rejection zone

⚡ MOMENTUM CASCADE (Multi-Timeframe Alignment):
   Cascade Detected: NO
   Alignment Score: 0.6%
   Cascade Strength: 0.0%
   Accelerating: 1h
   Diverging: 1m, 5m, 15m

💥 BREAKOUT CONFIRMATION:
   Quality: NO_BREAKOUT
   Volume Confirmation: NO
   Retest Strength: 0.0%
   False Breakout Risk: 0.0%
   No breakout detected - price below resistance


levels:
Entry=0.09091780000000001, StopLoss=0.088190266, TakeProfit=0.09265681500000002, 0.09439583, 0.095787042

---

=== Token: NEON (NEON) ===
Contract: NEON-USD
Timestamp: 2025-12-20T15:00:00.000Z

Calculations:
{
  "momentumScore": 73.77908267460111,
  "volumeScore": 49.38039321881672,
  "patternScore": 57.69739192568777,
  "totalScore": 51.31016096720157,
  "finalScore": 51.31016096720157,
  "weights": "0.23,0.45,0.23",
  "hourlyUptrend": false,
  "rsi": 59.05707196029779,
  "ultraShortVolumeSurge": 1.0336272429140054,
  "baseVolumeSurge": 0.005991119739332633,
  "currentPrice": 0.05716,
  "resistance": 0.05792,
  "support": 0.05598,
  "rocMin5": -0.010045029442327626,
  "shortROC": -0.006949270326615663,
  "priceAcceleration": -0.0025158386210565775,
  "buySellRatio": 0.6262246402459203,
  "macdHistogram": 0.000050496311600184104,
  "stochasticK": 60.82474226804134,
  "atr": 0.00040785714285714383,
  "bbUpper": 0.05760314786200323,
  "bbLower": 0.05548785213799678,
  "hammerDetected": false,
  "engulfingDetected": false,
  "compressionSpring": {
    "detected": true,
    "confidence": 44,
    "signals": {
      "sidewaysPrice": true,
      "atrCompression": false,
      "bbSqueeze": true,
      "consolidationTime": true,
      "strongBuying": false,
      "obvPositive": false,
      "chaikinPositive": false,
      "rsiNeutral": true,
      "volumeBuilding": false
    },
    "metrics": {
      "priceRange": 3.47,
      "atrRatio": 2.538,
      "bbWidth": 3.74,
      "volumeRatio": 8.824,
      "signalCount": 4,
      "buySellRatio": 0.626
    }
  },
  "riskTier": "HIGH",
  "atrPercent": 0.7672698190542836,
  "distanceToResistance": 1.329601119664095,
  "slPercent": 4,
  "tpPercent": 1.1301609517144808,
  "trailingActivation": 0.6780965710286885,
  "shortMomentumScore": 5,
  "overboughtScore": 0,
  "shortPatternScore": 0,
  "shootingStarDetected": false,
  "bearishEngulfingDetected": false,
  "eveningStarDetected": false,
  "bearishPatternsCount": 0,
  "shortTotalScore": 2,
  "chaikin": 0.34319785639299255,
  "obvIncreasing": false,
  "obvTrend": "declining",
  "adx": 20.579710144927798,
  "recentCandles": {
    "redCount": 5,
    "greenCount": 5
  },
  "resistanceDistance": 1.329601119664095,
  "multiplePatterns": false,
  "bullishPattern": false,
  "priceAboveVWAP": true,
  "breakingResistance": false,
  "atrSufficient": false,
  "macdDivergenceBearish": false,
  "rvolMin1": 0.028055008952716134,
  "rvolMin5": 0.2803953413498402,
  "atrPercentileOld": 0.7439024390243902,
  "vwapDeviation": 1.9403944430417375,
  "bbWidthPercent": 3.7408736751933485,
  "bbSqueeze": false,
  "multiTFMomentum": {
    "min1": {
      "roc1": -0.008499566348655636,
      "roc3": -0.01021645021645022
    },
    "min5": {
      "roc1": -0.006949270326615663,
      "roc3": -0.007811143898628693
    },
    "min15": {
      "roc1": -0.009702009702009667,
      "roc3": -0.008499566348655636
    },
    "hourly": {
      "roc1": -0.009187034148032515,
      "roc3": 0.014374445430346144
    },
    "fourHour": {
      "roc1": 0.016358463726884855,
      "roc3": 0.033821667570989394
    },
    "divergenceShortUpLongDown": false
  },
  "returnZMin5": -2.035419520789836,
  "wickClosePct": 0.5357142857142906,
  "wickUpper": 0,
  "wickLower": 0.00030000000000000165,
  "wickRatio": 1.1538461538461764,
  "donchianBreakout15": false,
  "bbWidthPercentile15": 0.6883116883116883,
  "signedMin5": 177668.30000000002,
  "signedMin5Z": 15.424796689349645,
  "signedMin1": 132555.9,
  "signedMin1Z": 12.742638521406109,
  "streakMin1": {
    "upStreak": 0,
    "downStreak": 3
  },
  "streakMin5": {
    "upStreak": 0,
    "downStreak": 4
  },
  "rvolPercentileMin1": 0.8333333333333334,
  "rvolPercentileMin5": 0.8611111111111112,
  "perTfMetrics": {
    "min1": {
      "sma20": 0.056867500000000015,
      "sma50": 0.0565334,
      "ema20": 0.05703827236808393,
      "ema50": 0.05660963354015647,
      "vwma20": 0.05709607356557071,
      "hma21": 0.05780419913419914,
      "atr14": 0.00036714285714285804,
      "atrPercentile": 0.5704934541792548,
      "rvolZ": 0.028055008952716134,
      "rvolPercentile": 0.8333333333333334,
      "mfi14": 49.274829676222545,
      "ppo": {
        "ppo": 0.5965459424682119,
        "signal": 0.4961080455752849,
        "histogram": 0.10043789689292704
      },
      "stochRsi": {
        "k": 88.60033230220584,
        "d": 68.37165131962362
      },
      "vprofile": {
        "vpBins": [
          0.033988478901090316,
          0.07178008062991532,
          0.004850826235977883,
          0.003560013637401577,
          0.2703613563153733,
          0.004123759783169681,
          0.0409809999018103,
          0.05650006765161667,
          0.05180268557425826,
          0.02961992058641033,
          0.1493647375447344,
          0.03474275674178378,
          0.0010464558947585146,
          0.029509931480841644,
          0.038970501971876986,
          0,
          0,
          0.08111278098876774,
          0.09768464616021325,
          0
        ],
        "currentBinShare": 0.038970501971876986
      },
      "ttm": {
        "squeeze": false,
        "release": false,
        "widthPct": 4.514964554298395
      }
    },
    "min5": {
      "sma20": 0.05675000000000001,
      "sma50": 0.0563988,
      "ema20": 0.056930709507068085,
      "ema50": 0.05647018042113008,
      "vwma20": 0.05716076548156954,
      "hma21": 0.057513463203463164,
      "atr14": 0.00040785714285714383,
      "atrPercentile": 0.7116788321167883,
      "rvolZ": 0.2803953413498402,
      "rvolPercentile": 0.8611111111111112,
      "mfi14": 81.93592979261328,
      "ppo": {
        "ppo": 0.6260283942750973,
        "signal": 0.49051907520838417,
        "histogram": 0.1355093190667131
      },
      "stochRsi": {
        "k": 64.54436225795239,
        "d": 66.08059178871264
      },
      "vprofile": {
        "vpBins": [
          0.0843559202050055,
          0.05108516540463984,
          0.2030654074898199,
          0.13590634010612648,
          0.08600057088558012,
          0.05177481960264682,
          0.03193699454010163,
          0.059061061596605714,
          0.0013262196434457587,
          0.07808742730086252,
          0.007243324487471651,
          0.12841945213422132,
          0.013552650690347763,
          0.019735152461085204,
          0.004912649408911265,
          0.006360447838013437,
          0.009608830034192481,
          0,
          0,
          0.02756756617092263
        ],
        "currentBinShare": 0.07808742730086252
      },
      "ttm": {
        "squeeze": false,
        "release": false,
        "widthPct": 4.515031250182658
      }
    },
    "min15": {
      "sma20": 0.056545500000000005,
      "sma50": 0.05592919999999999,
      "ema20": 0.05661080361174145,
      "ema50": 0.0562729927178726,
      "vwma20": 0.057064935385877015,
      "hma21": 0.05694519480519479,
      "atr14": 0.0004385714285714285,
      "atrPercentile": 0.7439024390243902,
      "rvolZ": 0.05644658275689597,
      "rvolPercentile": 0.8229166666666666,
      "mfi14": 42.523445509603135,
      "ppo": {
        "ppo": 0.6686148066344849,
        "signal": 0.4690468473538979,
        "histogram": 0.19956795928058702
      },
      "stochRsi": {
        "k": 26.34038545780851,
        "d": 64.70721696604046
      },
      "vprofile": {
        "vpBins": [
          0.11875908545481534,
          0.05796749825805313,
          0.15264445928024142,
          0.20191823464557687,
          0.09626664251194415,
          0.027525659258511026,
          0.08294628213953383,
          0.03937329440917799,
          0.0013424108838990517,
          0.014320966009422476,
          0.007356753306654154,
          0.13956026546984898,
          0.02040503296955911,
          0.006826250494274289,
          0.0010721254863248915,
          0.003784280285111036,
          0,
          0,
          0,
          0.027930759137052237
        ],
        "currentBinShare": 0.014320966009422476
      },
      "ttm": {
        "squeeze": false,
        "release": false,
        "widthPct": 3.7408736751933485
      }
    },
    "hourly": {
      "sma20": 0.056094,
      "sma50": 0.056209999999999996,
      "ema20": 0.05635418364693782,
      "ema50": 0.05633707801677768,
      "vwma20": 0.05631635509884096,
      "hma21": 0.05668939393939396,
      "atr14": 0.0005042857142857146,
      "atrPercentile": 0.055900621118012424,
      "rvolZ": -0.2237893577457748,
      "rvolPercentile": 0.6369047619047619,
      "mfi14": 73.11119411637632,
      "ppo": {
        "ppo": 0.3769426804151021,
        "signal": 0.03289476680360008,
        "histogram": 0.344047913611502
      },
      "stochRsi": {
        "k": 81.9222408053551,
        "d": 68.62569898526127
      },
      "vprofile": {
        "vpBins": [
          0.05976553963979609,
          0.042625531065247475,
          0.05563877638823549,
          0.10115604343743452,
          0.057492597042956596,
          0.03455283569015622,
          0.12263088237370358,
          0.1216448334574745,
          0.06890934910756819,
          0.06177619870998679,
          0.06812315926825459,
          0,
          0.07292205402184333,
          0.13276219979734255,
          0,
          0,
          0,
          0,
          0,
          0
        ],
        "currentBinShare": 0.05563877638823549
      },
      "ttm": {
        "squeeze": false,
        "release": false,
        "widthPct": 4.618888879184333
      }
    },
    "fourHour": {
      "sma20": 0.056281500000000005,
      "sma50": 0.05933020000000001,
      "ema20": 0.05681655533018125,
      "ema50": 0.05868219048870635,
      "vwma20": 0.05669876850731217,
      "hma21": 0.05652935064935065,
      "atr14": 0.0023592857142857135,
      "atrPercentile": 0.6714285714285714,
      "rvolZ": -0.3606550124753258,
      "rvolPercentile": 0.47619047619047616,
      "mfi14": 56.67869721515654,
      "ppo": {
        "ppo": -1.340112715423805,
        "signal": -1.757287508431464,
        "histogram": 0.41717479300765903
      },
      "stochRsi": {
        "k": 100,
        "d": 53.003305966505785
      },
      "vprofile": {
        "vpBins": [
          0.03089224024550168,
          0.023562466732536286,
          0.062098305097250686,
          0.02334718240451452,
          0.17594680908136673,
          0.12426570064315336,
          0.16060076212547783,
          0,
          0.0947406999578674,
          0,
          0.12587287105642106,
          0,
          0,
          0,
          0,
          0,
          0.1786729626559106,
          0,
          0,
          0
        ],
        "currentBinShare": 0.023562466732536286
      },
      "ttm": {
        "squeeze": false,
        "release": false,
        "widthPct": 9.446798975707978
      }
    },
    "daily": {
      "sma20": 0.061333500000000006,
      "sma50": 0.0676984,
      "ema20": 0.06114955288518678,
      "ema50": 0.06963847767342972,
      "vwma20": 0,
      "hma21": 0.05734502164502166,
      "atr14": 0.0054314285714285706,
      "atrPercentile": 0.013157894736842105,
      "rvolZ": 0,
      "rvolPercentile": 1,
      "mfi14": 50,
      "ppo": {
        "ppo": -5.662705245842827,
        "signal": -5.069380925497744,
        "histogram": -0.5933243203450829
      },
      "stochRsi": {
        "k": 32.54795493129007,
        "d": 35.898767143335235
      },
      "vprofile": {
        "vpBins": [
          0,
          0,
          0,
          0,
          0,
          0,
          0,
          0,
          0,
          0,
          0,
          0,
          0,
          0,
          0,
          0,
          0,
          0,
          0,
          0
        ],
        "currentBinShare": 0
      },
      "ttm": {
        "squeeze": true,
        "release": false,
        "widthPct": 22.12525370646415
      }
    }
  },
  "smaMin5": 0.05675000000000001,
  "emaMin5": 0.056930709507068085,
  "vwmaMin5": 0.05716076548156954,
  "hmaMin5": 0.057513463203463164,
  "keltner15": {
    "upper": 0.05737130361174145,
    "middle": 0.05661080361174145,
    "lower": 0.05585030361174145
  },
  "superTrend15": {
    "isBull": false,
    "finalUpper": 0.058776,
    "finalLower": 0.055734
  },
  "mfi15": 42.523445509603135,
  "stochRsi15": {
    "k": 26.34038545780851,
    "d": 64.70721696604046
  },
  "ppo15": {
    "ppo": 0.6686148066344849,
    "signal": 0.4690468473538979,
    "histogram": 0.19956795928058702
  },
  "vpMin15": {
    "vpBins": [
      0.11875908545481534,
      0.05796749825805313,
      0.15264445928024142,
      0.20191823464557687,
      0.09626664251194415,
      0.027525659258511026,
      0.08294628213953383,
      0.03937329440917799,
      0.0013424108838990517,
      0.014320966009422476,
      0.007356753306654154,
      0.13956026546984898,
      0.02040503296955911,
      0.006826250494274289,
      0.0010721254863248915,
      0.003784280285111036,
      0,
      0,
      0,
      0.027930759137052237
    ],
    "currentBinShare": 0.014320966009422476
  },
  "ttm15": {
    "squeeze": false,
    "release": false,
    "widthPct": 3.7408736751933485
  },
  "marketCorrelation": {
    "hourly": {
      "btcCorrelation": 0,
      "ethCorrelation": 0,
      "btcBeta": 1,
      "ethBeta": 1,
      "btcTrend": "UNKNOWN",
      "ethTrend": "UNKNOWN",
      "tokenVol": 0,
      "btcVol": 0,
      "ethVol": 0,
      "marketDependence": 0,
      "verdict": "INSUFFICIENT_DATA"
    },
    "min15": {
      "btcCorrelation": 0,
      "ethCorrelation": 0,
      "btcBeta": 1,
      "ethBeta": 1,
      "btcTrend": "UNKNOWN",
      "ethTrend": "UNKNOWN",
      "tokenVol": 0,
      "btcVol": 0,
      "ethVol": 0,
      "marketDependence": 0,
      "verdict": "INSUFFICIENT_DATA"
    },
    "daily": {
      "btcCorrelation": 0,
      "ethCorrelation": 0,
      "btcBeta": 1,
      "ethBeta": 1,
      "btcTrend": "UNKNOWN",
      "ethTrend": "UNKNOWN",
      "tokenVol": 0,
      "btcVol": 0,
      "ethVol": 0,
      "marketDependence": 0,
      "verdict": "INSUFFICIENT_DATA"
    }
  },
  "tradeTape": {
    "totalTrades": 0,
    "totalVolume": 0,
    "buysVolume": 0,
    "sellsVolume": 0,
    "buySellRatio": 0.5,
    "vwap": 0,
    "signedVolume": 0,
    "avgTradeSize": 0,
    "tradesPerSec": 0,
    "cumulativeDelta": 0,
    "tradesLast1m": 0,
    "tradesLast5m": 0,
    "tradesLast15m": 0,
    "tradesLast1h": 0,
    "buyVWAP": 0,
    "sellVWAP": 0,
    "aggressorVWAP": 0,
    "bucketDurationMs": 60000,
    "bucketCount": 15,
    "bucketSignedVolumes": [],
    "bucketVolumes": [],
    "bucketVWAPs": [],
    "latestBucketSignedZ": 0
  },
  "enhancedMetrics": {
    "relativeVolumeZScore": -1,
    "volumePercentile": 40,
    "atrPercentile": 70.07299270072993,
    "volatilityPercentile": 19.303797468354432,
    "relativeVolatilityRatio": 0.4418940522322322,
    "isHighVolume": false,
    "isHighVolatility": false,
    "isLowVolatility": true,
    "isExpandingVolatility": false,
    "isContractingVolatility": true
  },
  "orderBook": {
    "bidAskSpread": 0,
    "spreadPct": 0,
    "midPrice": 0,
    "bestBid": 0,
    "bestAsk": 0,
    "bidDepth": 0,
    "askDepth": 0,
    "orderBookImbalance": 0,
    "liquidityScore": 0,
    "depthAt1Pct": {
      "bidVolume": 0,
      "askVolume": 0,
      "imbalance": 0
    },
    "depthAt2Pct": {
      "bidVolume": 0,
      "askVolume": 0,
      "imbalance": 0
    },
    "depthAt5Pct": {
      "bidVolume": 0,
      "askVolume": 0,
      "imbalance": 0
    },
    "weightedMidPrice": 0,
    "volumeWeightedSpread": 0,
    "totalBidLevels": 0,
    "totalAskLevels": 0
  },
  "marketCap": {
    "marketCap": 0,
    "totalVolume24h": 0,
    "volumeToMarketCapRatio": 0,
    "marketCapRank": 0,
    "normalizedRank": 0,
    "isHighLiquidity": false,
    "isVeryHighLiquidity": false,
    "isLowLiquidity": true,
    "liquidityTier": "VERY_LOW"
  },
  "sweeps": {
    "sweepScore": 0,
    "sweepCount": 0,
    "sweepDirection": "NEUTRAL",
    "buySweeps": 0,
    "sellSweeps": 0,
    "avgSweepSize": 0,
    "avgSweepIntensity": 0,
    "bidLiftRatio": 0,
    "askLiftRatio": 0,
    "sweepFrequency": 0,
    "largestSweep": null,
    "recentSweepClusters": 0,
    "sweepDetails": []
  },
  "absorption": {
    "absorptionScore": 0,
    "absorptionLevel": null,
    "absorptionSide": "NONE",
    "icebergProbability": 0,
    "hiddenLiquidityEstimate": 0,
    "volumeAtPrice": {},
    "topAbsorptionLevels": [],
    "persistenceDuration": 0,
    "refillDetected": false
  },
  "orderArrival": {
    "avgInterArrivalTime": 0,
    "recentInterArrivalTime": 0,
    "accelerationRatio": 1,
    "hawkesIntensity": 0,
    "hawkesDirection": "NEUTRAL",
    "clusteringScore": 0,
    "burstCount": 0,
    "cascadeDetected": false,
    "timeToNextTrade": 0,
    "accelerationTrend": "STABLE"
  },
  "liquidityVacuum": {
    "vacuumScore": 0,
    "vacuumSide": "NONE",
    "bidVacuumSeverity": 0,
    "askVacuumSeverity": 0,
    "depthConcentration": 0,
    "priceImpact10k": 0,
    "priceImpact50k": 0,
    "priceImpact100k": 0,
    "largestGapBid": 0,
    "largestGapAsk": 0,
    "avgGapBid": 0,
    "avgGapAsk": 0,
    "bidCliffDistance": 0,
    "askCliffDistance": 0
  },
  "volatilityRegime": {
    "regime": "BELOW_NORMAL",
    "regimeScore": -0.5,
    "currentATR": 0.005626,
    "avgATR": 0.010161,
    "atrPercentile": 1.3,
    "realizedVolatility": 156.7,
    "volPercentile": 66.1,
    "expanding": false,
    "contracting": true,
    "transitionProbability": 0.4,
    "daysInRegime": 4,
    "regimeStrength": 0.63
  },
  "temporalPatterns": {
    "currentHour": 17,
    "currentDay": 0,
    "currentDayName": "Sunday",
    "dayBias": "NEUTRAL",
    "hourlyProfile": [
      {
        "avgVolume": 126937.82,
        "avgATR": 0.001017,
        "avgReturn": -0.205
      },
      {
        "avgVolume": 137187.32,
        "avgATR": 0.000908,
        "avgReturn": 0.058
      },
      {
        "avgVolume": 127128.33,
        "avgATR": 0.001107,
        "avgReturn": 0.329
      },
      {
        "avgVolume": 97128.55,
        "avgATR": 0.000914,
        "avgReturn": 0.281
      },
      {
        "avgVolume": 37445.32,
        "avgATR": 0.000612,
        "avgReturn": 0.122
      },
      {
        "avgVolume": 39517.82,
        "avgATR": 0.000614,
        "avgReturn": 0.127
      },
      {
        "avgVolume": 507121.14,
        "avgATR": 0.003159,
        "avgReturn": 2.114
      },
      {
        "avgVolume": 351276.24,
        "avgATR": 0.001699,
        "avgReturn": -0.367
      },
      {
        "avgVolume": 140180.6,
        "avgATR": 0.001442,
        "avgReturn": -0.078
      },
      {
        "avgVolume": 127627.74,
        "avgATR": 0.001386,
        "avgReturn": -0.628
      },
      {
        "avgVolume": 60259.45,
        "avgATR": 0.001103,
        "avgReturn": -0.033
      },
      {
        "avgVolume": 47583.96,
        "avgATR": 0.000859,
        "avgReturn": 0.134
      },
      {
        "avgVolume": 99185.96,
        "avgATR": 0.001,
        "avgReturn": 0.134
      },
      {
        "avgVolume": 72417.7,
        "avgATR": 0.00117,
        "avgReturn": -0.801
      },
      {
        "avgVolume": 80658.12,
        "avgATR": 0.00121,
        "avgReturn": 0.354
      },
      {
        "avgVolume": 176276,
        "avgATR": 0.001943,
        "avgReturn": 0.218
      },
      {
        "avgVolume": 263708.88,
        "avgATR": 0.001495,
        "avgReturn": -0.049
      },
      {
        "avgVolume": 203027.83,
        "avgATR": 0.001551,
        "avgReturn": -0.878
      },
      {
        "avgVolume": 174699.49,
        "avgATR": 0.001359,
        "avgReturn": 0.804
      },
      {
        "avgVolume": 207367.49,
        "avgATR": 0.001171,
        "avgReturn": -0.494
      },
      {
        "avgVolume": 73221.79,
        "avgATR": 0.00094,
        "avgReturn": 0.076
      },
      {
        "avgVolume": 306274.14,
        "avgATR": 0.001685,
        "avgReturn": -0.188
      },
      {
        "avgVolume": 115402.81,
        "avgATR": 0.001119,
        "avgReturn": -0.459
      },
      {
        "avgVolume": 97376.65,
        "avgATR": 0.000813,
        "avgReturn": -0.4
      }
    ],
    "dailyProfile": [
      {
        "avgVolume": 133089.54,
        "avgATR": 0.001188,
        "avgReturn": -0.127
      },
      {
        "avgVolume": 57732.88,
        "avgATR": 0.000863,
        "avgReturn": -0.014
      },
      {
        "avgVolume": 73793.14,
        "avgATR": 0.000886,
        "avgReturn": 0.024
      },
      {
        "avgVolume": 37745.77,
        "avgATR": 0.000676,
        "avgReturn": -0.204
      },
      {
        "avgVolume": 138533.9,
        "avgATR": 0.000911,
        "avgReturn": 0.175
      },
      {
        "avgVolume": 127899.58,
        "avgATR": 0.001323,
        "avgReturn": -0.094
      },
      {
        "avgVolume": 432920.29,
        "avgATR": 0.002652,
        "avgReturn": 0.24
      }
    ],
    "favorableHours": [
      6,
      7,
      21,
      16,
      19,
      17
    ],
    "favorableWindow": true,
    "currentVsAvgVolume": 0,
    "currentVsAvgVolatility": 0,
    "anomalyDetected": true,
    "timeUntilFavorable": null,
    "temporalScore": 0.5
  },
  "unifiedMicrostructure": {
    "signalDirections": {
      "vpin": "NEUTRAL",
      "sweeps": "NEUTRAL",
      "absorption": "NEUTRAL",
      "arrival": "NEUTRAL",
      "vacuum": "NONE",
      "volRegime": "FAVORABLE",
      "temporal": "FAVORABLE"
    },
    "consensusDirection": "BULLISH",
    "consensusStrength": 100,
    "bullishSignals": 2,
    "bearishSignals": 0,
    "neutralSignals": 0,
    "totalAvailableSignals": 2,
    "dominantPattern": "NONE",
    "clusters": {
      "strongBuyCluster": false,
      "distributionPattern": false,
      "accumulationPattern": false,
      "momentumCascade": false
    },
    "adaptiveWeights": {
      "vpin": 0,
      "sweeps": 0,
      "absorption": 0,
      "arrival": 0,
      "vacuum": 0,
      "volRegime": 0.03,
      "temporal": 0.02
    },
    "convictionLevel": "HIGH",
    "convictionScore": 100,
    "riskAdjustment": "NORMAL",
    "timingQuality": "FAVORABLE",
    "signalQuality": "LOW"
  },
  "deltaAnalysis": {
    "currentDelta": 0,
    "cumulativeDelta": 0,
    "deltaPerVolume": 0,
    "deltaDirection": "NEUTRAL",
    "deltaDivergence": false,
    "institutionalRatio": 0,
    "aggressionScore": 0
  },
  "volumeProfile": {
    "pointOfControl": 0,
    "valueAreaHigh": 0,
    "valueAreaLow": 0,
    "currentPosition": "ABOVE_VALUE_AREA",
    "volumeNodes": [],
    "airPockets": []
  },
  "momentumCascade": {
    "cascadeDetected": false,
    "alignmentScore": 0.007568118885069008,
    "cascadeStrength": 0,
    "acceleratingTimeframes": [
      "15m",
      "1h"
    ],
    "divergingTimeframes": [
      "1m",
      "5m"
    ]
  },
  "breakoutConfirmation": {
    "breakoutConfirmed": false,
    "volumeConfirmation": false,
    "retestStrength": 0,
    "falseBreakoutRisk": 0,
    "breakoutQuality": "NO_BREAKOUT"
  },
  "liquidityHeatmap": {
    "liquidityScore": 0,
    "magnetDirection": "NONE",
    "magnetStrength": 0,
    "priceTarget5pct": null,
    "message": "No order book data"
  },
  "smartMoneyDivergence": {
    "divergenceDetected": false,
    "divergenceDirection": "NONE",
    "smartMoneyScore": 0.5,
    "message": "Insufficient trade data"
  },
  "microstructure": {
    "raw": -0.049322276633096185,
    "pct": 49,
    "summary": {
      "latestBucketSignedZ": 0,
      "buySellRatio": 0.5,
      "tradesPerSec": 0,
      "vwap": 0,
      "aggressorVWAP": 0,
      "vpinToxicity": "UNKNOWN",
      "sweepDirection": "NEUTRAL",
      "absorptionSide": "NONE",
      "icebergDetected": false,
      "hawkesDirection": "NEUTRAL",
      "cascadeDetected": false,
      "vacuumSide": "NONE",
      "volatilityRegime": "BELOW_NORMAL",
      "volExpanding": false,
      "favorableTimeWindow": true,
      "temporalAnomaly": true,
      "consensusDirection": "BULLISH",
      "consensusStrength": 100,
      "dominantPattern": "NONE",
      "convictionLevel": "HIGH",
      "riskAdjustment": "NORMAL",
      "timingQuality": "FAVORABLE",
      "deltaDirection": "NEUTRAL",
      "deltaDivergence": false,
      "institutionalRatio": 0,
      "volumeProfilePosition": "ABOVE_VALUE_AREA",
      "pointOfControl": 0,
      "momentumCascadeDetected": false,
      "cascadeStrength": 0,
      "breakoutQuality": "NO_BREAKOUT",
      "breakoutConfirmed": false,
      "magnetDirection": "NONE",
      "magnetStrength": 0,
      "priceTarget5pct": null,
      "nearestBidWall": 0,
      "nearestAskWall": 0,
      "divergenceDetected": false,
      "divergenceDirection": "NONE",
      "whaleAccumulation": false,
      "whaleDistribution": false,
      "retailPanic": false,
      "smartMoneyScore": 0.5
    }
  }
}

=== MICROSTRUCTURE ALERTS ===

🔬 VPIN: Insufficient data for VPIN analysis

🌊 SWEEP DETECTION: No significant sweeps detected

🧊 ABSORPTION & ICEBERG: No significant absorption or iceberg orders detected

⚡ ORDER ARRIVAL DYNAMICS: Insufficient trades for analysis

🌪️ LIQUIDITY VACUUM: No significant vacuum detected

📊 VOLATILITY REGIME DETECTION:
   Current Regime: BELOW_NORMAL
   Regime Score: -0.50 (-1=low vol, +1=extreme vol)
   Days in Regime: 4
   ATR: $0.005626 (avg: $0.010161)
   ATR Percentile: 1.3%
   Realized Volatility: 156.70% (annualized)
   Vol Percentile: 66.1%

   🟢 BELOW NORMAL VOLATILITY:
   ⚡ Consolidation phase - watch for expansion
   ✅ Good entry zone for patient trades

   📉 VOLATILITY CONTRACTING:
   🔄 Consolidation phase - accumulation likely
   ⏳ Wait for expansion before entering

   📍 MODERATE REGIME TRANSITION PROBABILITY: 40%
   Monitor for potential regime change

⏰ TEMPORAL PATTERN ANALYSIS:
   Current Time: Sunday 17:00 UTC
   Day Bias: NEUTRAL
   Current vs Avg Volume: 0x
   Current vs Avg Volatility: 0x

   ✅ FAVORABLE TIME WINDOW:
   This hour historically shows strong volume and positive returns
   GOOD time to trade - patterns favor entry

   ⚠️ LOW ACTIVITY ANOMALY:
   Volume 0x below typical - Extremely quiet

   📉 LOW VOLATILITY ANOMALY:
   Volatility 0x below typical - Consolidation likely

   🔥 Best Trading Hours (UTC): 6:00, 7:00, 21:00

🎯 UNIFIED MICROSTRUCTURE INTEGRATION:
   Signal Consensus: BULLISH (100% agreement)
   Available Signals: 2 (2 bullish / 0 bearish / 0 neutral)
   Conviction Level: HIGH (100%)
   Signal Quality: LOW
   Risk Adjustment: NORMAL
   Timing Quality: FAVORABLE

   ✅ HIGH CONVICTION: 100% of signals agree on direction
   Strong institutional alignment - Follow the smart money

   📊 NORMAL RISK LEVEL: Standard position sizing applies

   ⏰ FAVORABLE TIMING: Good time window for trading

   Signal Directions Breakdown:
   • VPIN: NEUTRAL
   • Sweeps: NEUTRAL
   • Absorption: NEUTRAL
   • Arrival Dynamics: NEUTRAL
   • Liquidity Vacuum: NONE
   • Vol Regime: FAVORABLE
   • Temporal: FAVORABLE

   Adaptive Weights (Total: 5.0%):
   • VPIN: 0.0%
   • Sweeps: 0.0%
   • Absorption: 0.0%
   • Arrival: 0.0%
   • Vacuum: 0.0%
   • Vol Regime: 3.0%
   • Temporal: 2.0%


💹 DELTA ANALYSIS (Order Flow Aggression):
   Direction: NEUTRAL
   Delta Per Volume: 0.00%
   Institutional Ratio: 0.0%
   Aggression Score: 0.0%

📊 VOLUME PROFILE (Support/Resistance Strength):
   Point of Control (POC): $0.000000
   Value Area High: $0.000000
   Value Area Low: $0.000000
   Current Position: ABOVE_VALUE_AREA
   ⚠️ DISTRIBUTION RISK: Price above value area - potential rejection zone

⚡ MOMENTUM CASCADE (Multi-Timeframe Alignment):
   Cascade Detected: NO
   Alignment Score: 0.8%
   Cascade Strength: 0.0%
   Accelerating: 15m, 1h
   Diverging: 1m, 5m

💥 BREAKOUT CONFIRMATION:
   Quality: NO_BREAKOUT
   Volume Confirmation: NO
   Retest Strength: 0.0%
   False Breakout Risk: 0.0%
   No breakout detected - price below resistance


levels:
Entry=0.05704568, StopLoss=0.0547638528, TakeProfit=0.057368034, 0.057690387999999995, 0.05794827119999999

---

=== Token: PRCL (PRCL) ===
Contract: PRCL-USD
Timestamp: 2025-12-20T15:00:00.000Z

Calculations:
{
  "momentumScore": 51.12702141608412,
  "volumeScore": 15.344591893557839,
  "patternScore": 30,
  "totalScore": 24.724760002374765,
  "finalScore": 24.724760002374765,
  "weights": "0.23,0.45,0.23",
  "hourlyUptrend": false,
  "rsi": 36.363636363636516,
  "ultraShortVolumeSurge": 0.6987406973758956,
  "baseVolumeSurge": 0.01909443531608065,
  "currentPrice": 0.0192,
  "resistance": 0.0195,
  "support": 0.0191,
  "rocMin5": 0,
  "shortROC": -0.005181347150259216,
  "priceAcceleration": 0.000006746545768566807,
  "buySellRatio": 0.04418493455251282,
  "macdHistogram": -0.00003007701749040351,
  "stochasticK": 19.99999999999986,
  "atr": 0.00010000000000000163,
  "bbUpper": 0.01979310324638612,
  "bbLower": 0.019056896753613876,
  "hammerDetected": false,
  "engulfingDetected": false,
  "compressionSpring": {
    "detected": false,
    "confidence": 0,
    "signals": {
      "sidewaysPrice": true,
      "atrCompression": false,
      "bbSqueeze": true,
      "consolidationTime": true,
      "strongBuying": false,
      "obvPositive": false,
      "chaikinPositive": false,
      "rsiNeutral": false,
      "volumeBuilding": false
    },
    "metrics": {
      "priceRange": 2.09,
      "atrRatio": 1.077,
      "bbWidth": 3.79,
      "volumeRatio": 3.341,
      "signalCount": 3,
      "buySellRatio": 0.044
    }
  },
  "riskTier": "LOW",
  "atrPercent": 0.7068452380952416,
  "distanceToResistance": 1.5625000000000087,
  "slPercent": 2.5,
  "tpPercent": 1.3281250000000073,
  "trailingActivation": 0.7968750000000043,
  "shortMomentumScore": 10,
  "overboughtScore": 0,
  "shortPatternScore": 0,
  "shootingStarDetected": false,
  "bearishEngulfingDetected": false,
  "eveningStarDetected": false,
  "bearishPatternsCount": 0,
  "shortTotalScore": 4,
  "chaikin": -0.01173604524882865,
  "obvIncreasing": true,
  "obvTrend": "increasing",
  "adx": 55.555555555555294,
  "recentCandles": {
    "redCount": 5,
    "greenCount": 5
  },
  "resistanceDistance": 1.5625000000000087,
  "multiplePatterns": false,
  "bullishPattern": false,
  "priceAboveVWAP": false,
  "breakingResistance": false,
  "atrSufficient": false,
  "macdDivergenceBearish": false,
  "rvolMin1": -0.3598758403078803,
  "rvolMin5": 0.3825540373137708,
  "atrPercentileOld": 0.3780487804878049,
  "vwapDeviation": -1.2019150288998368,
  "bbWidthPercent": 3.789994814786321,
  "bbSqueeze": false,
  "multiTFMomentum": {
    "min1": {
      "roc1": 0.005208333333333483,
      "roc3": 0.005208333333333483
    },
    "min5": {
      "roc1": -0.005181347150259216,
      "roc3": 0
    },
    "min15": {
      "roc1": 0,
      "roc3": 0
    },
    "hourly": {
      "roc1": 0.005208333333333483,
      "roc3": -0.005154639175257701
    },
    "fourHour": {
      "roc1": -0.010256410256410194,
      "roc3": -0.010256410256410194
    },
    "divergenceShortUpLongDown": true
  },
  "returnZMin5": -0.9458857394157861,
  "wickClosePct": 0,
  "wickUpper": 0,
  "wickLower": 0,
  "wickRatio": 0,
  "donchianBreakout15": false,
  "bbWidthPercentile15": 1,
  "signedMin5": 909547.5000000005,
  "signedMin5Z": 11.840172658907276,
  "signedMin1": 1197169.7999999993,
  "signedMin1Z": 19.088221727799915,
  "streakMin1": {
    "upStreak": 0,
    "downStreak": 0
  },
  "streakMin5": {
    "upStreak": 0,
    "downStreak": 1
  },
  "rvolPercentileMin1": 0.13333333333333333,
  "rvolPercentileMin5": 0.8784722222222222,
  "perTfMetrics": {
    "min1": {
      "sma20": 0.01928,
      "sma50": 0.019443999999999996,
      "ema20": 0.019286895970330772,
      "ema50": 0.01938572134402086,
      "vwma20": 0.019214732740958574,
      "hma21": 0.01917359307359308,
      "atr14": 0.00008571428571428742,
      "atrPercentile": 0.4612286002014099,
      "rvolZ": -0.3598758403078803,
      "rvolPercentile": 0.13333333333333333,
      "mfi14": 15.561606953367132,
      "ppo": {
        "ppo": -0.3425206931360606,
        "signal": -0.38932188060721623,
        "histogram": 0.046801187471155636
      },
      "stochRsi": {
        "k": 72.72727272727344,
        "d": 41.818181818181905
      },
      "vprofile": {
        "vpBins": [
          0.029634056126243594,
          0,
          0.08904715110018224,
          0,
          0,
          0.09819887451152122,
          0,
          0.14134292324201167,
          0,
          0,
          0.283419523954528,
          0,
          0.12108037400568056,
          0,
          0.17283044170060255,
          0,
          0,
          0.06268850596122716,
          0,
          0.001758149398003128
        ],
        "currentBinShare": 0.09819887451152122
      },
      "ttm": {
        "squeeze": false,
        "release": false,
        "widthPct": 2.234508218728027
      }
    },
    "min5": {
      "sma20": 0.019329999999999996,
      "sma50": 0.019457999999999993,
      "ema20": 0.019331143712411077,
      "ema50": 0.019417235933022324,
      "vwma20": 0.019253763144480227,
      "hma21": 0.01918441558441559,
      "atr14": 0.00010000000000000163,
      "atrPercentile": 0.49635036496350365,
      "rvolZ": 0.3825540373137708,
      "rvolPercentile": 0.8784722222222222,
      "mfi14": 2.9402189132353556,
      "ppo": {
        "ppo": -0.3824632434056697,
        "signal": -0.3557077616780498,
        "histogram": -0.02675548172761988
      },
      "stochRsi": {
        "k": 44.31818181818334,
        "d": 41.16161616161629
      },
      "vprofile": {
        "vpBins": [
          0.004180349545255621,
          0.00356519172985214,
          0,
          0.07146916647768956,
          0,
          0.07678525700946034,
          0,
          0.08085455882938267,
          0,
          0.1035652837687314,
          0.14527867503684513,
          0,
          0.2333298665355482,
          0,
          0.11875363353998943,
          0,
          0.13751572150845864,
          0,
          0.0247022960187869,
          0
        ],
        "currentBinShare": 0.08085455882938267
      },
      "ttm": {
        "squeeze": false,
        "release": false,
        "widthPct": 2.2762545266425396
      }
    },
    "min15": {
      "sma20": 0.019424999999999998,
      "sma50": 0.019467999999999992,
      "ema20": 0.01935969438984498,
      "ema50": 0.019419658168966566,
      "vwma20": 0.019401828996373587,
      "hma21": 0.019148484848484845,
      "atr14": 0.00013571428571428637,
      "atrPercentile": 0.3780487804878049,
      "rvolZ": -0.030755604324043704,
      "rvolPercentile": 0.6979166666666666,
      "mfi14": 10.310186253311855,
      "ppo": {
        "ppo": -0.45015843182095694,
        "signal": -0.30007133273578146,
        "histogram": -0.15008709908517548
      },
      "stochRsi": {
        "k": 22.222222222222364,
        "d": 30.89133089133088
      },
      "vprofile": {
        "vpBins": [
          0,
          0.007684340874157912,
          0,
          0.05634348024236618,
          0,
          0.03239632639980285,
          0,
          0.13804055709159974,
          0,
          0.05325561574374619,
          0.11901694979127948,
          0,
          0.36019143055444025,
          0,
          0.08674188935180882,
          0,
          0.1329011790319505,
          0,
          0.013428230918848054,
          0
        ],
        "currentBinShare": 0.13804055709159974
      },
      "ttm": {
        "squeeze": false,
        "release": false,
        "widthPct": 3.789994814786321
      }
    },
    "hourly": {
      "sma20": 0.019475000000000003,
      "sma50": 0.019227999999999988,
      "ema20": 0.01940664040456712,
      "ema50": 0.019461514761618226,
      "vwma20": 0.01949806442296497,
      "hma21": 0.01940995670995671,
      "atr14": 0.00020000000000000028,
      "atrPercentile": 0.034161490683229816,
      "rvolZ": -0.5714279956234966,
      "rvolPercentile": 0.1488095238095238,
      "mfi14": 35.71363966711394,
      "ppo": {
        "ppo": -0.04420642558787135,
        "signal": 0.1960998761966815,
        "histogram": -0.24030630178455287
      },
      "stochRsi": {
        "k": 19.444444444444965,
        "d": 38.13131313131307
      },
      "vprofile": {
        "vpBins": [
          0.029449809277226468,
          0.011160909684943723,
          0.08337374382664564,
          0.15075582859923822,
          0.08611612946683181,
          0.12488633359889449,
          0.24713170996172792,
          0.031256410158616826,
          0.05238458726023354,
          0.04158841881576118,
          0.02351602152696867,
          0,
          0,
          0.0282769259633137,
          0.005522812614551396,
          0.05258730050725016,
          0.00817647741246075,
          0.011607401869807544,
          0.009363805379146583,
          0.0028453740763814575
        ],
        "currentBinShare": 0.15075582859923822
      },
      "ttm": {
        "squeeze": false,
        "release": false,
        "widthPct": 2.668114209348718
      }
    },
    "fourHour": {
      "sma20": 0.019395000000000003,
      "sma50": 0.021902000000000012,
      "ema20": 0.019747463939466244,
      "ema50": 0.021437444222683937,
      "vwma20": 0.019373019388103985,
      "hma21": 0.019221212121212118,
      "atr14": 0.0006714285714285718,
      "atrPercentile": 0.2,
      "rvolZ": -0.5482703129469332,
      "rvolPercentile": 0.34523809523809523,
      "mfi14": 56.49889883383234,
      "ppo": {
        "ppo": -3.1402826658382663,
        "signal": -4.14388002358577,
        "histogram": 1.0035973577475037
      },
      "stochRsi": {
        "k": 100,
        "d": 48.980139559849704
      },
      "vprofile": {
        "vpBins": [
          0.02218369698656616,
          0.03503202165021471,
          0.15752653174341344,
          0.08201541866606514,
          0.18138361633565783,
          0.014219682161993192,
          0.07783997971985042,
          0,
          0,
          0,
          0.025188843480523637,
          0.03964582944386286,
          0.06212348748886922,
          0.09279543410214668,
          0.036678510926982474,
          0.08980055608010871,
          0,
          0.08356639121374551,
          0,
          0
        ],
        "currentBinShare": 0.15752653174341344
      },
      "ttm": {
        "squeeze": false,
        "release": false,
        "widthPct": 10.238978829485175
      }
    },
    "daily": {
      "sma20": 0.024325000000000003,
      "sma50": 0.031368,
      "ema20": 0.02404865284048467,
      "ema50": 0.031401124029728195,
      "vwma20": 0,
      "hma21": 0.020318181818181815,
      "atr14": 0.0020642857142857142,
      "atrPercentile": 0.013157894736842105,
      "rvolZ": 0,
      "rvolPercentile": 1,
      "mfi14": 50,
      "ppo": {
        "ppo": -13.351882420860308,
        "signal": -11.57680951211462,
        "histogram": -1.7750729087456882
      },
      "stochRsi": {
        "k": 0,
        "d": 26.433925514568656
      },
      "vprofile": {
        "vpBins": [
          0,
          0,
          0,
          0,
          0,
          0,
          0,
          0,
          0,
          0,
          0,
          0,
          0,
          0,
          0,
          0,
          0,
          0,
          0,
          0
        ],
        "currentBinShare": 0
      },
      "ttm": {
        "squeeze": false,
        "release": false,
        "widthPct": 51.12963067386492
      }
    }
  },
  "smaMin5": 0.019329999999999996,
  "emaMin5": 0.019331143712411077,
  "vwmaMin5": 0.019253763144480227,
  "hmaMin5": 0.01918441558441559,
  "keltner15": {
    "upper": 0.01955469438984498,
    "middle": 0.01935969438984498,
    "lower": 0.01916469438984498
  },
  "superTrend15": {
    "isBull": false,
    "finalUpper": 0.019640000000000005,
    "finalLower": 0.018859999999999995
  },
  "mfi15": 10.310186253311855,
  "stochRsi15": {
    "k": 22.222222222222364,
    "d": 30.89133089133088
  },
  "ppo15": {
    "ppo": -0.45015843182095694,
    "signal": -0.30007133273578146,
    "histogram": -0.15008709908517548
  },
  "vpMin15": {
    "vpBins": [
      0,
      0.007684340874157912,
      0,
      0.05634348024236618,
      0,
      0.03239632639980285,
      0,
      0.13804055709159974,
      0,
      0.05325561574374619,
      0.11901694979127948,
      0,
      0.36019143055444025,
      0,
      0.08674188935180882,
      0,
      0.1329011790319505,
      0,
      0.013428230918848054,
      0
    ],
    "currentBinShare": 0.13804055709159974
  },
  "ttm15": {
    "squeeze": false,
    "release": false,
    "widthPct": 3.789994814786321
  },
  "marketCorrelation": {
    "hourly": {
      "btcCorrelation": 0,
      "ethCorrelation": 0,
      "btcBeta": 1,
      "ethBeta": 1,
      "btcTrend": "UNKNOWN",
      "ethTrend": "UNKNOWN",
      "tokenVol": 0,
      "btcVol": 0,
      "ethVol": 0,
      "marketDependence": 0,
      "verdict": "INSUFFICIENT_DATA"
    },
    "min15": {
      "btcCorrelation": 0,
      "ethCorrelation": 0,
      "btcBeta": 1,
      "ethBeta": 1,
      "btcTrend": "UNKNOWN",
      "ethTrend": "UNKNOWN",
      "tokenVol": 0,
      "btcVol": 0,
      "ethVol": 0,
      "marketDependence": 0,
      "verdict": "INSUFFICIENT_DATA"
    },
    "daily": {
      "btcCorrelation": 0,
      "ethCorrelation": 0,
      "btcBeta": 1,
      "ethBeta": 1,
      "btcTrend": "UNKNOWN",
      "ethTrend": "UNKNOWN",
      "tokenVol": 0,
      "btcVol": 0,
      "ethVol": 0,
      "marketDependence": 0,
      "verdict": "INSUFFICIENT_DATA"
    }
  },
  "tradeTape": {
    "totalTrades": 0,
    "totalVolume": 0,
    "buysVolume": 0,
    "sellsVolume": 0,
    "buySellRatio": 0.5,
    "vwap": 0,
    "signedVolume": 0,
    "avgTradeSize": 0,
    "tradesPerSec": 0,
    "cumulativeDelta": 0,
    "tradesLast1m": 0,
    "tradesLast5m": 0,
    "tradesLast15m": 0,
    "tradesLast1h": 0,
    "buyVWAP": 0,
    "sellVWAP": 0,
    "aggressorVWAP": 0,
    "bucketDurationMs": 60000,
    "bucketCount": 15,
    "bucketSignedVolumes": [],
    "bucketVolumes": [],
    "bucketVWAPs": [],
    "latestBucketSignedZ": 0
  },
  "enhancedMetrics": {
    "relativeVolumeZScore": -1,
    "volumePercentile": 40,
    "atrPercentile": 49.63503649635037,
    "volatilityPercentile": 3.481012658227848,
    "relativeVolatilityRatio": 0.6095881352887451,
    "isHighVolume": false,
    "isHighVolatility": false,
    "isLowVolatility": true,
    "isExpandingVolatility": false,
    "isContractingVolatility": true
  },
  "orderBook": {
    "bidAskSpread": 0,
    "spreadPct": 0,
    "midPrice": 0,
    "bestBid": 0,
    "bestAsk": 0,
    "bidDepth": 0,
    "askDepth": 0,
    "orderBookImbalance": 0,
    "liquidityScore": 0,
    "depthAt1Pct": {
      "bidVolume": 0,
      "askVolume": 0,
      "imbalance": 0
    },
    "depthAt2Pct": {
      "bidVolume": 0,
      "askVolume": 0,
      "imbalance": 0
    },
    "depthAt5Pct": {
      "bidVolume": 0,
      "askVolume": 0,
      "imbalance": 0
    },
    "weightedMidPrice": 0,
    "volumeWeightedSpread": 0,
    "totalBidLevels": 0,
    "totalAskLevels": 0
  },
  "marketCap": {
    "marketCap": 0,
    "totalVolume24h": 0,
    "volumeToMarketCapRatio": 0,
    "marketCapRank": 0,
    "normalizedRank": 0,
    "isHighLiquidity": false,
    "isVeryHighLiquidity": false,
    "isLowLiquidity": true,
    "liquidityTier": "VERY_LOW"
  },
  "sweeps": {
    "sweepScore": 0,
    "sweepCount": 0,
    "sweepDirection": "NEUTRAL",
    "buySweeps": 0,
    "sellSweeps": 0,
    "avgSweepSize": 0,
    "avgSweepIntensity": 0,
    "bidLiftRatio": 0,
    "askLiftRatio": 0,
    "sweepFrequency": 0,
    "largestSweep": null,
    "recentSweepClusters": 0,
    "sweepDetails": []
  },
  "absorption": {
    "absorptionScore": 0,
    "absorptionLevel": null,
    "absorptionSide": "NONE",
    "icebergProbability": 0,
    "hiddenLiquidityEstimate": 0,
    "volumeAtPrice": {},
    "topAbsorptionLevels": [],
    "persistenceDuration": 0,
    "refillDetected": false
  },
  "orderArrival": {
    "avgInterArrivalTime": 0,
    "recentInterArrivalTime": 0,
    "accelerationRatio": 1,
    "hawkesIntensity": 0,
    "hawkesDirection": "NEUTRAL",
    "clusteringScore": 0,
    "burstCount": 0,
    "cascadeDetected": false,
    "timeToNextTrade": 0,
    "accelerationTrend": "STABLE"
  },
  "liquidityVacuum": {
    "vacuumScore": 0,
    "vacuumSide": "NONE",
    "bidVacuumSeverity": 0,
    "askVacuumSeverity": 0,
    "depthConcentration": 0,
    "priceImpact10k": 0,
    "priceImpact50k": 0,
    "priceImpact100k": 0,
    "largestGapBid": 0,
    "largestGapAsk": 0,
    "avgGapBid": 0,
    "avgGapAsk": 0,
    "bidCliffDistance": 0,
    "askCliffDistance": 0
  },
  "volatilityRegime": {
    "regime": "LOW",
    "regimeScore": -1,
    "currentATR": 0.002146,
    "avgATR": 0.00302,
    "atrPercentile": 1.3,
    "realizedVolatility": 81.39,
    "volPercentile": 10.2,
    "expanding": false,
    "contracting": true,
    "transitionProbability": 0.4,
    "daysInRegime": 1,
    "regimeStrength": 1.43
  },
  "temporalPatterns": {
    "currentHour": 17,
    "currentDay": 0,
    "currentDayName": "Sunday",
    "dayBias": "NEUTRAL",
    "hourlyProfile": [
      {
        "avgVolume": 268668.03,
        "avgATR": 0.000338,
        "avgReturn": -0.266
      },
      {
        "avgVolume": 137214.64,
        "avgATR": 0.000264,
        "avgReturn": 0.034
      },
      {
        "avgVolume": 120322.17,
        "avgATR": 0.000229,
        "avgReturn": 0.106
      },
      {
        "avgVolume": 88636.03,
        "avgATR": 0.000231,
        "avgReturn": 0.126
      },
      {
        "avgVolume": 117296.14,
        "avgATR": 0.000271,
        "avgReturn": -0.132
      },
      {
        "avgVolume": 86184.49,
        "avgATR": 0.000221,
        "avgReturn": 0
      },
      {
        "avgVolume": 78352.11,
        "avgATR": 0.000264,
        "avgReturn": -0.038
      },
      {
        "avgVolume": 104469.85,
        "avgATR": 0.000286,
        "avgReturn": -0.53
      },
      {
        "avgVolume": 148946.61,
        "avgATR": 0.000321,
        "avgReturn": 0.31
      },
      {
        "avgVolume": 250481.79,
        "avgATR": 0.000364,
        "avgReturn": 0.125
      },
      {
        "avgVolume": 151328.57,
        "avgATR": 0.000369,
        "avgReturn": -0.783
      },
      {
        "avgVolume": 187497.11,
        "avgATR": 0.000271,
        "avgReturn": -0.148
      },
      {
        "avgVolume": 117686.49,
        "avgATR": 0.000264,
        "avgReturn": 0.015
      },
      {
        "avgVolume": 122132.95,
        "avgATR": 0.000273,
        "avgReturn": -0.362
      },
      {
        "avgVolume": 180484.45,
        "avgATR": 0.00044,
        "avgReturn": -0.275
      },
      {
        "avgVolume": 333000.5,
        "avgATR": 0.00056,
        "avgReturn": -0.027
      },
      {
        "avgVolume": 385104.42,
        "avgATR": 0.000571,
        "avgReturn": 0.554
      },
      {
        "avgVolume": 313079.5,
        "avgATR": 0.000643,
        "avgReturn": -1.065
      },
      {
        "avgVolume": 299171.01,
        "avgATR": 0.000436,
        "avgReturn": 0.41
      },
      {
        "avgVolume": 248323.24,
        "avgATR": 0.000379,
        "avgReturn": 0.068
      },
      {
        "avgVolume": 311858.66,
        "avgATR": 0.000414,
        "avgReturn": -0.108
      },
      {
        "avgVolume": 134093.22,
        "avgATR": 0.000421,
        "avgReturn": -0.259
      },
      {
        "avgVolume": 386573.59,
        "avgATR": 0.000392,
        "avgReturn": 0.283
      },
      {
        "avgVolume": 196647.98,
        "avgATR": 0.000293,
        "avgReturn": 0.042
      }
    ],
    "dailyProfile": [
      {
        "avgVolume": 76073.98,
        "avgATR": 0.000289,
        "avgReturn": -0.265
      },
      {
        "avgVolume": 310033.97,
        "avgATR": 0.000433,
        "avgReturn": -0.239
      },
      {
        "avgVolume": 222884.39,
        "avgATR": 0.000369,
        "avgReturn": 0.068
      },
      {
        "avgVolume": 210979.47,
        "avgATR": 0.000329,
        "avgReturn": -0.174
      },
      {
        "avgVolume": 163535.83,
        "avgATR": 0.000315,
        "avgReturn": -0.155
      },
      {
        "avgVolume": 165925.34,
        "avgATR": 0.0003,
        "avgReturn": 0.063
      },
      {
        "avgVolume": 234426.05,
        "avgATR": 0.000448,
        "avgReturn": 0.132
      }
    ],
    "favorableHours": [
      22,
      16,
      15,
      20,
      17,
      18
    ],
    "favorableWindow": true,
    "currentVsAvgVolume": 0,
    "currentVsAvgVolatility": 0,
    "anomalyDetected": true,
    "timeUntilFavorable": null,
    "temporalScore": 0.5
  },
  "unifiedMicrostructure": {
    "signalDirections": {
      "vpin": "NEUTRAL",
      "sweeps": "NEUTRAL",
      "absorption": "NEUTRAL",
      "arrival": "NEUTRAL",
      "vacuum": "NONE",
      "volRegime": "FAVORABLE",
      "temporal": "FAVORABLE"
    },
    "consensusDirection": "BULLISH",
    "consensusStrength": 100,
    "bullishSignals": 2,
    "bearishSignals": 0,
    "neutralSignals": 0,
    "totalAvailableSignals": 2,
    "dominantPattern": "NONE",
    "clusters": {
      "strongBuyCluster": false,
      "distributionPattern": false,
      "accumulationPattern": false,
      "momentumCascade": false
    },
    "adaptiveWeights": {
      "vpin": 0,
      "sweeps": 0,
      "absorption": 0,
      "arrival": 0,
      "vacuum": 0,
      "volRegime": 0.03,
      "temporal": 0.02
    },
    "convictionLevel": "HIGH",
    "convictionScore": 100,
    "riskAdjustment": "INCREASE",
    "timingQuality": "FAVORABLE",
    "signalQuality": "LOW"
  },
  "deltaAnalysis": {
    "currentDelta": 0,
    "cumulativeDelta": 0,
    "deltaPerVolume": 0,
    "deltaDirection": "NEUTRAL",
    "deltaDivergence": false,
    "institutionalRatio": 0,
    "aggressionScore": 0
  },
  "volumeProfile": {
    "pointOfControl": 0,
    "valueAreaHigh": 0,
    "valueAreaLow": 0,
    "currentPosition": "ABOVE_VALUE_AREA",
    "volumeNodes": [],
    "airPockets": []
  },
  "momentumCascade": {
    "cascadeDetected": false,
    "alignmentScore": -0.0026578359572206516,
    "cascadeStrength": 0,
    "acceleratingTimeframes": [
      "1m"
    ],
    "divergingTimeframes": [
      "5m",
      "15m",
      "1h"
    ]
  },
  "breakoutConfirmation": {
    "breakoutConfirmed": false,
    "volumeConfirmation": false,
    "retestStrength": 0,
    "falseBreakoutRisk": 0,
    "breakoutQuality": "NO_BREAKOUT"
  },
  "liquidityHeatmap": {
    "liquidityScore": 0,
    "magnetDirection": "NONE",
    "magnetStrength": 0,
    "priceTarget5pct": null,
    "message": "No order book data"
  },
  "smartMoneyDivergence": {
    "divergenceDetected": false,
    "divergenceDirection": "NONE",
    "smartMoneyScore": 0.5,
    "message": "Insufficient trade data"
  },
  "microstructure": {
    "raw": -0.043388616834519084,
    "pct": 49,
    "summary": {
      "latestBucketSignedZ": 0,
      "buySellRatio": 0.5,
      "tradesPerSec": 0,
      "vwap": 0,
      "aggressorVWAP": 0,
      "vpinToxicity": "UNKNOWN",
      "sweepDirection": "NEUTRAL",
      "absorptionSide": "NONE",
      "icebergDetected": false,
      "hawkesDirection": "NEUTRAL",
      "cascadeDetected": false,
      "vacuumSide": "NONE",
      "volatilityRegime": "LOW",
      "volExpanding": false,
      "favorableTimeWindow": true,
      "temporalAnomaly": true,
      "consensusDirection": "BULLISH",
      "consensusStrength": 100,
      "dominantPattern": "NONE",
      "convictionLevel": "HIGH",
      "riskAdjustment": "INCREASE",
      "timingQuality": "FAVORABLE",
      "deltaDirection": "NEUTRAL",
      "deltaDivergence": false,
      "institutionalRatio": 0,
      "volumeProfilePosition": "ABOVE_VALUE_AREA",
      "pointOfControl": 0,
      "momentumCascadeDetected": false,
      "cascadeStrength": 0,
      "breakoutQuality": "NO_BREAKOUT",
      "breakoutConfirmed": false,
      "magnetDirection": "NONE",
      "magnetStrength": 0,
      "priceTarget5pct": null,
      "nearestBidWall": 0,
      "nearestAskWall": 0,
      "divergenceDetected": false,
      "divergenceDirection": "NONE",
      "whaleAccumulation": false,
      "whaleDistribution": false,
      "retailPanic": false,
      "smartMoneyScore": 0.5
    }
  }
}

=== MICROSTRUCTURE ALERTS ===

🔬 VPIN: Insufficient data for VPIN analysis

🌊 SWEEP DETECTION: No significant sweeps detected

🧊 ABSORPTION & ICEBERG: No significant absorption or iceberg orders detected

⚡ ORDER ARRIVAL DYNAMICS: Insufficient trades for analysis

🌪️ LIQUIDITY VACUUM: No significant vacuum detected

📊 VOLATILITY REGIME DETECTION:
   Current Regime: LOW
   Regime Score: -1.00 (-1=low vol, +1=extreme vol)
   Days in Regime: 1
   ATR: $0.002146 (avg: $0.003020)
   ATR Percentile: 1.3%
   Realized Volatility: 81.39% (annualized)
   Vol Percentile: 10.2%

   🔵 LOW VOLATILITY REGIME:
   ✅ Ideal for breakout setups - price coiling
   ✅ Tight stops recommended
   ✅ Can increase position size (lower risk)

   📉 VOLATILITY CONTRACTING:
   🔄 Consolidation phase - accumulation likely
   ⏳ Wait for expansion before entering

   📍 MODERATE REGIME TRANSITION PROBABILITY: 40%
   Monitor for potential regime change

   ⚠️ NEW REGIME: Only 1 day(s) - conditions still settling

⏰ TEMPORAL PATTERN ANALYSIS:
   Current Time: Sunday 17:00 UTC
   Day Bias: NEUTRAL
   Current vs Avg Volume: 0x
   Current vs Avg Volatility: 0x

   ✅ FAVORABLE TIME WINDOW:
   This hour historically shows strong volume and positive returns
   GOOD time to trade - patterns favor entry

   ⚠️ LOW ACTIVITY ANOMALY:
   Volume 0x below typical - Extremely quiet

   📉 LOW VOLATILITY ANOMALY:
   Volatility 0x below typical - Consolidation likely

   🔥 Best Trading Hours (UTC): 22:00, 16:00, 15:00

🎯 UNIFIED MICROSTRUCTURE INTEGRATION:
   Signal Consensus: BULLISH (100% agreement)
   Available Signals: 2 (2 bullish / 0 bearish / 0 neutral)
   Conviction Level: HIGH (100%)
   Signal Quality: LOW
   Risk Adjustment: INCREASE
   Timing Quality: FAVORABLE

   ✅ HIGH CONVICTION: 100% of signals agree on direction
   Strong institutional alignment - Follow the smart money

   💰 RISK INCREASE OPPORTUNITY: Low vol + Favorable timing = Lower risk

   ⏰ FAVORABLE TIMING: Good time window for trading

   Signal Directions Breakdown:
   • VPIN: NEUTRAL
   • Sweeps: NEUTRAL
   • Absorption: NEUTRAL
   • Arrival Dynamics: NEUTRAL
   • Liquidity Vacuum: NONE
   • Vol Regime: FAVORABLE
   • Temporal: FAVORABLE

   Adaptive Weights (Total: 5.0%):
   • VPIN: 0.0%
   • Sweeps: 0.0%
   • Absorption: 0.0%
   • Arrival: 0.0%
   • Vacuum: 0.0%
   • Vol Regime: 3.0%
   • Temporal: 2.0%


💹 DELTA ANALYSIS (Order Flow Aggression):
   Direction: NEUTRAL
   Delta Per Volume: 0.00%
   Institutional Ratio: 0.0%
   Aggression Score: 0.0%

📊 VOLUME PROFILE (Support/Resistance Strength):
   Point of Control (POC): $0.000000
   Value Area High: $0.000000
   Value Area Low: $0.000000
   Current Position: ABOVE_VALUE_AREA
   ⚠️ DISTRIBUTION RISK: Price above value area - potential rejection zone

⚡ MOMENTUM CASCADE (Multi-Timeframe Alignment):
   Cascade Detected: NO
   Alignment Score: -0.3%
   Cascade Strength: 0.0%
   Accelerating: 1m
   Diverging: 5m, 15m, 1h

💥 BREAKOUT CONFIRMATION:
   Quality: NO_BREAKOUT
   Volume Confirmation: NO
   Retest Strength: 0.0%
   False Breakout Risk: 0.0%
   No breakout detected - price below resistance


levels:
Entry=0.019161599999999997, StopLoss=0.018682559999999997, TakeProfit=0.019288844999999995, 0.01941609, 0.019517886

---

=== Token: XCN (XCN) ===
Contract: XCN-USD
Timestamp: 2025-12-20T15:00:00.000Z

Calculations:
{
  "momentumScore": 75.73530423411873,
  "volumeScore": 34.15915211616526,
  "patternScore": 67.79697624190098,
  "totalScore": 47.31998499650344,
  "finalScore": 47.31998499650344,
  "weights": "0.23,0.45,0.23",
  "hourlyUptrend": true,
  "rsi": 37.837837837837945,
  "ultraShortVolumeSurge": 1.044263766637701,
  "baseVolumeSurge": 0.025533694036572633,
  "currentPrice": 0.0047,
  "resistance": 0.00489,
  "support": 0.00463,
  "rocMin5": 0.004273504273504284,
  "shortROC": -0.0021231422505306992,
  "priceAcceleration": 0.0010920877844683517,
  "buySellRatio": 0.6066168764012452,
  "macdHistogram": 0.000010283159499771588,
  "stochasticK": 39.39393939393931,
  "atr": 0.00003642857142857149,
  "bbUpper": 0.0047940868156597935,
  "bbLower": 0.004508913184340207,
  "hammerDetected": false,
  "engulfingDetected": false,
  "compressionSpring": {
    "detected": false,
    "confidence": 0,
    "signals": {
      "sidewaysPrice": true,
      "atrCompression": false,
      "bbSqueeze": false,
      "consolidationTime": true,
      "strongBuying": false,
      "obvPositive": false,
      "chaikinPositive": false,
      "rsiNeutral": false,
      "volumeBuilding": false
    },
    "metrics": {
      "priceRange": 6.54,
      "atrRatio": 2.125,
      "bbWidth": 6.13,
      "volumeRatio": 0.591,
      "signalCount": 2,
      "buySellRatio": 0.607
    }
  },
  "riskTier": "MEDIUM",
  "atrPercent": 1.3373860182370805,
  "distanceToResistance": 4.042553191489363,
  "slPercent": 3,
  "tpPercent": 3.4361702127659584,
  "trailingActivation": 2.061702127659575,
  "shortMomentumScore": 0,
  "overboughtScore": 0,
  "shortPatternScore": 0,
  "shootingStarDetected": false,
  "bearishEngulfingDetected": false,
  "eveningStarDetected": false,
  "bearishPatternsCount": 0,
  "shortTotalScore": 0,
  "chaikin": -0.2754827099164986,
  "obvIncreasing": true,
  "obvTrend": "increasing",
  "adx": 46.938775510203754,
  "recentCandles": {
    "redCount": 3,
    "greenCount": 7
  },
  "resistanceDistance": 4.042553191489363,
  "multiplePatterns": false,
  "bullishPattern": false,
  "priceAboveVWAP": true,
  "breakingResistance": false,
  "atrSufficient": true,
  "macdDivergenceBearish": false,
  "rvolMin1": -0.05997349120619771,
  "rvolMin5": -0.3421792464106065,
  "atrPercentileOld": 0.8292682926829268,
  "vwapDeviation": -0.05358850235592905,
  "bbWidthPercent": 6.1307885911982485,
  "bbSqueeze": false,
  "multiTFMomentum": {
    "min1": {
      "roc1": 0.0021276595744679984,
      "roc3": 0.006410256410256335
    },
    "min5": {
      "roc1": -0.0021231422505306992,
      "roc3": -0.006342494714587663
    },
    "min15": {
      "roc1": 0.00213675213675205,
      "roc3": 0
    },
    "hourly": {
      "roc1": 0.010683760683760618,
      "roc3": 0.015021459227467757
    },
    "fourHour": {
      "roc1": 0.0350109409190371,
      "roc3": 0.010683760683760618
    },
    "divergenceShortUpLongDown": false
  },
  "returnZMin5": -0.3033687257833158,
  "wickClosePct": 1,
  "wickUpper": 0,
  "wickLower": 0.000009999999999999593,
  "wickRatio": 0.9999999999999133,
  "donchianBreakout15": false,
  "bbWidthPercentile15": 0.6753246753246753,
  "signedMin5": 8857556.899999999,
  "signedMin5Z": 4.736728383892457,
  "signedMin1": 6521383.500000001,
  "signedMin1Z": 17.69166251693388,
  "streakMin1": {
    "upStreak": 1,
    "downStreak": 0
  },
  "streakMin5": {
    "upStreak": 2,
    "downStreak": 0
  },
  "rvolPercentileMin1": 0.7840277777777778,
  "rvolPercentileMin5": 0.3854166666666667,
  "perTfMetrics": {
    "min1": {
      "sma20": 0.004701000000000001,
      "sma50": 0.004741800000000001,
      "ema20": 0.004706150606266362,
      "ema50": 0.0047155242996478955,
      "vwma20": 0.004705325369440598,
      "hma21": 0.004706320346320347,
      "atr14": 0.000022142857142856986,
      "atrPercentile": 0.9385699899295066,
      "rvolZ": -0.05997349120619771,
      "rvolPercentile": 0.7840277777777778,
      "mfi14": 60.268444476224346,
      "ppo": {
        "ppo": -0.0737015430056131,
        "signal": -0.15113793627982464,
        "histogram": 0.07743639327421153
      },
      "stochRsi": {
        "k": 45.67901234567853,
        "d": 51.8518518518519
      },
      "vprofile": {
        "vpBins": [
          0.011963630434208223,
          0.02070575509259706,
          0.0007066623607882177,
          0.16884233370718235,
          0.059972400193517135,
          0.038973644428420114,
          0.03216854958764878,
          0.07800779879749857,
          0.08027724635551357,
          0.04807673167297855,
          0.0401498111614505,
          0.008532037961629605,
          0.12227289138399293,
          0.05996094456430365,
          0.03262232001203174,
          0.05866861967569034,
          0.07997827929299972,
          0.019953274224625568,
          0.03030181330721776,
          0.007865255785705731
        ],
        "currentBinShare": 0.04807673167297855
      },
      "ttm": {
        "squeeze": false,
        "release": false,
        "widthPct": 1.3693662573436374
      }
    },
    "min5": {
      "sma20": 0.004728500000000001,
      "sma50": 0.004659600000000001,
      "ema20": 0.0047029935852461,
      "ema50": 0.004687031208761415,
      "vwma20": 0.004775657258259061,
      "hma21": 0.004671991341991341,
      "atr14": 0.00003642857142857149,
      "atrPercentile": 0.8394160583941606,
      "rvolZ": -0.3421792464106065,
      "rvolPercentile": 0.3854166666666667,
      "mfi14": 37.58467830513756,
      "ppo": {
        "ppo": 0.15804114641824304,
        "signal": 0.27963627043280387,
        "histogram": -0.12159512401456082
      },
      "stochRsi": {
        "k": 26.426426426426513,
        "d": 33.51853595756044
      },
      "vprofile": {
        "vpBins": [
          0.01405810869723458,
          0.0029015167333753464,
          0.034866927677118326,
          0.027553130670114147,
          0.0369360819335933,
          0.026901474478569713,
          0.010476900722912056,
          0.08991941595099436,
          0.16071301881199476,
          0.036049749123576696,
          0.06216194802592312,
          0.07561057987278216,
          0.08226416738670636,
          0.056367335466906664,
          0.08299212742171506,
          0.07616311547313939,
          0,
          0.060493124822001906,
          0.06357127673134198,
          0
        ],
        "currentBinShare": 0.06216194802592312
      },
      "ttm": {
        "squeeze": false,
        "release": false,
        "widthPct": 4.635495734437188
      }
    },
    "min15": {
      "sma20": 0.0046515,
      "sma50": 0.0046788,
      "ema20": 0.004675252922674391,
      "ema50": 0.00464876044528521,
      "vwma20": 0.004723873993102497,
      "hma21": 0.004763679653679654,
      "atr14": 0.00006285714285714278,
      "atrPercentile": 0.8292682926829268,
      "rvolZ": -0.4099577776887888,
      "rvolPercentile": 0.40625,
      "mfi14": 75.15284682300134,
      "ppo": {
        "ppo": 0.3985328020314557,
        "signal": 0.2911424080280239,
        "histogram": 0.10739039400343181
      },
      "stochRsi": {
        "k": 63.114754098360656,
        "d": 63.88132937489687
      },
      "vprofile": {
        "vpBins": [
          0.028148821945349543,
          0.03370285089907252,
          0.06423578481001767,
          0.01864110070772463,
          0.04012329238109063,
          0.020854279301032133,
          0.039006617085331735,
          0.15096716501160695,
          0.057914214138415625,
          0.13660668783553065,
          0.013887788066723335,
          0.01291807128191105,
          0,
          0.0773178010072723,
          0.1438002936327149,
          0,
          0.16187523189620637,
          0,
          0,
          0
        ],
        "currentBinShare": 0.13660668783553065
      },
      "ttm": {
        "squeeze": false,
        "release": false,
        "widthPct": 6.1307885911982485
      }
    },
    "hourly": {
      "sma20": 0.004634500000000001,
      "sma50": 0.0044738,
      "ema20": 0.004620171515255086,
      "ema50": 0.004562720745281493,
      "vwma20": 0.004717563928907723,
      "hma21": 0.00469047619047619,
      "atr14": 0.0001292857142857143,
      "atrPercentile": 0.8509316770186336,
      "rvolZ": -0.24882944749306388,
      "rvolPercentile": 0.18154761904761904,
      "mfi14": 61.14856023618305,
      "ppo": {
        "ppo": 1.2084682611796875,
        "signal": 1.2488296144473243,
        "histogram": -0.04036135326763679
      },
      "stochRsi": {
        "k": 19.659715738147064,
        "d": 58.76344885715704
      },
      "vprofile": {
        "vpBins": [
          0.03887890346412083,
          0.009382059570424189,
          0.15587686136462264,
          0.03223874743929345,
          0.038278731062928645,
          0.0816028083205736,
          0.06510217754665319,
          0.03246443685229077,
          0.05418490770036164,
          0.0848031040280057,
          0.07331870983306149,
          0.024984054161102526,
          0.021896060940976642,
          0.03027386481486067,
          0.08900444997077547,
          0.08611743374208426,
          0.029599282626373992,
          0.021619659903379253,
          0.020490778384793663,
          0.009882968273317453
        ],
        "currentBinShare": 0.03246443685229077
      },
      "ttm": {
        "squeeze": false,
        "release": false,
        "widthPct": 8.071064238068399
      }
    },
    "fourHour": {
      "sma20": 0.004510999999999999,
      "sma50": 0.004886600000000001,
      "ema20": 0.004597032804439566,
      "ema50": 0.0047839277504838395,
      "vwma20": 0.004511235267095325,
      "hma21": 0.004465108225108224,
      "atr14": 0.00018928571428571445,
      "atrPercentile": 0.6857142857142857,
      "rvolZ": -0.23877946379460463,
      "rvolPercentile": 0.5357142857142857,
      "mfi14": 78.00642646971704,
      "ppo": {
        "ppo": -1.5038565433774063,
        "signal": -2.7197393115551938,
        "histogram": 1.2158827681777875
      },
      "stochRsi": {
        "k": 100,
        "d": 57.969345930462566
      },
      "vprofile": {
        "vpBins": [
          0.0158225753493267,
          0.04616079820242469,
          0.03279097255303267,
          0.03529197615484749,
          0.03661430085831631,
          0.03436477486630306,
          0.031079049316948198,
          0.21423584216060762,
          0.1623974993932621,
          0.09968550783109575,
          0.26466244385707555,
          0,
          0,
          0.0268942594567598,
          0,
          0,
          0,
          0,
          0,
          0
        ],
        "currentBinShare": 0.03529197615484749
      },
      "ttm": {
        "squeeze": false,
        "release": false,
        "widthPct": 13.546536959418425
      }
    },
    "daily": {
      "sma20": 0.005032999999999999,
      "sma50": 0.0056756,
      "ema20": 0.005057854080457166,
      "ema50": 0.005930053278172087,
      "vwma20": 0,
      "hma21": 0.0049163636363636345,
      "atr14": 0.0006292857142857144,
      "atrPercentile": 0.4342105263157895,
      "rvolZ": 0,
      "rvolPercentile": 1,
      "mfi14": 50,
      "ppo": {
        "ppo": -6.391730630406347,
        "signal": -5.815589457775392,
        "histogram": -0.5761411726309547
      },
      "stochRsi": {
        "k": 53.86977667635572,
        "d": 44.861985110028456
      },
      "vprofile": {
        "vpBins": [
          0,
          0,
          0,
          0,
          0,
          0,
          0,
          0,
          0,
          0,
          0,
          0,
          0,
          0,
          0,
          0,
          0,
          0,
          0,
          0
        ],
        "currentBinShare": 0
      },
      "ttm": {
        "squeeze": false,
        "release": false,
        "widthPct": 29.705223092270412
      }
    }
  },
  "smaMin5": 0.004728500000000001,
  "emaMin5": 0.0047029935852461,
  "vwmaMin5": 0.004775657258259061,
  "hmaMin5": 0.004671991341991341,
  "keltner15": {
    "upper": 0.004786252922674391,
    "middle": 0.004675252922674391,
    "lower": 0.004564252922674391
  },
  "superTrend15": {
    "isBull": true,
    "finalUpper": 0.004912,
    "finalLower": 0.004468
  },
  "mfi15": 75.15284682300134,
  "stochRsi15": {
    "k": 63.114754098360656,
    "d": 63.88132937489687
  },
  "ppo15": {
    "ppo": 0.3985328020314557,
    "signal": 0.2911424080280239,
    "histogram": 0.10739039400343181
  },
  "vpMin15": {
    "vpBins": [
      0.028148821945349543,
      0.03370285089907252,
      0.06423578481001767,
      0.01864110070772463,
      0.04012329238109063,
      0.020854279301032133,
      0.039006617085331735,
      0.15096716501160695,
      0.057914214138415625,
      0.13660668783553065,
      0.013887788066723335,
      0.01291807128191105,
      0,
      0.0773178010072723,
      0.1438002936327149,
      0,
      0.16187523189620637,
      0,
      0,
      0
    ],
    "currentBinShare": 0.13660668783553065
  },
  "ttm15": {
    "squeeze": false,
    "release": false,
    "widthPct": 6.1307885911982485
  },
  "marketCorrelation": {
    "hourly": {
      "btcCorrelation": 0,
      "ethCorrelation": 0,
      "btcBeta": 1,
      "ethBeta": 1,
      "btcTrend": "UNKNOWN",
      "ethTrend": "UNKNOWN",
      "tokenVol": 0,
      "btcVol": 0,
      "ethVol": 0,
      "marketDependence": 0,
      "verdict": "INSUFFICIENT_DATA"
    },
    "min15": {
      "btcCorrelation": 0,
      "ethCorrelation": 0,
      "btcBeta": 1,
      "ethBeta": 1,
      "btcTrend": "UNKNOWN",
      "ethTrend": "UNKNOWN",
      "tokenVol": 0,
      "btcVol": 0,
      "ethVol": 0,
      "marketDependence": 0,
      "verdict": "INSUFFICIENT_DATA"
    },
    "daily": {
      "btcCorrelation": 0,
      "ethCorrelation": 0,
      "btcBeta": 1,
      "ethBeta": 1,
      "btcTrend": "UNKNOWN",
      "ethTrend": "UNKNOWN",
      "tokenVol": 0,
      "btcVol": 0,
      "ethVol": 0,
      "marketDependence": 0,
      "verdict": "INSUFFICIENT_DATA"
    }
  },
  "tradeTape": {
    "totalTrades": 0,
    "totalVolume": 0,
    "buysVolume": 0,
    "sellsVolume": 0,
    "buySellRatio": 0.5,
    "vwap": 0,
    "signedVolume": 0,
    "avgTradeSize": 0,
    "tradesPerSec": 0,
    "cumulativeDelta": 0,
    "tradesLast1m": 0,
    "tradesLast5m": 0,
    "tradesLast15m": 0,
    "tradesLast1h": 0,
    "buyVWAP": 0,
    "sellVWAP": 0,
    "aggressorVWAP": 0,
    "bucketDurationMs": 60000,
    "bucketCount": 15,
    "bucketSignedVolumes": [],
    "bucketVolumes": [],
    "bucketVWAPs": [],
    "latestBucketSignedZ": 0
  },
  "enhancedMetrics": {
    "relativeVolumeZScore": -1,
    "volumePercentile": 40,
    "atrPercentile": 83.57664233576642,
    "volatilityPercentile": 76.26582278481013,
    "relativeVolatilityRatio": 1.2128225004553468,
    "isHighVolume": false,
    "isHighVolatility": true,
    "isLowVolatility": false,
    "isExpandingVolatility": true,
    "isContractingVolatility": false
  },
  "orderBook": {
    "bidAskSpread": 0,
    "spreadPct": 0,
    "midPrice": 0,
    "bestBid": 0,
    "bestAsk": 0,
    "bidDepth": 0,
    "askDepth": 0,
    "orderBookImbalance": 0,
    "liquidityScore": 0,
    "depthAt1Pct": {
      "bidVolume": 0,
      "askVolume": 0,
      "imbalance": 0
    },
    "depthAt2Pct": {
      "bidVolume": 0,
      "askVolume": 0,
      "imbalance": 0
    },
    "depthAt5Pct": {
      "bidVolume": 0,
      "askVolume": 0,
      "imbalance": 0
    },
    "weightedMidPrice": 0,
    "volumeWeightedSpread": 0,
    "totalBidLevels": 0,
    "totalAskLevels": 0
  },
  "marketCap": {
    "marketCap": 0,
    "totalVolume24h": 0,
    "volumeToMarketCapRatio": 0,
    "marketCapRank": 0,
    "normalizedRank": 0,
    "isHighLiquidity": false,
    "isVeryHighLiquidity": false,
    "isLowLiquidity": true,
    "liquidityTier": "VERY_LOW"
  },
  "sweeps": {
    "sweepScore": 0,
    "sweepCount": 0,
    "sweepDirection": "NEUTRAL",
    "buySweeps": 0,
    "sellSweeps": 0,
    "avgSweepSize": 0,
    "avgSweepIntensity": 0,
    "bidLiftRatio": 0,
    "askLiftRatio": 0,
    "sweepFrequency": 0,
    "largestSweep": null,
    "recentSweepClusters": 0,
    "sweepDetails": []
  },
  "absorption": {
    "absorptionScore": 0,
    "absorptionLevel": null,
    "absorptionSide": "NONE",
    "icebergProbability": 0,
    "hiddenLiquidityEstimate": 0,
    "volumeAtPrice": {},
    "topAbsorptionLevels": [],
    "persistenceDuration": 0,
    "refillDetected": false
  },
  "orderArrival": {
    "avgInterArrivalTime": 0,
    "recentInterArrivalTime": 0,
    "accelerationRatio": 1,
    "hawkesIntensity": 0,
    "hawkesDirection": "NEUTRAL",
    "clusteringScore": 0,
    "burstCount": 0,
    "cascadeDetected": false,
    "timeToNextTrade": 0,
    "accelerationTrend": "STABLE"
  },
  "liquidityVacuum": {
    "vacuumScore": 0,
    "vacuumSide": "NONE",
    "bidVacuumSeverity": 0,
    "askVacuumSeverity": 0,
    "depthConcentration": 0,
    "priceImpact10k": 0,
    "priceImpact50k": 0,
    "priceImpact100k": 0,
    "largestGapBid": 0,
    "largestGapAsk": 0,
    "avgGapBid": 0,
    "avgGapAsk": 0,
    "bidCliffDistance": 0,
    "askCliffDistance": 0
  },
  "volatilityRegime": {
    "regime": "ELEVATED",
    "regimeScore": 0.5,
    "currentATR": 0.000639,
    "avgATR": 0.000592,
    "atrPercentile": 47.4,
    "realizedVolatility": 115.51,
    "volPercentile": 100,
    "expanding": false,
    "contracting": false,
    "transitionProbability": 0,
    "daysInRegime": 1,
    "regimeStrength": 0.63
  },
  "temporalPatterns": {
    "currentHour": 17,
    "currentDay": 0,
    "currentDayName": "Sunday",
    "dayBias": "NEUTRAL",
    "hourlyProfile": [
      {
        "avgVolume": 6308718.32,
        "avgATR": 0.000086,
        "avgReturn": -0.585
      },
      {
        "avgVolume": 7464615.07,
        "avgATR": 0.00008,
        "avgReturn": -0.224
      },
      {
        "avgVolume": 8146673.64,
        "avgATR": 0.000077,
        "avgReturn": -0.075
      },
      {
        "avgVolume": 31926834.9,
        "avgATR": 0.000131,
        "avgReturn": 0.943
      },
      {
        "avgVolume": 22022574.87,
        "avgATR": 0.000129,
        "avgReturn": 0.442
      },
      {
        "avgVolume": 11726274.32,
        "avgATR": 0.000096,
        "avgReturn": -0.176
      },
      {
        "avgVolume": 6192237.97,
        "avgATR": 0.000079,
        "avgReturn": -0.487
      },
      {
        "avgVolume": 6005206.74,
        "avgATR": 0.000067,
        "avgReturn": 0.167
      },
      {
        "avgVolume": 4823908.86,
        "avgATR": 0.000085,
        "avgReturn": 0.179
      },
      {
        "avgVolume": 8800660.35,
        "avgATR": 0.000072,
        "avgReturn": -0.62
      },
      {
        "avgVolume": 4114405.97,
        "avgATR": 0.000063,
        "avgReturn": -0.318
      },
      {
        "avgVolume": 4076824.21,
        "avgATR": 0.000052,
        "avgReturn": -0.159
      },
      {
        "avgVolume": 4767331.91,
        "avgATR": 0.000063,
        "avgReturn": 0.396
      },
      {
        "avgVolume": 43991160.39,
        "avgATR": 0.000215,
        "avgReturn": 1.691
      },
      {
        "avgVolume": 30110867.5,
        "avgATR": 0.000168,
        "avgReturn": -0.495
      },
      {
        "avgVolume": 12930320.69,
        "avgATR": 0.000156,
        "avgReturn": -0.398
      },
      {
        "avgVolume": 27712799.3,
        "avgATR": 0.000171,
        "avgReturn": 0.055
      },
      {
        "avgVolume": 12963472.49,
        "avgATR": 0.000116,
        "avgReturn": -0.812
      },
      {
        "avgVolume": 7868856.41,
        "avgATR": 0.000089,
        "avgReturn": -0.026
      },
      {
        "avgVolume": 7585257.84,
        "avgATR": 0.000077,
        "avgReturn": 0.131
      },
      {
        "avgVolume": 9150877.83,
        "avgATR": 0.000114,
        "avgReturn": 0.423
      },
      {
        "avgVolume": 6210537.32,
        "avgATR": 0.000095,
        "avgReturn": -0.328
      },
      {
        "avgVolume": 4774835.55,
        "avgATR": 0.000071,
        "avgReturn": 0.145
      },
      {
        "avgVolume": 7604775.87,
        "avgATR": 0.000081,
        "avgReturn": 0.274
      }
    ],
    "dailyProfile": [
      {
        "avgVolume": 23863581.04,
        "avgATR": 0.000173,
        "avgReturn": 0.239
      },
      {
        "avgVolume": 5996639.55,
        "avgATR": 0.000072,
        "avgReturn": -0.15
      },
      {
        "avgVolume": 8169333.78,
        "avgATR": 0.000073,
        "avgReturn": 0.03
      },
      {
        "avgVolume": 4804560.61,
        "avgATR": 0.000056,
        "avgReturn": -0.197
      },
      {
        "avgVolume": 31482101.73,
        "avgATR": 0.00017,
        "avgReturn": 0.202
      },
      {
        "avgVolume": 5608146.96,
        "avgATR": 0.00008,
        "avgReturn": -0.109
      },
      {
        "avgVolume": 6336981.72,
        "avgATR": 0.000083,
        "avgReturn": 0.027
      }
    ],
    "favorableHours": [
      13,
      3,
      14,
      16,
      4,
      15
    ],
    "favorableWindow": false,
    "currentVsAvgVolume": 0,
    "currentVsAvgVolatility": 0,
    "anomalyDetected": true,
    "timeUntilFavorable": 10,
    "temporalScore": 0
  },
  "unifiedMicrostructure": {
    "signalDirections": {
      "vpin": "NEUTRAL",
      "sweeps": "NEUTRAL",
      "absorption": "NEUTRAL",
      "arrival": "NEUTRAL",
      "vacuum": "NONE",
      "volRegime": "NEUTRAL",
      "temporal": "UNFAVORABLE"
    },
    "consensusDirection": "BEARISH",
    "consensusStrength": 50,
    "bullishSignals": 0,
    "bearishSignals": 1,
    "neutralSignals": 1,
    "totalAvailableSignals": 2,
    "dominantPattern": "NONE",
    "clusters": {
      "strongBuyCluster": false,
      "distributionPattern": false,
      "accumulationPattern": false,
      "momentumCascade": false
    },
    "adaptiveWeights": {
      "vpin": 0,
      "sweeps": 0,
      "absorption": 0,
      "arrival": 0,
      "vacuum": 0,
      "volRegime": 0.021,
      "temporal": 0.02
    },
    "convictionLevel": "LOW",
    "convictionScore": 30,
    "riskAdjustment": "REDUCE",
    "timingQuality": "UNFAVORABLE",
    "signalQuality": "LOW"
  },
  "deltaAnalysis": {
    "currentDelta": 0,
    "cumulativeDelta": 0,
    "deltaPerVolume": 0,
    "deltaDirection": "NEUTRAL",
    "deltaDivergence": false,
    "institutionalRatio": 0,
    "aggressionScore": 0
  },
  "volumeProfile": {
    "pointOfControl": 0,
    "valueAreaHigh": 0,
    "valueAreaLow": 0,
    "currentPosition": "ABOVE_VALUE_AREA",
    "volumeNodes": [],
    "airPockets": []
  },
  "momentumCascade": {
    "cascadeDetected": false,
    "alignmentScore": 0.007188453502273345,
    "cascadeStrength": 0,
    "acceleratingTimeframes": [
      "5m",
      "1h"
    ],
    "divergingTimeframes": [
      "1m",
      "15m"
    ]
  },
  "breakoutConfirmation": {
    "breakoutConfirmed": false,
    "volumeConfirmation": false,
    "retestStrength": 0,
    "falseBreakoutRisk": 0,
    "breakoutQuality": "NO_BREAKOUT"
  },
  "liquidityHeatmap": {
    "liquidityScore": 0,
    "magnetDirection": "NONE",
    "magnetStrength": 0,
    "priceTarget5pct": null,
    "message": "No order book data"
  },
  "smartMoneyDivergence": {
    "divergenceDetected": false,
    "divergenceDirection": "NONE",
    "smartMoneyScore": 0.5,
    "message": "Insufficient trade data"
  },
  "microstructure": {
    "raw": -0.0346396562875358,
    "pct": 49,
    "summary": {
      "latestBucketSignedZ": 0,
      "buySellRatio": 0.5,
      "tradesPerSec": 0,
      "vwap": 0,
      "aggressorVWAP": 0,
      "vpinToxicity": "UNKNOWN",
      "sweepDirection": "NEUTRAL",
      "absorptionSide": "NONE",
      "icebergDetected": false,
      "hawkesDirection": "NEUTRAL",
      "cascadeDetected": false,
      "vacuumSide": "NONE",
      "volatilityRegime": "ELEVATED",
      "volExpanding": false,
      "favorableTimeWindow": false,
      "temporalAnomaly": true,
      "consensusDirection": "BEARISH",
      "consensusStrength": 50,
      "dominantPattern": "NONE",
      "convictionLevel": "LOW",
      "riskAdjustment": "REDUCE",
      "timingQuality": "UNFAVORABLE",
      "deltaDirection": "NEUTRAL",
      "deltaDivergence": false,
      "institutionalRatio": 0,
      "volumeProfilePosition": "ABOVE_VALUE_AREA",
      "pointOfControl": 0,
      "momentumCascadeDetected": false,
      "cascadeStrength": 0,
      "breakoutQuality": "NO_BREAKOUT",
      "breakoutConfirmed": false,
      "magnetDirection": "NONE",
      "magnetStrength": 0,
      "priceTarget5pct": null,
      "nearestBidWall": 0,
      "nearestAskWall": 0,
      "divergenceDetected": false,
      "divergenceDirection": "NONE",
      "whaleAccumulation": false,
      "whaleDistribution": false,
      "retailPanic": false,
      "smartMoneyScore": 0.5
    }
  }
}

=== MICROSTRUCTURE ALERTS ===

🔬 VPIN: Insufficient data for VPIN analysis

🌊 SWEEP DETECTION: No significant sweeps detected

🧊 ABSORPTION & ICEBERG: No significant absorption or iceberg orders detected

⚡ ORDER ARRIVAL DYNAMICS: Insufficient trades for analysis

🌪️ LIQUIDITY VACUUM: No significant vacuum detected

📊 VOLATILITY REGIME DETECTION:
   Current Regime: ELEVATED
   Regime Score: 0.50 (-1=low vol, +1=extreme vol)
   Days in Regime: 1
   ATR: $0.000639 (avg: $0.000592)
   ATR Percentile: 47.4%
   Realized Volatility: 115.51% (annualized)
   Vol Percentile: 100.0%

   🟡 ELEVATED VOLATILITY:
   ⚠️ Increased risk - wider stops needed
   ⚠️ Reduce position size
   💡 Good for momentum strategies

   ⚠️ NEW REGIME: Only 1 day(s) - conditions still settling

⏰ TEMPORAL PATTERN ANALYSIS:
   Current Time: Sunday 17:00 UTC
   Day Bias: NEUTRAL
   Current vs Avg Volume: 0x
   Current vs Avg Volatility: 0x

   ⏳ NON-FAVORABLE TIME WINDOW:
   This hour typically shows weaker activity
   Next favorable window in 10 hour(s)

   ⚠️ LOW ACTIVITY ANOMALY:
   Volume 0x below typical - Extremely quiet

   📉 LOW VOLATILITY ANOMALY:
   Volatility 0x below typical - Consolidation likely

   🔥 Best Trading Hours (UTC): 13:00, 3:00, 14:00

🎯 UNIFIED MICROSTRUCTURE INTEGRATION:
   Signal Consensus: BEARISH (50% agreement)
   Available Signals: 2 (0 bullish / 1 bearish / 1 neutral)
   Conviction Level: LOW (30%)
   Signal Quality: LOW
   Risk Adjustment: REDUCE
   Timing Quality: UNFAVORABLE

   ⚠️ LOW CONVICTION: Only 50% signal agreement
   Weak alignment - Reduce position size or wait for clarity

   ⚠️ RISK REDUCTION RECOMMENDED: Extreme volatility or unfavorable timing detected

   ⏰ UNFAVORABLE TIMING: Avoid trading during this hour

   Signal Directions Breakdown:
   • VPIN: NEUTRAL
   • Sweeps: NEUTRAL
   • Absorption: NEUTRAL
   • Arrival Dynamics: NEUTRAL
   • Liquidity Vacuum: NONE
   • Vol Regime: NEUTRAL
   • Temporal: UNFAVORABLE

   Adaptive Weights (Total: 4.1%):
   • VPIN: 0.0%
   • Sweeps: 0.0%
   • Absorption: 0.0%
   • Arrival: 0.0%
   • Vacuum: 0.0%
   • Vol Regime: 2.1%
   • Temporal: 2.0%


💹 DELTA ANALYSIS (Order Flow Aggression):
   Direction: NEUTRAL
   Delta Per Volume: 0.00%
   Institutional Ratio: 0.0%
   Aggression Score: 0.0%

📊 VOLUME PROFILE (Support/Resistance Strength):
   Point of Control (POC): $0.000000
   Value Area High: $0.000000
   Value Area Low: $0.000000
   Current Position: ABOVE_VALUE_AREA
   ⚠️ DISTRIBUTION RISK: Price above value area - potential rejection zone

⚡ MOMENTUM CASCADE (Multi-Timeframe Alignment):
   Cascade Detected: NO
   Alignment Score: 0.7%
   Cascade Strength: 0.0%
   Accelerating: 5m, 1h
   Diverging: 1m, 15m

💥 BREAKOUT CONFIRMATION:
   Quality: NO_BREAKOUT
   Volume Confirmation: NO
   Retest Strength: 0.0%
   False Breakout Risk: 0.0%
   No breakout detected - price below resistance


levels:
Entry=0.0046906000000000005, StopLoss=0.004549882000000001, TakeProfit=0.004771188500000001, 0.004851777000000001, 0.004916247800000001

---
