
=== Token: DASH (DASH) ===
Contract: DASH-USD
Timestamp: 2025-03-19T15:40:00.000Z

Calculations:
{
  "momentumScore": 71.45220479589395,
  "volumeScore": 58.99999999999991,
  "patternScore": 70.02490346464958,
  "totalScore": 58.67579937828116,
  "finalScore": 58.67579937828116,
  "weights": "0.27,0.41,0.23",
  "hourlyUptrend": false,
  "rsi": 58.82352941176474,
  "ultraShortVolumeSurge": 2.455785279120187,
  "baseVolumeSurge": 0.008985861716883058,
  "currentPrice": 24.16,
  "resistance": 24.25,
  "support": 23.98,
  "rocMin5": 0.001243265644426073,
  "shortROC": 0.0016583747927031154,
  "priceAcceleration": 0.0003157328580070358,
  "buySellRatio": 0.21281916205997475,
  "macdHistogram": -0.0005338543267292689,
  "stochasticK": 59.999999999999766,
  "atr": 0.06428571428571418,
  "bbUpper": 24.280645832061612,
  "bbLower": 23.939354167938387,
  "hammerDetected": false,
  "engulfingDetected": false,
  "compressionSpring": {
    "detected": true,
    "confidence": 66,
    "signals": {
      "sidewaysPrice": true,
      "atrCompression": true,
      "bbSqueeze": true,
      "consolidationTime": true,
      "strongBuying": false,
      "obvPositive": false,
      "chaikinPositive": false,
      "rsiNeutral": true,
      "volumeBuilding": false
    },
    "metrics": {
      "priceRange": 1.25,
      "atrRatio": 0.549,
      "bbWidth": 1.42,
      "volumeRatio": 0.942,
      "signalCount": 5,
      "buySellRatio": 0.213
    }
  },
  "riskTier": "HIGH",
  "atrPercent": 0.47303689687795586,
  "distanceToResistance": 0.37251655629139013,
  "slPercent": 4,
  "tpPercent": 0.3166390728476816,
  "trailingActivation": 0.18998344370860895,
  "shortMomentumScore": 15,
  "overboughtScore": 0,
  "shortPatternScore": 0,
  "shootingStarDetected": false,
  "bearishEngulfingDetected": false,
  "eveningStarDetected": false,
  "bearishPatternsCount": 0,
  "shortTotalScore": 6,
  "chaikin": 0.46349386001267484,
  "obvIncreasing": true,
  "obvTrend": "increasing",
  "adx": 18.604651162790496,
  "recentCandles": {
    "redCount": 5,
    "greenCount": 5
  },
  "resistanceDistance": 0.37251655629139013,
  "multiplePatterns": false,
  "bullishPattern": false,
  "priceAboveVWAP": true,
  "breakingResistance": true,
  "atrSufficient": false,
  "macdDivergenceBearish": true,
  "rvolMin1": -0.11848375470911333,
  "rvolMin5": -0.52638636196133,
  "atrPercentileOld": 0.4634146341463415,
  "vwapDeviation": 1.305547741734078,
  "bbWidthPercent": 1.4155606143642712,
  "bbSqueeze": true,
  "multiTFMomentum": {
    "min1": {
      "roc1": 0.00041476565740363185,
      "roc3": -0.0004144218814752595
    },
    "min5": {
      "roc1": 0.0016583747927031154,
      "roc3": 0.001243265644426073
    },
    "min15": {
      "roc1": 0.005828476269775211,
      "roc3": 0.0008285004142501894
    },
    "hourly": {
      "roc1": 0,
      "roc3": 0.0016611295681064244
    },
    "fourHour": {
      "roc1": 0.00041476565740363185,
      "roc3": -0.006180469715698335
    },
    "divergenceShortUpLongDown": false
  },
  "returnZMin5": 0.5708325462399169,
  "wickClosePct": 0,
  "wickUpper": 0,
  "wickLower": 0,
  "wickRatio": 0,
  "donchianBreakout15": false,
  "bbWidthPercentile15": 0.1038961038961039,
  "signedMin5": -39.92295400000016,
  "signedMin5Z": -0.6767789543173581,
  "signedMin1": 185.60100000000008,
  "signedMin1Z": 4.367525237878196,
  "streakMin1": {
    "upStreak": 1,
    "downStreak": 0
  },
  "streakMin5": {
    "upStreak": 0,
    "downStreak": 0
  },
  "rvolPercentileMin1": 0.6375,
  "rvolPercentileMin5": 0.052083333333333336,
  "perTfMetrics": {
    "min1": {
      "sma20": 24.1525,
      "sma50": 24.1338,
      "ema20": 24.13949355405618,
      "ema50": 24.114885104029074,
      "vwma20": 24.149288523525286,
      "hma21": 24.14922077922078,
      "atr14": 0.05214285714285717,
      "atrPercentile": 0.6545820745216515,
      "rvolZ": -0.11848375470911333,
      "rvolPercentile": 0.6375,
      "mfi14": 64.33544993731945,
      "ppo": {
        "ppo": 0.005523965657497876,
        "signal": 0.04206457541345937,
        "histogram": -0.036540609755961496
      },
      "stochRsi": {
        "k": 0,
        "d": 44.35821191396562
      },
      "vprofile": {
        "vpBins": [
          0.004890800730295061,
          0.04444475365390095,
          0.004594019378685885,
          0.056841019939614934,
          0.058944804988706606,
          0.041357870224985153,
          0.08178364882679927,
          0.12324548772879648,
          0.2584690925270214,
          0.07778173017423023,
          0.07059010236993825,
          0.019074090359770705,
          0.0015829963171491088,
          0.030706229947088652,
          0.07226812719868635,
          0.03656762103089484,
          0.011854231636323861,
          0.004303735703083478,
          0,
          0.0006996372640288572
        ],
        "currentBinShare": 0.12324548772879648
      },
      "ttm": {
        "squeeze": false,
        "release": false,
        "widthPct": 0.78535947690845
      }
    },
    "min5": {
      "sma20": 24.1265,
      "sma50": 24.050600000000003,
      "ema20": 24.116402350379154,
      "ema50": 24.089862510587047,
      "vwma20": 24.17585691635306,
      "hma21": 24.14346320346321,
      "atr14": 0.06428571428571418,
      "atrPercentile": 0.4635036496350365,
      "rvolZ": -0.52638636196133,
      "rvolPercentile": 0.052083333333333336,
      "mfi14": 86.39661969685015,
      "ppo": {
        "ppo": 0.04912326963663979,
        "signal": 0.07272646213570849,
        "histogram": -0.023603192499068705
      },
      "stochRsi": {
        "k": 97.84946236559097,
        "d": 50.980392156862784
      },
      "vprofile": {
        "vpBins": [
          0.014493139952501647,
          0.02651579434175845,
          0.04705947235368036,
          0.025214395793384643,
          0.02195510744284395,
          0.013905461973576894,
          0.06862017217337592,
          0.022925446480058197,
          0.039364973544556,
          0,
          0.022536957296581964,
          0.00808110587109058,
          0.0557079011247153,
          0.11434551598777275,
          0.25030446034466625,
          0.07190736759776076,
          0.07882583601949499,
          0.10770827180217322,
          0.010528619900008133,
          0
        ],
        "currentBinShare": 0.25030446034466625
      },
      "ttm": {
        "squeeze": false,
        "release": false,
        "widthPct": 1.296235718614984
      }
    },
    "min15": {
      "sma20": 24.11,
      "sma50": 24.0886,
      "ema20": 24.101358136693744,
      "ema50": 24.014955344280956,
      "vwma20": 24.144991605821822,
      "hma21": 24.167402597402596,
      "atr14": 0.11428571428571413,
      "atrPercentile": 0.4634146341463415,
      "rvolZ": -0.6574283216069728,
      "rvolPercentile": 0.2604166666666667,
      "mfi14": 90.64973236109056,
      "ppo": {
        "ppo": 0.09013534450535822,
        "signal": 0.10197530133865368,
        "histogram": -0.011839956833295459
      },
      "stochRsi": {
        "k": 35.68468468468522,
        "d": 49.65012891149255
      },
      "vprofile": {
        "vpBins": [
          0.02593483516920419,
          0.032159294091803986,
          0,
          0.048720867524884415,
          0.030249933958944528,
          0.02239198762862679,
          0.0680143954711664,
          0.04314003606466004,
          0.0022357794537673278,
          0,
          0.01866884977306155,
          0.02625799905671722,
          0.06095638124972334,
          0.09755231355012844,
          0.2313599851687072,
          0.10570686604293456,
          0.07548923884374412,
          0.0857681163927203,
          0.025393120559205538,
          0
        ],
        "currentBinShare": 0.2313599851687072
      },
      "ttm": {
        "squeeze": false,
        "release": false,
        "widthPct": 1.4155606143642712
      }
    },
    "hourly": {
      "sma20": 24.006,
      "sma50": 23.398399999999995,
      "ema20": 23.900157735246736,
      "ema50": 23.529191069372892,
      "vwma20": 23.998006582100093,
      "hma21": 24.186709956709958,
      "atr14": 0.21500000000000036,
      "atrPercentile": 0.3416149068322981,
      "rvolZ": -0.15223308863238252,
      "rvolPercentile": 0.6190476190476191,
      "mfi14": 34.60922469196481,
      "ppo": {
        "ppo": 0.969216566320961,
        "signal": 1.0808868361603352,
        "histogram": -0.11167026983937423
      },
      "stochRsi": {
        "k": 0.9112474766522457,
        "d": 47.438466659699095
      },
      "vprofile": {
        "vpBins": [
          0,
          0.0054805313790099374,
          0.0018887856461363673,
          0.06549498160988577,
          0.023550293801594322,
          0.024288460299016233,
          0.30183638271570246,
          0.14510268445991129,
          0.021208583029560878,
          0.17345757924345812,
          0.07949681088236678,
          0.05859168274907426,
          0.026388558163906374,
          0.001378177579663772,
          0.0029687300650462233,
          0.004115978223709303,
          0.025618299217550263,
          0.03913348093440774,
          0,
          0
        ],
        "currentBinShare": 0.025618299217550263
      },
      "ttm": {
        "squeeze": false,
        "release": false,
        "widthPct": 4.583066270413239
      }
    },
    "fourHour": {
      "sma20": 23.216499999999996,
      "sma50": 22.6704,
      "ema20": 23.379795432758634,
      "ema50": 23.08927204150419,
      "vwma20": 23.38079363895729,
      "hma21": 23.747445887445895,
      "atr14": 0.4621428571428576,
      "atrPercentile": 0.35714285714285715,
      "rvolZ": -0.28984607706092363,
      "rvolPercentile": 0.21428571428571427,
      "mfi14": 66.88308019357873,
      "ppo": {
        "ppo": 1.5569414212694457,
        "signal": 1.064809136749373,
        "histogram": 0.4921322845200726
      },
      "stochRsi": {
        "k": 77.17625226299997,
        "d": 71.33373441114924
      },
      "vprofile": {
        "vpBins": [
          0,
          0,
          0,
          0.0103791514826297,
          0.08300047638874641,
          0.017101039932882076,
          0.05024782141745092,
          0.03590401384483614,
          0.33044698927983285,
          0.06067452356068663,
          0.12798683914845446,
          0.07105521059832658,
          0.014073134163199807,
          0.001968946034735694,
          0.008750203065284571,
          0.0951189784228543,
          0.03665374506179432,
          0.024402767551283806,
          0.02727382513348125,
          0.004962334913520518
        ],
        "currentBinShare": 0.0951189784228543
      },
      "ttm": {
        "squeeze": false,
        "release": false,
        "widthPct": 10.102833107642109
      }
    },
    "daily": {
      "sma20": 23.692000000000004,
      "sma50": 25.827600000000007,
      "ema20": 23.85545966270159,
      "ema50": 26.493491908732388,
      "vwma20": 0,
      "hma21": 21.50961038961038,
      "atr14": 1.4364285714285712,
      "atrPercentile": 0.013157894736842105,
      "rvolZ": 0,
      "rvolPercentile": 1,
      "mfi14": 50,
      "ppo": {
        "ppo": -3.659556269378,
        "signal": -4.964656261240922,
        "histogram": 1.3050999918629218
      },
      "stochRsi": {
        "k": 85.84790508012816,
        "d": 47.036858974028085
      },
      "vprofile": {
        "vpBins": [
          0,
          0,
          0,
          0,
          0,
          0,
          0,
          0,
          0,
          0,
          0,
          0,
          0,
          0,
          0,
          0,
          0,
          0,
          0,
          0
        ],
        "currentBinShare": 0
      },
      "ttm": {
        "squeeze": false,
        "release": false,
        "widthPct": 25.516837740743455
      }
    }
  },
  "smaMin5": 24.1265,
  "emaMin5": 24.116402350379154,
  "vwmaMin5": 24.17585691635306,
  "hmaMin5": 24.14346320346321,
  "keltner15": {
    "upper": 24.264858136693743,
    "middle": 24.101358136693744,
    "lower": 23.937858136693745
  },
  "superTrend15": {
    "isBull": true,
    "finalUpper": 24.421999999999997,
    "finalLower": 23.768
  },
  "mfi15": 90.64973236109056,
  "stochRsi15": {
    "k": 35.68468468468522,
    "d": 49.65012891149255
  },
  "ppo15": {
    "ppo": 0.09013534450535822,
    "signal": 0.10197530133865368,
    "histogram": -0.011839956833295459
  },
  "vpMin15": {
    "vpBins": [
      0.02593483516920419,
      0.032159294091803986,
      0,
      0.048720867524884415,
      0.030249933958944528,
      0.02239198762862679,
      0.0680143954711664,
      0.04314003606466004,
      0.0022357794537673278,
      0,
      0.01866884977306155,
      0.02625799905671722,
      0.06095638124972334,
      0.09755231355012844,
      0.2313599851687072,
      0.10570686604293456,
      0.07548923884374412,
      0.0857681163927203,
      0.025393120559205538,
      0
    ],
    "currentBinShare": 0.2313599851687072
  },
  "ttm15": {
    "squeeze": false,
    "release": false,
    "widthPct": 1.4155606143642712
  },
  "marketCorrelation": {
    "hourly": {
      "btcCorrelation": 0,
      "ethCorrelation": 0,
      "btcBeta": 1,
      "ethBeta": 1,
      "btcTrend": "UNKNOWN",
      "ethTrend": "UNKNOWN",
      "tokenVol": 0,
      "btcVol": 0,
      "ethVol": 0,
      "marketDependence": 0,
      "verdict": "INSUFFICIENT_DATA"
    },
    "min15": {
      "btcCorrelation": 0,
      "ethCorrelation": 0,
      "btcBeta": 1,
      "ethBeta": 1,
      "btcTrend": "UNKNOWN",
      "ethTrend": "UNKNOWN",
      "tokenVol": 0,
      "btcVol": 0,
      "ethVol": 0,
      "marketDependence": 0,
      "verdict": "INSUFFICIENT_DATA"
    },
    "daily": {
      "btcCorrelation": 0,
      "ethCorrelation": 0,
      "btcBeta": 1,
      "ethBeta": 1,
      "btcTrend": "UNKNOWN",
      "ethTrend": "UNKNOWN",
      "tokenVol": 0,
      "btcVol": 0,
      "ethVol": 0,
      "marketDependence": 0,
      "verdict": "INSUFFICIENT_DATA"
    }
  },
  "tradeTape": {
    "totalTrades": 0,
    "totalVolume": 0,
    "buysVolume": 0,
    "sellsVolume": 0,
    "buySellRatio": 0.5,
    "vwap": 0,
    "signedVolume": 0,
    "avgTradeSize": 0,
    "tradesPerSec": 0,
    "cumulativeDelta": 0,
    "tradesLast1m": 0,
    "tradesLast5m": 0,
    "tradesLast15m": 0,
    "tradesLast1h": 0,
    "buyVWAP": 0,
    "sellVWAP": 0,
    "aggressorVWAP": 0,
    "bucketDurationMs": 60000,
    "bucketCount": 15,
    "bucketSignedVolumes": [],
    "bucketVolumes": [],
    "bucketVWAPs": [],
    "latestBucketSignedZ": 0
  },
  "enhancedMetrics": {
    "relativeVolumeZScore": -1,
    "volumePercentile": 40,
    "atrPercentile": 48.175182481751825,
    "volatilityPercentile": 43.037974683544306,
    "relativeVolatilityRatio": 0.8779010387187711,
    "isHighVolume": false,
    "isHighVolatility": false,
    "isLowVolatility": false,
    "isExpandingVolatility": false,
    "isContractingVolatility": false
  },
  "orderBook": {
    "bidAskSpread": 0,
    "spreadPct": 0,
    "midPrice": 0,
    "bestBid": 0,
    "bestAsk": 0,
    "bidDepth": 0,
    "askDepth": 0,
    "orderBookImbalance": 0,
    "liquidityScore": 0,
    "depthAt1Pct": {
      "bidVolume": 0,
      "askVolume": 0,
      "imbalance": 0
    },
    "depthAt2Pct": {
      "bidVolume": 0,
      "askVolume": 0,
      "imbalance": 0
    },
    "depthAt5Pct": {
      "bidVolume": 0,
      "askVolume": 0,
      "imbalance": 0
    },
    "weightedMidPrice": 0,
    "volumeWeightedSpread": 0,
    "totalBidLevels": 0,
    "totalAskLevels": 0
  },
  "marketCap": {
    "marketCap": 0,
    "totalVolume24h": 0,
    "volumeToMarketCapRatio": 0,
    "marketCapRank": 0,
    "normalizedRank": 0,
    "isHighLiquidity": false,
    "isVeryHighLiquidity": false,
    "isLowLiquidity": true,
    "liquidityTier": "VERY_LOW"
  },
  "sweeps": {
    "sweepScore": 0,
    "sweepCount": 0,
    "sweepDirection": "NEUTRAL",
    "buySweeps": 0,
    "sellSweeps": 0,
    "avgSweepSize": 0,
    "avgSweepIntensity": 0,
    "bidLiftRatio": 0,
    "askLiftRatio": 0,
    "sweepFrequency": 0,
    "largestSweep": null,
    "recentSweepClusters": 0,
    "sweepDetails": []
  },
  "absorption": {
    "absorptionScore": 0,
    "absorptionLevel": null,
    "absorptionSide": "NONE",
    "icebergProbability": 0,
    "hiddenLiquidityEstimate": 0,
    "volumeAtPrice": {},
    "topAbsorptionLevels": [],
    "persistenceDuration": 0,
    "refillDetected": false
  },
  "orderArrival": {
    "avgInterArrivalTime": 0,
    "recentInterArrivalTime": 0,
    "accelerationRatio": 1,
    "hawkesIntensity": 0,
    "hawkesDirection": "NEUTRAL",
    "clusteringScore": 0,
    "burstCount": 0,
    "cascadeDetected": false,
    "timeToNextTrade": 0,
    "accelerationTrend": "STABLE"
  },
  "liquidityVacuum": {
    "vacuumScore": 0,
    "vacuumSide": "NONE",
    "bidVacuumSeverity": 0,
    "askVacuumSeverity": 0,
    "depthConcentration": 0,
    "priceImpact10k": 0,
    "priceImpact50k": 0,
    "priceImpact100k": 0,
    "largestGapBid": 0,
    "largestGapAsk": 0,
    "avgGapBid": 0,
    "avgGapAsk": 0,
    "bidCliffDistance": 0,
    "askCliffDistance": 0
  },
  "volatilityRegime": {
    "regime": "BELOW_NORMAL",
    "regimeScore": -0.5,
    "currentATR": 1.473846,
    "avgATR": 1.910436,
    "atrPercentile": 2.6,
    "realizedVolatility": 71.48,
    "volPercentile": 39,
    "expanding": false,
    "contracting": false,
    "transitionProbability": 0.3,
    "daysInRegime": 1,
    "regimeStrength": 0.08
  },
  "temporalPatterns": {
    "currentHour": 19,
    "currentDay": 0,
    "currentDayName": "Sunday",
    "dayBias": "NEUTRAL",
    "hourlyProfile": [
      {
        "avgVolume": 592.98,
        "avgATR": 0.44,
        "avgReturn": -0.446
      },
      {
        "avgVolume": 475.68,
        "avgATR": 0.358571,
        "avgReturn": 0.304
      },
      {
        "avgVolume": 815.69,
        "avgATR": 0.259286,
        "avgReturn": 0.189
      },
      {
        "avgVolume": 302.63,
        "avgATR": 0.187143,
        "avgReturn": -0.175
      },
      {
        "avgVolume": 215.61,
        "avgATR": 0.191429,
        "avgReturn": 0.119
      },
      {
        "avgVolume": 278.96,
        "avgATR": 0.205,
        "avgReturn": 0.122
      },
      {
        "avgVolume": 271.87,
        "avgATR": 0.149286,
        "avgReturn": -0.225
      },
      {
        "avgVolume": 246.16,
        "avgATR": 0.196429,
        "avgReturn": 0.28
      },
      {
        "avgVolume": 1037.77,
        "avgATR": 0.254286,
        "avgReturn": -0.227
      },
      {
        "avgVolume": 284.03,
        "avgATR": 0.254286,
        "avgReturn": 0.106
      },
      {
        "avgVolume": 197.92,
        "avgATR": 0.207143,
        "avgReturn": 0.18
      },
      {
        "avgVolume": 731.13,
        "avgATR": 0.306429,
        "avgReturn": 0.074
      },
      {
        "avgVolume": 219.53,
        "avgATR": 0.243571,
        "avgReturn": 0.014
      },
      {
        "avgVolume": 439.63,
        "avgATR": 0.351429,
        "avgReturn": -0.449
      },
      {
        "avgVolume": 344.68,
        "avgATR": 0.326429,
        "avgReturn": -0.172
      },
      {
        "avgVolume": 476.62,
        "avgATR": 0.325714,
        "avgReturn": 0.269
      },
      {
        "avgVolume": 427.7,
        "avgATR": 0.33,
        "avgReturn": -0.209
      },
      {
        "avgVolume": 516.04,
        "avgATR": 0.314286,
        "avgReturn": -0.441
      },
      {
        "avgVolume": 885.05,
        "avgATR": 0.344286,
        "avgReturn": 0.42
      },
      {
        "avgVolume": 416.01,
        "avgATR": 0.285,
        "avgReturn": 0.407
      },
      {
        "avgVolume": 1729.45,
        "avgATR": 0.263571,
        "avgReturn": -0.047
      },
      {
        "avgVolume": 1497.86,
        "avgATR": 0.282143,
        "avgReturn": -0.112
      },
      {
        "avgVolume": 974.4,
        "avgATR": 0.266429,
        "avgReturn": 0.124
      },
      {
        "avgVolume": 477.92,
        "avgATR": 0.213571,
        "avgReturn": -0.016
      }
    ],
    "dailyProfile": [
      {
        "avgVolume": 301.6,
        "avgATR": 0.231667,
        "avgReturn": -0.231
      },
      {
        "avgVolume": 431.42,
        "avgATR": 0.294375,
        "avgReturn": -0.033
      },
      {
        "avgVolume": 646.51,
        "avgATR": 0.344792,
        "avgReturn": 0.15
      },
      {
        "avgVolume": 1367.86,
        "avgATR": 0.308298,
        "avgReturn": 0.118
      },
      {
        "avgVolume": 405.34,
        "avgATR": 0.251667,
        "avgReturn": -0.04
      },
      {
        "avgVolume": 387.49,
        "avgATR": 0.283542,
        "avgReturn": 0.036
      },
      {
        "avgVolume": 520.5,
        "avgATR": 0.197292,
        "avgReturn": 0.032
      }
    ],
    "favorableHours": [
      20,
      21,
      8,
      22,
      18,
      2
    ],
    "favorableWindow": false,
    "currentVsAvgVolume": 0,
    "currentVsAvgVolatility": 0,
    "anomalyDetected": true,
    "timeUntilFavorable": 1,
    "temporalScore": 0
  },
  "unifiedMicrostructure": {
    "signalDirections": {
      "vpin": "NEUTRAL",
      "sweeps": "NEUTRAL",
      "absorption": "NEUTRAL",
      "arrival": "NEUTRAL",
      "vacuum": "NONE",
      "volRegime": "FAVORABLE",
      "temporal": "UNFAVORABLE"
    },
    "consensusDirection": "NEUTRAL",
    "consensusStrength": 50,
    "bullishSignals": 1,
    "bearishSignals": 1,
    "neutralSignals": 0,
    "totalAvailableSignals": 2,
    "dominantPattern": "NONE",
    "clusters": {
      "strongBuyCluster": false,
      "distributionPattern": false,
      "accumulationPattern": false,
      "momentumCascade": false
    },
    "adaptiveWeights": {
      "vpin": 0,
      "sweeps": 0,
      "absorption": 0,
      "arrival": 0,
      "vacuum": 0,
      "volRegime": 0.021,
      "temporal": 0.02
    },
    "convictionLevel": "LOW",
    "convictionScore": 30,
    "riskAdjustment": "REDUCE",
    "timingQuality": "UNFAVORABLE",
    "signalQuality": "LOW"
  },
  "deltaAnalysis": {
    "currentDelta": 0,
    "cumulativeDelta": 0,
    "deltaPerVolume": 0,
    "deltaDirection": "NEUTRAL",
    "deltaDivergence": false,
    "institutionalRatio": 0,
    "aggressionScore": 0
  },
  "volumeProfile": {
    "pointOfControl": 0,
    "valueAreaHigh": 0,
    "valueAreaLow": 0,
    "currentPosition": "ABOVE_VALUE_AREA",
    "volumeNodes": [],
    "airPockets": []
  },
  "momentumCascade": {
    "cascadeDetected": false,
    "alignmentScore": 0.0010396391639039915,
    "cascadeStrength": 0,
    "acceleratingTimeframes": [],
    "divergingTimeframes": [
      "1m",
      "5m",
      "15m"
    ]
  },
  "breakoutConfirmation": {
    "breakoutConfirmed": false,
    "volumeConfirmation": false,
    "retestStrength": 0,
    "falseBreakoutRisk": 0,
    "breakoutQuality": "NO_BREAKOUT"
  },
  "liquidityHeatmap": {
    "liquidityScore": 0,
    "magnetDirection": "NONE",
    "magnetStrength": 0,
    "priceTarget5pct": null,
    "message": "No order book data"
  },
  "smartMoneyDivergence": {
    "divergenceDetected": false,
    "divergenceDirection": "NONE",
    "smartMoneyScore": 0.5,
    "message": "Insufficient trade data"
  },
  "microstructure": {
    "raw": -0.026689919615633374,
    "pct": 50,
    "summary": {
      "latestBucketSignedZ": 0,
      "buySellRatio": 0.5,
      "tradesPerSec": 0,
      "vwap": 0,
      "aggressorVWAP": 0,
      "vpinToxicity": "UNKNOWN",
      "sweepDirection": "NEUTRAL",
      "absorptionSide": "NONE",
      "icebergDetected": false,
      "hawkesDirection": "NEUTRAL",
      "cascadeDetected": false,
      "vacuumSide": "NONE",
      "volatilityRegime": "BELOW_NORMAL",
      "volExpanding": false,
      "favorableTimeWindow": false,
      "temporalAnomaly": true,
      "consensusDirection": "NEUTRAL",
      "consensusStrength": 50,
      "dominantPattern": "NONE",
      "convictionLevel": "LOW",
      "riskAdjustment": "REDUCE",
      "timingQuality": "UNFAVORABLE",
      "deltaDirection": "NEUTRAL",
      "deltaDivergence": false,
      "institutionalRatio": 0,
      "volumeProfilePosition": "ABOVE_VALUE_AREA",
      "pointOfControl": 0,
      "momentumCascadeDetected": false,
      "cascadeStrength": 0,
      "breakoutQuality": "NO_BREAKOUT",
      "breakoutConfirmed": false,
      "magnetDirection": "NONE",
      "magnetStrength": 0,
      "priceTarget5pct": null,
      "nearestBidWall": 0,
      "nearestAskWall": 0,
      "divergenceDetected": false,
      "divergenceDirection": "NONE",
      "whaleAccumulation": false,
      "whaleDistribution": false,
      "retailPanic": false,
      "smartMoneyScore": 0.5
    }
  }
}

=== MICROSTRUCTURE ALERTS ===

🔬 VPIN: Insufficient data for VPIN analysis

🌊 SWEEP DETECTION: No significant sweeps detected

🧊 ABSORPTION & ICEBERG: No significant absorption or iceberg orders detected

⚡ ORDER ARRIVAL DYNAMICS: Insufficient trades for analysis

🌪️ LIQUIDITY VACUUM: No significant vacuum detected

📊 VOLATILITY REGIME DETECTION:
   Current Regime: BELOW_NORMAL
   Regime Score: -0.50 (-1=low vol, +1=extreme vol)
   Days in Regime: 1
   ATR: $1.473846 (avg: $1.910436)
   ATR Percentile: 2.6%
   Realized Volatility: 71.48% (annualized)
   Vol Percentile: 39.0%

   🟢 BELOW NORMAL VOLATILITY:
   ⚡ Consolidation phase - watch for expansion
   ✅ Good entry zone for patient trades

   📍 MODERATE REGIME TRANSITION PROBABILITY: 30%
   Monitor for potential regime change

   ⚠️ NEW REGIME: Only 1 day(s) - conditions still settling

⏰ TEMPORAL PATTERN ANALYSIS:
   Current Time: Sunday 19:00 UTC
   Day Bias: NEUTRAL
   Current vs Avg Volume: 0x
   Current vs Avg Volatility: 0x

   ⏳ NON-FAVORABLE TIME WINDOW:
   This hour typically shows weaker activity
   Next favorable window in 1 hour(s)

   ⚠️ LOW ACTIVITY ANOMALY:
   Volume 0x below typical - Extremely quiet

   📉 LOW VOLATILITY ANOMALY:
   Volatility 0x below typical - Consolidation likely

   🔥 Best Trading Hours (UTC): 20:00, 21:00, 8:00

🎯 UNIFIED MICROSTRUCTURE INTEGRATION:
   Signal Consensus: NEUTRAL (50% agreement)
   Available Signals: 2 (1 bullish / 1 bearish / 0 neutral)
   Conviction Level: LOW (30%)
   Signal Quality: LOW
   Risk Adjustment: REDUCE
   Timing Quality: UNFAVORABLE

   ⚠️ LOW CONVICTION: Only 50% signal agreement
   Weak alignment - Reduce position size or wait for clarity

   ⚠️ RISK REDUCTION RECOMMENDED: Extreme volatility or unfavorable timing detected

   ⏰ UNFAVORABLE TIMING: Avoid trading during this hour

   Signal Directions Breakdown:
   • VPIN: NEUTRAL
   • Sweeps: NEUTRAL
   • Absorption: NEUTRAL
   • Arrival Dynamics: NEUTRAL
   • Liquidity Vacuum: NONE
   • Vol Regime: FAVORABLE
   • Temporal: UNFAVORABLE

   Adaptive Weights (Total: 4.1%):
   • VPIN: 0.0%
   • Sweeps: 0.0%
   • Absorption: 0.0%
   • Arrival: 0.0%
   • Vacuum: 0.0%
   • Vol Regime: 2.1%
   • Temporal: 2.0%


💹 DELTA ANALYSIS (Order Flow Aggression):
   Direction: NEUTRAL
   Delta Per Volume: 0.00%
   Institutional Ratio: 0.0%
   Aggression Score: 0.0%

📊 VOLUME PROFILE (Support/Resistance Strength):
   Point of Control (POC): $0.000000
   Value Area High: $0.000000
   Value Area Low: $0.000000
   Current Position: ABOVE_VALUE_AREA
   ⚠️ DISTRIBUTION RISK: Price above value area - potential rejection zone

⚡ MOMENTUM CASCADE (Multi-Timeframe Alignment):
   Cascade Detected: NO
   Alignment Score: 0.1%
   Cascade Strength: 0.0%
   Accelerating: None
   Diverging: 1m, 5m, 15m

💥 BREAKOUT CONFIRMATION:
   Quality: NO_BREAKOUT
   Volume Confirmation: NO
   Retest Strength: 0.0%
   False Breakout Risk: 0.0%
   No breakout detected - price below resistance


levels:
Entry=24.11168, StopLoss=23.1472128, TakeProfit=24.149853500000003, 24.188027, 24.2185658

---

=== Token: ZEC (ZEC) ===
Contract: ZEC-USD
Timestamp: 2025-03-19T15:40:00.000Z

Calculations:
{
  "momentumScore": 61.76949359918767,
  "volumeScore": 26.586320453483452,
  "patternScore": 57.88614683797537,
  "totalScore": 40.324142728930035,
  "finalScore": 40.324142728930035,
  "weights": "0.27,0.41,0.23",
  "hourlyUptrend": true,
  "rsi": 68.75000000000065,
  "ultraShortVolumeSurge": 2.2712540958031515,
  "baseVolumeSurge": 0.014808214165072178,
  "currentPrice": 33.55,
  "resistance": 33.57,
  "support": 33.05,
  "rocMin5": 0.005997001499250247,
  "shortROC": 0,
  "priceAcceleration": 0.0014992728455915608,
  "buySellRatio": 0.48198687387124034,
  "macdHistogram": 0.02313790581511388,
  "stochasticK": 89.47368421052568,
  "atr": 0.07499999999999878,
  "bbUpper": 33.967594212185,
  "bbLower": 32.97240578781501,
  "hammerDetected": false,
  "engulfingDetected": false,
  "compressionSpring": {
    "detected": true,
    "confidence": 66,
    "signals": {
      "sidewaysPrice": true,
      "atrCompression": true,
      "bbSqueeze": true,
      "consolidationTime": true,
      "strongBuying": false,
      "obvPositive": false,
      "chaikinPositive": false,
      "rsiNeutral": true,
      "volumeBuilding": false
    },
    "metrics": {
      "priceRange": 1.57,
      "atrRatio": 0.407,
      "bbWidth": 2.97,
      "volumeRatio": 0.318,
      "signalCount": 5,
      "buySellRatio": 0.482
    }
  },
  "riskTier": "MEDIUM",
  "atrPercent": 0.7323823717266351,
  "distanceToResistance": 0.0596125186289214,
  "slPercent": 3,
  "tpPercent": 0.05067064083458318,
  "trailingActivation": 0.030402384500749908,
  "shortMomentumScore": 5,
  "overboughtScore": 35,
  "shortPatternScore": 0,
  "shootingStarDetected": false,
  "bearishEngulfingDetected": false,
  "eveningStarDetected": false,
  "bearishPatternsCount": 0,
  "shortTotalScore": 14.25,
  "chaikin": -0.3951215568557263,
  "obvIncreasing": false,
  "obvTrend": "declining",
  "adx": 8.235294117647916,
  "recentCandles": {
    "redCount": 5,
    "greenCount": 5
  },
  "resistanceDistance": 0.0596125186289214,
  "multiplePatterns": false,
  "bullishPattern": false,
  "priceAboveVWAP": true,
  "breakingResistance": true,
  "atrSufficient": false,
  "macdDivergenceBearish": false,
  "rvolMin1": -0.16935301674147457,
  "rvolMin5": 0.24631273552950694,
  "atrPercentileOld": 0.8780487804878049,
  "vwapDeviation": 1.0180534280287303,
  "bbWidthPercent": 2.9733744379145053,
  "bbSqueeze": true,
  "multiTFMomentum": {
    "min1": {
      "roc1": -0.0005966587112172769,
      "roc3": 0.0038957147138148807
    },
    "min5": {
      "roc1": 0,
      "roc3": 0.0056954436450838645
    },
    "min15": {
      "roc1": 0.0056954436450838645,
      "roc3": 0.0035895901884534084
    },
    "hourly": {
      "roc1": 0.0029913251570446134,
      "roc3": 0.006302521008403387
    },
    "fourHour": {
      "roc1": -0.008574807806031908,
      "roc3": -0.00474918373404561
    },
    "divergenceShortUpLongDown": false
  },
  "returnZMin5": 0.023708759592460358,
  "wickClosePct": 0,
  "wickUpper": 0,
  "wickLower": 0,
  "wickRatio": 0,
  "donchianBreakout15": false,
  "bbWidthPercentile15": 0.6493506493506493,
  "signedMin5": -2823.6687599999996,
  "signedMin5Z": -6.6458056015586155,
  "signedMin1": 386.0391599999999,
  "signedMin1Z": 9.411095385825535,
  "streakMin1": {
    "upStreak": 0,
    "downStreak": 1
  },
  "streakMin5": {
    "upStreak": 0,
    "downStreak": 0
  },
  "rvolPercentileMin1": 0.6708333333333333,
  "rvolPercentileMin5": 0.9236111111111112,
  "perTfMetrics": {
    "min1": {
      "sma20": 33.38850000000001,
      "sma50": 33.399799999999985,
      "ema20": 33.40815544334809,
      "ema50": 33.397864833032116,
      "vwma20": 33.3967513398337,
      "hma21": 33.4260606060606,
      "atr14": 0.042142857142855865,
      "atrPercentile": 0.22054380664652568,
      "rvolZ": -0.16935301674147457,
      "rvolPercentile": 0.6708333333333333,
      "mfi14": 57.08527167548646,
      "ppo": {
        "ppo": 0.058740083041222114,
        "signal": 0.005115588144648129,
        "histogram": 0.05362449489657398
      },
      "stochRsi": {
        "k": 99.99999999999672,
        "d": 68.46846846846971
      },
      "vprofile": {
        "vpBins": [
          0.01562992456187758,
          0.14777088823480422,
          0.0073057148208779685,
          0.39383182771493913,
          0.04200109943968975,
          0.010265322978797934,
          0.006480035307269072,
          0.10124199872379998,
          0.07991765975713429,
          0.059417146535413204,
          0.026753345322664303,
          0.0349178259079949,
          0.01108291787092407,
          0.002818620055920364,
          0.007087846161066768,
          0.00835300338322324,
          0.008455603612435398,
          0.03064873277359657,
          0.0024004364394051726,
          0.0036200503981662006
        ],
        "currentBinShare": 0.01108291787092407
      },
      "ttm": {
        "squeeze": false,
        "release": true,
        "widthPct": 0.6228249772209272
      }
    },
    "min5": {
      "sma20": 33.418499999999995,
      "sma50": 33.403800000000004,
      "ema20": 33.41289513011227,
      "ema50": 33.433036829093744,
      "vwma20": 33.44459866499019,
      "hma21": 33.41082251082253,
      "atr14": 0.07499999999999878,
      "atrPercentile": 0.17883211678832117,
      "rvolZ": 0.24631273552950694,
      "rvolPercentile": 0.9236111111111112,
      "mfi14": 70.3964963689765,
      "ppo": {
        "ppo": 0.04708799953282286,
        "signal": 0.0020340178738584326,
        "histogram": 0.04505398165896443
      },
      "stochRsi": {
        "k": 99.30616740088225,
        "d": 54.80275443510765
      },
      "vprofile": {
        "vpBins": [
          0.38369908614170967,
          0.0978205461327906,
          0.019488779936659456,
          0.05411710916909175,
          0.025236911757489423,
          0.03609588322646997,
          0.10124194972499277,
          0.051745739334069375,
          0.02872438993985685,
          0.04562061551908082,
          0.034113803089879755,
          0.011724706444948442,
          0.03319060081099518,
          0.032941648319281584,
          0.011997687651958164,
          0.014456311661495273,
          0.006878423164142273,
          0,
          0.010905807975088867,
          0
        ],
        "currentBinShare": 0.04562061551908082
      },
      "ttm": {
        "squeeze": false,
        "release": true,
        "widthPct": 0.7322652893262109
      }
    },
    "min15": {
      "sma20": 33.470000000000006,
      "sma50": 33.60659999999999,
      "ema20": 33.45023446696132,
      "ema50": 33.46344408212778,
      "vwma20": 33.103327707228146,
      "hma21": 33.301731601731596,
      "atr14": 0.24571428571428605,
      "atrPercentile": 0.8780487804878049,
      "rvolZ": 0.5607373620818945,
      "rvolPercentile": 0.9583333333333334,
      "mfi14": 14.470460898394563,
      "ppo": {
        "ppo": -0.13693694546857207,
        "signal": -0.1745962919795174,
        "histogram": 0.037659346510945324
      },
      "stochRsi": {
        "k": 87.97395690230412,
        "d": 41.89082606890822
      },
      "vprofile": {
        "vpBins": [
          0.009785744140240148,
          0.055001947139864865,
          0.0021198664287323133,
          0.008317938458149722,
          0,
          0.37436946451739045,
          0.09604850951032681,
          0.04783282185466925,
          0.03157626627576352,
          0.05813249785883031,
          0.1189790765714502,
          0.0284695631317238,
          0.04037936470639369,
          0.037279183037507525,
          0.028783619038509685,
          0.01568354650623763,
          0.02867543534453695,
          0,
          0.018565155479673183,
          0
        ],
        "currentBinShare": 0.04037936470639369
      },
      "ttm": {
        "squeeze": false,
        "release": false,
        "widthPct": 2.9733744379145053
      }
    },
    "hourly": {
      "sma20": 33.483000000000004,
      "sma50": 33.56559999999999,
      "ema20": 33.4784117562984,
      "ema50": 33.428883948731176,
      "vwma20": 33.407295263599984,
      "hma21": 33.73233766233765,
      "atr14": 0.44928571428571473,
      "atrPercentile": 0.5372670807453416,
      "rvolZ": 0.14154674349254762,
      "rvolPercentile": 0.8392857142857143,
      "mfi14": 36.949230410044684,
      "ppo": {
        "ppo": 0.09979639662677112,
        "signal": 0.11705339143852939,
        "histogram": -0.01725699481175827
      },
      "stochRsi": {
        "k": 33.10636187642491,
        "d": 54.71223522853958
      },
      "vprofile": {
        "vpBins": [
          0.04032848350713915,
          0.048940845454267905,
          0.17403405071480219,
          0.014536187329017874,
          0.07981987890126557,
          0.09514383895619948,
          0.12659913769089706,
          0.05445785527530431,
          0.10475366984942368,
          0.004922885443604943,
          0.01582508210264147,
          0.03033854590962095,
          0.02790204226693883,
          0.007750427751998702,
          0.02952416963904403,
          0.053569410239304616,
          0.049980370499067485,
          0.018037125578967368,
          0.01873312423930795,
          0.004802868651186677
        ],
        "currentBinShare": 0.049980370499067485
      },
      "ttm": {
        "squeeze": false,
        "release": false,
        "widthPct": 3.020823426068512
      }
    },
    "fourHour": {
      "sma20": 33.522,
      "sma50": 31.96359999999999,
      "ema20": 33.29836779138487,
      "ema50": 32.760635450592325,
      "vwma20": 33.61293560656182,
      "hma21": 33.3916883116883,
      "atr14": 0.7949999999999992,
      "atrPercentile": 0.2714285714285714,
      "rvolZ": 0.5836779763992644,
      "rvolPercentile": 0.9285714285714286,
      "mfi14": 46.17050818310713,
      "ppo": {
        "ppo": 1.1064252472351035,
        "signal": 1.3761764247776125,
        "histogram": -0.269751177542509
      },
      "stochRsi": {
        "k": 15.649578583568172,
        "d": 51.75122538381489
      },
      "vprofile": {
        "vpBins": [
          0,
          0.12410238532521456,
          0.020293417426243993,
          0.030765783559413337,
          0.19179632779854192,
          0.11343664003547203,
          0.15386167227192118,
          0.03380972155137629,
          0.014276969747259874,
          0.048556615561489144,
          0.016040120376805266,
          0.0435375211924798,
          0.10285030619950454,
          0.0421864618848706,
          0.00889033502243292,
          0.015619417393209833,
          0.009550502987294164,
          0.017987564553567682,
          0.004688474797880479,
          0.007749762315022132
        ],
        "currentBinShare": 0.10285030619950454
      },
      "ttm": {
        "squeeze": false,
        "release": false,
        "widthPct": 7.092802515504632
      }
    },
    "daily": {
      "sma20": 33.671,
      "sma50": 34.3604,
      "ema20": 33.324626718817676,
      "ema50": 36.2946304508286,
      "vwma20": 0,
      "hma21": 29.728181818181827,
      "atr14": 2.1614285714285706,
      "atrPercentile": 0.013157894736842105,
      "rvolZ": 0,
      "rvolPercentile": 1,
      "mfi14": 50,
      "ppo": {
        "ppo": -2.3140969203346224,
        "signal": -3.3926365595494667,
        "histogram": 1.0785396392148443
      },
      "stochRsi": {
        "k": 86.5128946365088,
        "d": 43.15302095810177
      },
      "vprofile": {
        "vpBins": [
          0,
          0,
          0,
          0,
          0,
          0,
          0,
          0,
          0,
          0,
          0,
          0,
          0,
          0,
          0,
          0,
          0,
          0,
          0,
          0
        ],
        "currentBinShare": 0
      },
      "ttm": {
        "squeeze": false,
        "release": false,
        "widthPct": 35.535154128741524
      }
    }
  },
  "smaMin5": 33.418499999999995,
  "emaMin5": 33.41289513011227,
  "vwmaMin5": 33.44459866499019,
  "hmaMin5": 33.41082251082253,
  "keltner15": {
    "upper": 33.72473446696132,
    "middle": 33.45023446696132,
    "lower": 33.175734466961316
  },
  "superTrend15": {
    "isBull": true,
    "finalUpper": 33.994,
    "finalLower": 32.896
  },
  "mfi15": 14.470460898394563,
  "stochRsi15": {
    "k": 87.97395690230412,
    "d": 41.89082606890822
  },
  "ppo15": {
    "ppo": -0.13693694546857207,
    "signal": -0.1745962919795174,
    "histogram": 0.037659346510945324
  },
  "vpMin15": {
    "vpBins": [
      0.009785744140240148,
      0.055001947139864865,
      0.0021198664287323133,
      0.008317938458149722,
      0,
      0.37436946451739045,
      0.09604850951032681,
      0.04783282185466925,
      0.03157626627576352,
      0.05813249785883031,
      0.1189790765714502,
      0.0284695631317238,
      0.04037936470639369,
      0.037279183037507525,
      0.028783619038509685,
      0.01568354650623763,
      0.02867543534453695,
      0,
      0.018565155479673183,
      0
    ],
    "currentBinShare": 0.04037936470639369
  },
  "ttm15": {
    "squeeze": false,
    "release": false,
    "widthPct": 2.9733744379145053
  },
  "marketCorrelation": {
    "hourly": {
      "btcCorrelation": 0,
      "ethCorrelation": 0,
      "btcBeta": 1,
      "ethBeta": 1,
      "btcTrend": "UNKNOWN",
      "ethTrend": "UNKNOWN",
      "tokenVol": 0,
      "btcVol": 0,
      "ethVol": 0,
      "marketDependence": 0,
      "verdict": "INSUFFICIENT_DATA"
    },
    "min15": {
      "btcCorrelation": 0,
      "ethCorrelation": 0,
      "btcBeta": 1,
      "ethBeta": 1,
      "btcTrend": "UNKNOWN",
      "ethTrend": "UNKNOWN",
      "tokenVol": 0,
      "btcVol": 0,
      "ethVol": 0,
      "marketDependence": 0,
      "verdict": "INSUFFICIENT_DATA"
    },
    "daily": {
      "btcCorrelation": 0,
      "ethCorrelation": 0,
      "btcBeta": 1,
      "ethBeta": 1,
      "btcTrend": "UNKNOWN",
      "ethTrend": "UNKNOWN",
      "tokenVol": 0,
      "btcVol": 0,
      "ethVol": 0,
      "marketDependence": 0,
      "verdict": "INSUFFICIENT_DATA"
    }
  },
  "tradeTape": {
    "totalTrades": 0,
    "totalVolume": 0,
    "buysVolume": 0,
    "sellsVolume": 0,
    "buySellRatio": 0.5,
    "vwap": 0,
    "signedVolume": 0,
    "avgTradeSize": 0,
    "tradesPerSec": 0,
    "cumulativeDelta": 0,
    "tradesLast1m": 0,
    "tradesLast5m": 0,
    "tradesLast15m": 0,
    "tradesLast1h": 0,
    "buyVWAP": 0,
    "sellVWAP": 0,
    "aggressorVWAP": 0,
    "bucketDurationMs": 60000,
    "bucketCount": 15,
    "bucketSignedVolumes": [],
    "bucketVolumes": [],
    "bucketVWAPs": [],
    "latestBucketSignedZ": 0
  },
  "enhancedMetrics": {
    "relativeVolumeZScore": -1,
    "volumePercentile": 40,
    "atrPercentile": 19.708029197080293,
    "volatilityPercentile": 30.69620253164557,
    "relativeVolatilityRatio": 0.9734643549644841,
    "isHighVolume": false,
    "isHighVolatility": false,
    "isLowVolatility": false,
    "isExpandingVolatility": false,
    "isContractingVolatility": false
  },
  "orderBook": {
    "bidAskSpread": 0,
    "spreadPct": 0,
    "midPrice": 0,
    "bestBid": 0,
    "bestAsk": 0,
    "bidDepth": 0,
    "askDepth": 0,
    "orderBookImbalance": 0,
    "liquidityScore": 0,
    "depthAt1Pct": {
      "bidVolume": 0,
      "askVolume": 0,
      "imbalance": 0
    },
    "depthAt2Pct": {
      "bidVolume": 0,
      "askVolume": 0,
      "imbalance": 0
    },
    "depthAt5Pct": {
      "bidVolume": 0,
      "askVolume": 0,
      "imbalance": 0
    },
    "weightedMidPrice": 0,
    "volumeWeightedSpread": 0,
    "totalBidLevels": 0,
    "totalAskLevels": 0
  },
  "marketCap": {
    "marketCap": 0,
    "totalVolume24h": 0,
    "volumeToMarketCapRatio": 0,
    "marketCapRank": 0,
    "normalizedRank": 0,
    "isHighLiquidity": false,
    "isVeryHighLiquidity": false,
    "isLowLiquidity": true,
    "liquidityTier": "VERY_LOW"
  },
  "sweeps": {
    "sweepScore": 0,
    "sweepCount": 0,
    "sweepDirection": "NEUTRAL",
    "buySweeps": 0,
    "sellSweeps": 0,
    "avgSweepSize": 0,
    "avgSweepIntensity": 0,
    "bidLiftRatio": 0,
    "askLiftRatio": 0,
    "sweepFrequency": 0,
    "largestSweep": null,
    "recentSweepClusters": 0,
    "sweepDetails": []
  },
  "absorption": {
    "absorptionScore": 0,
    "absorptionLevel": null,
    "absorptionSide": "NONE",
    "icebergProbability": 0,
    "hiddenLiquidityEstimate": 0,
    "volumeAtPrice": {},
    "topAbsorptionLevels": [],
    "persistenceDuration": 0,
    "refillDetected": false
  },
  "orderArrival": {
    "avgInterArrivalTime": 0,
    "recentInterArrivalTime": 0,
    "accelerationRatio": 1,
    "hawkesIntensity": 0,
    "hawkesDirection": "NEUTRAL",
    "clusteringScore": 0,
    "burstCount": 0,
    "cascadeDetected": false,
    "timeToNextTrade": 0,
    "accelerationTrend": "STABLE"
  },
  "liquidityVacuum": {
    "vacuumScore": 0,
    "vacuumSide": "NONE",
    "bidVacuumSeverity": 0,
    "askVacuumSeverity": 0,
    "depthConcentration": 0,
    "priceImpact10k": 0,
    "priceImpact50k": 0,
    "priceImpact100k": 0,
    "largestGapBid": 0,
    "largestGapAsk": 0,
    "avgGapBid": 0,
    "avgGapAsk": 0,
    "bidCliffDistance": 0,
    "askCliffDistance": 0
  },
  "volatilityRegime": {
    "regime": "LOW",
    "regimeScore": -1,
    "currentATR": 2.211538,
    "avgATR": 2.992667,
    "atrPercentile": 1.3,
    "realizedVolatility": 79.03,
    "volPercentile": 16.9,
    "expanding": false,
    "contracting": false,
    "transitionProbability": 0,
    "daysInRegime": 4,
    "regimeStrength": 1.09
  },
  "temporalPatterns": {
    "currentHour": 19,
    "currentDay": 0,
    "currentDayName": "Sunday",
    "dayBias": "NEUTRAL",
    "hourlyProfile": [
      {
        "avgVolume": 507.75,
        "avgATR": 0.521429,
        "avgReturn": -0.162
      },
      {
        "avgVolume": 464.17,
        "avgATR": 0.506429,
        "avgReturn": -0.047
      },
      {
        "avgVolume": 420.56,
        "avgATR": 0.44,
        "avgReturn": 0.248
      },
      {
        "avgVolume": 244.87,
        "avgATR": 0.456429,
        "avgReturn": -0.24
      },
      {
        "avgVolume": 438.69,
        "avgATR": 0.442857,
        "avgReturn": 0.554
      },
      {
        "avgVolume": 446.37,
        "avgATR": 0.367143,
        "avgReturn": -0.027
      },
      {
        "avgVolume": 329.89,
        "avgATR": 0.307143,
        "avgReturn": -0.102
      },
      {
        "avgVolume": 126.17,
        "avgATR": 0.312143,
        "avgReturn": 0.103
      },
      {
        "avgVolume": 177.86,
        "avgATR": 0.335714,
        "avgReturn": -0.094
      },
      {
        "avgVolume": 223.64,
        "avgATR": 0.331429,
        "avgReturn": 0.415
      },
      {
        "avgVolume": 263.7,
        "avgATR": 0.371429,
        "avgReturn": -0.342
      },
      {
        "avgVolume": 386.87,
        "avgATR": 0.355714,
        "avgReturn": -0.101
      },
      {
        "avgVolume": 1293.24,
        "avgATR": 0.465714,
        "avgReturn": -0.359
      },
      {
        "avgVolume": 1387.66,
        "avgATR": 0.54,
        "avgReturn": -0.416
      },
      {
        "avgVolume": 1331.84,
        "avgATR": 0.502857,
        "avgReturn": -0.591
      },
      {
        "avgVolume": 1584.94,
        "avgATR": 0.463571,
        "avgReturn": 0.559
      },
      {
        "avgVolume": 1741.44,
        "avgATR": 0.573846,
        "avgReturn": -0.263
      },
      {
        "avgVolume": 1584.08,
        "avgATR": 0.547857,
        "avgReturn": -0.214
      },
      {
        "avgVolume": 1659.02,
        "avgATR": 0.575714,
        "avgReturn": 0.419
      },
      {
        "avgVolume": 1422.47,
        "avgATR": 0.522143,
        "avgReturn": 0.756
      },
      {
        "avgVolume": 1234.17,
        "avgATR": 0.338571,
        "avgReturn": -0.144
      },
      {
        "avgVolume": 1059.1,
        "avgATR": 0.397857,
        "avgReturn": -0.013
      },
      {
        "avgVolume": 429.45,
        "avgATR": 0.325,
        "avgReturn": 0.038
      },
      {
        "avgVolume": 553.02,
        "avgATR": 0.340714,
        "avgReturn": -0.375
      }
    ],
    "dailyProfile": [
      {
        "avgVolume": 449.23,
        "avgATR": 0.428333,
        "avgReturn": -0.144
      },
      {
        "avgVolume": 548.87,
        "avgATR": 0.550208,
        "avgReturn": 0.051
      },
      {
        "avgVolume": 1665.99,
        "avgATR": 0.45375,
        "avgReturn": 0.008
      },
      {
        "avgVolume": 1709.65,
        "avgATR": 0.488511,
        "avgReturn": 0.056
      },
      {
        "avgVolume": 528.34,
        "avgATR": 0.396042,
        "avgReturn": -0.081
      },
      {
        "avgVolume": 559.06,
        "avgATR": 0.436042,
        "avgReturn": 0.021
      },
      {
        "avgVolume": 170.57,
        "avgATR": 0.261667,
        "avgReturn": -0.02
      }
    ],
    "favorableHours": [
      16,
      18,
      15,
      17,
      19,
      13
    ],
    "favorableWindow": true,
    "currentVsAvgVolume": 0,
    "currentVsAvgVolatility": 0,
    "anomalyDetected": true,
    "timeUntilFavorable": null,
    "temporalScore": 0.5
  },
  "unifiedMicrostructure": {
    "signalDirections": {
      "vpin": "NEUTRAL",
      "sweeps": "NEUTRAL",
      "absorption": "NEUTRAL",
      "arrival": "NEUTRAL",
      "vacuum": "NONE",
      "volRegime": "FAVORABLE",
      "temporal": "FAVORABLE"
    },
    "consensusDirection": "BULLISH",
    "consensusStrength": 100,
    "bullishSignals": 2,
    "bearishSignals": 0,
    "neutralSignals": 0,
    "totalAvailableSignals": 2,
    "dominantPattern": "NONE",
    "clusters": {
      "strongBuyCluster": false,
      "distributionPattern": false,
      "accumulationPattern": false,
      "momentumCascade": false
    },
    "adaptiveWeights": {
      "vpin": 0,
      "sweeps": 0,
      "absorption": 0,
      "arrival": 0,
      "vacuum": 0,
      "volRegime": 0.03,
      "temporal": 0.02
    },
    "convictionLevel": "HIGH",
    "convictionScore": 100,
    "riskAdjustment": "INCREASE",
    "timingQuality": "FAVORABLE",
    "signalQuality": "LOW"
  },
  "deltaAnalysis": {
    "currentDelta": 0,
    "cumulativeDelta": 0,
    "deltaPerVolume": 0,
    "deltaDirection": "NEUTRAL",
    "deltaDivergence": false,
    "institutionalRatio": 0,
    "aggressionScore": 0
  },
  "volumeProfile": {
    "pointOfControl": 0,
    "valueAreaHigh": 0,
    "valueAreaLow": 0,
    "currentPosition": "ABOVE_VALUE_AREA",
    "volumeNodes": [],
    "airPockets": []
  },
  "momentumCascade": {
    "cascadeDetected": false,
    "alignmentScore": 0.0024992159627161984,
    "cascadeStrength": 0,
    "acceleratingTimeframes": [
      "1m",
      "5m",
      "15m"
    ],
    "divergingTimeframes": [
      "1h"
    ]
  },
  "breakoutConfirmation": {
    "breakoutConfirmed": false,
    "volumeConfirmation": false,
    "retestStrength": 0,
    "falseBreakoutRisk": 0,
    "breakoutQuality": "NO_BREAKOUT"
  },
  "liquidityHeatmap": {
    "liquidityScore": 0,
    "magnetDirection": "NONE",
    "magnetStrength": 0,
    "priceTarget5pct": null,
    "message": "No order book data"
  },
  "smartMoneyDivergence": {
    "divergenceDetected": false,
    "divergenceDirection": "NONE",
    "smartMoneyScore": 0.5,
    "message": "Insufficient trade data"
  },
  "microstructure": {
    "raw": -0.014546336505589952,
    "pct": 50,
    "summary": {
      "latestBucketSignedZ": 0,
      "buySellRatio": 0.5,
      "tradesPerSec": 0,
      "vwap": 0,
      "aggressorVWAP": 0,
      "vpinToxicity": "UNKNOWN",
      "sweepDirection": "NEUTRAL",
      "absorptionSide": "NONE",
      "icebergDetected": false,
      "hawkesDirection": "NEUTRAL",
      "cascadeDetected": false,
      "vacuumSide": "NONE",
      "volatilityRegime": "LOW",
      "volExpanding": false,
      "favorableTimeWindow": true,
      "temporalAnomaly": true,
      "consensusDirection": "BULLISH",
      "consensusStrength": 100,
      "dominantPattern": "NONE",
      "convictionLevel": "HIGH",
      "riskAdjustment": "INCREASE",
      "timingQuality": "FAVORABLE",
      "deltaDirection": "NEUTRAL",
      "deltaDivergence": false,
      "institutionalRatio": 0,
      "volumeProfilePosition": "ABOVE_VALUE_AREA",
      "pointOfControl": 0,
      "momentumCascadeDetected": false,
      "cascadeStrength": 0,
      "breakoutQuality": "NO_BREAKOUT",
      "breakoutConfirmed": false,
      "magnetDirection": "NONE",
      "magnetStrength": 0,
      "priceTarget5pct": null,
      "nearestBidWall": 0,
      "nearestAskWall": 0,
      "divergenceDetected": false,
      "divergenceDirection": "NONE",
      "whaleAccumulation": false,
      "whaleDistribution": false,
      "retailPanic": false,
      "smartMoneyScore": 0.5
    }
  }
}

=== MICROSTRUCTURE ALERTS ===

🔬 VPIN: Insufficient data for VPIN analysis

🌊 SWEEP DETECTION: No significant sweeps detected

🧊 ABSORPTION & ICEBERG: No significant absorption or iceberg orders detected

⚡ ORDER ARRIVAL DYNAMICS: Insufficient trades for analysis

🌪️ LIQUIDITY VACUUM: No significant vacuum detected

📊 VOLATILITY REGIME DETECTION:
   Current Regime: LOW
   Regime Score: -1.00 (-1=low vol, +1=extreme vol)
   Days in Regime: 4
   ATR: $2.211538 (avg: $2.992667)
   ATR Percentile: 1.3%
   Realized Volatility: 79.03% (annualized)
   Vol Percentile: 16.9%

   🔵 LOW VOLATILITY REGIME:
   ✅ Ideal for breakout setups - price coiling
   ✅ Tight stops recommended
   ✅ Can increase position size (lower risk)

⏰ TEMPORAL PATTERN ANALYSIS:
   Current Time: Sunday 19:00 UTC
   Day Bias: NEUTRAL
   Current vs Avg Volume: 0x
   Current vs Avg Volatility: 0x

   ✅ FAVORABLE TIME WINDOW:
   This hour historically shows strong volume and positive returns
   GOOD time to trade - patterns favor entry

   ⚠️ LOW ACTIVITY ANOMALY:
   Volume 0x below typical - Extremely quiet

   📉 LOW VOLATILITY ANOMALY:
   Volatility 0x below typical - Consolidation likely

   🔥 Best Trading Hours (UTC): 16:00, 18:00, 15:00

🎯 UNIFIED MICROSTRUCTURE INTEGRATION:
   Signal Consensus: BULLISH (100% agreement)
   Available Signals: 2 (2 bullish / 0 bearish / 0 neutral)
   Conviction Level: HIGH (100%)
   Signal Quality: LOW
   Risk Adjustment: INCREASE
   Timing Quality: FAVORABLE

   ✅ HIGH CONVICTION: 100% of signals agree on direction
   Strong institutional alignment - Follow the smart money

   💰 RISK INCREASE OPPORTUNITY: Low vol + Favorable timing = Lower risk

   ⏰ FAVORABLE TIMING: Good time window for trading

   Signal Directions Breakdown:
   • VPIN: NEUTRAL
   • Sweeps: NEUTRAL
   • Absorption: NEUTRAL
   • Arrival Dynamics: NEUTRAL
   • Liquidity Vacuum: NONE
   • Vol Regime: FAVORABLE
   • Temporal: FAVORABLE

   Adaptive Weights (Total: 5.0%):
   • VPIN: 0.0%
   • Sweeps: 0.0%
   • Absorption: 0.0%
   • Arrival: 0.0%
   • Vacuum: 0.0%
   • Vol Regime: 3.0%
   • Temporal: 2.0%


💹 DELTA ANALYSIS (Order Flow Aggression):
   Direction: NEUTRAL
   Delta Per Volume: 0.00%
   Institutional Ratio: 0.0%
   Aggression Score: 0.0%

📊 VOLUME PROFILE (Support/Resistance Strength):
   Point of Control (POC): $0.000000
   Value Area High: $0.000000
   Value Area Low: $0.000000
   Current Position: ABOVE_VALUE_AREA
   ⚠️ DISTRIBUTION RISK: Price above value area - potential rejection zone

⚡ MOMENTUM CASCADE (Multi-Timeframe Alignment):
   Cascade Detected: NO
   Alignment Score: 0.2%
   Cascade Strength: 0.0%
   Accelerating: 1m, 5m, 15m
   Diverging: 1h

💥 BREAKOUT CONFIRMATION:
   Quality: NO_BREAKOUT
   Volume Confirmation: NO
   Retest Strength: 0.0%
   False Breakout Risk: 0.0%
   No breakout detected - price below resistance


levels:
Entry=33.482899999999994, StopLoss=32.478412999999996, TakeProfit=33.49138299999999, 33.499866, 33.5066524

---

=== Token: OMNI (OMNI) ===
Contract: OMNI-USD
Timestamp: 2025-03-19T15:40:00.000Z

Calculations:
{
  "momentumScore": 56.43623693812721,
  "volumeScore": 43.49032562564774,
  "patternScore": 45.825458601273155,
  "totalScore": 42.12296792442324,
  "finalScore": 42.12296792442324,
  "weights": "0.23,0.45,0.23",
  "hourlyUptrend": true,
  "rsi": 47.027027027027,
  "ultraShortVolumeSurge": 0.16250204252654374,
  "baseVolumeSurge": 0.1329164628510051,
  "currentPrice": 3.423,
  "resistance": 3.523,
  "support": 3.368,
  "rocMin5": -0.004652515266065721,
  "shortROC": -0.0023316817254444787,
  "priceAcceleration": -0.0011437140171614824,
  "buySellRatio": 0.8284108798441784,
  "macdHistogram": 0.008490325625647745,
  "stochasticK": 40.38461538461546,
  "atr": 0.03114285714285717,
  "bbUpper": 3.453263862108584,
  "bbLower": 3.3423361378914165,
  "hammerDetected": false,
  "engulfingDetected": false,
  "compressionSpring": {
    "detected": true,
    "confidence": 77,
    "signals": {
      "sidewaysPrice": true,
      "atrCompression": true,
      "bbSqueeze": true,
      "consolidationTime": true,
      "strongBuying": true,
      "obvPositive": false,
      "chaikinPositive": false,
      "rsiNeutral": true,
      "volumeBuilding": false
    },
    "metrics": {
      "priceRange": 4.6,
      "atrRatio": 0.707,
      "bbWidth": 3.26,
      "volumeRatio": 0.143,
      "signalCount": 6,
      "buySellRatio": 0.828
    }
  },
  "riskTier": "MEDIUM",
  "atrPercent": 1.1706523100037578,
  "distanceToResistance": 2.9214139643587522,
  "slPercent": 3,
  "tpPercent": 2.4832018697049394,
  "trailingActivation": 1.4899211218229635,
  "shortMomentumScore": 15,
  "overboughtScore": 0,
  "shortPatternScore": 0,
  "shootingStarDetected": false,
  "bearishEngulfingDetected": false,
  "eveningStarDetected": false,
  "bearishPatternsCount": 0,
  "shortTotalScore": 6,
  "chaikin": -0.6566829671397484,
  "obvIncreasing": false,
  "obvTrend": "declining",
  "adx": 58.84057971014454,
  "recentCandles": {
    "redCount": 5,
    "greenCount": 5
  },
  "resistanceDistance": 2.9214139643587522,
  "multiplePatterns": false,
  "bullishPattern": false,
  "priceAboveVWAP": true,
  "breakingResistance": false,
  "atrSufficient": true,
  "macdDivergenceBearish": false,
  "rvolMin1": -0.009991621211718718,
  "rvolMin5": -0.2391424049388016,
  "atrPercentileOld": 0.7926829268292683,
  "vwapDeviation": 1.896322973742132,
  "bbWidthPercent": 3.2646925721692663,
  "bbSqueeze": false,
  "multiTFMomentum": {
    "min1": {
      "roc1": -0.0023316817254444787,
      "roc3": -0.00029205607476632297
    },
    "min5": {
      "roc1": -0.0023316817254444787,
      "roc3": 0.006172839506172812
    },
    "min15": {
      "roc1": 0.002337814143775572,
      "roc3": -0.008097165991902841
    },
    "hourly": {
      "roc1": 0.004991192014092749,
      "roc3": 0.012123004139562367
    },
    "fourHour": {
      "roc1": -0.006097560975609729,
      "roc3": 0.03947767992711809
    },
    "divergenceShortUpLongDown": false
  },
  "returnZMin5": -0.48237884167625183,
  "wickClosePct": 0,
  "wickUpper": 0,
  "wickLower": 0,
  "wickRatio": 0,
  "donchianBreakout15": false,
  "bbWidthPercentile15": 0.06493506493506493,
  "signedMin5": 4258.24,
  "signedMin5Z": 3.9636819128466176,
  "signedMin1": 12088.839999999998,
  "signedMin1Z": 11.70737475782271,
  "streakMin1": {
    "upStreak": 0,
    "downStreak": 1
  },
  "streakMin5": {
    "upStreak": 0,
    "downStreak": 1
  },
  "rvolPercentileMin1": 0.7152777777777778,
  "rvolPercentileMin5": 0.4826388888888889,
  "perTfMetrics": {
    "min1": {
      "sma20": 3.4168999999999996,
      "sma50": 3.3806799999999995,
      "ema20": 3.413073862095908,
      "ema50": 3.3857647106517303,
      "vwma20": 3.4348724522401266,
      "hma21": 3.41526406926407,
      "atr14": 0.039714285714285716,
      "atrPercentile": 0.998992950654582,
      "rvolZ": -0.009991621211718718,
      "rvolPercentile": 0.7152777777777778,
      "mfi14": 84.13570245472147,
      "ppo": {
        "ppo": 0.3080868019641623,
        "signal": 0.33799889587536736,
        "histogram": -0.02991209391120503
      },
      "stochRsi": {
        "k": 61.990683808459345,
        "d": 53.23698172123786
      },
      "vprofile": {
        "vpBins": [
          0.013828882692811566,
          0.016853438605125136,
          0.07322455179275149,
          0.10361318818004613,
          0.07347704108244377,
          0.015297750209687929,
          0.0584395320266053,
          0.03034057482951991,
          0.015234627887264865,
          0.029211681926395828,
          0.2461679766947956,
          0.08766250952648735,
          0.02332292294890658,
          0.11571141182930042,
          0.09761390976785828,
          0,
          0,
          0,
          0,
          0
        ],
        "currentBinShare": 0.02332292294890658
      },
      "ttm": {
        "squeeze": false,
        "release": false,
        "widthPct": 2.346244311213432
      }
    },
    "min5": {
      "sma20": 3.409,
      "sma50": 3.376499999999999,
      "ema20": 3.4046873455727056,
      "ema50": 3.372030757098202,
      "vwma20": 3.4121933164961886,
      "hma21": 3.41139393939394,
      "atr14": 0.03114285714285717,
      "atrPercentile": 0.8722627737226277,
      "rvolZ": -0.2391424049388016,
      "rvolPercentile": 0.4826388888888889,
      "mfi14": 67.95797170850038,
      "ppo": {
        "ppo": 0.4290645941191675,
        "signal": 0.4541648955049276,
        "histogram": -0.025100301385760138
      },
      "stochRsi": {
        "k": 1.939072019996654,
        "d": 49.17697358375326
      },
      "vprofile": {
        "vpBins": [
          0.004177123098428061,
          0.007431991186170354,
          0.02826728864837961,
          0.025671096288182444,
          0.07256477538085934,
          0.14190374724000157,
          0.10100463489001334,
          0.083624206060507,
          0.01707470592562923,
          0.04795998535872487,
          0.00911918924393073,
          0.20935951687425128,
          0.13627394080092864,
          0.11151456361824785,
          0.004053235385745829,
          0,
          0,
          0,
          0,
          0
        ],
        "currentBinShare": 0.11151456361824785
      },
      "ttm": {
        "squeeze": false,
        "release": false,
        "widthPct": 2.1418324123869135
      }
    },
    "min15": {
      "sma20": 3.3978,
      "sma50": 3.3405999999999993,
      "ema20": 3.3970577790810266,
      "ema50": 3.3539565383686667,
      "vwma20": 3.4006378661246774,
      "hma21": 3.4298311688311687,
      "atr14": 0.04007142857142863,
      "atrPercentile": 0.7926829268292683,
      "rvolZ": -0.3634685330461294,
      "rvolPercentile": 0.16666666666666666,
      "mfi14": 61.50365134198288,
      "ppo": {
        "ppo": 0.6648655172214503,
        "signal": 0.6764462075574184,
        "histogram": -0.011580690335968091
      },
      "stochRsi": {
        "k": 60.570719791557714,
        "d": 55.1509485399394
      },
      "vprofile": {
        "vpBins": [
          0.005923450255137321,
          0.01718172706869422,
          0.05154191247132943,
          0.05507440897504044,
          0.06055733436189519,
          0.026762388630435337,
          0.06017363519009203,
          0.01992821858481889,
          0.05369475146803906,
          0.031629534678007,
          0.4096177239850201,
          0.04019864855418833,
          0.12553349522789872,
          0.03649290910855569,
          0.005689861440848222,
          0,
          0,
          0,
          0,
          0
        ],
        "currentBinShare": 0.12553349522789872
      },
      "ttm": {
        "squeeze": false,
        "release": false,
        "widthPct": 3.2646925721692663
      }
    },
    "hourly": {
      "sma20": 3.34985,
      "sma50": 3.2801799999999997,
      "ema20": 3.354664747932545,
      "ema50": 3.2997328666277657,
      "vwma20": 3.373159384016643,
      "hma21": 3.429839826839827,
      "atr14": 0.07200000000000004,
      "atrPercentile": 0.906832298136646,
      "rvolZ": -0.3870585342268731,
      "rvolPercentile": 0.30952380952380953,
      "mfi14": 91.04748494093718,
      "ppo": {
        "ppo": 1.237201709483037,
        "signal": 1.124046251616762,
        "histogram": 0.11315545786627501
      },
      "stochRsi": {
        "k": 19.953545198286587,
        "d": 57.59057604664659
      },
      "vprofile": {
        "vpBins": [
          0,
          0.006943908801447139,
          0,
          0.004197541892531453,
          0.019113421843984305,
          0.035625723118046376,
          0.004839340026747316,
          0.02550039554073984,
          0.024867186781981902,
          0.13932044297127114,
          0.23214204421982265,
          0.16578336392582566,
          0.09348032045241962,
          0.02882886442443884,
          0.07397290395618045,
          0.1419164958096732,
          0.0034680462348902156,
          0,
          0,
          0
        ],
        "currentBinShare": 0.0034680462348902156
      },
      "ttm": {
        "squeeze": false,
        "release": false,
        "widthPct": 6.357445250794076
      }
    },
    "fourHour": {
      "sma20": 3.259199999999999,
      "sma50": 3.21116,
      "ema20": 3.2852745592944244,
      "ema50": 3.311320763058349,
      "vwma20": 3.304774768705427,
      "hma21": 3.3342337662337664,
      "atr14": 0.11771428571428566,
      "atrPercentile": 0.5142857142857142,
      "rvolZ": 3.8897801860869667,
      "rvolPercentile": 0.9880952380952381,
      "mfi14": 84.97043046312038,
      "ppo": {
        "ppo": 1.1509761916226122,
        "signal": 0.466413120943356,
        "histogram": 0.6845630706792563
      },
      "stochRsi": {
        "k": 83.78395352715313,
        "d": 65.27392903919545
      },
      "vprofile": {
        "vpBins": [
          0,
          0,
          0.014583657698279405,
          0.0690864545730896,
          0.05699285491276353,
          0.36554748923019653,
          0.1610216236252835,
          0.06612611676925109,
          0.08238200936213426,
          0.005312946574001985,
          0.0075954755766444474,
          0.0408366614366575,
          0.012489395474405423,
          0.015273420713962801,
          0.01109118795805029,
          0.012422751938579151,
          0.03242946081798092,
          0.02173334270956743,
          0.025075150629152245,
          0
        ],
        "currentBinShare": 0.08238200936213426
      },
      "ttm": {
        "squeeze": false,
        "release": false,
        "widthPct": 10.329246388865373
      }
    },
    "daily": {
      "sma20": 3.64565,
      "sma50": 4.595540000000001,
      "ema20": 3.6546107734698006,
      "ema50": 4.745480653190169,
      "vwma20": 0,
      "hma21": 2.7365670995671008,
      "atr14": 0.2991428571428572,
      "atrPercentile": 0.02631578947368421,
      "rvolZ": 0,
      "rvolPercentile": 1,
      "mfi14": 50,
      "ppo": {
        "ppo": -11.908460394946612,
        "signal": -12.895410408221885,
        "histogram": 0.9869500132752727
      },
      "stochRsi": {
        "k": 88.28059725573382,
        "d": 29.95512541094458
      },
      "vprofile": {
        "vpBins": [
          0,
          0,
          0,
          0,
          0,
          0,
          0,
          0,
          0,
          0,
          0,
          0,
          0,
          0,
          0,
          0,
          0,
          0,
          0,
          0
        ],
        "currentBinShare": 0
      },
      "ttm": {
        "squeeze": false,
        "release": false,
        "widthPct": 58.38230079020883
      }
    }
  },
  "smaMin5": 3.409,
  "emaMin5": 3.4046873455727056,
  "vwmaMin5": 3.4121933164961886,
  "hmaMin5": 3.41139393939394,
  "keltner15": {
    "upper": 3.4611077790810265,
    "middle": 3.3970577790810266,
    "lower": 3.3330077790810266
  },
  "superTrend15": {
    "isBull": false,
    "finalUpper": 3.5586000000000007,
    "finalLower": 3.3024
  },
  "mfi15": 61.50365134198288,
  "stochRsi15": {
    "k": 60.570719791557714,
    "d": 55.1509485399394
  },
  "ppo15": {
    "ppo": 0.6648655172214503,
    "signal": 0.6764462075574184,
    "histogram": -0.011580690335968091
  },
  "vpMin15": {
    "vpBins": [
      0.005923450255137321,
      0.01718172706869422,
      0.05154191247132943,
      0.05507440897504044,
      0.06055733436189519,
      0.026762388630435337,
      0.06017363519009203,
      0.01992821858481889,
      0.05369475146803906,
      0.031629534678007,
      0.4096177239850201,
      0.04019864855418833,
      0.12553349522789872,
      0.03649290910855569,
      0.005689861440848222,
      0,
      0,
      0,
      0,
      0
    ],
    "currentBinShare": 0.12553349522789872
  },
  "ttm15": {
    "squeeze": false,
    "release": false,
    "widthPct": 3.2646925721692663
  },
  "marketCorrelation": {
    "hourly": {
      "btcCorrelation": 0,
      "ethCorrelation": 0,
      "btcBeta": 1,
      "ethBeta": 1,
      "btcTrend": "UNKNOWN",
      "ethTrend": "UNKNOWN",
      "tokenVol": 0,
      "btcVol": 0,
      "ethVol": 0,
      "marketDependence": 0,
      "verdict": "INSUFFICIENT_DATA"
    },
    "min15": {
      "btcCorrelation": 0,
      "ethCorrelation": 0,
      "btcBeta": 1,
      "ethBeta": 1,
      "btcTrend": "UNKNOWN",
      "ethTrend": "UNKNOWN",
      "tokenVol": 0,
      "btcVol": 0,
      "ethVol": 0,
      "marketDependence": 0,
      "verdict": "INSUFFICIENT_DATA"
    },
    "daily": {
      "btcCorrelation": 0,
      "ethCorrelation": 0,
      "btcBeta": 1,
      "ethBeta": 1,
      "btcTrend": "UNKNOWN",
      "ethTrend": "UNKNOWN",
      "tokenVol": 0,
      "btcVol": 0,
      "ethVol": 0,
      "marketDependence": 0,
      "verdict": "INSUFFICIENT_DATA"
    }
  },
  "tradeTape": {
    "totalTrades": 0,
    "totalVolume": 0,
    "buysVolume": 0,
    "sellsVolume": 0,
    "buySellRatio": 0.5,
    "vwap": 0,
    "signedVolume": 0,
    "avgTradeSize": 0,
    "tradesPerSec": 0,
    "cumulativeDelta": 0,
    "tradesLast1m": 0,
    "tradesLast5m": 0,
    "tradesLast15m": 0,
    "tradesLast1h": 0,
    "buyVWAP": 0,
    "sellVWAP": 0,
    "aggressorVWAP": 0,
    "bucketDurationMs": 60000,
    "bucketCount": 15,
    "bucketSignedVolumes": [],
    "bucketVolumes": [],
    "bucketVWAPs": [],
    "latestBucketSignedZ": 0
  },
  "enhancedMetrics": {
    "relativeVolumeZScore": -1,
    "volumePercentile": 40,
    "atrPercentile": 87.59124087591242,
    "volatilityPercentile": 54.74683544303798,
    "relativeVolatilityRatio": 0.8267914346637844,
    "isHighVolume": false,
    "isHighVolatility": false,
    "isLowVolatility": false,
    "isExpandingVolatility": false,
    "isContractingVolatility": false
  },
  "orderBook": {
    "bidAskSpread": 0,
    "spreadPct": 0,
    "midPrice": 0,
    "bestBid": 0,
    "bestAsk": 0,
    "bidDepth": 0,
    "askDepth": 0,
    "orderBookImbalance": 0,
    "liquidityScore": 0,
    "depthAt1Pct": {
      "bidVolume": 0,
      "askVolume": 0,
      "imbalance": 0
    },
    "depthAt2Pct": {
      "bidVolume": 0,
      "askVolume": 0,
      "imbalance": 0
    },
    "depthAt5Pct": {
      "bidVolume": 0,
      "askVolume": 0,
      "imbalance": 0
    },
    "weightedMidPrice": 0,
    "volumeWeightedSpread": 0,
    "totalBidLevels": 0,
    "totalAskLevels": 0
  },
  "marketCap": {
    "marketCap": 0,
    "totalVolume24h": 0,
    "volumeToMarketCapRatio": 0,
    "marketCapRank": 0,
    "normalizedRank": 0,
    "isHighLiquidity": false,
    "isVeryHighLiquidity": false,
    "isLowLiquidity": true,
    "liquidityTier": "VERY_LOW"
  },
  "sweeps": {
    "sweepScore": 0,
    "sweepCount": 0,
    "sweepDirection": "NEUTRAL",
    "buySweeps": 0,
    "sellSweeps": 0,
    "avgSweepSize": 0,
    "avgSweepIntensity": 0,
    "bidLiftRatio": 0,
    "askLiftRatio": 0,
    "sweepFrequency": 0,
    "largestSweep": null,
    "recentSweepClusters": 0,
    "sweepDetails": []
  },
  "absorption": {
    "absorptionScore": 0,
    "absorptionLevel": null,
    "absorptionSide": "NONE",
    "icebergProbability": 0,
    "hiddenLiquidityEstimate": 0,
    "volumeAtPrice": {},
    "topAbsorptionLevels": [],
    "persistenceDuration": 0,
    "refillDetected": false
  },
  "orderArrival": {
    "avgInterArrivalTime": 0,
    "recentInterArrivalTime": 0,
    "accelerationRatio": 1,
    "hawkesIntensity": 0,
    "hawkesDirection": "NEUTRAL",
    "clusteringScore": 0,
    "burstCount": 0,
    "cascadeDetected": false,
    "timeToNextTrade": 0,
    "accelerationTrend": "STABLE"
  },
  "liquidityVacuum": {
    "vacuumScore": 0,
    "vacuumSide": "NONE",
    "bidVacuumSeverity": 0,
    "askVacuumSeverity": 0,
    "depthConcentration": 0,
    "priceImpact10k": 0,
    "priceImpact50k": 0,
    "priceImpact100k": 0,
    "largestGapBid": 0,
    "largestGapAsk": 0,
    "avgGapBid": 0,
    "avgGapAsk": 0,
    "bidCliffDistance": 0,
    "askCliffDistance": 0
  },
  "volatilityRegime": {
    "regime": "BELOW_NORMAL",
    "regimeScore": -0.5,
    "currentATR": 0.299308,
    "avgATR": 0.447274,
    "atrPercentile": 1.3,
    "realizedVolatility": 98.49,
    "volPercentile": 62.7,
    "expanding": false,
    "contracting": true,
    "transitionProbability": 0.4,
    "daysInRegime": 1,
    "regimeStrength": 0.8
  },
  "temporalPatterns": {
    "currentHour": 19,
    "currentDay": 0,
    "currentDayName": "Sunday",
    "dayBias": "NEUTRAL",
    "hourlyProfile": [
      {
        "avgVolume": 514.86,
        "avgATR": 0.070143,
        "avgReturn": -0.538
      },
      {
        "avgVolume": 626.34,
        "avgATR": 0.073692,
        "avgReturn": -0.069
      },
      {
        "avgVolume": 483.16,
        "avgATR": 0.036286,
        "avgReturn": 0.385
      },
      {
        "avgVolume": 571.78,
        "avgATR": 0.034071,
        "avgReturn": -0.24
      },
      {
        "avgVolume": 553.61,
        "avgATR": 0.03,
        "avgReturn": 0.368
      },
      {
        "avgVolume": 356.34,
        "avgATR": 0.024,
        "avgReturn": 0.141
      },
      {
        "avgVolume": 884.82,
        "avgATR": 0.045357,
        "avgReturn": -0.221
      },
      {
        "avgVolume": 155.5,
        "avgATR": 0.019071,
        "avgReturn": 0.189
      },
      {
        "avgVolume": 174.6,
        "avgATR": 0.026364,
        "avgReturn": 0.349
      },
      {
        "avgVolume": 378.97,
        "avgATR": 0.0486,
        "avgReturn": 0.318
      },
      {
        "avgVolume": 577.14,
        "avgATR": 0.045786,
        "avgReturn": -0.226
      },
      {
        "avgVolume": 600.72,
        "avgATR": 0.041733,
        "avgReturn": -0.176
      },
      {
        "avgVolume": 1642.66,
        "avgATR": 0.0562,
        "avgReturn": 0.092
      },
      {
        "avgVolume": 854.54,
        "avgATR": 0.065933,
        "avgReturn": -0.534
      },
      {
        "avgVolume": 901.72,
        "avgATR": 0.055667,
        "avgReturn": -0.67
      },
      {
        "avgVolume": 435.45,
        "avgATR": 0.061786,
        "avgReturn": 0.476
      },
      {
        "avgVolume": 421.76,
        "avgATR": 0.061,
        "avgReturn": -0.371
      },
      {
        "avgVolume": 636.08,
        "avgATR": 0.054,
        "avgReturn": -0.383
      },
      {
        "avgVolume": 1430.34,
        "avgATR": 0.047643,
        "avgReturn": 0.439
      },
      {
        "avgVolume": 394.91,
        "avgATR": 0.040143,
        "avgReturn": 0.153
      },
      {
        "avgVolume": 488.91,
        "avgATR": 0.029,
        "avgReturn": -0.321
      },
      {
        "avgVolume": 278.94,
        "avgATR": 0.031071,
        "avgReturn": -0.11
      },
      {
        "avgVolume": 855.48,
        "avgATR": 0.031308,
        "avgReturn": 0.364
      },
      {
        "avgVolume": 394.37,
        "avgATR": 0.031429,
        "avgReturn": -0.539
      }
    ],
    "dailyProfile": [
      {
        "avgVolume": 1031.71,
        "avgATR": 0.046267,
        "avgReturn": -0.437
      },
      {
        "avgVolume": 669.95,
        "avgATR": 0.048283,
        "avgReturn": 0.005
      },
      {
        "avgVolume": 450.51,
        "avgATR": 0.041234,
        "avgReturn": 0.14
      },
      {
        "avgVolume": 817.48,
        "avgATR": 0.048981,
        "avgReturn": 0.101
      },
      {
        "avgVolume": 540.88,
        "avgATR": 0.046896,
        "avgReturn": -0.167
      },
      {
        "avgVolume": 368.02,
        "avgATR": 0.047511,
        "avgReturn": -0.052
      },
      {
        "avgVolume": 432.85,
        "avgATR": 0.031958,
        "avgReturn": -0.007
      }
    ],
    "favorableHours": [
      12,
      18,
      14,
      6,
      22,
      13
    ],
    "favorableWindow": false,
    "currentVsAvgVolume": 0,
    "currentVsAvgVolatility": 0,
    "anomalyDetected": true,
    "timeUntilFavorable": 3,
    "temporalScore": 0
  },
  "unifiedMicrostructure": {
    "signalDirections": {
      "vpin": "NEUTRAL",
      "sweeps": "NEUTRAL",
      "absorption": "NEUTRAL",
      "arrival": "NEUTRAL",
      "vacuum": "NONE",
      "volRegime": "FAVORABLE",
      "temporal": "UNFAVORABLE"
    },
    "consensusDirection": "NEUTRAL",
    "consensusStrength": 50,
    "bullishSignals": 1,
    "bearishSignals": 1,
    "neutralSignals": 0,
    "totalAvailableSignals": 2,
    "dominantPattern": "NONE",
    "clusters": {
      "strongBuyCluster": false,
      "distributionPattern": false,
      "accumulationPattern": false,
      "momentumCascade": false
    },
    "adaptiveWeights": {
      "vpin": 0,
      "sweeps": 0,
      "absorption": 0,
      "arrival": 0,
      "vacuum": 0,
      "volRegime": 0.021,
      "temporal": 0.02
    },
    "convictionLevel": "LOW",
    "convictionScore": 30,
    "riskAdjustment": "REDUCE",
    "timingQuality": "UNFAVORABLE",
    "signalQuality": "LOW"
  },
  "deltaAnalysis": {
    "currentDelta": 0,
    "cumulativeDelta": 0,
    "deltaPerVolume": 0,
    "deltaDirection": "NEUTRAL",
    "deltaDivergence": false,
    "institutionalRatio": 0,
    "aggressionScore": 0
  },
  "volumeProfile": {
    "pointOfControl": 0,
    "valueAreaHigh": 0,
    "valueAreaLow": 0,
    "currentPosition": "ABOVE_VALUE_AREA",
    "volumeNodes": [],
    "airPockets": []
  },
  "momentumCascade": {
    "cascadeDetected": false,
    "alignmentScore": 0.002443355634676405,
    "cascadeStrength": 0,
    "acceleratingTimeframes": [
      "15m"
    ],
    "divergingTimeframes": [
      "1m",
      "5m",
      "1h"
    ]
  },
  "breakoutConfirmation": {
    "breakoutConfirmed": false,
    "volumeConfirmation": false,
    "retestStrength": 0,
    "falseBreakoutRisk": 0,
    "breakoutQuality": "NO_BREAKOUT"
  },
  "liquidityHeatmap": {
    "liquidityScore": 0,
    "magnetDirection": "NONE",
    "magnetStrength": 0,
    "priceTarget5pct": null,
    "message": "No order book data"
  },
  "smartMoneyDivergence": {
    "divergenceDetected": false,
    "divergenceDirection": "NONE",
    "smartMoneyScore": 0.5,
    "message": "Insufficient trade data"
  },
  "microstructure": {
    "raw": -0.045656010348332256,
    "pct": 49,
    "summary": {
      "latestBucketSignedZ": 0,
      "buySellRatio": 0.5,
      "tradesPerSec": 0,
      "vwap": 0,
      "aggressorVWAP": 0,
      "vpinToxicity": "UNKNOWN",
      "sweepDirection": "NEUTRAL",
      "absorptionSide": "NONE",
      "icebergDetected": false,
      "hawkesDirection": "NEUTRAL",
      "cascadeDetected": false,
      "vacuumSide": "NONE",
      "volatilityRegime": "BELOW_NORMAL",
      "volExpanding": false,
      "favorableTimeWindow": false,
      "temporalAnomaly": true,
      "consensusDirection": "NEUTRAL",
      "consensusStrength": 50,
      "dominantPattern": "NONE",
      "convictionLevel": "LOW",
      "riskAdjustment": "REDUCE",
      "timingQuality": "UNFAVORABLE",
      "deltaDirection": "NEUTRAL",
      "deltaDivergence": false,
      "institutionalRatio": 0,
      "volumeProfilePosition": "ABOVE_VALUE_AREA",
      "pointOfControl": 0,
      "momentumCascadeDetected": false,
      "cascadeStrength": 0,
      "breakoutQuality": "NO_BREAKOUT",
      "breakoutConfirmed": false,
      "magnetDirection": "NONE",
      "magnetStrength": 0,
      "priceTarget5pct": null,
      "nearestBidWall": 0,
      "nearestAskWall": 0,
      "divergenceDetected": false,
      "divergenceDirection": "NONE",
      "whaleAccumulation": false,
      "whaleDistribution": false,
      "retailPanic": false,
      "smartMoneyScore": 0.5
    }
  }
}

=== MICROSTRUCTURE ALERTS ===

🔬 VPIN: Insufficient data for VPIN analysis

🌊 SWEEP DETECTION: No significant sweeps detected

🧊 ABSORPTION & ICEBERG: No significant absorption or iceberg orders detected

⚡ ORDER ARRIVAL DYNAMICS: Insufficient trades for analysis

🌪️ LIQUIDITY VACUUM: No significant vacuum detected

📊 VOLATILITY REGIME DETECTION:
   Current Regime: BELOW_NORMAL
   Regime Score: -0.50 (-1=low vol, +1=extreme vol)
   Days in Regime: 1
   ATR: $0.299308 (avg: $0.447274)
   ATR Percentile: 1.3%
   Realized Volatility: 98.49% (annualized)
   Vol Percentile: 62.7%

   🟢 BELOW NORMAL VOLATILITY:
   ⚡ Consolidation phase - watch for expansion
   ✅ Good entry zone for patient trades

   📉 VOLATILITY CONTRACTING:
   🔄 Consolidation phase - accumulation likely
   ⏳ Wait for expansion before entering

   📍 MODERATE REGIME TRANSITION PROBABILITY: 40%
   Monitor for potential regime change

   ⚠️ NEW REGIME: Only 1 day(s) - conditions still settling

⏰ TEMPORAL PATTERN ANALYSIS:
   Current Time: Sunday 19:00 UTC
   Day Bias: NEUTRAL
   Current vs Avg Volume: 0x
   Current vs Avg Volatility: 0x

   ⏳ NON-FAVORABLE TIME WINDOW:
   This hour typically shows weaker activity
   Next favorable window in 3 hour(s)

   ⚠️ LOW ACTIVITY ANOMALY:
   Volume 0x below typical - Extremely quiet

   📉 LOW VOLATILITY ANOMALY:
   Volatility 0x below typical - Consolidation likely

   🔥 Best Trading Hours (UTC): 12:00, 18:00, 14:00

🎯 UNIFIED MICROSTRUCTURE INTEGRATION:
   Signal Consensus: NEUTRAL (50% agreement)
   Available Signals: 2 (1 bullish / 1 bearish / 0 neutral)
   Conviction Level: LOW (30%)
   Signal Quality: LOW
   Risk Adjustment: REDUCE
   Timing Quality: UNFAVORABLE

   ⚠️ LOW CONVICTION: Only 50% signal agreement
   Weak alignment - Reduce position size or wait for clarity

   ⚠️ RISK REDUCTION RECOMMENDED: Extreme volatility or unfavorable timing detected

   ⏰ UNFAVORABLE TIMING: Avoid trading during this hour

   Signal Directions Breakdown:
   • VPIN: NEUTRAL
   • Sweeps: NEUTRAL
   • Absorption: NEUTRAL
   • Arrival Dynamics: NEUTRAL
   • Liquidity Vacuum: NONE
   • Vol Regime: FAVORABLE
   • Temporal: UNFAVORABLE

   Adaptive Weights (Total: 4.1%):
   • VPIN: 0.0%
   • Sweeps: 0.0%
   • Absorption: 0.0%
   • Arrival: 0.0%
   • Vacuum: 0.0%
   • Vol Regime: 2.1%
   • Temporal: 2.0%


💹 DELTA ANALYSIS (Order Flow Aggression):
   Direction: NEUTRAL
   Delta Per Volume: 0.00%
   Institutional Ratio: 0.0%
   Aggression Score: 0.0%

📊 VOLUME PROFILE (Support/Resistance Strength):
   Point of Control (POC): $0.000000
   Value Area High: $0.000000
   Value Area Low: $0.000000
   Current Position: ABOVE_VALUE_AREA
   ⚠️ DISTRIBUTION RISK: Price above value area - potential rejection zone

⚡ MOMENTUM CASCADE (Multi-Timeframe Alignment):
   Cascade Detected: NO
   Alignment Score: 0.2%
   Cascade Strength: 0.0%
   Accelerating: 15m
   Diverging: 1m, 5m, 1h

💥 BREAKOUT CONFIRMATION:
   Quality: NO_BREAKOUT
   Volume Confirmation: NO
   Retest Strength: 0.0%
   False Breakout Risk: 0.0%
   No breakout detected - price below resistance


levels:
Entry=3.416154, StopLoss=3.31366938, TakeProfit=3.458569, 3.5009840000000003, 3.534916

---

=== Token: ZEN (ZEN) ===
Contract: ZEN-USD
Timestamp: 2025-03-19T15:40:00.000Z

Calculations:
{
  "momentumScore": 52.77076723861907,
  "volumeScore": 12.968750000000018,
  "patternScore": 59.33426094402233,
  "totalScore": 30.96412857499435,
  "finalScore": 30.96412857499435,
  "weights": "0.23,0.45,0.23",
  "hourlyUptrend": false,
  "rsi": 50,
  "ultraShortVolumeSurge": 2.3867862665726998,
  "baseVolumeSurge": 0.02052380272208602,
  "currentPrice": 9.49,
  "resistance": 9.599,
  "support": 9.343,
  "rocMin5": -0.002732240437158449,
  "shortROC": 0.0010548523206750828,
  "priceAcceleration": -0.0006831501418447525,
  "buySellRatio": 0.2532065200164823,
  "macdHistogram": -0.02396657069964353,
  "stochasticK": 57.42187500000004,
  "atr": 0.02771428571428558,
  "bbUpper": 9.599174113613493,
  "bbLower": 9.316425886386511,
  "hammerDetected": false,
  "engulfingDetected": false,
  "compressionSpring": {
    "detected": true,
    "confidence": 66,
    "signals": {
      "sidewaysPrice": true,
      "atrCompression": true,
      "bbSqueeze": true,
      "consolidationTime": true,
      "strongBuying": false,
      "obvPositive": false,
      "chaikinPositive": false,
      "rsiNeutral": true,
      "volumeBuilding": false
    },
    "metrics": {
      "priceRange": 2.74,
      "atrRatio": 0.396,
      "bbWidth": 2.99,
      "volumeRatio": 0.614,
      "signalCount": 5,
      "buySellRatio": 0.253
    }
  },
  "riskTier": "LOW",
  "atrPercent": 0.8572933915399638,
  "distanceToResistance": 1.148577449947313,
  "slPercent": 2.5,
  "tpPercent": 0.976290832455216,
  "trailingActivation": 0.5857744994731295,
  "shortMomentumScore": 50,
  "overboughtScore": 0,
  "shortPatternScore": 0,
  "shootingStarDetected": false,
  "bearishEngulfingDetected": false,
  "eveningStarDetected": false,
  "bearishPatternsCount": 0,
  "shortTotalScore": 20,
  "chaikin": 0.0898072361472702,
  "obvIncreasing": false,
  "obvTrend": "declining",
  "adx": 0.8547008547003755,
  "recentCandles": {
    "redCount": 7,
    "greenCount": 3
  },
  "resistanceDistance": 1.148577449947313,
  "multiplePatterns": false,
  "bullishPattern": false,
  "priceAboveVWAP": true,
  "breakingResistance": false,
  "atrSufficient": false,
  "macdDivergenceBearish": false,
  "rvolMin1": 0.7590672661910289,
  "rvolMin5": -0.04864251768772845,
  "atrPercentileOld": 0.7682926829268293,
  "vwapDeviation": 3.5368772374820328,
  "bbWidthPercent": 2.9895771450758297,
  "bbSqueeze": true,
  "multiTFMomentum": {
    "min1": {
      "roc1": -0.002420288330001019,
      "roc3": -0.0017900389596714184
    },
    "min5": {
      "roc1": 0.0010548523206750828,
      "roc3": -0.0007370748657470436
    },
    "min15": {
      "roc1": -0.0007370748657470436,
      "roc3": -0.0022079697192723185
    },
    "hourly": {
      "roc1": -0.003992435385585234,
      "roc3": 0.004662992793556643
    },
    "fourHour": {
      "roc1": -0.002420288330001019,
      "roc3": 0.027085590465872156
    },
    "divergenceShortUpLongDown": true
  },
  "returnZMin5": 0.18632736013737844,
  "wickClosePct": 0,
  "wickUpper": 0.02200000000000024,
  "wickLower": 0,
  "wickRatio": 2.0000000000001616,
  "donchianBreakout15": false,
  "bbWidthPercentile15": 0.5584415584415584,
  "signedMin5": -8527.036,
  "signedMin5Z": -11.63984457860274,
  "signedMin1": -6918.682999999999,
  "signedMin1Z": -11.699547895476908,
  "streakMin1": {
    "upStreak": 0,
    "downStreak": 1
  },
  "streakMin5": {
    "upStreak": 0,
    "downStreak": 4
  },
  "rvolPercentileMin1": 0.9555555555555556,
  "rvolPercentileMin5": 0.8298611111111112,
  "perTfMetrics": {
    "min1": {
      "sma20": 9.511549999999998,
      "sma50": 9.508780000000003,
      "ema20": 9.507007645018245,
      "ema50": 9.502001018922106,
      "vwma20": 9.496335213215001,
      "hma21": 9.506194805194806,
      "atr14": 0.019571428571428382,
      "atrPercentile": 0.25478348439073517,
      "rvolZ": 0.7590672661910289,
      "rvolPercentile": 0.9555555555555556,
      "mfi14": 24.888037192243033,
      "ppo": {
        "ppo": -0.04763299021176669,
        "signal": -0.008625232292863964,
        "histogram": -0.03900775791890272
      },
      "stochRsi": {
        "k": 6.324832214768253,
        "d": 45.47683067683082
      },
      "vprofile": {
        "vpBins": [
          0.014747078577620332,
          0.055342230463448376,
          0.01179111461541862,
          0.10533453501754461,
          0.043334780869875106,
          0.0020008996721522323,
          0.006597651607820649,
          0.012252338946626595,
          0.02056237380808512,
          0.004065481461930402,
          0.0009294825846783754,
          0.015282368435508308,
          0.033391578117400844,
          0.04317132591444338,
          0.029723052708863943,
          0.3437492463654717,
          0.18460185655353883,
          0.05969359062304473,
          0.00914020516276496,
          0.0042888084937625845
        ],
        "currentBinShare": 0.3437492463654717
      },
      "ttm": {
        "squeeze": false,
        "release": true,
        "widthPct": 0.6185639941218584
      }
    },
    "min5": {
      "sma20": 9.511199999999999,
      "sma50": 9.474560000000002,
      "ema20": 9.499818454722337,
      "ema50": 9.4494800890153,
      "vwma20": 9.490573387274138,
      "hma21": 9.503688311688313,
      "atr14": 0.02771428571428558,
      "atrPercentile": 0.10583941605839416,
      "rvolZ": -0.04864251768772845,
      "rvolPercentile": 0.8298611111111112,
      "mfi14": 18.577696972159316,
      "ppo": {
        "ppo": 0.08618347195704655,
        "signal": 0.17432041644974744,
        "histogram": -0.08813694449270089
      },
      "stochRsi": {
        "k": 52.726350494547155,
        "d": 44.722222222222484
      },
      "vprofile": {
        "vpBins": [
          0.011887864225897294,
          0.024044904409556245,
          0.2401550993673775,
          0.01995165247099641,
          0.005293903765116933,
          0.25090014606458083,
          0.11041237451241796,
          0.01829834138454337,
          0.013364999404994077,
          0.026587929864006776,
          0.029173845039351616,
          0.24514155447761737,
          0.0047873850135435,
          0,
          0,
          0,
          0,
          0,
          0,
          0
        ],
        "currentBinShare": 0.24514155447761737
      },
      "ttm": {
        "squeeze": true,
        "release": false,
        "widthPct": 0.8656322102952221
      }
    },
    "min15": {
      "sma20": 9.457800000000002,
      "sma50": 9.285960000000001,
      "ema20": 9.440557276845455,
      "ema50": 9.31094013922648,
      "vwma20": 9.479398870441214,
      "hma21": 9.558238095238094,
      "atr14": 0.08135714285714256,
      "atrPercentile": 0.7682926829268293,
      "rvolZ": 0.8523864956614895,
      "rvolPercentile": 0.9375,
      "mfi14": 9.84353842322156,
      "ppo": {
        "ppo": 0.7511602923311717,
        "signal": 0.8315825461835697,
        "histogram": -0.0804222538523981
      },
      "stochRsi": {
        "k": 11.939620054263095,
        "d": 53.40466657510796
      },
      "vprofile": {
        "vpBins": [
          0.014363557627067352,
          0.01400748693768125,
          0.33110327021190944,
          0.023141869973475615,
          0.008123773100449412,
          0.20899811989317668,
          0.10178706354739142,
          0.019848516742035548,
          0.009820706968147056,
          0.008277140301320044,
          0.037586518129479725,
          0.21507001490531294,
          0.00787196166255343,
          0,
          0,
          0,
          0,
          0,
          0,
          0
        ],
        "currentBinShare": 0.21507001490531294
      },
      "ttm": {
        "squeeze": false,
        "release": false,
        "widthPct": 2.9895771450758297
      }
    },
    "hourly": {
      "sma20": 9.20465,
      "sma50": 9.222719999999999,
      "ema20": 9.264794878469159,
      "ema50": 9.243989876599096,
      "vwma20": 9.249490530928957,
      "hma21": 9.432437229437227,
      "atr14": 0.13057142857142828,
      "atrPercentile": 0.2577639751552795,
      "rvolZ": -0.042405985338469135,
      "rvolPercentile": 0.8184523809523809,
      "mfi14": 80.31777193994283,
      "ppo": {
        "ppo": 0.9975702594000718,
        "signal": 0.46117768168258877,
        "histogram": 0.536392577717483
      },
      "stochRsi": {
        "k": 76.75137351936024,
        "d": 69.33608305514751
      },
      "vprofile": {
        "vpBins": [
          0.012627699203888863,
          0.13936541268064268,
          0.37624256308751514,
          0.09603810439374764,
          0.03240231705911905,
          0.07110287731354023,
          0.09061887182110838,
          0,
          0.13934517235028826,
          0,
          0,
          0.04225698209014953,
          0,
          0,
          0,
          0,
          0,
          0,
          0,
          0
        ],
        "currentBinShare": 0.37624256308751514
      },
      "ttm": {
        "squeeze": false,
        "release": false,
        "widthPct": 8.041308803884291
      }
    },
    "fourHour": {
      "sma20": 9.338750000000001,
      "sma50": 9.157660000000002,
      "ema20": 9.273591310706912,
      "ema50": 9.370354338468564,
      "vwma20": 9.853878500224166,
      "hma21": 9.039043290043292,
      "atr14": 0.39557142857142835,
      "atrPercentile": 0.4142857142857143,
      "rvolZ": 0.15704210103311678,
      "rvolPercentile": 0.8452380952380952,
      "mfi14": 42.275151639068866,
      "ppo": {
        "ppo": -0.07052367520199485,
        "signal": -0.17908949969292481,
        "histogram": 0.10856582449092997
      },
      "stochRsi": {
        "k": 64.54658334417044,
        "d": 48.06993540280771
      },
      "vprofile": {
        "vpBins": [
          0,
          0.050466738689257565,
          0.09971654710705292,
          0.3895460407141819,
          0.11070203325984919,
          0.02098164085475532,
          0.298771581757851,
          0.029815417617051993,
          0,
          0,
          0,
          0,
          0,
          0,
          0,
          0,
          0,
          0,
          0,
          0
        ],
        "currentBinShare": 0.3895460407141819
      },
      "ttm": {
        "squeeze": true,
        "release": false,
        "widthPct": 19.19238105226297
      }
    },
    "daily": {
      "sma20": 10.321,
      "sma50": 12.41572,
      "ema20": 10.27107111780312,
      "ema50": 13.17571365714922,
      "vwma20": 0,
      "hma21": 7.748493506493506,
      "atr14": 1.5354999999999996,
      "atrPercentile": 0.19736842105263158,
      "rvolZ": 0,
      "rvolPercentile": 1,
      "mfi14": 50,
      "ppo": {
        "ppo": -10.740678506355554,
        "signal": -11.672943833233843,
        "histogram": 0.932265326878289
      },
      "stochRsi": {
        "k": 79.71656754749485,
        "d": 34.09537344218587
      },
      "vprofile": {
        "vpBins": [
          0,
          0,
          0,
          0,
          0,
          0,
          0,
          0,
          0,
          0,
          0,
          0,
          0,
          0,
          0,
          0,
          0,
          0,
          0,
          0
        ],
        "currentBinShare": 0
      },
      "ttm": {
        "squeeze": false,
        "release": false,
        "widthPct": 63.70591185854425
      }
    }
  },
  "smaMin5": 9.511199999999999,
  "emaMin5": 9.499818454722337,
  "vwmaMin5": 9.490573387274138,
  "hmaMin5": 9.503688311688313,
  "keltner15": {
    "upper": 9.561607276845455,
    "middle": 9.440557276845455,
    "lower": 9.319507276845455
  },
  "superTrend15": {
    "isBull": false,
    "finalUpper": 9.743599999999999,
    "finalLower": 9.259400000000001
  },
  "mfi15": 9.84353842322156,
  "stochRsi15": {
    "k": 11.939620054263095,
    "d": 53.40466657510796
  },
  "ppo15": {
    "ppo": 0.7511602923311717,
    "signal": 0.8315825461835697,
    "histogram": -0.0804222538523981
  },
  "vpMin15": {
    "vpBins": [
      0.014363557627067352,
      0.01400748693768125,
      0.33110327021190944,
      0.023141869973475615,
      0.008123773100449412,
      0.20899811989317668,
      0.10178706354739142,
      0.019848516742035548,
      0.009820706968147056,
      0.008277140301320044,
      0.037586518129479725,
      0.21507001490531294,
      0.00787196166255343,
      0,
      0,
      0,
      0,
      0,
      0,
      0
    ],
    "currentBinShare": 0.21507001490531294
  },
  "ttm15": {
    "squeeze": false,
    "release": false,
    "widthPct": 2.9895771450758297
  },
  "marketCorrelation": {
    "hourly": {
      "btcCorrelation": 0,
      "ethCorrelation": 0,
      "btcBeta": 1,
      "ethBeta": 1,
      "btcTrend": "UNKNOWN",
      "ethTrend": "UNKNOWN",
      "tokenVol": 0,
      "btcVol": 0,
      "ethVol": 0,
      "marketDependence": 0,
      "verdict": "INSUFFICIENT_DATA"
    },
    "min15": {
      "btcCorrelation": 0,
      "ethCorrelation": 0,
      "btcBeta": 1,
      "ethBeta": 1,
      "btcTrend": "UNKNOWN",
      "ethTrend": "UNKNOWN",
      "tokenVol": 0,
      "btcVol": 0,
      "ethVol": 0,
      "marketDependence": 0,
      "verdict": "INSUFFICIENT_DATA"
    },
    "daily": {
      "btcCorrelation": 0,
      "ethCorrelation": 0,
      "btcBeta": 1,
      "ethBeta": 1,
      "btcTrend": "UNKNOWN",
      "ethTrend": "UNKNOWN",
      "tokenVol": 0,
      "btcVol": 0,
      "ethVol": 0,
      "marketDependence": 0,
      "verdict": "INSUFFICIENT_DATA"
    }
  },
  "tradeTape": {
    "totalTrades": 0,
    "totalVolume": 0,
    "buysVolume": 0,
    "sellsVolume": 0,
    "buySellRatio": 0.5,
    "vwap": 0,
    "signedVolume": 0,
    "avgTradeSize": 0,
    "tradesPerSec": 0,
    "cumulativeDelta": 0,
    "tradesLast1m": 0,
    "tradesLast5m": 0,
    "tradesLast15m": 0,
    "tradesLast1h": 0,
    "buyVWAP": 0,
    "sellVWAP": 0,
    "aggressorVWAP": 0,
    "bucketDurationMs": 60000,
    "bucketCount": 15,
    "bucketSignedVolumes": [],
    "bucketVolumes": [],
    "bucketVWAPs": [],
    "latestBucketSignedZ": 0
  },
  "enhancedMetrics": {
    "relativeVolumeZScore": -1,
    "volumePercentile": 40,
    "atrPercentile": 10.948905109489052,
    "volatilityPercentile": 30.063291139240505,
    "relativeVolatilityRatio": 1.0909381131294067,
    "isHighVolume": false,
    "isHighVolatility": false,
    "isLowVolatility": false,
    "isExpandingVolatility": false,
    "isContractingVolatility": false
  },
  "orderBook": {
    "bidAskSpread": 0,
    "spreadPct": 0,
    "midPrice": 0,
    "bestBid": 0,
    "bestAsk": 0,
    "bidDepth": 0,
    "askDepth": 0,
    "orderBookImbalance": 0,
    "liquidityScore": 0,
    "depthAt1Pct": {
      "bidVolume": 0,
      "askVolume": 0,
      "imbalance": 0
    },
    "depthAt2Pct": {
      "bidVolume": 0,
      "askVolume": 0,
      "imbalance": 0
    },
    "depthAt5Pct": {
      "bidVolume": 0,
      "askVolume": 0,
      "imbalance": 0
    },
    "weightedMidPrice": 0,
    "volumeWeightedSpread": 0,
    "totalBidLevels": 0,
    "totalAskLevels": 0
  },
  "marketCap": {
    "marketCap": 0,
    "totalVolume24h": 0,
    "volumeToMarketCapRatio": 0,
    "marketCapRank": 0,
    "normalizedRank": 0,
    "isHighLiquidity": false,
    "isVeryHighLiquidity": false,
    "isLowLiquidity": true,
    "liquidityTier": "VERY_LOW"
  },
  "sweeps": {
    "sweepScore": 0,
    "sweepCount": 0,
    "sweepDirection": "NEUTRAL",
    "buySweeps": 0,
    "sellSweeps": 0,
    "avgSweepSize": 0,
    "avgSweepIntensity": 0,
    "bidLiftRatio": 0,
    "askLiftRatio": 0,
    "sweepFrequency": 0,
    "largestSweep": null,
    "recentSweepClusters": 0,
    "sweepDetails": []
  },
  "absorption": {
    "absorptionScore": 0,
    "absorptionLevel": null,
    "absorptionSide": "NONE",
    "icebergProbability": 0,
    "hiddenLiquidityEstimate": 0,
    "volumeAtPrice": {},
    "topAbsorptionLevels": [],
    "persistenceDuration": 0,
    "refillDetected": false
  },
  "orderArrival": {
    "avgInterArrivalTime": 0,
    "recentInterArrivalTime": 0,
    "accelerationRatio": 1,
    "hawkesIntensity": 0,
    "hawkesDirection": "NEUTRAL",
    "clusteringScore": 0,
    "burstCount": 0,
    "cascadeDetected": false,
    "timeToNextTrade": 0,
    "accelerationTrend": "STABLE"
  },
  "liquidityVacuum": {
    "vacuumScore": 0,
    "vacuumSide": "NONE",
    "bidVacuumSeverity": 0,
    "askVacuumSeverity": 0,
    "depthConcentration": 0,
    "priceImpact10k": 0,
    "priceImpact50k": 0,
    "priceImpact100k": 0,
    "largestGapBid": 0,
    "largestGapAsk": 0,
    "avgGapBid": 0,
    "avgGapAsk": 0,
    "bidCliffDistance": 0,
    "askCliffDistance": 0
  },
  "volatilityRegime": {
    "regime": "BELOW_NORMAL",
    "regimeScore": -0.5,
    "currentATR": 1.575385,
    "avgATR": 1.599941,
    "atrPercentile": 23.7,
    "realizedVolatility": 113.74,
    "volPercentile": 27.1,
    "expanding": false,
    "contracting": false,
    "transitionProbability": 0,
    "daysInRegime": 1,
    "regimeStrength": 0.54
  },
  "temporalPatterns": {
    "currentHour": 19,
    "currentDay": 0,
    "currentDayName": "Sunday",
    "dayBias": "NEUTRAL",
    "hourlyProfile": [
      {
        "avgVolume": 3225.36,
        "avgATR": 0.209571,
        "avgReturn": -0.346
      },
      {
        "avgVolume": 3108.39,
        "avgATR": 0.230143,
        "avgReturn": 0.179
      },
      {
        "avgVolume": 1548.56,
        "avgATR": 0.132714,
        "avgReturn": 0.14
      },
      {
        "avgVolume": 1481.03,
        "avgATR": 0.126786,
        "avgReturn": 0.146
      },
      {
        "avgVolume": 1414.9,
        "avgATR": 0.130643,
        "avgReturn": -0.017
      },
      {
        "avgVolume": 1005.58,
        "avgATR": 0.140357,
        "avgReturn": 0.129
      },
      {
        "avgVolume": 944.86,
        "avgATR": 0.1025,
        "avgReturn": -0.258
      },
      {
        "avgVolume": 3036.2,
        "avgATR": 0.152786,
        "avgReturn": 0.684
      },
      {
        "avgVolume": 1328.98,
        "avgATR": 0.167714,
        "avgReturn": -0.301
      },
      {
        "avgVolume": 664.04,
        "avgATR": 0.146143,
        "avgReturn": 0.513
      },
      {
        "avgVolume": 990.64,
        "avgATR": 0.137571,
        "avgReturn": -0.175
      },
      {
        "avgVolume": 2820.16,
        "avgATR": 0.151714,
        "avgReturn": -0.034
      },
      {
        "avgVolume": 1479.65,
        "avgATR": 0.174643,
        "avgReturn": -0.187
      },
      {
        "avgVolume": 1857.88,
        "avgATR": 0.212286,
        "avgReturn": -0.579
      },
      {
        "avgVolume": 2191.66,
        "avgATR": 0.265643,
        "avgReturn": -0.679
      },
      {
        "avgVolume": 4246.74,
        "avgATR": 0.210071,
        "avgReturn": 0.462
      },
      {
        "avgVolume": 2706.35,
        "avgATR": 0.225923,
        "avgReturn": -0.459
      },
      {
        "avgVolume": 7227.72,
        "avgATR": 0.664143,
        "avgReturn": 2.996
      },
      {
        "avgVolume": 10383.68,
        "avgATR": 0.660571,
        "avgReturn": -0.271
      },
      {
        "avgVolume": 6222.23,
        "avgATR": 0.260857,
        "avgReturn": -0.483
      },
      {
        "avgVolume": 4962.61,
        "avgATR": 0.190786,
        "avgReturn": -0.193
      },
      {
        "avgVolume": 2830.38,
        "avgATR": 0.243857,
        "avgReturn": -0.451
      },
      {
        "avgVolume": 6264.1,
        "avgATR": 0.245429,
        "avgReturn": -0.354
      },
      {
        "avgVolume": 1902.19,
        "avgATR": 0.140643,
        "avgReturn": -0.713
      }
    ],
    "dailyProfile": [
      {
        "avgVolume": 9093.44,
        "avgATR": 0.536854,
        "avgReturn": -0.003
      },
      {
        "avgVolume": 5107.23,
        "avgATR": 0.228167,
        "avgReturn": -0.189
      },
      {
        "avgVolume": 1941.37,
        "avgATR": 0.201937,
        "avgReturn": 0.073
      },
      {
        "avgVolume": 1436.32,
        "avgATR": 0.146362,
        "avgReturn": 0.219
      },
      {
        "avgVolume": 1629.02,
        "avgATR": 0.15625,
        "avgReturn": -0.134
      },
      {
        "avgVolume": 1781.81,
        "avgATR": 0.165313,
        "avgReturn": -0.004
      },
      {
        "avgVolume": 522.16,
        "avgATR": 0.116146,
        "avgReturn": -0.021
      }
    ],
    "favorableHours": [
      18,
      17,
      22,
      19,
      20,
      15
    ],
    "favorableWindow": true,
    "currentVsAvgVolume": 0,
    "currentVsAvgVolatility": 0,
    "anomalyDetected": true,
    "timeUntilFavorable": null,
    "temporalScore": 0.5
  },
  "unifiedMicrostructure": {
    "signalDirections": {
      "vpin": "NEUTRAL",
      "sweeps": "NEUTRAL",
      "absorption": "NEUTRAL",
      "arrival": "NEUTRAL",
      "vacuum": "NONE",
      "volRegime": "FAVORABLE",
      "temporal": "FAVORABLE"
    },
    "consensusDirection": "BULLISH",
    "consensusStrength": 100,
    "bullishSignals": 2,
    "bearishSignals": 0,
    "neutralSignals": 0,
    "totalAvailableSignals": 2,
    "dominantPattern": "NONE",
    "clusters": {
      "strongBuyCluster": false,
      "distributionPattern": false,
      "accumulationPattern": false,
      "momentumCascade": false
    },
    "adaptiveWeights": {
      "vpin": 0,
      "sweeps": 0,
      "absorption": 0,
      "arrival": 0,
      "vacuum": 0,
      "volRegime": 0.03,
      "temporal": 0.02
    },
    "convictionLevel": "HIGH",
    "convictionScore": 100,
    "riskAdjustment": "NORMAL",
    "timingQuality": "FAVORABLE",
    "signalQuality": "LOW"
  },
  "deltaAnalysis": {
    "currentDelta": 0,
    "cumulativeDelta": 0,
    "deltaPerVolume": 0,
    "deltaDirection": "NEUTRAL",
    "deltaDivergence": false,
    "institutionalRatio": 0,
    "aggressionScore": 0
  },
  "volumeProfile": {
    "pointOfControl": 0,
    "valueAreaHigh": 0,
    "valueAreaLow": 0,
    "currentPosition": "ABOVE_VALUE_AREA",
    "volumeNodes": [],
    "airPockets": []
  },
  "momentumCascade": {
    "cascadeDetected": false,
    "alignmentScore": -0.0007905269754366914,
    "cascadeStrength": 0,
    "acceleratingTimeframes": [],
    "divergingTimeframes": [
      "1m",
      "5m",
      "15m",
      "1h"
    ]
  },
  "breakoutConfirmation": {
    "breakoutConfirmed": false,
    "volumeConfirmation": false,
    "retestStrength": 0,
    "falseBreakoutRisk": 0,
    "breakoutQuality": "NO_BREAKOUT"
  },
  "liquidityHeatmap": {
    "liquidityScore": 0,
    "magnetDirection": "NONE",
    "magnetStrength": 0,
    "priceTarget5pct": null,
    "message": "No order book data"
  },
  "smartMoneyDivergence": {
    "divergenceDetected": false,
    "divergenceDirection": "NONE",
    "smartMoneyScore": 0.5,
    "message": "Insufficient trade data"
  },
  "microstructure": {
    "raw": -0.009544026609997232,
    "pct": 50,
    "summary": {
      "latestBucketSignedZ": 0,
      "buySellRatio": 0.5,
      "tradesPerSec": 0,
      "vwap": 0,
      "aggressorVWAP": 0,
      "vpinToxicity": "UNKNOWN",
      "sweepDirection": "NEUTRAL",
      "absorptionSide": "NONE",
      "icebergDetected": false,
      "hawkesDirection": "NEUTRAL",
      "cascadeDetected": false,
      "vacuumSide": "NONE",
      "volatilityRegime": "BELOW_NORMAL",
      "volExpanding": false,
      "favorableTimeWindow": true,
      "temporalAnomaly": true,
      "consensusDirection": "BULLISH",
      "consensusStrength": 100,
      "dominantPattern": "NONE",
      "convictionLevel": "HIGH",
      "riskAdjustment": "NORMAL",
      "timingQuality": "FAVORABLE",
      "deltaDirection": "NEUTRAL",
      "deltaDivergence": false,
      "institutionalRatio": 0,
      "volumeProfilePosition": "ABOVE_VALUE_AREA",
      "pointOfControl": 0,
      "momentumCascadeDetected": false,
      "cascadeStrength": 0,
      "breakoutQuality": "NO_BREAKOUT",
      "breakoutConfirmed": false,
      "magnetDirection": "NONE",
      "magnetStrength": 0,
      "priceTarget5pct": null,
      "nearestBidWall": 0,
      "nearestAskWall": 0,
      "divergenceDetected": false,
      "divergenceDirection": "NONE",
      "whaleAccumulation": false,
      "whaleDistribution": false,
      "retailPanic": false,
      "smartMoneyScore": 0.5
    }
  }
}

=== MICROSTRUCTURE ALERTS ===

🔬 VPIN: Insufficient data for VPIN analysis

🌊 SWEEP DETECTION: No significant sweeps detected

🧊 ABSORPTION & ICEBERG: No significant absorption or iceberg orders detected

⚡ ORDER ARRIVAL DYNAMICS: Insufficient trades for analysis

🌪️ LIQUIDITY VACUUM: No significant vacuum detected

📊 VOLATILITY REGIME DETECTION:
   Current Regime: BELOW_NORMAL
   Regime Score: -0.50 (-1=low vol, +1=extreme vol)
   Days in Regime: 1
   ATR: $1.575385 (avg: $1.599941)
   ATR Percentile: 23.7%
   Realized Volatility: 113.74% (annualized)
   Vol Percentile: 27.1%

   🟢 BELOW NORMAL VOLATILITY:
   ⚡ Consolidation phase - watch for expansion
   ✅ Good entry zone for patient trades

   ⚠️ NEW REGIME: Only 1 day(s) - conditions still settling

⏰ TEMPORAL PATTERN ANALYSIS:
   Current Time: Sunday 19:00 UTC
   Day Bias: NEUTRAL
   Current vs Avg Volume: 0x
   Current vs Avg Volatility: 0x

   ✅ FAVORABLE TIME WINDOW:
   This hour historically shows strong volume and positive returns
   GOOD time to trade - patterns favor entry

   ⚠️ LOW ACTIVITY ANOMALY:
   Volume 0x below typical - Extremely quiet

   📉 LOW VOLATILITY ANOMALY:
   Volatility 0x below typical - Consolidation likely

   🔥 Best Trading Hours (UTC): 18:00, 17:00, 22:00

🎯 UNIFIED MICROSTRUCTURE INTEGRATION:
   Signal Consensus: BULLISH (100% agreement)
   Available Signals: 2 (2 bullish / 0 bearish / 0 neutral)
   Conviction Level: HIGH (100%)
   Signal Quality: LOW
   Risk Adjustment: NORMAL
   Timing Quality: FAVORABLE

   ✅ HIGH CONVICTION: 100% of signals agree on direction
   Strong institutional alignment - Follow the smart money

   📊 NORMAL RISK LEVEL: Standard position sizing applies

   ⏰ FAVORABLE TIMING: Good time window for trading

   Signal Directions Breakdown:
   • VPIN: NEUTRAL
   • Sweeps: NEUTRAL
   • Absorption: NEUTRAL
   • Arrival Dynamics: NEUTRAL
   • Liquidity Vacuum: NONE
   • Vol Regime: FAVORABLE
   • Temporal: FAVORABLE

   Adaptive Weights (Total: 5.0%):
   • VPIN: 0.0%
   • Sweeps: 0.0%
   • Absorption: 0.0%
   • Arrival: 0.0%
   • Vacuum: 0.0%
   • Vol Regime: 3.0%
   • Temporal: 2.0%


💹 DELTA ANALYSIS (Order Flow Aggression):
   Direction: NEUTRAL
   Delta Per Volume: 0.00%
   Institutional Ratio: 0.0%
   Aggression Score: 0.0%

📊 VOLUME PROFILE (Support/Resistance Strength):
   Point of Control (POC): $0.000000
   Value Area High: $0.000000
   Value Area Low: $0.000000
   Current Position: ABOVE_VALUE_AREA
   ⚠️ DISTRIBUTION RISK: Price above value area - potential rejection zone

⚡ MOMENTUM CASCADE (Multi-Timeframe Alignment):
   Cascade Detected: NO
   Alignment Score: -0.1%
   Cascade Strength: 0.0%
   Accelerating: None
   Diverging: 1m, 5m, 15m, 1h

💥 BREAKOUT CONFIRMATION:
   Quality: NO_BREAKOUT
   Volume Confirmation: NO
   Retest Strength: 0.0%
   False Breakout Risk: 0.0%
   No breakout detected - price below resistance


levels:
Entry=9.47102, StopLoss=9.234244499999999, TakeProfit=9.51725235, 9.563484699999998, 9.60047058

---

=== Token: FIS (FIS) ===
Contract: FIS-USD
Timestamp: 2025-03-19T15:40:00.000Z

Calculations:
{
  "momentumScore": 31.76440300839866,
  "volumeScore": 10,
  "patternScore": 24.93378629540551,
  "totalScore": 16.885878512232406,
  "finalScore": 0,
  "weights": "0.23,0.45,0.23",
  "hourlyUptrend": true,
  "rsi": 45.600000000000065,
  "ultraShortVolumeSurge": 0.9199598796389168,
  "baseVolumeSurge": 0.29669543164816,
  "currentPrice": 0.1877,
  "resistance": 0.1916,
  "support": 0.1871,
  "rocMin5": -0.0015957446808510358,
  "shortROC": 0.003206841261357655,
  "priceAcceleration": -0.00039044695353627416,
  "buySellRatio": 0.49605994405490833,
  "macdHistogram": -0.0011531262831409896,
  "stochasticK": 13.333333333333702,
  "atr": 0.00106428571428572,
  "bbUpper": 0.19073882720212038,
  "bbLower": 0.18671117279787958,
  "hammerDetected": true,
  "engulfingDetected": false,
  "compressionSpring": {
    "detected": true,
    "confidence": 44,
    "signals": {
      "sidewaysPrice": true,
      "atrCompression": false,
      "bbSqueeze": true,
      "consolidationTime": true,
      "strongBuying": false,
      "obvPositive": false,
      "chaikinPositive": false,
      "rsiNeutral": true,
      "volumeBuilding": false
    },
    "metrics": {
      "priceRange": 2.41,
      "atrRatio": 0.943,
      "bbWidth": 2.13,
      "volumeRatio": 0.92,
      "signalCount": 4,
      "buySellRatio": 0.496
    }
  },
  "riskTier": "LOW",
  "atrPercent": 0.5670142324377837,
  "distanceToResistance": 2.077783697389444,
  "slPercent": 2.5,
  "tpPercent": 1.7661161427810275,
  "trailingActivation": 1.0596696856686165,
  "shortMomentumScore": 50,
  "overboughtScore": 0,
  "shortPatternScore": 0,
  "shootingStarDetected": false,
  "bearishEngulfingDetected": false,
  "eveningStarDetected": false,
  "bearishPatternsCount": 0,
  "shortTotalScore": 20,
  "chaikin": 0.2118080364705875,
  "obvIncreasing": false,
  "obvTrend": "declining",
  "adx": 10.679611650485606,
  "recentCandles": {
    "redCount": 5,
    "greenCount": 5
  },
  "resistanceDistance": 2.077783697389444,
  "multiplePatterns": false,
  "bullishPattern": true,
  "priceAboveVWAP": true,
  "breakingResistance": false,
  "atrSufficient": false,
  "macdDivergenceBearish": false,
  "rvolMin1": -0.4007274154747541,
  "rvolMin5": -0.3101211698052992,
  "atrPercentileOld": 0.6463414634146342,
  "vwapDeviation": 0.4356995684685254,
  "bbWidthPercent": 2.1341393054660482,
  "bbSqueeze": true,
  "multiTFMomentum": {
    "min1": {
      "roc1": 0.0005330490405118164,
      "roc3": -0.006878306878306855
    },
    "min5": {
      "roc1": 0.003206841261357655,
      "roc3": -0.005826271186440624
    },
    "min15": {
      "roc1": 0.003206841261357655,
      "roc3": -0.005826271186440624
    },
    "hourly": {
      "roc1": 0.005869797225186712,
      "roc3": 0.002659574468085109
    },
    "fourHour": {
      "roc1": -0.016179540709812066,
      "roc3": -0.0015889830508474298
    },
    "divergenceShortUpLongDown": true
  },
  "returnZMin5": 0.719771850426224,
  "wickClosePct": 1,
  "wickUpper": 0,
  "wickLower": 0.00010000000000001674,
  "wickRatio": 1,
  "donchianBreakout15": false,
  "bbWidthPercentile15": 0.4025974025974026,
  "signedMin5": -46975.399999999994,
  "signedMin5Z": -10.90761769367556,
  "signedMin1": -25298.199999999983,
  "signedMin1Z": -6.1118917908100565,
  "streakMin1": {
    "upStreak": 0,
    "downStreak": 0
  },
  "streakMin5": {
    "upStreak": 0,
    "downStreak": 0
  },
  "rvolPercentileMin1": 0.0072992700729927005,
  "rvolPercentileMin5": 0.6076388888888888,
  "perTfMetrics": {
    "min1": {
      "sma20": 0.1889,
      "sma50": 0.18626600000000004,
      "ema20": 0.18843652937719554,
      "ema50": 0.18721738341884347,
      "vwma20": 0.18871343744599964,
      "hma21": 0.18920432900432904,
      "atr14": 0.0008857142857142893,
      "atrPercentile": 0.5461538461538461,
      "rvolZ": -0.4007274154747541,
      "rvolPercentile": 0.0072992700729927005,
      "mfi14": 22.089059967915887,
      "ppo": {
        "ppo": 0.16136284270981122,
        "signal": 0.3768924991822833,
        "histogram": -0.21552965647247208
      },
      "stochRsi": {
        "k": 0,
        "d": 46.76916978140224
      },
      "vprofile": {
        "vpBins": [
          0.05245855405501348,
          0.11205937867153767,
          0.015195728640832127,
          0.14266546396457852,
          0.0027329081997388475,
          0.0020716837927387023,
          0.030662686887504485,
          0.009995579840802286,
          0.00513667649178737,
          0.026917493524352257,
          0.09401197663564703,
          0.059930946054754346,
          0.17585297457737747,
          0.009749870028997683,
          0.14562837748748464,
          0.02194865875487616,
          0.09298104239197683,
          0,
          0,
          0
        ],
        "currentBinShare": 0.026917493524352257
      },
      "ttm": {
        "squeeze": false,
        "release": false,
        "widthPct": 2.184232412193142
      }
    },
    "min5": {
      "sma20": 0.18872499999999998,
      "sma50": 0.1857100000000001,
      "ema20": 0.18822773858876554,
      "ema50": 0.18694734525958562,
      "vwma20": 0.18871117660824993,
      "hma21": 0.1891489177489178,
      "atr14": 0.00106428571428572,
      "atrPercentile": 0.5583941605839416,
      "rvolZ": -0.3101211698052992,
      "rvolPercentile": 0.6076388888888888,
      "mfi14": 61.805371843832596,
      "ppo": {
        "ppo": 0.28530360364072405,
        "signal": 0.5027546403470716,
        "histogram": -0.21745103670634758
      },
      "stochRsi": {
        "k": 9.65549132948,
        "d": 44.80102960102962
      },
      "vprofile": {
        "vpBins": [
          0.008423507469306963,
          0.011073315292591916,
          0.02984079625293848,
          0.10296423149777187,
          0.10573445287181585,
          0.03862791006314259,
          0.0950850689799316,
          0.10006957490231479,
          0.012066667944138524,
          0.0406252609650259,
          0.010412815029882196,
          0.045913521306219694,
          0.1586724133974624,
          0.12160680409898138,
          0.023114670368496217,
          0.09576898955997955,
          0,
          0,
          0,
          0
        ],
        "currentBinShare": 0.045913521306219694
      },
      "ttm": {
        "squeeze": false,
        "release": false,
        "widthPct": 2.1341393054660482
      }
    },
    "min15": {
      "sma20": 0.18872499999999998,
      "sma50": 0.18588800000000005,
      "ema20": 0.18814159863171667,
      "ema50": 0.1870698245224642,
      "vwma20": 0.18870838338926976,
      "hma21": 0.1891441558441559,
      "atr14": 0.00106428571428572,
      "atrPercentile": 0.6463414634146342,
      "rvolZ": -0.20481775785920342,
      "rvolPercentile": 0.6875,
      "mfi14": 61.805371843832596,
      "ppo": {
        "ppo": 0.3128001162317011,
        "signal": 0.5169227331965319,
        "histogram": -0.2041226169648308
      },
      "stochRsi": {
        "k": 6.712195121951401,
        "d": 44.80102960102962
      },
      "vprofile": {
        "vpBins": [
          0.11855189611591366,
          0.05558390572321846,
          0.004842095236151227,
          0.12373385316200762,
          0.02351850528844028,
          0.014039796831358461,
          0.005317697648863897,
          0.024725882228867502,
          0.004508697264435623,
          0.04238372745736419,
          0.06200181667874385,
          0.3467638283612809,
          0.1662754343529188,
          0.006384230956341877,
          0.0013686326940937532,
          0,
          0,
          0,
          0,
          0
        ],
        "currentBinShare": 0.04238372745736419
      },
      "ttm": {
        "squeeze": false,
        "release": false,
        "widthPct": 2.1341393054660482
      }
    },
    "hourly": {
      "sma20": 0.187695,
      "sma50": 0.18624,
      "ema20": 0.1876762468108141,
      "ema50": 0.18597936724720923,
      "vwma20": 0.18785992356641004,
      "hma21": 0.1902887445887445,
      "atr14": 0.001450000000000001,
      "atrPercentile": 0.19254658385093168,
      "rvolZ": -0.1522706479487403,
      "rvolPercentile": 0.5803571428571429,
      "mfi14": 32.834587480313914,
      "ppo": {
        "ppo": 0.5614733605489379,
        "signal": 0.6075155588477905,
        "histogram": -0.04604219829885259
      },
      "stochRsi": {
        "k": 8.793286440877678,
        "d": 52.269813169560784
      },
      "vprofile": {
        "vpBins": [
          0,
          0.003935411845404815,
          0.010613251447128783,
          0.06168415655516444,
          0.011664544997403768,
          0.24674129207853585,
          0.5656764858848128,
          0.0417863862988559,
          0.016035755944447498,
          0.037449012791210094,
          0.0044137021570360676,
          0,
          0,
          0,
          0,
          0,
          0,
          0,
          0,
          0
        ],
        "currentBinShare": 0.037449012791210094
      },
      "ttm": {
        "squeeze": false,
        "release": false,
        "widthPct": 4.729195375292196
      }
    },
    "fourHour": {
      "sma20": 0.18477,
      "sma50": 0.179638,
      "ema20": 0.18500192431590637,
      "ema50": 0.18320909087105353,
      "vwma20": 0.18519801146886977,
      "hma21": 0.18828268398268397,
      "atr14": 0.004107142857142859,
      "atrPercentile": 0.07142857142857142,
      "rvolZ": -0.22789572487920662,
      "rvolPercentile": 0.4880952380952381,
      "mfi14": 64.49345055743078,
      "ppo": {
        "ppo": 1.1985691702441417,
        "signal": 0.9380988026033277,
        "histogram": 0.260470367640814
      },
      "stochRsi": {
        "k": 59.313687635735526,
        "d": 63.558483523585316
      },
      "vprofile": {
        "vpBins": [
          0,
          0.005027858911620743,
          0.0005451417166784636,
          0.06646874821833307,
          0.010768508069182356,
          0.24994708197140514,
          0.4265314441255505,
          0.03773285517200322,
          0.037138619090770056,
          0.04981016763387668,
          0.02054223787227197,
          0.01963283967813787,
          0.05457105330082305,
          0.021283444239346784,
          0,
          0,
          0,
          0,
          0,
          0
        ],
        "currentBinShare": 0.04981016763387668
      },
      "ttm": {
        "squeeze": false,
        "release": false,
        "widthPct": 8.366283941708135
      }
    },
    "daily": {
      "sma20": 0.188795,
      "sma50": 0.224922,
      "ema20": 0.19272713366859642,
      "ema50": 0.23253773274733416,
      "vwma20": 0,
      "hma21": 0.17219870129870127,
      "atr14": 0.01442142857142858,
      "atrPercentile": 0.05263157894736842,
      "rvolZ": 0,
      "rvolPercentile": 1,
      "mfi14": 50,
      "ppo": {
        "ppo": -6.485234562073982,
        "signal": -8.212006957515689,
        "histogram": 1.7267723954417065
      },
      "stochRsi": {
        "k": 96.7730118811942,
        "d": 48.1590585998998
      },
      "vprofile": {
        "vpBins": [
          0,
          0,
          0,
          0,
          0,
          0,
          0,
          0,
          0,
          0,
          0,
          0,
          0,
          0,
          0,
          0,
          0,
          0,
          0,
          0
        ],
        "currentBinShare": 0
      },
      "ttm": {
        "squeeze": false,
        "release": false,
        "widthPct": 23.843094877669817
      }
    }
  },
  "smaMin5": 0.18872499999999998,
  "emaMin5": 0.18822773858876554,
  "vwmaMin5": 0.18871117660824993,
  "hmaMin5": 0.1891489177489178,
  "keltner15": {
    "upper": 0.18973159863171668,
    "middle": 0.18814159863171667,
    "lower": 0.18655159863171666
  },
  "superTrend15": {
    "isBull": true,
    "finalUpper": 0.19083,
    "finalLower": 0.18446999999999997
  },
  "mfi15": 61.805371843832596,
  "stochRsi15": {
    "k": 6.712195121951401,
    "d": 44.80102960102962
  },
  "ppo15": {
    "ppo": 0.3128001162317011,
    "signal": 0.5169227331965319,
    "histogram": -0.2041226169648308
  },
  "vpMin15": {
    "vpBins": [
      0.11855189611591366,
      0.05558390572321846,
      0.004842095236151227,
      0.12373385316200762,
      0.02351850528844028,
      0.014039796831358461,
      0.005317697648863897,
      0.024725882228867502,
      0.004508697264435623,
      0.04238372745736419,
      0.06200181667874385,
      0.3467638283612809,
      0.1662754343529188,
      0.006384230956341877,
      0.0013686326940937532,
      0,
      0,
      0,
      0,
      0
    ],
    "currentBinShare": 0.04238372745736419
  },
  "ttm15": {
    "squeeze": false,
    "release": false,
    "widthPct": 2.1341393054660482
  },
  "marketCorrelation": {
    "hourly": {
      "btcCorrelation": 0,
      "ethCorrelation": 0,
      "btcBeta": 1,
      "ethBeta": 1,
      "btcTrend": "UNKNOWN",
      "ethTrend": "UNKNOWN",
      "tokenVol": 0,
      "btcVol": 0,
      "ethVol": 0,
      "marketDependence": 0,
      "verdict": "INSUFFICIENT_DATA"
    },
    "min15": {
      "btcCorrelation": 0,
      "ethCorrelation": 0,
      "btcBeta": 1,
      "ethBeta": 1,
      "btcTrend": "UNKNOWN",
      "ethTrend": "UNKNOWN",
      "tokenVol": 0,
      "btcVol": 0,
      "ethVol": 0,
      "marketDependence": 0,
      "verdict": "INSUFFICIENT_DATA"
    },
    "daily": {
      "btcCorrelation": 0,
      "ethCorrelation": 0,
      "btcBeta": 1,
      "ethBeta": 1,
      "btcTrend": "UNKNOWN",
      "ethTrend": "UNKNOWN",
      "tokenVol": 0,
      "btcVol": 0,
      "ethVol": 0,
      "marketDependence": 0,
      "verdict": "INSUFFICIENT_DATA"
    }
  },
  "tradeTape": {
    "totalTrades": 0,
    "totalVolume": 0,
    "buysVolume": 0,
    "sellsVolume": 0,
    "buySellRatio": 0.5,
    "vwap": 0,
    "signedVolume": 0,
    "avgTradeSize": 0,
    "tradesPerSec": 0,
    "cumulativeDelta": 0,
    "tradesLast1m": 0,
    "tradesLast5m": 0,
    "tradesLast15m": 0,
    "tradesLast1h": 0,
    "buyVWAP": 0,
    "sellVWAP": 0,
    "aggressorVWAP": 0,
    "bucketDurationMs": 60000,
    "bucketCount": 15,
    "bucketSignedVolumes": [],
    "bucketVolumes": [],
    "bucketVWAPs": [],
    "latestBucketSignedZ": 0
  },
  "enhancedMetrics": {
    "relativeVolumeZScore": -1,
    "volumePercentile": 40,
    "atrPercentile": 54.379562043795616,
    "volatilityPercentile": 26.265822784810126,
    "relativeVolatilityRatio": 1.189995877121062,
    "isHighVolume": false,
    "isHighVolatility": false,
    "isLowVolatility": false,
    "isExpandingVolatility": false,
    "isContractingVolatility": false
  },
  "orderBook": {
    "bidAskSpread": 0,
    "spreadPct": 0,
    "midPrice": 0,
    "bestBid": 0,
    "bestAsk": 0,
    "bidDepth": 0,
    "askDepth": 0,
    "orderBookImbalance": 0,
    "liquidityScore": 0,
    "depthAt1Pct": {
      "bidVolume": 0,
      "askVolume": 0,
      "imbalance": 0
    },
    "depthAt2Pct": {
      "bidVolume": 0,
      "askVolume": 0,
      "imbalance": 0
    },
    "depthAt5Pct": {
      "bidVolume": 0,
      "askVolume": 0,
      "imbalance": 0
    },
    "weightedMidPrice": 0,
    "volumeWeightedSpread": 0,
    "totalBidLevels": 0,
    "totalAskLevels": 0
  },
  "marketCap": {
    "marketCap": 0,
    "totalVolume24h": 0,
    "volumeToMarketCapRatio": 0,
    "marketCapRank": 0,
    "normalizedRank": 0,
    "isHighLiquidity": false,
    "isVeryHighLiquidity": false,
    "isLowLiquidity": true,
    "liquidityTier": "VERY_LOW"
  },
  "sweeps": {
    "sweepScore": 0,
    "sweepCount": 0,
    "sweepDirection": "NEUTRAL",
    "buySweeps": 0,
    "sellSweeps": 0,
    "avgSweepSize": 0,
    "avgSweepIntensity": 0,
    "bidLiftRatio": 0,
    "askLiftRatio": 0,
    "sweepFrequency": 0,
    "largestSweep": null,
    "recentSweepClusters": 0,
    "sweepDetails": []
  },
  "absorption": {
    "absorptionScore": 0,
    "absorptionLevel": null,
    "absorptionSide": "NONE",
    "icebergProbability": 0,
    "hiddenLiquidityEstimate": 0,
    "volumeAtPrice": {},
    "topAbsorptionLevels": [],
    "persistenceDuration": 0,
    "refillDetected": false
  },
  "orderArrival": {
    "avgInterArrivalTime": 0,
    "recentInterArrivalTime": 0,
    "accelerationRatio": 1,
    "hawkesIntensity": 0,
    "hawkesDirection": "NEUTRAL",
    "clusteringScore": 0,
    "burstCount": 0,
    "cascadeDetected": false,
    "timeToNextTrade": 0,
    "accelerationTrend": "STABLE"
  },
  "liquidityVacuum": {
    "vacuumScore": 0,
    "vacuumSide": "NONE",
    "bidVacuumSeverity": 0,
    "askVacuumSeverity": 0,
    "depthConcentration": 0,
    "priceImpact10k": 0,
    "priceImpact50k": 0,
    "priceImpact100k": 0,
    "largestGapBid": 0,
    "largestGapAsk": 0,
    "avgGapBid": 0,
    "avgGapAsk": 0,
    "bidCliffDistance": 0,
    "askCliffDistance": 0
  },
  "volatilityRegime": {
    "regime": "LOW",
    "regimeScore": -1,
    "currentATR": 0.015092,
    "avgATR": 0.015572,
    "atrPercentile": 18.4,
    "realizedVolatility": 72.89,
    "volPercentile": 20.3,
    "expanding": false,
    "contracting": false,
    "transitionProbability": 0.3,
    "daysInRegime": 2,
    "regimeStrength": 0.06
  },
  "temporalPatterns": {
    "currentHour": 19,
    "currentDay": 0,
    "currentDayName": "Sunday",
    "dayBias": "NEUTRAL",
    "hourlyProfile": [
      {
        "avgVolume": 22893.98,
        "avgATR": 0.002975,
        "avgReturn": -0.422
      },
      {
        "avgVolume": 5072.09,
        "avgATR": 0.001964,
        "avgReturn": -0.036
      },
      {
        "avgVolume": 2549.9,
        "avgATR": 0.001077,
        "avgReturn": -0.25
      },
      {
        "avgVolume": 27109.28,
        "avgATR": 0.001469,
        "avgReturn": 0.011
      },
      {
        "avgVolume": 7228.62,
        "avgATR": 0.000946,
        "avgReturn": 0.041
      },
      {
        "avgVolume": 8819.52,
        "avgATR": 0.001082,
        "avgReturn": 0.022
      },
      {
        "avgVolume": 3638.13,
        "avgATR": 0.0011,
        "avgReturn": -0.209
      },
      {
        "avgVolume": 6015.18,
        "avgATR": 0.000807,
        "avgReturn": 0.443
      },
      {
        "avgVolume": 8433.72,
        "avgATR": 0.001213,
        "avgReturn": 0.26
      },
      {
        "avgVolume": 4160.44,
        "avgATR": 0.001238,
        "avgReturn": 0.407
      },
      {
        "avgVolume": 2885.83,
        "avgATR": 0.000814,
        "avgReturn": 0.496
      },
      {
        "avgVolume": 4254.95,
        "avgATR": 0.001087,
        "avgReturn": -0.269
      },
      {
        "avgVolume": 15630.56,
        "avgATR": 0.001731,
        "avgReturn": -0.248
      },
      {
        "avgVolume": 8497.59,
        "avgATR": 0.001527,
        "avgReturn": -0.467
      },
      {
        "avgVolume": 8276.06,
        "avgATR": 0.001738,
        "avgReturn": -0.317
      },
      {
        "avgVolume": 5260.33,
        "avgATR": 0.00144,
        "avgReturn": 0.361
      },
      {
        "avgVolume": 7165.34,
        "avgATR": 0.0025,
        "avgReturn": 0.118
      },
      {
        "avgVolume": 121689.78,
        "avgATR": 0.004693,
        "avgReturn": 0.161
      },
      {
        "avgVolume": 43321.8,
        "avgATR": 0.003014,
        "avgReturn": 0.219
      },
      {
        "avgVolume": 22739.83,
        "avgATR": 0.00226,
        "avgReturn": 0.314
      },
      {
        "avgVolume": 16356.35,
        "avgATR": 0.001727,
        "avgReturn": 0.023
      },
      {
        "avgVolume": 38758.27,
        "avgATR": 0.002764,
        "avgReturn": -0.172
      },
      {
        "avgVolume": 7844.12,
        "avgATR": 0.0012,
        "avgReturn": 0.15
      },
      {
        "avgVolume": 26722.52,
        "avgATR": 0.001808,
        "avgReturn": -0.497
      }
    ],
    "dailyProfile": [
      {
        "avgVolume": 6244.54,
        "avgATR": 0.001502,
        "avgReturn": -0.279
      },
      {
        "avgVolume": 9945.93,
        "avgATR": 0.001953,
        "avgReturn": 0.088
      },
      {
        "avgVolume": 8007.56,
        "avgATR": 0.001834,
        "avgReturn": -0.002
      },
      {
        "avgVolume": 8860.53,
        "avgATR": 0.001366,
        "avgReturn": 0.025
      },
      {
        "avgVolume": 64769.07,
        "avgATR": 0.00264,
        "avgReturn": 0.065
      },
      {
        "avgVolume": 24825.18,
        "avgATR": 0.00214,
        "avgReturn": 0.108
      },
      {
        "avgVolume": 6203.88,
        "avgATR": 0.000862,
        "avgReturn": 0.013
      }
    ],
    "favorableHours": [
      17,
      18,
      21,
      3,
      23,
      19
    ],
    "favorableWindow": true,
    "currentVsAvgVolume": 0,
    "currentVsAvgVolatility": 0,
    "anomalyDetected": true,
    "timeUntilFavorable": null,
    "temporalScore": 0.5
  },
  "unifiedMicrostructure": {
    "signalDirections": {
      "vpin": "NEUTRAL",
      "sweeps": "NEUTRAL",
      "absorption": "NEUTRAL",
      "arrival": "NEUTRAL",
      "vacuum": "NONE",
      "volRegime": "FAVORABLE",
      "temporal": "FAVORABLE"
    },
    "consensusDirection": "BULLISH",
    "consensusStrength": 100,
    "bullishSignals": 2,
    "bearishSignals": 0,
    "neutralSignals": 0,
    "totalAvailableSignals": 2,
    "dominantPattern": "NONE",
    "clusters": {
      "strongBuyCluster": false,
      "distributionPattern": false,
      "accumulationPattern": false,
      "momentumCascade": false
    },
    "adaptiveWeights": {
      "vpin": 0,
      "sweeps": 0,
      "absorption": 0,
      "arrival": 0,
      "vacuum": 0,
      "volRegime": 0.03,
      "temporal": 0.02
    },
    "convictionLevel": "HIGH",
    "convictionScore": 100,
    "riskAdjustment": "INCREASE",
    "timingQuality": "FAVORABLE",
    "signalQuality": "LOW"
  },
  "deltaAnalysis": {
    "currentDelta": 0,
    "cumulativeDelta": 0,
    "deltaPerVolume": 0,
    "deltaDirection": "NEUTRAL",
    "deltaDivergence": false,
    "institutionalRatio": 0,
    "aggressionScore": 0
  },
  "volumeProfile": {
    "pointOfControl": 0,
    "valueAreaHigh": 0,
    "valueAreaLow": 0,
    "currentPosition": "ABOVE_VALUE_AREA",
    "volumeNodes": [],
    "airPockets": []
  },
  "momentumCascade": {
    "cascadeDetected": false,
    "alignmentScore": -0.005566890785910645,
    "cascadeStrength": 0,
    "acceleratingTimeframes": [],
    "divergingTimeframes": [
      "1m",
      "5m",
      "15m",
      "1h"
    ]
  },
  "breakoutConfirmation": {
    "breakoutConfirmed": false,
    "volumeConfirmation": false,
    "retestStrength": 0,
    "falseBreakoutRisk": 0,
    "breakoutQuality": "NO_BREAKOUT"
  },
  "liquidityHeatmap": {
    "liquidityScore": 0,
    "magnetDirection": "NONE",
    "magnetStrength": 0,
    "priceTarget5pct": null,
    "message": "No order book data"
  },
  "smartMoneyDivergence": {
    "divergenceDetected": false,
    "divergenceDirection": "NONE",
    "smartMoneyScore": 0.5,
    "message": "Insufficient trade data"
  },
  "microstructure": {
    "raw": -0.03712140811235332,
    "pct": 49,
    "summary": {
      "latestBucketSignedZ": 0,
      "buySellRatio": 0.5,
      "tradesPerSec": 0,
      "vwap": 0,
      "aggressorVWAP": 0,
      "vpinToxicity": "UNKNOWN",
      "sweepDirection": "NEUTRAL",
      "absorptionSide": "NONE",
      "icebergDetected": false,
      "hawkesDirection": "NEUTRAL",
      "cascadeDetected": false,
      "vacuumSide": "NONE",
      "volatilityRegime": "LOW",
      "volExpanding": false,
      "favorableTimeWindow": true,
      "temporalAnomaly": true,
      "consensusDirection": "BULLISH",
      "consensusStrength": 100,
      "dominantPattern": "NONE",
      "convictionLevel": "HIGH",
      "riskAdjustment": "INCREASE",
      "timingQuality": "FAVORABLE",
      "deltaDirection": "NEUTRAL",
      "deltaDivergence": false,
      "institutionalRatio": 0,
      "volumeProfilePosition": "ABOVE_VALUE_AREA",
      "pointOfControl": 0,
      "momentumCascadeDetected": false,
      "cascadeStrength": 0,
      "breakoutQuality": "NO_BREAKOUT",
      "breakoutConfirmed": false,
      "magnetDirection": "NONE",
      "magnetStrength": 0,
      "priceTarget5pct": null,
      "nearestBidWall": 0,
      "nearestAskWall": 0,
      "divergenceDetected": false,
      "divergenceDirection": "NONE",
      "whaleAccumulation": false,
      "whaleDistribution": false,
      "retailPanic": false,
      "smartMoneyScore": 0.5
    }
  }
}

=== MICROSTRUCTURE ALERTS ===

🔬 VPIN: Insufficient data for VPIN analysis

🌊 SWEEP DETECTION: No significant sweeps detected

🧊 ABSORPTION & ICEBERG: No significant absorption or iceberg orders detected

⚡ ORDER ARRIVAL DYNAMICS: Insufficient trades for analysis

🌪️ LIQUIDITY VACUUM: No significant vacuum detected

📊 VOLATILITY REGIME DETECTION:
   Current Regime: LOW
   Regime Score: -1.00 (-1=low vol, +1=extreme vol)
   Days in Regime: 2
   ATR: $0.015092 (avg: $0.015572)
   ATR Percentile: 18.4%
   Realized Volatility: 72.89% (annualized)
   Vol Percentile: 20.3%

   🔵 LOW VOLATILITY REGIME:
   ✅ Ideal for breakout setups - price coiling
   ✅ Tight stops recommended
   ✅ Can increase position size (lower risk)

   📍 MODERATE REGIME TRANSITION PROBABILITY: 30%
   Monitor for potential regime change

   ⚠️ NEW REGIME: Only 2 day(s) - conditions still settling

⏰ TEMPORAL PATTERN ANALYSIS:
   Current Time: Sunday 19:00 UTC
   Day Bias: NEUTRAL
   Current vs Avg Volume: 0x
   Current vs Avg Volatility: 0x

   ✅ FAVORABLE TIME WINDOW:
   This hour historically shows strong volume and positive returns
   GOOD time to trade - patterns favor entry

   ⚠️ LOW ACTIVITY ANOMALY:
   Volume 0x below typical - Extremely quiet

   📉 LOW VOLATILITY ANOMALY:
   Volatility 0x below typical - Consolidation likely

   🔥 Best Trading Hours (UTC): 17:00, 18:00, 21:00

🎯 UNIFIED MICROSTRUCTURE INTEGRATION:
   Signal Consensus: BULLISH (100% agreement)
   Available Signals: 2 (2 bullish / 0 bearish / 0 neutral)
   Conviction Level: HIGH (100%)
   Signal Quality: LOW
   Risk Adjustment: INCREASE
   Timing Quality: FAVORABLE

   ✅ HIGH CONVICTION: 100% of signals agree on direction
   Strong institutional alignment - Follow the smart money

   💰 RISK INCREASE OPPORTUNITY: Low vol + Favorable timing = Lower risk

   ⏰ FAVORABLE TIMING: Good time window for trading

   Signal Directions Breakdown:
   • VPIN: NEUTRAL
   • Sweeps: NEUTRAL
   • Absorption: NEUTRAL
   • Arrival Dynamics: NEUTRAL
   • Liquidity Vacuum: NONE
   • Vol Regime: FAVORABLE
   • Temporal: FAVORABLE

   Adaptive Weights (Total: 5.0%):
   • VPIN: 0.0%
   • Sweeps: 0.0%
   • Absorption: 0.0%
   • Arrival: 0.0%
   • Vacuum: 0.0%
   • Vol Regime: 3.0%
   • Temporal: 2.0%


💹 DELTA ANALYSIS (Order Flow Aggression):
   Direction: NEUTRAL
   Delta Per Volume: 0.00%
   Institutional Ratio: 0.0%
   Aggression Score: 0.0%

📊 VOLUME PROFILE (Support/Resistance Strength):
   Point of Control (POC): $0.000000
   Value Area High: $0.000000
   Value Area Low: $0.000000
   Current Position: ABOVE_VALUE_AREA
   ⚠️ DISTRIBUTION RISK: Price above value area - potential rejection zone

⚡ MOMENTUM CASCADE (Multi-Timeframe Alignment):
   Cascade Detected: NO
   Alignment Score: -0.6%
   Cascade Strength: 0.0%
   Accelerating: None
   Diverging: 1m, 5m, 15m, 1h

💥 BREAKOUT CONFIRMATION:
   Quality: NO_BREAKOUT
   Volume Confirmation: NO
   Retest Strength: 0.0%
   False Breakout Risk: 0.0%
   No breakout detected - price below resistance


levels:
Entry=0.1873246, StopLoss=0.182641485, TakeProfit=0.18897878499999998, 0.19063297, 0.191956318

---

=== Token: ELA (ELA) ===
Contract: ELA-USD
Timestamp: 2025-03-19T15:40:00.000Z

Calculations:
{
  "momentumScore": 87.97092794859384,
  "volumeScore": 52.22222222222229,
  "patternScore": 10,
  "totalScore": 45.722914577032,
  "finalScore": 45.722914577032,
  "weights": "0.23,0.45,0.23",
  "hourlyUptrend": false,
  "rsi": 52.63157894736845,
  "ultraShortVolumeSurge": 0.0951591643236577,
  "baseVolumeSurge": 0.018789307445537883,
  "currentPrice": 1.685,
  "resistance": 1.692,
  "support": 1.67,
  "rocMin5": -0.0011855364552459998,
  "shortROC": -0.0017772511848340592,
  "priceAcceleration": -0.0002961207393027813,
  "buySellRatio": 0.6340707772706081,
  "macdHistogram": -0.0028977759527356196,
  "stochasticK": 55.555555555555735,
  "atr": 0.00564285714285714,
  "bbUpper": 1.697179437574886,
  "bbLower": 1.668020562425114,
  "hammerDetected": false,
  "engulfingDetected": false,
  "compressionSpring": {
    "detected": true,
    "confidence": 66,
    "signals": {
      "sidewaysPrice": true,
      "atrCompression": true,
      "bbSqueeze": true,
      "consolidationTime": true,
      "strongBuying": false,
      "obvPositive": false,
      "chaikinPositive": false,
      "rsiNeutral": true,
      "volumeBuilding": false
    },
    "metrics": {
      "priceRange": 1.62,
      "atrRatio": 0.393,
      "bbWidth": 1.73,
      "volumeRatio": 0.134,
      "signalCount": 5,
      "buySellRatio": 0.634
    }
  },
  "riskTier": "MEDIUM",
  "atrPercent": 0.5934718100890213,
  "distanceToResistance": 0.41543026706230834,
  "slPercent": 3,
  "tpPercent": 0.35311572700296207,
  "trailingActivation": 0.21186943620177723,
  "shortMomentumScore": 0,
  "overboughtScore": 0,
  "shortPatternScore": 0,
  "shootingStarDetected": false,
  "bearishEngulfingDetected": false,
  "eveningStarDetected": false,
  "bearishPatternsCount": 0,
  "shortTotalScore": 0,
  "chaikin": -0.008107392896650144,
  "obvIncreasing": true,
  "obvTrend": "increasing",
  "adx": 36.23188405797156,
  "recentCandles": {
    "redCount": 5,
    "greenCount": 5
  },
  "resistanceDistance": 0.41543026706230834,
  "multiplePatterns": false,
  "bullishPattern": false,
  "priceAboveVWAP": false,
  "breakingResistance": true,
  "atrSufficient": false,
  "macdDivergenceBearish": false,
  "rvolMin1": -0.44549658128232034,
  "rvolMin5": -0.4490673753278397,
  "atrPercentileOld": 0.012195121951219513,
  "vwapDeviation": -3.3367769090105943,
  "bbWidthPercent": 1.7329653601433497,
  "bbSqueeze": true,
  "multiTFMomentum": {
    "min1": {
      "roc1": 0.0017772511848341906,
      "roc3": 0.0023710729104919996
    },
    "min5": {
      "roc1": -0.0017772511848340592,
      "roc3": -0.0011855364552459998
    },
    "min15": {
      "roc1": -0.004137115839243437,
      "roc3": -0.0017772511848340592
    },
    "hourly": {
      "roc1": -0.0005931198102015954,
      "roc3": -0.0017772511848340592
    },
    "fourHour": {
      "roc1": 0.00059382422802857,
      "roc3": 0.023072252580449322
    },
    "divergenceShortUpLongDown": true
  },
  "returnZMin5": -0.2516351020812629,
  "wickClosePct": 0,
  "wickUpper": 0,
  "wickLower": 0,
  "wickRatio": 0,
  "donchianBreakout15": false,
  "bbWidthPercentile15": 0.012987012987012988,
  "signedMin5": 28069.04,
  "signedMin5Z": 9.80532569212979,
  "signedMin1": -1352.0300000000045,
  "signedMin1Z": -0.8759849552570084,
  "streakMin1": {
    "upStreak": 1,
    "downStreak": 0
  },
  "streakMin5": {
    "upStreak": 0,
    "downStreak": 3
  },
  "rvolPercentileMin1": 0.13125,
  "rvolPercentileMin5": 0.017361111111111112,
  "perTfMetrics": {
    "min1": {
      "sma20": 1.6858000000000004,
      "sma50": 1.6771999999999994,
      "ema20": 1.685656479771006,
      "ema50": 1.6790888231039816,
      "vwma20": 1.6837247186600368,
      "hma21": 1.689108225108225,
      "atr14": 0.005500000000000013,
      "atrPercentile": 0.13343403826787512,
      "rvolZ": -0.44549658128232034,
      "rvolPercentile": 0.13125,
      "mfi14": 9.030924123107312,
      "ppo": {
        "ppo": 0.1839385999873353,
        "signal": 0.19947184043211003,
        "histogram": -0.01553324044477472
      },
      "stochRsi": {
        "k": 90.89421217080888,
        "d": 56.920265088160725
      },
      "vprofile": {
        "vpBins": [
          0.02693735393898775,
          0.11216333982297223,
          0.049120804973039604,
          0.05053814009381196,
          0.13853011107824909,
          0.1300155075411577,
          0.14677669964618323,
          0.05278171458625231,
          0.03591131562898859,
          0.031150771198781856,
          0.007051114019183751,
          0,
          0.006559220799441237,
          0.08319721008859458,
          0.016292586258701027,
          0.046390801806965656,
          0,
          0.008848613409256334,
          0.0000018495386830174852,
          0.05773284557074997
        ],
        "currentBinShare": 0.14677669964618323
      },
      "ttm": {
        "squeeze": true,
        "release": false,
        "widthPct": 0.725925188790061
      }
    },
    "min5": {
      "sma20": 1.6849,
      "sma50": 1.6723800000000002,
      "ema20": 1.6841944159980904,
      "ema50": 1.6782124955679152,
      "vwma20": 1.6836283590718568,
      "hma21": 1.6875757575757568,
      "atr14": 0.00564285714285714,
      "atrPercentile": 0.0036496350364963502,
      "rvolZ": -0.4490673753278397,
      "rvolPercentile": 0.017361111111111112,
      "mfi14": 31.69813874788494,
      "ppo": {
        "ppo": 0.1904243389906884,
        "signal": 0.23458171159191699,
        "histogram": -0.044157372601228595
      },
      "stochRsi": {
        "k": 60.22031823745413,
        "d": 53.654970760233944
      },
      "vprofile": {
        "vpBins": [
          0.02340017918223141,
          0.03488933961956785,
          0.060178838889190865,
          0.07947832126205424,
          0.09556149848409515,
          0.13725649666075224,
          0.05840856721211458,
          0.03273392931072989,
          0.11939152826312019,
          0.030183226900642835,
          0.03495121869566085,
          0.06747278146385872,
          0.09760626044171182,
          0,
          0.0539209987490844,
          0,
          0,
          0.07456681486518496,
          0,
          0
        ],
        "currentBinShare": 0.13725649666075224
      },
      "ttm": {
        "squeeze": true,
        "release": false,
        "widthPct": 0.6794035501812239
      }
    },
    "min15": {
      "sma20": 1.6826,
      "sma50": 1.6701000000000001,
      "ema20": 1.6809252152734437,
      "ema50": 1.6738513423005046,
      "vwma20": 1.6800079201721907,
      "hma21": 1.688064935064935,
      "atr14": 0.010000000000000009,
      "atrPercentile": 0.012195121951219513,
      "rvolZ": -0.4597650610632798,
      "rvolPercentile": 0.052083333333333336,
      "mfi14": 34.54470707876247,
      "ppo": {
        "ppo": 0.32958176092557384,
        "signal": 0.3267543368221956,
        "histogram": 0.0028274241033782177
      },
      "stochRsi": {
        "k": 0,
        "d": 50.30685688580427
      },
      "vprofile": {
        "vpBins": [
          0.018624992531191903,
          0.052017350855335785,
          0.08570643880636127,
          0.04794200102890541,
          0.058343962268127644,
          0.1477444725459964,
          0.06881600995296298,
          0.05139690882568572,
          0.06693136216941194,
          0.01185257873418256,
          0,
          0.10177820133948647,
          0.14974926852202713,
          0,
          0,
          0,
          0,
          0.13909645242032465,
          0,
          0
        ],
        "currentBinShare": 0.1477444725459964
      },
      "ttm": {
        "squeeze": false,
        "release": false,
        "widthPct": 1.7329653601433497
      }
    },
    "hourly": {
      "sma20": 1.6719000000000002,
      "sma50": 1.65414,
      "ema20": 1.6732876770836254,
      "ema50": 1.659236281910271,
      "vwma20": 1.700585629541014,
      "hma21": 1.6708398268398266,
      "atr14": 0.023785714285714316,
      "atrPercentile": 0.38198757763975155,
      "rvolZ": -0.4590641487002796,
      "rvolPercentile": 0.08928571428571429,
      "mfi14": 46.84916770877617,
      "ppo": {
        "ppo": 0.3650917916446685,
        "signal": 0.27189705055857377,
        "histogram": 0.09319474108609471
      },
      "stochRsi": {
        "k": 94.89577937905287,
        "d": 52.11360991583448
      },
      "vprofile": {
        "vpBins": [
          0.015533927040116793,
          0.12042826952395326,
          0.06200657413101949,
          0.15726351097151686,
          0.14499483116151066,
          0.1382914551345367,
          0.06930223987538972,
          0.033767024602363145,
          0,
          0.1014290388680111,
          0.030123431090718515,
          0,
          0,
          0,
          0,
          0,
          0,
          0.12685969760086374,
          0,
          0
        ],
        "currentBinShare": 0.06930223987538972
      },
      "ttm": {
        "squeeze": false,
        "release": false,
        "widthPct": 6.58081969580049
      }
    },
    "fourHour": {
      "sma20": 1.6332500000000003,
      "sma50": 1.6352599999999997,
      "ema20": 1.651205894868738,
      "ema50": 1.6630264029278345,
      "vwma20": 1.6837509373363058,
      "hma21": 1.696861471861471,
      "atr14": 0.09935714285714285,
      "atrPercentile": 0.9857142857142858,
      "rvolZ": -0.4927376597328852,
      "rvolPercentile": 0.20238095238095238,
      "mfi14": 75.143302019335,
      "ppo": {
        "ppo": 0.6954580157354522,
        "signal": 0.23646394451157998,
        "histogram": 0.4589940712238722
      },
      "stochRsi": {
        "k": 95.61458832094037,
        "d": 58.35562689495274
      },
      "vprofile": {
        "vpBins": [
          0.04970473460985339,
          0.0902379404337765,
          0.07193743610917644,
          0.13331614640493483,
          0.13602936933956147,
          0.031723646617976865,
          0.15472668280518687,
          0.015917288596224415,
          0.030788220952257826,
          0.045982686843098586,
          0.028200292464324744,
          0.16057404087846833,
          0.03185902887170531,
          0.007842277075229486,
          0.011160207998225041,
          0,
          0,
          0,
          0,
          0
        ],
        "currentBinShare": 0.13602936933956147
      },
      "ttm": {
        "squeeze": false,
        "release": false,
        "widthPct": 11.396069260940846
      }
    },
    "daily": {
      "sma20": 1.7723,
      "sma50": 1.8437599999999998,
      "ema20": 1.7416520257298729,
      "ema50": 1.8603323918671275,
      "vwma20": 0,
      "hma21": 1.5040562770562773,
      "atr14": 0.168,
      "atrPercentile": 0.10526315789473684,
      "rvolZ": 0,
      "rvolPercentile": 1,
      "mfi14": 50,
      "ppo": {
        "ppo": -4.4772687629473,
        "signal": -4.112728699168957,
        "histogram": -0.36454006377834247
      },
      "stochRsi": {
        "k": 41.89641418511801,
        "d": 32.984626278236824
      },
      "vprofile": {
        "vpBins": [
          0,
          0,
          0,
          0,
          0,
          0,
          0,
          0,
          0,
          0,
          0,
          0,
          0,
          0,
          0,
          0,
          0,
          0,
          0,
          0
        ],
        "currentBinShare": 0
      },
      "ttm": {
        "squeeze": false,
        "release": false,
        "widthPct": 36.76931738944298
      }
    }
  },
  "smaMin5": 1.6849,
  "emaMin5": 1.6841944159980904,
  "vwmaMin5": 1.6836283590718568,
  "hmaMin5": 1.6875757575757568,
  "keltner15": {
    "upper": 1.6942752152734437,
    "middle": 1.6809252152734437,
    "lower": 1.6675752152734438
  },
  "superTrend15": {
    "isBull": false,
    "finalUpper": 1.7147000000000001,
    "finalLower": 1.6613000000000002
  },
  "mfi15": 34.54470707876247,
  "stochRsi15": {
    "k": 0,
    "d": 50.30685688580427
  },
  "ppo15": {
    "ppo": 0.32958176092557384,
    "signal": 0.3267543368221956,
    "histogram": 0.0028274241033782177
  },
  "vpMin15": {
    "vpBins": [
      0.018624992531191903,
      0.052017350855335785,
      0.08570643880636127,
      0.04794200102890541,
      0.058343962268127644,
      0.1477444725459964,
      0.06881600995296298,
      0.05139690882568572,
      0.06693136216941194,
      0.01185257873418256,
      0,
      0.10177820133948647,
      0.14974926852202713,
      0,
      0,
      0,
      0,
      0.13909645242032465,
      0,
      0
    ],
    "currentBinShare": 0.1477444725459964
  },
  "ttm15": {
    "squeeze": false,
    "release": false,
    "widthPct": 1.7329653601433497
  },
  "marketCorrelation": {
    "hourly": {
      "btcCorrelation": 0,
      "ethCorrelation": 0,
      "btcBeta": 1,
      "ethBeta": 1,
      "btcTrend": "UNKNOWN",
      "ethTrend": "UNKNOWN",
      "tokenVol": 0,
      "btcVol": 0,
      "ethVol": 0,
      "marketDependence": 0,
      "verdict": "INSUFFICIENT_DATA"
    },
    "min15": {
      "btcCorrelation": 0,
      "ethCorrelation": 0,
      "btcBeta": 1,
      "ethBeta": 1,
      "btcTrend": "UNKNOWN",
      "ethTrend": "UNKNOWN",
      "tokenVol": 0,
      "btcVol": 0,
      "ethVol": 0,
      "marketDependence": 0,
      "verdict": "INSUFFICIENT_DATA"
    },
    "daily": {
      "btcCorrelation": 0,
      "ethCorrelation": 0,
      "btcBeta": 1,
      "ethBeta": 1,
      "btcTrend": "UNKNOWN",
      "ethTrend": "UNKNOWN",
      "tokenVol": 0,
      "btcVol": 0,
      "ethVol": 0,
      "marketDependence": 0,
      "verdict": "INSUFFICIENT_DATA"
    }
  },
  "tradeTape": {
    "totalTrades": 0,
    "totalVolume": 0,
    "buysVolume": 0,
    "sellsVolume": 0,
    "buySellRatio": 0.5,
    "vwap": 0,
    "signedVolume": 0,
    "avgTradeSize": 0,
    "tradesPerSec": 0,
    "cumulativeDelta": 0,
    "tradesLast1m": 0,
    "tradesLast5m": 0,
    "tradesLast15m": 0,
    "tradesLast1h": 0,
    "buyVWAP": 0,
    "sellVWAP": 0,
    "aggressorVWAP": 0,
    "bucketDurationMs": 60000,
    "bucketCount": 15,
    "bucketSignedVolumes": [],
    "bucketVolumes": [],
    "bucketVWAPs": [],
    "latestBucketSignedZ": 0
  },
  "enhancedMetrics": {
    "relativeVolumeZScore": -1,
    "volumePercentile": 40,
    "atrPercentile": 0.36496350364963503,
    "volatilityPercentile": 82.91139240506328,
    "relativeVolatilityRatio": 0.4745383560689529,
    "isHighVolume": false,
    "isHighVolatility": true,
    "isLowVolatility": false,
    "isExpandingVolatility": false,
    "isContractingVolatility": true
  },
  "orderBook": {
    "bidAskSpread": 0,
    "spreadPct": 0,
    "midPrice": 0,
    "bestBid": 0,
    "bestAsk": 0,
    "bidDepth": 0,
    "askDepth": 0,
    "orderBookImbalance": 0,
    "liquidityScore": 0,
    "depthAt1Pct": {
      "bidVolume": 0,
      "askVolume": 0,
      "imbalance": 0
    },
    "depthAt2Pct": {
      "bidVolume": 0,
      "askVolume": 0,
      "imbalance": 0
    },
    "depthAt5Pct": {
      "bidVolume": 0,
      "askVolume": 0,
      "imbalance": 0
    },
    "weightedMidPrice": 0,
    "volumeWeightedSpread": 0,
    "totalBidLevels": 0,
    "totalAskLevels": 0
  },
  "marketCap": {
    "marketCap": 0,
    "totalVolume24h": 0,
    "volumeToMarketCapRatio": 0,
    "marketCapRank": 0,
    "normalizedRank": 0,
    "isHighLiquidity": false,
    "isVeryHighLiquidity": false,
    "isLowLiquidity": true,
    "liquidityTier": "VERY_LOW"
  },
  "sweeps": {
    "sweepScore": 0,
    "sweepCount": 0,
    "sweepDirection": "NEUTRAL",
    "buySweeps": 0,
    "sellSweeps": 0,
    "avgSweepSize": 0,
    "avgSweepIntensity": 0,
    "bidLiftRatio": 0,
    "askLiftRatio": 0,
    "sweepFrequency": 0,
    "largestSweep": null,
    "recentSweepClusters": 0,
    "sweepDetails": []
  },
  "absorption": {
    "absorptionScore": 0,
    "absorptionLevel": null,
    "absorptionSide": "NONE",
    "icebergProbability": 0,
    "hiddenLiquidityEstimate": 0,
    "volumeAtPrice": {},
    "topAbsorptionLevels": [],
    "persistenceDuration": 0,
    "refillDetected": false
  },
  "orderArrival": {
    "avgInterArrivalTime": 0,
    "recentInterArrivalTime": 0,
    "accelerationRatio": 1,
    "hawkesIntensity": 0,
    "hawkesDirection": "NEUTRAL",
    "clusteringScore": 0,
    "burstCount": 0,
    "cascadeDetected": false,
    "timeToNextTrade": 0,
    "accelerationTrend": "STABLE"
  },
  "liquidityVacuum": {
    "vacuumScore": 0,
    "vacuumSide": "NONE",
    "bidVacuumSeverity": 0,
    "askVacuumSeverity": 0,
    "depthConcentration": 0,
    "priceImpact10k": 0,
    "priceImpact50k": 0,
    "priceImpact100k": 0,
    "largestGapBid": 0,
    "largestGapAsk": 0,
    "avgGapBid": 0,
    "avgGapAsk": 0,
    "bidCliffDistance": 0,
    "askCliffDistance": 0
  },
  "volatilityRegime": {
    "regime": "NORMAL",
    "regimeScore": 0,
    "currentATR": 0.172077,
    "avgATR": 0.363913,
    "atrPercentile": 13.2,
    "realizedVolatility": 153.86,
    "volPercentile": 69.5,
    "expanding": false,
    "contracting": true,
    "transitionProbability": 0.7,
    "daysInRegime": 1,
    "regimeStrength": 0.13
  },
  "temporalPatterns": {
    "currentHour": 19,
    "currentDay": 0,
    "currentDayName": "Sunday",
    "dayBias": "NEUTRAL",
    "hourlyProfile": [
      {
        "avgVolume": 7386.5,
        "avgATR": 0.028071,
        "avgReturn": -0.487
      },
      {
        "avgVolume": 7113.92,
        "avgATR": 0.026786,
        "avgReturn": -0.266
      },
      {
        "avgVolume": 3725.44,
        "avgATR": 0.020857,
        "avgReturn": 0.115
      },
      {
        "avgVolume": 5347.49,
        "avgATR": 0.024643,
        "avgReturn": 0.809
      },
      {
        "avgVolume": 9674.39,
        "avgATR": 0.029929,
        "avgReturn": -0.437
      },
      {
        "avgVolume": 3715.88,
        "avgATR": 0.025857,
        "avgReturn": -0.039
      },
      {
        "avgVolume": 4464.52,
        "avgATR": 0.028357,
        "avgReturn": 0.662
      },
      {
        "avgVolume": 7041.62,
        "avgATR": 0.039214,
        "avgReturn": 0.744
      },
      {
        "avgVolume": 3697.84,
        "avgATR": 0.027143,
        "avgReturn": -0.254
      },
      {
        "avgVolume": 2164.02,
        "avgATR": 0.020214,
        "avgReturn": -0.156
      },
      {
        "avgVolume": 2941.28,
        "avgATR": 0.022357,
        "avgReturn": -0.124
      },
      {
        "avgVolume": 2973.24,
        "avgATR": 0.018714,
        "avgReturn": -0.168
      },
      {
        "avgVolume": 3117.05,
        "avgATR": 0.016071,
        "avgReturn": 0.234
      },
      {
        "avgVolume": 10991.43,
        "avgATR": 0.036429,
        "avgReturn": -0.145
      },
      {
        "avgVolume": 21923.17,
        "avgATR": 0.058643,
        "avgReturn": -0.01
      },
      {
        "avgVolume": 12766.64,
        "avgATR": 0.036071,
        "avgReturn": -0.684
      },
      {
        "avgVolume": 7648.77,
        "avgATR": 0.027923,
        "avgReturn": 0.01
      },
      {
        "avgVolume": 9170.47,
        "avgATR": 0.036571,
        "avgReturn": -0.904
      },
      {
        "avgVolume": 9754.06,
        "avgATR": 0.036214,
        "avgReturn": 0.978
      },
      {
        "avgVolume": 5519.63,
        "avgATR": 0.0305,
        "avgReturn": -0.257
      },
      {
        "avgVolume": 3717.26,
        "avgATR": 0.022571,
        "avgReturn": -0.117
      },
      {
        "avgVolume": 6464.44,
        "avgATR": 0.034,
        "avgReturn": 0.531
      },
      {
        "avgVolume": 6385.84,
        "avgATR": 0.034786,
        "avgReturn": 0.203
      },
      {
        "avgVolume": 3862.79,
        "avgATR": 0.0265,
        "avgReturn": -0.467
      }
    ],
    "dailyProfile": [
      {
        "avgVolume": 4198.99,
        "avgATR": 0.021417,
        "avgReturn": -0.222
      },
      {
        "avgVolume": 3431.63,
        "avgATR": 0.024313,
        "avgReturn": -0.018
      },
      {
        "avgVolume": 15979.94,
        "avgATR": 0.054146,
        "avgReturn": 0.131
      },
      {
        "avgVolume": 6048.25,
        "avgATR": 0.03066,
        "avgReturn": 0.046
      },
      {
        "avgVolume": 9699.16,
        "avgATR": 0.03975,
        "avgReturn": 0.009
      },
      {
        "avgVolume": 5337.24,
        "avgATR": 0.026354,
        "avgReturn": -0.017
      },
      {
        "avgVolume": 2395.35,
        "avgATR": 0.010042,
        "avgReturn": 0.005
      }
    ],
    "favorableHours": [
      14,
      15,
      13,
      18,
      4,
      17
    ],
    "favorableWindow": false,
    "currentVsAvgVolume": 0,
    "currentVsAvgVolatility": 0,
    "anomalyDetected": true,
    "timeUntilFavorable": 9,
    "temporalScore": 0
  },
  "unifiedMicrostructure": {
    "signalDirections": {
      "vpin": "NEUTRAL",
      "sweeps": "NEUTRAL",
      "absorption": "NEUTRAL",
      "arrival": "NEUTRAL",
      "vacuum": "NONE",
      "volRegime": "NEUTRAL",
      "temporal": "UNFAVORABLE"
    },
    "consensusDirection": "BEARISH",
    "consensusStrength": 50,
    "bullishSignals": 0,
    "bearishSignals": 1,
    "neutralSignals": 1,
    "totalAvailableSignals": 2,
    "dominantPattern": "NONE",
    "clusters": {
      "strongBuyCluster": false,
      "distributionPattern": false,
      "accumulationPattern": false,
      "momentumCascade": false
    },
    "adaptiveWeights": {
      "vpin": 0,
      "sweeps": 0,
      "absorption": 0,
      "arrival": 0,
      "vacuum": 0,
      "volRegime": 0.021,
      "temporal": 0.02
    },
    "convictionLevel": "LOW",
    "convictionScore": 30,
    "riskAdjustment": "REDUCE",
    "timingQuality": "UNFAVORABLE",
    "signalQuality": "LOW"
  },
  "deltaAnalysis": {
    "currentDelta": 0,
    "cumulativeDelta": 0,
    "deltaPerVolume": 0,
    "deltaDirection": "NEUTRAL",
    "deltaDivergence": false,
    "institutionalRatio": 0,
    "aggressionScore": 0
  },
  "volumeProfile": {
    "pointOfControl": 0,
    "valueAreaHigh": 0,
    "valueAreaLow": 0,
    "currentPosition": "ABOVE_VALUE_AREA",
    "volumeNodes": [],
    "airPockets": []
  },
  "momentumCascade": {
    "cascadeDetected": false,
    "alignmentScore": 0.0017776354821195045,
    "cascadeStrength": 0,
    "acceleratingTimeframes": [
      "1m",
      "15m"
    ],
    "divergingTimeframes": [
      "5m",
      "1h"
    ]
  },
  "breakoutConfirmation": {
    "breakoutConfirmed": false,
    "volumeConfirmation": false,
    "retestStrength": 0,
    "falseBreakoutRisk": 0,
    "breakoutQuality": "NO_BREAKOUT"
  },
  "liquidityHeatmap": {
    "liquidityScore": 0,
    "magnetDirection": "NONE",
    "magnetStrength": 0,
    "priceTarget5pct": null,
    "message": "No order book data"
  },
  "smartMoneyDivergence": {
    "divergenceDetected": false,
    "divergenceDirection": "NONE",
    "smartMoneyScore": 0.5,
    "message": "Insufficient trade data"
  },
  "microstructure": {
    "raw": 0.017945578859835533,
    "pct": 50,
    "summary": {
      "latestBucketSignedZ": 0,
      "buySellRatio": 0.5,
      "tradesPerSec": 0,
      "vwap": 0,
      "aggressorVWAP": 0,
      "vpinToxicity": "UNKNOWN",
      "sweepDirection": "NEUTRAL",
      "absorptionSide": "NONE",
      "icebergDetected": false,
      "hawkesDirection": "NEUTRAL",
      "cascadeDetected": false,
      "vacuumSide": "NONE",
      "volatilityRegime": "NORMAL",
      "volExpanding": false,
      "favorableTimeWindow": false,
      "temporalAnomaly": true,
      "consensusDirection": "BEARISH",
      "consensusStrength": 50,
      "dominantPattern": "NONE",
      "convictionLevel": "LOW",
      "riskAdjustment": "REDUCE",
      "timingQuality": "UNFAVORABLE",
      "deltaDirection": "NEUTRAL",
      "deltaDivergence": false,
      "institutionalRatio": 0,
      "volumeProfilePosition": "ABOVE_VALUE_AREA",
      "pointOfControl": 0,
      "momentumCascadeDetected": false,
      "cascadeStrength": 0,
      "breakoutQuality": "NO_BREAKOUT",
      "breakoutConfirmed": false,
      "magnetDirection": "NONE",
      "magnetStrength": 0,
      "priceTarget5pct": null,
      "nearestBidWall": 0,
      "nearestAskWall": 0,
      "divergenceDetected": false,
      "divergenceDirection": "NONE",
      "whaleAccumulation": false,
      "whaleDistribution": false,
      "retailPanic": false,
      "smartMoneyScore": 0.5
    }
  }
}

=== MICROSTRUCTURE ALERTS ===

🔬 VPIN: Insufficient data for VPIN analysis

🌊 SWEEP DETECTION: No significant sweeps detected

🧊 ABSORPTION & ICEBERG: No significant absorption or iceberg orders detected

⚡ ORDER ARRIVAL DYNAMICS: Insufficient trades for analysis

🌪️ LIQUIDITY VACUUM: No significant vacuum detected

📊 VOLATILITY REGIME DETECTION:
   Current Regime: NORMAL
   Regime Score: 0.00 (-1=low vol, +1=extreme vol)
   Days in Regime: 1
   ATR: $0.172077 (avg: $0.363913)
   ATR Percentile: 13.2%
   Realized Volatility: 153.86% (annualized)
   Vol Percentile: 69.5%

   ⚪ NORMAL VOLATILITY:
   📊 Balanced market conditions
   ✅ Standard risk management applies

   📉 VOLATILITY CONTRACTING:
   🔄 Consolidation phase - accumulation likely
   ⏳ Wait for expansion before entering

   ⚠️ HIGH REGIME TRANSITION PROBABILITY: 70%
   Market near regime boundary - expect volatility shift soon

   ⚠️ NEW REGIME: Only 1 day(s) - conditions still settling

⏰ TEMPORAL PATTERN ANALYSIS:
   Current Time: Sunday 19:00 UTC
   Day Bias: NEUTRAL
   Current vs Avg Volume: 0x
   Current vs Avg Volatility: 0x

   ⏳ NON-FAVORABLE TIME WINDOW:
   This hour typically shows weaker activity
   Next favorable window in 9 hour(s)

   ⚠️ LOW ACTIVITY ANOMALY:
   Volume 0x below typical - Extremely quiet

   📉 LOW VOLATILITY ANOMALY:
   Volatility 0x below typical - Consolidation likely

   🔥 Best Trading Hours (UTC): 14:00, 15:00, 13:00

🎯 UNIFIED MICROSTRUCTURE INTEGRATION:
   Signal Consensus: BEARISH (50% agreement)
   Available Signals: 2 (0 bullish / 1 bearish / 1 neutral)
   Conviction Level: LOW (30%)
   Signal Quality: LOW
   Risk Adjustment: REDUCE
   Timing Quality: UNFAVORABLE

   ⚠️ LOW CONVICTION: Only 50% signal agreement
   Weak alignment - Reduce position size or wait for clarity

   ⚠️ RISK REDUCTION RECOMMENDED: Extreme volatility or unfavorable timing detected

   ⏰ UNFAVORABLE TIMING: Avoid trading during this hour

   Signal Directions Breakdown:
   • VPIN: NEUTRAL
   • Sweeps: NEUTRAL
   • Absorption: NEUTRAL
   • Arrival Dynamics: NEUTRAL
   • Liquidity Vacuum: NONE
   • Vol Regime: NEUTRAL
   • Temporal: UNFAVORABLE

   Adaptive Weights (Total: 4.1%):
   • VPIN: 0.0%
   • Sweeps: 0.0%
   • Absorption: 0.0%
   • Arrival: 0.0%
   • Vacuum: 0.0%
   • Vol Regime: 2.1%
   • Temporal: 2.0%


💹 DELTA ANALYSIS (Order Flow Aggression):
   Direction: NEUTRAL
   Delta Per Volume: 0.00%
   Institutional Ratio: 0.0%
   Aggression Score: 0.0%

📊 VOLUME PROFILE (Support/Resistance Strength):
   Point of Control (POC): $0.000000
   Value Area High: $0.000000
   Value Area Low: $0.000000
   Current Position: ABOVE_VALUE_AREA
   ⚠️ DISTRIBUTION RISK: Price above value area - potential rejection zone

⚡ MOMENTUM CASCADE (Multi-Timeframe Alignment):
   Cascade Detected: NO
   Alignment Score: 0.2%
   Cascade Strength: 0.0%
   Accelerating: 1m, 15m
   Diverging: 5m, 1h

💥 BREAKOUT CONFIRMATION:
   Quality: NO_BREAKOUT
   Volume Confirmation: NO
   Retest Strength: 0.0%
   False Breakout Risk: 0.0%
   No breakout detected - price below resistance


levels:
Entry=1.68163, StopLoss=1.6311810999999998, TakeProfit=1.6845990499999999, 1.6875680999999998, 1.68994334

---

=== Token: HONEY (HONEY) ===
Contract: HONEY-USD
Timestamp: 2025-03-19T15:40:00.000Z

Calculations:
{
  "momentumScore": 56.360126130414244,
  "volumeScore": 6.711281738812841,
  "patternScore": 14.893617021276349,
  "totalScore": 18.71996442724247,
  "finalScore": 0,
  "weights": "0.23,0.45,0.23",
  "hourlyUptrend": false,
  "rsi": 37.50000000000011,
  "ultraShortVolumeSurge": 0.28863822642097275,
  "baseVolumeSurge": 0.04565858969831957,
  "currentPrice": 0.0382,
  "resistance": 0.0385,
  "support": 0.0376,
  "rocMin5": -0.002610966057441328,
  "shortROC": 0,
  "priceAcceleration": -0.0006493418189730389,
  "buySellRatio": 0.1272963734939349,
  "macdHistogram": 0.00004461507214627926,
  "stochasticK": 66.6666666666664,
  "atr": 0.00010714285714285773,
  "bbUpper": 0.0384508830507287,
  "bbLower": 0.03745911694927131,
  "hammerDetected": false,
  "engulfingDetected": false,
  "compressionSpring": {
    "detected": false,
    "confidence": 0,
    "signals": {
      "sidewaysPrice": true,
      "atrCompression": false,
      "bbSqueeze": true,
      "consolidationTime": true,
      "strongBuying": false,
      "obvPositive": false,
      "chaikinPositive": false,
      "rsiNeutral": false,
      "volumeBuilding": false
    },
    "metrics": {
      "priceRange": 2.39,
      "atrRatio": 0.882,
      "bbWidth": 2.61,
      "volumeRatio": 1.435,
      "signalCount": 3,
      "buySellRatio": 0.127
    }
  },
  "riskTier": "LOW",
  "atrPercent": 0.43006731488407207,
  "distanceToResistance": 0.7853403141361299,
  "slPercent": 2.5,
  "tpPercent": 0.6675392670157104,
  "trailingActivation": 0.40052356020942625,
  "shortMomentumScore": 40,
  "overboughtScore": 0,
  "shortPatternScore": 0,
  "shootingStarDetected": false,
  "bearishEngulfingDetected": false,
  "eveningStarDetected": false,
  "bearishPatternsCount": 0,
  "shortTotalScore": 16,
  "chaikin": -0.12356560031755325,
  "obvIncreasing": false,
  "obvTrend": "declining",
  "adx": 49.9999999999997,
  "recentCandles": {
    "redCount": 1,
    "greenCount": 9
  },
  "resistanceDistance": 0.7853403141361299,
  "multiplePatterns": false,
  "bullishPattern": false,
  "priceAboveVWAP": false,
  "breakingResistance": true,
  "atrSufficient": false,
  "macdDivergenceBearish": false,
  "rvolMin1": -0.31056457861070635,
  "rvolMin5": -0.5403408468828511,
  "atrPercentileOld": 0.8536585365853658,
  "vwapDeviation": -0.4639758008117724,
  "bbWidthPercent": 2.613005141502804,
  "bbSqueeze": true,
  "multiTFMomentum": {
    "min1": {
      "roc1": 0,
      "roc3": -0.005208333333333303
    },
    "min5": {
      "roc1": 0,
      "roc3": -0.002610966057441328
    },
    "min15": {
      "roc1": 0,
      "roc3": 0
    },
    "hourly": {
      "roc1": 0,
      "roc3": 0.013262599469496034
    },
    "fourHour": {
      "roc1": 0.010582010582010517,
      "roc3": 0.0026246719160103915
    },
    "divergenceShortUpLongDown": false
  },
  "returnZMin5": 0.017946639615431453,
  "wickClosePct": 0,
  "wickUpper": 0,
  "wickLower": 0,
  "wickRatio": 0,
  "donchianBreakout15": false,
  "bbWidthPercentile15": 1,
  "signedMin5": 3259775.3000000003,
  "signedMin5Z": 21.671395766130203,
  "signedMin1": 3395423.7999999993,
  "signedMin1Z": 41.11108078297531,
  "streakMin1": {
    "upStreak": 0,
    "downStreak": 0
  },
  "streakMin5": {
    "upStreak": 0,
    "downStreak": 0
  },
  "rvolPercentileMin1": 0.3888888888888889,
  "rvolPercentileMin5": 0.4479166666666667,
  "perTfMetrics": {
    "min1": {
      "sma20": 0.038220000000000004,
      "sma50": 0.038060000000000004,
      "ema20": 0.038216624382875784,
      "ema50": 0.03811703196585701,
      "vwma20": 0.03820945302328775,
      "hma21": 0.03825367965367965,
      "atr14": 0.00005000000000000044,
      "atrPercentile": 0.25176233635448136,
      "rvolZ": -0.31056457861070635,
      "rvolPercentile": 0.3888888888888889,
      "mfi14": 46.75208601401476,
      "ppo": {
        "ppo": 0.0984142035339132,
        "signal": 0.13346420989266022,
        "histogram": -0.03505000635874703
      },
      "stochRsi": {
        "k": 100,
        "d": 50
      },
      "vprofile": {
        "vpBins": [
          0,
          0.08356342451255447,
          0.1342222138055932,
          0,
          0.06421332345969857,
          0.030035880701757278,
          0,
          0.2273458979178101,
          0.2761658684081657,
          0,
          0.038449381634805,
          0.07782527156269367,
          0.020919425868659188,
          0,
          0.00999348728143027,
          0.004979906864018179,
          0,
          0.030896076373392506,
          0.0013898416094218899,
          0
        ],
        "currentBinShare": 0.2761658684081657
      },
      "ttm": {
        "squeeze": false,
        "release": false,
        "widthPct": 0.5336493473147985
      }
    },
    "min5": {
      "sma20": 0.038165,
      "sma50": 0.03794400000000001,
      "ema20": 0.038168525809121535,
      "ema50": 0.038064175416234476,
      "vwma20": 0.038172497104288446,
      "hma21": 0.038384415584415583,
      "atr14": 0.00010714285714285773,
      "atrPercentile": 0.4854014598540146,
      "rvolZ": -0.5403408468828511,
      "rvolPercentile": 0.4479166666666667,
      "mfi14": 37.47259078694237,
      "ppo": {
        "ppo": 0.2578226934651753,
        "signal": 0.2811695152365002,
        "histogram": -0.02334682177132491
      },
      "stochRsi": {
        "k": 0,
        "d": 58.928571428571395
      },
      "vprofile": {
        "vpBins": [
          0,
          0.04963982173039274,
          0.07399507570440812,
          0,
          0.025990053036217937,
          0.016288900811178713,
          0.13538596806495573,
          0.13203645077148243,
          0,
          0.034308505971988895,
          0.04175116064131076,
          0.014430079059950904,
          0,
          0.15490676055058686,
          0.014623197538025831,
          0.26326680480866105,
          0,
          0.0344930516870558,
          0.00888416962378444,
          0
        ],
        "currentBinShare": 0.13203645077148243
      },
      "ttm": {
        "squeeze": false,
        "release": false,
        "widthPct": 2.636396955976459
      }
    },
    "min15": {
      "sma20": 0.037955,
      "sma50": 0.03799400000000003,
      "ema20": 0.03803947822846047,
      "ema50": 0.038066842947197206,
      "vwma20": 0.03804372945650912,
      "hma21": 0.038238961038961045,
      "atr14": 0.00016428571428571553,
      "atrPercentile": 0.8536585365853658,
      "rvolZ": -0.5968038824321665,
      "rvolPercentile": 0.3229166666666667,
      "mfi14": 36.52845645454832,
      "ppo": {
        "ppo": 0.22258533258367516,
        "signal": 0.0871815368216141,
        "histogram": 0.13540379576206107
      },
      "stochRsi": {
        "k": 76.92307692307675,
        "d": 62.6984126984126
      },
      "vprofile": {
        "vpBins": [
          0,
          0.034582786211641126,
          0.12346960167515894,
          0,
          0.008037387719428465,
          0.019457460303659576,
          0.17894715593852542,
          0.0972152652789566,
          0,
          0.05156422226267827,
          0.05789607734707691,
          0,
          0,
          0.06059373453038529,
          0.029213435011751127,
          0.30537967825036477,
          0,
          0.0173805082111125,
          0.016262687259260916,
          0
        ],
        "currentBinShare": 0.0972152652789566
      },
      "ttm": {
        "squeeze": false,
        "release": false,
        "widthPct": 2.613005141502804
      }
    },
    "hourly": {
      "sma20": 0.038020000000000005,
      "sma50": 0.03834600000000001,
      "ema20": 0.038061937458741965,
      "ema50": 0.03818619180358639,
      "vwma20": 0.03807299699809894,
      "hma21": 0.03776666666666667,
      "atr14": 0.0002785714285714306,
      "atrPercentile": 0.2701863354037267,
      "rvolZ": -0.5070314416005617,
      "rvolPercentile": 0.18154761904761904,
      "mfi14": 48.87976438491883,
      "ppo": {
        "ppo": -0.21823617512668841,
        "signal": -0.3481329639527405,
        "histogram": 0.1298967888260521
      },
      "stochRsi": {
        "k": 90.51724137931029,
        "d": 51.111111111111136
      },
      "vprofile": {
        "vpBins": [
          0.012539730470020351,
          0.011471872662475726,
          0.003990255228554113,
          0.04053302171684558,
          0.0395489042409999,
          0.026439824784725164,
          0.054773941337800225,
          0.04952722143453754,
          0.11045471872407651,
          0.04123575246808799,
          0.04647973983337342,
          0.11818454332444353,
          0.17020815480482354,
          0.03450835472016386,
          0.0634528455732135,
          0.0741124546601333,
          0.04997748155441306,
          0.016191600858452095,
          0.03636958160286072,
          0
        ],
        "currentBinShare": 0.11045471872407651
      },
      "ttm": {
        "squeeze": false,
        "release": false,
        "widthPct": 2.366590611089318
      }
    },
    "fourHour": {
      "sma20": 0.038085000000000015,
      "sma50": 0.038576,
      "ema20": 0.038272254722897275,
      "ema50": 0.038829277238778215,
      "vwma20": 0.03788763566250799,
      "hma21": 0.03859567099567099,
      "atr14": 0.00047142857142857105,
      "atrPercentile": 0.04285714285714286,
      "rvolZ": 0.7073698326489143,
      "rvolPercentile": 0.8452380952380952,
      "mfi14": 61.6263271681701,
      "ppo": {
        "ppo": -0.37427793321534975,
        "signal": -0.36331197783495767,
        "histogram": -0.010965955380392078
      },
      "stochRsi": {
        "k": 46.01307189542458,
        "d": 54.53968253968251
      },
      "vprofile": {
        "vpBins": [
          0.028250017413509382,
          0.01400404263819958,
          0.1944871964937001,
          0.10257325994869812,
          0.13455019419507988,
          0.1882571063934633,
          0.15303158385064075,
          0.01315997753769669,
          0.004057416730124657,
          0.029757602019663643,
          0.0046395260499715795,
          0.031950789570988014,
          0.0014953708538194969,
          0.030079431129211322,
          0.030246422515442697,
          0.011996605349924432,
          0.014286703846201614,
          0.006371354548097861,
          0.006805398915566937,
          0
        ],
        "currentBinShare": 0.13455019419507988
      },
      "ttm": {
        "squeeze": false,
        "release": false,
        "widthPct": 5.80298771763408
      }
    },
    "daily": {
      "sma20": 0.040075,
      "sma50": 0.043786,
      "ema20": 0.03998470761908336,
      "ema50": 0.045457249130628465,
      "vwma20": 0,
      "hma21": 0.03685497835497837,
      "atr14": 0.0025214285714285716,
      "atrPercentile": 0.013157894736842105,
      "rvolZ": 0,
      "rvolPercentile": 1,
      "mfi14": 50,
      "ppo": {
        "ppo": -4.278054051612355,
        "signal": -4.830723894962067,
        "histogram": 0.5526698433497117
      },
      "stochRsi": {
        "k": 0,
        "d": 39.60510754251472
      },
      "vprofile": {
        "vpBins": [
          0,
          0,
          0,
          0,
          0,
          0,
          0,
          0,
          0,
          0,
          0,
          0,
          0,
          0,
          0,
          0,
          0,
          0,
          0,
          0
        ],
        "currentBinShare": 0
      },
      "ttm": {
        "squeeze": false,
        "release": false,
        "widthPct": 21.817443101142402
      }
    }
  },
  "smaMin5": 0.038165,
  "emaMin5": 0.038168525809121535,
  "vwmaMin5": 0.038172497104288446,
  "hmaMin5": 0.038384415584415583,
  "keltner15": {
    "upper": 0.03836947822846047,
    "middle": 0.03803947822846047,
    "lower": 0.037709478228460463
  },
  "superTrend15": {
    "isBull": true,
    "finalUpper": 0.038860000000000006,
    "finalLower": 0.03753999999999999
  },
  "mfi15": 36.52845645454832,
  "stochRsi15": {
    "k": 76.92307692307675,
    "d": 62.6984126984126
  },
  "ppo15": {
    "ppo": 0.22258533258367516,
    "signal": 0.0871815368216141,
    "histogram": 0.13540379576206107
  },
  "vpMin15": {
    "vpBins": [
      0,
      0.034582786211641126,
      0.12346960167515894,
      0,
      0.008037387719428465,
      0.019457460303659576,
      0.17894715593852542,
      0.0972152652789566,
      0,
      0.05156422226267827,
      0.05789607734707691,
      0,
      0,
      0.06059373453038529,
      0.029213435011751127,
      0.30537967825036477,
      0,
      0.0173805082111125,
      0.016262687259260916,
      0
    ],
    "currentBinShare": 0.0972152652789566
  },
  "ttm15": {
    "squeeze": false,
    "release": false,
    "widthPct": 2.613005141502804
  },
  "marketCorrelation": {
    "hourly": {
      "btcCorrelation": 0,
      "ethCorrelation": 0,
      "btcBeta": 1,
      "ethBeta": 1,
      "btcTrend": "UNKNOWN",
      "ethTrend": "UNKNOWN",
      "tokenVol": 0,
      "btcVol": 0,
      "ethVol": 0,
      "marketDependence": 0,
      "verdict": "INSUFFICIENT_DATA"
    },
    "min15": {
      "btcCorrelation": 0,
      "ethCorrelation": 0,
      "btcBeta": 1,
      "ethBeta": 1,
      "btcTrend": "UNKNOWN",
      "ethTrend": "UNKNOWN",
      "tokenVol": 0,
      "btcVol": 0,
      "ethVol": 0,
      "marketDependence": 0,
      "verdict": "INSUFFICIENT_DATA"
    },
    "daily": {
      "btcCorrelation": 0,
      "ethCorrelation": 0,
      "btcBeta": 1,
      "ethBeta": 1,
      "btcTrend": "UNKNOWN",
      "ethTrend": "UNKNOWN",
      "tokenVol": 0,
      "btcVol": 0,
      "ethVol": 0,
      "marketDependence": 0,
      "verdict": "INSUFFICIENT_DATA"
    }
  },
  "tradeTape": {
    "totalTrades": 0,
    "totalVolume": 0,
    "buysVolume": 0,
    "sellsVolume": 0,
    "buySellRatio": 0.5,
    "vwap": 0,
    "signedVolume": 0,
    "avgTradeSize": 0,
    "tradesPerSec": 0,
    "cumulativeDelta": 0,
    "tradesLast1m": 0,
    "tradesLast5m": 0,
    "tradesLast15m": 0,
    "tradesLast1h": 0,
    "buyVWAP": 0,
    "sellVWAP": 0,
    "aggressorVWAP": 0,
    "bucketDurationMs": 60000,
    "bucketCount": 15,
    "bucketSignedVolumes": [],
    "bucketVolumes": [],
    "bucketVWAPs": [],
    "latestBucketSignedZ": 0
  },
  "enhancedMetrics": {
    "relativeVolumeZScore": -1,
    "volumePercentile": 40,
    "atrPercentile": 41.97080291970803,
    "volatilityPercentile": 17.405063291139243,
    "relativeVolatilityRatio": 1.636650444881673,
    "isHighVolume": false,
    "isHighVolatility": false,
    "isLowVolatility": true,
    "isExpandingVolatility": true,
    "isContractingVolatility": false
  },
  "orderBook": {
    "bidAskSpread": 0,
    "spreadPct": 0,
    "midPrice": 0,
    "bestBid": 0,
    "bestAsk": 0,
    "bidDepth": 0,
    "askDepth": 0,
    "orderBookImbalance": 0,
    "liquidityScore": 0,
    "depthAt1Pct": {
      "bidVolume": 0,
      "askVolume": 0,
      "imbalance": 0
    },
    "depthAt2Pct": {
      "bidVolume": 0,
      "askVolume": 0,
      "imbalance": 0
    },
    "depthAt5Pct": {
      "bidVolume": 0,
      "askVolume": 0,
      "imbalance": 0
    },
    "weightedMidPrice": 0,
    "volumeWeightedSpread": 0,
    "totalBidLevels": 0,
    "totalAskLevels": 0
  },
  "marketCap": {
    "marketCap": 0,
    "totalVolume24h": 0,
    "volumeToMarketCapRatio": 0,
    "marketCapRank": 0,
    "normalizedRank": 0,
    "isHighLiquidity": false,
    "isVeryHighLiquidity": false,
    "isLowLiquidity": true,
    "liquidityTier": "VERY_LOW"
  },
  "sweeps": {
    "sweepScore": 0,
    "sweepCount": 0,
    "sweepDirection": "NEUTRAL",
    "buySweeps": 0,
    "sellSweeps": 0,
    "avgSweepSize": 0,
    "avgSweepIntensity": 0,
    "bidLiftRatio": 0,
    "askLiftRatio": 0,
    "sweepFrequency": 0,
    "largestSweep": null,
    "recentSweepClusters": 0,
    "sweepDetails": []
  },
  "absorption": {
    "absorptionScore": 0,
    "absorptionLevel": null,
    "absorptionSide": "NONE",
    "icebergProbability": 0,
    "hiddenLiquidityEstimate": 0,
    "volumeAtPrice": {},
    "topAbsorptionLevels": [],
    "persistenceDuration": 0,
    "refillDetected": false
  },
  "orderArrival": {
    "avgInterArrivalTime": 0,
    "recentInterArrivalTime": 0,
    "accelerationRatio": 1,
    "hawkesIntensity": 0,
    "hawkesDirection": "NEUTRAL",
    "clusteringScore": 0,
    "burstCount": 0,
    "cascadeDetected": false,
    "timeToNextTrade": 0,
    "accelerationTrend": "STABLE"
  },
  "liquidityVacuum": {
    "vacuumScore": 0,
    "vacuumSide": "NONE",
    "bidVacuumSeverity": 0,
    "askVacuumSeverity": 0,
    "depthConcentration": 0,
    "priceImpact10k": 0,
    "priceImpact50k": 0,
    "priceImpact100k": 0,
    "largestGapBid": 0,
    "largestGapAsk": 0,
    "avgGapBid": 0,
    "avgGapAsk": 0,
    "bidCliffDistance": 0,
    "askCliffDistance": 0
  },
  "volatilityRegime": {
    "regime": "LOW",
    "regimeScore": -1,
    "currentATR": 0.002546,
    "avgATR": 0.00457,
    "atrPercentile": 1.3,
    "realizedVolatility": 83.93,
    "volPercentile": 25.4,
    "expanding": false,
    "contracting": true,
    "transitionProbability": 0.4,
    "daysInRegime": 15,
    "regimeStrength": 0.66
  },
  "temporalPatterns": {
    "currentHour": 19,
    "currentDay": 0,
    "currentDayName": "Sunday",
    "dayBias": "NEUTRAL",
    "hourlyProfile": [
      {
        "avgVolume": 460291.2,
        "avgATR": 0.000357,
        "avgReturn": -0.155
      },
      {
        "avgVolume": 374893.91,
        "avgATR": 0.000286,
        "avgReturn": 0.25
      },
      {
        "avgVolume": 629942.86,
        "avgATR": 0.000271,
        "avgReturn": 0.11
      },
      {
        "avgVolume": 300066.14,
        "avgATR": 0.000321,
        "avgReturn": 0.024
      },
      {
        "avgVolume": 437937.06,
        "avgATR": 0.00025,
        "avgReturn": -0.06
      },
      {
        "avgVolume": 332037.76,
        "avgATR": 0.000236,
        "avgReturn": 0.087
      },
      {
        "avgVolume": 426911.76,
        "avgATR": 0.000257,
        "avgReturn": -0.188
      },
      {
        "avgVolume": 268271.6,
        "avgATR": 0.0003,
        "avgReturn": 0.325
      },
      {
        "avgVolume": 330896.46,
        "avgATR": 0.0003,
        "avgReturn": 0.048
      },
      {
        "avgVolume": 288593.5,
        "avgATR": 0.000321,
        "avgReturn": 0.02
      },
      {
        "avgVolume": 238707.25,
        "avgATR": 0.000271,
        "avgReturn": -0.145
      },
      {
        "avgVolume": 596958.79,
        "avgATR": 0.000329,
        "avgReturn": -0.162
      },
      {
        "avgVolume": 693963.67,
        "avgATR": 0.000414,
        "avgReturn": -0.104
      },
      {
        "avgVolume": 1631070.06,
        "avgATR": 0.000657,
        "avgReturn": -0.171
      },
      {
        "avgVolume": 1000008.82,
        "avgATR": 0.000693,
        "avgReturn": -0.524
      },
      {
        "avgVolume": 444212.29,
        "avgATR": 0.000471,
        "avgReturn": 0.271
      },
      {
        "avgVolume": 690997.27,
        "avgATR": 0.000523,
        "avgReturn": -0.493
      },
      {
        "avgVolume": 880131.66,
        "avgATR": 0.000607,
        "avgReturn": 0.138
      },
      {
        "avgVolume": 470123.48,
        "avgATR": 0.000357,
        "avgReturn": 0.289
      },
      {
        "avgVolume": 450271.78,
        "avgATR": 0.000321,
        "avgReturn": 0.003
      },
      {
        "avgVolume": 341684.79,
        "avgATR": 0.000321,
        "avgReturn": -0.233
      },
      {
        "avgVolume": 259814.79,
        "avgATR": 0.000343,
        "avgReturn": -0.062
      },
      {
        "avgVolume": 524095.81,
        "avgATR": 0.000429,
        "avgReturn": -0.14
      },
      {
        "avgVolume": 265228.41,
        "avgATR": 0.000279,
        "avgReturn": -0.051
      }
    ],
    "dailyProfile": [
      {
        "avgVolume": 739449,
        "avgATR": 0.00045,
        "avgReturn": -0.192
      },
      {
        "avgVolume": 689193.02,
        "avgATR": 0.000412,
        "avgReturn": -0.087
      },
      {
        "avgVolume": 424888.5,
        "avgATR": 0.000267,
        "avgReturn": 0.108
      },
      {
        "avgVolume": 476478.29,
        "avgATR": 0.000343,
        "avgReturn": 0.119
      },
      {
        "avgVolume": 724932.2,
        "avgATR": 0.000458,
        "avgReturn": -0.106
      },
      {
        "avgVolume": 202951.27,
        "avgATR": 0.000398,
        "avgReturn": -0.116
      },
      {
        "avgVolume": 335962.64,
        "avgATR": 0.000269,
        "avgReturn": 0.017
      }
    ],
    "favorableHours": [
      13,
      14,
      17,
      12,
      16,
      2
    ],
    "favorableWindow": false,
    "currentVsAvgVolume": 0,
    "currentVsAvgVolatility": 0,
    "anomalyDetected": true,
    "timeUntilFavorable": 7,
    "temporalScore": 0
  },
  "unifiedMicrostructure": {
    "signalDirections": {
      "vpin": "NEUTRAL",
      "sweeps": "NEUTRAL",
      "absorption": "NEUTRAL",
      "arrival": "NEUTRAL",
      "vacuum": "NONE",
      "volRegime": "FAVORABLE",
      "temporal": "UNFAVORABLE"
    },
    "consensusDirection": "NEUTRAL",
    "consensusStrength": 50,
    "bullishSignals": 1,
    "bearishSignals": 1,
    "neutralSignals": 0,
    "totalAvailableSignals": 2,
    "dominantPattern": "NONE",
    "clusters": {
      "strongBuyCluster": false,
      "distributionPattern": false,
      "accumulationPattern": false,
      "momentumCascade": false
    },
    "adaptiveWeights": {
      "vpin": 0,
      "sweeps": 0,
      "absorption": 0,
      "arrival": 0,
      "vacuum": 0,
      "volRegime": 0.021,
      "temporal": 0.02
    },
    "convictionLevel": "LOW",
    "convictionScore": 30,
    "riskAdjustment": "REDUCE",
    "timingQuality": "UNFAVORABLE",
    "signalQuality": "LOW"
  },
  "deltaAnalysis": {
    "currentDelta": 0,
    "cumulativeDelta": 0,
    "deltaPerVolume": 0,
    "deltaDirection": "NEUTRAL",
    "deltaDivergence": false,
    "institutionalRatio": 0,
    "aggressionScore": 0
  },
  "volumeProfile": {
    "pointOfControl": 0,
    "valueAreaHigh": 0,
    "valueAreaLow": 0,
    "currentPosition": "ABOVE_VALUE_AREA",
    "volumeNodes": [],
    "airPockets": []
  },
  "momentumCascade": {
    "cascadeDetected": false,
    "alignmentScore": 0.0019159647783217118,
    "cascadeStrength": 0,
    "acceleratingTimeframes": [
      "1h"
    ],
    "divergingTimeframes": [
      "1m",
      "5m",
      "15m"
    ]
  },
  "breakoutConfirmation": {
    "breakoutConfirmed": false,
    "volumeConfirmation": false,
    "retestStrength": 0,
    "falseBreakoutRisk": 0,
    "breakoutQuality": "NO_BREAKOUT"
  },
  "liquidityHeatmap": {
    "liquidityScore": 0,
    "magnetDirection": "NONE",
    "magnetStrength": 0,
    "priceTarget5pct": null,
    "message": "No order book data"
  },
  "smartMoneyDivergence": {
    "divergenceDetected": false,
    "divergenceDirection": "NONE",
    "smartMoneyScore": 0.5,
    "message": "Insufficient trade data"
  },
  "microstructure": {
    "raw": -0.033220456435369125,
    "pct": 49,
    "summary": {
      "latestBucketSignedZ": 0,
      "buySellRatio": 0.5,
      "tradesPerSec": 0,
      "vwap": 0,
      "aggressorVWAP": 0,
      "vpinToxicity": "UNKNOWN",
      "sweepDirection": "NEUTRAL",
      "absorptionSide": "NONE",
      "icebergDetected": false,
      "hawkesDirection": "NEUTRAL",
      "cascadeDetected": false,
      "vacuumSide": "NONE",
      "volatilityRegime": "LOW",
      "volExpanding": false,
      "favorableTimeWindow": false,
      "temporalAnomaly": true,
      "consensusDirection": "NEUTRAL",
      "consensusStrength": 50,
      "dominantPattern": "NONE",
      "convictionLevel": "LOW",
      "riskAdjustment": "REDUCE",
      "timingQuality": "UNFAVORABLE",
      "deltaDirection": "NEUTRAL",
      "deltaDivergence": false,
      "institutionalRatio": 0,
      "volumeProfilePosition": "ABOVE_VALUE_AREA",
      "pointOfControl": 0,
      "momentumCascadeDetected": false,
      "cascadeStrength": 0,
      "breakoutQuality": "NO_BREAKOUT",
      "breakoutConfirmed": false,
      "magnetDirection": "NONE",
      "magnetStrength": 0,
      "priceTarget5pct": null,
      "nearestBidWall": 0,
      "nearestAskWall": 0,
      "divergenceDetected": false,
      "divergenceDirection": "NONE",
      "whaleAccumulation": false,
      "whaleDistribution": false,
      "retailPanic": false,
      "smartMoneyScore": 0.5
    }
  }
}

=== MICROSTRUCTURE ALERTS ===

🔬 VPIN: Insufficient data for VPIN analysis

🌊 SWEEP DETECTION: No significant sweeps detected

🧊 ABSORPTION & ICEBERG: No significant absorption or iceberg orders detected

⚡ ORDER ARRIVAL DYNAMICS: Insufficient trades for analysis

🌪️ LIQUIDITY VACUUM: No significant vacuum detected

📊 VOLATILITY REGIME DETECTION:
   Current Regime: LOW
   Regime Score: -1.00 (-1=low vol, +1=extreme vol)
   Days in Regime: 15
   ATR: $0.002546 (avg: $0.004570)
   ATR Percentile: 1.3%
   Realized Volatility: 83.93% (annualized)
   Vol Percentile: 25.4%

   🔵 LOW VOLATILITY REGIME:
   ✅ Ideal for breakout setups - price coiling
   ✅ Tight stops recommended
   ✅ Can increase position size (lower risk)

   📉 VOLATILITY CONTRACTING:
   🔄 Consolidation phase - accumulation likely
   ⏳ Wait for expansion before entering

   📍 MODERATE REGIME TRANSITION PROBABILITY: 40%
   Monitor for potential regime change

   ✅ STABLE REGIME: 15 days - predictable conditions

⏰ TEMPORAL PATTERN ANALYSIS:
   Current Time: Sunday 19:00 UTC
   Day Bias: NEUTRAL
   Current vs Avg Volume: 0x
   Current vs Avg Volatility: 0x

   ⏳ NON-FAVORABLE TIME WINDOW:
   This hour typically shows weaker activity
   Next favorable window in 7 hour(s)

   ⚠️ LOW ACTIVITY ANOMALY:
   Volume 0x below typical - Extremely quiet

   📉 LOW VOLATILITY ANOMALY:
   Volatility 0x below typical - Consolidation likely

   🔥 Best Trading Hours (UTC): 13:00, 14:00, 17:00

🎯 UNIFIED MICROSTRUCTURE INTEGRATION:
   Signal Consensus: NEUTRAL (50% agreement)
   Available Signals: 2 (1 bullish / 1 bearish / 0 neutral)
   Conviction Level: LOW (30%)
   Signal Quality: LOW
   Risk Adjustment: REDUCE
   Timing Quality: UNFAVORABLE

   ⚠️ LOW CONVICTION: Only 50% signal agreement
   Weak alignment - Reduce position size or wait for clarity

   ⚠️ RISK REDUCTION RECOMMENDED: Extreme volatility or unfavorable timing detected

   ⏰ UNFAVORABLE TIMING: Avoid trading during this hour

   Signal Directions Breakdown:
   • VPIN: NEUTRAL
   • Sweeps: NEUTRAL
   • Absorption: NEUTRAL
   • Arrival Dynamics: NEUTRAL
   • Liquidity Vacuum: NONE
   • Vol Regime: FAVORABLE
   • Temporal: UNFAVORABLE

   Adaptive Weights (Total: 4.1%):
   • VPIN: 0.0%
   • Sweeps: 0.0%
   • Absorption: 0.0%
   • Arrival: 0.0%
   • Vacuum: 0.0%
   • Vol Regime: 2.1%
   • Temporal: 2.0%


💹 DELTA ANALYSIS (Order Flow Aggression):
   Direction: NEUTRAL
   Delta Per Volume: 0.00%
   Institutional Ratio: 0.0%
   Aggression Score: 0.0%

📊 VOLUME PROFILE (Support/Resistance Strength):
   Point of Control (POC): $0.000000
   Value Area High: $0.000000
   Value Area Low: $0.000000
   Current Position: ABOVE_VALUE_AREA
   ⚠️ DISTRIBUTION RISK: Price above value area - potential rejection zone

⚡ MOMENTUM CASCADE (Multi-Timeframe Alignment):
   Cascade Detected: NO
   Alignment Score: 0.2%
   Cascade Strength: 0.0%
   Accelerating: 1h
   Diverging: 1m, 5m, 15m

💥 BREAKOUT CONFIRMATION:
   Quality: NO_BREAKOUT
   Volume Confirmation: NO
   Retest Strength: 0.0%
   False Breakout Risk: 0.0%
   No breakout detected - price below resistance


levels:
Entry=0.0381236, StopLoss=0.03717051, TakeProfit=0.038250845000000006, 0.03837809, 0.038479886000000005

---

=== Token: STRK (STRK) ===
Contract: STRK-USD
Timestamp: 2025-03-19T15:40:00.000Z

Calculations:
{
  "momentumScore": 113.74146475983352,
  "volumeScore": 65.1319737448297,
  "patternScore": 67.99771342547989,
  "totalScore": 69.80820119796284,
  "finalScore": 69.80820119796284,
  "weights": "0.23,0.45,0.23",
  "hourlyUptrend": true,
  "rsi": 60,
  "ultraShortVolumeSurge": 1.7244770582025761,
  "baseVolumeSurge": 0.02158758270454998,
  "currentPrice": 0.178,
  "resistance": 0.178,
  "support": 0.175,
  "rocMin5": 0.011363636363636374,
  "shortROC": 0.005649717514124299,
  "priceAcceleration": 0.0028328839239856215,
  "buySellRatio": 0.3619856772315877,
  "macdHistogram": 0.00012570817006129706,
  "stochasticK": 75,
  "atr": 0.0008571428571428579,
  "bbUpper": 0.1793635642126553,
  "bbLower": 0.17363643578734478,
  "hammerDetected": true,
  "engulfingDetected": false,
  "compressionSpring": {
    "detected": true,
    "confidence": 56,
    "signals": {
      "sidewaysPrice": true,
      "atrCompression": false,
      "bbSqueeze": true,
      "consolidationTime": true,
      "strongBuying": false,
      "obvPositive": false,
      "chaikinPositive": false,
      "rsiNeutral": true,
      "volumeBuilding": true
    },
    "metrics": {
      "priceRange": 1.71,
      "atrRatio": 1,
      "bbWidth": 3.24,
      "volumeRatio": 1.159,
      "signalCount": 5,
      "buySellRatio": 0.362
    }
  },
  "riskTier": "HIGH",
  "atrPercent": 0.8025682182985562,
  "distanceToResistance": 2,
  "slPercent": 4,
  "tpPercent": 1.7,
  "trailingActivation": 1.02,
  "shortMomentumScore": 0,
  "overboughtScore": 0,
  "shortPatternScore": 0,
  "shootingStarDetected": false,
  "bearishEngulfingDetected": false,
  "eveningStarDetected": false,
  "bearishPatternsCount": 0,
  "shortTotalScore": 0,
  "chaikin": 0.29487547133783154,
  "obvIncreasing": true,
  "obvTrend": "increasing",
  "adx": 0,
  "recentCandles": {
    "redCount": 3,
    "greenCount": 7
  },
  "resistanceDistance": 100,
  "multiplePatterns": false,
  "bullishPattern": true,
  "priceAboveVWAP": true,
  "breakingResistance": false,
  "atrSufficient": false,
  "macdDivergenceBearish": true,
  "rvolMin1": 0.20754002079838468,
  "rvolMin5": 1.835934964294482,
  "atrPercentileOld": 1,
  "vwapDeviation": 2.157231107791055,
  "bbWidthPercent": 3.2448319690144665,
  "bbSqueeze": false,
  "multiTFMomentum": {
    "min1": {
      "roc1": 0.005681818181818187,
      "roc3": 0.005681818181818187
    },
    "min5": {
      "roc1": 0.005649717514124299,
      "roc3": 0.011363636363636374
    },
    "min15": {
      "roc1": 0.005649717514124299,
      "roc3": 0.011363636363636374
    },
    "hourly": {
      "roc1": 0.005649717514124299,
      "roc3": 0.005649717514124299
    },
    "fourHour": {
      "roc1": -0.005586592178770955,
      "roc3": 0.011363636363636374
    },
    "divergenceShortUpLongDown": true
  },
  "returnZMin5": 1.0154377089890994,
  "wickClosePct": 1,
  "wickUpper": 0,
  "wickLower": 0.0010000000000000009,
  "wickRatio": 1,
  "donchianBreakout15": false,
  "bbWidthPercentile15": 0.5064935064935064,
  "signedMin5": 290111.67000000004,
  "signedMin5Z": 33.89373951677582,
  "signedMin1": 128547.1,
  "signedMin1Z": 24.25615605223746,
  "streakMin1": {
    "upStreak": 0,
    "downStreak": 0
  },
  "streakMin5": {
    "upStreak": 0,
    "downStreak": 0
  },
  "rvolPercentileMin1": 0.8347222222222223,
  "rvolPercentileMin5": 0.9618055555555556,
  "perTfMetrics": {
    "min1": {
      "sma20": 0.17660000000000003,
      "sma50": 0.17699999999999996,
      "ema20": 0.17653596990674558,
      "ema50": 0.17645704735540968,
      "vwma20": 0.1767802636624922,
      "hma21": 0.1763376623376623,
      "atr14": 0.0007142857142857149,
      "atrPercentile": 0.6283987915407855,
      "rvolZ": 0.20754002079838468,
      "rvolPercentile": 0.8347222222222223,
      "mfi14": 35.833320583825454,
      "ppo": {
        "ppo": -0.06783863114717327,
        "signal": -0.03552528753431452,
        "histogram": -0.03231334361285875
      },
      "stochRsi": {
        "k": 22.22222222222223,
        "d": 45.23809523809524
      },
      "vprofile": {
        "vpBins": [
          0.08949160410012773,
          0,
          0.09002283072518204,
          0,
          0.1574354729792365,
          0,
          0.1357428867086418,
          0,
          0.15637996810093613,
          0,
          0,
          0.08617296073712191,
          0,
          0.13220306997507664,
          0,
          0.07051073792927037,
          0,
          0.06174993876815949,
          0,
          0.020290529976247435
        ],
        "currentBinShare": 0.07051073792927037
      },
      "ttm": {
        "squeeze": false,
        "release": false,
        "widthPct": 1.664432441302284
      }
    },
    "min5": {
      "sma20": 0.17675000000000002,
      "sma50": 0.17564,
      "ema20": 0.1765774609716721,
      "ema50": 0.1759555339158814,
      "vwma20": 0.17705985448696496,
      "hma21": 0.17637662337662333,
      "atr14": 0.0008571428571428579,
      "atrPercentile": 0.6715328467153284,
      "rvolZ": 1.835934964294482,
      "rvolPercentile": 0.9618055555555556,
      "mfi14": 52.4482632760975,
      "ppo": {
        "ppo": 0.1358912861287101,
        "signal": 0.135599267886666,
        "histogram": 0.000292018242044112
      },
      "stochRsi": {
        "k": 100,
        "d": 41.666666666666664
      },
      "vprofile": {
        "vpBins": [
          0.05157031956361731,
          0.03726052492648041,
          0.11198266060607374,
          0.08522918252961811,
          0,
          0.11639338159682558,
          0.2652946475614743,
          0.10130590031749248,
          0,
          0.054637822222213445,
          0.07439882250285491,
          0.025534762743519936,
          0,
          0.008421309204612622,
          0.04217319754942844,
          0.018209823135366985,
          0,
          0,
          0.006418198668508494,
          0.0011694468719131163
        ],
        "currentBinShare": 0.07439882250285491
      },
      "ttm": {
        "squeeze": false,
        "release": false,
        "widthPct": 1.8764496692251103
      }
    },
    "min15": {
      "sma20": 0.17650000000000005,
      "sma50": 0.17542000000000002,
      "ema20": 0.1763366877197242,
      "ema50": 0.17547362756203866,
      "vwma20": 0.17673173995704816,
      "hma21": 0.1769393939393938,
      "atr14": 0.0014285714285714299,
      "atrPercentile": 1,
      "rvolZ": 2.6554828729167643,
      "rvolPercentile": 0.9791666666666666,
      "mfi14": 54.9371493881884,
      "ppo": {
        "ppo": 0.31366352330829267,
        "signal": 0.30734789776220955,
        "histogram": 0.0063156255460831145
      },
      "stochRsi": {
        "k": 12.162162162162165,
        "d": 48.71794871794872
      },
      "vprofile": {
        "vpBins": [
          0.07988897282341868,
          0,
          0.0486388652750582,
          0,
          0.12992341237177138,
          0,
          0.11495775375577598,
          0,
          0.10491448886697713,
          0,
          0,
          0.21911137530783795,
          0,
          0.168766536702776,
          0,
          0.028669784994043178,
          0,
          0.09024367101637262,
          0,
          0.014885138885968924
        ],
        "currentBinShare": 0.09024367101637262
      },
      "ttm": {
        "squeeze": false,
        "release": false,
        "widthPct": 3.2448319690144665
      }
    },
    "hourly": {
      "sma20": 0.17525,
      "sma50": 0.17696,
      "ema20": 0.17562995990183913,
      "ema50": 0.17645223947274166,
      "vwma20": 0.17562752307249557,
      "hma21": 0.1761298701298701,
      "atr14": 0.0021428571428571447,
      "atrPercentile": 0.13664596273291926,
      "rvolZ": 0.00047995738193292814,
      "rvolPercentile": 0.7321428571428571,
      "mfi14": 36.600665967812915,
      "ppo": {
        "ppo": 0.1777456734837226,
        "signal": -0.11930240049517206,
        "histogram": 0.29704807397889466
      },
      "stochRsi": {
        "k": 45.34412955465598,
        "d": 54.385964912280706
      },
      "vprofile": {
        "vpBins": [
          0.00540335253002239,
          0,
          0.007759066812629167,
          0.02807191178027061,
          0.032445692098702204,
          0.029533211511110775,
          0.019433582470448695,
          0.03346537568603365,
          0.08063803269956776,
          0.08478457663356907,
          0.056382327038605275,
          0.053053711288643994,
          0.049504758570198065,
          0.21862521450170053,
          0.04270090539262126,
          0.051636064097860465,
          0.10585630383224603,
          0.06326331592882276,
          0.02942948598262567,
          0.008013111144321393
        ],
        "currentBinShare": 0.04270090539262126
      },
      "ttm": {
        "squeeze": false,
        "release": false,
        "widthPct": 3.9450809740242203
      }
    },
    "fourHour": {
      "sma20": 0.17804999999999999,
      "sma50": 0.17407999999999998,
      "ema20": 0.17718077617295638,
      "ema50": 0.17601345312799543,
      "vwma20": 0.1788669506612041,
      "hma21": 0.17306493506493517,
      "atr14": 0.005071428571428572,
      "atrPercentile": 0.07142857142857142,
      "rvolZ": -0.1244028210310886,
      "rvolPercentile": 0.6071428571428571,
      "mfi14": 55.419011125202154,
      "ppo": {
        "ppo": -0.09632842229564666,
        "signal": 0.1805787778796016,
        "histogram": -0.2769072001752483
      },
      "stochRsi": {
        "k": 56.75675675675671,
        "d": 46.76962676962677
      },
      "vprofile": {
        "vpBins": [
          0,
          0,
          0.01042377740420454,
          0.026857040723063642,
          0,
          0.027570406146490107,
          0.04236424310822288,
          0.06063539250577012,
          0.011339816293134002,
          0.14844576104722856,
          0.02664538888812573,
          0.043055426145606854,
          0.07613281519595172,
          0.10849220798969818,
          0.0901568896996716,
          0.04572634178597084,
          0.16852646683255987,
          0.07386414212382578,
          0.015099186749657158,
          0.024664697360818326
        ],
        "currentBinShare": 0.0901568896996716
      },
      "ttm": {
        "squeeze": false,
        "release": false,
        "widthPct": 8.772377944698416
      }
    },
    "daily": {
      "sma20": 0.18175,
      "sma50": 0.22127999999999998,
      "ema20": 0.185149938047667,
      "ema50": 0.23269488646315753,
      "vwma20": 0,
      "hma21": 0.15653246753246752,
      "atr14": 0.01685714285714286,
      "atrPercentile": 0.013157894736842105,
      "rvolZ": 0,
      "rvolPercentile": 1,
      "mfi14": 50,
      "ppo": {
        "ppo": -7.853214365752137,
        "signal": -9.705047479107936,
        "histogram": 1.8518331133557986
      },
      "stochRsi": {
        "k": 90.37219204228457,
        "d": 45.5334336799854
      },
      "vprofile": {
        "vpBins": [
          0,
          0,
          0,
          0,
          0,
          0,
          0,
          0,
          0,
          0,
          0,
          0,
          0,
          0,
          0,
          0,
          0,
          0,
          0,
          0
        ],
        "currentBinShare": 0
      },
      "ttm": {
        "squeeze": false,
        "release": false,
        "widthPct": 43.07592007413284
      }
    }
  },
  "smaMin5": 0.17675000000000002,
  "emaMin5": 0.1765774609716721,
  "vwmaMin5": 0.17705985448696496,
  "hmaMin5": 0.17637662337662333,
  "keltner15": {
    "upper": 0.1785866877197242,
    "middle": 0.1763366877197242,
    "lower": 0.1740866877197242
  },
  "superTrend15": {
    "isBull": true,
    "finalUpper": 0.182,
    "finalLower": 0.173
  },
  "mfi15": 54.9371493881884,
  "stochRsi15": {
    "k": 12.162162162162165,
    "d": 48.71794871794872
  },
  "ppo15": {
    "ppo": 0.31366352330829267,
    "signal": 0.30734789776220955,
    "histogram": 0.0063156255460831145
  },
  "vpMin15": {
    "vpBins": [
      0.07988897282341868,
      0,
      0.0486388652750582,
      0,
      0.12992341237177138,
      0,
      0.11495775375577598,
      0,
      0.10491448886697713,
      0,
      0,
      0.21911137530783795,
      0,
      0.168766536702776,
      0,
      0.028669784994043178,
      0,
      0.09024367101637262,
      0,
      0.014885138885968924
    ],
    "currentBinShare": 0.09024367101637262
  },
  "ttm15": {
    "squeeze": false,
    "release": false,
    "widthPct": 3.2448319690144665
  },
  "marketCorrelation": {
    "hourly": {
      "btcCorrelation": 0,
      "ethCorrelation": 0,
      "btcBeta": 1,
      "ethBeta": 1,
      "btcTrend": "UNKNOWN",
      "ethTrend": "UNKNOWN",
      "tokenVol": 0,
      "btcVol": 0,
      "ethVol": 0,
      "marketDependence": 0,
      "verdict": "INSUFFICIENT_DATA"
    },
    "min15": {
      "btcCorrelation": 0,
      "ethCorrelation": 0,
      "btcBeta": 1,
      "ethBeta": 1,
      "btcTrend": "UNKNOWN",
      "ethTrend": "UNKNOWN",
      "tokenVol": 0,
      "btcVol": 0,
      "ethVol": 0,
      "marketDependence": 0,
      "verdict": "INSUFFICIENT_DATA"
    },
    "daily": {
      "btcCorrelation": 0,
      "ethCorrelation": 0,
      "btcBeta": 1,
      "ethBeta": 1,
      "btcTrend": "UNKNOWN",
      "ethTrend": "UNKNOWN",
      "tokenVol": 0,
      "btcVol": 0,
      "ethVol": 0,
      "marketDependence": 0,
      "verdict": "INSUFFICIENT_DATA"
    }
  },
  "tradeTape": {
    "totalTrades": 0,
    "totalVolume": 0,
    "buysVolume": 0,
    "sellsVolume": 0,
    "buySellRatio": 0.5,
    "vwap": 0,
    "signedVolume": 0,
    "avgTradeSize": 0,
    "tradesPerSec": 0,
    "cumulativeDelta": 0,
    "tradesLast1m": 0,
    "tradesLast5m": 0,
    "tradesLast15m": 0,
    "tradesLast1h": 0,
    "buyVWAP": 0,
    "sellVWAP": 0,
    "aggressorVWAP": 0,
    "bucketDurationMs": 60000,
    "bucketCount": 15,
    "bucketSignedVolumes": [],
    "bucketVolumes": [],
    "bucketVWAPs": [],
    "latestBucketSignedZ": 0
  },
  "enhancedMetrics": {
    "relativeVolumeZScore": -1,
    "volumePercentile": 40,
    "atrPercentile": 66.78832116788321,
    "volatilityPercentile": 39.55696202531646,
    "relativeVolatilityRatio": 1.2293629919854745,
    "isHighVolume": false,
    "isHighVolatility": false,
    "isLowVolatility": false,
    "isExpandingVolatility": true,
    "isContractingVolatility": false
  },
  "orderBook": {
    "bidAskSpread": 0,
    "spreadPct": 0,
    "midPrice": 0,
    "bestBid": 0,
    "bestAsk": 0,
    "bidDepth": 0,
    "askDepth": 0,
    "orderBookImbalance": 0,
    "liquidityScore": 0,
    "depthAt1Pct": {
      "bidVolume": 0,
      "askVolume": 0,
      "imbalance": 0
    },
    "depthAt2Pct": {
      "bidVolume": 0,
      "askVolume": 0,
      "imbalance": 0
    },
    "depthAt5Pct": {
      "bidVolume": 0,
      "askVolume": 0,
      "imbalance": 0
    },
    "weightedMidPrice": 0,
    "volumeWeightedSpread": 0,
    "totalBidLevels": 0,
    "totalAskLevels": 0
  },
  "marketCap": {
    "marketCap": 0,
    "totalVolume24h": 0,
    "volumeToMarketCapRatio": 0,
    "marketCapRank": 0,
    "normalizedRank": 0,
    "isHighLiquidity": false,
    "isVeryHighLiquidity": false,
    "isLowLiquidity": true,
    "liquidityTier": "VERY_LOW"
  },
  "sweeps": {
    "sweepScore": 0,
    "sweepCount": 0,
    "sweepDirection": "NEUTRAL",
    "buySweeps": 0,
    "sellSweeps": 0,
    "avgSweepSize": 0,
    "avgSweepIntensity": 0,
    "bidLiftRatio": 0,
    "askLiftRatio": 0,
    "sweepFrequency": 0,
    "largestSweep": null,
    "recentSweepClusters": 0,
    "sweepDetails": []
  },
  "absorption": {
    "absorptionScore": 0,
    "absorptionLevel": null,
    "absorptionSide": "NONE",
    "icebergProbability": 0,
    "hiddenLiquidityEstimate": 0,
    "volumeAtPrice": {},
    "topAbsorptionLevels": [],
    "persistenceDuration": 0,
    "refillDetected": false
  },
  "orderArrival": {
    "avgInterArrivalTime": 0,
    "recentInterArrivalTime": 0,
    "accelerationRatio": 1,
    "hawkesIntensity": 0,
    "hawkesDirection": "NEUTRAL",
    "clusteringScore": 0,
    "burstCount": 0,
    "cascadeDetected": false,
    "timeToNextTrade": 0,
    "accelerationTrend": "STABLE"
  },
  "liquidityVacuum": {
    "vacuumScore": 0,
    "vacuumSide": "NONE",
    "bidVacuumSeverity": 0,
    "askVacuumSeverity": 0,
    "depthConcentration": 0,
    "priceImpact10k": 0,
    "priceImpact50k": 0,
    "priceImpact100k": 0,
    "largestGapBid": 0,
    "largestGapAsk": 0,
    "avgGapBid": 0,
    "avgGapAsk": 0,
    "bidCliffDistance": 0,
    "askCliffDistance": 0
  },
  "volatilityRegime": {
    "regime": "NORMAL",
    "regimeScore": 0,
    "currentATR": 0.017615,
    "avgATR": 0.020228,
    "atrPercentile": 3.9,
    "realizedVolatility": 102.9,
    "volPercentile": 98.3,
    "expanding": false,
    "contracting": false,
    "transitionProbability": 0,
    "daysInRegime": 1,
    "regimeStrength": 0.89
  },
  "temporalPatterns": {
    "currentHour": 19,
    "currentDay": 0,
    "currentDayName": "Sunday",
    "dayBias": "NEUTRAL",
    "hourlyProfile": [
      {
        "avgVolume": 45718.25,
        "avgATR": 0.003429,
        "avgReturn": -0.544
      },
      {
        "avgVolume": 34911.43,
        "avgATR": 0.003786,
        "avgReturn": 0.058
      },
      {
        "avgVolume": 39996.38,
        "avgATR": 0.0025,
        "avgReturn": 0.224
      },
      {
        "avgVolume": 40502.93,
        "avgATR": 0.002,
        "avgReturn": 0.023
      },
      {
        "avgVolume": 99240.22,
        "avgATR": 0.002571,
        "avgReturn": 0.421
      },
      {
        "avgVolume": 44793.43,
        "avgATR": 0.002429,
        "avgReturn": 0.099
      },
      {
        "avgVolume": 30386.04,
        "avgATR": 0.001857,
        "avgReturn": 0.095
      },
      {
        "avgVolume": 59776.11,
        "avgATR": 0.002071,
        "avgReturn": 0.39
      },
      {
        "avgVolume": 41742.4,
        "avgATR": 0.002643,
        "avgReturn": 0.255
      },
      {
        "avgVolume": 78650.32,
        "avgATR": 0.002786,
        "avgReturn": 0.127
      },
      {
        "avgVolume": 50253.46,
        "avgATR": 0.002357,
        "avgReturn": 0.29
      },
      {
        "avgVolume": 43411.77,
        "avgATR": 0.0025,
        "avgReturn": -0.051
      },
      {
        "avgVolume": 81982.08,
        "avgATR": 0.003071,
        "avgReturn": -0.072
      },
      {
        "avgVolume": 68919.21,
        "avgATR": 0.004,
        "avgReturn": -0.658
      },
      {
        "avgVolume": 113151.81,
        "avgATR": 0.0035,
        "avgReturn": -0.462
      },
      {
        "avgVolume": 99622.16,
        "avgATR": 0.003857,
        "avgReturn": 0.553
      },
      {
        "avgVolume": 77232.67,
        "avgATR": 0.004,
        "avgReturn": -0.387
      },
      {
        "avgVolume": 148597.1,
        "avgATR": 0.003571,
        "avgReturn": -0.588
      },
      {
        "avgVolume": 66178.69,
        "avgATR": 0.003643,
        "avgReturn": 0.453
      },
      {
        "avgVolume": 54324.74,
        "avgATR": 0.002857,
        "avgReturn": 0.259
      },
      {
        "avgVolume": 27971.38,
        "avgATR": 0.001929,
        "avgReturn": -0.073
      },
      {
        "avgVolume": 38735.76,
        "avgATR": 0.002571,
        "avgReturn": -0.146
      },
      {
        "avgVolume": 31642.25,
        "avgATR": 0.0025,
        "avgReturn": 0.207
      },
      {
        "avgVolume": 44572.94,
        "avgATR": 0.002214,
        "avgReturn": -0.413
      }
    ],
    "dailyProfile": [
      {
        "avgVolume": 55477.59,
        "avgATR": 0.002938,
        "avgReturn": -0.394
      },
      {
        "avgVolume": 73677.55,
        "avgATR": 0.003208,
        "avgReturn": -0.055
      },
      {
        "avgVolume": 44860.14,
        "avgATR": 0.002896,
        "avgReturn": 0.097
      },
      {
        "avgVolume": 91517.17,
        "avgATR": 0.002809,
        "avgReturn": 0.269
      },
      {
        "avgVolume": 63465.24,
        "avgATR": 0.002917,
        "avgReturn": 0.019
      },
      {
        "avgVolume": 38289.27,
        "avgATR": 0.002979,
        "avgReturn": 0.036
      },
      {
        "avgVolume": 59518.74,
        "avgATR": 0.00225,
        "avgReturn": 0.06
      }
    ],
    "favorableHours": [
      17,
      14,
      15,
      4,
      12,
      9
    ],
    "favorableWindow": false,
    "currentVsAvgVolume": 0,
    "currentVsAvgVolatility": 0,
    "anomalyDetected": true,
    "timeUntilFavorable": 9,
    "temporalScore": 0
  },
  "unifiedMicrostructure": {
    "signalDirections": {
      "vpin": "NEUTRAL",
      "sweeps": "NEUTRAL",
      "absorption": "NEUTRAL",
      "arrival": "NEUTRAL",
      "vacuum": "NONE",
      "volRegime": "NEUTRAL",
      "temporal": "UNFAVORABLE"
    },
    "consensusDirection": "BEARISH",
    "consensusStrength": 50,
    "bullishSignals": 0,
    "bearishSignals": 1,
    "neutralSignals": 1,
    "totalAvailableSignals": 2,
    "dominantPattern": "NONE",
    "clusters": {
      "strongBuyCluster": false,
      "distributionPattern": false,
      "accumulationPattern": false,
      "momentumCascade": false
    },
    "adaptiveWeights": {
      "vpin": 0,
      "sweeps": 0,
      "absorption": 0,
      "arrival": 0,
      "vacuum": 0,
      "volRegime": 0.021,
      "temporal": 0.02
    },
    "convictionLevel": "LOW",
    "convictionScore": 30,
    "riskAdjustment": "REDUCE",
    "timingQuality": "UNFAVORABLE",
    "signalQuality": "LOW"
  },
  "deltaAnalysis": {
    "currentDelta": 0,
    "cumulativeDelta": 0,
    "deltaPerVolume": 0,
    "deltaDirection": "NEUTRAL",
    "deltaDivergence": false,
    "institutionalRatio": 0,
    "aggressionScore": 0
  },
  "volumeProfile": {
    "pointOfControl": 0,
    "valueAreaHigh": 0,
    "valueAreaLow": 0,
    "currentPosition": "ABOVE_VALUE_AREA",
    "volumeNodes": [],
    "airPockets": []
  },
  "momentumCascade": {
    "cascadeDetected": false,
    "alignmentScore": 0.006126106333563498,
    "cascadeStrength": 0,
    "acceleratingTimeframes": [
      "5m"
    ],
    "divergingTimeframes": [
      "1h"
    ]
  },
  "breakoutConfirmation": {
    "breakoutConfirmed": false,
    "volumeConfirmation": false,
    "retestStrength": 0,
    "falseBreakoutRisk": 0,
    "breakoutQuality": "NO_BREAKOUT"
  },
  "liquidityHeatmap": {
    "liquidityScore": 0,
    "magnetDirection": "NONE",
    "magnetStrength": 0,
    "priceTarget5pct": null,
    "message": "No order book data"
  },
  "smartMoneyDivergence": {
    "divergenceDetected": false,
    "divergenceDirection": "NONE",
    "smartMoneyScore": 0.5,
    "message": "Insufficient trade data"
  },
  "microstructure": {
    "raw": -0.03925020789060335,
    "pct": 49,
    "summary": {
      "latestBucketSignedZ": 0,
      "buySellRatio": 0.5,
      "tradesPerSec": 0,
      "vwap": 0,
      "aggressorVWAP": 0,
      "vpinToxicity": "UNKNOWN",
      "sweepDirection": "NEUTRAL",
      "absorptionSide": "NONE",
      "icebergDetected": false,
      "hawkesDirection": "NEUTRAL",
      "cascadeDetected": false,
      "vacuumSide": "NONE",
      "volatilityRegime": "NORMAL",
      "volExpanding": false,
      "favorableTimeWindow": false,
      "temporalAnomaly": true,
      "consensusDirection": "BEARISH",
      "consensusStrength": 50,
      "dominantPattern": "NONE",
      "convictionLevel": "LOW",
      "riskAdjustment": "REDUCE",
      "timingQuality": "UNFAVORABLE",
      "deltaDirection": "NEUTRAL",
      "deltaDivergence": false,
      "institutionalRatio": 0,
      "volumeProfilePosition": "ABOVE_VALUE_AREA",
      "pointOfControl": 0,
      "momentumCascadeDetected": false,
      "cascadeStrength": 0,
      "breakoutQuality": "NO_BREAKOUT",
      "breakoutConfirmed": false,
      "magnetDirection": "NONE",
      "magnetStrength": 0,
      "priceTarget5pct": null,
      "nearestBidWall": 0,
      "nearestAskWall": 0,
      "divergenceDetected": false,
      "divergenceDirection": "NONE",
      "whaleAccumulation": false,
      "whaleDistribution": false,
      "retailPanic": false,
      "smartMoneyScore": 0.5
    }
  }
}

=== MICROSTRUCTURE ALERTS ===

🔬 VPIN: Insufficient data for VPIN analysis

🌊 SWEEP DETECTION: No significant sweeps detected

🧊 ABSORPTION & ICEBERG: No significant absorption or iceberg orders detected

⚡ ORDER ARRIVAL DYNAMICS: Insufficient trades for analysis

🌪️ LIQUIDITY VACUUM: No significant vacuum detected

📊 VOLATILITY REGIME DETECTION:
   Current Regime: NORMAL
   Regime Score: 0.00 (-1=low vol, +1=extreme vol)
   Days in Regime: 1
   ATR: $0.017615 (avg: $0.020228)
   ATR Percentile: 3.9%
   Realized Volatility: 102.90% (annualized)
   Vol Percentile: 98.3%

   ⚪ NORMAL VOLATILITY:
   📊 Balanced market conditions
   ✅ Standard risk management applies

   ⚠️ NEW REGIME: Only 1 day(s) - conditions still settling

⏰ TEMPORAL PATTERN ANALYSIS:
   Current Time: Sunday 19:00 UTC
   Day Bias: NEUTRAL
   Current vs Avg Volume: 0x
   Current vs Avg Volatility: 0x

   ⏳ NON-FAVORABLE TIME WINDOW:
   This hour typically shows weaker activity
   Next favorable window in 9 hour(s)

   ⚠️ LOW ACTIVITY ANOMALY:
   Volume 0x below typical - Extremely quiet

   📉 LOW VOLATILITY ANOMALY:
   Volatility 0x below typical - Consolidation likely

   🔥 Best Trading Hours (UTC): 17:00, 14:00, 15:00

🎯 UNIFIED MICROSTRUCTURE INTEGRATION:
   Signal Consensus: BEARISH (50% agreement)
   Available Signals: 2 (0 bullish / 1 bearish / 1 neutral)
   Conviction Level: LOW (30%)
   Signal Quality: LOW
   Risk Adjustment: REDUCE
   Timing Quality: UNFAVORABLE

   ⚠️ LOW CONVICTION: Only 50% signal agreement
   Weak alignment - Reduce position size or wait for clarity

   ⚠️ RISK REDUCTION RECOMMENDED: Extreme volatility or unfavorable timing detected

   ⏰ UNFAVORABLE TIMING: Avoid trading during this hour

   Signal Directions Breakdown:
   • VPIN: NEUTRAL
   • Sweeps: NEUTRAL
   • Absorption: NEUTRAL
   • Arrival Dynamics: NEUTRAL
   • Liquidity Vacuum: NONE
   • Vol Regime: NEUTRAL
   • Temporal: UNFAVORABLE

   Adaptive Weights (Total: 4.1%):
   • VPIN: 0.0%
   • Sweeps: 0.0%
   • Absorption: 0.0%
   • Arrival: 0.0%
   • Vacuum: 0.0%
   • Vol Regime: 2.1%
   • Temporal: 2.0%


💹 DELTA ANALYSIS (Order Flow Aggression):
   Direction: NEUTRAL
   Delta Per Volume: 0.00%
   Institutional Ratio: 0.0%
   Aggression Score: 0.0%

📊 VOLUME PROFILE (Support/Resistance Strength):
   Point of Control (POC): $0.000000
   Value Area High: $0.000000
   Value Area Low: $0.000000
   Current Position: ABOVE_VALUE_AREA
   ⚠️ DISTRIBUTION RISK: Price above value area - potential rejection zone

⚡ MOMENTUM CASCADE (Multi-Timeframe Alignment):
   Cascade Detected: NO
   Alignment Score: 0.6%
   Cascade Strength: 0.0%
   Accelerating: 5m
   Diverging: 1h

💥 BREAKOUT CONFIRMATION:
   Quality: NO_BREAKOUT
   Volume Confirmation: NO
   Retest Strength: 0.0%
   False Breakout Risk: 0.0%
   No breakout detected - price below resistance


levels:
Entry=0.177644, StopLoss=0.17053823999999998, TakeProfit=0.179153974, 0.180663948, 0.1818719272

---

=== Token: NEON (NEON) ===
Contract: NEON-USD
Timestamp: 2025-03-19T15:40:00.000Z

Calculations:
{
  "momentumScore": 125.48949236824785,
  "volumeScore": 63.28519228598063,
  "patternScore": 62.0649171514666,
  "totalScore": 70.38777561232527,
  "finalScore": 70.38777561232527,
  "weights": "0.23,0.45,0.23",
  "hourlyUptrend": true,
  "rsi": 58.8785046728972,
  "ultraShortVolumeSurge": 1.2229347038894036,
  "baseVolumeSurge": 0.009400149753740405,
  "currentPrice": 0.14293,
  "resistance": 0.14353,
  "support": 0.14057,
  "rocMin5": 0.012037102598598082,
  "shortROC": -0.0007690156599552502,
  "priceAcceleration": 0.003004903208322082,
  "buySellRatio": 0.823558163662565,
  "macdHistogram": 0.000013466576298358328,
  "stochasticK": 79.72972972973002,
  "atr": 0.0006571428571428561,
  "bbUpper": 0.143340518201784,
  "bbLower": 0.13971448179821605,
  "hammerDetected": false,
  "engulfingDetected": false,
  "compressionSpring": {
    "detected": true,
    "confidence": 56,
    "signals": {
      "sidewaysPrice": true,
      "atrCompression": false,
      "bbSqueeze": true,
      "consolidationTime": true,
      "strongBuying": true,
      "obvPositive": false,
      "chaikinPositive": false,
      "rsiNeutral": true,
      "volumeBuilding": false
    },
    "metrics": {
      "priceRange": 2.11,
      "atrRatio": 0.857,
      "bbWidth": 2.56,
      "volumeRatio": 0.351,
      "signalCount": 5,
      "buySellRatio": 0.824
    }
  },
  "riskTier": "HIGH",
  "atrPercent": 0.8080878751836517,
  "distanceToResistance": 0.4197859091863076,
  "slPercent": 4,
  "tpPercent": 0.35681802280836145,
  "trailingActivation": 0.21409081368501687,
  "shortMomentumScore": 0,
  "overboughtScore": 0,
  "shortPatternScore": 0,
  "shootingStarDetected": false,
  "bearishEngulfingDetected": false,
  "eveningStarDetected": false,
  "bearishPatternsCount": 0,
  "shortTotalScore": 0,
  "chaikin": -0.25558211426939204,
  "obvIncreasing": true,
  "obvTrend": "increasing",
  "adx": 34.909090909091134,
  "recentCandles": {
    "redCount": 3,
    "greenCount": 7
  },
  "resistanceDistance": 0.4197859091863076,
  "multiplePatterns": false,
  "bullishPattern": false,
  "priceAboveVWAP": true,
  "breakingResistance": true,
  "atrSufficient": false,
  "macdDivergenceBearish": false,
  "rvolMin1": -0.41711013717484696,
  "rvolMin5": -0.44446801070798236,
  "atrPercentileOld": 0.7073170731707317,
  "vwapDeviation": 1.3538503188245015,
  "bbWidthPercent": 2.5620719673335257,
  "bbSqueeze": true,
  "multiTFMomentum": {
    "min1": {
      "roc1": 0.0013300665033251363,
      "roc3": -0.0006287989939216567
    },
    "min5": {
      "roc1": -0.0007690156599552502,
      "roc3": 0.008893908378626464
    },
    "min15": {
      "roc1": -0.0007690156599552502,
      "roc3": 0.010963361154335802
    },
    "hourly": {
      "roc1": 0.017329183760079272,
      "roc3": 0.018121327953564144
    },
    "fourHour": {
      "roc1": 0.013529701923754528,
      "roc3": 0.020650014192449787
    },
    "divergenceShortUpLongDown": false
  },
  "returnZMin5": -0.30630849671176263,
  "wickClosePct": 0,
  "wickUpper": 0.00020999999999998797,
  "wickLower": 0,
  "wickRatio": 1.7499999999997686,
  "donchianBreakout15": false,
  "bbWidthPercentile15": 0.4675324675324675,
  "signedMin5": 107395.60999999997,
  "signedMin5Z": 12.021229681336349,
  "signedMin1": 103826.28999999998,
  "signedMin1Z": 12.490146864605943,
  "streakMin1": {
    "upStreak": 0,
    "downStreak": 0
  },
  "streakMin5": {
    "upStreak": 0,
    "downStreak": 1
  },
  "rvolPercentileMin1": 0.07708333333333334,
  "rvolPercentileMin5": 0.3506944444444444,
  "perTfMetrics": {
    "min1": {
      "sma20": 0.141749,
      "sma50": 0.14166800000000002,
      "ema20": 0.14197702085613084,
      "ema50": 0.14162444795235707,
      "vwma20": 0.14173135046545432,
      "hma21": 0.14238826839826838,
      "atr14": 0.0003757142857142868,
      "atrPercentile": 0.16565961732124873,
      "rvolZ": -0.41711013717484696,
      "rvolPercentile": 0.07708333333333334,
      "mfi14": 88.38460771532527,
      "ppo": {
        "ppo": 0.2635117144942726,
        "signal": 0.1273500270695958,
        "histogram": 0.13616168742467677
      },
      "stochRsi": {
        "k": 100,
        "d": 73.85145292409184
      },
      "vprofile": {
        "vpBins": [
          0.015566020288226677,
          0.06573331917599043,
          0.025049336744440667,
          0.06994229287161828,
          0.024336494221236623,
          0.024435776940038286,
          0.07156497676440601,
          0.08295398616961047,
          0.04609786060210194,
          0.050110357648424725,
          0.06283675727801295,
          0.0822733675575494,
          0.1573415904295201,
          0.09091764386420614,
          0.025176796347057398,
          0.046816055645320265,
          0.01962244716344725,
          0.03922492028879239,
          0,
          0
        ],
        "currentBinShare": 0.03922492028879239
      },
      "ttm": {
        "squeeze": false,
        "release": false,
        "widthPct": 1.9784020831214575
      }
    },
    "min5": {
      "sma20": 0.14165149999999999,
      "sma50": 0.1414168,
      "ema20": 0.1418450310501927,
      "ema50": 0.1414356448813611,
      "vwma20": 0.14170062844111916,
      "hma21": 0.14210740259740265,
      "atr14": 0.0006571428571428561,
      "atrPercentile": 0.5255474452554745,
      "rvolZ": -0.44446801070798236,
      "rvolPercentile": 0.3506944444444444,
      "mfi14": 62.14047734902506,
      "ppo": {
        "ppo": 0.22554422077344263,
        "signal": 0.1039151847047702,
        "histogram": 0.12162903606867244
      },
      "stochRsi": {
        "k": 90.60789113268913,
        "d": 59.96221043055311
      },
      "vprofile": {
        "vpBins": [
          0.011302728391202227,
          0.04651941196506926,
          0.06838979767609131,
          0.15762062224175727,
          0.017026512862726488,
          0.09631799715749889,
          0.09268800198214396,
          0.04985083953125802,
          0.06936464627238607,
          0.07279996056626373,
          0.1419113994110408,
          0.06740643152769378,
          0.044195121685881605,
          0.01749738169605039,
          0.012727552518509438,
          0.013013017012250177,
          0.00352577111886986,
          0.0030794745800404055,
          0.005354166984669333,
          0.009409164818596799
        ],
        "currentBinShare": 0.01749738169605039
      },
      "ttm": {
        "squeeze": false,
        "release": false,
        "widthPct": 1.8522113740629411
      }
    },
    "min15": {
      "sma20": 0.14152750000000003,
      "sma50": 0.1408302,
      "ema20": 0.14151386598380009,
      "ema50": 0.1411663831603799,
      "vwma20": 0.14162675085182544,
      "hma21": 0.14163424242424244,
      "atr14": 0.0011549999999999933,
      "atrPercentile": 0.7073170731707317,
      "rvolZ": -0.6794325508000212,
      "rvolPercentile": 0.16666666666666666,
      "mfi14": 67.91690216111563,
      "ppo": {
        "ppo": 0.28992657611116424,
        "signal": 0.20434949927064622,
        "histogram": 0.08557707684051802
      },
      "stochRsi": {
        "k": 0,
        "d": 48.64157430667626
      },
      "vprofile": {
        "vpBins": [
          0.008164416736734563,
          0.0562240743680924,
          0.07791587907095278,
          0.027613209269536483,
          0.046247085375817024,
          0.1338389020475137,
          0.11111708268102646,
          0.07489416690153194,
          0.0470702787727646,
          0.10215920035402214,
          0.054614175530929045,
          0.0112996001783219,
          0.05281952422719337,
          0.01490260098458683,
          0.08452738072845825,
          0.04042135284965558,
          0.022768728440961557,
          0.021553633602657277,
          0.011216661938462916,
          0.0006320459407812915
        ],
        "currentBinShare": 0.05281952422719337
      },
      "ttm": {
        "squeeze": false,
        "release": false,
        "widthPct": 2.5620719673335257
      }
    },
    "hourly": {
      "sma20": 0.14059850000000002,
      "sma50": 0.14706400000000003,
      "ema20": 0.14212659389650562,
      "ema50": 0.14657983453446416,
      "vwma20": 0.1403746457599927,
      "hma21": 0.1411870562770563,
      "atr14": 0.0015464285714285636,
      "atrPercentile": 0.4968944099378882,
      "rvolZ": -0.25126162920183287,
      "rvolPercentile": 0.6071428571428571,
      "mfi14": 59.33842185845487,
      "ppo": {
        "ppo": -1.07252398892796,
        "signal": -1.6975545645973795,
        "histogram": 0.6250305756694194
      },
      "stochRsi": {
        "k": 100,
        "d": 69.83247635533381
      },
      "vprofile": {
        "vpBins": [
          0.02886419693779687,
          0.014037551153166591,
          0.0026293044569777324,
          0.003873972734032417,
          0.023607134428616245,
          0.022106341402956198,
          0.099446414788279,
          0.07774909861448616,
          0.10083347028698436,
          0.048509802500193065,
          0.10657557151704918,
          0.04805649073398428,
          0.09060402933004671,
          0.14178625271909143,
          0.1913203683963398,
          0,
          0,
          0,
          0,
          0
        ],
        "currentBinShare": 0.022106341402956198
      },
      "ttm": {
        "squeeze": false,
        "release": true,
        "widthPct": 3.575375206922835
      }
    },
    "fourHour": {
      "sma20": 0.15674849999999999,
      "sma50": 0.13880140000000002,
      "ema20": 0.14764522068087277,
      "ema50": 0.14302742311986089,
      "vwma20": 0.1716985933153791,
      "hma21": 0.13482696969696972,
      "atr14": 0.0060807142857142865,
      "atrPercentile": 0.6571428571428571,
      "rvolZ": -0.30320646358421893,
      "rvolPercentile": 0.6190476190476191,
      "mfi14": 15.179426236294205,
      "ppo": {
        "ppo": -0.32128490167283186,
        "signal": 1.6610419896519564,
        "histogram": -1.9823268913247882
      },
      "stochRsi": {
        "k": 12.336245825209657,
        "d": 8.96672520702513
      },
      "vprofile": {
        "vpBins": [
          0.022818114061066926,
          0.029665169445139725,
          0.028948343769364043,
          0.012956165393812993,
          0.02517551852283002,
          0.06664380956849181,
          0.020579932535347786,
          0.10211532352037406,
          0.1624006561944092,
          0,
          0.05716657451715493,
          0.28048886634914544,
          0.137034569965518,
          0.054006956157345125,
          0,
          0,
          0,
          0,
          0,
          0
        ],
        "currentBinShare": 0.020579932535347786
      },
      "ttm": {
        "squeeze": false,
        "release": false,
        "widthPct": 35.912303000955056
      }
    },
    "daily": {
      "sma20": 0.1405055,
      "sma50": 0.188141,
      "ema20": 0.1486070863042397,
      "ema50": 0.18527880150045647,
      "vwma20": 0,
      "hma21": 0.13146147186147186,
      "atr14": 0.022112142857142858,
      "atrPercentile": 0.3684210526315789,
      "rvolZ": 0,
      "rvolPercentile": 1,
      "mfi14": 50,
      "ppo": {
        "ppo": -5.726105433675085,
        "signal": -9.880930398048314,
        "histogram": 4.154824964373229
      },
      "stochRsi": {
        "k": 96.22316614881548,
        "d": 52.129732910725785
      },
      "vprofile": {
        "vpBins": [
          0,
          0,
          0,
          0,
          0,
          0,
          0,
          0,
          0,
          0,
          0,
          0,
          0,
          0,
          0,
          0,
          0,
          0,
          0,
          0
        ],
        "currentBinShare": 0
      },
      "ttm": {
        "squeeze": false,
        "release": false,
        "widthPct": 50.496159536482956
      }
    }
  },
  "smaMin5": 0.14165149999999999,
  "emaMin5": 0.1418450310501927,
  "vwmaMin5": 0.14170062844111916,
  "hmaMin5": 0.14210740259740265,
  "keltner15": {
    "upper": 0.14323886598380006,
    "middle": 0.14151386598380009,
    "lower": 0.1397888659838001
  },
  "superTrend15": {
    "isBull": false,
    "finalUpper": 0.14654499999999998,
    "finalLower": 0.13964500000000002
  },
  "mfi15": 67.91690216111563,
  "stochRsi15": {
    "k": 0,
    "d": 48.64157430667626
  },
  "ppo15": {
    "ppo": 0.28992657611116424,
    "signal": 0.20434949927064622,
    "histogram": 0.08557707684051802
  },
  "vpMin15": {
    "vpBins": [
      0.008164416736734563,
      0.0562240743680924,
      0.07791587907095278,
      0.027613209269536483,
      0.046247085375817024,
      0.1338389020475137,
      0.11111708268102646,
      0.07489416690153194,
      0.0470702787727646,
      0.10215920035402214,
      0.054614175530929045,
      0.0112996001783219,
      0.05281952422719337,
      0.01490260098458683,
      0.08452738072845825,
      0.04042135284965558,
      0.022768728440961557,
      0.021553633602657277,
      0.011216661938462916,
      0.0006320459407812915
    ],
    "currentBinShare": 0.05281952422719337
  },
  "ttm15": {
    "squeeze": false,
    "release": false,
    "widthPct": 2.5620719673335257
  },
  "marketCorrelation": {
    "hourly": {
      "btcCorrelation": 0,
      "ethCorrelation": 0,
      "btcBeta": 1,
      "ethBeta": 1,
      "btcTrend": "UNKNOWN",
      "ethTrend": "UNKNOWN",
      "tokenVol": 0,
      "btcVol": 0,
      "ethVol": 0,
      "marketDependence": 0,
      "verdict": "INSUFFICIENT_DATA"
    },
    "min15": {
      "btcCorrelation": 0,
      "ethCorrelation": 0,
      "btcBeta": 1,
      "ethBeta": 1,
      "btcTrend": "UNKNOWN",
      "ethTrend": "UNKNOWN",
      "tokenVol": 0,
      "btcVol": 0,
      "ethVol": 0,
      "marketDependence": 0,
      "verdict": "INSUFFICIENT_DATA"
    },
    "daily": {
      "btcCorrelation": 0,
      "ethCorrelation": 0,
      "btcBeta": 1,
      "ethBeta": 1,
      "btcTrend": "UNKNOWN",
      "ethTrend": "UNKNOWN",
      "tokenVol": 0,
      "btcVol": 0,
      "ethVol": 0,
      "marketDependence": 0,
      "verdict": "INSUFFICIENT_DATA"
    }
  },
  "tradeTape": {
    "totalTrades": 0,
    "totalVolume": 0,
    "buysVolume": 0,
    "sellsVolume": 0,
    "buySellRatio": 0.5,
    "vwap": 0,
    "signedVolume": 0,
    "avgTradeSize": 0,
    "tradesPerSec": 0,
    "cumulativeDelta": 0,
    "tradesLast1m": 0,
    "tradesLast5m": 0,
    "tradesLast15m": 0,
    "tradesLast1h": 0,
    "buyVWAP": 0,
    "sellVWAP": 0,
    "aggressorVWAP": 0,
    "bucketDurationMs": 60000,
    "bucketCount": 15,
    "bucketSignedVolumes": [],
    "bucketVolumes": [],
    "bucketVWAPs": [],
    "latestBucketSignedZ": 0
  },
  "enhancedMetrics": {
    "relativeVolumeZScore": -1,
    "volumePercentile": 40,
    "atrPercentile": 52.919708029197075,
    "volatilityPercentile": 44.303797468354425,
    "relativeVolatilityRatio": 0.8790865084767256,
    "isHighVolume": false,
    "isHighVolatility": false,
    "isLowVolatility": false,
    "isExpandingVolatility": false,
    "isContractingVolatility": false
  },
  "orderBook": {
    "bidAskSpread": 0,
    "spreadPct": 0,
    "midPrice": 0,
    "bestBid": 0,
    "bestAsk": 0,
    "bidDepth": 0,
    "askDepth": 0,
    "orderBookImbalance": 0,
    "liquidityScore": 0,
    "depthAt1Pct": {
      "bidVolume": 0,
      "askVolume": 0,
      "imbalance": 0
    },
    "depthAt2Pct": {
      "bidVolume": 0,
      "askVolume": 0,
      "imbalance": 0
    },
    "depthAt5Pct": {
      "bidVolume": 0,
      "askVolume": 0,
      "imbalance": 0
    },
    "weightedMidPrice": 0,
    "volumeWeightedSpread": 0,
    "totalBidLevels": 0,
    "totalAskLevels": 0
  },
  "marketCap": {
    "marketCap": 0,
    "totalVolume24h": 0,
    "volumeToMarketCapRatio": 0,
    "marketCapRank": 0,
    "normalizedRank": 0,
    "isHighLiquidity": false,
    "isVeryHighLiquidity": false,
    "isLowLiquidity": true,
    "liquidityTier": "VERY_LOW"
  },
  "sweeps": {
    "sweepScore": 0,
    "sweepCount": 0,
    "sweepDirection": "NEUTRAL",
    "buySweeps": 0,
    "sellSweeps": 0,
    "avgSweepSize": 0,
    "avgSweepIntensity": 0,
    "bidLiftRatio": 0,
    "askLiftRatio": 0,
    "sweepFrequency": 0,
    "largestSweep": null,
    "recentSweepClusters": 0,
    "sweepDetails": []
  },
  "absorption": {
    "absorptionScore": 0,
    "absorptionLevel": null,
    "absorptionSide": "NONE",
    "icebergProbability": 0,
    "hiddenLiquidityEstimate": 0,
    "volumeAtPrice": {},
    "topAbsorptionLevels": [],
    "persistenceDuration": 0,
    "refillDetected": false
  },
  "orderArrival": {
    "avgInterArrivalTime": 0,
    "recentInterArrivalTime": 0,
    "accelerationRatio": 1,
    "hawkesIntensity": 0,
    "hawkesDirection": "NEUTRAL",
    "clusteringScore": 0,
    "burstCount": 0,
    "cascadeDetected": false,
    "timeToNextTrade": 0,
    "accelerationTrend": "STABLE"
  },
  "liquidityVacuum": {
    "vacuumScore": 0,
    "vacuumSide": "NONE",
    "bidVacuumSeverity": 0,
    "askVacuumSeverity": 0,
    "depthConcentration": 0,
    "priceImpact10k": 0,
    "priceImpact50k": 0,
    "priceImpact100k": 0,
    "largestGapBid": 0,
    "largestGapAsk": 0,
    "avgGapBid": 0,
    "avgGapAsk": 0,
    "bidCliffDistance": 0,
    "askCliffDistance": 0
  },
  "volatilityRegime": {
    "regime": "NORMAL",
    "regimeScore": 0,
    "currentATR": 0.021841,
    "avgATR": 0.014407,
    "atrPercentile": 36.8,
    "realizedVolatility": 139.52,
    "volPercentile": 49.2,
    "expanding": false,
    "contracting": false,
    "transitionProbability": 0.3,
    "daysInRegime": 1,
    "regimeStrength": 0.3
  },
  "temporalPatterns": {
    "currentHour": 19,
    "currentDay": 0,
    "currentDayName": "Sunday",
    "dayBias": "NEUTRAL",
    "hourlyProfile": [
      {
        "avgVolume": 309246.61,
        "avgATR": 0.003138,
        "avgReturn": 0.244
      },
      {
        "avgVolume": 396634.66,
        "avgATR": 0.006381,
        "avgReturn": 1.995
      },
      {
        "avgVolume": 295655.23,
        "avgATR": 0.004292,
        "avgReturn": -1.077
      },
      {
        "avgVolume": 108028.76,
        "avgATR": 0.001776,
        "avgReturn": 0.137
      },
      {
        "avgVolume": 316302.21,
        "avgATR": 0.00394,
        "avgReturn": 0.845
      },
      {
        "avgVolume": 125729.81,
        "avgATR": 0.002467,
        "avgReturn": 0.097
      },
      {
        "avgVolume": 78184.61,
        "avgATR": 0.002326,
        "avgReturn": -0.342
      },
      {
        "avgVolume": 34376.53,
        "avgATR": 0.001524,
        "avgReturn": 0.01
      },
      {
        "avgVolume": 47207.79,
        "avgATR": 0.001582,
        "avgReturn": 0.026
      },
      {
        "avgVolume": 71779.08,
        "avgATR": 0.0024,
        "avgReturn": 0.033
      },
      {
        "avgVolume": 65079.25,
        "avgATR": 0.002105,
        "avgReturn": 0.324
      },
      {
        "avgVolume": 141134.23,
        "avgATR": 0.003459,
        "avgReturn": -0.339
      },
      {
        "avgVolume": 82689.77,
        "avgATR": 0.001919,
        "avgReturn": -0.581
      },
      {
        "avgVolume": 71566,
        "avgATR": 0.001733,
        "avgReturn": -0.022
      },
      {
        "avgVolume": 481381.24,
        "avgATR": 0.005845,
        "avgReturn": 1.081
      },
      {
        "avgVolume": 176858.81,
        "avgATR": 0.003255,
        "avgReturn": -0.747
      },
      {
        "avgVolume": 280306.9,
        "avgATR": 0.003613,
        "avgReturn": -0.071
      },
      {
        "avgVolume": 201041.42,
        "avgATR": 0.00271,
        "avgReturn": -0.758
      },
      {
        "avgVolume": 128601.85,
        "avgATR": 0.002799,
        "avgReturn": -0.353
      },
      {
        "avgVolume": 118254.82,
        "avgATR": 0.002636,
        "avgReturn": 0.55
      },
      {
        "avgVolume": 233258.7,
        "avgATR": 0.003852,
        "avgReturn": 0.45
      },
      {
        "avgVolume": 144510.12,
        "avgATR": 0.002517,
        "avgReturn": -0.492
      },
      {
        "avgVolume": 87198.96,
        "avgATR": 0.002154,
        "avgReturn": -0.075
      },
      {
        "avgVolume": 105926.45,
        "avgATR": 0.002689,
        "avgReturn": 0.082
      }
    ],
    "dailyProfile": [
      {
        "avgVolume": 673869.07,
        "avgATR": 0.008828,
        "avgReturn": 0.371
      },
      {
        "avgVolume": 307816.87,
        "avgATR": 0.004946,
        "avgReturn": -0.322
      },
      {
        "avgVolume": 58475.88,
        "avgATR": 0.001906,
        "avgReturn": -0.002
      },
      {
        "avgVolume": 37809.12,
        "avgATR": 0.001424,
        "avgReturn": 0.09
      },
      {
        "avgVolume": 17943.28,
        "avgATR": 0.0009,
        "avgReturn": 0.005
      },
      {
        "avgVolume": 14383.93,
        "avgATR": 0.000866,
        "avgReturn": -0.089
      },
      {
        "avgVolume": 80761.33,
        "avgATR": 0.001826,
        "avgReturn": 0.248
      }
    ],
    "favorableHours": [
      14,
      1,
      4,
      0,
      2,
      16
    ],
    "favorableWindow": false,
    "currentVsAvgVolume": 0,
    "currentVsAvgVolatility": 0,
    "anomalyDetected": true,
    "timeUntilFavorable": 5,
    "temporalScore": 0
  },
  "unifiedMicrostructure": {
    "signalDirections": {
      "vpin": "NEUTRAL",
      "sweeps": "NEUTRAL",
      "absorption": "NEUTRAL",
      "arrival": "NEUTRAL",
      "vacuum": "NONE",
      "volRegime": "NEUTRAL",
      "temporal": "UNFAVORABLE"
    },
    "consensusDirection": "BEARISH",
    "consensusStrength": 50,
    "bullishSignals": 0,
    "bearishSignals": 1,
    "neutralSignals": 1,
    "totalAvailableSignals": 2,
    "dominantPattern": "NONE",
    "clusters": {
      "strongBuyCluster": false,
      "distributionPattern": false,
      "accumulationPattern": false,
      "momentumCascade": false
    },
    "adaptiveWeights": {
      "vpin": 0,
      "sweeps": 0,
      "absorption": 0,
      "arrival": 0,
      "vacuum": 0,
      "volRegime": 0.021,
      "temporal": 0.02
    },
    "convictionLevel": "LOW",
    "convictionScore": 30,
    "riskAdjustment": "REDUCE",
    "timingQuality": "UNFAVORABLE",
    "signalQuality": "LOW"
  },
  "deltaAnalysis": {
    "currentDelta": 0,
    "cumulativeDelta": 0,
    "deltaPerVolume": 0,
    "deltaDirection": "NEUTRAL",
    "deltaDivergence": false,
    "institutionalRatio": 0,
    "aggressionScore": 0
  },
  "volumeProfile": {
    "pointOfControl": 0,
    "valueAreaHigh": 0,
    "valueAreaLow": 0,
    "currentPosition": "ABOVE_VALUE_AREA",
    "volumeNodes": [],
    "airPockets": []
  },
  "momentumCascade": {
    "cascadeDetected": true,
    "alignmentScore": 0.01230936436992815,
    "cascadeStrength": 0.06154682184964075,
    "acceleratingTimeframes": [
      "1m",
      "5m",
      "15m",
      "1h"
    ],
    "divergingTimeframes": []
  },
  "breakoutConfirmation": {
    "breakoutConfirmed": false,
    "volumeConfirmation": false,
    "retestStrength": 0,
    "falseBreakoutRisk": 0,
    "breakoutQuality": "NO_BREAKOUT"
  },
  "liquidityHeatmap": {
    "liquidityScore": 0,
    "magnetDirection": "NONE",
    "magnetStrength": 0,
    "priceTarget5pct": null,
    "message": "No order book data"
  },
  "smartMoneyDivergence": {
    "divergenceDetected": false,
    "divergenceDirection": "NONE",
    "smartMoneyScore": 0.5,
    "message": "Insufficient trade data"
  },
  "microstructure": {
    "raw": -0.02903030583017648,
    "pct": 50,
    "summary": {
      "latestBucketSignedZ": 0,
      "buySellRatio": 0.5,
      "tradesPerSec": 0,
      "vwap": 0,
      "aggressorVWAP": 0,
      "vpinToxicity": "UNKNOWN",
      "sweepDirection": "NEUTRAL",
      "absorptionSide": "NONE",
      "icebergDetected": false,
      "hawkesDirection": "NEUTRAL",
      "cascadeDetected": false,
      "vacuumSide": "NONE",
      "volatilityRegime": "NORMAL",
      "volExpanding": false,
      "favorableTimeWindow": false,
      "temporalAnomaly": true,
      "consensusDirection": "BEARISH",
      "consensusStrength": 50,
      "dominantPattern": "NONE",
      "convictionLevel": "LOW",
      "riskAdjustment": "REDUCE",
      "timingQuality": "UNFAVORABLE",
      "deltaDirection": "NEUTRAL",
      "deltaDivergence": false,
      "institutionalRatio": 0,
      "volumeProfilePosition": "ABOVE_VALUE_AREA",
      "pointOfControl": 0,
      "momentumCascadeDetected": true,
      "cascadeStrength": 0.06154682184964075,
      "breakoutQuality": "NO_BREAKOUT",
      "breakoutConfirmed": false,
      "magnetDirection": "NONE",
      "magnetStrength": 0,
      "priceTarget5pct": null,
      "nearestBidWall": 0,
      "nearestAskWall": 0,
      "divergenceDetected": false,
      "divergenceDirection": "NONE",
      "whaleAccumulation": false,
      "whaleDistribution": false,
      "retailPanic": false,
      "smartMoneyScore": 0.5
    }
  }
}

=== MICROSTRUCTURE ALERTS ===

🔬 VPIN: Insufficient data for VPIN analysis

🌊 SWEEP DETECTION: No significant sweeps detected

🧊 ABSORPTION & ICEBERG: No significant absorption or iceberg orders detected

⚡ ORDER ARRIVAL DYNAMICS: Insufficient trades for analysis

🌪️ LIQUIDITY VACUUM: No significant vacuum detected

📊 VOLATILITY REGIME DETECTION:
   Current Regime: NORMAL
   Regime Score: 0.00 (-1=low vol, +1=extreme vol)
   Days in Regime: 1
   ATR: $0.021841 (avg: $0.014407)
   ATR Percentile: 36.8%
   Realized Volatility: 139.52% (annualized)
   Vol Percentile: 49.2%

   ⚪ NORMAL VOLATILITY:
   📊 Balanced market conditions
   ✅ Standard risk management applies

   📍 MODERATE REGIME TRANSITION PROBABILITY: 30%
   Monitor for potential regime change

   ⚠️ NEW REGIME: Only 1 day(s) - conditions still settling

⏰ TEMPORAL PATTERN ANALYSIS:
   Current Time: Sunday 19:00 UTC
   Day Bias: NEUTRAL
   Current vs Avg Volume: 0x
   Current vs Avg Volatility: 0x

   ⏳ NON-FAVORABLE TIME WINDOW:
   This hour typically shows weaker activity
   Next favorable window in 5 hour(s)

   ⚠️ LOW ACTIVITY ANOMALY:
   Volume 0x below typical - Extremely quiet

   📉 LOW VOLATILITY ANOMALY:
   Volatility 0x below typical - Consolidation likely

   🔥 Best Trading Hours (UTC): 14:00, 1:00, 4:00

🎯 UNIFIED MICROSTRUCTURE INTEGRATION:
   Signal Consensus: BEARISH (50% agreement)
   Available Signals: 2 (0 bullish / 1 bearish / 1 neutral)
   Conviction Level: LOW (30%)
   Signal Quality: LOW
   Risk Adjustment: REDUCE
   Timing Quality: UNFAVORABLE

   ⚠️ LOW CONVICTION: Only 50% signal agreement
   Weak alignment - Reduce position size or wait for clarity

   ⚠️ RISK REDUCTION RECOMMENDED: Extreme volatility or unfavorable timing detected

   ⏰ UNFAVORABLE TIMING: Avoid trading during this hour

   Signal Directions Breakdown:
   • VPIN: NEUTRAL
   • Sweeps: NEUTRAL
   • Absorption: NEUTRAL
   • Arrival Dynamics: NEUTRAL
   • Liquidity Vacuum: NONE
   • Vol Regime: NEUTRAL
   • Temporal: UNFAVORABLE

   Adaptive Weights (Total: 4.1%):
   • VPIN: 0.0%
   • Sweeps: 0.0%
   • Absorption: 0.0%
   • Arrival: 0.0%
   • Vacuum: 0.0%
   • Vol Regime: 2.1%
   • Temporal: 2.0%


💹 DELTA ANALYSIS (Order Flow Aggression):
   Direction: NEUTRAL
   Delta Per Volume: 0.00%
   Institutional Ratio: 0.0%
   Aggression Score: 0.0%

📊 VOLUME PROFILE (Support/Resistance Strength):
   Point of Control (POC): $0.000000
   Value Area High: $0.000000
   Value Area Low: $0.000000
   Current Position: ABOVE_VALUE_AREA
   ⚠️ DISTRIBUTION RISK: Price above value area - potential rejection zone

⚡ MOMENTUM CASCADE (Multi-Timeframe Alignment):
   Cascade Detected: YES
   Alignment Score: 1.2%
   Cascade Strength: 6.2%
   🚀 MOMENTUM CASCADE ACTIVE: All timeframes accelerating - EXPLOSIVE MOVE INCOMING!
   Accelerating Timeframes: 1m, 5m, 15m, 1h

💥 BREAKOUT CONFIRMATION:
   Quality: NO_BREAKOUT
   Volume Confirmation: NO
   Retest Strength: 0.0%
   False Breakout Risk: 0.0%
   No breakout detected - price below resistance


levels:
Entry=0.14264414, StopLoss=0.1369383744, TakeProfit=0.14289863, 0.14315312, 0.14335671199999997

---

=== Token: PRCL (PRCL) ===
Contract: PRCL-USD
Timestamp: 2025-03-19T15:40:00.000Z

Calculations:
{
  "momentumScore": 81.51274913291296,
  "volumeScore": 19.743589743589737,
  "patternScore": 79.86717736948471,
  "totalScore": 44.9787494066496,
  "finalScore": 44.9787494066496,
  "weights": "0.23,0.45,0.23",
  "hourlyUptrend": true,
  "rsi": 60.27397260273973,
  "ultraShortVolumeSurge": 2.716165050581371,
  "baseVolumeSurge": 0.02234403254748012,
  "currentPrice": 0.1113,
  "resistance": 0.1123,
  "support": 0.1087,
  "rocMin5": 0.0008992805755395942,
  "shortROC": 0.00542005420054191,
  "priceAcceleration": 0.00023663170193875208,
  "buySellRatio": 0.42275355854393226,
  "macdHistogram": -0.00008442106433362339,
  "stochasticK": 74.35897435897434,
  "atr": 0.0006428571428571435,
  "bbUpper": 0.11159523132730975,
  "bbLower": 0.10824476867269023,
  "hammerDetected": false,
  "engulfingDetected": false,
  "compressionSpring": {
    "detected": true,
    "confidence": 66,
    "signals": {
      "sidewaysPrice": true,
      "atrCompression": true,
      "bbSqueeze": true,
      "consolidationTime": true,
      "strongBuying": false,
      "obvPositive": false,
      "chaikinPositive": false,
      "rsiNeutral": true,
      "volumeBuilding": false
    },
    "metrics": {
      "priceRange": 3.6,
      "atrRatio": 0.672,
      "bbWidth": 3.05,
      "volumeRatio": 0.491,
      "signalCount": 5,
      "buySellRatio": 0.423
    }
  },
  "riskTier": "MEDIUM",
  "atrPercent": 1.1615967141573595,
  "distanceToResistance": 0.898472596585805,
  "slPercent": 3,
  "tpPercent": 0.7637017070979343,
  "trailingActivation": 0.45822102425876055,
  "shortMomentumScore": 25,
  "overboughtScore": 0,
  "shortPatternScore": 0,
  "shootingStarDetected": false,
  "bearishEngulfingDetected": false,
  "eveningStarDetected": false,
  "bearishPatternsCount": 0,
  "shortTotalScore": 10,
  "chaikin": 0.037234358035323975,
  "obvIncreasing": false,
  "obvTrend": "declining",
  "adx": 34.06593406593388,
  "recentCandles": {
    "redCount": 2,
    "greenCount": 8
  },
  "resistanceDistance": 0.898472596585805,
  "multiplePatterns": false,
  "bullishPattern": false,
  "priceAboveVWAP": true,
  "breakingResistance": true,
  "atrSufficient": true,
  "macdDivergenceBearish": false,
  "rvolMin1": -0.2734243904763173,
  "rvolMin5": -0.6710551616795154,
  "atrPercentileOld": 0.7195121951219512,
  "vwapDeviation": 1.916267304701805,
  "bbWidthPercent": 3.048091934697529,
  "bbSqueeze": false,
  "multiTFMomentum": {
    "min1": {
      "roc1": 0.001806684733513928,
      "roc3": 0.002712477396021652
    },
    "min5": {
      "roc1": 0.00542005420054191,
      "roc3": 0.0018001800180017268
    },
    "min15": {
      "roc1": 0.00542005420054191,
      "roc3": 0.00542005420054191
    },
    "hourly": {
      "roc1": 0.007239819004524843,
      "roc3": 0.024861878453038617
    },
    "fourHour": {
      "roc1": 0.007239819004524843,
      "roc3": 0.010899182561307836
    },
    "divergenceShortUpLongDown": false
  },
  "returnZMin5": 0.8475874397088228,
  "wickClosePct": 1,
  "wickUpper": 0,
  "wickLower": 0,
  "wickRatio": 0,
  "donchianBreakout15": false,
  "bbWidthPercentile15": 0.11688311688311688,
  "signedMin5": 273978.1000000001,
  "signedMin5Z": 14.075535548957236,
  "signedMin1": 129150.5,
  "signedMin1Z": 9.516831165141145,
  "streakMin1": {
    "upStreak": 0,
    "downStreak": 0
  },
  "streakMin5": {
    "upStreak": 2,
    "downStreak": 0
  },
  "rvolPercentileMin1": 0.0625,
  "rvolPercentileMin5": 0.03125,
  "perTfMetrics": {
    "min1": {
      "sma20": 0.110295,
      "sma50": 0.11006400000000002,
      "ema20": 0.11041902883479866,
      "ema50": 0.1100539993438506,
      "vwma20": 0.11046136099508792,
      "hma21": 0.11096796536796535,
      "atr14": 0.00039999999999999856,
      "atrPercentile": 0.2527693856998993,
      "rvolZ": -0.2734243904763173,
      "rvolPercentile": 0.0625,
      "mfi14": 60.30815913688469,
      "ppo": {
        "ppo": 0.21746516168160945,
        "signal": 0.17348786978923803,
        "histogram": 0.04397729189237143
      },
      "stochRsi": {
        "k": 100,
        "d": 57.059373539036905
      },
      "vprofile": {
        "vpBins": [
          0,
          0.009790861503656555,
          0.0072757979174299355,
          0.02547543485376157,
          0.10656937889267333,
          0.013402528624006727,
          0.013962725496770915,
          0.026080269675819553,
          0.0885781567294119,
          0.02585420006165421,
          0.04736161547054908,
          0.04914594393173061,
          0.03444910259566231,
          0.11713667776960006,
          0.1331094883126204,
          0.21147851405838722,
          0.03938820090658235,
          0.049243922039226805,
          0.0016971811604564616,
          0
        ],
        "currentBinShare": 0.03938820090658235
      },
      "ttm": {
        "squeeze": false,
        "release": false,
        "widthPct": 2.2662132951730816
      }
    },
    "min5": {
      "sma20": 0.110205,
      "sma50": 0.10952599999999998,
      "ema20": 0.11029131797593629,
      "ema50": 0.10974392031479599,
      "vwma20": 0.11021567239755474,
      "hma21": 0.11057402597402596,
      "atr14": 0.0006428571428571435,
      "atrPercentile": 0.20802919708029197,
      "rvolZ": -0.6710551616795154,
      "rvolPercentile": 0.03125,
      "mfi14": 75.63099716530566,
      "ppo": {
        "ppo": 0.3325377626697572,
        "signal": 0.26480112993293636,
        "histogram": 0.06773663273682085
      },
      "stochRsi": {
        "k": 88.7952230417983,
        "d": 56.4326942736266
      },
      "vprofile": {
        "vpBins": [
          0,
          0.006583945888956469,
          0.0095813254709989,
          0.0717794462116304,
          0.011542713132666875,
          0.01778447183335922,
          0.025648420093376523,
          0.07565469085884059,
          0.02417101175211755,
          0.028125488226137908,
          0.042949796702162556,
          0.0879618100910783,
          0.1691335115642472,
          0.135341516327924,
          0.09459530744664241,
          0.07789776829372157,
          0.03783488129392562,
          0.025738724168035302,
          0.0066146366443999415,
          0.051060533999778814
        ],
        "currentBinShare": 0.07789776829372157
      },
      "ttm": {
        "squeeze": false,
        "release": false,
        "widthPct": 2.2767600612755645
      }
    },
    "min15": {
      "sma20": 0.10991999999999999,
      "sma50": 0.10925999999999993,
      "ema20": 0.10992370838280756,
      "ema50": 0.10930199663285935,
      "vwma20": 0.11016089317965805,
      "hma21": 0.1108450216450216,
      "atr14": 0.0012928571428571412,
      "atrPercentile": 0.7195121951219512,
      "rvolZ": -0.7395622390332028,
      "rvolPercentile": 0.03125,
      "mfi14": 53.466669129693265,
      "ppo": {
        "ppo": 0.5160900133675415,
        "signal": 0.40513098342883824,
        "histogram": 0.11095902993870321
      },
      "stochRsi": {
        "k": 30.324909747292196,
        "d": 54.14839588752633
      },
      "vprofile": {
        "vpBins": [
          0.0072515971641130056,
          0.00046902885415958624,
          0.017181284593429838,
          0.07910636292922879,
          0.0002908173763846361,
          0.0010403170410491882,
          0.026754827450135233,
          0.025950161566497914,
          0.11122140746237946,
          0.020729739115749074,
          0.036252093381700816,
          0.019785232202688765,
          0.10453780428705087,
          0.2246906643585628,
          0.09834262397726168,
          0.07915164655388601,
          0.08889806521537909,
          0.05834632647034329,
          0,
          0
        ],
        "currentBinShare": 0.05834632647034329
      },
      "ttm": {
        "squeeze": false,
        "release": false,
        "widthPct": 3.048091934697529
      }
    },
    "hourly": {
      "sma20": 0.10874500000000001,
      "sma50": 0.109818,
      "ema20": 0.10921631053121406,
      "ema50": 0.10933737192366191,
      "vwma20": 0.10952052360448601,
      "hma21": 0.10905930735930738,
      "atr14": 0.0019285714285714284,
      "atrPercentile": 0.32298136645962733,
      "rvolZ": -0.12054372624254989,
      "rvolPercentile": 0.6785714285714286,
      "mfi14": 60.32829507127679,
      "ppo": {
        "ppo": 0.13206691237909746,
        "signal": -0.19470081422652424,
        "histogram": 0.3267677266056217
      },
      "stochRsi": {
        "k": 63.260811173784546,
        "d": 53.42571534352357
      },
      "vprofile": {
        "vpBins": [
          0,
          0.013010889370761149,
          0.04861915744596984,
          0.039445789712207,
          0.0642914595356003,
          0.02658087929370309,
          0.02882524812635518,
          0.10912256497240898,
          0.005269816320997204,
          0.026682930858586307,
          0.03312007949669889,
          0.024491953940065023,
          0.14139452079239748,
          0.11121981200842403,
          0.08582881679107797,
          0.04107780477325377,
          0.12162939894601903,
          0.07938887761547496,
          0,
          0
        ],
        "currentBinShare": 0.08582881679107797
      },
      "ttm": {
        "squeeze": false,
        "release": false,
        "widthPct": 5.891618092577786
      }
    },
    "fourHour": {
      "sma20": 0.10943999999999998,
      "sma50": 0.104514,
      "ema20": 0.10897844516152233,
      "ema50": 0.10865504011051369,
      "vwma20": 0.10956481735749166,
      "hma21": 0.10908874458874455,
      "atr14": 0.005021428571428572,
      "atrPercentile": 0.5571428571428572,
      "rvolZ": 0.23097513914723045,
      "rvolPercentile": 0.7738095238095238,
      "mfi14": 39.54235925019628,
      "ppo": {
        "ppo": 0.7456659612913987,
        "signal": 0.9512612180420617,
        "histogram": -0.20559525675066292
      },
      "stochRsi": {
        "k": 58.08265600707442,
        "d": 51.805237834621806
      },
      "vprofile": {
        "vpBins": [
          0,
          0.06602161439870541,
          0.05183327840747786,
          0.05292939512117132,
          0.043797950445455675,
          0.10004433402922726,
          0.06835508391129021,
          0.044995181429575794,
          0.10701819098949751,
          0.148105684969585,
          0.08378076309982613,
          0,
          0.0029379115652536114,
          0.027705934199794904,
          0.01263037993537488,
          0.028852392013084503,
          0.10129622362475958,
          0.019849090063901384,
          0,
          0.03984659179601895
        ],
        "currentBinShare": 0.148105684969585
      },
      "ttm": {
        "squeeze": true,
        "release": false,
        "widthPct": 8.34854848811155
      }
    },
    "daily": {
      "sma20": 0.118505,
      "sma50": 0.144332,
      "ema20": 0.11801896716586262,
      "ema50": 0.1541058929437964,
      "vwma20": 0,
      "hma21": 0.09000432900432905,
      "atr14": 0.013692857142857144,
      "atrPercentile": 0.02631578947368421,
      "rvolZ": 0,
      "rvolPercentile": 1,
      "mfi14": 50,
      "ppo": {
        "ppo": -9.282848336258166,
        "signal": -11.359917727512109,
        "histogram": 2.077069391253943
      },
      "stochRsi": {
        "k": 94.59945255199396,
        "d": 38.183582846733174
      },
      "vprofile": {
        "vpBins": [
          0,
          0,
          0,
          0,
          0,
          0,
          0,
          0,
          0,
          0,
          0,
          0,
          0,
          0,
          0,
          0,
          0,
          0,
          0,
          0
        ],
        "currentBinShare": 0
      },
      "ttm": {
        "squeeze": false,
        "release": false,
        "widthPct": 60.89698543602854
      }
    }
  },
  "smaMin5": 0.110205,
  "emaMin5": 0.11029131797593629,
  "vwmaMin5": 0.11021567239755474,
  "hmaMin5": 0.11057402597402596,
  "keltner15": {
    "upper": 0.11169370838280755,
    "middle": 0.10992370838280756,
    "lower": 0.10815370838280756
  },
  "superTrend15": {
    "isBull": true,
    "finalUpper": 0.11463999999999999,
    "finalLower": 0.10756000000000002
  },
  "mfi15": 53.466669129693265,
  "stochRsi15": {
    "k": 30.324909747292196,
    "d": 54.14839588752633
  },
  "ppo15": {
    "ppo": 0.5160900133675415,
    "signal": 0.40513098342883824,
    "histogram": 0.11095902993870321
  },
  "vpMin15": {
    "vpBins": [
      0.0072515971641130056,
      0.00046902885415958624,
      0.017181284593429838,
      0.07910636292922879,
      0.0002908173763846361,
      0.0010403170410491882,
      0.026754827450135233,
      0.025950161566497914,
      0.11122140746237946,
      0.020729739115749074,
      0.036252093381700816,
      0.019785232202688765,
      0.10453780428705087,
      0.2246906643585628,
      0.09834262397726168,
      0.07915164655388601,
      0.08889806521537909,
      0.05834632647034329,
      0,
      0
    ],
    "currentBinShare": 0.05834632647034329
  },
  "ttm15": {
    "squeeze": false,
    "release": false,
    "widthPct": 3.048091934697529
  },
  "marketCorrelation": {
    "hourly": {
      "btcCorrelation": 0,
      "ethCorrelation": 0,
      "btcBeta": 1,
      "ethBeta": 1,
      "btcTrend": "UNKNOWN",
      "ethTrend": "UNKNOWN",
      "tokenVol": 0,
      "btcVol": 0,
      "ethVol": 0,
      "marketDependence": 0,
      "verdict": "INSUFFICIENT_DATA"
    },
    "min15": {
      "btcCorrelation": 0,
      "ethCorrelation": 0,
      "btcBeta": 1,
      "ethBeta": 1,
      "btcTrend": "UNKNOWN",
      "ethTrend": "UNKNOWN",
      "tokenVol": 0,
      "btcVol": 0,
      "ethVol": 0,
      "marketDependence": 0,
      "verdict": "INSUFFICIENT_DATA"
    },
    "daily": {
      "btcCorrelation": 0,
      "ethCorrelation": 0,
      "btcBeta": 1,
      "ethBeta": 1,
      "btcTrend": "UNKNOWN",
      "ethTrend": "UNKNOWN",
      "tokenVol": 0,
      "btcVol": 0,
      "ethVol": 0,
      "marketDependence": 0,
      "verdict": "INSUFFICIENT_DATA"
    }
  },
  "tradeTape": {
    "totalTrades": 0,
    "totalVolume": 0,
    "buysVolume": 0,
    "sellsVolume": 0,
    "buySellRatio": 0.5,
    "vwap": 0,
    "signedVolume": 0,
    "avgTradeSize": 0,
    "tradesPerSec": 0,
    "cumulativeDelta": 0,
    "tradesLast1m": 0,
    "tradesLast5m": 0,
    "tradesLast15m": 0,
    "tradesLast1h": 0,
    "buyVWAP": 0,
    "sellVWAP": 0,
    "aggressorVWAP": 0,
    "bucketDurationMs": 60000,
    "bucketCount": 15,
    "bucketSignedVolumes": [],
    "bucketVolumes": [],
    "bucketVWAPs": [],
    "latestBucketSignedZ": 0
  },
  "enhancedMetrics": {
    "relativeVolumeZScore": -1,
    "volumePercentile": 40,
    "atrPercentile": 19.708029197080293,
    "volatilityPercentile": 12.974683544303797,
    "relativeVolatilityRatio": 0.6424948437078716,
    "isHighVolume": false,
    "isHighVolatility": false,
    "isLowVolatility": true,
    "isExpandingVolatility": false,
    "isContractingVolatility": true
  },
  "orderBook": {
    "bidAskSpread": 0,
    "spreadPct": 0,
    "midPrice": 0,
    "bestBid": 0,
    "bestAsk": 0,
    "bidDepth": 0,
    "askDepth": 0,
    "orderBookImbalance": 0,
    "liquidityScore": 0,
    "depthAt1Pct": {
      "bidVolume": 0,
      "askVolume": 0,
      "imbalance": 0
    },
    "depthAt2Pct": {
      "bidVolume": 0,
      "askVolume": 0,
      "imbalance": 0
    },
    "depthAt5Pct": {
      "bidVolume": 0,
      "askVolume": 0,
      "imbalance": 0
    },
    "weightedMidPrice": 0,
    "volumeWeightedSpread": 0,
    "totalBidLevels": 0,
    "totalAskLevels": 0
  },
  "marketCap": {
    "marketCap": 0,
    "totalVolume24h": 0,
    "volumeToMarketCapRatio": 0,
    "marketCapRank": 0,
    "normalizedRank": 0,
    "isHighLiquidity": false,
    "isVeryHighLiquidity": false,
    "isLowLiquidity": true,
    "liquidityTier": "VERY_LOW"
  },
  "sweeps": {
    "sweepScore": 0,
    "sweepCount": 0,
    "sweepDirection": "NEUTRAL",
    "buySweeps": 0,
    "sellSweeps": 0,
    "avgSweepSize": 0,
    "avgSweepIntensity": 0,
    "bidLiftRatio": 0,
    "askLiftRatio": 0,
    "sweepFrequency": 0,
    "largestSweep": null,
    "recentSweepClusters": 0,
    "sweepDetails": []
  },
  "absorption": {
    "absorptionScore": 0,
    "absorptionLevel": null,
    "absorptionSide": "NONE",
    "icebergProbability": 0,
    "hiddenLiquidityEstimate": 0,
    "volumeAtPrice": {},
    "topAbsorptionLevels": [],
    "persistenceDuration": 0,
    "refillDetected": false
  },
  "orderArrival": {
    "avgInterArrivalTime": 0,
    "recentInterArrivalTime": 0,
    "accelerationRatio": 1,
    "hawkesIntensity": 0,
    "hawkesDirection": "NEUTRAL",
    "clusteringScore": 0,
    "burstCount": 0,
    "cascadeDetected": false,
    "timeToNextTrade": 0,
    "accelerationTrend": "STABLE"
  },
  "liquidityVacuum": {
    "vacuumScore": 0,
    "vacuumSide": "NONE",
    "bidVacuumSeverity": 0,
    "askVacuumSeverity": 0,
    "depthConcentration": 0,
    "priceImpact10k": 0,
    "priceImpact50k": 0,
    "priceImpact100k": 0,
    "largestGapBid": 0,
    "largestGapAsk": 0,
    "avgGapBid": 0,
    "avgGapAsk": 0,
    "bidCliffDistance": 0,
    "askCliffDistance": 0
  },
  "volatilityRegime": {
    "regime": "NORMAL",
    "regimeScore": 0,
    "currentATR": 0.012992,
    "avgATR": 0.01945,
    "atrPercentile": 1.3,
    "realizedVolatility": 139.08,
    "volPercentile": 100,
    "expanding": false,
    "contracting": true,
    "transitionProbability": 0.4,
    "daysInRegime": 1,
    "regimeStrength": 0.93
  },
  "temporalPatterns": {
    "currentHour": 19,
    "currentDay": 0,
    "currentDayName": "Sunday",
    "dayBias": "NEUTRAL",
    "hourlyProfile": [
      {
        "avgVolume": 94387.38,
        "avgATR": 0.002957,
        "avgReturn": 0.091
      },
      {
        "avgVolume": 155227.04,
        "avgATR": 0.002779,
        "avgReturn": 0.429
      },
      {
        "avgVolume": 87835.36,
        "avgATR": 0.001907,
        "avgReturn": 0.523
      },
      {
        "avgVolume": 98863.96,
        "avgATR": 0.001693,
        "avgReturn": -0.185
      },
      {
        "avgVolume": 54731.05,
        "avgATR": 0.001793,
        "avgReturn": 0.16
      },
      {
        "avgVolume": 28643.84,
        "avgATR": 0.001386,
        "avgReturn": 0.149
      },
      {
        "avgVolume": 50304.97,
        "avgATR": 0.001521,
        "avgReturn": 0.158
      },
      {
        "avgVolume": 50383,
        "avgATR": 0.001531,
        "avgReturn": 0.564
      },
      {
        "avgVolume": 38536.09,
        "avgATR": 0.001857,
        "avgReturn": 0.167
      },
      {
        "avgVolume": 51256.21,
        "avgATR": 0.002143,
        "avgReturn": -0.003
      },
      {
        "avgVolume": 36931.28,
        "avgATR": 0.001657,
        "avgReturn": -0.129
      },
      {
        "avgVolume": 42971.81,
        "avgATR": 0.0018,
        "avgReturn": 0.061
      },
      {
        "avgVolume": 70276.06,
        "avgATR": 0.001957,
        "avgReturn": 0.026
      },
      {
        "avgVolume": 207266.25,
        "avgATR": 0.003386,
        "avgReturn": -1.437
      },
      {
        "avgVolume": 157326.48,
        "avgATR": 0.002743,
        "avgReturn": -0.206
      },
      {
        "avgVolume": 120799.62,
        "avgATR": 0.00295,
        "avgReturn": 0.372
      },
      {
        "avgVolume": 184610.41,
        "avgATR": 0.00375,
        "avgReturn": -0.423
      },
      {
        "avgVolume": 168251.19,
        "avgATR": 0.00255,
        "avgReturn": -0.17
      },
      {
        "avgVolume": 81401.94,
        "avgATR": 0.002364,
        "avgReturn": 0.045
      },
      {
        "avgVolume": 103093.23,
        "avgATR": 0.0021,
        "avgReturn": 0.038
      },
      {
        "avgVolume": 86472.65,
        "avgATR": 0.001721,
        "avgReturn": -0.55
      },
      {
        "avgVolume": 140279.54,
        "avgATR": 0.002171,
        "avgReturn": -0.177
      },
      {
        "avgVolume": 79325.24,
        "avgATR": 0.001657,
        "avgReturn": 0.026
      },
      {
        "avgVolume": 41107.56,
        "avgATR": 0.001386,
        "avgReturn": -0.289
      }
    ],
    "dailyProfile": [
      {
        "avgVolume": 74719.43,
        "avgATR": 0.002196,
        "avgReturn": -0.441
      },
      {
        "avgVolume": 89554.59,
        "avgATR": 0.002408,
        "avgReturn": -0.121
      },
      {
        "avgVolume": 121670.03,
        "avgATR": 0.002444,
        "avgReturn": 0.053
      },
      {
        "avgVolume": 92880.62,
        "avgATR": 0.001877,
        "avgReturn": 0.178
      },
      {
        "avgVolume": 74904.07,
        "avgATR": 0.002033,
        "avgReturn": -0.07
      },
      {
        "avgVolume": 57865.72,
        "avgATR": 0.00197,
        "avgReturn": 0.055
      },
      {
        "avgVolume": 139060.38,
        "avgATR": 0.002177,
        "avgReturn": 0.112
      }
    ],
    "favorableHours": [
      13,
      16,
      17,
      14,
      1,
      21
    ],
    "favorableWindow": false,
    "currentVsAvgVolume": 0,
    "currentVsAvgVolatility": 0,
    "anomalyDetected": true,
    "timeUntilFavorable": 2,
    "temporalScore": 0
  },
  "unifiedMicrostructure": {
    "signalDirections": {
      "vpin": "NEUTRAL",
      "sweeps": "NEUTRAL",
      "absorption": "NEUTRAL",
      "arrival": "NEUTRAL",
      "vacuum": "NONE",
      "volRegime": "NEUTRAL",
      "temporal": "UNFAVORABLE"
    },
    "consensusDirection": "BEARISH",
    "consensusStrength": 50,
    "bullishSignals": 0,
    "bearishSignals": 1,
    "neutralSignals": 1,
    "totalAvailableSignals": 2,
    "dominantPattern": "NONE",
    "clusters": {
      "strongBuyCluster": false,
      "distributionPattern": false,
      "accumulationPattern": false,
      "momentumCascade": false
    },
    "adaptiveWeights": {
      "vpin": 0,
      "sweeps": 0,
      "absorption": 0,
      "arrival": 0,
      "vacuum": 0,
      "volRegime": 0.021,
      "temporal": 0.02
    },
    "convictionLevel": "LOW",
    "convictionScore": 30,
    "riskAdjustment": "REDUCE",
    "timingQuality": "UNFAVORABLE",
    "signalQuality": "LOW"
  },
  "deltaAnalysis": {
    "currentDelta": 0,
    "cumulativeDelta": 0,
    "deltaPerVolume": 0,
    "deltaDirection": "NEUTRAL",
    "deltaDivergence": false,
    "institutionalRatio": 0,
    "aggressionScore": 0
  },
  "volumeProfile": {
    "pointOfControl": 0,
    "valueAreaHigh": 0,
    "valueAreaLow": 0,
    "currentPosition": "ABOVE_VALUE_AREA",
    "volumeNodes": [],
    "airPockets": []
  },
  "momentumCascade": {
    "cascadeDetected": false,
    "alignmentScore": 0.008150077910656419,
    "cascadeStrength": 0,
    "acceleratingTimeframes": [
      "15m"
    ],
    "divergingTimeframes": [
      "1m",
      "5m",
      "1h"
    ]
  },
  "breakoutConfirmation": {
    "breakoutConfirmed": false,
    "volumeConfirmation": false,
    "retestStrength": 0,
    "falseBreakoutRisk": 0,
    "breakoutQuality": "NO_BREAKOUT"
  },
  "liquidityHeatmap": {
    "liquidityScore": 0,
    "magnetDirection": "NONE",
    "magnetStrength": 0,
    "priceTarget5pct": null,
    "message": "No order book data"
  },
  "smartMoneyDivergence": {
    "divergenceDetected": false,
    "divergenceDirection": "NONE",
    "smartMoneyScore": 0.5,
    "message": "Insufficient trade data"
  },
  "microstructure": {
    "raw": -0.02163494410052666,
    "pct": 50,
    "summary": {
      "latestBucketSignedZ": 0,
      "buySellRatio": 0.5,
      "tradesPerSec": 0,
      "vwap": 0,
      "aggressorVWAP": 0,
      "vpinToxicity": "UNKNOWN",
      "sweepDirection": "NEUTRAL",
      "absorptionSide": "NONE",
      "icebergDetected": false,
      "hawkesDirection": "NEUTRAL",
      "cascadeDetected": false,
      "vacuumSide": "NONE",
      "volatilityRegime": "NORMAL",
      "volExpanding": false,
      "favorableTimeWindow": false,
      "temporalAnomaly": true,
      "consensusDirection": "BEARISH",
      "consensusStrength": 50,
      "dominantPattern": "NONE",
      "convictionLevel": "LOW",
      "riskAdjustment": "REDUCE",
      "timingQuality": "UNFAVORABLE",
      "deltaDirection": "NEUTRAL",
      "deltaDivergence": false,
      "institutionalRatio": 0,
      "volumeProfilePosition": "ABOVE_VALUE_AREA",
      "pointOfControl": 0,
      "momentumCascadeDetected": false,
      "cascadeStrength": 0,
      "breakoutQuality": "NO_BREAKOUT",
      "breakoutConfirmed": false,
      "magnetDirection": "NONE",
      "magnetStrength": 0,
      "priceTarget5pct": null,
      "nearestBidWall": 0,
      "nearestAskWall": 0,
      "divergenceDetected": false,
      "divergenceDirection": "NONE",
      "whaleAccumulation": false,
      "whaleDistribution": false,
      "retailPanic": false,
      "smartMoneyScore": 0.5
    }
  }
}

=== MICROSTRUCTURE ALERTS ===

🔬 VPIN: Insufficient data for VPIN analysis

🌊 SWEEP DETECTION: No significant sweeps detected

🧊 ABSORPTION & ICEBERG: No significant absorption or iceberg orders detected

⚡ ORDER ARRIVAL DYNAMICS: Insufficient trades for analysis

🌪️ LIQUIDITY VACUUM: No significant vacuum detected

📊 VOLATILITY REGIME DETECTION:
   Current Regime: NORMAL
   Regime Score: 0.00 (-1=low vol, +1=extreme vol)
   Days in Regime: 1
   ATR: $0.012992 (avg: $0.019450)
   ATR Percentile: 1.3%
   Realized Volatility: 139.08% (annualized)
   Vol Percentile: 100.0%

   ⚪ NORMAL VOLATILITY:
   📊 Balanced market conditions
   ✅ Standard risk management applies

   📉 VOLATILITY CONTRACTING:
   🔄 Consolidation phase - accumulation likely
   ⏳ Wait for expansion before entering

   📍 MODERATE REGIME TRANSITION PROBABILITY: 40%
   Monitor for potential regime change

   ⚠️ NEW REGIME: Only 1 day(s) - conditions still settling

⏰ TEMPORAL PATTERN ANALYSIS:
   Current Time: Sunday 19:00 UTC
   Day Bias: NEUTRAL
   Current vs Avg Volume: 0x
   Current vs Avg Volatility: 0x

   ⏳ NON-FAVORABLE TIME WINDOW:
   This hour typically shows weaker activity
   Next favorable window in 2 hour(s)

   ⚠️ LOW ACTIVITY ANOMALY:
   Volume 0x below typical - Extremely quiet

   📉 LOW VOLATILITY ANOMALY:
   Volatility 0x below typical - Consolidation likely

   🔥 Best Trading Hours (UTC): 13:00, 16:00, 17:00

🎯 UNIFIED MICROSTRUCTURE INTEGRATION:
   Signal Consensus: BEARISH (50% agreement)
   Available Signals: 2 (0 bullish / 1 bearish / 1 neutral)
   Conviction Level: LOW (30%)
   Signal Quality: LOW
   Risk Adjustment: REDUCE
   Timing Quality: UNFAVORABLE

   ⚠️ LOW CONVICTION: Only 50% signal agreement
   Weak alignment - Reduce position size or wait for clarity

   ⚠️ RISK REDUCTION RECOMMENDED: Extreme volatility or unfavorable timing detected

   ⏰ UNFAVORABLE TIMING: Avoid trading during this hour

   Signal Directions Breakdown:
   • VPIN: NEUTRAL
   • Sweeps: NEUTRAL
   • Absorption: NEUTRAL
   • Arrival Dynamics: NEUTRAL
   • Liquidity Vacuum: NONE
   • Vol Regime: NEUTRAL
   • Temporal: UNFAVORABLE

   Adaptive Weights (Total: 4.1%):
   • VPIN: 0.0%
   • Sweeps: 0.0%
   • Absorption: 0.0%
   • Arrival: 0.0%
   • Vacuum: 0.0%
   • Vol Regime: 2.1%
   • Temporal: 2.0%


💹 DELTA ANALYSIS (Order Flow Aggression):
   Direction: NEUTRAL
   Delta Per Volume: 0.00%
   Institutional Ratio: 0.0%
   Aggression Score: 0.0%

📊 VOLUME PROFILE (Support/Resistance Strength):
   Point of Control (POC): $0.000000
   Value Area High: $0.000000
   Value Area Low: $0.000000
   Current Position: ABOVE_VALUE_AREA
   ⚠️ DISTRIBUTION RISK: Price above value area - potential rejection zone

⚡ MOMENTUM CASCADE (Multi-Timeframe Alignment):
   Cascade Detected: NO
   Alignment Score: 0.8%
   Cascade Strength: 0.0%
   Accelerating: 15m
   Diverging: 1m, 5m, 1h

💥 BREAKOUT CONFIRMATION:
   Quality: NO_BREAKOUT
   Volume Confirmation: NO
   Retest Strength: 0.0%
   False Breakout Risk: 0.0%
   No breakout detected - price below resistance


levels:
Entry=0.11107739999999999, StopLoss=0.107745078, TakeProfit=0.11150154999999999, 0.1119257, 0.11226502000000001

---

=== Token: XCN (XCN) ===
Contract: XCN-USD
Timestamp: 2025-03-19T15:40:00.000Z

Calculations:
{
  "momentumScore": 75.90202404522793,
  "volumeScore": 18.88937858330931,
  "patternScore": 80.10975965148137,
  "totalScore": 43.02834984263647,
  "finalScore": 43.02834984263647,
  "weights": "0.23,0.45,0.23",
  "hourlyUptrend": true,
  "rsi": 64.70588235294126,
  "ultraShortVolumeSurge": 0.6995209034027853,
  "baseVolumeSurge": 0.056408354204072655,
  "currentPrice": 0.01221,
  "resistance": 0.01236,
  "support": 0.01182,
  "rocMin5": 0.005766062602965454,
  "shortROC": 0.0049382716049383565,
  "priceAcceleration": 0.001442199491218524,
  "buySellRatio": 0.40145463490788763,
  "macdHistogram": 4.896944203764818e-7,
  "stochasticK": 72.22222222222233,
  "atr": 0.00006642857142857145,
  "bbUpper": 0.012302338744517444,
  "bbLower": 0.011891661255482557,
  "hammerDetected": false,
  "engulfingDetected": false,
  "compressionSpring": {
    "detected": true,
    "confidence": 66,
    "signals": {
      "sidewaysPrice": true,
      "atrCompression": true,
      "bbSqueeze": true,
      "consolidationTime": true,
      "strongBuying": false,
      "obvPositive": false,
      "chaikinPositive": false,
      "rsiNeutral": true,
      "volumeBuilding": false
    },
    "metrics": {
      "priceRange": 4.57,
      "atrRatio": 0.715,
      "bbWidth": 3.39,
      "volumeRatio": 0.614,
      "signalCount": 5,
      "buySellRatio": 0.401
    }
  },
  "riskTier": "MEDIUM",
  "atrPercent": 1.2051012051012047,
  "distanceToResistance": 1.228501228501221,
  "slPercent": 3,
  "tpPercent": 1.0442260442260378,
  "trailingActivation": 0.6265356265356227,
  "shortMomentumScore": 20,
  "overboughtScore": 0,
  "shortPatternScore": 0,
  "shootingStarDetected": false,
  "bearishEngulfingDetected": false,
  "eveningStarDetected": false,
  "bearishPatternsCount": 0,
  "shortTotalScore": 8,
  "chaikin": 0.025053450087065818,
  "obvIncreasing": false,
  "obvTrend": "declining",
  "adx": 12.9629629629631,
  "recentCandles": {
    "redCount": 3,
    "greenCount": 7
  },
  "resistanceDistance": 1.228501228501221,
  "multiplePatterns": false,
  "bullishPattern": false,
  "priceAboveVWAP": true,
  "breakingResistance": false,
  "atrSufficient": true,
  "macdDivergenceBearish": false,
  "rvolMin1": -0.007578032730322157,
  "rvolMin5": 1.5194278493296332,
  "atrPercentileOld": 1,
  "vwapDeviation": 1.8011610020742248,
  "bbWidthPercent": 3.394870538438349,
  "bbSqueeze": false,
  "multiTFMomentum": {
    "min1": {
      "roc1": -0.0008230452674896784,
      "roc3": 0.0033057851239669507
    },
    "min5": {
      "roc1": 0.0049382716049383565,
      "roc3": 0.007425742574257409
    },
    "min15": {
      "roc1": 0.007425742574257409,
      "roc3": 0.0041118421052631325
    },
    "hourly": {
      "roc1": 0.002465078060805301,
      "roc3": 0.009098428453267223
    },
    "fourHour": {
      "roc1": 0.002465078060805301,
      "roc3": 0.019214703425229827
    },
    "divergenceShortUpLongDown": false
  },
  "returnZMin5": 1.2810068399184573,
  "wickClosePct": 0.6875000000000027,
  "wickUpper": 0.0000499999999999997,
  "wickLower": 0.0000499999999999997,
  "wickRatio": 0.833333333333314,
  "donchianBreakout15": false,
  "bbWidthPercentile15": 0.7792207792207793,
  "signedMin5": 7187071.299999999,
  "signedMin5Z": 1.2339908609108963,
  "signedMin1": 33571464.89999999,
  "signedMin1Z": 16.736317478779565,
  "streakMin1": {
    "upStreak": 0,
    "downStreak": 1
  },
  "streakMin5": {
    "upStreak": 2,
    "downStreak": 0
  },
  "rvolPercentileMin1": 0.7333333333333333,
  "rvolPercentileMin5": 0.9583333333333334,
  "perTfMetrics": {
    "min1": {
      "sma20": 0.012130500000000002,
      "sma50": 0.012143599999999997,
      "ema20": 0.012132231585084597,
      "ema50": 0.012135571203509754,
      "vwma20": 0.012128993581110173,
      "hma21": 0.012123203463203464,
      "atr14": 0.00003428571428571462,
      "atrPercentile": 0.9023162134944612,
      "rvolZ": -0.007578032730322157,
      "rvolPercentile": 0.7333333333333333,
      "mfi14": 58.93967565875483,
      "ppo": {
        "ppo": -0.023973819411781044,
        "signal": -0.05088767447967829,
        "histogram": 0.026913855067897247
      },
      "stochRsi": {
        "k": 59.15492957746496,
        "d": 52.56410256410255
      },
      "vprofile": {
        "vpBins": [
          0.023525920908673816,
          0.053194952445614625,
          0.0751127647318272,
          0.012862278380781732,
          0.03669552132648694,
          0.029377502108925372,
          0.013444310204547468,
          0.10809281729684514,
          0.18663386260323686,
          0.014650328998988486,
          0.0635660519056599,
          0.07529814405568543,
          0.10468357783351422,
          0.05395466252530427,
          0.0317454476206836,
          0.0032146992962568165,
          0,
          0.043916152021175256,
          0.06147681382211794,
          0.008554191913674767
        ],
        "currentBinShare": 0.07529814405568543
      },
      "ttm": {
        "squeeze": false,
        "release": false,
        "widthPct": 0.6122565311447001
      }
    },
    "min5": {
      "sma20": 0.012159,
      "sma50": 0.012089800000000001,
      "ema20": 0.01212964507238119,
      "ema50": 0.012079696294238764,
      "vwma20": 0.012189350572575485,
      "hma21": 0.012142554112554112,
      "atr14": 0.00006642857142857145,
      "atrPercentile": 0.8978102189781022,
      "rvolZ": 1.5194278493296332,
      "rvolPercentile": 0.9583333333333334,
      "mfi14": 77.1232152057795,
      "ppo": {
        "ppo": 0.21341697856516556,
        "signal": 0.22145716059225273,
        "histogram": -0.008040182027087173
      },
      "stochRsi": {
        "k": 87.2087213263685,
        "d": 51.13851992409868
      },
      "vprofile": {
        "vpBins": [
          0.0040548036578824135,
          0.022902180299175384,
          0.04073452255379258,
          0.05204271268649918,
          0.08782303234743138,
          0.08721427110174206,
          0.04934096237580497,
          0.037302141123363754,
          0.08267837022234192,
          0.11355420980451661,
          0.06613513278977386,
          0.038998818565979115,
          0.06656324876951512,
          0.1253147617505786,
          0.032995023005254503,
          0.0430685203750439,
          0,
          0,
          0.04927728857130437,
          0
        ],
        "currentBinShare": 0.0430685203750439
      },
      "ttm": {
        "squeeze": true,
        "release": false,
        "widthPct": 1.601196614673964
      }
    },
    "min15": {
      "sma20": 0.012097,
      "sma50": 0.011956399999999999,
      "ema20": 0.012078934369031877,
      "ema50": 0.01200183533903883,
      "vwma20": 0.012092024311981498,
      "hma21": 0.012098614718614722,
      "atr14": 0.0001471428571428571,
      "atrPercentile": 1,
      "rvolZ": 0.5749898127881642,
      "rvolPercentile": 0.875,
      "mfi14": 36.93175936139165,
      "ppo": {
        "ppo": 0.5156566708618043,
        "signal": 0.45183154284637084,
        "histogram": 0.0638251280154335
      },
      "stochRsi": {
        "k": 22.287889691032667,
        "d": 50.244955100027575
      },
      "vprofile": {
        "vpBins": [
          0.004891372349076722,
          0.02125555291905765,
          0.021485252025591723,
          0.05558175998688157,
          0.07746635328999425,
          0.13709014384090173,
          0.1680681924077359,
          0.0525610258329028,
          0.051341115415658715,
          0.0916258415872274,
          0.01472488507154875,
          0.02138209131526373,
          0.06649203051254762,
          0.05871856988560278,
          0.05883524320299238,
          0.018109293659613758,
          0,
          0,
          0.08037127669740272,
          0
        ],
        "currentBinShare": 0.018109293659613758
      },
      "ttm": {
        "squeeze": false,
        "release": false,
        "widthPct": 3.394870538438349
      }
    },
    "hourly": {
      "sma20": 0.011962999999999998,
      "sma50": 0.012165800000000003,
      "ema20": 0.0120166444886475,
      "ema50": 0.0121572301967492,
      "vwma20": 0.012023192997099325,
      "hma21": 0.011994458874458873,
      "atr14": 0.00018714285714285683,
      "atrPercentile": 0.18944099378881987,
      "rvolZ": 0.06431212152043471,
      "rvolPercentile": 0.6696428571428571,
      "mfi14": 48.05297460280764,
      "ppo": {
        "ppo": -0.04287358246772132,
        "signal": -0.45933048018903666,
        "histogram": 0.41645689772131533
      },
      "stochRsi": {
        "k": 100,
        "d": 54.7196628242458
      },
      "vprofile": {
        "vpBins": [
          0.0115379231578174,
          0,
          0.014539098204633233,
          0.05373366460102798,
          0.050348322204070345,
          0.051943068564262354,
          0.056260535346153905,
          0.07318510367784993,
          0.036178921098284515,
          0.03159151865727536,
          0.08935983535609072,
          0.09579070614850588,
          0.07400410996777554,
          0.06901111561768299,
          0.08811663561380803,
          0.09335956841680759,
          0.1110398733679543,
          0,
          0,
          0
        ],
        "currentBinShare": 0.051943068564262354
      },
      "ttm": {
        "squeeze": false,
        "release": false,
        "widthPct": 4.071975028780235
      }
    },
    "fourHour": {
      "sma20": 0.012320000000000001,
      "sma50": 0.012872800000000002,
      "ema20": 0.012332699921558216,
      "ema50": 0.012796649117202298,
      "vwma20": 0.012329089296260762,
      "hma21": 0.011855281385281382,
      "atr14": 0.0003649999999999999,
      "atrPercentile": 0.15714285714285714,
      "rvolZ": 0.6449328428001803,
      "rvolPercentile": 0.8214285714285714,
      "mfi14": 45.02116778381739,
      "ppo": {
        "ppo": -2.107851351135012,
        "signal": -2.099649793010669,
        "histogram": -0.008201558124342867
      },
      "stochRsi": {
        "k": 100,
        "d": 40.04958305161144
      },
      "vprofile": {
        "vpBins": [
          0,
          0,
          0.013643918790097286,
          0,
          0.09152002963855288,
          0.03476499930382508,
          0.05947594579145118,
          0.13383026098673853,
          0.026671632401180062,
          0.09632939606272471,
          0.12280721283533408,
          0.09814052351851918,
          0.0651967305190203,
          0.14471446100337435,
          0.049763800751699006,
          0,
          0,
          0.06314108839748322,
          0,
          0
        ],
        "currentBinShare": 0.05947594579145118
      },
      "ttm": {
        "squeeze": false,
        "release": false,
        "widthPct": 9.442974044897916
      }
    },
    "daily": {
      "sma20": 0.013912499999999998,
      "sma50": 0.019918600000000005,
      "ema20": 0.01413991663066744,
      "ema50": 0.015797166739609556,
      "vwma20": 0,
      "hma21": 0.011351774891774885,
      "atr14": 0.0016264285714285714,
      "atrPercentile": 0.21052631578947367,
      "rvolZ": 0,
      "rvolPercentile": 1,
      "mfi14": 50,
      "ppo": {
        "ppo": -11.594290670266737,
        "signal": -11.656105951304877,
        "histogram": 0.0618152810381396
      },
      "stochRsi": {
        "k": 43.49503002891294,
        "d": 34.58895297572701
      },
      "vprofile": {
        "vpBins": [
          0,
          0,
          0,
          0,
          0,
          0,
          0,
          0,
          0,
          0,
          0,
          0,
          0,
          0,
          0,
          0,
          0,
          0,
          0,
          0
        ],
        "currentBinShare": 0
      },
      "ttm": {
        "squeeze": false,
        "release": false,
        "widthPct": 50.049410952462146
      }
    }
  },
  "smaMin5": 0.012159,
  "emaMin5": 0.01212964507238119,
  "vwmaMin5": 0.012189350572575485,
  "hmaMin5": 0.012142554112554112,
  "keltner15": {
    "upper": 0.012323434369031877,
    "middle": 0.012078934369031877,
    "lower": 0.011834434369031878
  },
  "superTrend15": {
    "isBull": true,
    "finalUpper": 0.012669,
    "finalLower": 0.011691
  },
  "mfi15": 36.93175936139165,
  "stochRsi15": {
    "k": 22.287889691032667,
    "d": 50.244955100027575
  },
  "ppo15": {
    "ppo": 0.5156566708618043,
    "signal": 0.45183154284637084,
    "histogram": 0.0638251280154335
  },
  "vpMin15": {
    "vpBins": [
      0.004891372349076722,
      0.02125555291905765,
      0.021485252025591723,
      0.05558175998688157,
      0.07746635328999425,
      0.13709014384090173,
      0.1680681924077359,
      0.0525610258329028,
      0.051341115415658715,
      0.0916258415872274,
      0.01472488507154875,
      0.02138209131526373,
      0.06649203051254762,
      0.05871856988560278,
      0.05883524320299238,
      0.018109293659613758,
      0,
      0,
      0.08037127669740272,
      0
    ],
    "currentBinShare": 0.018109293659613758
  },
  "ttm15": {
    "squeeze": false,
    "release": false,
    "widthPct": 3.394870538438349
  },
  "marketCorrelation": {
    "hourly": {
      "btcCorrelation": 0,
      "ethCorrelation": 0,
      "btcBeta": 1,
      "ethBeta": 1,
      "btcTrend": "UNKNOWN",
      "ethTrend": "UNKNOWN",
      "tokenVol": 0,
      "btcVol": 0,
      "ethVol": 0,
      "marketDependence": 0,
      "verdict": "INSUFFICIENT_DATA"
    },
    "min15": {
      "btcCorrelation": 0,
      "ethCorrelation": 0,
      "btcBeta": 1,
      "ethBeta": 1,
      "btcTrend": "UNKNOWN",
      "ethTrend": "UNKNOWN",
      "tokenVol": 0,
      "btcVol": 0,
      "ethVol": 0,
      "marketDependence": 0,
      "verdict": "INSUFFICIENT_DATA"
    },
    "daily": {
      "btcCorrelation": 0,
      "ethCorrelation": 0,
      "btcBeta": 1,
      "ethBeta": 1,
      "btcTrend": "UNKNOWN",
      "ethTrend": "UNKNOWN",
      "tokenVol": 0,
      "btcVol": 0,
      "ethVol": 0,
      "marketDependence": 0,
      "verdict": "INSUFFICIENT_DATA"
    }
  },
  "tradeTape": {
    "totalTrades": 0,
    "totalVolume": 0,
    "buysVolume": 0,
    "sellsVolume": 0,
    "buySellRatio": 0.5,
    "vwap": 0,
    "signedVolume": 0,
    "avgTradeSize": 0,
    "tradesPerSec": 0,
    "cumulativeDelta": 0,
    "tradesLast1m": 0,
    "tradesLast5m": 0,
    "tradesLast15m": 0,
    "tradesLast1h": 0,
    "buyVWAP": 0,
    "sellVWAP": 0,
    "aggressorVWAP": 0,
    "bucketDurationMs": 60000,
    "bucketCount": 15,
    "bucketSignedVolumes": [],
    "bucketVolumes": [],
    "bucketVWAPs": [],
    "latestBucketSignedZ": 0
  },
  "enhancedMetrics": {
    "relativeVolumeZScore": -1,
    "volumePercentile": 40,
    "atrPercentile": 88.6861313868613,
    "volatilityPercentile": 26.89873417721519,
    "relativeVolatilityRatio": 1.1166917440043431,
    "isHighVolume": false,
    "isHighVolatility": false,
    "isLowVolatility": false,
    "isExpandingVolatility": false,
    "isContractingVolatility": false
  },
  "orderBook": {
    "bidAskSpread": 0,
    "spreadPct": 0,
    "midPrice": 0,
    "bestBid": 0,
    "bestAsk": 0,
    "bidDepth": 0,
    "askDepth": 0,
    "orderBookImbalance": 0,
    "liquidityScore": 0,
    "depthAt1Pct": {
      "bidVolume": 0,
      "askVolume": 0,
      "imbalance": 0
    },
    "depthAt2Pct": {
      "bidVolume": 0,
      "askVolume": 0,
      "imbalance": 0
    },
    "depthAt5Pct": {
      "bidVolume": 0,
      "askVolume": 0,
      "imbalance": 0
    },
    "weightedMidPrice": 0,
    "volumeWeightedSpread": 0,
    "totalBidLevels": 0,
    "totalAskLevels": 0
  },
  "marketCap": {
    "marketCap": 0,
    "totalVolume24h": 0,
    "volumeToMarketCapRatio": 0,
    "marketCapRank": 0,
    "normalizedRank": 0,
    "isHighLiquidity": false,
    "isVeryHighLiquidity": false,
    "isLowLiquidity": true,
    "liquidityTier": "VERY_LOW"
  },
  "sweeps": {
    "sweepScore": 0,
    "sweepCount": 0,
    "sweepDirection": "NEUTRAL",
    "buySweeps": 0,
    "sellSweeps": 0,
    "avgSweepSize": 0,
    "avgSweepIntensity": 0,
    "bidLiftRatio": 0,
    "askLiftRatio": 0,
    "sweepFrequency": 0,
    "largestSweep": null,
    "recentSweepClusters": 0,
    "sweepDetails": []
  },
  "absorption": {
    "absorptionScore": 0,
    "absorptionLevel": null,
    "absorptionSide": "NONE",
    "icebergProbability": 0,
    "hiddenLiquidityEstimate": 0,
    "volumeAtPrice": {},
    "topAbsorptionLevels": [],
    "persistenceDuration": 0,
    "refillDetected": false
  },
  "orderArrival": {
    "avgInterArrivalTime": 0,
    "recentInterArrivalTime": 0,
    "accelerationRatio": 1,
    "hawkesIntensity": 0,
    "hawkesDirection": "NEUTRAL",
    "clusteringScore": 0,
    "burstCount": 0,
    "cascadeDetected": false,
    "timeToNextTrade": 0,
    "accelerationTrend": "STABLE"
  },
  "liquidityVacuum": {
    "vacuumScore": 0,
    "vacuumSide": "NONE",
    "bidVacuumSeverity": 0,
    "askVacuumSeverity": 0,
    "depthConcentration": 0,
    "priceImpact10k": 0,
    "priceImpact50k": 0,
    "priceImpact100k": 0,
    "largestGapBid": 0,
    "largestGapAsk": 0,
    "avgGapBid": 0,
    "avgGapAsk": 0,
    "bidCliffDistance": 0,
    "askCliffDistance": 0
  },
  "volatilityRegime": {
    "regime": "BELOW_NORMAL",
    "regimeScore": -0.5,
    "currentATR": 0.001694,
    "avgATR": 0.002866,
    "atrPercentile": 22.4,
    "realizedVolatility": 143.58,
    "volPercentile": 20.3,
    "expanding": false,
    "contracting": true,
    "transitionProbability": 0.7,
    "daysInRegime": 5,
    "regimeStrength": 0.14
  },
  "temporalPatterns": {
    "currentHour": 19,
    "currentDay": 0,
    "currentDayName": "Sunday",
    "dayBias": "NEUTRAL",
    "hourlyProfile": [
      {
        "avgVolume": 52612445.56,
        "avgATR": 0.000414,
        "avgReturn": 0.165
      },
      {
        "avgVolume": 51602959.74,
        "avgATR": 0.000381,
        "avgReturn": 0.291
      },
      {
        "avgVolume": 44264393.01,
        "avgATR": 0.000311,
        "avgReturn": -0.079
      },
      {
        "avgVolume": 35951543.53,
        "avgATR": 0.00027,
        "avgReturn": -0.141
      },
      {
        "avgVolume": 39153954.29,
        "avgATR": 0.000311,
        "avgReturn": 0.467
      },
      {
        "avgVolume": 26185683.84,
        "avgATR": 0.000251,
        "avgReturn": 0.015
      },
      {
        "avgVolume": 18209539.25,
        "avgATR": 0.000185,
        "avgReturn": -0.239
      },
      {
        "avgVolume": 19145982.41,
        "avgATR": 0.000224,
        "avgReturn": 0.042
      },
      {
        "avgVolume": 19806739.05,
        "avgATR": 0.000265,
        "avgReturn": 0.129
      },
      {
        "avgVolume": 20609938.11,
        "avgATR": 0.000292,
        "avgReturn": 0.096
      },
      {
        "avgVolume": 19292989.9,
        "avgATR": 0.000223,
        "avgReturn": -0.204
      },
      {
        "avgVolume": 26601790.28,
        "avgATR": 0.000278,
        "avgReturn": 0.362
      },
      {
        "avgVolume": 38659475.53,
        "avgATR": 0.000354,
        "avgReturn": -0.178
      },
      {
        "avgVolume": 55308668.66,
        "avgATR": 0.000391,
        "avgReturn": -0.701
      },
      {
        "avgVolume": 57921582.62,
        "avgATR": 0.000381,
        "avgReturn": -0.406
      },
      {
        "avgVolume": 55015597.71,
        "avgATR": 0.000396,
        "avgReturn": 0.648
      },
      {
        "avgVolume": 58325241.95,
        "avgATR": 0.000437,
        "avgReturn": -1.039
      },
      {
        "avgVolume": 59287288.12,
        "avgATR": 0.000404,
        "avgReturn": -0.426
      },
      {
        "avgVolume": 61443537.71,
        "avgATR": 0.000511,
        "avgReturn": 1.153
      },
      {
        "avgVolume": 73726727.67,
        "avgATR": 0.000385,
        "avgReturn": 0.1
      },
      {
        "avgVolume": 54118114.31,
        "avgATR": 0.000299,
        "avgReturn": -0.547
      },
      {
        "avgVolume": 44858038.11,
        "avgATR": 0.00029,
        "avgReturn": -0.168
      },
      {
        "avgVolume": 44526741.74,
        "avgATR": 0.000291,
        "avgReturn": 0.027
      },
      {
        "avgVolume": 35965032.91,
        "avgATR": 0.000276,
        "avgReturn": -0.737
      }
    ],
    "dailyProfile": [
      {
        "avgVolume": 31495157.91,
        "avgATR": 0.00026,
        "avgReturn": -0.42
      },
      {
        "avgVolume": 40646277.39,
        "avgATR": 0.000344,
        "avgReturn": -0.159
      },
      {
        "avgVolume": 60740791.13,
        "avgATR": 0.000382,
        "avgReturn": 0.396
      },
      {
        "avgVolume": 56318247.54,
        "avgATR": 0.000375,
        "avgReturn": 0.018
      },
      {
        "avgVolume": 42482788.15,
        "avgATR": 0.000324,
        "avgReturn": -0.259
      },
      {
        "avgVolume": 39693701.75,
        "avgATR": 0.000339,
        "avgReturn": -0.014
      },
      {
        "avgVolume": 23921142.18,
        "avgATR": 0.000256,
        "avgReturn": 0.061
      }
    ],
    "favorableHours": [
      19,
      18,
      17,
      16,
      14,
      15
    ],
    "favorableWindow": true,
    "currentVsAvgVolume": 0,
    "currentVsAvgVolatility": 0,
    "anomalyDetected": true,
    "timeUntilFavorable": null,
    "temporalScore": 0.5
  },
  "unifiedMicrostructure": {
    "signalDirections": {
      "vpin": "NEUTRAL",
      "sweeps": "NEUTRAL",
      "absorption": "NEUTRAL",
      "arrival": "NEUTRAL",
      "vacuum": "NONE",
      "volRegime": "FAVORABLE",
      "temporal": "FAVORABLE"
    },
    "consensusDirection": "BULLISH",
    "consensusStrength": 100,
    "bullishSignals": 2,
    "bearishSignals": 0,
    "neutralSignals": 0,
    "totalAvailableSignals": 2,
    "dominantPattern": "NONE",
    "clusters": {
      "strongBuyCluster": false,
      "distributionPattern": false,
      "accumulationPattern": false,
      "momentumCascade": false
    },
    "adaptiveWeights": {
      "vpin": 0,
      "sweeps": 0,
      "absorption": 0,
      "arrival": 0,
      "vacuum": 0,
      "volRegime": 0.03,
      "temporal": 0.02
    },
    "convictionLevel": "HIGH",
    "convictionScore": 100,
    "riskAdjustment": "NORMAL",
    "timingQuality": "FAVORABLE",
    "signalQuality": "LOW"
  },
  "deltaAnalysis": {
    "currentDelta": 0,
    "cumulativeDelta": 0,
    "deltaPerVolume": 0,
    "deltaDirection": "NEUTRAL",
    "deltaDivergence": false,
    "institutionalRatio": 0,
    "aggressionScore": 0
  },
  "volumeProfile": {
    "pointOfControl": 0,
    "valueAreaHigh": 0,
    "valueAreaLow": 0,
    "currentPosition": "ABOVE_VALUE_AREA",
    "volumeNodes": [],
    "airPockets": []
  },
  "momentumCascade": {
    "cascadeDetected": false,
    "alignmentScore": 0.006916276325706857,
    "cascadeStrength": 0,
    "acceleratingTimeframes": [
      "1m",
      "5m"
    ],
    "divergingTimeframes": [
      "15m",
      "1h"
    ]
  },
  "breakoutConfirmation": {
    "breakoutConfirmed": false,
    "volumeConfirmation": false,
    "retestStrength": 0,
    "falseBreakoutRisk": 0,
    "breakoutQuality": "NO_BREAKOUT"
  },
  "liquidityHeatmap": {
    "liquidityScore": 0,
    "magnetDirection": "NONE",
    "magnetStrength": 0,
    "priceTarget5pct": null,
    "message": "No order book data"
  },
  "smartMoneyDivergence": {
    "divergenceDetected": false,
    "divergenceDirection": "NONE",
    "smartMoneyScore": 0.5,
    "message": "Insufficient trade data"
  },
  "microstructure": {
    "raw": -0.05745218516123071,
    "pct": 49,
    "summary": {
      "latestBucketSignedZ": 0,
      "buySellRatio": 0.5,
      "tradesPerSec": 0,
      "vwap": 0,
      "aggressorVWAP": 0,
      "vpinToxicity": "UNKNOWN",
      "sweepDirection": "NEUTRAL",
      "absorptionSide": "NONE",
      "icebergDetected": false,
      "hawkesDirection": "NEUTRAL",
      "cascadeDetected": false,
      "vacuumSide": "NONE",
      "volatilityRegime": "BELOW_NORMAL",
      "volExpanding": false,
      "favorableTimeWindow": true,
      "temporalAnomaly": true,
      "consensusDirection": "BULLISH",
      "consensusStrength": 100,
      "dominantPattern": "NONE",
      "convictionLevel": "HIGH",
      "riskAdjustment": "NORMAL",
      "timingQuality": "FAVORABLE",
      "deltaDirection": "NEUTRAL",
      "deltaDivergence": false,
      "institutionalRatio": 0,
      "volumeProfilePosition": "ABOVE_VALUE_AREA",
      "pointOfControl": 0,
      "momentumCascadeDetected": false,
      "cascadeStrength": 0,
      "breakoutQuality": "NO_BREAKOUT",
      "breakoutConfirmed": false,
      "magnetDirection": "NONE",
      "magnetStrength": 0,
      "priceTarget5pct": null,
      "nearestBidWall": 0,
      "nearestAskWall": 0,
      "divergenceDetected": false,
      "divergenceDirection": "NONE",
      "whaleAccumulation": false,
      "whaleDistribution": false,
      "retailPanic": false,
      "smartMoneyScore": 0.5
    }
  }
}

=== MICROSTRUCTURE ALERTS ===

🔬 VPIN: Insufficient data for VPIN analysis

🌊 SWEEP DETECTION: No significant sweeps detected

🧊 ABSORPTION & ICEBERG: No significant absorption or iceberg orders detected

⚡ ORDER ARRIVAL DYNAMICS: Insufficient trades for analysis

🌪️ LIQUIDITY VACUUM: No significant vacuum detected

📊 VOLATILITY REGIME DETECTION:
   Current Regime: BELOW_NORMAL
   Regime Score: -0.50 (-1=low vol, +1=extreme vol)
   Days in Regime: 5
   ATR: $0.001694 (avg: $0.002866)
   ATR Percentile: 22.4%
   Realized Volatility: 143.58% (annualized)
   Vol Percentile: 20.3%

   🟢 BELOW NORMAL VOLATILITY:
   ⚡ Consolidation phase - watch for expansion
   ✅ Good entry zone for patient trades

   📉 VOLATILITY CONTRACTING:
   🔄 Consolidation phase - accumulation likely
   ⏳ Wait for expansion before entering

   ⚠️ HIGH REGIME TRANSITION PROBABILITY: 70%
   Market near regime boundary - expect volatility shift soon

⏰ TEMPORAL PATTERN ANALYSIS:
   Current Time: Sunday 19:00 UTC
   Day Bias: NEUTRAL
   Current vs Avg Volume: 0x
   Current vs Avg Volatility: 0x

   ✅ FAVORABLE TIME WINDOW:
   This hour historically shows strong volume and positive returns
   GOOD time to trade - patterns favor entry

   ⚠️ LOW ACTIVITY ANOMALY:
   Volume 0x below typical - Extremely quiet

   📉 LOW VOLATILITY ANOMALY:
   Volatility 0x below typical - Consolidation likely

   🔥 Best Trading Hours (UTC): 19:00, 18:00, 17:00

🎯 UNIFIED MICROSTRUCTURE INTEGRATION:
   Signal Consensus: BULLISH (100% agreement)
   Available Signals: 2 (2 bullish / 0 bearish / 0 neutral)
   Conviction Level: HIGH (100%)
   Signal Quality: LOW
   Risk Adjustment: NORMAL
   Timing Quality: FAVORABLE

   ✅ HIGH CONVICTION: 100% of signals agree on direction
   Strong institutional alignment - Follow the smart money

   📊 NORMAL RISK LEVEL: Standard position sizing applies

   ⏰ FAVORABLE TIMING: Good time window for trading

   Signal Directions Breakdown:
   • VPIN: NEUTRAL
   • Sweeps: NEUTRAL
   • Absorption: NEUTRAL
   • Arrival Dynamics: NEUTRAL
   • Liquidity Vacuum: NONE
   • Vol Regime: FAVORABLE
   • Temporal: FAVORABLE

   Adaptive Weights (Total: 5.0%):
   • VPIN: 0.0%
   • Sweeps: 0.0%
   • Absorption: 0.0%
   • Arrival: 0.0%
   • Vacuum: 0.0%
   • Vol Regime: 3.0%
   • Temporal: 2.0%


💹 DELTA ANALYSIS (Order Flow Aggression):
   Direction: NEUTRAL
   Delta Per Volume: 0.00%
   Institutional Ratio: 0.0%
   Aggression Score: 0.0%

📊 VOLUME PROFILE (Support/Resistance Strength):
   Point of Control (POC): $0.000000
   Value Area High: $0.000000
   Value Area Low: $0.000000
   Current Position: ABOVE_VALUE_AREA
   ⚠️ DISTRIBUTION RISK: Price above value area - potential rejection zone

⚡ MOMENTUM CASCADE (Multi-Timeframe Alignment):
   Cascade Detected: NO
   Alignment Score: 0.7%
   Cascade Strength: 0.0%
   Accelerating: 1m, 5m
   Diverging: 15m, 1h

💥 BREAKOUT CONFIRMATION:
   Quality: NO_BREAKOUT
   Volume Confirmation: NO
   Retest Strength: 0.0%
   False Breakout Risk: 0.0%
   No breakout detected - price below resistance


levels:
Entry=0.01218558, StopLoss=0.011820012599999999, TakeProfit=0.0122492025, 0.012312825, 0.012363722999999998

---
