
=== Token: DASH (DASH) ===
Contract: DASH-USD
Timestamp: 2025-02-06T13:40:00.000Z

Calculations:
{
  "momentumScore": 38.010096354111994,
  "volumeScore": 0.33062857515052657,
  "patternScore": 20,
  "totalScore": 14.352488483769339,
  "finalScore": 0,
  "weights": "0.27,0.41,0.23",
  "hourlyUptrend": false,
  "rsi": 38.124999999999915,
  "ultraShortVolumeSurge": 0.4106275791566689,
  "baseVolumeSurge": 0.01649430408272393,
  "currentPrice": 24.82,
  "resistance": 25.38,
  "support": 24.82,
  "rocMin5": -0.0060072086503804,
  "shortROC": -0.005210420841683327,
  "priceAcceleration": -0.0014912413284292431,
  "buySellRatio": 0.3477043393037512,
  "macdHistogram": -0.06848510276617054,
  "stochasticK": 0,
  "atr": 0.12857142857142786,
  "bbUpper": 25.938066221535355,
  "bbLower": 24.729933778464645,
  "hammerDetected": false,
  "engulfingDetected": false,
  "compressionSpring": {
    "detected": false,
    "confidence": 0,
    "signals": {
      "sidewaysPrice": true,
      "atrCompression": false,
      "bbSqueeze": true,
      "consolidationTime": true,
      "strongBuying": false,
      "obvPositive": false,
      "chaikinPositive": false,
      "rsiNeutral": false,
      "volumeBuilding": false
    },
    "metrics": {
      "priceRange": 3.18,
      "atrRatio": 0.909,
      "bbWidth": 4.77,
      "volumeRatio": 0.179,
      "signalCount": 3,
      "buySellRatio": 0.348
    }
  },
  "riskTier": "LOW",
  "atrPercent": 0.6906872337976282,
  "distanceToResistance": 2.256244963738915,
  "slPercent": 2.5,
  "tpPercent": 1.9178082191780776,
  "trailingActivation": 1.1506849315068466,
  "shortMomentumScore": 45,
  "overboughtScore": 0,
  "shortPatternScore": 0,
  "shootingStarDetected": false,
  "bearishEngulfingDetected": false,
  "eveningStarDetected": false,
  "bearishPatternsCount": 0,
  "shortTotalScore": 18,
  "chaikin": -0.09890849818947114,
  "obvIncreasing": false,
  "obvTrend": "declining",
  "adx": 56.25000000000042,
  "recentCandles": {
    "redCount": 6,
    "greenCount": 4
  },
  "resistanceDistance": 2.256244963738915,
  "multiplePatterns": false,
  "bullishPattern": false,
  "priceAboveVWAP": false,
  "breakingResistance": false,
  "atrSufficient": false,
  "macdDivergenceBearish": false,
  "rvolMin1": -0.4454512451721692,
  "rvolMin5": -0.0938830961378339,
  "atrPercentileOld": 0.6585365853658537,
  "vwapDeviation": -2.6923874168491246,
  "bbWidthPercent": 4.768818359006512,
  "bbSqueeze": false,
  "multiTFMomentum": {
    "min1": {
      "roc1": -0.007590890930882991,
      "roc3": -0.008778930566640019
    },
    "min5": {
      "roc1": -0.005210420841683327,
      "roc3": -0.0020104543626859954
    },
    "min15": {
      "roc1": -0.0020104543626859954,
      "roc3": -0.0020104543626859954
    },
    "hourly": {
      "roc1": 0,
      "roc3": -0.02198665096191593
    },
    "fourHour": {
      "roc1": -0.02847113884555384,
      "roc3": -0.022370486656200953
    },
    "divergenceShortUpLongDown": false
  },
  "returnZMin5": -1.4683621955085335,
  "wickClosePct": 0,
  "wickUpper": 0,
  "wickLower": 0,
  "wickRatio": 0,
  "donchianBreakout15": false,
  "bbWidthPercentile15": 0.935064935064935,
  "signedMin5": -383.89166467999996,
  "signedMin5Z": -2.6955610636741016,
  "signedMin1": 809.5218295000001,
  "signedMin1Z": 12.540973590293937,
  "streakMin1": {
    "upStreak": 0,
    "downStreak": 1
  },
  "streakMin5": {
    "upStreak": 0,
    "downStreak": 4
  },
  "rvolPercentileMin1": 0.45902777777777776,
  "rvolPercentileMin5": 0.6111111111111112,
  "perTfMetrics": {
    "min1": {
      "sma20": 24.9725,
      "sma50": 25.139400000000002,
      "ema20": 24.99778031158477,
      "ema50": 25.10659331659922,
      "vwma20": 24.960696150395346,
      "hma21": 24.938008658008656,
      "atr14": 0.08928571428571404,
      "atrPercentile": 0.8328298086606244,
      "rvolZ": -0.4454512451721692,
      "rvolPercentile": 0.45902777777777776,
      "mfi14": 32.48181968432361,
      "ppo": {
        "ppo": -0.20821192331076877,
        "signal": -0.2321115940954336,
        "histogram": 0.023899670784664845
      },
      "stochRsi": {
        "k": 35.38595346814504,
        "d": 50.18574805808847
      },
      "vprofile": {
        "vpBins": [
          0.0033537268794296485,
          0.008364977155653434,
          0.004656728221839633,
          0.001995837950420812,
          0.005753935163875258,
          0.014131170093210818,
          0.023731186046081112,
          0.06396794045252248,
          0.007092075457507337,
          0.01518152510028365,
          0.05045108971083525,
          0.02049758572191741,
          0.22957992921709688,
          0.11572291738324356,
          0.1476528127773139,
          0.07365874618438784,
          0.04483971475798259,
          0.06805910921023839,
          0.10045217413577948,
          0.000856818380380601
        ],
        "currentBinShare": 0.0033537268794296485
      },
      "ttm": {
        "squeeze": false,
        "release": false,
        "widthPct": 1.3637335670913167
      }
    },
    "min5": {
      "sma20": 25.081500000000002,
      "sma50": 25.340799999999998,
      "ema20": 25.054986492121184,
      "ema50": 25.242609383919902,
      "vwma20": 25.190928085783213,
      "hma21": 24.78502164502164,
      "atr14": 0.12857142857142786,
      "atrPercentile": 0.8832116788321168,
      "rvolZ": -0.0938830961378339,
      "rvolPercentile": 0.6111111111111112,
      "mfi14": 49.14141983203581,
      "ppo": {
        "ppo": -0.4910211782038085,
        "signal": -0.4782606710626129,
        "histogram": -0.012760507141195587
      },
      "stochRsi": {
        "k": 26.78977272727297,
        "d": 40.87391067538115
      },
      "vprofile": {
        "vpBins": [
          0.005844522801775291,
          0.006834811585387062,
          0.002329808251661103,
          0.014975267460148062,
          0.026024858323523702,
          0.022869040856733976,
          0.054424131983109234,
          0.11502554890712158,
          0.1537424253790348,
          0.026912247917774162,
          0.2019914892933375,
          0.09621829301138961,
          0.0772976005596589,
          0.057591781299152114,
          0.08554701432800206,
          0.005757989514614219,
          0.012249897297184028,
          0.01755090142476484,
          0.001970560004658057,
          0.014841809800969715
        ],
        "currentBinShare": 0.005844522801775291
      },
      "ttm": {
        "squeeze": false,
        "release": false,
        "widthPct": 2.802621622344323
      }
    },
    "min15": {
      "sma20": 25.334,
      "sma50": 25.458599999999993,
      "ema20": 25.22370768286688,
      "ema50": 25.399096182104202,
      "vwma20": 25.42545136195845,
      "hma21": 24.856363636363636,
      "atr14": 0.17142857142857132,
      "atrPercentile": 0.6585365853658537,
      "rvolZ": -0.3053430417612675,
      "rvolPercentile": 0.4375,
      "mfi14": 21.26489971875337,
      "ppo": {
        "ppo": -0.6984413506287346,
        "signal": -0.4529323524988358,
        "histogram": -0.2455089981298988
      },
      "stochRsi": {
        "k": 0,
        "d": 21.30272357658915
      },
      "vprofile": {
        "vpBins": [
          0.008143477854162882,
          0.0005310160210097738,
          0.006330913596347875,
          0.018573361968413214,
          0.03234724846952367,
          0.07041872667025618,
          0.24046976283131444,
          0.03951057388393201,
          0.1276622522583197,
          0.1112136325311236,
          0.1102413322152293,
          0.0998385859935641,
          0.0499620214750768,
          0,
          0.01731017349193527,
          0.03447494753966784,
          0.002276117401112088,
          0.01629558109908355,
          0.009491688039539014,
          0.004908586660388757
        ],
        "currentBinShare": 0.008143477854162882
      },
      "ttm": {
        "squeeze": false,
        "release": false,
        "widthPct": 4.768818359006512
      }
    },
    "hourly": {
      "sma20": 25.416,
      "sma50": 25.64180000000001,
      "ema20": 25.431752918361475,
      "ema50": 25.674144521110822,
      "vwma20": 25.375829779326935,
      "hma21": 25.456233766233773,
      "atr14": 0.28857142857142876,
      "atrPercentile": 0.11801242236024845,
      "rvolZ": -0.543833124230796,
      "rvolPercentile": 0.26785714285714285,
      "mfi14": 39.0701379780649,
      "ppo": {
        "ppo": -0.503715142069794,
        "signal": -0.2728622633068439,
        "histogram": -0.23085287876295008
      },
      "stochRsi": {
        "k": 4.279386343993396,
        "d": 44.83450255708285
      },
      "vprofile": {
        "vpBins": [
          0,
          0.03773225634824881,
          0.013429878103846028,
          0.06430101814833658,
          0.027670930442978796,
          0.0775324011491598,
          0.15362896260920453,
          0.1589624600042295,
          0.09359377028388276,
          0.042884742203024864,
          0.013327260166059464,
          0.01359914470929083,
          0.043440408321611834,
          0.03436969351287702,
          0.017748348298010107,
          0.02257830269934054,
          0.03559838594222483,
          0.07192293779441591,
          0.052810740030917555,
          0.02486835923234023
        ],
        "currentBinShare": 0.15362896260920453
      },
      "ttm": {
        "squeeze": false,
        "release": true,
        "widthPct": 3.8222571343692455
      }
    },
    "fourHour": {
      "sma20": 25.4995,
      "sma50": 29.283000000000012,
      "ema20": 26.09224437885713,
      "ema50": 28.4222538898772,
      "vwma20": 25.421631374171188,
      "hma21": 25.62593073593074,
      "atr14": 0.8542857142857143,
      "atrPercentile": 0.15714285714285714,
      "rvolZ": -0.05667782534145856,
      "rvolPercentile": 0.6309523809523809,
      "mfi14": 40.858839292682056,
      "ppo": {
        "ppo": -3.7923575789394737,
        "signal": -4.594074490425091,
        "histogram": 0.8017169114856171
      },
      "stochRsi": {
        "k": 70.60681552902946,
        "d": 47.40665324383293
      },
      "vprofile": {
        "vpBins": [
          0,
          0,
          0.06407931015420157,
          0,
          0.0793754829657371,
          0.10565711912774531,
          0.12548588084047035,
          0.0573093949679172,
          0.07560840362414607,
          0,
          0,
          0.016060779410963528,
          0.02852761222030637,
          0.07746793039312952,
          0.029540982900589558,
          0.10079280092163487,
          0.057239246239403165,
          0.05736031079315657,
          0.08902525404884894,
          0.03646949139174996
        ],
        "currentBinShare": 0.10565711912774531
      },
      "ttm": {
        "squeeze": false,
        "release": false,
        "widthPct": 9.824669914727483
      }
    },
    "daily": {
      "sma20": 32.41299999999999,
      "sma50": 36.70400000000001,
      "ema20": 31.434052588221554,
      "ema50": 35.126982096253464,
      "vwma20": 0,
      "hma21": 25.986536796536797,
      "atr14": 2.981428571428571,
      "atrPercentile": 0.15789473684210525,
      "rvolZ": 0,
      "rvolPercentile": 1,
      "mfi14": 50,
      "ppo": {
        "ppo": -10.471373019896172,
        "signal": -7.6585534783020766,
        "histogram": -2.812819541594095
      },
      "stochRsi": {
        "k": 0.7747929211191648,
        "d": 18.48869880791945
      },
      "vprofile": {
        "vpBins": [
          0,
          0,
          0,
          0,
          0,
          0,
          0,
          0,
          0,
          0,
          0,
          0,
          0,
          0,
          0,
          0,
          0,
          0,
          0,
          0
        ],
        "currentBinShare": 0
      },
      "ttm": {
        "squeeze": false,
        "release": false,
        "widthPct": 53.031354071858
      }
    }
  },
  "smaMin5": 25.081500000000002,
  "emaMin5": 25.054986492121184,
  "vwmaMin5": 25.190928085783213,
  "hmaMin5": 24.78502164502164,
  "keltner15": {
    "upper": 25.50270768286688,
    "middle": 25.22370768286688,
    "lower": 24.94470768286688
  },
  "superTrend15": {
    "isBull": false,
    "finalUpper": 25.512999999999998,
    "finalLower": 24.397
  },
  "mfi15": 21.26489971875337,
  "stochRsi15": {
    "k": 0,
    "d": 21.30272357658915
  },
  "ppo15": {
    "ppo": -0.6984413506287346,
    "signal": -0.4529323524988358,
    "histogram": -0.2455089981298988
  },
  "vpMin15": {
    "vpBins": [
      0.008143477854162882,
      0.0005310160210097738,
      0.006330913596347875,
      0.018573361968413214,
      0.03234724846952367,
      0.07041872667025618,
      0.24046976283131444,
      0.03951057388393201,
      0.1276622522583197,
      0.1112136325311236,
      0.1102413322152293,
      0.0998385859935641,
      0.0499620214750768,
      0,
      0.01731017349193527,
      0.03447494753966784,
      0.002276117401112088,
      0.01629558109908355,
      0.009491688039539014,
      0.004908586660388757
    ],
    "currentBinShare": 0.008143477854162882
  },
  "ttm15": {
    "squeeze": false,
    "release": false,
    "widthPct": 4.768818359006512
  },
  "marketCorrelation": {
    "hourly": {
      "btcCorrelation": 0,
      "ethCorrelation": 0,
      "btcBeta": 1,
      "ethBeta": 1,
      "btcTrend": "UNKNOWN",
      "ethTrend": "UNKNOWN",
      "tokenVol": 0,
      "btcVol": 0,
      "ethVol": 0,
      "marketDependence": 0,
      "verdict": "INSUFFICIENT_DATA"
    },
    "min15": {
      "btcCorrelation": 0,
      "ethCorrelation": 0,
      "btcBeta": 1,
      "ethBeta": 1,
      "btcTrend": "UNKNOWN",
      "ethTrend": "UNKNOWN",
      "tokenVol": 0,
      "btcVol": 0,
      "ethVol": 0,
      "marketDependence": 0,
      "verdict": "INSUFFICIENT_DATA"
    },
    "daily": {
      "btcCorrelation": 0,
      "ethCorrelation": 0,
      "btcBeta": 1,
      "ethBeta": 1,
      "btcTrend": "UNKNOWN",
      "ethTrend": "UNKNOWN",
      "tokenVol": 0,
      "btcVol": 0,
      "ethVol": 0,
      "marketDependence": 0,
      "verdict": "INSUFFICIENT_DATA"
    }
  },
  "tradeTape": {
    "totalTrades": 0,
    "totalVolume": 0,
    "buysVolume": 0,
    "sellsVolume": 0,
    "buySellRatio": 0.5,
    "vwap": 0,
    "signedVolume": 0,
    "avgTradeSize": 0,
    "tradesPerSec": 0,
    "cumulativeDelta": 0,
    "tradesLast1m": 0,
    "tradesLast5m": 0,
    "tradesLast15m": 0,
    "tradesLast1h": 0,
    "buyVWAP": 0,
    "sellVWAP": 0,
    "aggressorVWAP": 0,
    "bucketDurationMs": 60000,
    "bucketCount": 15,
    "bucketSignedVolumes": [],
    "bucketVolumes": [],
    "bucketVWAPs": [],
    "latestBucketSignedZ": 0
  },
  "enhancedMetrics": {
    "relativeVolumeZScore": -1,
    "volumePercentile": 40,
    "atrPercentile": 88.6861313868613,
    "volatilityPercentile": 34.49367088607595,
    "relativeVolatilityRatio": 0.8491492431865073,
    "isHighVolume": false,
    "isHighVolatility": false,
    "isLowVolatility": false,
    "isExpandingVolatility": false,
    "isContractingVolatility": false
  },
  "orderBook": {
    "bidAskSpread": 0,
    "spreadPct": 0,
    "midPrice": 0,
    "bestBid": 0,
    "bestAsk": 0,
    "bidDepth": 0,
    "askDepth": 0,
    "orderBookImbalance": 0,
    "liquidityScore": 0,
    "depthAt1Pct": {
      "bidVolume": 0,
      "askVolume": 0,
      "imbalance": 0
    },
    "depthAt2Pct": {
      "bidVolume": 0,
      "askVolume": 0,
      "imbalance": 0
    },
    "depthAt5Pct": {
      "bidVolume": 0,
      "askVolume": 0,
      "imbalance": 0
    },
    "weightedMidPrice": 0,
    "volumeWeightedSpread": 0,
    "totalBidLevels": 0,
    "totalAskLevels": 0
  },
  "marketCap": {
    "marketCap": 0,
    "totalVolume24h": 0,
    "volumeToMarketCapRatio": 0,
    "marketCapRank": 0,
    "normalizedRank": 0,
    "isHighLiquidity": false,
    "isVeryHighLiquidity": false,
    "isLowLiquidity": true,
    "liquidityTier": "VERY_LOW"
  },
  "sweeps": {
    "sweepScore": 0,
    "sweepCount": 0,
    "sweepDirection": "NEUTRAL",
    "buySweeps": 0,
    "sellSweeps": 0,
    "avgSweepSize": 0,
    "avgSweepIntensity": 0,
    "bidLiftRatio": 0,
    "askLiftRatio": 0,
    "sweepFrequency": 0,
    "largestSweep": null,
    "recentSweepClusters": 0,
    "sweepDetails": []
  },
  "absorption": {
    "absorptionScore": 0,
    "absorptionLevel": null,
    "absorptionSide": "NONE",
    "icebergProbability": 0,
    "hiddenLiquidityEstimate": 0,
    "volumeAtPrice": {},
    "topAbsorptionLevels": [],
    "persistenceDuration": 0,
    "refillDetected": false
  },
  "orderArrival": {
    "avgInterArrivalTime": 0,
    "recentInterArrivalTime": 0,
    "accelerationRatio": 1,
    "hawkesIntensity": 0,
    "hawkesDirection": "NEUTRAL",
    "clusteringScore": 0,
    "burstCount": 0,
    "cascadeDetected": false,
    "timeToNextTrade": 0,
    "accelerationTrend": "STABLE"
  },
  "liquidityVacuum": {
    "vacuumScore": 0,
    "vacuumSide": "NONE",
    "bidVacuumSeverity": 0,
    "askVacuumSeverity": 0,
    "depthConcentration": 0,
    "priceImpact10k": 0,
    "priceImpact50k": 0,
    "priceImpact100k": 0,
    "largestGapBid": 0,
    "largestGapAsk": 0,
    "avgGapBid": 0,
    "avgGapAsk": 0,
    "bidCliffDistance": 0,
    "askCliffDistance": 0
  },
  "volatilityRegime": {
    "regime": "LOW",
    "regimeScore": -1,
    "currentATR": 3.07,
    "avgATR": 3.180051,
    "atrPercentile": 19.7,
    "realizedVolatility": 80.53,
    "volPercentile": 6.8,
    "expanding": false,
    "contracting": false,
    "transitionProbability": 0,
    "daysInRegime": 1,
    "regimeStrength": 0.67
  },
  "temporalPatterns": {
    "currentHour": 6,
    "currentDay": 0,
    "currentDayName": "Sunday",
    "dayBias": "NEUTRAL",
    "hourlyProfile": [
      {
        "avgVolume": 782.74,
        "avgATR": 0.64,
        "avgReturn": -0.526
      },
      {
        "avgVolume": 1202.88,
        "avgATR": 0.637143,
        "avgReturn": -0.563
      },
      {
        "avgVolume": 1031.28,
        "avgATR": 0.615,
        "avgReturn": -0.649
      },
      {
        "avgVolume": 1053.04,
        "avgATR": 0.446429,
        "avgReturn": 0.314
      },
      {
        "avgVolume": 608.65,
        "avgATR": 0.381429,
        "avgReturn": -0.22
      },
      {
        "avgVolume": 813.4,
        "avgATR": 0.543571,
        "avgReturn": 0.642
      },
      {
        "avgVolume": 695.72,
        "avgATR": 0.436429,
        "avgReturn": -0.08
      },
      {
        "avgVolume": 684.17,
        "avgATR": 0.421429,
        "avgReturn": -0.09
      },
      {
        "avgVolume": 662.71,
        "avgATR": 0.395714,
        "avgReturn": -0.237
      },
      {
        "avgVolume": 602.54,
        "avgATR": 0.450714,
        "avgReturn": -0.1
      },
      {
        "avgVolume": 610.53,
        "avgATR": 0.433571,
        "avgReturn": 0.296
      },
      {
        "avgVolume": 807.42,
        "avgATR": 0.397857,
        "avgReturn": 0.095
      },
      {
        "avgVolume": 598.01,
        "avgATR": 0.453571,
        "avgReturn": 0.135
      },
      {
        "avgVolume": 604,
        "avgATR": 0.440714,
        "avgReturn": 0.055
      },
      {
        "avgVolume": 1114.08,
        "avgATR": 0.575385,
        "avgReturn": 0.697
      },
      {
        "avgVolume": 1206.99,
        "avgATR": 0.523571,
        "avgReturn": 0.117
      },
      {
        "avgVolume": 1038.97,
        "avgATR": 0.532857,
        "avgReturn": -0.597
      },
      {
        "avgVolume": 841.73,
        "avgATR": 0.518571,
        "avgReturn": -0.333
      },
      {
        "avgVolume": 1017.74,
        "avgATR": 0.584286,
        "avgReturn": -0.641
      },
      {
        "avgVolume": 763.03,
        "avgATR": 0.582857,
        "avgReturn": 0.478
      },
      {
        "avgVolume": 1203.21,
        "avgATR": 0.694286,
        "avgReturn": -0.435
      },
      {
        "avgVolume": 861.35,
        "avgATR": 0.482143,
        "avgReturn": -0.378
      },
      {
        "avgVolume": 859.22,
        "avgATR": 0.56,
        "avgReturn": 0.066
      },
      {
        "avgVolume": 847.92,
        "avgATR": 0.451429,
        "avgReturn": -0.308
      }
    ],
    "dailyProfile": [
      {
        "avgVolume": 1107.24,
        "avgATR": 0.530833,
        "avgReturn": -0.331
      },
      {
        "avgVolume": 1725.83,
        "avgATR": 0.834583,
        "avgReturn": -0.004
      },
      {
        "avgVolume": 926.55,
        "avgATR": 0.497083,
        "avgReturn": -0.223
      },
      {
        "avgVolume": 596.95,
        "avgATR": 0.451667,
        "avgReturn": 0.04
      },
      {
        "avgVolume": 679.85,
        "avgATR": 0.418298,
        "avgReturn": 0.092
      },
      {
        "avgVolume": 452.62,
        "avgATR": 0.42875,
        "avgReturn": -0.038
      },
      {
        "avgVolume": 484.38,
        "avgATR": 0.393542,
        "avgReturn": -0.208
      }
    ],
    "favorableHours": [
      15,
      20,
      1,
      14,
      3,
      16
    ],
    "favorableWindow": false,
    "currentVsAvgVolume": 0,
    "currentVsAvgVolatility": 0,
    "anomalyDetected": true,
    "timeUntilFavorable": 8,
    "temporalScore": 0
  },
  "unifiedMicrostructure": {
    "signalDirections": {
      "vpin": "NEUTRAL",
      "sweeps": "NEUTRAL",
      "absorption": "NEUTRAL",
      "arrival": "NEUTRAL",
      "vacuum": "NONE",
      "volRegime": "FAVORABLE",
      "temporal": "UNFAVORABLE"
    },
    "consensusDirection": "NEUTRAL",
    "consensusStrength": 50,
    "bullishSignals": 1,
    "bearishSignals": 1,
    "neutralSignals": 0,
    "totalAvailableSignals": 2,
    "dominantPattern": "NONE",
    "clusters": {
      "strongBuyCluster": false,
      "distributionPattern": false,
      "accumulationPattern": false,
      "momentumCascade": false
    },
    "adaptiveWeights": {
      "vpin": 0,
      "sweeps": 0,
      "absorption": 0,
      "arrival": 0,
      "vacuum": 0,
      "volRegime": 0.021,
      "temporal": 0.02
    },
    "convictionLevel": "LOW",
    "convictionScore": 30,
    "riskAdjustment": "REDUCE",
    "timingQuality": "UNFAVORABLE",
    "signalQuality": "LOW"
  },
  "deltaAnalysis": {
    "currentDelta": 0,
    "cumulativeDelta": 0,
    "deltaPerVolume": 0,
    "deltaDirection": "NEUTRAL",
    "deltaDivergence": false,
    "institutionalRatio": 0,
    "aggressionScore": 0
  },
  "volumeProfile": {
    "pointOfControl": 0,
    "valueAreaHigh": 0,
    "valueAreaLow": 0,
    "currentPosition": "ABOVE_VALUE_AREA",
    "volumeNodes": [],
    "airPockets": []
  },
  "momentumCascade": {
    "cascadeDetected": false,
    "alignmentScore": -0.011677588330937195,
    "cascadeStrength": 0,
    "acceleratingTimeframes": [],
    "divergingTimeframes": [
      "1m",
      "5m",
      "15m",
      "1h"
    ]
  },
  "breakoutConfirmation": {
    "breakoutConfirmed": false,
    "volumeConfirmation": false,
    "retestStrength": 0,
    "falseBreakoutRisk": 0,
    "breakoutQuality": "NO_BREAKOUT"
  },
  "liquidityHeatmap": {
    "liquidityScore": 0,
    "magnetDirection": "NONE",
    "magnetStrength": 0,
    "priceTarget5pct": null,
    "message": "No order book data"
  },
  "smartMoneyDivergence": {
    "divergenceDetected": false,
    "divergenceDirection": "NONE",
    "smartMoneyScore": 0.5,
    "message": "Insufficient trade data"
  },
  "microstructure": {
    "raw": -0.05441421047768641,
    "pct": 49,
    "summary": {
      "latestBucketSignedZ": 0,
      "buySellRatio": 0.5,
      "tradesPerSec": 0,
      "vwap": 0,
      "aggressorVWAP": 0,
      "vpinToxicity": "UNKNOWN",
      "sweepDirection": "NEUTRAL",
      "absorptionSide": "NONE",
      "icebergDetected": false,
      "hawkesDirection": "NEUTRAL",
      "cascadeDetected": false,
      "vacuumSide": "NONE",
      "volatilityRegime": "LOW",
      "volExpanding": false,
      "favorableTimeWindow": false,
      "temporalAnomaly": true,
      "consensusDirection": "NEUTRAL",
      "consensusStrength": 50,
      "dominantPattern": "NONE",
      "convictionLevel": "LOW",
      "riskAdjustment": "REDUCE",
      "timingQuality": "UNFAVORABLE",
      "deltaDirection": "NEUTRAL",
      "deltaDivergence": false,
      "institutionalRatio": 0,
      "volumeProfilePosition": "ABOVE_VALUE_AREA",
      "pointOfControl": 0,
      "momentumCascadeDetected": false,
      "cascadeStrength": 0,
      "breakoutQuality": "NO_BREAKOUT",
      "breakoutConfirmed": false,
      "magnetDirection": "NONE",
      "magnetStrength": 0,
      "priceTarget5pct": null,
      "nearestBidWall": 0,
      "nearestAskWall": 0,
      "divergenceDetected": false,
      "divergenceDirection": "NONE",
      "whaleAccumulation": false,
      "whaleDistribution": false,
      "retailPanic": false,
      "smartMoneyScore": 0.5
    }
  }
}

=== MICROSTRUCTURE ALERTS ===

🔬 VPIN: Insufficient data for VPIN analysis

🌊 SWEEP DETECTION: No significant sweeps detected

🧊 ABSORPTION & ICEBERG: No significant absorption or iceberg orders detected

⚡ ORDER ARRIVAL DYNAMICS: Insufficient trades for analysis

🌪️ LIQUIDITY VACUUM: No significant vacuum detected

📊 VOLATILITY REGIME DETECTION:
   Current Regime: LOW
   Regime Score: -1.00 (-1=low vol, +1=extreme vol)
   Days in Regime: 1
   ATR: $3.070000 (avg: $3.180051)
   ATR Percentile: 19.7%
   Realized Volatility: 80.53% (annualized)
   Vol Percentile: 6.8%

   🔵 LOW VOLATILITY REGIME:
   ✅ Ideal for breakout setups - price coiling
   ✅ Tight stops recommended
   ✅ Can increase position size (lower risk)

   ⚠️ NEW REGIME: Only 1 day(s) - conditions still settling

⏰ TEMPORAL PATTERN ANALYSIS:
   Current Time: Sunday 6:00 UTC
   Day Bias: NEUTRAL
   Current vs Avg Volume: 0x
   Current vs Avg Volatility: 0x

   ⏳ NON-FAVORABLE TIME WINDOW:
   This hour typically shows weaker activity
   Next favorable window in 8 hour(s)

   ⚠️ LOW ACTIVITY ANOMALY:
   Volume 0x below typical - Extremely quiet

   📉 LOW VOLATILITY ANOMALY:
   Volatility 0x below typical - Consolidation likely

   🔥 Best Trading Hours (UTC): 15:00, 20:00, 1:00

🎯 UNIFIED MICROSTRUCTURE INTEGRATION:
   Signal Consensus: NEUTRAL (50% agreement)
   Available Signals: 2 (1 bullish / 1 bearish / 0 neutral)
   Conviction Level: LOW (30%)
   Signal Quality: LOW
   Risk Adjustment: REDUCE
   Timing Quality: UNFAVORABLE

   ⚠️ LOW CONVICTION: Only 50% signal agreement
   Weak alignment - Reduce position size or wait for clarity

   ⚠️ RISK REDUCTION RECOMMENDED: Extreme volatility or unfavorable timing detected

   ⏰ UNFAVORABLE TIMING: Avoid trading during this hour

   Signal Directions Breakdown:
   • VPIN: NEUTRAL
   • Sweeps: NEUTRAL
   • Absorption: NEUTRAL
   • Arrival Dynamics: NEUTRAL
   • Liquidity Vacuum: NONE
   • Vol Regime: FAVORABLE
   • Temporal: UNFAVORABLE

   Adaptive Weights (Total: 4.1%):
   • VPIN: 0.0%
   • Sweeps: 0.0%
   • Absorption: 0.0%
   • Arrival: 0.0%
   • Vacuum: 0.0%
   • Vol Regime: 2.1%
   • Temporal: 2.0%


💹 DELTA ANALYSIS (Order Flow Aggression):
   Direction: NEUTRAL
   Delta Per Volume: 0.00%
   Institutional Ratio: 0.0%
   Aggression Score: 0.0%

📊 VOLUME PROFILE (Support/Resistance Strength):
   Point of Control (POC): $0.000000
   Value Area High: $0.000000
   Value Area Low: $0.000000
   Current Position: ABOVE_VALUE_AREA
   ⚠️ DISTRIBUTION RISK: Price above value area - potential rejection zone

⚡ MOMENTUM CASCADE (Multi-Timeframe Alignment):
   Cascade Detected: NO
   Alignment Score: -1.2%
   Cascade Strength: 0.0%
   Accelerating: None
   Diverging: 1m, 5m, 15m, 1h

💥 BREAKOUT CONFIRMATION:
   Quality: NO_BREAKOUT
   Volume Confirmation: NO
   Retest Strength: 0.0%
   False Breakout Risk: 0.0%
   No breakout detected - price below resistance


levels:
Entry=24.77036, StopLoss=24.151101, TakeProfit=25.007883999999997, 25.245408, 25.435427199999996

---

=== Token: ZEC (ZEC) ===
Contract: ZEC-USD
Timestamp: 2025-02-06T13:40:00.000Z

Calculations:
{
  "momentumScore": 48.52695359512438,
  "volumeScore": 5.286750743516437,
  "patternScore": 35,
  "totalScore": 22.76079810593414,
  "finalScore": 0,
  "weights": "0.27,0.41,0.23",
  "hourlyUptrend": false,
  "rsi": 29.32330827067689,
  "ultraShortVolumeSurge": 2.652942922020191,
  "baseVolumeSurge": 0.010039275905425128,
  "currentPrice": 31.1,
  "resistance": 31.7,
  "support": 30.92,
  "rocMin5": 0.003225806451612949,
  "shortROC": -0.007657945118059937,
  "priceAcceleration": 0.0008236031978930897,
  "buySellRatio": 0.14333546479744416,
  "macdHistogram": -0.026670101277966596,
  "stochasticK": 16.666666666666664,
  "atr": 0.15285714285714289,
  "bbUpper": 32.24511362588405,
  "bbLower": 31.01288637411594,
  "hammerDetected": false,
  "engulfingDetected": false,
  "compressionSpring": {
    "detected": false,
    "confidence": 0,
    "signals": {
      "sidewaysPrice": true,
      "atrCompression": false,
      "bbSqueeze": true,
      "consolidationTime": true,
      "strongBuying": false,
      "obvPositive": false,
      "chaikinPositive": false,
      "rsiNeutral": false,
      "volumeBuilding": false
    },
    "metrics": {
      "priceRange": 3.17,
      "atrRatio": 0.873,
      "bbWidth": 3.9,
      "volumeRatio": 2.276,
      "signalCount": 3,
      "buySellRatio": 0.143
    }
  },
  "riskTier": "LOW",
  "atrPercent": 0.7349563619660064,
  "distanceToResistance": 1.9292604501607649,
  "slPercent": 2.5,
  "tpPercent": 1.63987138263665,
  "trailingActivation": 0.98392282958199,
  "shortMomentumScore": 60,
  "overboughtScore": 0,
  "shortPatternScore": 0,
  "shootingStarDetected": false,
  "bearishEngulfingDetected": false,
  "eveningStarDetected": false,
  "bearishPatternsCount": 0,
  "shortTotalScore": 24,
  "chaikin": -0.4107298101468002,
  "obvIncreasing": false,
  "obvTrend": "declining",
  "adx": 78.88888888888916,
  "recentCandles": {
    "redCount": 5,
    "greenCount": 5
  },
  "resistanceDistance": 1.9292604501607649,
  "multiplePatterns": false,
  "bullishPattern": false,
  "priceAboveVWAP": false,
  "breakingResistance": false,
  "atrSufficient": false,
  "macdDivergenceBearish": false,
  "rvolMin1": 0.25240566369603507,
  "rvolMin5": 0.3035070940943375,
  "atrPercentileOld": 0.5,
  "vwapDeviation": -3.6402726739462494,
  "bbWidthPercent": 3.8958779973066244,
  "bbSqueeze": false,
  "multiTFMomentum": {
    "min1": {
      "roc1": -0.004148053605615795,
      "roc3": -0.0028753993610223594
    },
    "min5": {
      "roc1": -0.007657945118059937,
      "roc3": 0.0029022895840051547
    },
    "min15": {
      "roc1": -0.009554140127388444,
      "roc3": -0.0047999999999999545
    },
    "hourly": {
      "roc1": 0.0019206145966710075,
      "roc3": -0.01880877742946702
    },
    "fourHour": {
      "roc1": -0.014483627204030253,
      "roc3": -0.02522578635938956
    },
    "divergenceShortUpLongDown": false
  },
  "returnZMin5": -2.088327375785857,
  "wickClosePct": 0,
  "wickUpper": 0,
  "wickLower": 0,
  "wickRatio": 0,
  "donchianBreakout15": false,
  "bbWidthPercentile15": 0.7272727272727273,
  "signedMin5": -1044.0816906200005,
  "signedMin5Z": -19.337811299665336,
  "signedMin1": -649.6692506200001,
  "signedMin1Z": -16.791911911113413,
  "streakMin1": {
    "upStreak": 0,
    "downStreak": 0
  },
  "streakMin5": {
    "upStreak": 0,
    "downStreak": 1
  },
  "rvolPercentileMin1": 0.9194444444444444,
  "rvolPercentileMin5": 0.8541666666666666,
  "perTfMetrics": {
    "min1": {
      "sma20": 31.189,
      "sma50": 31.42919999999999,
      "ema20": 31.24253529016264,
      "ema50": 31.41630587673006,
      "vwma20": 31.112473218279852,
      "hma21": 31.174372294372283,
      "atr14": 0.09500000000000039,
      "atrPercentile": 0.5140986908358509,
      "rvolZ": 0.25240566369603507,
      "rvolPercentile": 0.9194444444444444,
      "mfi14": 39.17736899934406,
      "ppo": {
        "ppo": -0.1426383684555923,
        "signal": -0.2701395090592201,
        "histogram": 0.12750114060362777
      },
      "stochRsi": {
        "k": 82.66624645445964,
        "d": 50.14104679789287
      },
      "vprofile": {
        "vpBins": [
          0.009055314027830793,
          0.0463655611267488,
          0,
          0.023653771817428195,
          0.005768701213531853,
          0.004126379059610396,
          0.028610258920179762,
          0.0029919767843895337,
          0.012937163546068834,
          0.015775541180062705,
          0.20374238322725086,
          0.05416713130598047,
          0.1610764910831709,
          0.11616493955891438,
          0.09862204476363311,
          0.02169724681854149,
          0.09984619841271301,
          0.042441333072880574,
          0.01792099062982892,
          0.03503657345123522
        ],
        "currentBinShare": 0.023653771817428195
      },
      "ttm": {
        "squeeze": false,
        "release": false,
        "widthPct": 1.9104136214782796
      }
    },
    "min5": {
      "sma20": 31.327500000000004,
      "sma50": 31.670000000000005,
      "ema20": 31.322153427457625,
      "ema50": 31.593481065279434,
      "vwma20": 31.222433351976687,
      "hma21": 31.024285714285718,
      "atr14": 0.15285714285714289,
      "atrPercentile": 0.7737226277372263,
      "rvolZ": 0.3035070940943375,
      "rvolPercentile": 0.8541666666666666,
      "mfi14": 8.167588819725864,
      "ppo": {
        "ppo": -0.5072189612764892,
        "signal": -0.535720801726173,
        "histogram": 0.028501840449683735
      },
      "stochRsi": {
        "k": 50.33545401966422,
        "d": 32.18404808317106
      },
      "vprofile": {
        "vpBins": [
          0.01607675441497132,
          0.015596105139511991,
          0.008606454646581644,
          0.0034611740481751987,
          0.01750670903093219,
          0.02313152302068393,
          0.06720772449686985,
          0.10566642170259997,
          0.22415531201404007,
          0.06788009894349657,
          0.11383699759932303,
          0.07694904176678802,
          0.09993211658698246,
          0.08439693227578123,
          0.020497487048866083,
          0.00956255026062817,
          0.01569562911385284,
          0.02708813265676568,
          0,
          0.0027528352331497646
        ],
        "currentBinShare": 0.015596105139511991
      },
      "ttm": {
        "squeeze": false,
        "release": false,
        "widthPct": 2.6371711462437752
      }
    },
    "min15": {
      "sma20": 31.628999999999998,
      "sma50": 31.947200000000006,
      "ema20": 31.56547710027953,
      "ema50": 31.874642270160628,
      "vwma20": 31.636861399446943,
      "hma21": 31.138095238095236,
      "atr14": 0.228571428571428,
      "atrPercentile": 0.5,
      "rvolZ": 0.12172372819557466,
      "rvolPercentile": 0.71875,
      "mfi14": 27.99892894447899,
      "ppo": {
        "ppo": -0.7508373858234858,
        "signal": -0.6132791455606739,
        "histogram": -0.13755824026281194
      },
      "stochRsi": {
        "k": 26.279628993473477,
        "d": 32.01601767467541
      },
      "vprofile": {
        "vpBins": [
          0.006259212088766041,
          0.012272221578767421,
          0.0056687730371033605,
          0.015327732552620136,
          0.020735224621563252,
          0.02267441510425753,
          0.09821907690859925,
          0.10150505340746166,
          0.08051737699621546,
          0.15791212070201607,
          0.13033358439636436,
          0.09401395107127074,
          0.08771079988660738,
          0.03246874982799669,
          0.039197365952787534,
          0.011162984834025818,
          0.0629015101988,
          0,
          0.017285883328312754,
          0.0038339635064645852
        ],
        "currentBinShare": 0.012272221578767421
      },
      "ttm": {
        "squeeze": false,
        "release": false,
        "widthPct": 3.8958779973066244
      }
    },
    "hourly": {
      "sma20": 32.0395,
      "sma50": 32.468199999999996,
      "ema20": 32.012714714081866,
      "ema50": 32.52572939565879,
      "vwma20": 32.20851259642101,
      "hma21": 31.833463203463204,
      "atr14": 0.4321428571428577,
      "atrPercentile": 0.16459627329192547,
      "rvolZ": -0.3366364818407397,
      "rvolPercentile": 0.35714285714285715,
      "mfi14": 35.04161154626341,
      "ppo": {
        "ppo": -0.9006354401663703,
        "signal": -0.6510400821226197,
        "histogram": -0.24959535804375066
      },
      "stochRsi": {
        "k": 16.971512343444367,
        "d": 39.26369713935712
      },
      "vprofile": {
        "vpBins": [
          0,
          0.042696037880665914,
          0.030291829527287952,
          0.04023385461584069,
          0,
          0.025114596646054133,
          0.08813524322275622,
          0.15052221444064126,
          0.17480289380184913,
          0.03996501353189448,
          0.026321819912053762,
          0.039708499078486705,
          0.02829612774512225,
          0.03017486657935284,
          0.008738106553654612,
          0.0581870314377735,
          0.021746825669094662,
          0.08751312486390436,
          0.07011590170022208,
          0.03743601279334554
        ],
        "currentBinShare": 0.08813524322275622
      },
      "ttm": {
        "squeeze": false,
        "release": false,
        "widthPct": 4.828724609070659
      }
    },
    "fourHour": {
      "sma20": 32.628,
      "sma50": 37.6258,
      "ema20": 33.14967714138215,
      "ema50": 36.572613143635095,
      "vwma20": 32.958586177685596,
      "hma21": 31.919350649350655,
      "atr14": 1.178571428571429,
      "atrPercentile": 0.21428571428571427,
      "rvolZ": -0.6419822705008698,
      "rvolPercentile": 0.03571428571428571,
      "mfi14": 35.069914759360614,
      "ppo": {
        "ppo": -4.439569977812233,
        "signal": -5.026428593076535,
        "histogram": 0.586858615264302
      },
      "stochRsi": {
        "k": 22.56154569501485,
        "d": 37.474180668946524
      },
      "vprofile": {
        "vpBins": [
          0,
          0.054985636728198284,
          0,
          0,
          0.06576133187362526,
          0.054376297045149506,
          0.11514515279292134,
          0.06634067768790379,
          0.029208071746868357,
          0,
          0.01446181319766088,
          0.04069850593049733,
          0.01510953612275432,
          0.09896040270226047,
          0.08555198989816407,
          0.06441646503028602,
          0.038621702090580426,
          0.07039560909558225,
          0.05523502860314658,
          0.1307317794544013
        ],
        "currentBinShare": 0.054376297045149506
      },
      "ttm": {
        "squeeze": false,
        "release": false,
        "widthPct": 13.62971750137228
      }
    },
    "daily": {
      "sma20": 42.3115,
      "sma50": 51.047000000000004,
      "ema20": 40.95275567163619,
      "ema50": 47.43387240487978,
      "vwma20": 0,
      "hma21": 32.76627705627707,
      "atr14": 4.203571428571428,
      "atrPercentile": 0.3026315789473684,
      "rvolZ": 0,
      "rvolPercentile": 1,
      "mfi14": 50,
      "ppo": {
        "ppo": -12.644472764074067,
        "signal": -9.446955001617132,
        "histogram": -3.1975177624569344
      },
      "stochRsi": {
        "k": 0,
        "d": 17.620101955503838
      },
      "vprofile": {
        "vpBins": [
          0,
          0,
          0,
          0,
          0,
          0,
          0,
          0,
          0,
          0,
          0,
          0,
          0,
          0,
          0,
          0,
          0,
          0,
          0,
          0
        ],
        "currentBinShare": 0
      },
      "ttm": {
        "squeeze": false,
        "release": false,
        "widthPct": 60.21587374855937
      }
    }
  },
  "smaMin5": 31.327500000000004,
  "emaMin5": 31.322153427457625,
  "vwmaMin5": 31.222433351976687,
  "hmaMin5": 31.024285714285718,
  "keltner15": {
    "upper": 31.92997710027953,
    "middle": 31.56547710027953,
    "lower": 31.20097710027953
  },
  "superTrend15": {
    "isBull": false,
    "finalUpper": 31.979,
    "finalLower": 30.521
  },
  "mfi15": 27.99892894447899,
  "stochRsi15": {
    "k": 26.279628993473477,
    "d": 32.01601767467541
  },
  "ppo15": {
    "ppo": -0.7508373858234858,
    "signal": -0.6132791455606739,
    "histogram": -0.13755824026281194
  },
  "vpMin15": {
    "vpBins": [
      0.006259212088766041,
      0.012272221578767421,
      0.0056687730371033605,
      0.015327732552620136,
      0.020735224621563252,
      0.02267441510425753,
      0.09821907690859925,
      0.10150505340746166,
      0.08051737699621546,
      0.15791212070201607,
      0.13033358439636436,
      0.09401395107127074,
      0.08771079988660738,
      0.03246874982799669,
      0.039197365952787534,
      0.011162984834025818,
      0.0629015101988,
      0,
      0.017285883328312754,
      0.0038339635064645852
    ],
    "currentBinShare": 0.012272221578767421
  },
  "ttm15": {
    "squeeze": false,
    "release": false,
    "widthPct": 3.8958779973066244
  },
  "marketCorrelation": {
    "hourly": {
      "btcCorrelation": 0,
      "ethCorrelation": 0,
      "btcBeta": 1,
      "ethBeta": 1,
      "btcTrend": "UNKNOWN",
      "ethTrend": "UNKNOWN",
      "tokenVol": 0,
      "btcVol": 0,
      "ethVol": 0,
      "marketDependence": 0,
      "verdict": "INSUFFICIENT_DATA"
    },
    "min15": {
      "btcCorrelation": 0,
      "ethCorrelation": 0,
      "btcBeta": 1,
      "ethBeta": 1,
      "btcTrend": "UNKNOWN",
      "ethTrend": "UNKNOWN",
      "tokenVol": 0,
      "btcVol": 0,
      "ethVol": 0,
      "marketDependence": 0,
      "verdict": "INSUFFICIENT_DATA"
    },
    "daily": {
      "btcCorrelation": 0,
      "ethCorrelation": 0,
      "btcBeta": 1,
      "ethBeta": 1,
      "btcTrend": "UNKNOWN",
      "ethTrend": "UNKNOWN",
      "tokenVol": 0,
      "btcVol": 0,
      "ethVol": 0,
      "marketDependence": 0,
      "verdict": "INSUFFICIENT_DATA"
    }
  },
  "tradeTape": {
    "totalTrades": 0,
    "totalVolume": 0,
    "buysVolume": 0,
    "sellsVolume": 0,
    "buySellRatio": 0.5,
    "vwap": 0,
    "signedVolume": 0,
    "avgTradeSize": 0,
    "tradesPerSec": 0,
    "cumulativeDelta": 0,
    "tradesLast1m": 0,
    "tradesLast5m": 0,
    "tradesLast15m": 0,
    "tradesLast1h": 0,
    "buyVWAP": 0,
    "sellVWAP": 0,
    "aggressorVWAP": 0,
    "bucketDurationMs": 60000,
    "bucketCount": 15,
    "bucketSignedVolumes": [],
    "bucketVolumes": [],
    "bucketVWAPs": [],
    "latestBucketSignedZ": 0
  },
  "enhancedMetrics": {
    "relativeVolumeZScore": -1,
    "volumePercentile": 40,
    "atrPercentile": 77.00729927007299,
    "volatilityPercentile": 63.60759493670886,
    "relativeVolatilityRatio": 0.8942979424253463,
    "isHighVolume": false,
    "isHighVolatility": false,
    "isLowVolatility": false,
    "isExpandingVolatility": false,
    "isContractingVolatility": false
  },
  "orderBook": {
    "bidAskSpread": 0,
    "spreadPct": 0,
    "midPrice": 0,
    "bestBid": 0,
    "bestAsk": 0,
    "bidDepth": 0,
    "askDepth": 0,
    "orderBookImbalance": 0,
    "liquidityScore": 0,
    "depthAt1Pct": {
      "bidVolume": 0,
      "askVolume": 0,
      "imbalance": 0
    },
    "depthAt2Pct": {
      "bidVolume": 0,
      "askVolume": 0,
      "imbalance": 0
    },
    "depthAt5Pct": {
      "bidVolume": 0,
      "askVolume": 0,
      "imbalance": 0
    },
    "weightedMidPrice": 0,
    "volumeWeightedSpread": 0,
    "totalBidLevels": 0,
    "totalAskLevels": 0
  },
  "marketCap": {
    "marketCap": 0,
    "totalVolume24h": 0,
    "volumeToMarketCapRatio": 0,
    "marketCapRank": 0,
    "normalizedRank": 0,
    "isHighLiquidity": false,
    "isVeryHighLiquidity": false,
    "isLowLiquidity": true,
    "liquidityTier": "VERY_LOW"
  },
  "sweeps": {
    "sweepScore": 0,
    "sweepCount": 0,
    "sweepDirection": "NEUTRAL",
    "buySweeps": 0,
    "sellSweeps": 0,
    "avgSweepSize": 0,
    "avgSweepIntensity": 0,
    "bidLiftRatio": 0,
    "askLiftRatio": 0,
    "sweepFrequency": 0,
    "largestSweep": null,
    "recentSweepClusters": 0,
    "sweepDetails": []
  },
  "absorption": {
    "absorptionScore": 0,
    "absorptionLevel": null,
    "absorptionSide": "NONE",
    "icebergProbability": 0,
    "hiddenLiquidityEstimate": 0,
    "volumeAtPrice": {},
    "topAbsorptionLevels": [],
    "persistenceDuration": 0,
    "refillDetected": false
  },
  "orderArrival": {
    "avgInterArrivalTime": 0,
    "recentInterArrivalTime": 0,
    "accelerationRatio": 1,
    "hawkesIntensity": 0,
    "hawkesDirection": "NEUTRAL",
    "clusteringScore": 0,
    "burstCount": 0,
    "cascadeDetected": false,
    "timeToNextTrade": 0,
    "accelerationTrend": "STABLE"
  },
  "liquidityVacuum": {
    "vacuumScore": 0,
    "vacuumSide": "NONE",
    "bidVacuumSeverity": 0,
    "askVacuumSeverity": 0,
    "depthConcentration": 0,
    "priceImpact10k": 0,
    "priceImpact50k": 0,
    "priceImpact100k": 0,
    "largestGapBid": 0,
    "largestGapAsk": 0,
    "avgGapBid": 0,
    "avgGapAsk": 0,
    "bidCliffDistance": 0,
    "askCliffDistance": 0
  },
  "volatilityRegime": {
    "regime": "BELOW_NORMAL",
    "regimeScore": -0.5,
    "currentATR": 4.277692,
    "avgATR": 4.112795,
    "atrPercentile": 30.3,
    "realizedVolatility": 84.88,
    "volPercentile": 18.6,
    "expanding": false,
    "contracting": false,
    "transitionProbability": 0.3,
    "daysInRegime": 3,
    "regimeStrength": 0.45
  },
  "temporalPatterns": {
    "currentHour": 6,
    "currentDay": 0,
    "currentDayName": "Sunday",
    "dayBias": "NEUTRAL",
    "hourlyProfile": [
      {
        "avgVolume": 623.37,
        "avgATR": 0.819286,
        "avgReturn": -0.477
      },
      {
        "avgVolume": 1058.02,
        "avgATR": 0.871429,
        "avgReturn": -1.041
      },
      {
        "avgVolume": 3067.14,
        "avgATR": 0.723571,
        "avgReturn": -0.5
      },
      {
        "avgVolume": 1089.91,
        "avgATR": 0.710714,
        "avgReturn": 0.792
      },
      {
        "avgVolume": 813.35,
        "avgATR": 0.587143,
        "avgReturn": 0.139
      },
      {
        "avgVolume": 525.77,
        "avgATR": 0.724286,
        "avgReturn": 0.541
      },
      {
        "avgVolume": 509.47,
        "avgATR": 0.524286,
        "avgReturn": -0.223
      },
      {
        "avgVolume": 620.3,
        "avgATR": 0.576429,
        "avgReturn": -0.312
      },
      {
        "avgVolume": 277.48,
        "avgATR": 0.53,
        "avgReturn": -0.259
      },
      {
        "avgVolume": 302.9,
        "avgATR": 0.472857,
        "avgReturn": -0.245
      },
      {
        "avgVolume": 461.02,
        "avgATR": 0.539286,
        "avgReturn": 0.551
      },
      {
        "avgVolume": 329.49,
        "avgATR": 0.526429,
        "avgReturn": -0.045
      },
      {
        "avgVolume": 491.47,
        "avgATR": 0.562143,
        "avgReturn": 0.146
      },
      {
        "avgVolume": 819.29,
        "avgATR": 0.599286,
        "avgReturn": -0.059
      },
      {
        "avgVolume": 984.67,
        "avgATR": 0.795385,
        "avgReturn": 0.681
      },
      {
        "avgVolume": 995.6,
        "avgATR": 0.756429,
        "avgReturn": 0.2
      },
      {
        "avgVolume": 1102.46,
        "avgATR": 0.685714,
        "avgReturn": -0.654
      },
      {
        "avgVolume": 871.51,
        "avgATR": 0.710714,
        "avgReturn": -0.446
      },
      {
        "avgVolume": 1282.67,
        "avgATR": 0.739286,
        "avgReturn": -0.62
      },
      {
        "avgVolume": 1864.24,
        "avgATR": 0.848571,
        "avgReturn": 0.144
      },
      {
        "avgVolume": 1062.61,
        "avgATR": 0.861429,
        "avgReturn": -0.479
      },
      {
        "avgVolume": 751.56,
        "avgATR": 0.665714,
        "avgReturn": -0.508
      },
      {
        "avgVolume": 871.3,
        "avgATR": 0.693571,
        "avgReturn": 0.188
      },
      {
        "avgVolume": 857.91,
        "avgATR": 0.620714,
        "avgReturn": -0.359
      }
    ],
    "dailyProfile": [
      {
        "avgVolume": 1210.33,
        "avgATR": 0.675,
        "avgReturn": -0.41
      },
      {
        "avgVolume": 1604.76,
        "avgATR": 1.125,
        "avgReturn": 0.107
      },
      {
        "avgVolume": 604.33,
        "avgATR": 0.645417,
        "avgReturn": -0.269
      },
      {
        "avgVolume": 421.99,
        "avgATR": 0.608542,
        "avgReturn": 0.04
      },
      {
        "avgVolume": 533.95,
        "avgATR": 0.598936,
        "avgReturn": 0.018
      },
      {
        "avgVolume": 1440.28,
        "avgATR": 0.616667,
        "avgReturn": -0.143
      },
      {
        "avgVolume": 484.74,
        "avgATR": 0.435208,
        "avgReturn": -0.187
      }
    ],
    "favorableHours": [
      2,
      19,
      18,
      3,
      16,
      20
    ],
    "favorableWindow": false,
    "currentVsAvgVolume": 0,
    "currentVsAvgVolatility": 0,
    "anomalyDetected": true,
    "timeUntilFavorable": 10,
    "temporalScore": 0
  },
  "unifiedMicrostructure": {
    "signalDirections": {
      "vpin": "NEUTRAL",
      "sweeps": "NEUTRAL",
      "absorption": "NEUTRAL",
      "arrival": "NEUTRAL",
      "vacuum": "NONE",
      "volRegime": "FAVORABLE",
      "temporal": "UNFAVORABLE"
    },
    "consensusDirection": "NEUTRAL",
    "consensusStrength": 50,
    "bullishSignals": 1,
    "bearishSignals": 1,
    "neutralSignals": 0,
    "totalAvailableSignals": 2,
    "dominantPattern": "NONE",
    "clusters": {
      "strongBuyCluster": false,
      "distributionPattern": false,
      "accumulationPattern": false,
      "momentumCascade": false
    },
    "adaptiveWeights": {
      "vpin": 0,
      "sweeps": 0,
      "absorption": 0,
      "arrival": 0,
      "vacuum": 0,
      "volRegime": 0.021,
      "temporal": 0.02
    },
    "convictionLevel": "LOW",
    "convictionScore": 30,
    "riskAdjustment": "REDUCE",
    "timingQuality": "UNFAVORABLE",
    "signalQuality": "LOW"
  },
  "deltaAnalysis": {
    "currentDelta": 0,
    "cumulativeDelta": 0,
    "deltaPerVolume": 0,
    "deltaDirection": "NEUTRAL",
    "deltaDivergence": false,
    "institutionalRatio": 0,
    "aggressionScore": 0
  },
  "volumeProfile": {
    "pointOfControl": 0,
    "valueAreaHigh": 0,
    "valueAreaLow": 0,
    "currentPosition": "ABOVE_VALUE_AREA",
    "volumeNodes": [],
    "airPockets": []
  },
  "momentumCascade": {
    "cascadeDetected": false,
    "alignmentScore": -0.005905019724489964,
    "cascadeStrength": 0,
    "acceleratingTimeframes": [],
    "divergingTimeframes": [
      "1m",
      "5m",
      "15m",
      "1h"
    ]
  },
  "breakoutConfirmation": {
    "breakoutConfirmed": false,
    "volumeConfirmation": false,
    "retestStrength": 0,
    "falseBreakoutRisk": 0,
    "breakoutQuality": "NO_BREAKOUT"
  },
  "liquidityHeatmap": {
    "liquidityScore": 0,
    "magnetDirection": "NONE",
    "magnetStrength": 0,
    "priceTarget5pct": null,
    "message": "No order book data"
  },
  "smartMoneyDivergence": {
    "divergenceDetected": false,
    "divergenceDirection": "NONE",
    "smartMoneyScore": 0.5,
    "message": "Insufficient trade data"
  },
  "microstructure": {
    "raw": -0.03576134158736026,
    "pct": 49,
    "summary": {
      "latestBucketSignedZ": 0,
      "buySellRatio": 0.5,
      "tradesPerSec": 0,
      "vwap": 0,
      "aggressorVWAP": 0,
      "vpinToxicity": "UNKNOWN",
      "sweepDirection": "NEUTRAL",
      "absorptionSide": "NONE",
      "icebergDetected": false,
      "hawkesDirection": "NEUTRAL",
      "cascadeDetected": false,
      "vacuumSide": "NONE",
      "volatilityRegime": "BELOW_NORMAL",
      "volExpanding": false,
      "favorableTimeWindow": false,
      "temporalAnomaly": true,
      "consensusDirection": "NEUTRAL",
      "consensusStrength": 50,
      "dominantPattern": "NONE",
      "convictionLevel": "LOW",
      "riskAdjustment": "REDUCE",
      "timingQuality": "UNFAVORABLE",
      "deltaDirection": "NEUTRAL",
      "deltaDivergence": false,
      "institutionalRatio": 0,
      "volumeProfilePosition": "ABOVE_VALUE_AREA",
      "pointOfControl": 0,
      "momentumCascadeDetected": false,
      "cascadeStrength": 0,
      "breakoutQuality": "NO_BREAKOUT",
      "breakoutConfirmed": false,
      "magnetDirection": "NONE",
      "magnetStrength": 0,
      "priceTarget5pct": null,
      "nearestBidWall": 0,
      "nearestAskWall": 0,
      "divergenceDetected": false,
      "divergenceDirection": "NONE",
      "whaleAccumulation": false,
      "whaleDistribution": false,
      "retailPanic": false,
      "smartMoneyScore": 0.5
    }
  }
}

=== MICROSTRUCTURE ALERTS ===

🔬 VPIN: Insufficient data for VPIN analysis

🌊 SWEEP DETECTION: No significant sweeps detected

🧊 ABSORPTION & ICEBERG: No significant absorption or iceberg orders detected

⚡ ORDER ARRIVAL DYNAMICS: Insufficient trades for analysis

🌪️ LIQUIDITY VACUUM: No significant vacuum detected

📊 VOLATILITY REGIME DETECTION:
   Current Regime: BELOW_NORMAL
   Regime Score: -0.50 (-1=low vol, +1=extreme vol)
   Days in Regime: 3
   ATR: $4.277692 (avg: $4.112795)
   ATR Percentile: 30.3%
   Realized Volatility: 84.88% (annualized)
   Vol Percentile: 18.6%

   🟢 BELOW NORMAL VOLATILITY:
   ⚡ Consolidation phase - watch for expansion
   ✅ Good entry zone for patient trades

   📍 MODERATE REGIME TRANSITION PROBABILITY: 30%
   Monitor for potential regime change

⏰ TEMPORAL PATTERN ANALYSIS:
   Current Time: Sunday 6:00 UTC
   Day Bias: NEUTRAL
   Current vs Avg Volume: 0x
   Current vs Avg Volatility: 0x

   ⏳ NON-FAVORABLE TIME WINDOW:
   This hour typically shows weaker activity
   Next favorable window in 10 hour(s)

   ⚠️ LOW ACTIVITY ANOMALY:
   Volume 0x below typical - Extremely quiet

   📉 LOW VOLATILITY ANOMALY:
   Volatility 0x below typical - Consolidation likely

   🔥 Best Trading Hours (UTC): 2:00, 19:00, 18:00

🎯 UNIFIED MICROSTRUCTURE INTEGRATION:
   Signal Consensus: NEUTRAL (50% agreement)
   Available Signals: 2 (1 bullish / 1 bearish / 0 neutral)
   Conviction Level: LOW (30%)
   Signal Quality: LOW
   Risk Adjustment: REDUCE
   Timing Quality: UNFAVORABLE

   ⚠️ LOW CONVICTION: Only 50% signal agreement
   Weak alignment - Reduce position size or wait for clarity

   ⚠️ RISK REDUCTION RECOMMENDED: Extreme volatility or unfavorable timing detected

   ⏰ UNFAVORABLE TIMING: Avoid trading during this hour

   Signal Directions Breakdown:
   • VPIN: NEUTRAL
   • Sweeps: NEUTRAL
   • Absorption: NEUTRAL
   • Arrival Dynamics: NEUTRAL
   • Liquidity Vacuum: NONE
   • Vol Regime: FAVORABLE
   • Temporal: UNFAVORABLE

   Adaptive Weights (Total: 4.1%):
   • VPIN: 0.0%
   • Sweeps: 0.0%
   • Absorption: 0.0%
   • Arrival: 0.0%
   • Vacuum: 0.0%
   • Vol Regime: 2.1%
   • Temporal: 2.0%


💹 DELTA ANALYSIS (Order Flow Aggression):
   Direction: NEUTRAL
   Delta Per Volume: 0.00%
   Institutional Ratio: 0.0%
   Aggression Score: 0.0%

📊 VOLUME PROFILE (Support/Resistance Strength):
   Point of Control (POC): $0.000000
   Value Area High: $0.000000
   Value Area Low: $0.000000
   Current Position: ABOVE_VALUE_AREA
   ⚠️ DISTRIBUTION RISK: Price above value area - potential rejection zone

⚡ MOMENTUM CASCADE (Multi-Timeframe Alignment):
   Cascade Detected: NO
   Alignment Score: -0.6%
   Cascade Strength: 0.0%
   Accelerating: None
   Diverging: 1m, 5m, 15m, 1h

💥 BREAKOUT CONFIRMATION:
   Quality: NO_BREAKOUT
   Volume Confirmation: NO
   Retest Strength: 0.0%
   False Breakout Risk: 0.0%
   No breakout detected - price below resistance


levels:
Entry=31.0378, StopLoss=30.261855, TakeProfit=31.29229, 31.546780000000002, 31.750371999999995

---

=== Token: OMNI (OMNI) ===
Contract: OMNI-USD
Timestamp: 2025-02-06T13:40:00.000Z

Calculations:
{
  "momentumScore": 28.700745069533532,
  "volumeScore": 5.981050242682738,
  "patternScore": 35,
  "totalScore": 16.95976345968319,
  "finalScore": 0,
  "weights": "0.23,0.45,0.23",
  "hourlyUptrend": false,
  "rsi": 17.073170731707208,
  "ultraShortVolumeSurge": 0.9579364867034085,
  "baseVolumeSurge": 0.078494528341347,
  "currentPrice": 4.912,
  "resistance": 5.127,
  "support": 4.88,
  "rocMin5": -0.004862236628849275,
  "shortROC": 0.0016313213703099524,
  "priceAcceleration": -0.0012157194280822306,
  "buySellRatio": 0.21934975714348223,
  "macdHistogram": -0.017372313045436974,
  "stochasticK": 19.062499999999964,
  "atr": 0.0333571428571429,
  "bbUpper": 5.231955226971551,
  "bbLower": 4.91484477302845,
  "hammerDetected": false,
  "engulfingDetected": false,
  "compressionSpring": {
    "detected": true,
    "confidence": 44,
    "signals": {
      "sidewaysPrice": true,
      "atrCompression": true,
      "bbSqueeze": false,
      "consolidationTime": true,
      "strongBuying": false,
      "obvPositive": false,
      "chaikinPositive": false,
      "rsiNeutral": false,
      "volumeBuilding": true
    },
    "metrics": {
      "priceRange": 5.61,
      "atrRatio": 0.763,
      "bbWidth": 6.25,
      "volumeRatio": 1.193,
      "signalCount": 4,
      "buySellRatio": 0.219
    }
  },
  "riskTier": "LOW",
  "atrPercent": 0.9844695207073076,
  "distanceToResistance": 4.3770358306188895,
  "slPercent": 2.5,
  "tpPercent": 3.720480456026056,
  "trailingActivation": 2.2322882736156333,
  "shortMomentumScore": 60,
  "overboughtScore": 0,
  "shortPatternScore": 0,
  "shootingStarDetected": false,
  "bearishEngulfingDetected": false,
  "eveningStarDetected": false,
  "bearishPatternsCount": 0,
  "shortTotalScore": 24,
  "chaikin": -0.560501761838595,
  "obvIncreasing": false,
  "obvTrend": "declining",
  "adx": 44.396551724138064,
  "recentCandles": {
    "redCount": 8,
    "greenCount": 2
  },
  "resistanceDistance": 4.3770358306188895,
  "multiplePatterns": false,
  "bullishPattern": false,
  "priceAboveVWAP": false,
  "breakingResistance": false,
  "atrSufficient": false,
  "macdDivergenceBearish": false,
  "rvolMin1": -0.2271951960137709,
  "rvolMin5": -0.3143181114792941,
  "atrPercentileOld": 0.4024390243902439,
  "vwapDeviation": -5.359488879736926,
  "bbWidthPercent": 6.2504524370856105,
  "bbSqueeze": false,
  "multiTFMomentum": {
    "min1": {
      "roc1": 0.0016313213703099524,
      "roc3": 0.0008149959250202851
    },
    "min5": {
      "roc1": 0.0016313213703099524,
      "roc3": -0.0008136696501221415
    },
    "min15": {
      "roc1": 0.006723716381417985,
      "roc3": -0.006834170854271319
    },
    "hourly": {
      "roc1": 0.012499999999999989,
      "roc3": -0.02525152890116396
    },
    "fourHour": {
      "roc1": -0.03155625245001969,
      "roc3": -0.04779340913470808
    },
    "divergenceShortUpLongDown": true
  },
  "returnZMin5": 0.26487325106818665,
  "wickClosePct": 0,
  "wickUpper": 0.0019999999999997797,
  "wickLower": 0,
  "wickRatio": 0.07407407407406555,
  "donchianBreakout15": false,
  "bbWidthPercentile15": 0.6623376623376623,
  "signedMin5": -4972.7300000000005,
  "signedMin5Z": -15.530556641168667,
  "signedMin1": 2486.1899999999996,
  "signedMin1Z": 9.928582452387145,
  "streakMin1": {
    "upStreak": 0,
    "downStreak": 1
  },
  "streakMin5": {
    "upStreak": 0,
    "downStreak": 1
  },
  "rvolPercentileMin1": 0.6012269938650306,
  "rvolPercentileMin5": 0.4756944444444444,
  "perTfMetrics": {
    "min1": {
      "sma20": 4.99535,
      "sma50": 5.080479999999999,
      "ema20": 4.985743262376948,
      "ema50": 5.067338321103996,
      "vwma20": 4.997575416563896,
      "hma21": 4.900623376623378,
      "atr14": 0.024214285714285806,
      "atrPercentile": 0.0987460815047022,
      "rvolZ": -0.2271951960137709,
      "rvolPercentile": 0.6012269938650306,
      "mfi14": 26.084492996690997,
      "ppo": {
        "ppo": -1.0369839281326163,
        "signal": -0.9178378087988803,
        "histogram": -0.11914611933373598
      },
      "stochRsi": {
        "k": 33.24036804511049,
        "d": 17.706882038778684
      },
      "vprofile": {
        "vpBins": [
          0.006319269264111085,
          0,
          0.04611272129587846,
          0.004277153720022927,
          0.007466414753330024,
          0.01775393687133409,
          0.05227613603207853,
          0.07011628432695978,
          0.18187605605483614,
          0.09516954866494452,
          0.0866348985527433,
          0.03726214984331708,
          0.1285558350952384,
          0.06955324229369567,
          0.0983113512924553,
          0.0343034411837306,
          0.023150154183655052,
          0.036836989923934575,
          0.001459416182979394,
          0.0025650004647553948
        ],
        "currentBinShare": 0.006319269264111085
      },
      "ttm": {
        "squeeze": false,
        "release": false,
        "widthPct": 4.897342690885725
      }
    },
    "min5": {
      "sma20": 5.0337,
      "sma50": 5.1136599999999985,
      "ema20": 5.013208676921464,
      "ema50": 5.103773469437276,
      "vwma20": 5.040561504031708,
      "hma21": 4.923311688311687,
      "atr14": 0.0333571428571429,
      "atrPercentile": 0.12043795620437957,
      "rvolZ": -0.3143181114792941,
      "rvolPercentile": 0.4756944444444444,
      "mfi14": 4.745506606573187,
      "ppo": {
        "ppo": -1.243708267795996,
        "signal": -0.9848621888143049,
        "histogram": -0.2588460789816912
      },
      "stochRsi": {
        "k": 10.195693500490696,
        "d": 14.986498683666133
      },
      "vprofile": {
        "vpBins": [
          0.00817853022387576,
          0.028404480107854447,
          0.011080791451152218,
          0.04352657255328986,
          0.036910981190287906,
          0.18105093270763922,
          0.15424676890369582,
          0.04084231040129978,
          0.0999866046157901,
          0.10784364561862904,
          0.05872860519481641,
          0.05520734758429368,
          0.009079045730113254,
          0.014272997930197083,
          0.040892435064794765,
          0.029522346525626228,
          0.010678281761104124,
          0.01705210804457638,
          0.020799142695410566,
          0.03169607169555316
        ],
        "currentBinShare": 0.00817853022387576
      },
      "ttm": {
        "squeeze": false,
        "release": false,
        "widthPct": 6.2458773413750075
      }
    },
    "min15": {
      "sma20": 5.0734,
      "sma50": 5.174219999999998,
      "ema20": 5.056591355418272,
      "ema50": 5.146492428151122,
      "vwma20": 5.044834673253565,
      "hma21": 4.976688311688311,
      "atr14": 0.04835714285714295,
      "atrPercentile": 0.4024390243902439,
      "rvolZ": -0.2659857979145193,
      "rvolPercentile": 0.4270833333333333,
      "mfi14": 4.234077350181238,
      "ppo": {
        "ppo": -1.2512074484825813,
        "signal": -0.928944642996189,
        "histogram": -0.3222628054863923
      },
      "stochRsi": {
        "k": 15.446316097846625,
        "d": 30.006553979097347
      },
      "vprofile": {
        "vpBins": [
          0.0038611673010928507,
          0.042353925794756137,
          0.018974297661132407,
          0,
          0.008953487620610991,
          0.05889209153832732,
          0.018494438807494205,
          0.05557153289860599,
          0.3786186527760724,
          0.04029941899917924,
          0.02613178830630829,
          0.033698370741858566,
          0.019261243561489796,
          0.09876852384429954,
          0.11753698306114406,
          0.018704478036359405,
          0.016833513213083184,
          0.03921206206820782,
          0.0006327027847970375,
          0.003201320985180925
        ],
        "currentBinShare": 0.042353925794756137
      },
      "ttm": {
        "squeeze": false,
        "release": false,
        "widthPct": 6.2504524370856105
      }
    },
    "hourly": {
      "sma20": 5.11065,
      "sma50": 5.251519999999999,
      "ema20": 5.109553299039502,
      "ema50": 5.248457497997659,
      "vwma20": 5.086034466747703,
      "hma21": 5.01661904761905,
      "atr14": 0.07164285714285727,
      "atrPercentile": 0.027950310559006212,
      "rvolZ": -0.6884580010397641,
      "rvolPercentile": 0.16071428571428573,
      "mfi14": 16.5834454877276,
      "ppo": {
        "ppo": -1.6779219542500063,
        "signal": -1.3000086108376308,
        "histogram": -0.3779133434123756
      },
      "stochRsi": {
        "k": 44.9936950055904,
        "d": 35.52536776552771
      },
      "vprofile": {
        "vpBins": [
          0,
          0.020705191428182723,
          0.027792439366210227,
          0.03014139434199137,
          0.05747649463405572,
          0.14368482142165584,
          0.06442763467955785,
          0.08521347387724738,
          0.0734442208630222,
          0.035760486294224944,
          0.014037796724222411,
          0,
          0.02526326855358403,
          0.03390541021777677,
          0.05797675913390682,
          0.04450710347800602,
          0.09321279842261478,
          0.09935438622465148,
          0.08770628224247864,
          0.005390038096610944
        ],
        "currentBinShare": 0.05747649463405572
      },
      "ttm": {
        "squeeze": false,
        "release": false,
        "widthPct": 6.952610154241732
      }
    },
    "fourHour": {
      "sma20": 5.278700000000001,
      "sma50": 6.20286,
      "ema20": 5.391364537353826,
      "ema50": 6.086899672419825,
      "vwma20": 5.3332457988461375,
      "hma21": 5.17992207792208,
      "atr14": 0.21828571428571428,
      "atrPercentile": 0.02857142857142857,
      "rvolZ": -0.5063111832369935,
      "rvolPercentile": 0.36904761904761907,
      "mfi14": 29.583253831545704,
      "ppo": {
        "ppo": -5.685015177227974,
        "signal": -6.068362354551874,
        "histogram": 0.3833471773239001
      },
      "stochRsi": {
        "k": 0.7021254562068657,
        "d": 31.672683317706674
      },
      "vprofile": {
        "vpBins": [
          0,
          0.04413671453090463,
          0.0076888183200775825,
          0.11184628843622561,
          0.11290538963717626,
          0.01721758272008492,
          0.026980486777519328,
          0.0034884298524280833,
          0.013999677057982152,
          0.09098600142753227,
          0.13049039923640016,
          0.19058710376842006,
          0.028803395389882202,
          0,
          0,
          0.08226429082026603,
          0.013496017383170841,
          0.052123270128010636,
          0.051805918006199915,
          0.021180216507719486
        ],
        "currentBinShare": 0.0076888183200775825
      },
      "ttm": {
        "squeeze": false,
        "release": false,
        "widthPct": 13.143127086278891
      }
    },
    "daily": {
      "sma20": 7.45415,
      "sma50": 8.302600000000002,
      "ema20": 6.95361084636265,
      "ema50": 8.171336623270653,
      "vwma20": 0,
      "hma21": 4.9047878787878805,
      "atr14": 0.8542857142857141,
      "atrPercentile": 0.21052631578947367,
      "rvolZ": 0,
      "rvolPercentile": 1,
      "mfi14": 50,
      "ppo": {
        "ppo": -14.233584428409426,
        "signal": -9.829624896815622,
        "histogram": -4.403959531593804
      },
      "stochRsi": {
        "k": 0.4272625511323247,
        "d": 12.5087565758377
      },
      "vprofile": {
        "vpBins": [
          0,
          0,
          0,
          0,
          0,
          0,
          0,
          0,
          0,
          0,
          0,
          0,
          0,
          0,
          0,
          0,
          0,
          0,
          0,
          0
        ],
        "currentBinShare": 0
      },
      "ttm": {
        "squeeze": false,
        "release": false,
        "widthPct": 85.15903829716342
      }
    }
  },
  "smaMin5": 5.0337,
  "emaMin5": 5.013208676921464,
  "vwmaMin5": 5.040561504031708,
  "hmaMin5": 4.923311688311687,
  "keltner15": {
    "upper": 5.119891355418272,
    "middle": 5.056591355418272,
    "lower": 4.993291355418272
  },
  "superTrend15": {
    "isBull": true,
    "finalUpper": 5.0491,
    "finalLower": 4.795899999999999
  },
  "mfi15": 4.234077350181238,
  "stochRsi15": {
    "k": 15.446316097846625,
    "d": 30.006553979097347
  },
  "ppo15": {
    "ppo": -1.2512074484825813,
    "signal": -0.928944642996189,
    "histogram": -0.3222628054863923
  },
  "vpMin15": {
    "vpBins": [
      0.0038611673010928507,
      0.042353925794756137,
      0.018974297661132407,
      0,
      0.008953487620610991,
      0.05889209153832732,
      0.018494438807494205,
      0.05557153289860599,
      0.3786186527760724,
      0.04029941899917924,
      0.02613178830630829,
      0.033698370741858566,
      0.019261243561489796,
      0.09876852384429954,
      0.11753698306114406,
      0.018704478036359405,
      0.016833513213083184,
      0.03921206206820782,
      0.0006327027847970375,
      0.003201320985180925
    ],
    "currentBinShare": 0.042353925794756137
  },
  "ttm15": {
    "squeeze": false,
    "release": false,
    "widthPct": 6.2504524370856105
  },
  "marketCorrelation": {
    "hourly": {
      "btcCorrelation": 0,
      "ethCorrelation": 0,
      "btcBeta": 1,
      "ethBeta": 1,
      "btcTrend": "UNKNOWN",
      "ethTrend": "UNKNOWN",
      "tokenVol": 0,
      "btcVol": 0,
      "ethVol": 0,
      "marketDependence": 0,
      "verdict": "INSUFFICIENT_DATA"
    },
    "min15": {
      "btcCorrelation": 0,
      "ethCorrelation": 0,
      "btcBeta": 1,
      "ethBeta": 1,
      "btcTrend": "UNKNOWN",
      "ethTrend": "UNKNOWN",
      "tokenVol": 0,
      "btcVol": 0,
      "ethVol": 0,
      "marketDependence": 0,
      "verdict": "INSUFFICIENT_DATA"
    },
    "daily": {
      "btcCorrelation": 0,
      "ethCorrelation": 0,
      "btcBeta": 1,
      "ethBeta": 1,
      "btcTrend": "UNKNOWN",
      "ethTrend": "UNKNOWN",
      "tokenVol": 0,
      "btcVol": 0,
      "ethVol": 0,
      "marketDependence": 0,
      "verdict": "INSUFFICIENT_DATA"
    }
  },
  "tradeTape": {
    "totalTrades": 0,
    "totalVolume": 0,
    "buysVolume": 0,
    "sellsVolume": 0,
    "buySellRatio": 0.5,
    "vwap": 0,
    "signedVolume": 0,
    "avgTradeSize": 0,
    "tradesPerSec": 0,
    "cumulativeDelta": 0,
    "tradesLast1m": 0,
    "tradesLast5m": 0,
    "tradesLast15m": 0,
    "tradesLast1h": 0,
    "buyVWAP": 0,
    "sellVWAP": 0,
    "aggressorVWAP": 0,
    "bucketDurationMs": 60000,
    "bucketCount": 15,
    "bucketSignedVolumes": [],
    "bucketVolumes": [],
    "bucketVWAPs": [],
    "latestBucketSignedZ": 0
  },
  "enhancedMetrics": {
    "relativeVolumeZScore": -1,
    "volumePercentile": 40,
    "atrPercentile": 11.678832116788321,
    "volatilityPercentile": 38.924050632911396,
    "relativeVolatilityRatio": 0.9509099313500651,
    "isHighVolume": false,
    "isHighVolatility": false,
    "isLowVolatility": false,
    "isExpandingVolatility": false,
    "isContractingVolatility": false
  },
  "orderBook": {
    "bidAskSpread": 0,
    "spreadPct": 0,
    "midPrice": 0,
    "bestBid": 0,
    "bestAsk": 0,
    "bidDepth": 0,
    "askDepth": 0,
    "orderBookImbalance": 0,
    "liquidityScore": 0,
    "depthAt1Pct": {
      "bidVolume": 0,
      "askVolume": 0,
      "imbalance": 0
    },
    "depthAt2Pct": {
      "bidVolume": 0,
      "askVolume": 0,
      "imbalance": 0
    },
    "depthAt5Pct": {
      "bidVolume": 0,
      "askVolume": 0,
      "imbalance": 0
    },
    "weightedMidPrice": 0,
    "volumeWeightedSpread": 0,
    "totalBidLevels": 0,
    "totalAskLevels": 0
  },
  "marketCap": {
    "marketCap": 0,
    "totalVolume24h": 0,
    "volumeToMarketCapRatio": 0,
    "marketCapRank": 0,
    "normalizedRank": 0,
    "isHighLiquidity": false,
    "isVeryHighLiquidity": false,
    "isLowLiquidity": true,
    "liquidityTier": "VERY_LOW"
  },
  "sweeps": {
    "sweepScore": 0,
    "sweepCount": 0,
    "sweepDirection": "NEUTRAL",
    "buySweeps": 0,
    "sellSweeps": 0,
    "avgSweepSize": 0,
    "avgSweepIntensity": 0,
    "bidLiftRatio": 0,
    "askLiftRatio": 0,
    "sweepFrequency": 0,
    "largestSweep": null,
    "recentSweepClusters": 0,
    "sweepDetails": []
  },
  "absorption": {
    "absorptionScore": 0,
    "absorptionLevel": null,
    "absorptionSide": "NONE",
    "icebergProbability": 0,
    "hiddenLiquidityEstimate": 0,
    "volumeAtPrice": {},
    "topAbsorptionLevels": [],
    "persistenceDuration": 0,
    "refillDetected": false
  },
  "orderArrival": {
    "avgInterArrivalTime": 0,
    "recentInterArrivalTime": 0,
    "accelerationRatio": 1,
    "hawkesIntensity": 0,
    "hawkesDirection": "NEUTRAL",
    "clusteringScore": 0,
    "burstCount": 0,
    "cascadeDetected": false,
    "timeToNextTrade": 0,
    "accelerationTrend": "STABLE"
  },
  "liquidityVacuum": {
    "vacuumScore": 0,
    "vacuumSide": "NONE",
    "bidVacuumSeverity": 0,
    "askVacuumSeverity": 0,
    "depthConcentration": 0,
    "priceImpact10k": 0,
    "priceImpact50k": 0,
    "priceImpact100k": 0,
    "largestGapBid": 0,
    "largestGapAsk": 0,
    "avgGapBid": 0,
    "avgGapAsk": 0,
    "bidCliffDistance": 0,
    "askCliffDistance": 0
  },
  "volatilityRegime": {
    "regime": "BELOW_NORMAL",
    "regimeScore": -0.5,
    "currentATR": 0.871692,
    "avgATR": 0.94251,
    "atrPercentile": 23.7,
    "realizedVolatility": 102.56,
    "volPercentile": 45.8,
    "expanding": false,
    "contracting": false,
    "transitionProbability": 0,
    "daysInRegime": 5,
    "regimeStrength": 0.53
  },
  "temporalPatterns": {
    "currentHour": 6,
    "currentDay": 0,
    "currentDayName": "Sunday",
    "dayBias": "NEUTRAL",
    "hourlyProfile": [
      {
        "avgVolume": 994.57,
        "avgATR": 0.1535,
        "avgReturn": -0.514
      },
      {
        "avgVolume": 1020.56,
        "avgATR": 0.171429,
        "avgReturn": -0.545
      },
      {
        "avgVolume": 863.29,
        "avgATR": 0.124929,
        "avgReturn": -0.817
      },
      {
        "avgVolume": 553.35,
        "avgATR": 0.096214,
        "avgReturn": 0.537
      },
      {
        "avgVolume": 957.71,
        "avgATR": 0.108714,
        "avgReturn": 0.377
      },
      {
        "avgVolume": 1102.47,
        "avgATR": 0.118071,
        "avgReturn": 0.102
      },
      {
        "avgVolume": 618.98,
        "avgATR": 0.078286,
        "avgReturn": 0.057
      },
      {
        "avgVolume": 573.38,
        "avgATR": 0.093357,
        "avgReturn": -0.316
      },
      {
        "avgVolume": 733.28,
        "avgATR": 0.092214,
        "avgReturn": -0.423
      },
      {
        "avgVolume": 200.45,
        "avgATR": 0.0835,
        "avgReturn": -0.284
      },
      {
        "avgVolume": 281.76,
        "avgATR": 0.0635,
        "avgReturn": 0.027
      },
      {
        "avgVolume": 754.74,
        "avgATR": 0.095462,
        "avgReturn": 0.378
      },
      {
        "avgVolume": 589.18,
        "avgATR": 0.091714,
        "avgReturn": -0.263
      },
      {
        "avgVolume": 896.79,
        "avgATR": 0.101067,
        "avgReturn": 0.338
      },
      {
        "avgVolume": 836.18,
        "avgATR": 0.151,
        "avgReturn": 1.021
      },
      {
        "avgVolume": 1099.41,
        "avgATR": 0.145214,
        "avgReturn": -0.287
      },
      {
        "avgVolume": 1014.45,
        "avgATR": 0.140429,
        "avgReturn": -0.859
      },
      {
        "avgVolume": 1047.89,
        "avgATR": 0.123,
        "avgReturn": -0.506
      },
      {
        "avgVolume": 1012.82,
        "avgATR": 0.126154,
        "avgReturn": -0.693
      },
      {
        "avgVolume": 1277.77,
        "avgATR": 0.141786,
        "avgReturn": 0.53
      },
      {
        "avgVolume": 668.64,
        "avgATR": 0.152929,
        "avgReturn": -0.488
      },
      {
        "avgVolume": 1672.95,
        "avgATR": 0.115714,
        "avgReturn": -0.271
      },
      {
        "avgVolume": 1530.58,
        "avgATR": 0.136714,
        "avgReturn": 0.056
      },
      {
        "avgVolume": 1076.86,
        "avgATR": 0.153714,
        "avgReturn": -0.793
      }
    ],
    "dailyProfile": [
      {
        "avgVolume": 750.05,
        "avgATR": 0.133447,
        "avgReturn": -0.541
      },
      {
        "avgVolume": 1602.63,
        "avgATR": 0.177146,
        "avgReturn": 0.105
      },
      {
        "avgVolume": 918.27,
        "avgATR": 0.109313,
        "avgReturn": -0.414
      },
      {
        "avgVolume": 450.3,
        "avgATR": 0.083766,
        "avgReturn": -0.015
      },
      {
        "avgVolume": 918.79,
        "avgATR": 0.105163,
        "avgReturn": 0.127
      },
      {
        "avgVolume": 704.71,
        "avgATR": 0.11975,
        "avgReturn": -0.06
      },
      {
        "avgVolume": 878.23,
        "avgATR": 0.105,
        "avgReturn": -0.264
      }
    ],
    "favorableHours": [
      21,
      22,
      19,
      5,
      15,
      23
    ],
    "favorableWindow": false,
    "currentVsAvgVolume": 0,
    "currentVsAvgVolatility": 0,
    "anomalyDetected": true,
    "timeUntilFavorable": 9,
    "temporalScore": 0
  },
  "unifiedMicrostructure": {
    "signalDirections": {
      "vpin": "NEUTRAL",
      "sweeps": "NEUTRAL",
      "absorption": "NEUTRAL",
      "arrival": "NEUTRAL",
      "vacuum": "NONE",
      "volRegime": "FAVORABLE",
      "temporal": "UNFAVORABLE"
    },
    "consensusDirection": "NEUTRAL",
    "consensusStrength": 50,
    "bullishSignals": 1,
    "bearishSignals": 1,
    "neutralSignals": 0,
    "totalAvailableSignals": 2,
    "dominantPattern": "NONE",
    "clusters": {
      "strongBuyCluster": false,
      "distributionPattern": false,
      "accumulationPattern": false,
      "momentumCascade": false
    },
    "adaptiveWeights": {
      "vpin": 0,
      "sweeps": 0,
      "absorption": 0,
      "arrival": 0,
      "vacuum": 0,
      "volRegime": 0.021,
      "temporal": 0.02
    },
    "convictionLevel": "LOW",
    "convictionScore": 30,
    "riskAdjustment": "REDUCE",
    "timingQuality": "UNFAVORABLE",
    "signalQuality": "LOW"
  },
  "deltaAnalysis": {
    "currentDelta": 0,
    "cumulativeDelta": 0,
    "deltaPerVolume": 0,
    "deltaDirection": "NEUTRAL",
    "deltaDivergence": false,
    "institutionalRatio": 0,
    "aggressionScore": 0
  },
  "volumeProfile": {
    "pointOfControl": 0,
    "valueAreaHigh": 0,
    "valueAreaLow": 0,
    "currentPosition": "ABOVE_VALUE_AREA",
    "volumeNodes": [],
    "airPockets": []
  },
  "momentumCascade": {
    "cascadeDetected": false,
    "alignmentScore": -0.017526251410474997,
    "cascadeStrength": 0,
    "acceleratingTimeframes": [],
    "divergingTimeframes": [
      "1m",
      "5m",
      "15m",
      "1h"
    ]
  },
  "breakoutConfirmation": {
    "breakoutConfirmed": false,
    "volumeConfirmation": false,
    "retestStrength": 0,
    "falseBreakoutRisk": 0,
    "breakoutQuality": "NO_BREAKOUT"
  },
  "liquidityHeatmap": {
    "liquidityScore": 0,
    "magnetDirection": "NONE",
    "magnetStrength": 0,
    "priceTarget5pct": null,
    "message": "No order book data"
  },
  "smartMoneyDivergence": {
    "divergenceDetected": false,
    "divergenceDirection": "NONE",
    "smartMoneyScore": 0.5,
    "message": "Insufficient trade data"
  },
  "microstructure": {
    "raw": -0.006437679016908437,
    "pct": 50,
    "summary": {
      "latestBucketSignedZ": 0,
      "buySellRatio": 0.5,
      "tradesPerSec": 0,
      "vwap": 0,
      "aggressorVWAP": 0,
      "vpinToxicity": "UNKNOWN",
      "sweepDirection": "NEUTRAL",
      "absorptionSide": "NONE",
      "icebergDetected": false,
      "hawkesDirection": "NEUTRAL",
      "cascadeDetected": false,
      "vacuumSide": "NONE",
      "volatilityRegime": "BELOW_NORMAL",
      "volExpanding": false,
      "favorableTimeWindow": false,
      "temporalAnomaly": true,
      "consensusDirection": "NEUTRAL",
      "consensusStrength": 50,
      "dominantPattern": "NONE",
      "convictionLevel": "LOW",
      "riskAdjustment": "REDUCE",
      "timingQuality": "UNFAVORABLE",
      "deltaDirection": "NEUTRAL",
      "deltaDivergence": false,
      "institutionalRatio": 0,
      "volumeProfilePosition": "ABOVE_VALUE_AREA",
      "pointOfControl": 0,
      "momentumCascadeDetected": false,
      "cascadeStrength": 0,
      "breakoutQuality": "NO_BREAKOUT",
      "breakoutConfirmed": false,
      "magnetDirection": "NONE",
      "magnetStrength": 0,
      "priceTarget5pct": null,
      "nearestBidWall": 0,
      "nearestAskWall": 0,
      "divergenceDetected": false,
      "divergenceDirection": "NONE",
      "whaleAccumulation": false,
      "whaleDistribution": false,
      "retailPanic": false,
      "smartMoneyScore": 0.5
    }
  }
}

=== MICROSTRUCTURE ALERTS ===

🔬 VPIN: Insufficient data for VPIN analysis

🌊 SWEEP DETECTION: No significant sweeps detected

🧊 ABSORPTION & ICEBERG: No significant absorption or iceberg orders detected

⚡ ORDER ARRIVAL DYNAMICS: Insufficient trades for analysis

🌪️ LIQUIDITY VACUUM: No significant vacuum detected

📊 VOLATILITY REGIME DETECTION:
   Current Regime: BELOW_NORMAL
   Regime Score: -0.50 (-1=low vol, +1=extreme vol)
   Days in Regime: 5
   ATR: $0.871692 (avg: $0.942510)
   ATR Percentile: 23.7%
   Realized Volatility: 102.56% (annualized)
   Vol Percentile: 45.8%

   🟢 BELOW NORMAL VOLATILITY:
   ⚡ Consolidation phase - watch for expansion
   ✅ Good entry zone for patient trades

⏰ TEMPORAL PATTERN ANALYSIS:
   Current Time: Sunday 6:00 UTC
   Day Bias: NEUTRAL
   Current vs Avg Volume: 0x
   Current vs Avg Volatility: 0x

   ⏳ NON-FAVORABLE TIME WINDOW:
   This hour typically shows weaker activity
   Next favorable window in 9 hour(s)

   ⚠️ LOW ACTIVITY ANOMALY:
   Volume 0x below typical - Extremely quiet

   📉 LOW VOLATILITY ANOMALY:
   Volatility 0x below typical - Consolidation likely

   🔥 Best Trading Hours (UTC): 21:00, 22:00, 19:00

🎯 UNIFIED MICROSTRUCTURE INTEGRATION:
   Signal Consensus: NEUTRAL (50% agreement)
   Available Signals: 2 (1 bullish / 1 bearish / 0 neutral)
   Conviction Level: LOW (30%)
   Signal Quality: LOW
   Risk Adjustment: REDUCE
   Timing Quality: UNFAVORABLE

   ⚠️ LOW CONVICTION: Only 50% signal agreement
   Weak alignment - Reduce position size or wait for clarity

   ⚠️ RISK REDUCTION RECOMMENDED: Extreme volatility or unfavorable timing detected

   ⏰ UNFAVORABLE TIMING: Avoid trading during this hour

   Signal Directions Breakdown:
   • VPIN: NEUTRAL
   • Sweeps: NEUTRAL
   • Absorption: NEUTRAL
   • Arrival Dynamics: NEUTRAL
   • Liquidity Vacuum: NONE
   • Vol Regime: FAVORABLE
   • Temporal: UNFAVORABLE

   Adaptive Weights (Total: 4.1%):
   • VPIN: 0.0%
   • Sweeps: 0.0%
   • Absorption: 0.0%
   • Arrival: 0.0%
   • Vacuum: 0.0%
   • Vol Regime: 2.1%
   • Temporal: 2.0%


💹 DELTA ANALYSIS (Order Flow Aggression):
   Direction: NEUTRAL
   Delta Per Volume: 0.00%
   Institutional Ratio: 0.0%
   Aggression Score: 0.0%

📊 VOLUME PROFILE (Support/Resistance Strength):
   Point of Control (POC): $0.000000
   Value Area High: $0.000000
   Value Area Low: $0.000000
   Current Position: ABOVE_VALUE_AREA
   ⚠️ DISTRIBUTION RISK: Price above value area - potential rejection zone

⚡ MOMENTUM CASCADE (Multi-Timeframe Alignment):
   Cascade Detected: NO
   Alignment Score: -1.8%
   Cascade Strength: 0.0%
   Accelerating: None
   Diverging: 1m, 5m, 15m, 1h

💥 BREAKOUT CONFIRMATION:
   Quality: NO_BREAKOUT
   Volume Confirmation: NO
   Retest Strength: 0.0%
   False Breakout Risk: 0.0%
   No breakout detected - price below resistance


levels:
Entry=4.902176, StopLoss=4.7796216, TakeProfit=4.99336825, 5.0845605, 5.157514299999999

---

=== Token: ZEN (ZEN) ===
Contract: ZEN-USD
Timestamp: 2025-02-06T13:40:00.000Z

Calculations:
{
  "momentumScore": 39.57722383201684,
  "volumeScore": 38.6797157821499,
  "patternScore": 35.451192314290886,
  "totalScore": 33.906379458721766,
  "finalScore": 33.906379458721766,
  "weights": "0.27,0.41,0.23",
  "hourlyUptrend": false,
  "rsi": 50.18773466833543,
  "ultraShortVolumeSurge": 0.49114135980026763,
  "baseVolumeSurge": 0.013294158823703729,
  "currentPrice": 11.8,
  "resistance": 11.956,
  "support": 11.658,
  "rocMin5": 0.004340794961273313,
  "shortROC": -0.007819725889178505,
  "priceAcceleration": 0.0011062278335055757,
  "buySellRatio": 0.7132890516940007,
  "macdHistogram": 0.0036797157821499005,
  "stochasticK": 31.696428571428818,
  "atr": 0.07614285714285744,
  "bbUpper": 12.179731115776322,
  "bbLower": 11.636968884223682,
  "hammerDetected": false,
  "engulfingDetected": false,
  "compressionSpring": {
    "detected": true,
    "confidence": 44,
    "signals": {
      "sidewaysPrice": true,
      "atrCompression": false,
      "bbSqueeze": true,
      "consolidationTime": true,
      "strongBuying": true,
      "obvPositive": false,
      "chaikinPositive": false,
      "rsiNeutral": false,
      "volumeBuilding": false
    },
    "metrics": {
      "priceRange": 2.93,
      "atrRatio": 0.966,
      "bbWidth": 4.56,
      "volumeRatio": 0.22,
      "signalCount": 4,
      "buySellRatio": 0.713
    }
  },
  "riskTier": "LOW",
  "atrPercent": 0.9588377723970962,
  "distanceToResistance": 1.3220338983050746,
  "slPercent": 2.5,
  "tpPercent": 1.1237288135593133,
  "trailingActivation": 0.6742372881355879,
  "shortMomentumScore": 5,
  "overboughtScore": 0,
  "shortPatternScore": 0,
  "shootingStarDetected": false,
  "bearishEngulfingDetected": false,
  "eveningStarDetected": false,
  "bearishPatternsCount": 0,
  "shortTotalScore": 2,
  "chaikin": -0.33440338394320174,
  "obvIncreasing": false,
  "obvTrend": "declining",
  "adx": 22.711864406779682,
  "recentCandles": {
    "redCount": 3,
    "greenCount": 7
  },
  "resistanceDistance": 1.3220338983050746,
  "multiplePatterns": false,
  "bullishPattern": false,
  "priceAboveVWAP": false,
  "breakingResistance": false,
  "atrSufficient": false,
  "macdDivergenceBearish": false,
  "rvolMin1": -0.29405277523559514,
  "rvolMin5": -0.35256914293238983,
  "atrPercentileOld": 0.5,
  "vwapDeviation": -3.7140801124547216,
  "bbWidthPercent": 4.55782901537694,
  "bbSqueeze": false,
  "multiTFMomentum": {
    "min1": {
      "roc1": -0.008819823603527817,
      "roc3": -0.007819725889178505
    },
    "min5": {
      "roc1": -0.007819725889178505,
      "roc3": 0.0012728044123886779
    },
    "min15": {
      "roc1": 0.002804453131639437,
      "roc3": 0
    },
    "hourly": {
      "roc1": 0.007218683651804592,
      "roc3": -0.010347129506008057
    },
    "fourHour": {
      "roc1": -0.014540922309929432,
      "roc3": -0.01650219752881664
    },
    "divergenceShortUpLongDown": false
  },
  "returnZMin5": -1.4492905776737297,
  "wickClosePct": 0,
  "wickUpper": 0.06599999999999895,
  "wickLower": 0,
  "wickRatio": 1.1379310344827438,
  "donchianBreakout15": false,
  "bbWidthPercentile15": 0.6493506493506493,
  "signedMin5": -1462.684,
  "signedMin5Z": -4.515021730833868,
  "signedMin1": -1025.41,
  "signedMin1Z": -6.827712551064603,
  "streakMin1": {
    "upStreak": 0,
    "downStreak": 1
  },
  "streakMin5": {
    "upStreak": 0,
    "downStreak": 1
  },
  "rvolPercentileMin1": 0.5861111111111111,
  "rvolPercentileMin5": 0.4097222222222222,
  "perTfMetrics": {
    "min1": {
      "sma20": 11.786200000000003,
      "sma50": 11.791099999999998,
      "ema20": 11.814349554562256,
      "ema50": 11.825473462310043,
      "vwma20": 11.765217356474714,
      "hma21": 11.856813852813852,
      "atr14": 0.046857142857142896,
      "atrPercentile": 0.3892245720040282,
      "rvolZ": -0.29405277523559514,
      "rvolPercentile": 0.5861111111111111,
      "mfi14": 63.84461815995189,
      "ppo": {
        "ppo": 0.1525048717652776,
        "signal": 0.05311686595181197,
        "histogram": 0.09938800581346563
      },
      "stochRsi": {
        "k": 50.451068837027414,
        "d": 63.210120407105954
      },
      "vprofile": {
        "vpBins": [
          0.006490676630649402,
          0.0020303785197693797,
          0.034768006438728655,
          0.04426390889499834,
          0.014094062510577645,
          0.01219984175846494,
          0.029188123610802925,
          0.04012975476793122,
          0.10056323596887448,
          0.016728777017650093,
          0.009391418852086008,
          0.05553303562362021,
          0.16082935535614218,
          0.06335960976490368,
          0.14241479591261083,
          0.1265303498426047,
          0.06766688464445958,
          0.0044937352148060675,
          0.043698768950434584,
          0.025625279719885218
        ],
        "currentBinShare": 0.04426390889499834
      },
      "ttm": {
        "squeeze": false,
        "release": false,
        "widthPct": 2.2388944617472175
      }
    },
    "min5": {
      "sma20": 11.7956,
      "sma50": 11.917880000000002,
      "ema20": 11.809790426464579,
      "ema50": 11.898509714775615,
      "vwma20": 11.79792656662963,
      "hma21": 11.752515151515151,
      "atr14": 0.07614285714285744,
      "atrPercentile": 0.6788321167883211,
      "rvolZ": -0.35256914293238983,
      "rvolPercentile": 0.4097222222222222,
      "mfi14": 77.4488961284708,
      "ppo": {
        "ppo": -0.24479492784855936,
        "signal": -0.3823409480155655,
        "histogram": 0.13754602016700615
      },
      "stochRsi": {
        "k": 57.67775776138775,
        "d": 50.10707879406962
      },
      "vprofile": {
        "vpBins": [
          0.007257634160379643,
          0.003794802623258271,
          0.02512658643220671,
          0.007646645171211085,
          0.021713120047951805,
          0.04020532331953483,
          0.0234582908784869,
          0.03145504170749514,
          0.09743779762196454,
          0.14894618898575002,
          0.15185947709632305,
          0.25229007431538963,
          0.037918305094035196,
          0.03722034731255108,
          0.023023082418396713,
          0.012509027689535027,
          0.03611088569864522,
          0.038840106843878924,
          0,
          0.0031872625830063244
        ],
        "currentBinShare": 0.02512658643220671
      },
      "ttm": {
        "squeeze": false,
        "release": false,
        "widthPct": 1.768331668255834
      }
    },
    "min15": {
      "sma20": 11.908350000000002,
      "sma50": 12.06436,
      "ema20": 11.891940942532527,
      "ema50": 12.035158752083534,
      "vwma20": 11.859615842982954,
      "hma21": 11.679761904761902,
      "atr14": 0.11314285714285736,
      "atrPercentile": 0.5,
      "rvolZ": -0.5158091052839694,
      "rvolPercentile": 0.28125,
      "mfi14": 13.055576922512984,
      "ppo": {
        "ppo": -0.7735496293847104,
        "signal": -0.7363775975832485,
        "histogram": -0.03717203180146189
      },
      "stochRsi": {
        "k": 17.677675634514564,
        "d": 35.82871689768989
      },
      "vprofile": {
        "vpBins": [
          0,
          0.032566909807507496,
          0.04111363221597574,
          0.020686383776576465,
          0.019567002329457347,
          0.06403658200081994,
          0.16553918784780666,
          0.25951516515245815,
          0.13768321810277587,
          0.03887372227508034,
          0.05483149369407212,
          0.07714485622576973,
          0,
          0.004194477444717551,
          0.02602823838343565,
          0.012502478058212542,
          0.04571665268533441,
          0,
          0,
          0
        ],
        "currentBinShare": 0.032566909807507496
      },
      "ttm": {
        "squeeze": false,
        "release": false,
        "widthPct": 4.55782901537694
      }
    },
    "hourly": {
      "sma20": 12.089099999999998,
      "sma50": 12.4551,
      "ema20": 12.112839571254515,
      "ema50": 12.503006322522511,
      "vwma20": 12.114770014983941,
      "hma21": 11.978419913419913,
      "atr14": 0.21435714285714294,
      "atrPercentile": 0.027950310559006212,
      "rvolZ": -0.9697561355784512,
      "rvolPercentile": 0.008928571428571428,
      "mfi14": 40.24683885327734,
      "ppo": {
        "ppo": -1.4432926351627935,
        "signal": -1.3141029944588702,
        "histogram": -0.12918964070392325
      },
      "stochRsi": {
        "k": 54.41686594117691,
        "d": 40.59238389835948
      },
      "vprofile": {
        "vpBins": [
          0.0477393588343257,
          0.17172966533631362,
          0.11130113363119923,
          0.11548765055853111,
          0.07667807589947696,
          0.019326084711807634,
          0.01975763094504944,
          0.0188008568998327,
          0.0034057823440246542,
          0.011694248336931957,
          0.007843049699408394,
          0.020410366698166812,
          0.030759524284548135,
          0.0076460838916513375,
          0.0618765546527028,
          0.048097793891229215,
          0.036087405184804924,
          0.08670086071996645,
          0.07614880167539376,
          0.028509071804635047
        ],
        "currentBinShare": 0.0477393588343257
      },
      "ttm": {
        "squeeze": false,
        "release": false,
        "widthPct": 5.397325178917659
      }
    },
    "fourHour": {
      "sma20": 12.58465,
      "sma50": 15.806579999999995,
      "ema20": 12.992058495426349,
      "ema50": 15.110681296695054,
      "vwma20": 12.596151581299699,
      "hma21": 11.995125541125539,
      "atr14": 0.6031428571428569,
      "atrPercentile": 0.07142857142857142,
      "rvolZ": -0.794352521417715,
      "rvolPercentile": 0.19047619047619047,
      "mfi14": 26.721151967991887,
      "ppo": {
        "ppo": -7.735292645382804,
        "signal": -8.306348611586717,
        "histogram": 0.5710559662039127
      },
      "stochRsi": {
        "k": 33.29352207013749,
        "d": 32.374193042615225
      },
      "vprofile": {
        "vpBins": [
          0.018818331221468056,
          0.14608234025249198,
          0.08923555048006326,
          0.07809598236280484,
          0.017273138606811102,
          0,
          0.00698272861372455,
          0,
          0.015688056622423098,
          0.034945548680151844,
          0.11684995670241048,
          0.08944851581787916,
          0.06390287387203832,
          0.10091224640756859,
          0.1059216627878653,
          0.022376663066172947,
          0.01419923988525828,
          0.02858395268861607,
          0.035451305169291715,
          0.01523190676296025
        ],
        "currentBinShare": 0.018818331221468056
      },
      "ttm": {
        "squeeze": false,
        "release": false,
        "widthPct": 17.357590453002743
      }
    },
    "daily": {
      "sma20": 18.499850000000002,
      "sma50": 24.34324,
      "ema20": 17.788600916510468,
      "ema50": 20.173347931229923,
      "vwma20": 0,
      "hma21": 12.554705627705623,
      "atr14": 2.448571428571429,
      "atrPercentile": 0.3684210526315789,
      "rvolZ": 0,
      "rvolPercentile": 1,
      "mfi14": 50,
      "ppo": {
        "ppo": -16.908877406965274,
        "signal": -11.86871734195858,
        "histogram": -5.040160065006694
      },
      "stochRsi": {
        "k": 9.271764227422427,
        "d": 17.157599884251184
      },
      "vprofile": {
        "vpBins": [
          0,
          0,
          0,
          0,
          0,
          0,
          0,
          0,
          0,
          0,
          0,
          0,
          0,
          0,
          0,
          0,
          0,
          0,
          0,
          0
        ],
        "currentBinShare": 0
      },
      "ttm": {
        "squeeze": false,
        "release": false,
        "widthPct": 84.00505160210277
      }
    }
  },
  "smaMin5": 11.7956,
  "emaMin5": 11.809790426464579,
  "vwmaMin5": 11.79792656662963,
  "hmaMin5": 11.752515151515151,
  "keltner15": {
    "upper": 12.048240942532527,
    "middle": 11.891940942532527,
    "lower": 11.735640942532527
  },
  "superTrend15": {
    "isBull": false,
    "finalUpper": 12.190600000000002,
    "finalLower": 11.565399999999999
  },
  "mfi15": 13.055576922512984,
  "stochRsi15": {
    "k": 17.677675634514564,
    "d": 35.82871689768989
  },
  "ppo15": {
    "ppo": -0.7735496293847104,
    "signal": -0.7363775975832485,
    "histogram": -0.03717203180146189
  },
  "vpMin15": {
    "vpBins": [
      0,
      0.032566909807507496,
      0.04111363221597574,
      0.020686383776576465,
      0.019567002329457347,
      0.06403658200081994,
      0.16553918784780666,
      0.25951516515245815,
      0.13768321810277587,
      0.03887372227508034,
      0.05483149369407212,
      0.07714485622576973,
      0,
      0.004194477444717551,
      0.02602823838343565,
      0.012502478058212542,
      0.04571665268533441,
      0,
      0,
      0
    ],
    "currentBinShare": 0.032566909807507496
  },
  "ttm15": {
    "squeeze": false,
    "release": false,
    "widthPct": 4.55782901537694
  },
  "marketCorrelation": {
    "hourly": {
      "btcCorrelation": 0,
      "ethCorrelation": 0,
      "btcBeta": 1,
      "ethBeta": 1,
      "btcTrend": "UNKNOWN",
      "ethTrend": "UNKNOWN",
      "tokenVol": 0,
      "btcVol": 0,
      "ethVol": 0,
      "marketDependence": 0,
      "verdict": "INSUFFICIENT_DATA"
    },
    "min15": {
      "btcCorrelation": 0,
      "ethCorrelation": 0,
      "btcBeta": 1,
      "ethBeta": 1,
      "btcTrend": "UNKNOWN",
      "ethTrend": "UNKNOWN",
      "tokenVol": 0,
      "btcVol": 0,
      "ethVol": 0,
      "marketDependence": 0,
      "verdict": "INSUFFICIENT_DATA"
    },
    "daily": {
      "btcCorrelation": 0,
      "ethCorrelation": 0,
      "btcBeta": 1,
      "ethBeta": 1,
      "btcTrend": "UNKNOWN",
      "ethTrend": "UNKNOWN",
      "tokenVol": 0,
      "btcVol": 0,
      "ethVol": 0,
      "marketDependence": 0,
      "verdict": "INSUFFICIENT_DATA"
    }
  },
  "tradeTape": {
    "totalTrades": 0,
    "totalVolume": 0,
    "buysVolume": 0,
    "sellsVolume": 0,
    "buySellRatio": 0.5,
    "vwap": 0,
    "signedVolume": 0,
    "avgTradeSize": 0,
    "tradesPerSec": 0,
    "cumulativeDelta": 0,
    "tradesLast1m": 0,
    "tradesLast5m": 0,
    "tradesLast15m": 0,
    "tradesLast1h": 0,
    "buyVWAP": 0,
    "sellVWAP": 0,
    "aggressorVWAP": 0,
    "bucketDurationMs": 60000,
    "bucketCount": 15,
    "bucketSignedVolumes": [],
    "bucketVolumes": [],
    "bucketVWAPs": [],
    "latestBucketSignedZ": 0
  },
  "enhancedMetrics": {
    "relativeVolumeZScore": -1,
    "volumePercentile": 40,
    "atrPercentile": 67.15328467153284,
    "volatilityPercentile": 32.91139240506329,
    "relativeVolatilityRatio": 0.8375367715332716,
    "isHighVolume": false,
    "isHighVolatility": false,
    "isLowVolatility": false,
    "isExpandingVolatility": false,
    "isContractingVolatility": false
  },
  "orderBook": {
    "bidAskSpread": 0,
    "spreadPct": 0,
    "midPrice": 0,
    "bestBid": 0,
    "bestAsk": 0,
    "bidDepth": 0,
    "askDepth": 0,
    "orderBookImbalance": 0,
    "liquidityScore": 0,
    "depthAt1Pct": {
      "bidVolume": 0,
      "askVolume": 0,
      "imbalance": 0
    },
    "depthAt2Pct": {
      "bidVolume": 0,
      "askVolume": 0,
      "imbalance": 0
    },
    "depthAt5Pct": {
      "bidVolume": 0,
      "askVolume": 0,
      "imbalance": 0
    },
    "weightedMidPrice": 0,
    "volumeWeightedSpread": 0,
    "totalBidLevels": 0,
    "totalAskLevels": 0
  },
  "marketCap": {
    "marketCap": 0,
    "totalVolume24h": 0,
    "volumeToMarketCapRatio": 0,
    "marketCapRank": 0,
    "normalizedRank": 0,
    "isHighLiquidity": false,
    "isVeryHighLiquidity": false,
    "isLowLiquidity": true,
    "liquidityTier": "VERY_LOW"
  },
  "sweeps": {
    "sweepScore": 0,
    "sweepCount": 0,
    "sweepDirection": "NEUTRAL",
    "buySweeps": 0,
    "sellSweeps": 0,
    "avgSweepSize": 0,
    "avgSweepIntensity": 0,
    "bidLiftRatio": 0,
    "askLiftRatio": 0,
    "sweepFrequency": 0,
    "largestSweep": null,
    "recentSweepClusters": 0,
    "sweepDetails": []
  },
  "absorption": {
    "absorptionScore": 0,
    "absorptionLevel": null,
    "absorptionSide": "NONE",
    "icebergProbability": 0,
    "hiddenLiquidityEstimate": 0,
    "volumeAtPrice": {},
    "topAbsorptionLevels": [],
    "persistenceDuration": 0,
    "refillDetected": false
  },
  "orderArrival": {
    "avgInterArrivalTime": 0,
    "recentInterArrivalTime": 0,
    "accelerationRatio": 1,
    "hawkesIntensity": 0,
    "hawkesDirection": "NEUTRAL",
    "clusteringScore": 0,
    "burstCount": 0,
    "cascadeDetected": false,
    "timeToNextTrade": 0,
    "accelerationTrend": "STABLE"
  },
  "liquidityVacuum": {
    "vacuumScore": 0,
    "vacuumSide": "NONE",
    "bidVacuumSeverity": 0,
    "askVacuumSeverity": 0,
    "depthConcentration": 0,
    "priceImpact10k": 0,
    "priceImpact50k": 0,
    "priceImpact100k": 0,
    "largestGapBid": 0,
    "largestGapAsk": 0,
    "avgGapBid": 0,
    "avgGapAsk": 0,
    "bidCliffDistance": 0,
    "askCliffDistance": 0
  },
  "volatilityRegime": {
    "regime": "BELOW_NORMAL",
    "regimeScore": -0.5,
    "currentATR": 2.520846,
    "avgATR": 3.133713,
    "atrPercentile": 42.1,
    "realizedVolatility": 145.09,
    "volPercentile": 28.8,
    "expanding": false,
    "contracting": true,
    "transitionProbability": 0.7,
    "daysInRegime": 1,
    "regimeStrength": 0.45
  },
  "temporalPatterns": {
    "currentHour": 6,
    "currentDay": 0,
    "currentDayName": "Sunday",
    "dayBias": "NEUTRAL",
    "hourlyProfile": [
      {
        "avgVolume": 3147.94,
        "avgATR": 0.445429,
        "avgReturn": -0.856
      },
      {
        "avgVolume": 2974.2,
        "avgATR": 0.4005,
        "avgReturn": -0.49
      },
      {
        "avgVolume": 2096.52,
        "avgATR": 0.434714,
        "avgReturn": 0.551
      },
      {
        "avgVolume": 2709.16,
        "avgATR": 0.540143,
        "avgReturn": -1.251
      },
      {
        "avgVolume": 1699.82,
        "avgATR": 0.694071,
        "avgReturn": 0.633
      },
      {
        "avgVolume": 2433.27,
        "avgATR": 0.506714,
        "avgReturn": 1.119
      },
      {
        "avgVolume": 2690.39,
        "avgATR": 0.408,
        "avgReturn": -1.111
      },
      {
        "avgVolume": 2440.98,
        "avgATR": 0.326,
        "avgReturn": -0.458
      },
      {
        "avgVolume": 2755.19,
        "avgATR": 0.319429,
        "avgReturn": -0.45
      },
      {
        "avgVolume": 1801.93,
        "avgATR": 0.292214,
        "avgReturn": -0.044
      },
      {
        "avgVolume": 1656.03,
        "avgATR": 0.350286,
        "avgReturn": 0.579
      },
      {
        "avgVolume": 1795.4,
        "avgATR": 0.351857,
        "avgReturn": 0.207
      },
      {
        "avgVolume": 2386.31,
        "avgATR": 0.3775,
        "avgReturn": -0.229
      },
      {
        "avgVolume": 2185.47,
        "avgATR": 0.353071,
        "avgReturn": 0.23
      },
      {
        "avgVolume": 2342.23,
        "avgATR": 0.414692,
        "avgReturn": 0.732
      },
      {
        "avgVolume": 2656.35,
        "avgATR": 0.417714,
        "avgReturn": 0.233
      },
      {
        "avgVolume": 3330.21,
        "avgATR": 0.429429,
        "avgReturn": -0.782
      },
      {
        "avgVolume": 3473.02,
        "avgATR": 0.428429,
        "avgReturn": -0.389
      },
      {
        "avgVolume": 3677.87,
        "avgATR": 0.448357,
        "avgReturn": -0.916
      },
      {
        "avgVolume": 3164.82,
        "avgATR": 0.445857,
        "avgReturn": 0.345
      },
      {
        "avgVolume": 2499.4,
        "avgATR": 0.461214,
        "avgReturn": -0.536
      },
      {
        "avgVolume": 2444.21,
        "avgATR": 0.362357,
        "avgReturn": -0.7
      },
      {
        "avgVolume": 2227.38,
        "avgATR": 0.435571,
        "avgReturn": -0.298
      },
      {
        "avgVolume": 2146.24,
        "avgATR": 0.342143,
        "avgReturn": -0.165
      }
    ],
    "dailyProfile": [
      {
        "avgVolume": 2057.45,
        "avgATR": 0.391208,
        "avgReturn": -0.518
      },
      {
        "avgVolume": 4724.04,
        "avgATR": 0.750375,
        "avgReturn": 0.088
      },
      {
        "avgVolume": 2170.66,
        "avgATR": 0.367896,
        "avgReturn": -0.34
      },
      {
        "avgVolume": 2205.56,
        "avgATR": 0.333958,
        "avgReturn": 0.004
      },
      {
        "avgVolume": 2461.15,
        "avgATR": 0.366809,
        "avgReturn": 0.123
      },
      {
        "avgVolume": 2038.82,
        "avgATR": 0.401833,
        "avgReturn": -0.249
      },
      {
        "avgVolume": 2058.98,
        "avgATR": 0.299417,
        "avgReturn": -0.3
      }
    ],
    "favorableHours": [
      18,
      17,
      16,
      19,
      0,
      1
    ],
    "favorableWindow": false,
    "currentVsAvgVolume": 0,
    "currentVsAvgVolatility": 0,
    "anomalyDetected": true,
    "timeUntilFavorable": 10,
    "temporalScore": 0
  },
  "unifiedMicrostructure": {
    "signalDirections": {
      "vpin": "NEUTRAL",
      "sweeps": "NEUTRAL",
      "absorption": "NEUTRAL",
      "arrival": "NEUTRAL",
      "vacuum": "NONE",
      "volRegime": "FAVORABLE",
      "temporal": "UNFAVORABLE"
    },
    "consensusDirection": "NEUTRAL",
    "consensusStrength": 50,
    "bullishSignals": 1,
    "bearishSignals": 1,
    "neutralSignals": 0,
    "totalAvailableSignals": 2,
    "dominantPattern": "NONE",
    "clusters": {
      "strongBuyCluster": false,
      "distributionPattern": false,
      "accumulationPattern": false,
      "momentumCascade": false
    },
    "adaptiveWeights": {
      "vpin": 0,
      "sweeps": 0,
      "absorption": 0,
      "arrival": 0,
      "vacuum": 0,
      "volRegime": 0.021,
      "temporal": 0.02
    },
    "convictionLevel": "LOW",
    "convictionScore": 30,
    "riskAdjustment": "REDUCE",
    "timingQuality": "UNFAVORABLE",
    "signalQuality": "LOW"
  },
  "deltaAnalysis": {
    "currentDelta": 0,
    "cumulativeDelta": 0,
    "deltaPerVolume": 0,
    "deltaDirection": "NEUTRAL",
    "deltaDivergence": false,
    "institutionalRatio": 0,
    "aggressionScore": 0
  },
  "volumeProfile": {
    "pointOfControl": 0,
    "valueAreaHigh": 0,
    "valueAreaLow": 0,
    "currentPosition": "ABOVE_VALUE_AREA",
    "volumeNodes": [],
    "airPockets": []
  },
  "momentumCascade": {
    "cascadeDetected": false,
    "alignmentScore": -0.0010953849849786534,
    "cascadeStrength": 0,
    "acceleratingTimeframes": [
      "5m",
      "15m"
    ],
    "divergingTimeframes": [
      "1m",
      "1h"
    ]
  },
  "breakoutConfirmation": {
    "breakoutConfirmed": false,
    "volumeConfirmation": false,
    "retestStrength": 0,
    "falseBreakoutRisk": 0,
    "breakoutQuality": "NO_BREAKOUT"
  },
  "liquidityHeatmap": {
    "liquidityScore": 0,
    "magnetDirection": "NONE",
    "magnetStrength": 0,
    "priceTarget5pct": null,
    "message": "No order book data"
  },
  "smartMoneyDivergence": {
    "divergenceDetected": false,
    "divergenceDirection": "NONE",
    "smartMoneyScore": 0.5,
    "message": "Insufficient trade data"
  },
  "microstructure": {
    "raw": -0.04212741384089439,
    "pct": 49,
    "summary": {
      "latestBucketSignedZ": 0,
      "buySellRatio": 0.5,
      "tradesPerSec": 0,
      "vwap": 0,
      "aggressorVWAP": 0,
      "vpinToxicity": "UNKNOWN",
      "sweepDirection": "NEUTRAL",
      "absorptionSide": "NONE",
      "icebergDetected": false,
      "hawkesDirection": "NEUTRAL",
      "cascadeDetected": false,
      "vacuumSide": "NONE",
      "volatilityRegime": "BELOW_NORMAL",
      "volExpanding": false,
      "favorableTimeWindow": false,
      "temporalAnomaly": true,
      "consensusDirection": "NEUTRAL",
      "consensusStrength": 50,
      "dominantPattern": "NONE",
      "convictionLevel": "LOW",
      "riskAdjustment": "REDUCE",
      "timingQuality": "UNFAVORABLE",
      "deltaDirection": "NEUTRAL",
      "deltaDivergence": false,
      "institutionalRatio": 0,
      "volumeProfilePosition": "ABOVE_VALUE_AREA",
      "pointOfControl": 0,
      "momentumCascadeDetected": false,
      "cascadeStrength": 0,
      "breakoutQuality": "NO_BREAKOUT",
      "breakoutConfirmed": false,
      "magnetDirection": "NONE",
      "magnetStrength": 0,
      "priceTarget5pct": null,
      "nearestBidWall": 0,
      "nearestAskWall": 0,
      "divergenceDetected": false,
      "divergenceDirection": "NONE",
      "whaleAccumulation": false,
      "whaleDistribution": false,
      "retailPanic": false,
      "smartMoneyScore": 0.5
    }
  }
}

=== MICROSTRUCTURE ALERTS ===

🔬 VPIN: Insufficient data for VPIN analysis

🌊 SWEEP DETECTION: No significant sweeps detected

🧊 ABSORPTION & ICEBERG: No significant absorption or iceberg orders detected

⚡ ORDER ARRIVAL DYNAMICS: Insufficient trades for analysis

🌪️ LIQUIDITY VACUUM: No significant vacuum detected

📊 VOLATILITY REGIME DETECTION:
   Current Regime: BELOW_NORMAL
   Regime Score: -0.50 (-1=low vol, +1=extreme vol)
   Days in Regime: 1
   ATR: $2.520846 (avg: $3.133713)
   ATR Percentile: 42.1%
   Realized Volatility: 145.09% (annualized)
   Vol Percentile: 28.8%

   🟢 BELOW NORMAL VOLATILITY:
   ⚡ Consolidation phase - watch for expansion
   ✅ Good entry zone for patient trades

   📉 VOLATILITY CONTRACTING:
   🔄 Consolidation phase - accumulation likely
   ⏳ Wait for expansion before entering

   ⚠️ HIGH REGIME TRANSITION PROBABILITY: 70%
   Market near regime boundary - expect volatility shift soon

   ⚠️ NEW REGIME: Only 1 day(s) - conditions still settling

⏰ TEMPORAL PATTERN ANALYSIS:
   Current Time: Sunday 6:00 UTC
   Day Bias: NEUTRAL
   Current vs Avg Volume: 0x
   Current vs Avg Volatility: 0x

   ⏳ NON-FAVORABLE TIME WINDOW:
   This hour typically shows weaker activity
   Next favorable window in 10 hour(s)

   ⚠️ LOW ACTIVITY ANOMALY:
   Volume 0x below typical - Extremely quiet

   📉 LOW VOLATILITY ANOMALY:
   Volatility 0x below typical - Consolidation likely

   🔥 Best Trading Hours (UTC): 18:00, 17:00, 16:00

🎯 UNIFIED MICROSTRUCTURE INTEGRATION:
   Signal Consensus: NEUTRAL (50% agreement)
   Available Signals: 2 (1 bullish / 1 bearish / 0 neutral)
   Conviction Level: LOW (30%)
   Signal Quality: LOW
   Risk Adjustment: REDUCE
   Timing Quality: UNFAVORABLE

   ⚠️ LOW CONVICTION: Only 50% signal agreement
   Weak alignment - Reduce position size or wait for clarity

   ⚠️ RISK REDUCTION RECOMMENDED: Extreme volatility or unfavorable timing detected

   ⏰ UNFAVORABLE TIMING: Avoid trading during this hour

   Signal Directions Breakdown:
   • VPIN: NEUTRAL
   • Sweeps: NEUTRAL
   • Absorption: NEUTRAL
   • Arrival Dynamics: NEUTRAL
   • Liquidity Vacuum: NONE
   • Vol Regime: FAVORABLE
   • Temporal: UNFAVORABLE

   Adaptive Weights (Total: 4.1%):
   • VPIN: 0.0%
   • Sweeps: 0.0%
   • Absorption: 0.0%
   • Arrival: 0.0%
   • Vacuum: 0.0%
   • Vol Regime: 2.1%
   • Temporal: 2.0%


💹 DELTA ANALYSIS (Order Flow Aggression):
   Direction: NEUTRAL
   Delta Per Volume: 0.00%
   Institutional Ratio: 0.0%
   Aggression Score: 0.0%

📊 VOLUME PROFILE (Support/Resistance Strength):
   Point of Control (POC): $0.000000
   Value Area High: $0.000000
   Value Area Low: $0.000000
   Current Position: ABOVE_VALUE_AREA
   ⚠️ DISTRIBUTION RISK: Price above value area - potential rejection zone

⚡ MOMENTUM CASCADE (Multi-Timeframe Alignment):
   Cascade Detected: NO
   Alignment Score: -0.1%
   Cascade Strength: 0.0%
   Accelerating: 5m, 15m
   Diverging: 1m, 1h

💥 BREAKOUT CONFIRMATION:
   Quality: NO_BREAKOUT
   Volume Confirmation: NO
   Retest Strength: 0.0%
   False Breakout Risk: 0.0%
   No breakout detected - price below resistance


levels:
Entry=11.7764, StopLoss=11.48199, TakeProfit=11.8425674, 11.9087348, 11.961668719999999

---

=== Token: FIS (FIS) ===
Contract: FIS-USD
Timestamp: 2025-02-06T13:40:00.000Z

Calculations:
{
  "momentumScore": 3.408516004283456,
  "volumeScore": 0,
  "patternScore": 0,
  "totalScore": 0.4628183461822937,
  "finalScore": 24,
  "weights": "0.23,0.45,0.23",
  "hourlyUptrend": false,
  "rsi": 20.647773279352293,
  "ultraShortVolumeSurge": 0.09501226597389903,
  "baseVolumeSurge": 0.07204198846676475,
  "currentPrice": 0.2466,
  "resistance": 0.2572,
  "support": 0.2459,
  "rocMin5": -0.009240658899156273,
  "shortROC": -0.0024271844660193748,
  "priceAcceleration": -0.0023055446754883047,
  "buySellRatio": 0.16372805773796617,
  "macdHistogram": -0.0011748782605695252,
  "stochasticK": 4.294478527607405,
  "atr": 0.002021428571428573,
  "bbUpper": 0.26256132438250185,
  "bbLower": 0.243928675617498,
  "hammerDetected": false,
  "engulfingDetected": false,
  "compressionSpring": {
    "detected": false,
    "confidence": 0,
    "signals": {
      "sidewaysPrice": true,
      "atrCompression": false,
      "bbSqueeze": false,
      "consolidationTime": true,
      "strongBuying": false,
      "obvPositive": false,
      "chaikinPositive": false,
      "rsiNeutral": false,
      "volumeBuilding": false
    },
    "metrics": {
      "priceRange": 6.63,
      "atrRatio": 0.969,
      "bbWidth": 7.36,
      "volumeRatio": 0.118,
      "signalCount": 2,
      "buySellRatio": 0.164
    }
  },
  "riskTier": "LOW",
  "atrPercent": 0.9239949020970922,
  "distanceToResistance": 4.298459042984578,
  "slPercent": 2.5,
  "tpPercent": 0.19870235198702527,
  "trailingActivation": 0.11922141119221516,
  "shortMomentumScore": 60,
  "overboughtScore": 0,
  "shortPatternScore": 0,
  "shootingStarDetected": false,
  "bearishEngulfingDetected": false,
  "eveningStarDetected": false,
  "bearishPatternsCount": 0,
  "shortTotalScore": 24,
  "chaikin": -0.2264226549602362,
  "obvIncreasing": false,
  "obvTrend": "declining",
  "adx": 29.186602870813054,
  "recentCandles": {
    "redCount": 5,
    "greenCount": 5
  },
  "resistanceDistance": 4.298459042984578,
  "multiplePatterns": false,
  "bullishPattern": false,
  "priceAboveVWAP": false,
  "breakingResistance": false,
  "atrSufficient": false,
  "macdDivergenceBearish": false,
  "rvolMin1": -0.4011987846573172,
  "rvolMin5": -0.3227120181959157,
  "atrPercentileOld": 0.6829268292682927,
  "vwapDeviation": -4.896605817814058,
  "bbWidthPercent": 7.357558397995555,
  "bbSqueeze": false,
  "multiTFMomentum": {
    "min1": {
      "roc1": 0.003253355022366796,
      "roc3": 0
    },
    "min5": {
      "roc1": -0.0024271844660193748,
      "roc3": -0.00040535062829342923
    },
    "min15": {
      "roc1": 0.002846685644570989,
      "roc3": -0.009240658899156273
    },
    "hourly": {
      "roc1": -0.004440855874041138,
      "roc3": -0.01122694466720127
    },
    "fourHour": {
      "roc1": -0.03596559812353406,
      "roc3": -0.04084014002333715
    },
    "divergenceShortUpLongDown": true
  },
  "returnZMin5": -0.19597946177573664,
  "wickClosePct": 0,
  "wickUpper": 0,
  "wickLower": 0,
  "wickRatio": 0,
  "donchianBreakout15": false,
  "bbWidthPercentile15": 0.9090909090909091,
  "signedMin5": -23346.399999999994,
  "signedMin5Z": -1.1986216786099306,
  "signedMin1": 99539.49999999993,
  "signedMin1Z": 8.300432353362279,
  "streakMin1": {
    "upStreak": 0,
    "downStreak": 1
  },
  "streakMin5": {
    "upStreak": 0,
    "downStreak": 1
  },
  "rvolPercentileMin1": 0.14963797264682221,
  "rvolPercentileMin5": 0.2638888888888889,
  "perTfMetrics": {
    "min1": {
      "sma20": 0.2513049999999999,
      "sma50": 0.25517800000000007,
      "ema20": 0.25014826223892794,
      "ema50": 0.25341768888398253,
      "vwma20": 0.2547409406831629,
      "hma21": 0.24326277056277062,
      "atr14": 0.0012785714285714325,
      "atrPercentile": 0.4971521562245728,
      "rvolZ": -0.4011987846573172,
      "rvolPercentile": 0.14963797264682221,
      "mfi14": 11.887148614866575,
      "ppo": {
        "ppo": -1.141440534927385,
        "signal": -0.9948053314075208,
        "histogram": -0.14663520351986425
      },
      "stochRsi": {
        "k": 39.843197737934425,
        "d": 14.410893687209466
      },
      "vprofile": {
        "vpBins": [
          0.006685245752467371,
          0.015535939818966218,
          0.01518189477879312,
          0.03598488447966753,
          0.056816957994334116,
          0.11449995133500465,
          0.07961218893997275,
          0.10704801593677815,
          0.09950148615408892,
          0.13841706880078508,
          0.02762026444961618,
          0.05856573028304598,
          0,
          0,
          0,
          0.06432605316521162,
          0.02467459243786286,
          0.15552972567340548,
          0,
          0
        ],
        "currentBinShare": 0.015535939818966218
      },
      "ttm": {
        "squeeze": false,
        "release": false,
        "widthPct": 7.8684108230428595
      }
    },
    "min5": {
      "sma20": 0.252345,
      "sma50": 0.25460600000000005,
      "ema20": 0.25097900436578896,
      "ema50": 0.2535095532818355,
      "vwma20": 0.2546704125057663,
      "hma21": 0.2440194805194805,
      "atr14": 0.002021428571428573,
      "atrPercentile": 0.6277372262773723,
      "rvolZ": -0.3227120181959157,
      "rvolPercentile": 0.2638888888888889,
      "mfi14": 5.3903677389005225,
      "ppo": {
        "ppo": -1.0932047700987626,
        "signal": -0.8367909967800224,
        "histogram": -0.25641377331874016
      },
      "stochRsi": {
        "k": 0,
        "d": 25.750855303773474
      },
      "vprofile": {
        "vpBins": [
          0,
          0.08300077243011532,
          0.04480210601822024,
          0.029533726866223943,
          0.04253930419318152,
          0.1067150831076416,
          0.02476065890849902,
          0.1492584976534629,
          0.06255092489784983,
          0.15514167700490622,
          0.08733097623931611,
          0.02178992788649778,
          0,
          0,
          0,
          0.02643452097581458,
          0.16614182381827097,
          0,
          0,
          0
        ],
        "currentBinShare": 0.029533726866223943
      },
      "ttm": {
        "squeeze": false,
        "release": false,
        "widthPct": 7.625038449435956
      }
    },
    "min15": {
      "sma20": 0.25324499999999994,
      "sma50": 0.253746,
      "ema20": 0.2515136583731953,
      "ema50": 0.2535951225745758,
      "vwma20": 0.25558864248321334,
      "hma21": 0.24622121212121217,
      "atr14": 0.0022785714285714293,
      "atrPercentile": 0.6829268292682927,
      "rvolZ": -0.2954205169619071,
      "rvolPercentile": 0.15625,
      "mfi14": 28.04553464951111,
      "ppo": {
        "ppo": -0.957077359517749,
        "signal": -0.5763587337052186,
        "histogram": -0.38071862581253035
      },
      "stochRsi": {
        "k": 13.591525451057093,
        "d": 25.479190890291942
      },
      "vprofile": {
        "vpBins": [
          0.017293887203947266,
          0.012358459793690163,
          0.021041372192396126,
          0.17998217562912866,
          0.0045802261951249645,
          0.05200190657056443,
          0.08878759131849345,
          0.17677250266999145,
          0.133810653972548,
          0.01634613558277153,
          0.010727375813803373,
          0,
          0,
          0,
          0,
          0.2862977130575407,
          0,
          0,
          0,
          0
        ],
        "currentBinShare": 0.012358459793690163
      },
      "ttm": {
        "squeeze": false,
        "release": false,
        "widthPct": 7.357558397995555
      }
    },
    "hourly": {
      "sma20": 0.2541,
      "sma50": 0.25368,
      "ema20": 0.25308874385994934,
      "ema50": 0.2541375886105859,
      "vwma20": 0.2532269337925405,
      "hma21": 0.253465367965368,
      "atr14": 0.0033928571428571497,
      "atrPercentile": 0.13975155279503104,
      "rvolZ": -0.5142231241854852,
      "rvolPercentile": 0.0744047619047619,
      "mfi14": 63.93179171796765,
      "ppo": {
        "ppo": -0.531354513337541,
        "signal": -0.04068757193000491,
        "histogram": -0.4906669414075361
      },
      "stochRsi": {
        "k": 0,
        "d": 39.96407463867127
      },
      "vprofile": {
        "vpBins": [
          0.004128898579006733,
          0.030850798872082003,
          0.006634188915042373,
          0.008993823231233733,
          0.012016066735506934,
          0.07205113629305114,
          0.06447141762207045,
          0.029162380381749006,
          0.010338327270730863,
          0,
          0.010971787135606422,
          0.03716101582197859,
          0.040203462275979845,
          0.056795621694647656,
          0.0772944132717435,
          0.12078762694351894,
          0.21412043044015125,
          0.16647897590341867,
          0.03753962861248192,
          0
        ],
        "currentBinShare": 0.012016066735506934
      },
      "ttm": {
        "squeeze": false,
        "release": false,
        "widthPct": 6.633273349733821
      }
    },
    "fourHour": {
      "sma20": 0.250725,
      "sma50": 0.278274,
      "ema20": 0.25646321149256723,
      "ema50": 0.2723182342812629,
      "vwma20": 0.2537864284977327,
      "hma21": 0.25849220779220783,
      "atr14": 0.010992857142857141,
      "atrPercentile": 0.4142857142857143,
      "rvolZ": -0.6346449255962453,
      "rvolPercentile": 0.14285714285714285,
      "mfi14": 78.4648921784309,
      "ppo": {
        "ppo": -2.4162158697931453,
        "signal": -3.153618500252382,
        "histogram": 0.7374026304592367
      },
      "stochRsi": {
        "k": 67.53310463576534,
        "d": 50.71712018140591
      },
      "vprofile": {
        "vpBins": [
          0,
          0.02848345358429366,
          0.016927213129242266,
          0.007620328619830608,
          0.016763127662642638,
          0.005358090388204597,
          0.10251259351806521,
          0.01949272453303465,
          0,
          0.020851284695882977,
          0.015199170192666067,
          0.02730818704961218,
          0.06927795552422576,
          0.04522198779187161,
          0.0733605151719302,
          0.13199155180238303,
          0.21070536223817074,
          0.19343091755644964,
          0.007312380201425836,
          0.008183156340068226
        ],
        "currentBinShare": 0.016763127662642638
      },
      "ttm": {
        "squeeze": false,
        "release": false,
        "widthPct": 13.346218826592635
      }
    },
    "daily": {
      "sma20": 0.30239000000000005,
      "sma50": 0.38900000000000007,
      "ema20": 0.3039709335297308,
      "ema50": 0.3548909096900754,
      "vwma20": 0,
      "hma21": 0.2488259740259739,
      "atr14": 0.034328571428571424,
      "atrPercentile": 0.3684210526315789,
      "rvolZ": 0,
      "rvolPercentile": 1,
      "mfi14": 50,
      "ppo": {
        "ppo": -12.499667607223616,
        "signal": -10.781717692955203,
        "histogram": -1.717949914268413
      },
      "stochRsi": {
        "k": 31.65418581925421,
        "d": 29.038111161450512
      },
      "vprofile": {
        "vpBins": [
          0,
          0,
          0,
          0,
          0,
          0,
          0,
          0,
          0,
          0,
          0,
          0,
          0,
          0,
          0,
          0,
          0,
          0,
          0,
          0
        ],
        "currentBinShare": 0
      },
      "ttm": {
        "squeeze": false,
        "release": false,
        "widthPct": 48.314370435978816
      }
    }
  },
  "smaMin5": 0.252345,
  "emaMin5": 0.25097900436578896,
  "vwmaMin5": 0.2546704125057663,
  "hmaMin5": 0.2440194805194805,
  "keltner15": {
    "upper": 0.2546336583731953,
    "middle": 0.2515136583731953,
    "lower": 0.24839365837319527
  },
  "superTrend15": {
    "isBull": false,
    "finalUpper": 0.25314000000000003,
    "finalLower": 0.24066
  },
  "mfi15": 28.04553464951111,
  "stochRsi15": {
    "k": 13.591525451057093,
    "d": 25.479190890291942
  },
  "ppo15": {
    "ppo": -0.957077359517749,
    "signal": -0.5763587337052186,
    "histogram": -0.38071862581253035
  },
  "vpMin15": {
    "vpBins": [
      0.017293887203947266,
      0.012358459793690163,
      0.021041372192396126,
      0.17998217562912866,
      0.0045802261951249645,
      0.05200190657056443,
      0.08878759131849345,
      0.17677250266999145,
      0.133810653972548,
      0.01634613558277153,
      0.010727375813803373,
      0,
      0,
      0,
      0,
      0.2862977130575407,
      0,
      0,
      0,
      0
    ],
    "currentBinShare": 0.012358459793690163
  },
  "ttm15": {
    "squeeze": false,
    "release": false,
    "widthPct": 7.357558397995555
  },
  "marketCorrelation": {
    "hourly": {
      "btcCorrelation": 0,
      "ethCorrelation": 0,
      "btcBeta": 1,
      "ethBeta": 1,
      "btcTrend": "UNKNOWN",
      "ethTrend": "UNKNOWN",
      "tokenVol": 0,
      "btcVol": 0,
      "ethVol": 0,
      "marketDependence": 0,
      "verdict": "INSUFFICIENT_DATA"
    },
    "min15": {
      "btcCorrelation": 0,
      "ethCorrelation": 0,
      "btcBeta": 1,
      "ethBeta": 1,
      "btcTrend": "UNKNOWN",
      "ethTrend": "UNKNOWN",
      "tokenVol": 0,
      "btcVol": 0,
      "ethVol": 0,
      "marketDependence": 0,
      "verdict": "INSUFFICIENT_DATA"
    },
    "daily": {
      "btcCorrelation": 0,
      "ethCorrelation": 0,
      "btcBeta": 1,
      "ethBeta": 1,
      "btcTrend": "UNKNOWN",
      "ethTrend": "UNKNOWN",
      "tokenVol": 0,
      "btcVol": 0,
      "ethVol": 0,
      "marketDependence": 0,
      "verdict": "INSUFFICIENT_DATA"
    }
  },
  "tradeTape": {
    "totalTrades": 0,
    "totalVolume": 0,
    "buysVolume": 0,
    "sellsVolume": 0,
    "buySellRatio": 0.5,
    "vwap": 0,
    "signedVolume": 0,
    "avgTradeSize": 0,
    "tradesPerSec": 0,
    "cumulativeDelta": 0,
    "tradesLast1m": 0,
    "tradesLast5m": 0,
    "tradesLast15m": 0,
    "tradesLast1h": 0,
    "buyVWAP": 0,
    "sellVWAP": 0,
    "aggressorVWAP": 0,
    "bucketDurationMs": 60000,
    "bucketCount": 15,
    "bucketSignedVolumes": [],
    "bucketVolumes": [],
    "bucketVWAPs": [],
    "latestBucketSignedZ": 0
  },
  "enhancedMetrics": {
    "relativeVolumeZScore": -1,
    "volumePercentile": 40,
    "atrPercentile": 63.868613138686136,
    "volatilityPercentile": 57.27848101265823,
    "relativeVolatilityRatio": 0.9710126726827885,
    "isHighVolume": false,
    "isHighVolatility": false,
    "isLowVolatility": false,
    "isExpandingVolatility": false,
    "isContractingVolatility": false
  },
  "orderBook": {
    "bidAskSpread": 0,
    "spreadPct": 0,
    "midPrice": 0,
    "bestBid": 0,
    "bestAsk": 0,
    "bidDepth": 0,
    "askDepth": 0,
    "orderBookImbalance": 0,
    "liquidityScore": 0,
    "depthAt1Pct": {
      "bidVolume": 0,
      "askVolume": 0,
      "imbalance": 0
    },
    "depthAt2Pct": {
      "bidVolume": 0,
      "askVolume": 0,
      "imbalance": 0
    },
    "depthAt5Pct": {
      "bidVolume": 0,
      "askVolume": 0,
      "imbalance": 0
    },
    "weightedMidPrice": 0,
    "volumeWeightedSpread": 0,
    "totalBidLevels": 0,
    "totalAskLevels": 0
  },
  "marketCap": {
    "marketCap": 0,
    "totalVolume24h": 0,
    "volumeToMarketCapRatio": 0,
    "marketCapRank": 0,
    "normalizedRank": 0,
    "isHighLiquidity": false,
    "isVeryHighLiquidity": false,
    "isLowLiquidity": true,
    "liquidityTier": "VERY_LOW"
  },
  "sweeps": {
    "sweepScore": 0,
    "sweepCount": 0,
    "sweepDirection": "NEUTRAL",
    "buySweeps": 0,
    "sellSweeps": 0,
    "avgSweepSize": 0,
    "avgSweepIntensity": 0,
    "bidLiftRatio": 0,
    "askLiftRatio": 0,
    "sweepFrequency": 0,
    "largestSweep": null,
    "recentSweepClusters": 0,
    "sweepDetails": []
  },
  "absorption": {
    "absorptionScore": 0,
    "absorptionLevel": null,
    "absorptionSide": "NONE",
    "icebergProbability": 0,
    "hiddenLiquidityEstimate": 0,
    "volumeAtPrice": {},
    "topAbsorptionLevels": [],
    "persistenceDuration": 0,
    "refillDetected": false
  },
  "orderArrival": {
    "avgInterArrivalTime": 0,
    "recentInterArrivalTime": 0,
    "accelerationRatio": 1,
    "hawkesIntensity": 0,
    "hawkesDirection": "NEUTRAL",
    "clusteringScore": 0,
    "burstCount": 0,
    "cascadeDetected": false,
    "timeToNextTrade": 0,
    "accelerationTrend": "STABLE"
  },
  "liquidityVacuum": {
    "vacuumScore": 0,
    "vacuumSide": "NONE",
    "bidVacuumSeverity": 0,
    "askVacuumSeverity": 0,
    "depthConcentration": 0,
    "priceImpact10k": 0,
    "priceImpact50k": 0,
    "priceImpact100k": 0,
    "largestGapBid": 0,
    "largestGapAsk": 0,
    "avgGapBid": 0,
    "avgGapAsk": 0,
    "bidCliffDistance": 0,
    "askCliffDistance": 0
  },
  "volatilityRegime": {
    "regime": "BELOW_NORMAL",
    "regimeScore": -0.5,
    "currentATR": 0.034323,
    "avgATR": 0.035871,
    "atrPercentile": 35.5,
    "realizedVolatility": 84.93,
    "volPercentile": 15.3,
    "expanding": false,
    "contracting": false,
    "transitionProbability": 0,
    "daysInRegime": 3,
    "regimeStrength": 0.54
  },
  "temporalPatterns": {
    "currentHour": 6,
    "currentDay": 0,
    "currentDayName": "Sunday",
    "dayBias": "NEUTRAL",
    "hourlyProfile": [
      {
        "avgVolume": 21585.66,
        "avgATR": 0.005364,
        "avgReturn": -0.69
      },
      {
        "avgVolume": 31800.7,
        "avgATR": 0.004843,
        "avgReturn": -0.073
      },
      {
        "avgVolume": 36898,
        "avgATR": 0.004829,
        "avgReturn": -0.289
      },
      {
        "avgVolume": 27687.66,
        "avgATR": 0.004336,
        "avgReturn": 0.039
      },
      {
        "avgVolume": 18825.87,
        "avgATR": 0.004336,
        "avgReturn": -0.065
      },
      {
        "avgVolume": 23561.18,
        "avgATR": 0.005286,
        "avgReturn": 0.092
      },
      {
        "avgVolume": 27112.97,
        "avgATR": 0.005807,
        "avgReturn": 0.615
      },
      {
        "avgVolume": 16994.16,
        "avgATR": 0.003914,
        "avgReturn": 0.049
      },
      {
        "avgVolume": 17042.42,
        "avgATR": 0.004036,
        "avgReturn": -0.406
      },
      {
        "avgVolume": 12123.49,
        "avgATR": 0.003193,
        "avgReturn": -0.017
      },
      {
        "avgVolume": 13137.35,
        "avgATR": 0.003864,
        "avgReturn": 0.075
      },
      {
        "avgVolume": 12406.26,
        "avgATR": 0.003893,
        "avgReturn": 0.19
      },
      {
        "avgVolume": 50123.6,
        "avgATR": 0.004986,
        "avgReturn": -0.286
      },
      {
        "avgVolume": 37371.43,
        "avgATR": 0.004707,
        "avgReturn": -0.175
      },
      {
        "avgVolume": 29105.29,
        "avgATR": 0.005936,
        "avgReturn": 0.375
      },
      {
        "avgVolume": 79288.33,
        "avgATR": 0.007693,
        "avgReturn": 0.091
      },
      {
        "avgVolume": 42518.81,
        "avgATR": 0.0052,
        "avgReturn": -0.314
      },
      {
        "avgVolume": 45455.93,
        "avgATR": 0.005464,
        "avgReturn": -0.549
      },
      {
        "avgVolume": 23674.12,
        "avgATR": 0.0049,
        "avgReturn": -0.498
      },
      {
        "avgVolume": 32225.12,
        "avgATR": 0.006343,
        "avgReturn": 0.616
      },
      {
        "avgVolume": 37974.15,
        "avgATR": 0.006971,
        "avgReturn": -0.278
      },
      {
        "avgVolume": 33527.21,
        "avgATR": 0.005257,
        "avgReturn": -0.319
      },
      {
        "avgVolume": 80111.18,
        "avgATR": 0.009208,
        "avgReturn": 0.36
      },
      {
        "avgVolume": 29065.55,
        "avgATR": 0.005707,
        "avgReturn": -0.064
      }
    ],
    "dailyProfile": [
      {
        "avgVolume": 32353.98,
        "avgATR": 0.005217,
        "avgReturn": -0.334
      },
      {
        "avgVolume": 19577.95,
        "avgATR": 0.006144,
        "avgReturn": 0.064
      },
      {
        "avgVolume": 15922.52,
        "avgATR": 0.003856,
        "avgReturn": -0.243
      },
      {
        "avgVolume": 16531.64,
        "avgATR": 0.004681,
        "avgReturn": 0.111
      },
      {
        "avgVolume": 43534.88,
        "avgATR": 0.005108,
        "avgReturn": 0.213
      },
      {
        "avgVolume": 69850.62,
        "avgATR": 0.007302,
        "avgReturn": -0.101
      },
      {
        "avgVolume": 28542.19,
        "avgATR": 0.004362,
        "avgReturn": -0.165
      }
    ],
    "favorableHours": [
      22,
      15,
      12,
      17,
      16,
      20
    ],
    "favorableWindow": false,
    "currentVsAvgVolume": 0,
    "currentVsAvgVolatility": 0,
    "anomalyDetected": true,
    "timeUntilFavorable": 6,
    "temporalScore": 0
  },
  "unifiedMicrostructure": {
    "signalDirections": {
      "vpin": "NEUTRAL",
      "sweeps": "NEUTRAL",
      "absorption": "NEUTRAL",
      "arrival": "NEUTRAL",
      "vacuum": "NONE",
      "volRegime": "FAVORABLE",
      "temporal": "UNFAVORABLE"
    },
    "consensusDirection": "NEUTRAL",
    "consensusStrength": 50,
    "bullishSignals": 1,
    "bearishSignals": 1,
    "neutralSignals": 0,
    "totalAvailableSignals": 2,
    "dominantPattern": "NONE",
    "clusters": {
      "strongBuyCluster": false,
      "distributionPattern": false,
      "accumulationPattern": false,
      "momentumCascade": false
    },
    "adaptiveWeights": {
      "vpin": 0,
      "sweeps": 0,
      "absorption": 0,
      "arrival": 0,
      "vacuum": 0,
      "volRegime": 0.021,
      "temporal": 0.02
    },
    "convictionLevel": "LOW",
    "convictionScore": 30,
    "riskAdjustment": "REDUCE",
    "timingQuality": "UNFAVORABLE",
    "signalQuality": "LOW"
  },
  "deltaAnalysis": {
    "currentDelta": 0,
    "cumulativeDelta": 0,
    "deltaPerVolume": 0,
    "deltaDirection": "NEUTRAL",
    "deltaDivergence": false,
    "institutionalRatio": 0,
    "aggressionScore": 0
  },
  "volumeProfile": {
    "pointOfControl": 0,
    "valueAreaHigh": 0,
    "valueAreaLow": 0,
    "currentPosition": "ABOVE_VALUE_AREA",
    "volumeNodes": [],
    "airPockets": []
  },
  "momentumCascade": {
    "cascadeDetected": false,
    "alignmentScore": -0.01524306370656289,
    "cascadeStrength": 0,
    "acceleratingTimeframes": [],
    "divergingTimeframes": [
      "1m",
      "5m",
      "15m",
      "1h"
    ]
  },
  "breakoutConfirmation": {
    "breakoutConfirmed": false,
    "volumeConfirmation": false,
    "retestStrength": 0,
    "falseBreakoutRisk": 0,
    "breakoutQuality": "NO_BREAKOUT"
  },
  "liquidityHeatmap": {
    "liquidityScore": 0,
    "magnetDirection": "NONE",
    "magnetStrength": 0,
    "priceTarget5pct": null,
    "message": "No order book data"
  },
  "smartMoneyDivergence": {
    "divergenceDetected": false,
    "divergenceDirection": "NONE",
    "smartMoneyScore": 0.5,
    "message": "Insufficient trade data"
  },
  "microstructure": {
    "raw": -0.03040977547814839,
    "pct": 49,
    "summary": {
      "latestBucketSignedZ": 0,
      "buySellRatio": 0.5,
      "tradesPerSec": 0,
      "vwap": 0,
      "aggressorVWAP": 0,
      "vpinToxicity": "UNKNOWN",
      "sweepDirection": "NEUTRAL",
      "absorptionSide": "NONE",
      "icebergDetected": false,
      "hawkesDirection": "NEUTRAL",
      "cascadeDetected": false,
      "vacuumSide": "NONE",
      "volatilityRegime": "BELOW_NORMAL",
      "volExpanding": false,
      "favorableTimeWindow": false,
      "temporalAnomaly": true,
      "consensusDirection": "NEUTRAL",
      "consensusStrength": 50,
      "dominantPattern": "NONE",
      "convictionLevel": "LOW",
      "riskAdjustment": "REDUCE",
      "timingQuality": "UNFAVORABLE",
      "deltaDirection": "NEUTRAL",
      "deltaDivergence": false,
      "institutionalRatio": 0,
      "volumeProfilePosition": "ABOVE_VALUE_AREA",
      "pointOfControl": 0,
      "momentumCascadeDetected": false,
      "cascadeStrength": 0,
      "breakoutQuality": "NO_BREAKOUT",
      "breakoutConfirmed": false,
      "magnetDirection": "NONE",
      "magnetStrength": 0,
      "priceTarget5pct": null,
      "nearestBidWall": 0,
      "nearestAskWall": 0,
      "divergenceDetected": false,
      "divergenceDirection": "NONE",
      "whaleAccumulation": false,
      "whaleDistribution": false,
      "retailPanic": false,
      "smartMoneyScore": 0.5
    }
  }
}

=== MICROSTRUCTURE ALERTS ===

🔬 VPIN: Insufficient data for VPIN analysis

🌊 SWEEP DETECTION: No significant sweeps detected

🧊 ABSORPTION & ICEBERG: No significant absorption or iceberg orders detected

⚡ ORDER ARRIVAL DYNAMICS: Insufficient trades for analysis

🌪️ LIQUIDITY VACUUM: No significant vacuum detected

📊 VOLATILITY REGIME DETECTION:
   Current Regime: BELOW_NORMAL
   Regime Score: -0.50 (-1=low vol, +1=extreme vol)
   Days in Regime: 3
   ATR: $0.034323 (avg: $0.035871)
   ATR Percentile: 35.5%
   Realized Volatility: 84.93% (annualized)
   Vol Percentile: 15.3%

   🟢 BELOW NORMAL VOLATILITY:
   ⚡ Consolidation phase - watch for expansion
   ✅ Good entry zone for patient trades

⏰ TEMPORAL PATTERN ANALYSIS:
   Current Time: Sunday 6:00 UTC
   Day Bias: NEUTRAL
   Current vs Avg Volume: 0x
   Current vs Avg Volatility: 0x

   ⏳ NON-FAVORABLE TIME WINDOW:
   This hour typically shows weaker activity
   Next favorable window in 6 hour(s)

   ⚠️ LOW ACTIVITY ANOMALY:
   Volume 0x below typical - Extremely quiet

   📉 LOW VOLATILITY ANOMALY:
   Volatility 0x below typical - Consolidation likely

   🔥 Best Trading Hours (UTC): 22:00, 15:00, 12:00

🎯 UNIFIED MICROSTRUCTURE INTEGRATION:
   Signal Consensus: NEUTRAL (50% agreement)
   Available Signals: 2 (1 bullish / 1 bearish / 0 neutral)
   Conviction Level: LOW (30%)
   Signal Quality: LOW
   Risk Adjustment: REDUCE
   Timing Quality: UNFAVORABLE

   ⚠️ LOW CONVICTION: Only 50% signal agreement
   Weak alignment - Reduce position size or wait for clarity

   ⚠️ RISK REDUCTION RECOMMENDED: Extreme volatility or unfavorable timing detected

   ⏰ UNFAVORABLE TIMING: Avoid trading during this hour

   Signal Directions Breakdown:
   • VPIN: NEUTRAL
   • Sweeps: NEUTRAL
   • Absorption: NEUTRAL
   • Arrival Dynamics: NEUTRAL
   • Liquidity Vacuum: NONE
   • Vol Regime: FAVORABLE
   • Temporal: UNFAVORABLE

   Adaptive Weights (Total: 4.1%):
   • VPIN: 0.0%
   • Sweeps: 0.0%
   • Absorption: 0.0%
   • Arrival: 0.0%
   • Vacuum: 0.0%
   • Vol Regime: 2.1%
   • Temporal: 2.0%


💹 DELTA ANALYSIS (Order Flow Aggression):
   Direction: NEUTRAL
   Delta Per Volume: 0.00%
   Institutional Ratio: 0.0%
   Aggression Score: 0.0%

📊 VOLUME PROFILE (Support/Resistance Strength):
   Point of Control (POC): $0.000000
   Value Area High: $0.000000
   Value Area Low: $0.000000
   Current Position: ABOVE_VALUE_AREA
   ⚠️ DISTRIBUTION RISK: Price above value area - potential rejection zone

⚡ MOMENTUM CASCADE (Multi-Timeframe Alignment):
   Cascade Detected: NO
   Alignment Score: -1.5%
   Cascade Strength: 0.0%
   Accelerating: None
   Diverging: 1m, 5m, 15m, 1h

💥 BREAKOUT CONFIRMATION:
   Quality: NO_BREAKOUT
   Volume Confirmation: NO
   Retest Strength: 0.0%
   False Breakout Risk: 0.0%
   No breakout detected - price below resistance


levels:
Entry=0.2470932, StopLoss=0.25327053, TakeProfit=0.24689680800000002, 0.24660222, 0.246454926

---

=== Token: ELA (ELA) ===
Contract: ELA-USD
Timestamp: 2025-02-06T13:40:00.000Z

Calculations:
{
  "momentumScore": 98.21215614066088,
  "volumeScore": 17.417779967342405,
  "patternScore": 82.7098848921423,
  "totalScore": 48.24655510819574,
  "finalScore": 48.24655510819574,
  "weights": "0.23,0.45,0.23",
  "hourlyUptrend": false,
  "rsi": 75.58139534883715,
  "ultraShortVolumeSurge": 2.8478102072165954,
  "baseVolumeSurge": 0.056403548392246164,
  "currentPrice": 1.799,
  "resistance": 1.816,
  "support": 1.755,
  "rocMin5": 0.004466778336125074,
  "shortROC": -0.0005555555555556177,
  "priceAcceleration": 0.0011183177414719257,
  "buySellRatio": 0.31969304110226143,
  "macdHistogram": 0.004607012010395836,
  "stochasticK": 74.24242424242408,
  "atr": 0.009357142857142889,
  "bbUpper": 1.8077177969014437,
  "bbLower": 1.7312822030985564,
  "hammerDetected": false,
  "engulfingDetected": false,
  "compressionSpring": {
    "detected": false,
    "confidence": 0,
    "signals": {
      "sidewaysPrice": true,
      "atrCompression": false,
      "bbSqueeze": true,
      "consolidationTime": true,
      "strongBuying": false,
      "obvPositive": false,
      "chaikinPositive": false,
      "rsiNeutral": false,
      "volumeBuilding": false
    },
    "metrics": {
      "priceRange": 3.77,
      "atrRatio": 0.949,
      "bbWidth": 4.32,
      "volumeRatio": 3.35,
      "signalCount": 3,
      "buySellRatio": 0.32
    }
  },
  "riskTier": "MEDIUM",
  "atrPercent": 0.5638052886524273,
  "distanceToResistance": 0.9449694274597069,
  "slPercent": 3,
  "tpPercent": 0.8032240133407509,
  "trailingActivation": 0.48193440800445053,
  "shortMomentumScore": 30,
  "overboughtScore": 35,
  "shortPatternScore": 0,
  "shootingStarDetected": false,
  "bearishEngulfingDetected": false,
  "eveningStarDetected": false,
  "bearishPatternsCount": 0,
  "shortTotalScore": 24.25,
  "chaikin": -0.0014092946942810545,
  "obvIncreasing": false,
  "obvTrend": "declining",
  "adx": 88.05970149253739,
  "recentCandles": {
    "redCount": 5,
    "greenCount": 5
  },
  "resistanceDistance": 0.9449694274597069,
  "multiplePatterns": false,
  "bullishPattern": false,
  "priceAboveVWAP": true,
  "breakingResistance": true,
  "atrSufficient": false,
  "macdDivergenceBearish": false,
  "rvolMin1": -0.23583978463228433,
  "rvolMin5": -0.3946642681479666,
  "atrPercentileOld": 0.4024390243902439,
  "vwapDeviation": 1.207531778821001,
  "bbWidthPercent": 4.319615360434435,
  "bbSqueeze": false,
  "multiTFMomentum": {
    "min1": {
      "roc1": -0.0011098779134295236,
      "roc3": 0.00502512562814077
    },
    "min5": {
      "roc1": -0.0005555555555556177,
      "roc3": 0.0039062499999999415
    },
    "min15": {
      "roc1": -0.0016648168701443472,
      "roc3": 0.002787068004459249
    },
    "hourly": {
      "roc1": -0.0005574136008919241,
      "roc3": 0.01414027149321262
    },
    "fourHour": {
      "roc1": 0.018749999999999954,
      "roc3": 0.02107061503416852
    },
    "divergenceShortUpLongDown": false
  },
  "returnZMin5": -0.14721881789506658,
  "wickClosePct": 0,
  "wickUpper": 0,
  "wickLower": 0,
  "wickRatio": 0,
  "donchianBreakout15": false,
  "bbWidthPercentile15": 0.7662337662337663,
  "signedMin5": -1634.5200000000007,
  "signedMin5Z": -1.8959733202629367,
  "signedMin1": 6537.050000000001,
  "signedMin1Z": 9.193973555383897,
  "streakMin1": {
    "upStreak": 0,
    "downStreak": 5
  },
  "streakMin5": {
    "upStreak": 0,
    "downStreak": 0
  },
  "rvolPercentileMin1": 0.6190965092402464,
  "rvolPercentileMin5": 0.2604166666666667,
  "perTfMetrics": {
    "min1": {
      "sma20": 1.7785,
      "sma50": 1.7645200000000005,
      "ema20": 1.7824094873305436,
      "ema50": 1.7724065260319894,
      "vwma20": 1.7833144241916952,
      "hma21": 1.8082554112554114,
      "atr14": 0.009071428571428588,
      "atrPercentile": 0.2864583333333333,
      "rvolZ": -0.23583978463228433,
      "rvolPercentile": 0.6190965092402464,
      "mfi14": 89.24024889328838,
      "ppo": {
        "ppo": 0.6071134508965935,
        "signal": 0.5047059663164707,
        "histogram": 0.10240748458012283
      },
      "stochRsi": {
        "k": 100,
        "d": 75.29835390946504
      },
      "vprofile": {
        "vpBins": [
          0.08494180767050655,
          0.03156443872799262,
          0.11210309820077873,
          0.10466100761048051,
          0.13668950908649224,
          0.04120797960104967,
          0.01711361390226997,
          0.019175399622658053,
          0.01794763916124992,
          0.02355626092212785,
          0.25025215149048585,
          0.02809263524494663,
          0.032481916039311116,
          0.031966841057518285,
          0.014337656909049895,
          0,
          0.026449100315062455,
          0.027008501461153817,
          0,
          0.00045044297686595207
        ],
        "currentBinShare": 0.032481916039311116
      },
      "ttm": {
        "squeeze": false,
        "release": false,
        "widthPct": 3.811852967484582
      }
    },
    "min5": {
      "sma20": 1.7767,
      "sma50": 1.7679400000000007,
      "ema20": 1.7822838406826114,
      "ema50": 1.7755043519906035,
      "vwma20": 1.7818704368469596,
      "hma21": 1.809060606060606,
      "atr14": 0.009357142857142889,
      "atrPercentile": 0.2591240875912409,
      "rvolZ": -0.3946642681479666,
      "rvolPercentile": 0.2604166666666667,
      "mfi14": 80.9001741108899,
      "ppo": {
        "ppo": 0.5798553697914446,
        "signal": 0.43002173521485987,
        "histogram": 0.14983363457658472
      },
      "stochRsi": {
        "k": 100,
        "d": 74.72355292318709
      },
      "vprofile": {
        "vpBins": [
          0,
          0.023234848885229375,
          0.2687655767573198,
          0.07367095497815637,
          0.0551285210229988,
          0.18867813135617165,
          0.10931243207953063,
          0.0620514002939936,
          0.02485332526140853,
          0.10514212920888812,
          0.0010144007371853034,
          0.00498344650157024,
          0.034879763587821785,
          0.0000010144007371853035,
          0.03547126065767454,
          0,
          0,
          0.0128037661047529,
          0.0000090281665609492,
          0
        ],
        "currentBinShare": 0.18867813135617165
      },
      "ttm": {
        "squeeze": false,
        "release": false,
        "widthPct": 4.196908898805205
      }
    },
    "min15": {
      "sma20": 1.7695,
      "sma50": 1.77292,
      "ema20": 1.777526235853997,
      "ema50": 1.776194568023859,
      "vwma20": 1.7715141486764387,
      "hma21": 1.794883116883117,
      "atr14": 0.010142857142857167,
      "atrPercentile": 0.4024390243902439,
      "rvolZ": -0.3366281343899238,
      "rvolPercentile": 0.5208333333333334,
      "mfi14": 91.81632432488072,
      "ppo": {
        "ppo": 0.48645605993284396,
        "signal": 0.19387999128638575,
        "histogram": 0.29257606864645824
      },
      "stochRsi": {
        "k": 100,
        "d": 77.86717752234999
      },
      "vprofile": {
        "vpBins": [
          0,
          0.007215985323868802,
          0.2224818399674264,
          0.12308933129582306,
          0.09275072650776833,
          0.019605240650744662,
          0.03938106246275192,
          0.003495375972945498,
          0.017138320028712527,
          0.07329027874286655,
          0.012418355857854085,
          0.13292412781804933,
          0.11260722540159326,
          0.05490749698289008,
          0.05532484118326072,
          0.0005640298036755155,
          0.010049619954163118,
          0.02275614204560645,
          0,
          0
        ],
        "currentBinShare": 0.11260722540159326
      },
      "ttm": {
        "squeeze": false,
        "release": false,
        "widthPct": 4.319615360434435
      }
    },
    "hourly": {
      "sma20": 1.77115,
      "sma50": 1.7894600000000003,
      "ema20": 1.7764192612888472,
      "ema50": 1.8025917868979588,
      "vwma20": 1.7701477271562465,
      "hma21": 1.7593160173160165,
      "atr14": 0.01657142857142857,
      "atrPercentile": 0.06832298136645963,
      "rvolZ": -0.12990984660505633,
      "rvolPercentile": 0.6845238095238095,
      "mfi14": 54.479469360501234,
      "ppo": {
        "ppo": -0.29876706524888513,
        "signal": -0.6438033011501727,
        "histogram": 0.34503623590128757
      },
      "stochRsi": {
        "k": 95.34590560709947,
        "d": 58.51220538720539
      },
      "vprofile": {
        "vpBins": [
          0,
          0.010000652298667199,
          0.046122444304008366,
          0.06560012886405986,
          0.03774975722400035,
          0.05701788153521802,
          0.03002949080458338,
          0.10653083938663525,
          0.062421359247202206,
          0.03977021178284645,
          0.04872657624703506,
          0.11811025696895483,
          0.13223448110775565,
          0.07095005147694167,
          0.07899285622555396,
          0.038186176384658245,
          0.021430261995570587,
          0.03612657414630884,
          0,
          0
        ],
        "currentBinShare": 0.03774975722400035
      },
      "ttm": {
        "squeeze": false,
        "release": false,
        "widthPct": 4.034472530879612
      }
    },
    "fourHour": {
      "sma20": 1.83055,
      "sma50": 1.9502000000000006,
      "ema20": 1.831901958487468,
      "ema50": 1.9030989634229818,
      "vwma20": 1.8426966949528438,
      "hma21": 1.744147186147187,
      "atr14": 0.06600000000000002,
      "atrPercentile": 0.02857142857142857,
      "rvolZ": -0.31016016706844085,
      "rvolPercentile": 0.35714285714285715,
      "mfi14": 27.971616117821952,
      "ppo": {
        "ppo": -2.9014991537257777,
        "signal": -2.8797302737303876,
        "histogram": -0.021768879995390122
      },
      "stochRsi": {
        "k": 14.892578865302802,
        "d": 28.093188306548438
      },
      "vprofile": {
        "vpBins": [
          0,
          0.014596995563880532,
          0.02222114449815156,
          0.07085663138678297,
          0.09568257312709162,
          0.16896824680369485,
          0.1336036212299724,
          0.06284712542682028,
          0.15111333755091252,
          0.004892148530389518,
          0.032033119874099986,
          0.24318505600820364,
          0,
          0,
          0,
          0,
          0,
          0,
          0,
          0
        ],
        "currentBinShare": 0.02222114449815156
      },
      "ttm": {
        "squeeze": false,
        "release": false,
        "widthPct": 17.94427127186542
      }
    },
    "daily": {
      "sma20": 1.924,
      "sma50": 2.20956,
      "ema20": 1.9661946449591914,
      "ema50": 2.1330807021840448,
      "vwma20": 0,
      "hma21": 1.8847056277056282,
      "atr14": 0.27942857142857147,
      "atrPercentile": 0.39473684210526316,
      "rvolZ": 0,
      "rvolPercentile": 1,
      "mfi14": 50,
      "ppo": {
        "ppo": -5.6588735028424955,
        "signal": -5.275254065828371,
        "histogram": -0.3836194370141248
      },
      "stochRsi": {
        "k": 14.325968667312235,
        "d": 45.86019640747725
      },
      "vprofile": {
        "vpBins": [
          0,
          0,
          0,
          0,
          0,
          0,
          0,
          0,
          0,
          0,
          0,
          0,
          0,
          0,
          0,
          0,
          0,
          0,
          0,
          0
        ],
        "currentBinShare": 0
      },
      "ttm": {
        "squeeze": true,
        "release": false,
        "widthPct": 24.230231859408306
      }
    }
  },
  "smaMin5": 1.7767,
  "emaMin5": 1.7822838406826114,
  "vwmaMin5": 1.7818704368469596,
  "hmaMin5": 1.809060606060606,
  "keltner15": {
    "upper": 1.795226235853997,
    "middle": 1.777526235853997,
    "lower": 1.759826235853997
  },
  "superTrend15": {
    "isBull": false,
    "finalUpper": 1.8354,
    "finalLower": 1.7645999999999997
  },
  "mfi15": 91.81632432488072,
  "stochRsi15": {
    "k": 100,
    "d": 77.86717752234999
  },
  "ppo15": {
    "ppo": 0.48645605993284396,
    "signal": 0.19387999128638575,
    "histogram": 0.29257606864645824
  },
  "vpMin15": {
    "vpBins": [
      0,
      0.007215985323868802,
      0.2224818399674264,
      0.12308933129582306,
      0.09275072650776833,
      0.019605240650744662,
      0.03938106246275192,
      0.003495375972945498,
      0.017138320028712527,
      0.07329027874286655,
      0.012418355857854085,
      0.13292412781804933,
      0.11260722540159326,
      0.05490749698289008,
      0.05532484118326072,
      0.0005640298036755155,
      0.010049619954163118,
      0.02275614204560645,
      0,
      0
    ],
    "currentBinShare": 0.11260722540159326
  },
  "ttm15": {
    "squeeze": false,
    "release": false,
    "widthPct": 4.319615360434435
  },
  "marketCorrelation": {
    "hourly": {
      "btcCorrelation": 0,
      "ethCorrelation": 0,
      "btcBeta": 1,
      "ethBeta": 1,
      "btcTrend": "UNKNOWN",
      "ethTrend": "UNKNOWN",
      "tokenVol": 0,
      "btcVol": 0,
      "ethVol": 0,
      "marketDependence": 0,
      "verdict": "INSUFFICIENT_DATA"
    },
    "min15": {
      "btcCorrelation": 0,
      "ethCorrelation": 0,
      "btcBeta": 1,
      "ethBeta": 1,
      "btcTrend": "UNKNOWN",
      "ethTrend": "UNKNOWN",
      "tokenVol": 0,
      "btcVol": 0,
      "ethVol": 0,
      "marketDependence": 0,
      "verdict": "INSUFFICIENT_DATA"
    },
    "daily": {
      "btcCorrelation": 0,
      "ethCorrelation": 0,
      "btcBeta": 1,
      "ethBeta": 1,
      "btcTrend": "UNKNOWN",
      "ethTrend": "UNKNOWN",
      "tokenVol": 0,
      "btcVol": 0,
      "ethVol": 0,
      "marketDependence": 0,
      "verdict": "INSUFFICIENT_DATA"
    }
  },
  "tradeTape": {
    "totalTrades": 0,
    "totalVolume": 0,
    "buysVolume": 0,
    "sellsVolume": 0,
    "buySellRatio": 0.5,
    "vwap": 0,
    "signedVolume": 0,
    "avgTradeSize": 0,
    "tradesPerSec": 0,
    "cumulativeDelta": 0,
    "tradesLast1m": 0,
    "tradesLast5m": 0,
    "tradesLast15m": 0,
    "tradesLast1h": 0,
    "buyVWAP": 0,
    "sellVWAP": 0,
    "aggressorVWAP": 0,
    "bucketDurationMs": 60000,
    "bucketCount": 15,
    "bucketSignedVolumes": [],
    "bucketVolumes": [],
    "bucketVWAPs": [],
    "latestBucketSignedZ": 0
  },
  "enhancedMetrics": {
    "relativeVolumeZScore": -1,
    "volumePercentile": 40,
    "atrPercentile": 24.817518248175183,
    "volatilityPercentile": 0,
    "relativeVolatilityRatio": 0.850798429682098,
    "isHighVolume": false,
    "isHighVolatility": false,
    "isLowVolatility": true,
    "isExpandingVolatility": false,
    "isContractingVolatility": false
  },
  "orderBook": {
    "bidAskSpread": 0,
    "spreadPct": 0,
    "midPrice": 0,
    "bestBid": 0,
    "bestAsk": 0,
    "bidDepth": 0,
    "askDepth": 0,
    "orderBookImbalance": 0,
    "liquidityScore": 0,
    "depthAt1Pct": {
      "bidVolume": 0,
      "askVolume": 0,
      "imbalance": 0
    },
    "depthAt2Pct": {
      "bidVolume": 0,
      "askVolume": 0,
      "imbalance": 0
    },
    "depthAt5Pct": {
      "bidVolume": 0,
      "askVolume": 0,
      "imbalance": 0
    },
    "weightedMidPrice": 0,
    "volumeWeightedSpread": 0,
    "totalBidLevels": 0,
    "totalAskLevels": 0
  },
  "marketCap": {
    "marketCap": 0,
    "totalVolume24h": 0,
    "volumeToMarketCapRatio": 0,
    "marketCapRank": 0,
    "normalizedRank": 0,
    "isHighLiquidity": false,
    "isVeryHighLiquidity": false,
    "isLowLiquidity": true,
    "liquidityTier": "VERY_LOW"
  },
  "sweeps": {
    "sweepScore": 0,
    "sweepCount": 0,
    "sweepDirection": "NEUTRAL",
    "buySweeps": 0,
    "sellSweeps": 0,
    "avgSweepSize": 0,
    "avgSweepIntensity": 0,
    "bidLiftRatio": 0,
    "askLiftRatio": 0,
    "sweepFrequency": 0,
    "largestSweep": null,
    "recentSweepClusters": 0,
    "sweepDetails": []
  },
  "absorption": {
    "absorptionScore": 0,
    "absorptionLevel": null,
    "absorptionSide": "NONE",
    "icebergProbability": 0,
    "hiddenLiquidityEstimate": 0,
    "volumeAtPrice": {},
    "topAbsorptionLevels": [],
    "persistenceDuration": 0,
    "refillDetected": false
  },
  "orderArrival": {
    "avgInterArrivalTime": 0,
    "recentInterArrivalTime": 0,
    "accelerationRatio": 1,
    "hawkesIntensity": 0,
    "hawkesDirection": "NEUTRAL",
    "clusteringScore": 0,
    "burstCount": 0,
    "cascadeDetected": false,
    "timeToNextTrade": 0,
    "accelerationTrend": "STABLE"
  },
  "liquidityVacuum": {
    "vacuumScore": 0,
    "vacuumSide": "NONE",
    "bidVacuumSeverity": 0,
    "askVacuumSeverity": 0,
    "depthConcentration": 0,
    "priceImpact10k": 0,
    "priceImpact50k": 0,
    "priceImpact100k": 0,
    "largestGapBid": 0,
    "largestGapAsk": 0,
    "avgGapBid": 0,
    "avgGapAsk": 0,
    "bidCliffDistance": 0,
    "askCliffDistance": 0
  },
  "volatilityRegime": {
    "regime": "ELEVATED",
    "regimeScore": 0.5,
    "currentATR": 0.291462,
    "avgATR": 0.284044,
    "atrPercentile": 44.7,
    "realizedVolatility": 102.62,
    "volPercentile": 96.6,
    "expanding": true,
    "contracting": false,
    "transitionProbability": 0.4,
    "daysInRegime": 1,
    "regimeStrength": 0.93
  },
  "temporalPatterns": {
    "currentHour": 6,
    "currentDay": 0,
    "currentDayName": "Sunday",
    "dayBias": "NEUTRAL",
    "hourlyProfile": [
      {
        "avgVolume": 5196.11,
        "avgATR": 0.041214,
        "avgReturn": 0.05
      },
      {
        "avgVolume": 7621.2,
        "avgATR": 0.056429,
        "avgReturn": 0.028
      },
      {
        "avgVolume": 8947.14,
        "avgATR": 0.069071,
        "avgReturn": -0.12
      },
      {
        "avgVolume": 6538.89,
        "avgATR": 0.055538,
        "avgReturn": -0.168
      },
      {
        "avgVolume": 5681.03,
        "avgATR": 0.048231,
        "avgReturn": 0.156
      },
      {
        "avgVolume": 6747.48,
        "avgATR": 0.061214,
        "avgReturn": 0.031
      },
      {
        "avgVolume": 4716.25,
        "avgATR": 0.0585,
        "avgReturn": 0.815
      },
      {
        "avgVolume": 5212.72,
        "avgATR": 0.0515,
        "avgReturn": -0.184
      },
      {
        "avgVolume": 2405.55,
        "avgATR": 0.036357,
        "avgReturn": -0.424
      },
      {
        "avgVolume": 1656.89,
        "avgATR": 0.027429,
        "avgReturn": 0.045
      },
      {
        "avgVolume": 1875.23,
        "avgATR": 0.029,
        "avgReturn": -0.141
      },
      {
        "avgVolume": 1918.23,
        "avgATR": 0.028,
        "avgReturn": -0.367
      },
      {
        "avgVolume": 2299.9,
        "avgATR": 0.026533,
        "avgReturn": 0.037
      },
      {
        "avgVolume": 6620.89,
        "avgATR": 0.0412,
        "avgReturn": 0.075
      },
      {
        "avgVolume": 8544.85,
        "avgATR": 0.0685,
        "avgReturn": 1.617
      },
      {
        "avgVolume": 18187.85,
        "avgATR": 0.090643,
        "avgReturn": 0.404
      },
      {
        "avgVolume": 28775.58,
        "avgATR": 0.1015,
        "avgReturn": 1.041
      },
      {
        "avgVolume": 15129.97,
        "avgATR": 0.0705,
        "avgReturn": -1.288
      },
      {
        "avgVolume": 10364.2,
        "avgATR": 0.065571,
        "avgReturn": -0.192
      },
      {
        "avgVolume": 8173.12,
        "avgATR": 0.066429,
        "avgReturn": 0.82
      },
      {
        "avgVolume": 9432.61,
        "avgATR": 0.073357,
        "avgReturn": -0.922
      },
      {
        "avgVolume": 9120.07,
        "avgATR": 0.063286,
        "avgReturn": -0.495
      },
      {
        "avgVolume": 11754.22,
        "avgATR": 0.0675,
        "avgReturn": -0.068
      },
      {
        "avgVolume": 11074.48,
        "avgATR": 0.067857,
        "avgReturn": -0.406
      }
    ],
    "dailyProfile": [
      {
        "avgVolume": 4711.01,
        "avgATR": 0.042167,
        "avgReturn": -0.396
      },
      {
        "avgVolume": 5182.4,
        "avgATR": 0.054417,
        "avgReturn": 0.381
      },
      {
        "avgVolume": 6895.89,
        "avgATR": 0.056021,
        "avgReturn": -0.402
      },
      {
        "avgVolume": 1455.13,
        "avgATR": 0.019085,
        "avgReturn": 0.05
      },
      {
        "avgVolume": 26135.25,
        "avgATR": 0.095312,
        "avgReturn": 0.497
      },
      {
        "avgVolume": 9512.36,
        "avgATR": 0.08175,
        "avgReturn": -0.021
      },
      {
        "avgVolume": 3778.85,
        "avgATR": 0.048521,
        "avgReturn": -0.001
      }
    ],
    "favorableHours": [
      16,
      15,
      17,
      22,
      23,
      18
    ],
    "favorableWindow": false,
    "currentVsAvgVolume": 0,
    "currentVsAvgVolatility": 0,
    "anomalyDetected": true,
    "timeUntilFavorable": 9,
    "temporalScore": 0
  },
  "unifiedMicrostructure": {
    "signalDirections": {
      "vpin": "NEUTRAL",
      "sweeps": "NEUTRAL",
      "absorption": "NEUTRAL",
      "arrival": "NEUTRAL",
      "vacuum": "NONE",
      "volRegime": "NEUTRAL",
      "temporal": "UNFAVORABLE"
    },
    "consensusDirection": "BEARISH",
    "consensusStrength": 50,
    "bullishSignals": 0,
    "bearishSignals": 1,
    "neutralSignals": 1,
    "totalAvailableSignals": 2,
    "dominantPattern": "NONE",
    "clusters": {
      "strongBuyCluster": false,
      "distributionPattern": false,
      "accumulationPattern": false,
      "momentumCascade": false
    },
    "adaptiveWeights": {
      "vpin": 0,
      "sweeps": 0,
      "absorption": 0,
      "arrival": 0,
      "vacuum": 0,
      "volRegime": 0.021,
      "temporal": 0.02
    },
    "convictionLevel": "LOW",
    "convictionScore": 30,
    "riskAdjustment": "REDUCE",
    "timingQuality": "UNFAVORABLE",
    "signalQuality": "LOW"
  },
  "deltaAnalysis": {
    "currentDelta": 0,
    "cumulativeDelta": 0,
    "deltaPerVolume": 0,
    "deltaDirection": "NEUTRAL",
    "deltaDivergence": false,
    "institutionalRatio": 0,
    "aggressionScore": 0
  },
  "volumeProfile": {
    "pointOfControl": 0,
    "valueAreaHigh": 0,
    "valueAreaLow": 0,
    "currentPosition": "ABOVE_VALUE_AREA",
    "volumeNodes": [],
    "airPockets": []
  },
  "momentumCascade": {
    "cascadeDetected": false,
    "alignmentScore": 0.007835085776091693,
    "cascadeStrength": 0,
    "acceleratingTimeframes": [
      "1m",
      "5m",
      "1h"
    ],
    "divergingTimeframes": [
      "15m"
    ]
  },
  "breakoutConfirmation": {
    "breakoutConfirmed": false,
    "volumeConfirmation": false,
    "retestStrength": 0,
    "falseBreakoutRisk": 0,
    "breakoutQuality": "NO_BREAKOUT"
  },
  "liquidityHeatmap": {
    "liquidityScore": 0,
    "magnetDirection": "NONE",
    "magnetStrength": 0,
    "priceTarget5pct": null,
    "message": "No order book data"
  },
  "smartMoneyDivergence": {
    "divergenceDetected": false,
    "divergenceDirection": "NONE",
    "smartMoneyScore": 0.5,
    "message": "Insufficient trade data"
  },
  "microstructure": {
    "raw": -0.029890510948905113,
    "pct": 50,
    "summary": {
      "latestBucketSignedZ": 0,
      "buySellRatio": 0.5,
      "tradesPerSec": 0,
      "vwap": 0,
      "aggressorVWAP": 0,
      "vpinToxicity": "UNKNOWN",
      "sweepDirection": "NEUTRAL",
      "absorptionSide": "NONE",
      "icebergDetected": false,
      "hawkesDirection": "NEUTRAL",
      "cascadeDetected": false,
      "vacuumSide": "NONE",
      "volatilityRegime": "ELEVATED",
      "volExpanding": true,
      "favorableTimeWindow": false,
      "temporalAnomaly": true,
      "consensusDirection": "BEARISH",
      "consensusStrength": 50,
      "dominantPattern": "NONE",
      "convictionLevel": "LOW",
      "riskAdjustment": "REDUCE",
      "timingQuality": "UNFAVORABLE",
      "deltaDirection": "NEUTRAL",
      "deltaDivergence": false,
      "institutionalRatio": 0,
      "volumeProfilePosition": "ABOVE_VALUE_AREA",
      "pointOfControl": 0,
      "momentumCascadeDetected": false,
      "cascadeStrength": 0,
      "breakoutQuality": "NO_BREAKOUT",
      "breakoutConfirmed": false,
      "magnetDirection": "NONE",
      "magnetStrength": 0,
      "priceTarget5pct": null,
      "nearestBidWall": 0,
      "nearestAskWall": 0,
      "divergenceDetected": false,
      "divergenceDirection": "NONE",
      "whaleAccumulation": false,
      "whaleDistribution": false,
      "retailPanic": false,
      "smartMoneyScore": 0.5
    }
  }
}

=== MICROSTRUCTURE ALERTS ===

🔬 VPIN: Insufficient data for VPIN analysis

🌊 SWEEP DETECTION: No significant sweeps detected

🧊 ABSORPTION & ICEBERG: No significant absorption or iceberg orders detected

⚡ ORDER ARRIVAL DYNAMICS: Insufficient trades for analysis

🌪️ LIQUIDITY VACUUM: No significant vacuum detected

📊 VOLATILITY REGIME DETECTION:
   Current Regime: ELEVATED
   Regime Score: 0.50 (-1=low vol, +1=extreme vol)
   Days in Regime: 1
   ATR: $0.291462 (avg: $0.284044)
   ATR Percentile: 44.7%
   Realized Volatility: 102.62% (annualized)
   Vol Percentile: 96.6%

   🟡 ELEVATED VOLATILITY:
   ⚠️ Increased risk - wider stops needed
   ⚠️ Reduce position size
   💡 Good for momentum strategies

   🚀 VOLATILITY EXPANDING:
   💥 Breakout likely imminent!
   📈 Market transitioning to higher vol regime
   ✅ Strong signal when combined with other indicators

   📍 MODERATE REGIME TRANSITION PROBABILITY: 40%
   Monitor for potential regime change

   ⚠️ NEW REGIME: Only 1 day(s) - conditions still settling

⏰ TEMPORAL PATTERN ANALYSIS:
   Current Time: Sunday 6:00 UTC
   Day Bias: NEUTRAL
   Current vs Avg Volume: 0x
   Current vs Avg Volatility: 0x

   ⏳ NON-FAVORABLE TIME WINDOW:
   This hour typically shows weaker activity
   Next favorable window in 9 hour(s)

   ⚠️ LOW ACTIVITY ANOMALY:
   Volume 0x below typical - Extremely quiet

   📉 LOW VOLATILITY ANOMALY:
   Volatility 0x below typical - Consolidation likely

   🔥 Best Trading Hours (UTC): 16:00, 15:00, 17:00

🎯 UNIFIED MICROSTRUCTURE INTEGRATION:
   Signal Consensus: BEARISH (50% agreement)
   Available Signals: 2 (0 bullish / 1 bearish / 1 neutral)
   Conviction Level: LOW (30%)
   Signal Quality: LOW
   Risk Adjustment: REDUCE
   Timing Quality: UNFAVORABLE

   ⚠️ LOW CONVICTION: Only 50% signal agreement
   Weak alignment - Reduce position size or wait for clarity

   ⚠️ RISK REDUCTION RECOMMENDED: Extreme volatility or unfavorable timing detected

   ⏰ UNFAVORABLE TIMING: Avoid trading during this hour

   Signal Directions Breakdown:
   • VPIN: NEUTRAL
   • Sweeps: NEUTRAL
   • Absorption: NEUTRAL
   • Arrival Dynamics: NEUTRAL
   • Liquidity Vacuum: NONE
   • Vol Regime: NEUTRAL
   • Temporal: UNFAVORABLE

   Adaptive Weights (Total: 4.1%):
   • VPIN: 0.0%
   • Sweeps: 0.0%
   • Absorption: 0.0%
   • Arrival: 0.0%
   • Vacuum: 0.0%
   • Vol Regime: 2.1%
   • Temporal: 2.0%


💹 DELTA ANALYSIS (Order Flow Aggression):
   Direction: NEUTRAL
   Delta Per Volume: 0.00%
   Institutional Ratio: 0.0%
   Aggression Score: 0.0%

📊 VOLUME PROFILE (Support/Resistance Strength):
   Point of Control (POC): $0.000000
   Value Area High: $0.000000
   Value Area Low: $0.000000
   Current Position: ABOVE_VALUE_AREA
   ⚠️ DISTRIBUTION RISK: Price above value area - potential rejection zone

⚡ MOMENTUM CASCADE (Multi-Timeframe Alignment):
   Cascade Detected: NO
   Alignment Score: 0.8%
   Cascade Strength: 0.0%
   Accelerating: 1m, 5m, 1h
   Diverging: 15m

💥 BREAKOUT CONFIRMATION:
   Quality: NO_BREAKOUT
   Volume Confirmation: NO
   Retest Strength: 0.0%
   False Breakout Risk: 0.0%
   No breakout detected - price below resistance


levels:
Entry=1.795402, StopLoss=1.7415399399999998, TakeProfit=1.8026125499999999, 1.8098230999999998, 1.81559154

---

=== Token: HONEY (HONEY) ===
Contract: HONEY-USD
Timestamp: 2025-02-06T13:40:00.000Z

Calculations:
{
  "momentumScore": 30.447598253275117,
  "volumeScore": 54.09090909090907,
  "patternScore": 64.59699569914847,
  "totalScore": 45.507117081123724,
  "finalScore": 45.507117081123724,
  "weights": "0.23,0.45,0.23",
  "hourlyUptrend": true,
  "rsi": 54.5454545454545,
  "ultraShortVolumeSurge": 4.137201531150916,
  "baseVolumeSurge": 0.01675398506214359,
  "currentPrice": 0.0458,
  "resistance": 0.0458,
  "support": 0.045,
  "rocMin5": 0.008810572687224615,
  "shortROC": 0.0021881838074398877,
  "priceAcceleration": 0.002211211091620576,
  "buySellRatio": 0.6859325157040934,
  "macdHistogram": -0.0000318637087916034,
  "stochasticK": 72.72727272727268,
  "atr": 0.00025714285714285807,
  "bbUpper": 0.0462214598989961,
  "bbLower": 0.04491854010100391,
  "hammerDetected": false,
  "engulfingDetected": false,
  "compressionSpring": {
    "detected": true,
    "confidence": 56,
    "signals": {
      "sidewaysPrice": true,
      "atrCompression": false,
      "bbSqueeze": true,
      "consolidationTime": true,
      "strongBuying": true,
      "obvPositive": false,
      "chaikinPositive": false,
      "rsiNeutral": true,
      "volumeBuilding": false
    },
    "metrics": {
      "priceRange": 2,
      "atrRatio": 0.973,
      "bbWidth": 2.86,
      "volumeRatio": 3.503,
      "signalCount": 5,
      "buySellRatio": 0.686
    }
  },
  "riskTier": "MEDIUM",
  "atrPercent": 0.561447286338118,
  "distanceToResistance": 2,
  "slPercent": 3,
  "tpPercent": 1.7,
  "trailingActivation": 1.02,
  "shortMomentumScore": 0,
  "overboughtScore": 0,
  "shortPatternScore": 0,
  "shootingStarDetected": false,
  "bearishEngulfingDetected": false,
  "eveningStarDetected": false,
  "bearishPatternsCount": 0,
  "shortTotalScore": 0,
  "chaikin": 0.3175855266991798,
  "obvIncreasing": false,
  "obvTrend": "declining",
  "adx": 23.80952380952378,
  "recentCandles": {
    "redCount": 1,
    "greenCount": 9
  },
  "resistanceDistance": 100,
  "multiplePatterns": false,
  "bullishPattern": false,
  "priceAboveVWAP": false,
  "breakingResistance": false,
  "atrSufficient": false,
  "macdDivergenceBearish": false,
  "rvolMin1": -0.18042096635842256,
  "rvolMin5": -0.15724448840146021,
  "atrPercentileOld": 0.0975609756097561,
  "vwapDeviation": -2.087770697724341,
  "bbWidthPercent": 2.8591612859165805,
  "bbSqueeze": true,
  "multiTFMomentum": {
    "min1": {
      "roc1": 0,
      "roc3": 0.013303769401330295
    },
    "min5": {
      "roc1": 0.0021881838074398877,
      "roc3": 0.013274336283185915
    },
    "min15": {
      "roc1": 0.0021881838074398877,
      "roc3": 0.015521064301552088
    },
    "hourly": {
      "roc1": 0.03555555555555565,
      "roc3": 0.015250544662309351
    },
    "fourHour": {
      "roc1": 0.019693654266958533,
      "roc3": 0.0021505376344086637
    },
    "divergenceShortUpLongDown": false
  },
  "returnZMin5": 0.44920496470503585,
  "wickClosePct": 1,
  "wickUpper": 0,
  "wickLower": 0,
  "wickRatio": 0,
  "donchianBreakout15": false,
  "bbWidthPercentile15": 0.19480519480519481,
  "signedMin5": 790674.4000000003,
  "signedMin5Z": 8.563092569124665,
  "signedMin1": 187283.39999999997,
  "signedMin1Z": 4.047560582511643,
  "streakMin1": {
    "upStreak": 0,
    "downStreak": 0
  },
  "streakMin5": {
    "upStreak": 1,
    "downStreak": 0
  },
  "rvolPercentileMin1": 0.6416666666666667,
  "rvolPercentileMin5": 0.6666666666666666,
  "perTfMetrics": {
    "min1": {
      "sma20": 0.045270000000000005,
      "sma50": 0.04565,
      "ema20": 0.045367583411710606,
      "ema50": 0.04555646602766267,
      "vwma20": 0.04532243607881312,
      "hma21": 0.04518701298701298,
      "atr14": 0.0001999999999999998,
      "atrPercentile": 0.35297079556898286,
      "rvolZ": -0.18042096635842256,
      "rvolPercentile": 0.6416666666666667,
      "mfi14": 90.36002539850311,
      "ppo": {
        "ppo": -0.11699342585958612,
        "signal": -0.30670635999274837,
        "histogram": 0.18971293413316226
      },
      "stochRsi": {
        "k": 100,
        "d": 58.968253968253975
      },
      "vprofile": {
        "vpBins": [
          0,
          0.04403159148226279,
          0,
          0.014703550779263146,
          0.11239049025050048,
          0.028075378302947995,
          0.022919970335614902,
          0.21951770326334427,
          0.045303616181303824,
          0.15910755425803033,
          0.04795074463932369,
          0.03994554202316148,
          0.022291490256163667,
          0.0851005497617016,
          0.10052834005981094,
          0.008971840211027125,
          0.047295627408661604,
          0,
          0.0018660107868822642,
          0
        ],
        "currentBinShare": 0.15910755425803033
      },
      "ttm": {
        "squeeze": false,
        "release": false,
        "widthPct": 2.1113855790322047
      }
    },
    "min5": {
      "sma20": 0.045435,
      "sma50": 0.045698000000000016,
      "ema20": 0.045474347739275604,
      "ema50": 0.045645829654333586,
      "vwma20": 0.045483825314626546,
      "hma21": 0.045111255411255415,
      "atr14": 0.00025714285714285807,
      "atrPercentile": 0.38321167883211676,
      "rvolZ": -0.15724448840146021,
      "rvolPercentile": 0.6666666666666666,
      "mfi14": 79.6300137738761,
      "ppo": {
        "ppo": -0.13963655027847582,
        "signal": -0.3147856894370491,
        "histogram": 0.17514913915857327
      },
      "stochRsi": {
        "k": 100,
        "d": 50.919913419913335
      },
      "vprofile": {
        "vpBins": [
          0.017023843954456854,
          0,
          0.07135288304802308,
          0.021402224946191047,
          0.1772473535739403,
          0.18873068916122815,
          0.08658447278179406,
          0.056981294677197675,
          0.06769859333058244,
          0.05144440032653024,
          0.07525211850090979,
          0.008441266032272205,
          0.005073838874649087,
          0.033730461843434846,
          0.07138275635463769,
          0.0042687686401791936,
          0.05704137770153741,
          0.0022201307062893593,
          0.004123525546146618,
          0
        ],
        "currentBinShare": 0.18873068916122815
      },
      "ttm": {
        "squeeze": false,
        "release": false,
        "widthPct": 2.787826835447393
      }
    },
    "min15": {
      "sma20": 0.045570000000000006,
      "sma50": 0.04587400000000001,
      "ema20": 0.04555775013031663,
      "ema50": 0.04587994880171509,
      "vwma20": 0.0455867571043234,
      "hma21": 0.04515974025974026,
      "atr14": 0.00025714285714285807,
      "atrPercentile": 0.0975609756097561,
      "rvolZ": -0.4243166450735117,
      "rvolPercentile": 0.46875,
      "mfi14": 62.349786994576824,
      "ppo": {
        "ppo": -0.30879098280994405,
        "signal": -0.3856650759970532,
        "histogram": 0.07687409318710914
      },
      "stochRsi": {
        "k": 92.3076923076921,
        "d": 42.46646026831787
      },
      "vprofile": {
        "vpBins": [
          0.024109752826093272,
          0,
          0.05719794824737844,
          0.07322492167692456,
          0.11658654039967446,
          0.17019975338623983,
          0.07648956529153159,
          0.17822912581688768,
          0.016549764598846186,
          0.01658574703532597,
          0.03930571165477752,
          0.044860109823924806,
          0.011884625583950946,
          0.06803083623855034,
          0.08744792648053835,
          0.0073874568211914045,
          0.005828767702725254,
          0.006081446415439353,
          0,
          0
        ],
        "currentBinShare": 0.11658654039967446
      },
      "ttm": {
        "squeeze": false,
        "release": false,
        "widthPct": 2.8591612859165805
      }
    },
    "hourly": {
      "sma20": 0.04596499999999999,
      "sma50": 0.047777999999999994,
      "ema20": 0.04618554936661745,
      "ema50": 0.047622872219962954,
      "vwma20": 0.04602924030440317,
      "hma21": 0.045648917748917744,
      "atr14": 0.0008714285714285721,
      "atrPercentile": 0.12732919254658384,
      "rvolZ": 0.36615023517414547,
      "rvolPercentile": 0.8244047619047619,
      "mfi14": 77.55261353938579,
      "ppo": {
        "ppo": -1.1351617676570978,
        "signal": -1.345550146910002,
        "histogram": 0.2103883792529042
      },
      "stochRsi": {
        "k": 100,
        "d": 51.35823730351094
      },
      "vprofile": {
        "vpBins": [
          0.0038031622613908956,
          0.0761664111858495,
          0.101484981197235,
          0.11929099315599395,
          0.023360308284677042,
          0.07166425753476843,
          0.03489429670652892,
          0.10515851367929684,
          0.015507509822412203,
          0.0256389872905451,
          0.020714242979771966,
          0.0007338021246337148,
          0.013966067490891234,
          0.03365266119816462,
          0.09049729458950743,
          0.10053608131834839,
          0.056571661948186906,
          0.056618405717179035,
          0.049740361514618955,
          0
        ],
        "currentBinShare": 0.101484981197235
      },
      "ttm": {
        "squeeze": true,
        "release": false,
        "widthPct": 4.8395517106659565
      }
    },
    "fourHour": {
      "sma20": 0.04914499999999999,
      "sma50": 0.055142000000000004,
      "ema20": 0.0490799941316178,
      "ema50": 0.0530948854432752,
      "vwma20": 0.04909974554408926,
      "hma21": 0.04503419913419915,
      "atr14": 0.002928571428571431,
      "atrPercentile": 0.5142857142857142,
      "rvolZ": -0.4895261719436687,
      "rvolPercentile": 0.34523809523809523,
      "mfi14": 44.30693534388873,
      "ppo": {
        "ppo": -5.115817972679698,
        "signal": -4.990856233418786,
        "histogram": -0.12496173926091281
      },
      "stochRsi": {
        "k": 90.50516003522799,
        "d": 40.218753165959164
      },
      "vprofile": {
        "vpBins": [
          0,
          0.027432656762249014,
          0.1205309887603367,
          0,
          0.10828762703817468,
          0,
          0.03005810018107352,
          0.03692437594877011,
          0.012181331378037608,
          0.06589131541912155,
          0.051568506032317274,
          0.09883496170711062,
          0.021932074807281016,
          0.05655539402741446,
          0.07456355936638735,
          0.18032338876534465,
          0.04934066644946922,
          0.06557505335691223,
          0,
          0
        ],
        "currentBinShare": 0.1205309887603367
      },
      "ttm": {
        "squeeze": false,
        "release": false,
        "widthPct": 23.320526131102483
      }
    },
    "daily": {
      "sma20": 0.058695,
      "sma50": 0.07070999999999998,
      "ema20": 0.05826361790213774,
      "ema50": 0.06707630783374334,
      "vwma20": 0,
      "hma21": 0.05045714285714285,
      "atr14": 0.007357142857142859,
      "atrPercentile": 0.13157894736842105,
      "rvolZ": 0,
      "rvolPercentile": 1,
      "mfi14": 50,
      "ppo": {
        "ppo": -10.930751481350377,
        "signal": -8.82962030899175,
        "histogram": -2.1011311723586275
      },
      "stochRsi": {
        "k": 16.563087480120036,
        "d": 28.30172866061592
      },
      "vprofile": {
        "vpBins": [
          0,
          0,
          0,
          0,
          0,
          0,
          0,
          0,
          0,
          0,
          0,
          0,
          0,
          0,
          0,
          0,
          0,
          0,
          0,
          0
        ],
        "currentBinShare": 0
      },
      "ttm": {
        "squeeze": false,
        "release": false,
        "widthPct": 44.65884396366249
      }
    }
  },
  "smaMin5": 0.045435,
  "emaMin5": 0.045474347739275604,
  "vwmaMin5": 0.045483825314626546,
  "hmaMin5": 0.045111255411255415,
  "keltner15": {
    "upper": 0.04596275013031663,
    "middle": 0.04555775013031663,
    "lower": 0.045152750130316624
  },
  "superTrend15": {
    "isBull": true,
    "finalUpper": 0.04656,
    "finalLower": 0.04494
  },
  "mfi15": 62.349786994576824,
  "stochRsi15": {
    "k": 92.3076923076921,
    "d": 42.46646026831787
  },
  "ppo15": {
    "ppo": -0.30879098280994405,
    "signal": -0.3856650759970532,
    "histogram": 0.07687409318710914
  },
  "vpMin15": {
    "vpBins": [
      0.024109752826093272,
      0,
      0.05719794824737844,
      0.07322492167692456,
      0.11658654039967446,
      0.17019975338623983,
      0.07648956529153159,
      0.17822912581688768,
      0.016549764598846186,
      0.01658574703532597,
      0.03930571165477752,
      0.044860109823924806,
      0.011884625583950946,
      0.06803083623855034,
      0.08744792648053835,
      0.0073874568211914045,
      0.005828767702725254,
      0.006081446415439353,
      0,
      0
    ],
    "currentBinShare": 0.11658654039967446
  },
  "ttm15": {
    "squeeze": false,
    "release": false,
    "widthPct": 2.8591612859165805
  },
  "marketCorrelation": {
    "hourly": {
      "btcCorrelation": 0,
      "ethCorrelation": 0,
      "btcBeta": 1,
      "ethBeta": 1,
      "btcTrend": "UNKNOWN",
      "ethTrend": "UNKNOWN",
      "tokenVol": 0,
      "btcVol": 0,
      "ethVol": 0,
      "marketDependence": 0,
      "verdict": "INSUFFICIENT_DATA"
    },
    "min15": {
      "btcCorrelation": 0,
      "ethCorrelation": 0,
      "btcBeta": 1,
      "ethBeta": 1,
      "btcTrend": "UNKNOWN",
      "ethTrend": "UNKNOWN",
      "tokenVol": 0,
      "btcVol": 0,
      "ethVol": 0,
      "marketDependence": 0,
      "verdict": "INSUFFICIENT_DATA"
    },
    "daily": {
      "btcCorrelation": 0,
      "ethCorrelation": 0,
      "btcBeta": 1,
      "ethBeta": 1,
      "btcTrend": "UNKNOWN",
      "ethTrend": "UNKNOWN",
      "tokenVol": 0,
      "btcVol": 0,
      "ethVol": 0,
      "marketDependence": 0,
      "verdict": "INSUFFICIENT_DATA"
    }
  },
  "tradeTape": {
    "totalTrades": 0,
    "totalVolume": 0,
    "buysVolume": 0,
    "sellsVolume": 0,
    "buySellRatio": 0.5,
    "vwap": 0,
    "signedVolume": 0,
    "avgTradeSize": 0,
    "tradesPerSec": 0,
    "cumulativeDelta": 0,
    "tradesLast1m": 0,
    "tradesLast5m": 0,
    "tradesLast15m": 0,
    "tradesLast1h": 0,
    "buyVWAP": 0,
    "sellVWAP": 0,
    "aggressorVWAP": 0,
    "bucketDurationMs": 60000,
    "bucketCount": 15,
    "bucketSignedVolumes": [],
    "bucketVolumes": [],
    "bucketVWAPs": [],
    "latestBucketSignedZ": 0
  },
  "enhancedMetrics": {
    "relativeVolumeZScore": -1,
    "volumePercentile": 40,
    "atrPercentile": 38.68613138686132,
    "volatilityPercentile": 40.822784810126585,
    "relativeVolatilityRatio": 0.966955148280269,
    "isHighVolume": false,
    "isHighVolatility": false,
    "isLowVolatility": false,
    "isExpandingVolatility": false,
    "isContractingVolatility": false
  },
  "orderBook": {
    "bidAskSpread": 0,
    "spreadPct": 0,
    "midPrice": 0,
    "bestBid": 0,
    "bestAsk": 0,
    "bidDepth": 0,
    "askDepth": 0,
    "orderBookImbalance": 0,
    "liquidityScore": 0,
    "depthAt1Pct": {
      "bidVolume": 0,
      "askVolume": 0,
      "imbalance": 0
    },
    "depthAt2Pct": {
      "bidVolume": 0,
      "askVolume": 0,
      "imbalance": 0
    },
    "depthAt5Pct": {
      "bidVolume": 0,
      "askVolume": 0,
      "imbalance": 0
    },
    "weightedMidPrice": 0,
    "volumeWeightedSpread": 0,
    "totalBidLevels": 0,
    "totalAskLevels": 0
  },
  "marketCap": {
    "marketCap": 0,
    "totalVolume24h": 0,
    "volumeToMarketCapRatio": 0,
    "marketCapRank": 0,
    "normalizedRank": 0,
    "isHighLiquidity": false,
    "isVeryHighLiquidity": false,
    "isLowLiquidity": true,
    "liquidityTier": "VERY_LOW"
  },
  "sweeps": {
    "sweepScore": 0,
    "sweepCount": 0,
    "sweepDirection": "NEUTRAL",
    "buySweeps": 0,
    "sellSweeps": 0,
    "avgSweepSize": 0,
    "avgSweepIntensity": 0,
    "bidLiftRatio": 0,
    "askLiftRatio": 0,
    "sweepFrequency": 0,
    "largestSweep": null,
    "recentSweepClusters": 0,
    "sweepDetails": []
  },
  "absorption": {
    "absorptionScore": 0,
    "absorptionLevel": null,
    "absorptionSide": "NONE",
    "icebergProbability": 0,
    "hiddenLiquidityEstimate": 0,
    "volumeAtPrice": {},
    "topAbsorptionLevels": [],
    "persistenceDuration": 0,
    "refillDetected": false
  },
  "orderArrival": {
    "avgInterArrivalTime": 0,
    "recentInterArrivalTime": 0,
    "accelerationRatio": 1,
    "hawkesIntensity": 0,
    "hawkesDirection": "NEUTRAL",
    "clusteringScore": 0,
    "burstCount": 0,
    "cascadeDetected": false,
    "timeToNextTrade": 0,
    "accelerationTrend": "STABLE"
  },
  "liquidityVacuum": {
    "vacuumScore": 0,
    "vacuumSide": "NONE",
    "bidVacuumSeverity": 0,
    "askVacuumSeverity": 0,
    "depthConcentration": 0,
    "priceImpact10k": 0,
    "priceImpact50k": 0,
    "priceImpact100k": 0,
    "largestGapBid": 0,
    "largestGapAsk": 0,
    "avgGapBid": 0,
    "avgGapAsk": 0,
    "bidCliffDistance": 0,
    "askCliffDistance": 0
  },
  "volatilityRegime": {
    "regime": "LOW",
    "regimeScore": -1,
    "currentATR": 0.007623,
    "avgATR": 0.008307,
    "atrPercentile": 23.7,
    "realizedVolatility": 86.52,
    "volPercentile": 15.3,
    "expanding": false,
    "contracting": false,
    "transitionProbability": 0.3,
    "daysInRegime": 3,
    "regimeStrength": 0.05
  },
  "temporalPatterns": {
    "currentHour": 6,
    "currentDay": 0,
    "currentDayName": "Sunday",
    "dayBias": "NEUTRAL",
    "hourlyProfile": [
      {
        "avgVolume": 571719.93,
        "avgATR": 0.001536,
        "avgReturn": -1.137
      },
      {
        "avgVolume": 491444.72,
        "avgATR": 0.001271,
        "avgReturn": 0.211
      },
      {
        "avgVolume": 571387.94,
        "avgATR": 0.001264,
        "avgReturn": -0.097
      },
      {
        "avgVolume": 427257.64,
        "avgATR": 0.001236,
        "avgReturn": 0.009
      },
      {
        "avgVolume": 507734.56,
        "avgATR": 0.001293,
        "avgReturn": -0.175
      },
      {
        "avgVolume": 423014.34,
        "avgATR": 0.001514,
        "avgReturn": 0.271
      },
      {
        "avgVolume": 286240.56,
        "avgATR": 0.000914,
        "avgReturn": 0.098
      },
      {
        "avgVolume": 358760.58,
        "avgATR": 0.001057,
        "avgReturn": 0.017
      },
      {
        "avgVolume": 292703.04,
        "avgATR": 0.00095,
        "avgReturn": -0.129
      },
      {
        "avgVolume": 190851.24,
        "avgATR": 0.0009,
        "avgReturn": -0.458
      },
      {
        "avgVolume": 100331.24,
        "avgATR": 0.000707,
        "avgReturn": 0.057
      },
      {
        "avgVolume": 150524.55,
        "avgATR": 0.000786,
        "avgReturn": 0.119
      },
      {
        "avgVolume": 491214.11,
        "avgATR": 0.001436,
        "avgReturn": 0.41
      },
      {
        "avgVolume": 367512.41,
        "avgATR": 0.001221,
        "avgReturn": 0.244
      },
      {
        "avgVolume": 368190.29,
        "avgATR": 0.001354,
        "avgReturn": 0.314
      },
      {
        "avgVolume": 605587.76,
        "avgATR": 0.00185,
        "avgReturn": 0.469
      },
      {
        "avgVolume": 540089.29,
        "avgATR": 0.001343,
        "avgReturn": -0.39
      },
      {
        "avgVolume": 598150.11,
        "avgATR": 0.001564,
        "avgReturn": -0.609
      },
      {
        "avgVolume": 353582.29,
        "avgATR": 0.001329,
        "avgReturn": -0.553
      },
      {
        "avgVolume": 570079.45,
        "avgATR": 0.001671,
        "avgReturn": 0.611
      },
      {
        "avgVolume": 762537.81,
        "avgATR": 0.001721,
        "avgReturn": -0.619
      },
      {
        "avgVolume": 492645.43,
        "avgATR": 0.0013,
        "avgReturn": -0.594
      },
      {
        "avgVolume": 569539.66,
        "avgATR": 0.001221,
        "avgReturn": -0.461
      },
      {
        "avgVolume": 1140892.08,
        "avgATR": 0.001814,
        "avgReturn": 0.671
      }
    ],
    "dailyProfile": [
      {
        "avgVolume": 414129.8,
        "avgATR": 0.001152,
        "avgReturn": -0.512
      },
      {
        "avgVolume": 508742.47,
        "avgATR": 0.001504,
        "avgReturn": 0.029
      },
      {
        "avgVolume": 846599.66,
        "avgATR": 0.001652,
        "avgReturn": 0.048
      },
      {
        "avgVolume": 664751.08,
        "avgATR": 0.001552,
        "avgReturn": -0.133
      },
      {
        "avgVolume": 297292.5,
        "avgATR": 0.00114,
        "avgReturn": 0.071
      },
      {
        "avgVolume": 227872.65,
        "avgATR": 0.001058,
        "avgReturn": -0.087
      },
      {
        "avgVolume": 315132.19,
        "avgATR": 0.001052,
        "avgReturn": 0.078
      }
    ],
    "favorableHours": [
      23,
      20,
      15,
      17,
      19,
      2
    ],
    "favorableWindow": false,
    "currentVsAvgVolume": 0,
    "currentVsAvgVolatility": 0,
    "anomalyDetected": true,
    "timeUntilFavorable": 9,
    "temporalScore": 0
  },
  "unifiedMicrostructure": {
    "signalDirections": {
      "vpin": "NEUTRAL",
      "sweeps": "NEUTRAL",
      "absorption": "NEUTRAL",
      "arrival": "NEUTRAL",
      "vacuum": "NONE",
      "volRegime": "FAVORABLE",
      "temporal": "UNFAVORABLE"
    },
    "consensusDirection": "NEUTRAL",
    "consensusStrength": 50,
    "bullishSignals": 1,
    "bearishSignals": 1,
    "neutralSignals": 0,
    "totalAvailableSignals": 2,
    "dominantPattern": "NONE",
    "clusters": {
      "strongBuyCluster": false,
      "distributionPattern": false,
      "accumulationPattern": false,
      "momentumCascade": false
    },
    "adaptiveWeights": {
      "vpin": 0,
      "sweeps": 0,
      "absorption": 0,
      "arrival": 0,
      "vacuum": 0,
      "volRegime": 0.021,
      "temporal": 0.02
    },
    "convictionLevel": "LOW",
    "convictionScore": 30,
    "riskAdjustment": "REDUCE",
    "timingQuality": "UNFAVORABLE",
    "signalQuality": "LOW"
  },
  "deltaAnalysis": {
    "currentDelta": 0,
    "cumulativeDelta": 0,
    "deltaPerVolume": 0,
    "deltaDirection": "NEUTRAL",
    "deltaDivergence": false,
    "institutionalRatio": 0,
    "aggressionScore": 0
  },
  "volumeProfile": {
    "pointOfControl": 0,
    "valueAreaHigh": 0,
    "valueAreaLow": 0,
    "currentPosition": "ABOVE_VALUE_AREA",
    "volumeNodes": [],
    "airPockets": []
  },
  "momentumCascade": {
    "cascadeDetected": false,
    "alignmentScore": 0.013483585473866237,
    "cascadeStrength": 0,
    "acceleratingTimeframes": [
      "15m",
      "1h"
    ],
    "divergingTimeframes": [
      "1m",
      "5m"
    ]
  },
  "breakoutConfirmation": {
    "breakoutConfirmed": false,
    "volumeConfirmation": false,
    "retestStrength": 0,
    "falseBreakoutRisk": 0,
    "breakoutQuality": "NO_BREAKOUT"
  },
  "liquidityHeatmap": {
    "liquidityScore": 0,
    "magnetDirection": "NONE",
    "magnetStrength": 0,
    "priceTarget5pct": null,
    "message": "No order book data"
  },
  "smartMoneyDivergence": {
    "divergenceDetected": false,
    "divergenceDirection": "NONE",
    "smartMoneyScore": 0.5,
    "message": "Insufficient trade data"
  },
  "microstructure": {
    "raw": -0.02188256490806616,
    "pct": 50,
    "summary": {
      "latestBucketSignedZ": 0,
      "buySellRatio": 0.5,
      "tradesPerSec": 0,
      "vwap": 0,
      "aggressorVWAP": 0,
      "vpinToxicity": "UNKNOWN",
      "sweepDirection": "NEUTRAL",
      "absorptionSide": "NONE",
      "icebergDetected": false,
      "hawkesDirection": "NEUTRAL",
      "cascadeDetected": false,
      "vacuumSide": "NONE",
      "volatilityRegime": "LOW",
      "volExpanding": false,
      "favorableTimeWindow": false,
      "temporalAnomaly": true,
      "consensusDirection": "NEUTRAL",
      "consensusStrength": 50,
      "dominantPattern": "NONE",
      "convictionLevel": "LOW",
      "riskAdjustment": "REDUCE",
      "timingQuality": "UNFAVORABLE",
      "deltaDirection": "NEUTRAL",
      "deltaDivergence": false,
      "institutionalRatio": 0,
      "volumeProfilePosition": "ABOVE_VALUE_AREA",
      "pointOfControl": 0,
      "momentumCascadeDetected": false,
      "cascadeStrength": 0,
      "breakoutQuality": "NO_BREAKOUT",
      "breakoutConfirmed": false,
      "magnetDirection": "NONE",
      "magnetStrength": 0,
      "priceTarget5pct": null,
      "nearestBidWall": 0,
      "nearestAskWall": 0,
      "divergenceDetected": false,
      "divergenceDirection": "NONE",
      "whaleAccumulation": false,
      "whaleDistribution": false,
      "retailPanic": false,
      "smartMoneyScore": 0.5
    }
  }
}

=== MICROSTRUCTURE ALERTS ===

🔬 VPIN: Insufficient data for VPIN analysis

🌊 SWEEP DETECTION: No significant sweeps detected

🧊 ABSORPTION & ICEBERG: No significant absorption or iceberg orders detected

⚡ ORDER ARRIVAL DYNAMICS: Insufficient trades for analysis

🌪️ LIQUIDITY VACUUM: No significant vacuum detected

📊 VOLATILITY REGIME DETECTION:
   Current Regime: LOW
   Regime Score: -1.00 (-1=low vol, +1=extreme vol)
   Days in Regime: 3
   ATR: $0.007623 (avg: $0.008307)
   ATR Percentile: 23.7%
   Realized Volatility: 86.52% (annualized)
   Vol Percentile: 15.3%

   🔵 LOW VOLATILITY REGIME:
   ✅ Ideal for breakout setups - price coiling
   ✅ Tight stops recommended
   ✅ Can increase position size (lower risk)

   📍 MODERATE REGIME TRANSITION PROBABILITY: 30%
   Monitor for potential regime change

⏰ TEMPORAL PATTERN ANALYSIS:
   Current Time: Sunday 6:00 UTC
   Day Bias: NEUTRAL
   Current vs Avg Volume: 0x
   Current vs Avg Volatility: 0x

   ⏳ NON-FAVORABLE TIME WINDOW:
   This hour typically shows weaker activity
   Next favorable window in 9 hour(s)

   ⚠️ LOW ACTIVITY ANOMALY:
   Volume 0x below typical - Extremely quiet

   📉 LOW VOLATILITY ANOMALY:
   Volatility 0x below typical - Consolidation likely

   🔥 Best Trading Hours (UTC): 23:00, 20:00, 15:00

🎯 UNIFIED MICROSTRUCTURE INTEGRATION:
   Signal Consensus: NEUTRAL (50% agreement)
   Available Signals: 2 (1 bullish / 1 bearish / 0 neutral)
   Conviction Level: LOW (30%)
   Signal Quality: LOW
   Risk Adjustment: REDUCE
   Timing Quality: UNFAVORABLE

   ⚠️ LOW CONVICTION: Only 50% signal agreement
   Weak alignment - Reduce position size or wait for clarity

   ⚠️ RISK REDUCTION RECOMMENDED: Extreme volatility or unfavorable timing detected

   ⏰ UNFAVORABLE TIMING: Avoid trading during this hour

   Signal Directions Breakdown:
   • VPIN: NEUTRAL
   • Sweeps: NEUTRAL
   • Absorption: NEUTRAL
   • Arrival Dynamics: NEUTRAL
   • Liquidity Vacuum: NONE
   • Vol Regime: FAVORABLE
   • Temporal: UNFAVORABLE

   Adaptive Weights (Total: 4.1%):
   • VPIN: 0.0%
   • Sweeps: 0.0%
   • Absorption: 0.0%
   • Arrival: 0.0%
   • Vacuum: 0.0%
   • Vol Regime: 2.1%
   • Temporal: 2.0%


💹 DELTA ANALYSIS (Order Flow Aggression):
   Direction: NEUTRAL
   Delta Per Volume: 0.00%
   Institutional Ratio: 0.0%
   Aggression Score: 0.0%

📊 VOLUME PROFILE (Support/Resistance Strength):
   Point of Control (POC): $0.000000
   Value Area High: $0.000000
   Value Area Low: $0.000000
   Current Position: ABOVE_VALUE_AREA
   ⚠️ DISTRIBUTION RISK: Price above value area - potential rejection zone

⚡ MOMENTUM CASCADE (Multi-Timeframe Alignment):
   Cascade Detected: NO
   Alignment Score: 1.3%
   Cascade Strength: 0.0%
   Accelerating: 15m, 1h
   Diverging: 1m, 5m

💥 BREAKOUT CONFIRMATION:
   Quality: NO_BREAKOUT
   Volume Confirmation: NO
   Retest Strength: 0.0%
   False Breakout Risk: 0.0%
   No breakout detected - price below resistance


levels:
Entry=0.0457084, StopLoss=0.044337148, TakeProfit=0.046096921400000004, 0.0464854428, 0.046796259920000007

---

=== Token: STRK (STRK) ===
Contract: STRK-USD
Timestamp: 2025-02-06T13:40:00.000Z

Calculations:
{
  "momentumScore": 45.24698813558118,
  "volumeScore": 55,
  "patternScore": 60.68994250399455,
  "totalScore": 48.36362053684088,
  "finalScore": 48.36362053684088,
  "weights": "0.23,0.45,0.23",
  "hourlyUptrend": false,
  "rsi": 38.46153846153846,
  "ultraShortVolumeSurge": 1.9610143309539225,
  "baseVolumeSurge": 0.023267539849550347,
  "currentPrice": 0.25,
  "resistance": 0.255,
  "support": 0.246,
  "rocMin5": 0,
  "shortROC": 0,
  "priceAcceleration": 0.000004016064257028216,
  "buySellRatio": 0.45750998902523915,
  "macdHistogram": -0.0007455638260364957,
  "stochasticK": 40,
  "atr": 0.0015000000000000013,
  "bbUpper": 0.2558149736224272,
  "bbLower": 0.24728502637757277,
  "hammerDetected": false,
  "engulfingDetected": false,
  "compressionSpring": {
    "detected": true,
    "confidence": 66,
    "signals": {
      "sidewaysPrice": true,
      "atrCompression": true,
      "bbSqueeze": true,
      "consolidationTime": true,
      "strongBuying": false,
      "obvPositive": false,
      "chaikinPositive": false,
      "rsiNeutral": true,
      "volumeBuilding": false
    },
    "metrics": {
      "priceRange": 4.07,
      "atrRatio": 0.778,
      "bbWidth": 3.39,
      "volumeRatio": 0.881,
      "signalCount": 5,
      "buySellRatio": 0.458
    }
  },
  "riskTier": "MEDIUM",
  "atrPercent": 0.8285714285714294,
  "distanceToResistance": 2.0000000000000018,
  "slPercent": 3,
  "tpPercent": 1.7000000000000015,
  "trailingActivation": 1.020000000000001,
  "shortMomentumScore": 0,
  "overboughtScore": 0,
  "shortPatternScore": 0,
  "shootingStarDetected": false,
  "bearishEngulfingDetected": false,
  "eveningStarDetected": false,
  "bearishPatternsCount": 0,
  "shortTotalScore": 0,
  "chaikin": 0.23149434335015667,
  "obvIncreasing": true,
  "obvTrend": "increasing",
  "adx": 5.2631578947368345,
  "recentCandles": {
    "redCount": 3,
    "greenCount": 7
  },
  "resistanceDistance": 2.0000000000000018,
  "multiplePatterns": false,
  "bullishPattern": false,
  "priceAboveVWAP": false,
  "breakingResistance": false,
  "atrSufficient": false,
  "macdDivergenceBearish": true,
  "rvolMin1": 1.5124744066758093,
  "rvolMin5": 1.7523617245277536,
  "atrPercentileOld": 0.5609756097560976,
  "vwapDeviation": -0.8891963122299235,
  "bbWidthPercent": 3.390954977083861,
  "bbSqueeze": false,
  "multiTFMomentum": {
    "min1": {
      "roc1": -0.003984063745019924,
      "roc3": 0.004016064257028116
    },
    "min5": {
      "roc1": 0,
      "roc3": 0.004016064257028116
    },
    "min15": {
      "roc1": 0,
      "roc3": 0
    },
    "hourly": {
      "roc1": 0.016194331983805682,
      "roc3": -0.015686274509803935
    },
    "fourHour": {
      "roc1": -0.0039682539682539715,
      "roc3": 0
    },
    "divergenceShortUpLongDown": false
  },
  "returnZMin5": 0.004451480923433584,
  "wickClosePct": 0,
  "wickUpper": 0,
  "wickLower": 0,
  "wickRatio": 0,
  "donchianBreakout15": false,
  "bbWidthPercentile15": 0.7142857142857143,
  "signedMin5": 210944.41999999993,
  "signedMin5Z": 24.072822024386525,
  "signedMin1": 224278.37000000005,
  "signedMin1Z": 30.550077884807177,
  "streakMin1": {
    "upStreak": 0,
    "downStreak": 0
  },
  "streakMin5": {
    "upStreak": 0,
    "downStreak": 1
  },
  "rvolPercentileMin1": 0.9673611111111111,
  "rvolPercentileMin5": 0.9479166666666666,
  "perTfMetrics": {
    "min1": {
      "sma20": 0.24965,
      "sma50": 0.2514800000000001,
      "ema20": 0.2499962286364558,
      "ema50": 0.2510060539352812,
      "vwma20": 0.24982510156252602,
      "hma21": 0.24791341991341995,
      "atr14": 0.001285714285714287,
      "atrPercentile": 0.6958710976837865,
      "rvolZ": 1.5124744066758093,
      "rvolPercentile": 0.9673611111111111,
      "mfi14": 35.52706611491023,
      "ppo": {
        "ppo": -0.2617386913772491,
        "signal": -0.3514039445270518,
        "histogram": 0.08966525314980273
      },
      "stochRsi": {
        "k": 86.53846153846158,
        "d": 52.54467754467754
      },
      "vprofile": {
        "vpBins": [
          0.007125304993888064,
          0.012840992947024711,
          0,
          0.029541685892066592,
          0,
          0.05000583460743475,
          0.1051839716702009,
          0,
          0.1668032540898521,
          0,
          0.10954024968100572,
          0.10328104225515145,
          0,
          0.2150118487412521,
          0,
          0.08304014598442352,
          0.10524193256667529,
          0,
          0.012383736571024654,
          0
        ],
        "currentBinShare": 0.1668032540898521
      },
      "ttm": {
        "squeeze": false,
        "release": false,
        "widthPct": 2.4444055761894448
      }
    },
    "min5": {
      "sma20": 0.25089999999999996,
      "sma50": 0.2519200000000001,
      "ema20": 0.2502999244449106,
      "ema50": 0.2512039840536789,
      "vwma20": 0.25220552348151154,
      "hma21": 0.24713419913419923,
      "atr14": 0.0015000000000000013,
      "atrPercentile": 0.5766423357664233,
      "rvolZ": 1.7523617245277536,
      "rvolPercentile": 0.9479166666666666,
      "mfi14": 14.058652414749048,
      "ppo": {
        "ppo": -0.33658241417552687,
        "signal": -0.34146525107435083,
        "histogram": 0.004882836898823961
      },
      "stochRsi": {
        "k": 40.828402366863884,
        "d": 35.04273504273504
      },
      "vprofile": {
        "vpBins": [
          0,
          0.009746782859272121,
          0.008383163443614111,
          0.027326256388835853,
          0.11383733625581788,
          0.10216223485424626,
          0,
          0.10289635488556255,
          0.07125074759542525,
          0.15619145692296504,
          0.07859162407479992,
          0.07764781608224029,
          0.0689218243236762,
          0,
          0.04372866109814741,
          0.0922074948694957,
          0.01740133144597046,
          0.021412068747054577,
          0.0027543850361185784,
          0.005540461116757793
        ],
        "currentBinShare": 0.10216223485424626
      },
      "ttm": {
        "squeeze": false,
        "release": false,
        "widthPct": 4.123560671622978
      }
    },
    "min15": {
      "sma20": 0.25155,
      "sma50": 0.2515400000000001,
      "ema20": 0.2510828362549719,
      "ema50": 0.25166467278787924,
      "vwma20": 0.2525279019358372,
      "hma21": 0.2498354978354979,
      "atr14": 0.0020714285714285735,
      "atrPercentile": 0.5609756097560976,
      "rvolZ": 1.2814565505122888,
      "rvolPercentile": 0.9166666666666666,
      "mfi14": 74.00268119313094,
      "ppo": {
        "ppo": -0.26941268729324097,
        "signal": -0.13757693102086554,
        "histogram": -0.13183575627237543
      },
      "stochRsi": {
        "k": 36.25000000000005,
        "d": 42.6984126984127
      },
      "vprofile": {
        "vpBins": [
          0,
          0,
          0.024144495342616663,
          0.022292739711782972,
          0.07106579624671854,
          0.15793560817815233,
          0,
          0.0896302590254303,
          0.15462547342363256,
          0.18196459600936188,
          0.10096117709989369,
          0.033931345332823916,
          0.11589945735880954,
          0,
          0.03238222436913455,
          0.0015089604154669087,
          0.0036662380731210457,
          0.00779711793994132,
          0.0021945114731139765,
          0
        ],
        "currentBinShare": 0.15793560817815233
      },
      "ttm": {
        "squeeze": false,
        "release": false,
        "widthPct": 3.390954977083861
      }
    },
    "hourly": {
      "sma20": 0.2511,
      "sma50": 0.25490000000000007,
      "ema20": 0.25193133792149197,
      "ema50": 0.2552297179340005,
      "vwma20": 0.25209808490382807,
      "hma21": 0.2522727272727272,
      "atr14": 0.003785714285714289,
      "atrPercentile": 0.06521739130434782,
      "rvolZ": -0.24490511261866305,
      "rvolPercentile": 0.5386904761904762,
      "mfi14": 66.84259494641044,
      "ppo": {
        "ppo": -0.4624321580118315,
        "signal": -0.4578696673597385,
        "histogram": -0.004562490652093021
      },
      "stochRsi": {
        "k": 65.65656565656568,
        "d": 49.46236559139785
      },
      "vprofile": {
        "vpBins": [
          0,
          0,
          0.10948593715332225,
          0.09164604412586579,
          0,
          0.048054865153742965,
          0.04933238989511718,
          0.11261849926369,
          0.15753846726067675,
          0.10140473597546276,
          0.034178216766159966,
          0.007632946432734905,
          0,
          0.007266494551961464,
          0.013348950082917678,
          0.021890106189363854,
          0.04181020117918956,
          0.09173629100035369,
          0.09237988149010937,
          0.019675973479331865
        ],
        "currentBinShare": 0.11261849926369
      },
      "ttm": {
        "squeeze": true,
        "release": false,
        "widthPct": 3.558471987843686
      }
    },
    "fourHour": {
      "sma20": 0.25355000000000005,
      "sma50": 0.29982,
      "ema20": 0.2606831616101209,
      "ema50": 0.2894334433239722,
      "vwma20": 0.2528458728870047,
      "hma21": 0.2546493506493506,
      "atr14": 0.010785714285714296,
      "atrPercentile": 0.2,
      "rvolZ": -0.25186577123947335,
      "rvolPercentile": 0.4880952380952381,
      "mfi14": 37.17078609909772,
      "ppo": {
        "ppo": -4.709184589965573,
        "signal": -5.664051675787949,
        "histogram": 0.954867085822376
      },
      "stochRsi": {
        "k": 46.60860231052917,
        "d": 43.34265299782541
      },
      "vprofile": {
        "vpBins": [
          0,
          0,
          0,
          0.16829850961280587,
          0,
          0.06130937456184833,
          0.04522330865193942,
          0.12874855458098997,
          0.0674266967699533,
          0.03239772009032246,
          0.012671047849010032,
          0,
          0,
          0.01656774236240685,
          0.024277009043457847,
          0.07509750947491593,
          0.21213689696340984,
          0.05796375379480595,
          0.06361903080608179,
          0.03426284543805245
        ],
        "currentBinShare": 0.12874855458098997
      },
      "ttm": {
        "squeeze": false,
        "release": false,
        "widthPct": 13.91934218869241
      }
    },
    "daily": {
      "sma20": 0.33755000000000007,
      "sma50": 0.41698000000000013,
      "ema20": 0.3296572092787014,
      "ema50": 0.40456087197768287,
      "vwma20": 0,
      "hma21": 0.26049350649350644,
      "atr14": 0.037,
      "atrPercentile": 0.3815789473684211,
      "rvolZ": 0,
      "rvolPercentile": 1,
      "mfi14": 50,
      "ppo": {
        "ppo": -14.727646402868947,
        "signal": -11.548154954590533,
        "histogram": -3.179491448278414
      },
      "stochRsi": {
        "k": 0,
        "d": 20.218112444773634
      },
      "vprofile": {
        "vpBins": [
          0,
          0,
          0,
          0,
          0,
          0,
          0,
          0,
          0,
          0,
          0,
          0,
          0,
          0,
          0,
          0,
          0,
          0,
          0,
          0
        ],
        "currentBinShare": 0
      },
      "ttm": {
        "squeeze": false,
        "release": true,
        "widthPct": 63.36253795504659
      }
    }
  },
  "smaMin5": 0.25089999999999996,
  "emaMin5": 0.2502999244449106,
  "vwmaMin5": 0.25220552348151154,
  "hmaMin5": 0.24713419913419923,
  "keltner15": {
    "upper": 0.25438283625497193,
    "middle": 0.2510828362549719,
    "lower": 0.2477828362549719
  },
  "superTrend15": {
    "isBull": false,
    "finalUpper": 0.2571,
    "finalLower": 0.2439
  },
  "mfi15": 74.00268119313094,
  "stochRsi15": {
    "k": 36.25000000000005,
    "d": 42.6984126984127
  },
  "ppo15": {
    "ppo": -0.26941268729324097,
    "signal": -0.13757693102086554,
    "histogram": -0.13183575627237543
  },
  "vpMin15": {
    "vpBins": [
      0,
      0,
      0.024144495342616663,
      0.022292739711782972,
      0.07106579624671854,
      0.15793560817815233,
      0,
      0.0896302590254303,
      0.15462547342363256,
      0.18196459600936188,
      0.10096117709989369,
      0.033931345332823916,
      0.11589945735880954,
      0,
      0.03238222436913455,
      0.0015089604154669087,
      0.0036662380731210457,
      0.00779711793994132,
      0.0021945114731139765,
      0
    ],
    "currentBinShare": 0.15793560817815233
  },
  "ttm15": {
    "squeeze": false,
    "release": false,
    "widthPct": 3.390954977083861
  },
  "marketCorrelation": {
    "hourly": {
      "btcCorrelation": 0,
      "ethCorrelation": 0,
      "btcBeta": 1,
      "ethBeta": 1,
      "btcTrend": "UNKNOWN",
      "ethTrend": "UNKNOWN",
      "tokenVol": 0,
      "btcVol": 0,
      "ethVol": 0,
      "marketDependence": 0,
      "verdict": "INSUFFICIENT_DATA"
    },
    "min15": {
      "btcCorrelation": 0,
      "ethCorrelation": 0,
      "btcBeta": 1,
      "ethBeta": 1,
      "btcTrend": "UNKNOWN",
      "ethTrend": "UNKNOWN",
      "tokenVol": 0,
      "btcVol": 0,
      "ethVol": 0,
      "marketDependence": 0,
      "verdict": "INSUFFICIENT_DATA"
    },
    "daily": {
      "btcCorrelation": 0,
      "ethCorrelation": 0,
      "btcBeta": 1,
      "ethBeta": 1,
      "btcTrend": "UNKNOWN",
      "ethTrend": "UNKNOWN",
      "tokenVol": 0,
      "btcVol": 0,
      "ethVol": 0,
      "marketDependence": 0,
      "verdict": "INSUFFICIENT_DATA"
    }
  },
  "tradeTape": {
    "totalTrades": 0,
    "totalVolume": 0,
    "buysVolume": 0,
    "sellsVolume": 0,
    "buySellRatio": 0.5,
    "vwap": 0,
    "signedVolume": 0,
    "avgTradeSize": 0,
    "tradesPerSec": 0,
    "cumulativeDelta": 0,
    "tradesLast1m": 0,
    "tradesLast5m": 0,
    "tradesLast15m": 0,
    "tradesLast1h": 0,
    "buyVWAP": 0,
    "sellVWAP": 0,
    "aggressorVWAP": 0,
    "bucketDurationMs": 60000,
    "bucketCount": 15,
    "bucketSignedVolumes": [],
    "bucketVolumes": [],
    "bucketVWAPs": [],
    "latestBucketSignedZ": 0
  },
  "enhancedMetrics": {
    "relativeVolumeZScore": -1,
    "volumePercentile": 40,
    "atrPercentile": 54.01459854014598,
    "volatilityPercentile": 62.9746835443038,
    "relativeVolatilityRatio": 1.0546031897706933,
    "isHighVolume": false,
    "isHighVolatility": false,
    "isLowVolatility": false,
    "isExpandingVolatility": false,
    "isContractingVolatility": false
  },
  "orderBook": {
    "bidAskSpread": 0,
    "spreadPct": 0,
    "midPrice": 0,
    "bestBid": 0,
    "bestAsk": 0,
    "bidDepth": 0,
    "askDepth": 0,
    "orderBookImbalance": 0,
    "liquidityScore": 0,
    "depthAt1Pct": {
      "bidVolume": 0,
      "askVolume": 0,
      "imbalance": 0
    },
    "depthAt2Pct": {
      "bidVolume": 0,
      "askVolume": 0,
      "imbalance": 0
    },
    "depthAt5Pct": {
      "bidVolume": 0,
      "askVolume": 0,
      "imbalance": 0
    },
    "weightedMidPrice": 0,
    "volumeWeightedSpread": 0,
    "totalBidLevels": 0,
    "totalAskLevels": 0
  },
  "marketCap": {
    "marketCap": 0,
    "totalVolume24h": 0,
    "volumeToMarketCapRatio": 0,
    "marketCapRank": 0,
    "normalizedRank": 0,
    "isHighLiquidity": false,
    "isVeryHighLiquidity": false,
    "isLowLiquidity": true,
    "liquidityTier": "VERY_LOW"
  },
  "sweeps": {
    "sweepScore": 0,
    "sweepCount": 0,
    "sweepDirection": "NEUTRAL",
    "buySweeps": 0,
    "sellSweeps": 0,
    "avgSweepSize": 0,
    "avgSweepIntensity": 0,
    "bidLiftRatio": 0,
    "askLiftRatio": 0,
    "sweepFrequency": 0,
    "largestSweep": null,
    "recentSweepClusters": 0,
    "sweepDetails": []
  },
  "absorption": {
    "absorptionScore": 0,
    "absorptionLevel": null,
    "absorptionSide": "NONE",
    "icebergProbability": 0,
    "hiddenLiquidityEstimate": 0,
    "volumeAtPrice": {},
    "topAbsorptionLevels": [],
    "persistenceDuration": 0,
    "refillDetected": false
  },
  "orderArrival": {
    "avgInterArrivalTime": 0,
    "recentInterArrivalTime": 0,
    "accelerationRatio": 1,
    "hawkesIntensity": 0,
    "hawkesDirection": "NEUTRAL",
    "clusteringScore": 0,
    "burstCount": 0,
    "cascadeDetected": false,
    "timeToNextTrade": 0,
    "accelerationTrend": "STABLE"
  },
  "liquidityVacuum": {
    "vacuumScore": 0,
    "vacuumSide": "NONE",
    "bidVacuumSeverity": 0,
    "askVacuumSeverity": 0,
    "depthConcentration": 0,
    "priceImpact10k": 0,
    "priceImpact50k": 0,
    "priceImpact100k": 0,
    "largestGapBid": 0,
    "largestGapAsk": 0,
    "avgGapBid": 0,
    "avgGapAsk": 0,
    "bidCliffDistance": 0,
    "askCliffDistance": 0
  },
  "volatilityRegime": {
    "regime": "NORMAL",
    "regimeScore": 0,
    "currentATR": 0.037615,
    "avgATR": 0.034446,
    "atrPercentile": 39.5,
    "realizedVolatility": 92.97,
    "volPercentile": 52.5,
    "expanding": false,
    "contracting": false,
    "transitionProbability": 0,
    "daysInRegime": 3,
    "regimeStrength": 0.6
  },
  "temporalPatterns": {
    "currentHour": 6,
    "currentDay": 0,
    "currentDayName": "Sunday",
    "dayBias": "NEUTRAL",
    "hourlyProfile": [
      {
        "avgVolume": 48942,
        "avgATR": 0.007,
        "avgReturn": -0.873
      },
      {
        "avgVolume": 61138.55,
        "avgATR": 0.007786,
        "avgReturn": -0.897
      },
      {
        "avgVolume": 158853.88,
        "avgATR": 0.006786,
        "avgReturn": -0.571
      },
      {
        "avgVolume": 79059.08,
        "avgATR": 0.005214,
        "avgReturn": 0.599
      },
      {
        "avgVolume": 48768.41,
        "avgATR": 0.004643,
        "avgReturn": -0.048
      },
      {
        "avgVolume": 67855.39,
        "avgATR": 0.006214,
        "avgReturn": 0.46
      },
      {
        "avgVolume": 70025.46,
        "avgATR": 0.004786,
        "avgReturn": 0.478
      },
      {
        "avgVolume": 40371.46,
        "avgATR": 0.005571,
        "avgReturn": -0.413
      },
      {
        "avgVolume": 48054.53,
        "avgATR": 0.0045,
        "avgReturn": -0.133
      },
      {
        "avgVolume": 34871.87,
        "avgATR": 0.004786,
        "avgReturn": 0.005
      },
      {
        "avgVolume": 47615.3,
        "avgATR": 0.004357,
        "avgReturn": 0.38
      },
      {
        "avgVolume": 60194.49,
        "avgATR": 0.004643,
        "avgReturn": 0.11
      },
      {
        "avgVolume": 47546.57,
        "avgATR": 0.005214,
        "avgReturn": -0.032
      },
      {
        "avgVolume": 39725.97,
        "avgATR": 0.004786,
        "avgReturn": 0.156
      },
      {
        "avgVolume": 40360.08,
        "avgATR": 0.005923,
        "avgReturn": 0.584
      },
      {
        "avgVolume": 66912.96,
        "avgATR": 0.006357,
        "avgReturn": 0.129
      },
      {
        "avgVolume": 47932.57,
        "avgATR": 0.006071,
        "avgReturn": -0.567
      },
      {
        "avgVolume": 66249.54,
        "avgATR": 0.006286,
        "avgReturn": -0.38
      },
      {
        "avgVolume": 71491.49,
        "avgATR": 0.007214,
        "avgReturn": -0.724
      },
      {
        "avgVolume": 68286.66,
        "avgATR": 0.006929,
        "avgReturn": 0.419
      },
      {
        "avgVolume": 54820.33,
        "avgATR": 0.007357,
        "avgReturn": -0.31
      },
      {
        "avgVolume": 44281.69,
        "avgATR": 0.005714,
        "avgReturn": -0.722
      },
      {
        "avgVolume": 69782.67,
        "avgATR": 0.007214,
        "avgReturn": 0.248
      },
      {
        "avgVolume": 60971.71,
        "avgATR": 0.005429,
        "avgReturn": -0.395
      }
    ],
    "dailyProfile": [
      {
        "avgVolume": 47540.99,
        "avgATR": 0.006188,
        "avgReturn": -0.449
      },
      {
        "avgVolume": 174280.73,
        "avgATR": 0.0095,
        "avgReturn": 0.115
      },
      {
        "avgVolume": 55574.69,
        "avgATR": 0.006104,
        "avgReturn": -0.314
      },
      {
        "avgVolume": 35830.15,
        "avgATR": 0.004688,
        "avgReturn": 0.051
      },
      {
        "avgVolume": 36139.33,
        "avgATR": 0.004617,
        "avgReturn": 0.085
      },
      {
        "avgVolume": 44738.23,
        "avgATR": 0.005625,
        "avgReturn": -0.032
      },
      {
        "avgVolume": 27007.47,
        "avgATR": 0.004312,
        "avgReturn": -0.195
      }
    ],
    "favorableHours": [
      2,
      3,
      18,
      6,
      22,
      19
    ],
    "favorableWindow": true,
    "currentVsAvgVolume": 0,
    "currentVsAvgVolatility": 0,
    "anomalyDetected": true,
    "timeUntilFavorable": null,
    "temporalScore": 0.5
  },
  "unifiedMicrostructure": {
    "signalDirections": {
      "vpin": "NEUTRAL",
      "sweeps": "NEUTRAL",
      "absorption": "NEUTRAL",
      "arrival": "NEUTRAL",
      "vacuum": "NONE",
      "volRegime": "NEUTRAL",
      "temporal": "FAVORABLE"
    },
    "consensusDirection": "BULLISH",
    "consensusStrength": 50,
    "bullishSignals": 1,
    "bearishSignals": 0,
    "neutralSignals": 1,
    "totalAvailableSignals": 2,
    "dominantPattern": "NONE",
    "clusters": {
      "strongBuyCluster": false,
      "distributionPattern": false,
      "accumulationPattern": false,
      "momentumCascade": false
    },
    "adaptiveWeights": {
      "vpin": 0,
      "sweeps": 0,
      "absorption": 0,
      "arrival": 0,
      "vacuum": 0,
      "volRegime": 0.03,
      "temporal": 0.02
    },
    "convictionLevel": "LOW",
    "convictionScore": 30,
    "riskAdjustment": "NORMAL",
    "timingQuality": "FAVORABLE",
    "signalQuality": "LOW"
  },
  "deltaAnalysis": {
    "currentDelta": 0,
    "cumulativeDelta": 0,
    "deltaPerVolume": 0,
    "deltaDirection": "NEUTRAL",
    "deltaDivergence": false,
    "institutionalRatio": 0,
    "aggressionScore": 0
  },
  "volumeProfile": {
    "pointOfControl": 0,
    "valueAreaHigh": 0,
    "valueAreaLow": 0,
    "currentPosition": "ABOVE_VALUE_AREA",
    "volumeNodes": [],
    "airPockets": []
  },
  "momentumCascade": {
    "cascadeDetected": false,
    "alignmentScore": -0.00004921452802828148,
    "cascadeStrength": 0,
    "acceleratingTimeframes": [],
    "divergingTimeframes": [
      "1m",
      "15m",
      "1h"
    ]
  },
  "breakoutConfirmation": {
    "breakoutConfirmed": false,
    "volumeConfirmation": false,
    "retestStrength": 0,
    "falseBreakoutRisk": 0,
    "breakoutQuality": "NO_BREAKOUT"
  },
  "liquidityHeatmap": {
    "liquidityScore": 0,
    "magnetDirection": "NONE",
    "magnetStrength": 0,
    "priceTarget5pct": null,
    "message": "No order book data"
  },
  "smartMoneyDivergence": {
    "divergenceDetected": false,
    "divergenceDirection": "NONE",
    "smartMoneyScore": 0.5,
    "message": "Insufficient trade data"
  },
  "microstructure": {
    "raw": -0.02221888570636607,
    "pct": 50,
    "summary": {
      "latestBucketSignedZ": 0,
      "buySellRatio": 0.5,
      "tradesPerSec": 0,
      "vwap": 0,
      "aggressorVWAP": 0,
      "vpinToxicity": "UNKNOWN",
      "sweepDirection": "NEUTRAL",
      "absorptionSide": "NONE",
      "icebergDetected": false,
      "hawkesDirection": "NEUTRAL",
      "cascadeDetected": false,
      "vacuumSide": "NONE",
      "volatilityRegime": "NORMAL",
      "volExpanding": false,
      "favorableTimeWindow": true,
      "temporalAnomaly": true,
      "consensusDirection": "BULLISH",
      "consensusStrength": 50,
      "dominantPattern": "NONE",
      "convictionLevel": "LOW",
      "riskAdjustment": "NORMAL",
      "timingQuality": "FAVORABLE",
      "deltaDirection": "NEUTRAL",
      "deltaDivergence": false,
      "institutionalRatio": 0,
      "volumeProfilePosition": "ABOVE_VALUE_AREA",
      "pointOfControl": 0,
      "momentumCascadeDetected": false,
      "cascadeStrength": 0,
      "breakoutQuality": "NO_BREAKOUT",
      "breakoutConfirmed": false,
      "magnetDirection": "NONE",
      "magnetStrength": 0,
      "priceTarget5pct": null,
      "nearestBidWall": 0,
      "nearestAskWall": 0,
      "divergenceDetected": false,
      "divergenceDirection": "NONE",
      "whaleAccumulation": false,
      "whaleDistribution": false,
      "retailPanic": false,
      "smartMoneyScore": 0.5
    }
  }
}

=== MICROSTRUCTURE ALERTS ===

🔬 VPIN: Insufficient data for VPIN analysis

🌊 SWEEP DETECTION: No significant sweeps detected

🧊 ABSORPTION & ICEBERG: No significant absorption or iceberg orders detected

⚡ ORDER ARRIVAL DYNAMICS: Insufficient trades for analysis

🌪️ LIQUIDITY VACUUM: No significant vacuum detected

📊 VOLATILITY REGIME DETECTION:
   Current Regime: NORMAL
   Regime Score: 0.00 (-1=low vol, +1=extreme vol)
   Days in Regime: 3
   ATR: $0.037615 (avg: $0.034446)
   ATR Percentile: 39.5%
   Realized Volatility: 92.97% (annualized)
   Vol Percentile: 52.5%

   ⚪ NORMAL VOLATILITY:
   📊 Balanced market conditions
   ✅ Standard risk management applies

⏰ TEMPORAL PATTERN ANALYSIS:
   Current Time: Sunday 6:00 UTC
   Day Bias: NEUTRAL
   Current vs Avg Volume: 0x
   Current vs Avg Volatility: 0x

   ✅ FAVORABLE TIME WINDOW:
   This hour historically shows strong volume and positive returns
   GOOD time to trade - patterns favor entry

   ⚠️ LOW ACTIVITY ANOMALY:
   Volume 0x below typical - Extremely quiet

   📉 LOW VOLATILITY ANOMALY:
   Volatility 0x below typical - Consolidation likely

   🔥 Best Trading Hours (UTC): 2:00, 3:00, 18:00

🎯 UNIFIED MICROSTRUCTURE INTEGRATION:
   Signal Consensus: BULLISH (50% agreement)
   Available Signals: 2 (1 bullish / 0 bearish / 1 neutral)
   Conviction Level: LOW (30%)
   Signal Quality: LOW
   Risk Adjustment: NORMAL
   Timing Quality: FAVORABLE

   ⚠️ LOW CONVICTION: Only 50% signal agreement
   Weak alignment - Reduce position size or wait for clarity

   📊 NORMAL RISK LEVEL: Standard position sizing applies

   ⏰ FAVORABLE TIMING: Good time window for trading

   Signal Directions Breakdown:
   • VPIN: NEUTRAL
   • Sweeps: NEUTRAL
   • Absorption: NEUTRAL
   • Arrival Dynamics: NEUTRAL
   • Liquidity Vacuum: NONE
   • Vol Regime: NEUTRAL
   • Temporal: FAVORABLE

   Adaptive Weights (Total: 5.0%):
   • VPIN: 0.0%
   • Sweeps: 0.0%
   • Absorption: 0.0%
   • Arrival: 0.0%
   • Vacuum: 0.0%
   • Vol Regime: 3.0%
   • Temporal: 2.0%


💹 DELTA ANALYSIS (Order Flow Aggression):
   Direction: NEUTRAL
   Delta Per Volume: 0.00%
   Institutional Ratio: 0.0%
   Aggression Score: 0.0%

📊 VOLUME PROFILE (Support/Resistance Strength):
   Point of Control (POC): $0.000000
   Value Area High: $0.000000
   Value Area Low: $0.000000
   Current Position: ABOVE_VALUE_AREA
   ⚠️ DISTRIBUTION RISK: Price above value area - potential rejection zone

⚡ MOMENTUM CASCADE (Multi-Timeframe Alignment):
   Cascade Detected: NO
   Alignment Score: -0.0%
   Cascade Strength: 0.0%
   Accelerating: None
   Diverging: 1m, 15m, 1h

💥 BREAKOUT CONFIRMATION:
   Quality: NO_BREAKOUT
   Volume Confirmation: NO
   Retest Strength: 0.0%
   False Breakout Risk: 0.0%
   No breakout detected - price below resistance


levels:
Entry=0.2495, StopLoss=0.24201499999999998, TakeProfit=0.25162075, 0.25374149999999995, 0.2554381

---

=== Token: NEON (NEON) ===
Contract: NEON-USD
Timestamp: 2025-02-06T13:40:00.000Z

Calculations:
{
  "momentumScore": 62.74886013314294,
  "volumeScore": 41.13910582872756,
  "patternScore": 22.152621573067854,
  "totalScore": 37.581877463445,
  "finalScore": 37.581877463445,
  "weights": "0.23,0.45,0.23",
  "hourlyUptrend": false,
  "rsi": 49.58847736625512,
  "ultraShortVolumeSurge": 0.9296731794981353,
  "baseVolumeSurge": 0.024116146904255443,
  "currentPrice": 0.25878,
  "resistance": 0.26691,
  "support": 0.256,
  "rocMin5": 0.0006960556844548085,
  "shortROC": 0.000038644355991846046,
  "priceAcceleration": 0.00019177426827818306,
  "buySellRatio": 0.6577985506437632,
  "macdHistogram": 0.0023343582723942815,
  "stochasticK": 25.27272727272729,
  "atr": 0.0031807142857142906,
  "bbUpper": 0.26628542005932926,
  "bbLower": 0.2557745799406708,
  "hammerDetected": false,
  "engulfingDetected": false,
  "compressionSpring": {
    "detected": true,
    "confidence": 77,
    "signals": {
      "sidewaysPrice": true,
      "atrCompression": true,
      "bbSqueeze": true,
      "consolidationTime": true,
      "strongBuying": true,
      "obvPositive": false,
      "chaikinPositive": false,
      "rsiNeutral": true,
      "volumeBuilding": false
    },
    "metrics": {
      "priceRange": 4.3,
      "atrRatio": 0.329,
      "bbWidth": 4.03,
      "volumeRatio": 0.963,
      "signalCount": 6,
      "buySellRatio": 0.658
    }
  },
  "riskTier": "MEDIUM",
  "atrPercent": 1.777019641615055,
  "distanceToResistance": 3.141664734523522,
  "slPercent": 3,
  "tpPercent": 2.670415024344994,
  "trailingActivation": 1.6022490146069963,
  "shortMomentumScore": 15,
  "overboughtScore": 0,
  "shortPatternScore": 0,
  "shootingStarDetected": false,
  "bearishEngulfingDetected": false,
  "eveningStarDetected": false,
  "bearishPatternsCount": 0,
  "shortTotalScore": 6,
  "chaikin": -0.22527681398990304,
  "obvIncreasing": false,
  "obvTrend": "declining",
  "adx": 26.42543859649098,
  "recentCandles": {
    "redCount": 5,
    "greenCount": 5
  },
  "resistanceDistance": 3.141664734523522,
  "multiplePatterns": false,
  "bullishPattern": false,
  "priceAboveVWAP": false,
  "breakingResistance": false,
  "atrSufficient": true,
  "macdDivergenceBearish": false,
  "rvolMin1": -0.45905751447739945,
  "rvolMin5": -0.7044192310756889,
  "atrPercentileOld": 0.012195121951219513,
  "vwapDeviation": -15.074898988799024,
  "bbWidthPercent": 4.026678971251747,
  "bbSqueeze": false,
  "multiTFMomentum": {
    "min1": {
      "roc1": 0.004714611431000498,
      "roc3": 0.013329695599641339
    },
    "min5": {
      "roc1": 0.000038644355991846046,
      "roc3": 0.0015093463369325495
    },
    "min15": {
      "roc1": 0.0015093463369325495,
      "roc3": 0.0025569502556950017
    },
    "hourly": {
      "roc1": 0.007322743122820623,
      "roc3": -0.01641887035145466
    },
    "fourHour": {
      "roc1": 0.0013094550356249064,
      "roc3": -0.1586084142394822
    },
    "divergenceShortUpLongDown": false
  },
  "returnZMin5": 0.13667490052411424,
  "wickClosePct": 0.6737967914438524,
  "wickUpper": 0.0012099999999999889,
  "wickLower": 0.0025200000000000222,
  "wickRatio": 251.9999999997502,
  "donchianBreakout15": false,
  "bbWidthPercentile15": 0.012987012987012988,
  "signedMin5": -354907.4299999999,
  "signedMin5Z": -6.823048192460748,
  "signedMin1": 33621.49999999999,
  "signedMin1Z": 2.3593464631390715,
  "streakMin1": {
    "upStreak": 2,
    "downStreak": 0
  },
  "streakMin5": {
    "upStreak": 0,
    "downStreak": 1
  },
  "rvolPercentileMin1": 0.20625,
  "rvolPercentileMin5": 0.2152777777777778,
  "perTfMetrics": {
    "min1": {
      "sma20": 0.25752800000000003,
      "sma50": 0.25794980000000006,
      "ema20": 0.25758026813548224,
      "ema50": 0.2579951554164474,
      "vwma20": 0.257640087408235,
      "hma21": 0.2569002164502165,
      "atr14": 0.0020964285714285746,
      "atrPercentile": 0.22860020140986909,
      "rvolZ": -0.45905751447739945,
      "rvolPercentile": 0.20625,
      "mfi14": 74.66186747760167,
      "ppo": {
        "ppo": -0.006069089703886653,
        "signal": -0.10239203100550416,
        "histogram": 0.0963229413016175
      },
      "stochRsi": {
        "k": 100,
        "d": 50.568241529908846
      },
      "vprofile": {
        "vpBins": [
          0.08857220758651815,
          0.051896525739503506,
          0.037948465293860034,
          0.0558639330775878,
          0.09940273470043237,
          0.033018021039443644,
          0.033337220302484816,
          0.12118551188958263,
          0.03896733976419474,
          0.010118935650827797,
          0.04157477845988539,
          0.037217214084718175,
          0.03071338118505836,
          0.026934516416853297,
          0.05826598590107645,
          0.09181704140696133,
          0.0862819959512549,
          0.046275796730238926,
          0.003102281631515892,
          0.007506113188001931
        ],
        "currentBinShare": 0.12118551188958263
      },
      "ttm": {
        "squeeze": false,
        "release": false,
        "widthPct": 1.9858786549695708
      }
    },
    "min5": {
      "sma20": 0.2583535,
      "sma50": 0.26102960000000003,
      "ema20": 0.25890753864164096,
      "ema50": 0.2612182125105642,
      "vwma20": 0.25828823641034254,
      "hma21": 0.2575185281385282,
      "atr14": 0.0031807142857142906,
      "atrPercentile": 0.13503649635036497,
      "rvolZ": -0.7044192310756889,
      "rvolPercentile": 0.2152777777777778,
      "mfi14": 60.906656627607994,
      "ppo": {
        "ppo": -0.3419621228100997,
        "signal": -0.4028471358400902,
        "histogram": 0.0608850130299905
      },
      "stochRsi": {
        "k": 70.93141831266901,
        "d": 51.06230339051893
      },
      "vprofile": {
        "vpBins": [
          0.07195186287643587,
          0.12197193327001858,
          0.16069422946123785,
          0.16042027938290582,
          0.03554343736992161,
          0,
          0.006507909707800246,
          0.00444160988798868,
          0.04591478222426568,
          0.02009891150309665,
          0.03134595813619011,
          0.028269810258271612,
          0.04774453922953898,
          0.02947226075723248,
          0.06557111848921537,
          0.07650807455274987,
          0.03358314977957262,
          0.013773846614271374,
          0.029377188836302255,
          0.016809097662984485
        ],
        "currentBinShare": 0.16069422946123785
      },
      "ttm": {
        "squeeze": true,
        "release": false,
        "widthPct": 2.4183912350665433
      }
    },
    "min15": {
      "sma20": 0.26103000000000004,
      "sma50": 0.27764620000000007,
      "ema20": 0.26232454206239264,
      "ema50": 0.27553389202675505,
      "vwma20": 0.2608490784226966,
      "hma21": 0.2596059307359307,
      "atr14": 0.00459857142857144,
      "atrPercentile": 0.012195121951219513,
      "rvolZ": -0.35213622760607804,
      "rvolPercentile": 0.4270833333333333,
      "mfi14": 33.03682991811314,
      "ppo": {
        "ppo": -1.8456358905606869,
        "signal": -2.1863144034304565,
        "histogram": 0.3406785128697696
      },
      "stochRsi": {
        "k": 0.06768192800638197,
        "d": 42.661034816890606
      },
      "vprofile": {
        "vpBins": [
          0.04988986476233428,
          0.1471561063733532,
          0.09041273331308368,
          0.015356617737306212,
          0,
          0.04397734215158626,
          0,
          0.012346703224746377,
          0.04461386238708087,
          0.0518317848730326,
          0.059222246160534064,
          0.06665729318089636,
          0.1420645053844217,
          0.07641604745942382,
          0.023158065243534105,
          0.07599808208994226,
          0.03758365244103674,
          0.06331509321768752,
          0,
          0
        ],
        "currentBinShare": 0.1471561063733532
      },
      "ttm": {
        "squeeze": true,
        "release": false,
        "widthPct": 4.026678971251747
      }
    },
    "hourly": {
      "sma20": 0.292334,
      "sma50": 0.2891684000000001,
      "ema20": 0.28222505008353516,
      "ema50": 0.28855427904169934,
      "vwma20": 0.28772114377946806,
      "hma21": 0.24864800865800868,
      "atr14": 0.01224285714285715,
      "atrPercentile": 0.4161490683229814,
      "rvolZ": 0.017800921789325914,
      "rvolPercentile": 0.7232142857142857,
      "mfi14": 28.234557087633803,
      "ppo": {
        "ppo": -4.32743153530619,
        "signal": -2.562294521996214,
        "histogram": -1.7651370133099764
      },
      "stochRsi": {
        "k": 15.670527345237737,
        "d": 18.98697437826242
      },
      "vprofile": {
        "vpBins": [
          0.010103935390063238,
          0.007501915047719285,
          0.019665824747515322,
          0.04019337101779596,
          0.05554358096907909,
          0.0575684705554355,
          0.037514411265646995,
          0.1005840934953758,
          0.12823964716149114,
          0.06378189497299826,
          0.10895387269862897,
          0.0969199266319475,
          0.12215967999705597,
          0.011064481849705316,
          0.04928028616805706,
          0.03295463735783633,
          0.05796997067364822,
          0,
          0,
          0
        ],
        "currentBinShare": 0.04019337101779596
      },
      "ttm": {
        "squeeze": false,
        "release": false,
        "widthPct": 37.68299895160819
      }
    },
    "fourHour": {
      "sma20": 0.2812665,
      "sma50": 0.29104299999999994,
      "ema20": 0.28539863629818046,
      "ema50": 0.2801759921484386,
      "vwma20": 0.28661537818332083,
      "hma21": 0.3025814285714287,
      "atr14": 0.036889285714285715,
      "atrPercentile": 0.5571428571428572,
      "rvolZ": 0.03814435183225927,
      "rvolPercentile": 0.7142857142857143,
      "mfi14": 54.78162757551187,
      "ppo": {
        "ppo": 0.20861942917948859,
        "signal": 0.6426248870203717,
        "histogram": -0.43400545784088307
      },
      "stochRsi": {
        "k": 50.753178211309866,
        "d": 48.908485928819665
      },
      "vprofile": {
        "vpBins": [
          0.0052327386457179745,
          0.032130994904035544,
          0.024072727767180814,
          0.03987709082054714,
          0.05659900554134846,
          0.0501038808605645,
          0.0372243258212935,
          0.05973631708527871,
          0.12330058548420442,
          0.09592531466183095,
          0.1897643686569756,
          0.08184631758507828,
          0,
          0.14862201563283528,
          0,
          0.05556431653310888,
          0,
          0,
          0,
          0
        ],
        "currentBinShare": 0.05659900554134846
      },
      "ttm": {
        "squeeze": false,
        "release": false,
        "widthPct": 34.478167604733564
      }
    },
    "daily": {
      "sma20": 0.2640259999999999,
      "sma50": 0.3167456000000002,
      "ema20": 0.2807889250051221,
      "ema50": 0.3140460305959302,
      "vwma20": 0,
      "hma21": 0.2922057575757576,
      "atr14": 0.07231714285714286,
      "atrPercentile": 0.8289473684210527,
      "rvolZ": 0,
      "rvolPercentile": 1,
      "mfi14": 50,
      "ppo": {
        "ppo": -2.572376978975133,
        "signal": -4.752020545798447,
        "histogram": 2.179643566823314
      },
      "stochRsi": {
        "k": 65.54034367389623,
        "d": 54.24972158477288
      },
      "vprofile": {
        "vpBins": [
          0,
          0,
          0,
          0,
          0,
          0,
          0,
          0,
          0,
          0,
          0,
          0,
          0,
          0,
          0,
          0,
          0,
          0,
          0,
          0
        ],
        "currentBinShare": 0
      },
      "ttm": {
        "squeeze": false,
        "release": false,
        "widthPct": 66.20633044873574
      }
    }
  },
  "smaMin5": 0.2583535,
  "emaMin5": 0.25890753864164096,
  "vwmaMin5": 0.25828823641034254,
  "hmaMin5": 0.2575185281385282,
  "keltner15": {
    "upper": 0.2693430420623927,
    "middle": 0.26232454206239264,
    "lower": 0.2553060420623926
  },
  "superTrend15": {
    "isBull": true,
    "finalUpper": 0.272117,
    "finalLower": 0.24404299999999995
  },
  "mfi15": 33.03682991811314,
  "stochRsi15": {
    "k": 0.06768192800638197,
    "d": 42.661034816890606
  },
  "ppo15": {
    "ppo": -1.8456358905606869,
    "signal": -2.1863144034304565,
    "histogram": 0.3406785128697696
  },
  "vpMin15": {
    "vpBins": [
      0.04988986476233428,
      0.1471561063733532,
      0.09041273331308368,
      0.015356617737306212,
      0,
      0.04397734215158626,
      0,
      0.012346703224746377,
      0.04461386238708087,
      0.0518317848730326,
      0.059222246160534064,
      0.06665729318089636,
      0.1420645053844217,
      0.07641604745942382,
      0.023158065243534105,
      0.07599808208994226,
      0.03758365244103674,
      0.06331509321768752,
      0,
      0
    ],
    "currentBinShare": 0.1471561063733532
  },
  "ttm15": {
    "squeeze": true,
    "release": false,
    "widthPct": 4.026678971251747
  },
  "marketCorrelation": {
    "hourly": {
      "btcCorrelation": 0,
      "ethCorrelation": 0,
      "btcBeta": 1,
      "ethBeta": 1,
      "btcTrend": "UNKNOWN",
      "ethTrend": "UNKNOWN",
      "tokenVol": 0,
      "btcVol": 0,
      "ethVol": 0,
      "marketDependence": 0,
      "verdict": "INSUFFICIENT_DATA"
    },
    "min15": {
      "btcCorrelation": 0,
      "ethCorrelation": 0,
      "btcBeta": 1,
      "ethBeta": 1,
      "btcTrend": "UNKNOWN",
      "ethTrend": "UNKNOWN",
      "tokenVol": 0,
      "btcVol": 0,
      "ethVol": 0,
      "marketDependence": 0,
      "verdict": "INSUFFICIENT_DATA"
    },
    "daily": {
      "btcCorrelation": 0,
      "ethCorrelation": 0,
      "btcBeta": 1,
      "ethBeta": 1,
      "btcTrend": "UNKNOWN",
      "ethTrend": "UNKNOWN",
      "tokenVol": 0,
      "btcVol": 0,
      "ethVol": 0,
      "marketDependence": 0,
      "verdict": "INSUFFICIENT_DATA"
    }
  },
  "tradeTape": {
    "totalTrades": 0,
    "totalVolume": 0,
    "buysVolume": 0,
    "sellsVolume": 0,
    "buySellRatio": 0.5,
    "vwap": 0,
    "signedVolume": 0,
    "avgTradeSize": 0,
    "tradesPerSec": 0,
    "cumulativeDelta": 0,
    "tradesLast1m": 0,
    "tradesLast5m": 0,
    "tradesLast15m": 0,
    "tradesLast1h": 0,
    "buyVWAP": 0,
    "sellVWAP": 0,
    "aggressorVWAP": 0,
    "bucketDurationMs": 60000,
    "bucketCount": 15,
    "bucketSignedVolumes": [],
    "bucketVolumes": [],
    "bucketVWAPs": [],
    "latestBucketSignedZ": 0
  },
  "enhancedMetrics": {
    "relativeVolumeZScore": -1,
    "volumePercentile": 40,
    "atrPercentile": 13.503649635036496,
    "volatilityPercentile": 49.36708860759494,
    "relativeVolatilityRatio": 0.6067623764532606,
    "isHighVolume": false,
    "isHighVolatility": false,
    "isLowVolatility": false,
    "isExpandingVolatility": false,
    "isContractingVolatility": true
  },
  "orderBook": {
    "bidAskSpread": 0,
    "spreadPct": 0,
    "midPrice": 0,
    "bestBid": 0,
    "bestAsk": 0,
    "bidDepth": 0,
    "askDepth": 0,
    "orderBookImbalance": 0,
    "liquidityScore": 0,
    "depthAt1Pct": {
      "bidVolume": 0,
      "askVolume": 0,
      "imbalance": 0
    },
    "depthAt2Pct": {
      "bidVolume": 0,
      "askVolume": 0,
      "imbalance": 0
    },
    "depthAt5Pct": {
      "bidVolume": 0,
      "askVolume": 0,
      "imbalance": 0
    },
    "weightedMidPrice": 0,
    "volumeWeightedSpread": 0,
    "totalBidLevels": 0,
    "totalAskLevels": 0
  },
  "marketCap": {
    "marketCap": 0,
    "totalVolume24h": 0,
    "volumeToMarketCapRatio": 0,
    "marketCapRank": 0,
    "normalizedRank": 0,
    "isHighLiquidity": false,
    "isVeryHighLiquidity": false,
    "isLowLiquidity": true,
    "liquidityTier": "VERY_LOW"
  },
  "sweeps": {
    "sweepScore": 0,
    "sweepCount": 0,
    "sweepDirection": "NEUTRAL",
    "buySweeps": 0,
    "sellSweeps": 0,
    "avgSweepSize": 0,
    "avgSweepIntensity": 0,
    "bidLiftRatio": 0,
    "askLiftRatio": 0,
    "sweepFrequency": 0,
    "largestSweep": null,
    "recentSweepClusters": 0,
    "sweepDetails": []
  },
  "absorption": {
    "absorptionScore": 0,
    "absorptionLevel": null,
    "absorptionSide": "NONE",
    "icebergProbability": 0,
    "hiddenLiquidityEstimate": 0,
    "volumeAtPrice": {},
    "topAbsorptionLevels": [],
    "persistenceDuration": 0,
    "refillDetected": false
  },
  "orderArrival": {
    "avgInterArrivalTime": 0,
    "recentInterArrivalTime": 0,
    "accelerationRatio": 1,
    "hawkesIntensity": 0,
    "hawkesDirection": "NEUTRAL",
    "clusteringScore": 0,
    "burstCount": 0,
    "cascadeDetected": false,
    "timeToNextTrade": 0,
    "accelerationTrend": "STABLE"
  },
  "liquidityVacuum": {
    "vacuumScore": 0,
    "vacuumSide": "NONE",
    "bidVacuumSeverity": 0,
    "askVacuumSeverity": 0,
    "depthConcentration": 0,
    "priceImpact10k": 0,
    "priceImpact50k": 0,
    "priceImpact100k": 0,
    "largestGapBid": 0,
    "largestGapAsk": 0,
    "avgGapBid": 0,
    "avgGapAsk": 0,
    "bidCliffDistance": 0,
    "askCliffDistance": 0
  },
  "volatilityRegime": {
    "regime": "EXTREME",
    "regimeScore": 1,
    "currentATR": 0.072418,
    "avgATR": 0.040497,
    "atrPercentile": 82.9,
    "realizedVolatility": 212.76,
    "volPercentile": 100,
    "expanding": true,
    "contracting": false,
    "transitionProbability": 0.4,
    "daysInRegime": 3,
    "regimeStrength": 1.14
  },
  "temporalPatterns": {
    "currentHour": 6,
    "currentDay": 0,
    "currentDayName": "Sunday",
    "dayBias": "NEUTRAL",
    "hourlyProfile": [
      {
        "avgVolume": 374460.65,
        "avgATR": 0.010013,
        "avgReturn": -0.721
      },
      {
        "avgVolume": 298928.33,
        "avgATR": 0.012717,
        "avgReturn": -1.319
      },
      {
        "avgVolume": 423332.57,
        "avgATR": 0.016676,
        "avgReturn": 2.328
      },
      {
        "avgVolume": 319037.25,
        "avgATR": 0.012587,
        "avgReturn": 0.879
      },
      {
        "avgVolume": 265983.96,
        "avgATR": 0.012681,
        "avgReturn": -0.207
      },
      {
        "avgVolume": 225942.67,
        "avgATR": 0.011933,
        "avgReturn": -1.036
      },
      {
        "avgVolume": 239841.88,
        "avgATR": 0.011333,
        "avgReturn": -0.648
      },
      {
        "avgVolume": 189595.36,
        "avgATR": 0.010099,
        "avgReturn": -0.427
      },
      {
        "avgVolume": 210963.75,
        "avgATR": 0.013607,
        "avgReturn": 1.699
      },
      {
        "avgVolume": 180971.4,
        "avgATR": 0.010801,
        "avgReturn": -0.988
      },
      {
        "avgVolume": 222255.36,
        "avgATR": 0.011352,
        "avgReturn": 1.529
      },
      {
        "avgVolume": 341313.52,
        "avgATR": 0.01571,
        "avgReturn": 1.664
      },
      {
        "avgVolume": 387667.55,
        "avgATR": 0.020908,
        "avgReturn": 0.883
      },
      {
        "avgVolume": 554922.46,
        "avgATR": 0.021032,
        "avgReturn": -0.383
      },
      {
        "avgVolume": 559962.8,
        "avgATR": 0.018492,
        "avgReturn": 0.715
      },
      {
        "avgVolume": 603633.31,
        "avgATR": 0.019429,
        "avgReturn": -1.311
      },
      {
        "avgVolume": 468553.26,
        "avgATR": 0.01451,
        "avgReturn": 0.436
      },
      {
        "avgVolume": 280205.33,
        "avgATR": 0.013334,
        "avgReturn": -0.406
      },
      {
        "avgVolume": 293444.73,
        "avgATR": 0.014269,
        "avgReturn": 0.634
      },
      {
        "avgVolume": 333410.69,
        "avgATR": 0.015503,
        "avgReturn": -0.557
      },
      {
        "avgVolume": 208935.85,
        "avgATR": 0.012029,
        "avgReturn": -0.658
      },
      {
        "avgVolume": 292249.87,
        "avgATR": 0.013655,
        "avgReturn": -1.14
      },
      {
        "avgVolume": 264224.54,
        "avgATR": 0.012886,
        "avgReturn": 0.86
      },
      {
        "avgVolume": 621528.68,
        "avgATR": 0.013703,
        "avgReturn": 0.324
      }
    ],
    "dailyProfile": [
      {
        "avgVolume": 127761.71,
        "avgATR": 0.00876,
        "avgReturn": -0.366
      },
      {
        "avgVolume": 135610.02,
        "avgATR": 0.011155,
        "avgReturn": 0.066
      },
      {
        "avgVolume": 221423.23,
        "avgATR": 0.016335,
        "avgReturn": 0.061
      },
      {
        "avgVolume": 261418.03,
        "avgATR": 0.015315,
        "avgReturn": 0.429
      },
      {
        "avgVolume": 872832.48,
        "avgATR": 0.02234,
        "avgReturn": 0.93
      },
      {
        "avgVolume": 470296.63,
        "avgATR": 0.011442,
        "avgReturn": -0.538
      },
      {
        "avgVolume": 297574.36,
        "avgATR": 0.013684,
        "avgReturn": 0.05
      }
    ],
    "favorableHours": [
      23,
      15,
      14,
      13,
      16,
      2
    ],
    "favorableWindow": false,
    "currentVsAvgVolume": 0,
    "currentVsAvgVolatility": 0,
    "anomalyDetected": true,
    "timeUntilFavorable": 7,
    "temporalScore": 0
  },
  "unifiedMicrostructure": {
    "signalDirections": {
      "vpin": "NEUTRAL",
      "sweeps": "NEUTRAL",
      "absorption": "NEUTRAL",
      "arrival": "NEUTRAL",
      "vacuum": "NONE",
      "volRegime": "UNFAVORABLE",
      "temporal": "UNFAVORABLE"
    },
    "consensusDirection": "BEARISH",
    "consensusStrength": 100,
    "bullishSignals": 0,
    "bearishSignals": 2,
    "neutralSignals": 0,
    "totalAvailableSignals": 2,
    "dominantPattern": "NONE",
    "clusters": {
      "strongBuyCluster": false,
      "distributionPattern": false,
      "accumulationPattern": false,
      "momentumCascade": false
    },
    "adaptiveWeights": {
      "vpin": 0,
      "sweeps": 0,
      "absorption": 0,
      "arrival": 0,
      "vacuum": 0,
      "volRegime": 0.021,
      "temporal": 0.012
    },
    "convictionLevel": "HIGH",
    "convictionScore": 100,
    "riskAdjustment": "REDUCE",
    "timingQuality": "UNFAVORABLE",
    "signalQuality": "LOW"
  },
  "deltaAnalysis": {
    "currentDelta": 0,
    "cumulativeDelta": 0,
    "deltaPerVolume": 0,
    "deltaDirection": "NEUTRAL",
    "deltaDivergence": false,
    "institutionalRatio": 0,
    "aggressionScore": 0
  },
  "volumeProfile": {
    "pointOfControl": 0,
    "valueAreaHigh": 0,
    "valueAreaLow": 0,
    "currentPosition": "ABOVE_VALUE_AREA",
    "volumeNodes": [],
    "airPockets": []
  },
  "momentumCascade": {
    "cascadeDetected": false,
    "alignmentScore": -0.00529083626281592,
    "cascadeStrength": 0,
    "acceleratingTimeframes": [
      "1m"
    ],
    "divergingTimeframes": [
      "5m",
      "15m",
      "1h"
    ]
  },
  "breakoutConfirmation": {
    "breakoutConfirmed": false,
    "volumeConfirmation": false,
    "retestStrength": 0,
    "falseBreakoutRisk": 0,
    "breakoutQuality": "NO_BREAKOUT"
  },
  "liquidityHeatmap": {
    "liquidityScore": 0,
    "magnetDirection": "NONE",
    "magnetStrength": 0,
    "priceTarget5pct": null,
    "message": "No order book data"
  },
  "smartMoneyDivergence": {
    "divergenceDetected": false,
    "divergenceDirection": "NONE",
    "smartMoneyScore": 0.5,
    "message": "Insufficient trade data"
  },
  "microstructure": {
    "raw": -0.003355354337983927,
    "pct": 50,
    "summary": {
      "latestBucketSignedZ": 0,
      "buySellRatio": 0.5,
      "tradesPerSec": 0,
      "vwap": 0,
      "aggressorVWAP": 0,
      "vpinToxicity": "UNKNOWN",
      "sweepDirection": "NEUTRAL",
      "absorptionSide": "NONE",
      "icebergDetected": false,
      "hawkesDirection": "NEUTRAL",
      "cascadeDetected": false,
      "vacuumSide": "NONE",
      "volatilityRegime": "EXTREME",
      "volExpanding": true,
      "favorableTimeWindow": false,
      "temporalAnomaly": true,
      "consensusDirection": "BEARISH",
      "consensusStrength": 100,
      "dominantPattern": "NONE",
      "convictionLevel": "HIGH",
      "riskAdjustment": "REDUCE",
      "timingQuality": "UNFAVORABLE",
      "deltaDirection": "NEUTRAL",
      "deltaDivergence": false,
      "institutionalRatio": 0,
      "volumeProfilePosition": "ABOVE_VALUE_AREA",
      "pointOfControl": 0,
      "momentumCascadeDetected": false,
      "cascadeStrength": 0,
      "breakoutQuality": "NO_BREAKOUT",
      "breakoutConfirmed": false,
      "magnetDirection": "NONE",
      "magnetStrength": 0,
      "priceTarget5pct": null,
      "nearestBidWall": 0,
      "nearestAskWall": 0,
      "divergenceDetected": false,
      "divergenceDirection": "NONE",
      "whaleAccumulation": false,
      "whaleDistribution": false,
      "retailPanic": false,
      "smartMoneyScore": 0.5
    }
  }
}

=== MICROSTRUCTURE ALERTS ===

🔬 VPIN: Insufficient data for VPIN analysis

🌊 SWEEP DETECTION: No significant sweeps detected

🧊 ABSORPTION & ICEBERG: No significant absorption or iceberg orders detected

⚡ ORDER ARRIVAL DYNAMICS: Insufficient trades for analysis

🌪️ LIQUIDITY VACUUM: No significant vacuum detected

📊 VOLATILITY REGIME DETECTION:
   Current Regime: EXTREME
   Regime Score: 1.00 (-1=low vol, +1=extreme vol)
   Days in Regime: 3
   ATR: $0.072418 (avg: $0.040497)
   ATR Percentile: 82.9%
   Realized Volatility: 212.76% (annualized)
   Vol Percentile: 100.0%

   🔴 EXTREME VOLATILITY:
   🚨 HIGH RISK ENVIRONMENT!
   ⚠️ Significantly reduce position size
   ⚠️ Wide stops or avoid trading
   💡 Only for experienced traders

   🚀 VOLATILITY EXPANDING:
   💥 Breakout likely imminent!
   📈 Market transitioning to higher vol regime
   ✅ Strong signal when combined with other indicators

   📍 MODERATE REGIME TRANSITION PROBABILITY: 40%
   Monitor for potential regime change

⏰ TEMPORAL PATTERN ANALYSIS:
   Current Time: Sunday 6:00 UTC
   Day Bias: NEUTRAL
   Current vs Avg Volume: 0x
   Current vs Avg Volatility: 0x

   ⏳ NON-FAVORABLE TIME WINDOW:
   This hour typically shows weaker activity
   Next favorable window in 7 hour(s)

   ⚠️ LOW ACTIVITY ANOMALY:
   Volume 0x below typical - Extremely quiet

   📉 LOW VOLATILITY ANOMALY:
   Volatility 0x below typical - Consolidation likely

   🔥 Best Trading Hours (UTC): 23:00, 15:00, 14:00

🎯 UNIFIED MICROSTRUCTURE INTEGRATION:
   Signal Consensus: BEARISH (100% agreement)
   Available Signals: 2 (0 bullish / 2 bearish / 0 neutral)
   Conviction Level: HIGH (100%)
   Signal Quality: LOW
   Risk Adjustment: REDUCE
   Timing Quality: UNFAVORABLE

   ✅ HIGH CONVICTION: 100% of signals agree on direction
   Strong institutional alignment - Follow the smart money

   ⚠️ RISK REDUCTION RECOMMENDED: Extreme volatility or unfavorable timing detected

   ⏰ UNFAVORABLE TIMING: Avoid trading during this hour

   Signal Directions Breakdown:
   • VPIN: NEUTRAL
   • Sweeps: NEUTRAL
   • Absorption: NEUTRAL
   • Arrival Dynamics: NEUTRAL
   • Liquidity Vacuum: NONE
   • Vol Regime: UNFAVORABLE
   • Temporal: UNFAVORABLE

   Adaptive Weights (Total: 3.3%):
   • VPIN: 0.0%
   • Sweeps: 0.0%
   • Absorption: 0.0%
   • Arrival: 0.0%
   • Vacuum: 0.0%
   • Vol Regime: 2.1%
   • Temporal: 1.2%


💹 DELTA ANALYSIS (Order Flow Aggression):
   Direction: NEUTRAL
   Delta Per Volume: 0.00%
   Institutional Ratio: 0.0%
   Aggression Score: 0.0%

📊 VOLUME PROFILE (Support/Resistance Strength):
   Point of Control (POC): $0.000000
   Value Area High: $0.000000
   Value Area Low: $0.000000
   Current Position: ABOVE_VALUE_AREA
   ⚠️ DISTRIBUTION RISK: Price above value area - potential rejection zone

⚡ MOMENTUM CASCADE (Multi-Timeframe Alignment):
   Cascade Detected: NO
   Alignment Score: -0.5%
   Cascade Strength: 0.0%
   Accelerating: 1m
   Diverging: 5m, 15m, 1h

💥 BREAKOUT CONFIRMATION:
   Quality: NO_BREAKOUT
   Volume Confirmation: NO
   Retest Strength: 0.0%
   False Breakout Risk: 0.0%
   No breakout detected - price below resistance


levels:
Entry=0.25826244, StopLoss=0.25051456679999995, TakeProfit=0.26171077949999993, 0.26515911899999994, 0.2679177906

---

=== Token: PRCL (PRCL) ===
Contract: PRCL-USD
Timestamp: 2025-02-06T13:40:00.000Z

Calculations:
{
  "momentumScore": 57.10308360501696,
  "volumeScore": 15,
  "patternScore": 51.583850931677055,
  "totalScore": 30.753202052147635,
  "finalScore": 30.753202052147635,
  "weights": "0.23,0.45,0.23",
  "hourlyUptrend": false,
  "rsi": 62.79069767441869,
  "ultraShortVolumeSurge": 1.0271952364307912,
  "baseVolumeSurge": 0.07406635706534243,
  "currentPrice": 0.164,
  "resistance": 0.1667,
  "support": 0.161,
  "rocMin5": -0.0018259281801582148,
  "shortROC": -0.006662628709872743,
  "priceAcceleration": -0.00044984990915800647,
  "buySellRatio": 0.407935242273708,
  "macdHistogram": -0.000050002099332546474,
  "stochasticK": 30.6122448979592,
  "atr": 0.0012714285714285703,
  "bbUpper": 0.1719925930905231,
  "bbLower": 0.1613174069094769,
  "hammerDetected": false,
  "engulfingDetected": false,
  "compressionSpring": {
    "detected": false,
    "confidence": 0,
    "signals": {
      "sidewaysPrice": true,
      "atrCompression": true,
      "bbSqueeze": false,
      "consolidationTime": true,
      "strongBuying": false,
      "obvPositive": false,
      "chaikinPositive": false,
      "rsiNeutral": false,
      "volumeBuilding": false
    },
    "metrics": {
      "priceRange": 5.53,
      "atrRatio": 0.645,
      "bbWidth": 6.41,
      "volumeRatio": 3.361,
      "signalCount": 3,
      "buySellRatio": 0.408
    }
  },
  "riskTier": "LOW",
  "atrPercent": 1.4285714285714237,
  "distanceToResistance": 1.646341463414622,
  "slPercent": 2.5,
  "tpPercent": 1.3993902439024286,
  "trailingActivation": 0.8396341463414572,
  "shortMomentumScore": 0,
  "overboughtScore": 0,
  "shortPatternScore": 30,
  "shootingStarDetected": false,
  "bearishEngulfingDetected": true,
  "eveningStarDetected": false,
  "bearishPatternsCount": 1,
  "shortTotalScore": 7.5,
  "chaikin": -0.08201470715141841,
  "obvIncreasing": true,
  "obvTrend": "increasing",
  "adx": 30.7262569832402,
  "recentCandles": {
    "redCount": 5,
    "greenCount": 5
  },
  "resistanceDistance": 1.646341463414622,
  "multiplePatterns": false,
  "bullishPattern": false,
  "priceAboveVWAP": false,
  "breakingResistance": false,
  "atrSufficient": true,
  "macdDivergenceBearish": true,
  "rvolMin1": 0.3819978229500603,
  "rvolMin5": 0.2512288546114589,
  "atrPercentileOld": 0.8414634146341463,
  "vwapDeviation": -0.8617208151977341,
  "bbWidthPercent": 6.405560097834558,
  "bbSqueeze": false,
  "multiTFMomentum": {
    "min1": {
      "roc1": -0.003028467595396732,
      "roc3": -0.006038647342995174
    },
    "min5": {
      "roc1": -0.006662628709872743,
      "roc3": -0.0018259281801582148
    },
    "min15": {
      "roc1": -0.0018259281801582148,
      "roc3": 0.008610086100861085
    },
    "hourly": {
      "roc1": 0.012915129151291628,
      "roc3": -0.030606238964096425
    },
    "fourHour": {
      "roc1": -0.03401759530791788,
      "roc3": 0.027448533998752432
    },
    "divergenceShortUpLongDown": false
  },
  "returnZMin5": -1.2215920922288785,
  "wickClosePct": 0,
  "wickUpper": 0,
  "wickLower": 0,
  "wickRatio": 0,
  "donchianBreakout15": false,
  "bbWidthPercentile15": 0.7532467532467533,
  "signedMin5": 183970.30000000002,
  "signedMin5Z": 13.434265013002841,
  "signedMin1": 100193.19999999998,
  "signedMin1Z": 8.728392789987904,
  "streakMin1": {
    "upStreak": 0,
    "downStreak": 3
  },
  "streakMin5": {
    "upStreak": 0,
    "downStreak": 1
  },
  "rvolPercentileMin1": 0.9444444444444444,
  "rvolPercentileMin5": 0.8159722222222222,
  "perTfMetrics": {
    "min1": {
      "sma20": 0.16491999999999998,
      "sma50": 0.16379800000000003,
      "ema20": 0.16480022571934486,
      "ema50": 0.16437260238003898,
      "vwma20": 0.16513795499417008,
      "hma21": 0.16529826839826842,
      "atr14": 0.0006428571428571414,
      "atrPercentile": 0.8348439073514602,
      "rvolZ": 0.3819978229500603,
      "rvolPercentile": 0.9444444444444444,
      "mfi14": 51.39663277221548,
      "ppo": {
        "ppo": 0.17614624292566955,
        "signal": 0.22566606465653152,
        "histogram": -0.049519821730861974
      },
      "stochRsi": {
        "k": 17.64705882352925,
        "d": 52.57260101010103
      },
      "vprofile": {
        "vpBins": [
          0,
          0.021218924795116566,
          0.03640297817590158,
          0.03432526768539522,
          0.061606322201420066,
          0.278418108300978,
          0.1320915965386265,
          0.049002198902098164,
          0.07430143725794772,
          0.03300686772053686,
          0.01248508882383937,
          0.014839304438613215,
          0.03669183778444484,
          0.018095201302594073,
          0.016505198786593542,
          0.041408701439768054,
          0.05721400888699237,
          0.05140426363057503,
          0.022992675751853712,
          0.007990017576705168
        ],
        "currentBinShare": 0.1320915965386265
      },
      "ttm": {
        "squeeze": false,
        "release": false,
        "widthPct": 1.1443246288707467
      }
    },
    "min5": {
      "sma20": 0.16352,
      "sma50": 0.16611400000000004,
      "ema20": 0.16418909876564422,
      "ema50": 0.1654067670713458,
      "vwma20": 0.16399548505351078,
      "hma21": 0.16413116883116882,
      "atr14": 0.0012714285714285703,
      "atrPercentile": 0.864963503649635,
      "rvolZ": 0.2512288546114589,
      "rvolPercentile": 0.8159722222222222,
      "mfi14": 74.5989485036398,
      "ppo": {
        "ppo": -0.2110806124417787,
        "signal": -0.41601513111951,
        "histogram": 0.2049345186777313
      },
      "stochRsi": {
        "k": 100,
        "d": 59.228104898565086
      },
      "vprofile": {
        "vpBins": [
          0.03522032416165984,
          0.03883860587617721,
          0.04680231764932122,
          0.017913316511091244,
          0.04988754131930729,
          0.025795656535207167,
          0.05849605517556808,
          0.10472243625392404,
          0.2033404483534646,
          0.03180384763310534,
          0.09775548780170891,
          0.014806734787218561,
          0.050269631218685676,
          0.04656469914866634,
          0.03149500854971829,
          0.04208218774037961,
          0.03490888637970105,
          0.039370526990083365,
          0.027947784999272363,
          0.0019785029157397974
        ],
        "currentBinShare": 0.10472243625392404
      },
      "ttm": {
        "squeeze": false,
        "release": false,
        "widthPct": 2.1529198361730097
      }
    },
    "min15": {
      "sma20": 0.166655,
      "sma50": 0.16641799999999995,
      "ema20": 0.1657408819685268,
      "ema50": 0.16619345523273846,
      "vwma20": 0.16564925024672,
      "hma21": 0.162308658008658,
      "atr14": 0.002342857142857135,
      "atrPercentile": 0.8414634146341463,
      "rvolZ": 3.0526374647697225,
      "rvolPercentile": 0.9791666666666666,
      "mfi14": 43.402414094497864,
      "ppo": {
        "ppo": -0.6405323438850661,
        "signal": -0.3913404874121758,
        "histogram": -0.24919185647289027
      },
      "stochRsi": {
        "k": 3.464536726797275,
        "d": 34.04702724074455
      },
      "vprofile": {
        "vpBins": [
          0.016099722089503846,
          0.030285486087903758,
          0.035731775547533866,
          0.016500925158521633,
          0.023358740422683467,
          0.037833843296383445,
          0.02976257162501704,
          0.1361803070739641,
          0.21344160826948735,
          0.033852029443240984,
          0.09240027416856009,
          0.034065347933373735,
          0.08702240868255208,
          0.052307032999768334,
          0.025468235773932816,
          0.0308852087119699,
          0.05347766815374394,
          0.04550357428044116,
          0.002852705748947376,
          0.0029705345324709735
        ],
        "currentBinShare": 0.1361803070739641
      },
      "ttm": {
        "squeeze": false,
        "release": false,
        "widthPct": 6.405560097834558
      }
    },
    "hourly": {
      "sma20": 0.165045,
      "sma50": 0.167774,
      "ema20": 0.16636581066918102,
      "ema50": 0.16903085218537128,
      "vwma20": 0.16511859903307455,
      "hma21": 0.1701718614718615,
      "atr14": 0.004485714285714283,
      "atrPercentile": 0.18012422360248448,
      "rvolZ": 1.367958764777746,
      "rvolPercentile": 0.9226190476190477,
      "mfi14": 66.72690607464983,
      "ppo": {
        "ppo": -0.16366294066737516,
        "signal": -0.2348315543094299,
        "histogram": 0.07116861364205473
      },
      "stochRsi": {
        "k": 92.3709838263103,
        "d": 57.12755169730675
      },
      "vprofile": {
        "vpBins": [
          0,
          0.03981984492689943,
          0.051721659396284925,
          0.12639735077733424,
          0.12772982852372658,
          0.11833143613811581,
          0.03468831371339259,
          0.018960953400718634,
          0,
          0.047164573542338654,
          0.06307887097641372,
          0.026766836256654918,
          0.03480526797582832,
          0.05907789607566004,
          0.07407401540978821,
          0.060068201655500655,
          0.06582501368761089,
          0.05148993754373258,
          0,
          0
        ],
        "currentBinShare": 0.12639735077733424
      },
      "ttm": {
        "squeeze": false,
        "release": false,
        "widthPct": 9.322593583548697
      }
    },
    "fourHour": {
      "sma20": 0.16908499999999996,
      "sma50": 0.20779799999999998,
      "ema20": 0.1740860757741232,
      "ema50": 0.19691100902194164,
      "vwma20": 0.16986535067281877,
      "hma21": 0.16450562770562785,
      "atr14": 0.008671428571428568,
      "atrPercentile": 0.014285714285714285,
      "rvolZ": 0.040275145240948995,
      "rvolPercentile": 0.6428571428571429,
      "mfi14": 40.508232141278,
      "ppo": {
        "ppo": -6.162438233058128,
        "signal": -7.268485366383151,
        "histogram": 1.1060471333250224
      },
      "stochRsi": {
        "k": 73.07090315607098,
        "d": 43.113012178389624
      },
      "vprofile": {
        "vpBins": [
          0,
          0,
          0.06659905645501091,
          0.07492418468444714,
          0.05548874756330247,
          0.04946548643024221,
          0.021286047650041256,
          0.021537917615064482,
          0,
          0.003913156502484533,
          0.051982685839039706,
          0.06773516069363225,
          0.08077981014414536,
          0.17175060982870027,
          0.16919076392466958,
          0.11772011199257151,
          0.011635769708614654,
          0.035990490968033514,
          0,
          0
        ],
        "currentBinShare": 0.07492418468444714
      },
      "ttm": {
        "squeeze": false,
        "release": false,
        "widthPct": 17.742756600569738
      }
    },
    "daily": {
      "sma20": 0.23137500000000003,
      "sma50": 0.294618,
      "ema20": 0.22538285130041186,
      "ema50": 0.2936961860449927,
      "vwma20": 0,
      "hma21": 0.1807800865800866,
      "atr14": 0.03919285714285714,
      "atrPercentile": 0.2631578947368421,
      "rvolZ": 0,
      "rvolPercentile": 1,
      "mfi14": 50,
      "ppo": {
        "ppo": -16.006911460503293,
        "signal": -12.65791434262862,
        "histogram": -3.3489971178746725
      },
      "stochRsi": {
        "k": 7.563746206339922,
        "d": 28.275281745205202
      },
      "vprofile": {
        "vpBins": [
          0,
          0,
          0,
          0,
          0,
          0,
          0,
          0,
          0,
          0,
          0,
          0,
          0,
          0,
          0,
          0,
          0,
          0,
          0,
          0
        ],
        "currentBinShare": 0
      },
      "ttm": {
        "squeeze": false,
        "release": false,
        "widthPct": 69.34955788432704
      }
    }
  },
  "smaMin5": 0.16352,
  "emaMin5": 0.16418909876564422,
  "vwmaMin5": 0.16399548505351078,
  "hmaMin5": 0.16413116883116882,
  "keltner15": {
    "upper": 0.16911588196852678,
    "middle": 0.1657408819685268,
    "lower": 0.1623658819685268
  },
  "superTrend15": {
    "isBull": false,
    "finalUpper": 0.17204999999999998,
    "finalLower": 0.15855000000000002
  },
  "mfi15": 43.402414094497864,
  "stochRsi15": {
    "k": 3.464536726797275,
    "d": 34.04702724074455
  },
  "ppo15": {
    "ppo": -0.6405323438850661,
    "signal": -0.3913404874121758,
    "histogram": -0.24919185647289027
  },
  "vpMin15": {
    "vpBins": [
      0.016099722089503846,
      0.030285486087903758,
      0.035731775547533866,
      0.016500925158521633,
      0.023358740422683467,
      0.037833843296383445,
      0.02976257162501704,
      0.1361803070739641,
      0.21344160826948735,
      0.033852029443240984,
      0.09240027416856009,
      0.034065347933373735,
      0.08702240868255208,
      0.052307032999768334,
      0.025468235773932816,
      0.0308852087119699,
      0.05347766815374394,
      0.04550357428044116,
      0.002852705748947376,
      0.0029705345324709735
    ],
    "currentBinShare": 0.1361803070739641
  },
  "ttm15": {
    "squeeze": false,
    "release": false,
    "widthPct": 6.405560097834558
  },
  "marketCorrelation": {
    "hourly": {
      "btcCorrelation": 0,
      "ethCorrelation": 0,
      "btcBeta": 1,
      "ethBeta": 1,
      "btcTrend": "UNKNOWN",
      "ethTrend": "UNKNOWN",
      "tokenVol": 0,
      "btcVol": 0,
      "ethVol": 0,
      "marketDependence": 0,
      "verdict": "INSUFFICIENT_DATA"
    },
    "min15": {
      "btcCorrelation": 0,
      "ethCorrelation": 0,
      "btcBeta": 1,
      "ethBeta": 1,
      "btcTrend": "UNKNOWN",
      "ethTrend": "UNKNOWN",
      "tokenVol": 0,
      "btcVol": 0,
      "ethVol": 0,
      "marketDependence": 0,
      "verdict": "INSUFFICIENT_DATA"
    },
    "daily": {
      "btcCorrelation": 0,
      "ethCorrelation": 0,
      "btcBeta": 1,
      "ethBeta": 1,
      "btcTrend": "UNKNOWN",
      "ethTrend": "UNKNOWN",
      "tokenVol": 0,
      "btcVol": 0,
      "ethVol": 0,
      "marketDependence": 0,
      "verdict": "INSUFFICIENT_DATA"
    }
  },
  "tradeTape": {
    "totalTrades": 0,
    "totalVolume": 0,
    "buysVolume": 0,
    "sellsVolume": 0,
    "buySellRatio": 0.5,
    "vwap": 0,
    "signedVolume": 0,
    "avgTradeSize": 0,
    "tradesPerSec": 0,
    "cumulativeDelta": 0,
    "tradesLast1m": 0,
    "tradesLast5m": 0,
    "tradesLast15m": 0,
    "tradesLast1h": 0,
    "buyVWAP": 0,
    "sellVWAP": 0,
    "aggressorVWAP": 0,
    "bucketDurationMs": 60000,
    "bucketCount": 15,
    "bucketSignedVolumes": [],
    "bucketVolumes": [],
    "bucketVWAPs": [],
    "latestBucketSignedZ": 0
  },
  "enhancedMetrics": {
    "relativeVolumeZScore": -1,
    "volumePercentile": 40,
    "atrPercentile": 85.03649635036497,
    "volatilityPercentile": 52.21518987341772,
    "relativeVolatilityRatio": 1.054773814269443,
    "isHighVolume": false,
    "isHighVolatility": false,
    "isLowVolatility": false,
    "isExpandingVolatility": false,
    "isContractingVolatility": false
  },
  "orderBook": {
    "bidAskSpread": 0,
    "spreadPct": 0,
    "midPrice": 0,
    "bestBid": 0,
    "bestAsk": 0,
    "bidDepth": 0,
    "askDepth": 0,
    "orderBookImbalance": 0,
    "liquidityScore": 0,
    "depthAt1Pct": {
      "bidVolume": 0,
      "askVolume": 0,
      "imbalance": 0
    },
    "depthAt2Pct": {
      "bidVolume": 0,
      "askVolume": 0,
      "imbalance": 0
    },
    "depthAt5Pct": {
      "bidVolume": 0,
      "askVolume": 0,
      "imbalance": 0
    },
    "weightedMidPrice": 0,
    "volumeWeightedSpread": 0,
    "totalBidLevels": 0,
    "totalAskLevels": 0
  },
  "marketCap": {
    "marketCap": 0,
    "totalVolume24h": 0,
    "volumeToMarketCapRatio": 0,
    "marketCapRank": 0,
    "normalizedRank": 0,
    "isHighLiquidity": false,
    "isVeryHighLiquidity": false,
    "isLowLiquidity": true,
    "liquidityTier": "VERY_LOW"
  },
  "sweeps": {
    "sweepScore": 0,
    "sweepCount": 0,
    "sweepDirection": "NEUTRAL",
    "buySweeps": 0,
    "sellSweeps": 0,
    "avgSweepSize": 0,
    "avgSweepIntensity": 0,
    "bidLiftRatio": 0,
    "askLiftRatio": 0,
    "sweepFrequency": 0,
    "largestSweep": null,
    "recentSweepClusters": 0,
    "sweepDetails": []
  },
  "absorption": {
    "absorptionScore": 0,
    "absorptionLevel": null,
    "absorptionSide": "NONE",
    "icebergProbability": 0,
    "hiddenLiquidityEstimate": 0,
    "volumeAtPrice": {},
    "topAbsorptionLevels": [],
    "persistenceDuration": 0,
    "refillDetected": false
  },
  "orderArrival": {
    "avgInterArrivalTime": 0,
    "recentInterArrivalTime": 0,
    "accelerationRatio": 1,
    "hawkesIntensity": 0,
    "hawkesDirection": "NEUTRAL",
    "clusteringScore": 0,
    "burstCount": 0,
    "cascadeDetected": false,
    "timeToNextTrade": 0,
    "accelerationTrend": "STABLE"
  },
  "liquidityVacuum": {
    "vacuumScore": 0,
    "vacuumSide": "NONE",
    "bidVacuumSeverity": 0,
    "askVacuumSeverity": 0,
    "depthConcentration": 0,
    "priceImpact10k": 0,
    "priceImpact50k": 0,
    "priceImpact100k": 0,
    "largestGapBid": 0,
    "largestGapAsk": 0,
    "avgGapBid": 0,
    "avgGapAsk": 0,
    "bidCliffDistance": 0,
    "askCliffDistance": 0
  },
  "volatilityRegime": {
    "regime": "NORMAL",
    "regimeScore": 0,
    "currentATR": 0.040385,
    "avgATR": 0.040351,
    "atrPercentile": 36.8,
    "realizedVolatility": 130.75,
    "volPercentile": 81,
    "expanding": false,
    "contracting": false,
    "transitionProbability": 0.3,
    "daysInRegime": 1,
    "regimeStrength": 0.11
  },
  "temporalPatterns": {
    "currentHour": 6,
    "currentDay": 0,
    "currentDayName": "Sunday",
    "dayBias": "NEUTRAL",
    "hourlyProfile": [
      {
        "avgVolume": 111045.63,
        "avgATR": 0.007507,
        "avgReturn": -0.355
      },
      {
        "avgVolume": 148487.22,
        "avgATR": 0.00765,
        "avgReturn": -0.79
      },
      {
        "avgVolume": 135620.89,
        "avgATR": 0.006157,
        "avgReturn": -0.681
      },
      {
        "avgVolume": 125813.56,
        "avgATR": 0.006014,
        "avgReturn": 0.687
      },
      {
        "avgVolume": 78210.76,
        "avgATR": 0.004693,
        "avgReturn": 0.061
      },
      {
        "avgVolume": 115867.45,
        "avgATR": 0.005707,
        "avgReturn": 0.456
      },
      {
        "avgVolume": 66575.45,
        "avgATR": 0.004936,
        "avgReturn": -0.13
      },
      {
        "avgVolume": 107217.81,
        "avgATR": 0.006629,
        "avgReturn": 0.071
      },
      {
        "avgVolume": 88795.04,
        "avgATR": 0.004793,
        "avgReturn": -0.175
      },
      {
        "avgVolume": 72946.83,
        "avgATR": 0.005214,
        "avgReturn": 0.24
      },
      {
        "avgVolume": 85187.43,
        "avgATR": 0.00515,
        "avgReturn": 0.145
      },
      {
        "avgVolume": 78608.87,
        "avgATR": 0.0053,
        "avgReturn": -0.194
      },
      {
        "avgVolume": 95591.48,
        "avgATR": 0.005264,
        "avgReturn": -0.228
      },
      {
        "avgVolume": 119488.49,
        "avgATR": 0.005593,
        "avgReturn": 0.557
      },
      {
        "avgVolume": 125214.35,
        "avgATR": 0.007592,
        "avgReturn": 0.625
      },
      {
        "avgVolume": 155106.1,
        "avgATR": 0.006771,
        "avgReturn": 0.362
      },
      {
        "avgVolume": 209371.69,
        "avgATR": 0.007636,
        "avgReturn": -0.759
      },
      {
        "avgVolume": 137738.93,
        "avgATR": 0.0083,
        "avgReturn": -0.274
      },
      {
        "avgVolume": 152718.01,
        "avgATR": 0.007257,
        "avgReturn": -1.23
      },
      {
        "avgVolume": 133337.67,
        "avgATR": 0.006957,
        "avgReturn": 0.215
      },
      {
        "avgVolume": 148574.29,
        "avgATR": 0.008193,
        "avgReturn": -0.426
      },
      {
        "avgVolume": 117640.93,
        "avgATR": 0.005336,
        "avgReturn": -0.475
      },
      {
        "avgVolume": 72903.65,
        "avgATR": 0.005571,
        "avgReturn": 0.051
      },
      {
        "avgVolume": 155433.18,
        "avgATR": 0.005671,
        "avgReturn": -0.107
      }
    ],
    "dailyProfile": [
      {
        "avgVolume": 163479.09,
        "avgATR": 0.007958,
        "avgReturn": -0.345
      },
      {
        "avgVolume": 187503.55,
        "avgATR": 0.008171,
        "avgReturn": 0.206
      },
      {
        "avgVolume": 94252.24,
        "avgATR": 0.005402,
        "avgReturn": -0.474
      },
      {
        "avgVolume": 59468.78,
        "avgATR": 0.004798,
        "avgReturn": -0.04
      },
      {
        "avgVolume": 130086.87,
        "avgATR": 0.006896,
        "avgReturn": 0.253
      },
      {
        "avgVolume": 97495.67,
        "avgATR": 0.00601,
        "avgReturn": -0.093
      },
      {
        "avgVolume": 95418.22,
        "avgATR": 0.004469,
        "avgReturn": -0.202
      }
    ],
    "favorableHours": [
      16,
      15,
      23,
      18,
      20,
      1
    ],
    "favorableWindow": false,
    "currentVsAvgVolume": 0,
    "currentVsAvgVolatility": 0,
    "anomalyDetected": true,
    "timeUntilFavorable": 9,
    "temporalScore": 0
  },
  "unifiedMicrostructure": {
    "signalDirections": {
      "vpin": "NEUTRAL",
      "sweeps": "NEUTRAL",
      "absorption": "NEUTRAL",
      "arrival": "NEUTRAL",
      "vacuum": "NONE",
      "volRegime": "NEUTRAL",
      "temporal": "UNFAVORABLE"
    },
    "consensusDirection": "BEARISH",
    "consensusStrength": 50,
    "bullishSignals": 0,
    "bearishSignals": 1,
    "neutralSignals": 1,
    "totalAvailableSignals": 2,
    "dominantPattern": "NONE",
    "clusters": {
      "strongBuyCluster": false,
      "distributionPattern": false,
      "accumulationPattern": false,
      "momentumCascade": false
    },
    "adaptiveWeights": {
      "vpin": 0,
      "sweeps": 0,
      "absorption": 0,
      "arrival": 0,
      "vacuum": 0,
      "volRegime": 0.021,
      "temporal": 0.02
    },
    "convictionLevel": "LOW",
    "convictionScore": 30,
    "riskAdjustment": "REDUCE",
    "timingQuality": "UNFAVORABLE",
    "signalQuality": "LOW"
  },
  "deltaAnalysis": {
    "currentDelta": 0,
    "cumulativeDelta": 0,
    "deltaPerVolume": 0,
    "deltaDirection": "NEUTRAL",
    "deltaDivergence": false,
    "institutionalRatio": 0,
    "aggressionScore": 0
  },
  "volumeProfile": {
    "pointOfControl": 0,
    "valueAreaHigh": 0,
    "valueAreaLow": 0,
    "currentPosition": "ABOVE_VALUE_AREA",
    "volumeNodes": [],
    "airPockets": []
  },
  "momentumCascade": {
    "cascadeDetected": false,
    "alignmentScore": -0.005472254479512582,
    "cascadeStrength": 0,
    "acceleratingTimeframes": [],
    "divergingTimeframes": [
      "1m",
      "5m",
      "15m",
      "1h"
    ]
  },
  "breakoutConfirmation": {
    "breakoutConfirmed": false,
    "volumeConfirmation": false,
    "retestStrength": 0,
    "falseBreakoutRisk": 0,
    "breakoutQuality": "NO_BREAKOUT"
  },
  "liquidityHeatmap": {
    "liquidityScore": 0,
    "magnetDirection": "NONE",
    "magnetStrength": 0,
    "priceTarget5pct": null,
    "message": "No order book data"
  },
  "smartMoneyDivergence": {
    "divergenceDetected": false,
    "divergenceDirection": "NONE",
    "smartMoneyScore": 0.5,
    "message": "Insufficient trade data"
  },
  "microstructure": {
    "raw": -0.045135821860851896,
    "pct": 49,
    "summary": {
      "latestBucketSignedZ": 0,
      "buySellRatio": 0.5,
      "tradesPerSec": 0,
      "vwap": 0,
      "aggressorVWAP": 0,
      "vpinToxicity": "UNKNOWN",
      "sweepDirection": "NEUTRAL",
      "absorptionSide": "NONE",
      "icebergDetected": false,
      "hawkesDirection": "NEUTRAL",
      "cascadeDetected": false,
      "vacuumSide": "NONE",
      "volatilityRegime": "NORMAL",
      "volExpanding": false,
      "favorableTimeWindow": false,
      "temporalAnomaly": true,
      "consensusDirection": "BEARISH",
      "consensusStrength": 50,
      "dominantPattern": "NONE",
      "convictionLevel": "LOW",
      "riskAdjustment": "REDUCE",
      "timingQuality": "UNFAVORABLE",
      "deltaDirection": "NEUTRAL",
      "deltaDivergence": false,
      "institutionalRatio": 0,
      "volumeProfilePosition": "ABOVE_VALUE_AREA",
      "pointOfControl": 0,
      "momentumCascadeDetected": false,
      "cascadeStrength": 0,
      "breakoutQuality": "NO_BREAKOUT",
      "breakoutConfirmed": false,
      "magnetDirection": "NONE",
      "magnetStrength": 0,
      "priceTarget5pct": null,
      "nearestBidWall": 0,
      "nearestAskWall": 0,
      "divergenceDetected": false,
      "divergenceDirection": "NONE",
      "whaleAccumulation": false,
      "whaleDistribution": false,
      "retailPanic": false,
      "smartMoneyScore": 0.5
    }
  }
}

=== MICROSTRUCTURE ALERTS ===

🔬 VPIN: Insufficient data for VPIN analysis

🌊 SWEEP DETECTION: No significant sweeps detected

🧊 ABSORPTION & ICEBERG: No significant absorption or iceberg orders detected

⚡ ORDER ARRIVAL DYNAMICS: Insufficient trades for analysis

🌪️ LIQUIDITY VACUUM: No significant vacuum detected

📊 VOLATILITY REGIME DETECTION:
   Current Regime: NORMAL
   Regime Score: 0.00 (-1=low vol, +1=extreme vol)
   Days in Regime: 1
   ATR: $0.040385 (avg: $0.040351)
   ATR Percentile: 36.8%
   Realized Volatility: 130.75% (annualized)
   Vol Percentile: 81.0%

   ⚪ NORMAL VOLATILITY:
   📊 Balanced market conditions
   ✅ Standard risk management applies

   📍 MODERATE REGIME TRANSITION PROBABILITY: 30%
   Monitor for potential regime change

   ⚠️ NEW REGIME: Only 1 day(s) - conditions still settling

⏰ TEMPORAL PATTERN ANALYSIS:
   Current Time: Sunday 6:00 UTC
   Day Bias: NEUTRAL
   Current vs Avg Volume: 0x
   Current vs Avg Volatility: 0x

   ⏳ NON-FAVORABLE TIME WINDOW:
   This hour typically shows weaker activity
   Next favorable window in 9 hour(s)

   ⚠️ LOW ACTIVITY ANOMALY:
   Volume 0x below typical - Extremely quiet

   📉 LOW VOLATILITY ANOMALY:
   Volatility 0x below typical - Consolidation likely

   🔥 Best Trading Hours (UTC): 16:00, 15:00, 23:00

🎯 UNIFIED MICROSTRUCTURE INTEGRATION:
   Signal Consensus: BEARISH (50% agreement)
   Available Signals: 2 (0 bullish / 1 bearish / 1 neutral)
   Conviction Level: LOW (30%)
   Signal Quality: LOW
   Risk Adjustment: REDUCE
   Timing Quality: UNFAVORABLE

   ⚠️ LOW CONVICTION: Only 50% signal agreement
   Weak alignment - Reduce position size or wait for clarity

   ⚠️ RISK REDUCTION RECOMMENDED: Extreme volatility or unfavorable timing detected

   ⏰ UNFAVORABLE TIMING: Avoid trading during this hour

   Signal Directions Breakdown:
   • VPIN: NEUTRAL
   • Sweeps: NEUTRAL
   • Absorption: NEUTRAL
   • Arrival Dynamics: NEUTRAL
   • Liquidity Vacuum: NONE
   • Vol Regime: NEUTRAL
   • Temporal: UNFAVORABLE

   Adaptive Weights (Total: 4.1%):
   • VPIN: 0.0%
   • Sweeps: 0.0%
   • Absorption: 0.0%
   • Arrival: 0.0%
   • Vacuum: 0.0%
   • Vol Regime: 2.1%
   • Temporal: 2.0%


💹 DELTA ANALYSIS (Order Flow Aggression):
   Direction: NEUTRAL
   Delta Per Volume: 0.00%
   Institutional Ratio: 0.0%
   Aggression Score: 0.0%

📊 VOLUME PROFILE (Support/Resistance Strength):
   Point of Control (POC): $0.000000
   Value Area High: $0.000000
   Value Area Low: $0.000000
   Current Position: ABOVE_VALUE_AREA
   ⚠️ DISTRIBUTION RISK: Price above value area - potential rejection zone

⚡ MOMENTUM CASCADE (Multi-Timeframe Alignment):
   Cascade Detected: NO
   Alignment Score: -0.5%
   Cascade Strength: 0.0%
   Accelerating: None
   Diverging: 1m, 5m, 15m, 1h

💥 BREAKOUT CONFIRMATION:
   Quality: NO_BREAKOUT
   Volume Confirmation: NO
   Retest Strength: 0.0%
   False Breakout Risk: 0.0%
   No breakout detected - price below resistance


levels:
Entry=0.163672, StopLoss=0.1595802, TakeProfit=0.164817205, 0.16596241, 0.16687857399999997

---

=== Token: XCN (XCN) ===
Contract: XCN-USD
Timestamp: 2025-02-06T13:40:00.000Z

Calculations:
{
  "momentumScore": 40.79167268537151,
  "volumeScore": 39.30709158453318,
  "patternScore": 50.05033236426574,
  "totalScore": 37.87759615129646,
  "finalScore": 37.87759615129646,
  "weights": "0.23,0.45,0.23",
  "hourlyUptrend": true,
  "rsi": 58.33333333333336,
  "ultraShortVolumeSurge": 0.8896750236896384,
  "baseVolumeSurge": 0.02152985471881029,
  "currentPrice": 0.02998,
  "resistance": 0.03025,
  "support": 0.02945,
  "rocMin5": 0.008748317631224758,
  "shortROC": -0.006955945677376675,
  "priceAcceleration": 0.002195719462138542,
  "buySellRatio": 0.7483803310150948,
  "macdHistogram": 0.00003742866318488057,
  "stochasticK": 60.674157303370755,
  "atr": 0.00017928571428571416,
  "bbUpper": 0.03034167173001036,
  "bbLower": 0.029491328269989646,
  "hammerDetected": false,
  "engulfingDetected": false,
  "compressionSpring": {
    "detected": true,
    "confidence": 77,
    "signals": {
      "sidewaysPrice": true,
      "atrCompression": true,
      "bbSqueeze": true,
      "consolidationTime": true,
      "strongBuying": true,
      "obvPositive": false,
      "chaikinPositive": false,
      "rsiNeutral": true,
      "volumeBuilding": false
    },
    "metrics": {
      "priceRange": 2.75,
      "atrRatio": 0.621,
      "bbWidth": 2.84,
      "volumeRatio": 1.488,
      "signalCount": 6,
      "buySellRatio": 0.748
    }
  },
  "riskTier": "MEDIUM",
  "atrPercent": 1.1626798818259783,
  "distanceToResistance": 0.9006004002668426,
  "slPercent": 3,
  "tpPercent": 0.7655103402268162,
  "trailingActivation": 0.4593062041360897,
  "shortMomentumScore": 0,
  "overboughtScore": 0,
  "shortPatternScore": 30,
  "shootingStarDetected": false,
  "bearishEngulfingDetected": true,
  "eveningStarDetected": false,
  "bearishPatternsCount": 1,
  "shortTotalScore": 7.5,
  "chaikin": -0.015261020188275194,
  "obvIncreasing": false,
  "obvTrend": "declining",
  "adx": 15.025906735751121,
  "recentCandles": {
    "redCount": 3,
    "greenCount": 7
  },
  "resistanceDistance": 0.9006004002668426,
  "multiplePatterns": false,
  "bullishPattern": false,
  "priceAboveVWAP": false,
  "breakingResistance": true,
  "atrSufficient": true,
  "macdDivergenceBearish": true,
  "rvolMin1": 0.2610560303232101,
  "rvolMin5": -0.19403440143412617,
  "atrPercentileOld": 0.2804878048780488,
  "vwapDeviation": -0.3620312903141841,
  "bbWidthPercent": 2.842389517559582,
  "bbSqueeze": true,
  "multiTFMomentum": {
    "min1": {
      "roc1": -0.0046372971182511175,
      "roc3": -0.005296259516716333
    },
    "min5": {
      "roc1": -0.006955945677376675,
      "roc3": 0.006040268456375826
    },
    "min15": {
      "roc1": 0.006040268456375826,
      "roc3": 0.01249577845322522
    },
    "hourly": {
      "roc1": 0.016886187098953072,
      "roc3": 0.00702341137123752
    },
    "fourHour": {
      "roc1": 0,
      "roc3": 0.005006675567423259
    },
    "divergenceShortUpLongDown": false
  },
  "returnZMin5": -1.7115657666003308,
  "wickClosePct": 0.28124999999999867,
  "wickUpper": 0.000019999999999999185,
  "wickLower": 0.0000899999999999998,
  "wickRatio": 0.42857142857142383,
  "donchianBreakout15": false,
  "bbWidthPercentile15": 0.24675324675324675,
  "signedMin5": -38654358.29999997,
  "signedMin5Z": -10.39744981341321,
  "signedMin1": 199141.30000000377,
  "signedMin1Z": 0.22912274408773833,
  "streakMin1": {
    "upStreak": 0,
    "downStreak": 1
  },
  "streakMin5": {
    "upStreak": 0,
    "downStreak": 1
  },
  "rvolPercentileMin1": 0.7694444444444445,
  "rvolPercentileMin5": 0.5277777777777778,
  "perTfMetrics": {
    "min1": {
      "sma20": 0.029913500000000003,
      "sma50": 0.02972640000000001,
      "ema20": 0.029956958983279717,
      "ema50": 0.029824804184948567,
      "vwma20": 0.030022789240767535,
      "hma21": 0.030191991341991343,
      "atr14": 0.00009428571428571366,
      "atrPercentile": 0.40080563947633435,
      "rvolZ": 0.2610560303232101,
      "rvolPercentile": 0.7694444444444445,
      "mfi14": 79.10841082026904,
      "ppo": {
        "ppo": 0.4317888877281785,
        "signal": 0.36024271807905694,
        "histogram": 0.07154616964912158
      },
      "stochRsi": {
        "k": 12.092624356774822,
        "d": 81.30758130758126
      },
      "vprofile": {
        "vpBins": [
          0,
          0.02822124384023542,
          0.1274270187508703,
          0.1145239936683929,
          0.06904750428504404,
          0.04852310548757898,
          0.07452837096554508,
          0.071531484478001,
          0.0767316426293007,
          0.06365518590197822,
          0.02573822865987815,
          0.05507256733214929,
          0.03046554742015902,
          0.019505161930016307,
          0.05881515786576085,
          0.037230760907777626,
          0.04030209916631429,
          0.024355160014885864,
          0.02513865164671827,
          0.00918711504939373
        ],
        "currentBinShare": 0.05881515786576085
      },
      "ttm": {
        "squeeze": false,
        "release": false,
        "widthPct": 2.439875105888134
      }
    },
    "min5": {
      "sma20": 0.029776000000000004,
      "sma50": 0.0298944,
      "ema20": 0.029824614593901427,
      "ema50": 0.029894509783954342,
      "vwma20": 0.029748094585691092,
      "hma21": 0.029722640692640682,
      "atr14": 0.00017928571428571416,
      "atrPercentile": 0.16423357664233576,
      "rvolZ": -0.19403440143412617,
      "rvolPercentile": 0.5277777777777778,
      "mfi14": 46.92827478698651,
      "ppo": {
        "ppo": 0.04970699079730242,
        "signal": -0.14089392823289393,
        "histogram": 0.19060091903019635
      },
      "stochRsi": {
        "k": 100,
        "d": 56.53297439741931
      },
      "vprofile": {
        "vpBins": [
          0,
          0.013004085428856445,
          0.018755323643468717,
          0.06778382752517001,
          0.06357143338198694,
          0.0714665330173109,
          0.0526541270239766,
          0.11591722003279431,
          0.12135716473146232,
          0.050365162598173384,
          0.0837347449819771,
          0.12309809517450888,
          0.10940620807166045,
          0.03595585165885394,
          0.009797595914231245,
          0.021321194940768243,
          0.024770968727571067,
          0,
          0.017040463147229543,
          0
        ],
        "currentBinShare": 0.11591722003279431
      },
      "ttm": {
        "squeeze": false,
        "release": false,
        "widthPct": 2.4460290022798996
      }
    },
    "min15": {
      "sma20": 0.029916500000000002,
      "sma50": 0.030155200000000007,
      "ema20": 0.02990923646601293,
      "ema50": 0.030048328431088865,
      "vwma20": 0.02987652979882115,
      "hma21": 0.02969835497835498,
      "atr14": 0.00034857142857142823,
      "atrPercentile": 0.2804878048780488,
      "rvolZ": -0.25495875305825844,
      "rvolPercentile": 0.5,
      "mfi14": 34.06687328828313,
      "ppo": {
        "ppo": -0.3472782951316274,
        "signal": -0.35535508837141316,
        "histogram": 0.008076793239785773
      },
      "stochRsi": {
        "k": 53.382555607618,
        "d": 43.616333725029364
      },
      "vprofile": {
        "vpBins": [
          0,
          0,
          0.016750978954581597,
          0.09043093374547488,
          0.09012868224375303,
          0.050919970971791385,
          0.07572971608796142,
          0.12371058261090502,
          0.14853524863466394,
          0.09227783347561036,
          0.05544415973544151,
          0.10428963630106217,
          0.05095750690887388,
          0.013970270189349153,
          0.03369040974896777,
          0.013226324763097229,
          0.010994467491781245,
          0,
          0.0170164658989798,
          0.01192681223770553
        ],
        "currentBinShare": 0.12371058261090502
      },
      "ttm": {
        "squeeze": false,
        "release": false,
        "widthPct": 2.842389517559582
      }
    },
    "hourly": {
      "sma20": 0.03002700000000001,
      "sma50": 0.030392000000000006,
      "ema20": 0.03010869360718096,
      "ema50": 0.030130700548358327,
      "vwma20": 0.03002321405311813,
      "hma21": 0.030353506493506495,
      "atr14": 0.0007214285714285713,
      "atrPercentile": 0.006211180124223602,
      "rvolZ": -0.8302904085598656,
      "rvolPercentile": 0.023809523809523808,
      "mfi14": 57.01582731596302,
      "ppo": {
        "ppo": -0.26739896657091183,
        "signal": -0.20322055759456326,
        "histogram": -0.06417840897634858
      },
      "stochRsi": {
        "k": 70.68211437739087,
        "d": 52.06867922641018
      },
      "vprofile": {
        "vpBins": [
          0,
          0,
          0.01631198919587479,
          0.03219866377528536,
          0,
          0.04516438087439642,
          0.025635178426524276,
          0.03092980981927564,
          0.02752554068534301,
          0.03139315479916682,
          0.12300321492668459,
          0.12502234742320062,
          0.10384968384954449,
          0.10970260431218486,
          0.11028413737538369,
          0.12960821863612554,
          0.021758933585983464,
          0.030286306840961636,
          0.033189140402326976,
          0.004136695071737658
        ],
        "currentBinShare": 0.12300321492668459
      },
      "ttm": {
        "squeeze": true,
        "release": false,
        "widthPct": 4.8490607528833785
      }
    },
    "fourHour": {
      "sma20": 0.029952999999999997,
      "sma50": 0.03124760000000001,
      "ema20": 0.030035350582721183,
      "ema50": 0.02998858996692545,
      "vwma20": 0.030190467602819418,
      "hma21": 0.030476017316017324,
      "atr14": 0.0018078571428571436,
      "atrPercentile": 0.014285714285714285,
      "rvolZ": -1.003647915379196,
      "rvolPercentile": 0.011904761904761904,
      "mfi14": 46.15393222742839,
      "ppo": {
        "ppo": -0.0332834157594373,
        "signal": -0.36137245676645613,
        "histogram": 0.32808904100701886
      },
      "stochRsi": {
        "k": 26.153557616107413,
        "d": 47.26732995322565
      },
      "vprofile": {
        "vpBins": [
          0,
          0,
          0,
          0.0768620482439436,
          0.05361126907120113,
          0.0629718617095386,
          0.12344220446212262,
          0.026861995046147124,
          0.10570817699521506,
          0.13832293817613583,
          0.08881525752057139,
          0.09798965847744318,
          0.08226867056136719,
          0.038171873881094914,
          0.009200786761544063,
          0,
          0.04951983682322508,
          0,
          0.04625342227045017,
          0
        ],
        "currentBinShare": 0.13832293817613583
      },
      "ttm": {
        "squeeze": false,
        "release": false,
        "widthPct": 23.100896523462314
      }
    },
    "daily": {
      "sma20": 0.025651,
      "sma50": 0.011888199999999998,
      "ema20": 0.024870874768812078,
      "ema50": 0.01602108598381092,
      "vwma20": 0,
      "hma21": 0.03603017316017316,
      "atr14": 0.010150000000000001,
      "atrPercentile": 0.9605263157894737,
      "rvolZ": 0,
      "rvolPercentile": 1,
      "mfi14": 50,
      "ppo": {
        "ppo": 24.900692381158084,
        "signal": 34.13626859464206,
        "histogram": -9.235576213483977
      },
      "stochRsi": {
        "k": 0,
        "d": 62.40272337693918
      },
      "vprofile": {
        "vpBins": [
          0,
          0,
          0,
          0,
          0,
          0,
          0,
          0,
          0,
          0,
          0,
          0,
          0,
          0,
          0,
          0,
          0,
          0,
          0,
          0
        ],
        "currentBinShare": 0
      },
      "ttm": {
        "squeeze": false,
        "release": false,
        "widthPct": 135.24541609613027
      }
    }
  },
  "smaMin5": 0.029776000000000004,
  "emaMin5": 0.029824614593901427,
  "vwmaMin5": 0.029748094585691092,
  "hmaMin5": 0.029722640692640682,
  "keltner15": {
    "upper": 0.030417736466012927,
    "middle": 0.02990923646601293,
    "lower": 0.02940073646601293
  },
  "superTrend15": {
    "isBull": false,
    "finalUpper": 0.031022,
    "finalLower": 0.028988
  },
  "mfi15": 34.06687328828313,
  "stochRsi15": {
    "k": 53.382555607618,
    "d": 43.616333725029364
  },
  "ppo15": {
    "ppo": -0.3472782951316274,
    "signal": -0.35535508837141316,
    "histogram": 0.008076793239785773
  },
  "vpMin15": {
    "vpBins": [
      0,
      0,
      0.016750978954581597,
      0.09043093374547488,
      0.09012868224375303,
      0.050919970971791385,
      0.07572971608796142,
      0.12371058261090502,
      0.14853524863466394,
      0.09227783347561036,
      0.05544415973544151,
      0.10428963630106217,
      0.05095750690887388,
      0.013970270189349153,
      0.03369040974896777,
      0.013226324763097229,
      0.010994467491781245,
      0,
      0.0170164658989798,
      0.01192681223770553
    ],
    "currentBinShare": 0.12371058261090502
  },
  "ttm15": {
    "squeeze": false,
    "release": false,
    "widthPct": 2.842389517559582
  },
  "marketCorrelation": {
    "hourly": {
      "btcCorrelation": 0,
      "ethCorrelation": 0,
      "btcBeta": 1,
      "ethBeta": 1,
      "btcTrend": "UNKNOWN",
      "ethTrend": "UNKNOWN",
      "tokenVol": 0,
      "btcVol": 0,
      "ethVol": 0,
      "marketDependence": 0,
      "verdict": "INSUFFICIENT_DATA"
    },
    "min15": {
      "btcCorrelation": 0,
      "ethCorrelation": 0,
      "btcBeta": 1,
      "ethBeta": 1,
      "btcTrend": "UNKNOWN",
      "ethTrend": "UNKNOWN",
      "tokenVol": 0,
      "btcVol": 0,
      "ethVol": 0,
      "marketDependence": 0,
      "verdict": "INSUFFICIENT_DATA"
    },
    "daily": {
      "btcCorrelation": 0,
      "ethCorrelation": 0,
      "btcBeta": 1,
      "ethBeta": 1,
      "btcTrend": "UNKNOWN",
      "ethTrend": "UNKNOWN",
      "tokenVol": 0,
      "btcVol": 0,
      "ethVol": 0,
      "marketDependence": 0,
      "verdict": "INSUFFICIENT_DATA"
    }
  },
  "tradeTape": {
    "totalTrades": 0,
    "totalVolume": 0,
    "buysVolume": 0,
    "sellsVolume": 0,
    "buySellRatio": 0.5,
    "vwap": 0,
    "signedVolume": 0,
    "avgTradeSize": 0,
    "tradesPerSec": 0,
    "cumulativeDelta": 0,
    "tradesLast1m": 0,
    "tradesLast5m": 0,
    "tradesLast15m": 0,
    "tradesLast1h": 0,
    "buyVWAP": 0,
    "sellVWAP": 0,
    "aggressorVWAP": 0,
    "bucketDurationMs": 60000,
    "bucketCount": 15,
    "bucketSignedVolumes": [],
    "bucketVolumes": [],
    "bucketVWAPs": [],
    "latestBucketSignedZ": 0
  },
  "enhancedMetrics": {
    "relativeVolumeZScore": -1,
    "volumePercentile": 40,
    "atrPercentile": 17.51824817518248,
    "volatilityPercentile": 1.2658227848101267,
    "relativeVolatilityRatio": 0.8180676770171043,
    "isHighVolume": false,
    "isHighVolatility": false,
    "isLowVolatility": true,
    "isExpandingVolatility": false,
    "isContractingVolatility": false
  },
  "orderBook": {
    "bidAskSpread": 0,
    "spreadPct": 0,
    "midPrice": 0,
    "bestBid": 0,
    "bestAsk": 0,
    "bidDepth": 0,
    "askDepth": 0,
    "orderBookImbalance": 0,
    "liquidityScore": 0,
    "depthAt1Pct": {
      "bidVolume": 0,
      "askVolume": 0,
      "imbalance": 0
    },
    "depthAt2Pct": {
      "bidVolume": 0,
      "askVolume": 0,
      "imbalance": 0
    },
    "depthAt5Pct": {
      "bidVolume": 0,
      "askVolume": 0,
      "imbalance": 0
    },
    "weightedMidPrice": 0,
    "volumeWeightedSpread": 0,
    "totalBidLevels": 0,
    "totalAskLevels": 0
  },
  "marketCap": {
    "marketCap": 0,
    "totalVolume24h": 0,
    "volumeToMarketCapRatio": 0,
    "marketCapRank": 0,
    "normalizedRank": 0,
    "isHighLiquidity": false,
    "isVeryHighLiquidity": false,
    "isLowLiquidity": true,
    "liquidityTier": "VERY_LOW"
  },
  "sweeps": {
    "sweepScore": 0,
    "sweepCount": 0,
    "sweepDirection": "NEUTRAL",
    "buySweeps": 0,
    "sellSweeps": 0,
    "avgSweepSize": 0,
    "avgSweepIntensity": 0,
    "bidLiftRatio": 0,
    "askLiftRatio": 0,
    "sweepFrequency": 0,
    "largestSweep": null,
    "recentSweepClusters": 0,
    "sweepDetails": []
  },
  "absorption": {
    "absorptionScore": 0,
    "absorptionLevel": null,
    "absorptionSide": "NONE",
    "icebergProbability": 0,
    "hiddenLiquidityEstimate": 0,
    "volumeAtPrice": {},
    "topAbsorptionLevels": [],
    "persistenceDuration": 0,
    "refillDetected": false
  },
  "orderArrival": {
    "avgInterArrivalTime": 0,
    "recentInterArrivalTime": 0,
    "accelerationRatio": 1,
    "hawkesIntensity": 0,
    "hawkesDirection": "NEUTRAL",
    "clusteringScore": 0,
    "burstCount": 0,
    "cascadeDetected": false,
    "timeToNextTrade": 0,
    "accelerationTrend": "STABLE"
  },
  "liquidityVacuum": {
    "vacuumScore": 0,
    "vacuumSide": "NONE",
    "bidVacuumSeverity": 0,
    "askVacuumSeverity": 0,
    "depthConcentration": 0,
    "priceImpact10k": 0,
    "priceImpact50k": 0,
    "priceImpact100k": 0,
    "largestGapBid": 0,
    "largestGapAsk": 0,
    "avgGapBid": 0,
    "avgGapAsk": 0,
    "bidCliffDistance": 0,
    "askCliffDistance": 0
  },
  "volatilityRegime": {
    "regime": "EXTREME",
    "regimeScore": 1,
    "currentATR": 0.010548,
    "avgATR": 0.004566,
    "atrPercentile": 97.4,
    "realizedVolatility": 334.81,
    "volPercentile": 100,
    "expanding": true,
    "contracting": false,
    "transitionProbability": 0.4,
    "daysInRegime": 16,
    "regimeStrength": 1.87
  },
  "temporalPatterns": {
    "currentHour": 6,
    "currentDay": 0,
    "currentDayName": "Sunday",
    "dayBias": "NEUTRAL",
    "hourlyProfile": [
      {
        "avgVolume": 452125609.71,
        "avgATR": 0.002424,
        "avgReturn": 0.003
      },
      {
        "avgVolume": 360727412.13,
        "avgATR": 0.002346,
        "avgReturn": -2.018
      },
      {
        "avgVolume": 306030173.3,
        "avgATR": 0.002095,
        "avgReturn": 1.157
      },
      {
        "avgVolume": 247456436.14,
        "avgATR": 0.001929,
        "avgReturn": 0.988
      },
      {
        "avgVolume": 209186567.76,
        "avgATR": 0.001744,
        "avgReturn": -0.464
      },
      {
        "avgVolume": 250318276.31,
        "avgATR": 0.002331,
        "avgReturn": 2.222
      },
      {
        "avgVolume": 254266351.15,
        "avgATR": 0.002337,
        "avgReturn": 1.02
      },
      {
        "avgVolume": 206050012.81,
        "avgATR": 0.001856,
        "avgReturn": 0.894
      },
      {
        "avgVolume": 148210206.16,
        "avgATR": 0.001523,
        "avgReturn": 0.057
      },
      {
        "avgVolume": 146517219.27,
        "avgATR": 0.001853,
        "avgReturn": 1.497
      },
      {
        "avgVolume": 195310697.34,
        "avgATR": 0.001857,
        "avgReturn": -0.267
      },
      {
        "avgVolume": 162809531.86,
        "avgATR": 0.001886,
        "avgReturn": -0.82
      },
      {
        "avgVolume": 297290072.53,
        "avgATR": 0.002147,
        "avgReturn": -2.025
      },
      {
        "avgVolume": 416883400.07,
        "avgATR": 0.002741,
        "avgReturn": -0.2
      },
      {
        "avgVolume": 466338338.74,
        "avgATR": 0.002885,
        "avgReturn": 1.324
      },
      {
        "avgVolume": 469026394.01,
        "avgATR": 0.003001,
        "avgReturn": 1.858
      },
      {
        "avgVolume": 436094724.54,
        "avgATR": 0.002381,
        "avgReturn": -1.149
      },
      {
        "avgVolume": 508871171.94,
        "avgATR": 0.002829,
        "avgReturn": 1.404
      },
      {
        "avgVolume": 374847597.84,
        "avgATR": 0.002229,
        "avgReturn": -0.434
      },
      {
        "avgVolume": 397533633.44,
        "avgATR": 0.002978,
        "avgReturn": 2.252
      },
      {
        "avgVolume": 350512054.51,
        "avgATR": 0.002378,
        "avgReturn": -4.165
      },
      {
        "avgVolume": 355489206.78,
        "avgATR": 0.002682,
        "avgReturn": 1.935
      },
      {
        "avgVolume": 554356577.28,
        "avgATR": 0.003244,
        "avgReturn": 2.356
      },
      {
        "avgVolume": 398392455.56,
        "avgATR": 0.002377,
        "avgReturn": 2.149
      }
    ],
    "dailyProfile": [
      {
        "avgVolume": 430081399.15,
        "avgATR": 0.003449,
        "avgReturn": 0.002
      },
      {
        "avgVolume": 411994363.5,
        "avgATR": 0.003289,
        "avgReturn": 0.366
      },
      {
        "avgVolume": 210328590.98,
        "avgATR": 0.002014,
        "avgReturn": -0.252
      },
      {
        "avgVolume": 174745106.38,
        "avgATR": 0.001515,
        "avgReturn": 0.435
      },
      {
        "avgVolume": 327299070.03,
        "avgATR": 0.00172,
        "avgReturn": 1.456
      },
      {
        "avgVolume": 509080622.25,
        "avgATR": 0.002499,
        "avgReturn": 0.212
      },
      {
        "avgVolume": 256595398.3,
        "avgATR": 0.001839,
        "avgReturn": 0.577
      }
    ],
    "favorableHours": [
      22,
      17,
      15,
      14,
      0,
      16
    ],
    "favorableWindow": false,
    "currentVsAvgVolume": 0,
    "currentVsAvgVolatility": 0,
    "anomalyDetected": true,
    "timeUntilFavorable": 8,
    "temporalScore": 0
  },
  "unifiedMicrostructure": {
    "signalDirections": {
      "vpin": "NEUTRAL",
      "sweeps": "NEUTRAL",
      "absorption": "NEUTRAL",
      "arrival": "NEUTRAL",
      "vacuum": "NONE",
      "volRegime": "UNFAVORABLE",
      "temporal": "UNFAVORABLE"
    },
    "consensusDirection": "BEARISH",
    "consensusStrength": 100,
    "bullishSignals": 0,
    "bearishSignals": 2,
    "neutralSignals": 0,
    "totalAvailableSignals": 2,
    "dominantPattern": "NONE",
    "clusters": {
      "strongBuyCluster": false,
      "distributionPattern": false,
      "accumulationPattern": false,
      "momentumCascade": false
    },
    "adaptiveWeights": {
      "vpin": 0,
      "sweeps": 0,
      "absorption": 0,
      "arrival": 0,
      "vacuum": 0,
      "volRegime": 0.021,
      "temporal": 0.012
    },
    "convictionLevel": "HIGH",
    "convictionScore": 100,
    "riskAdjustment": "REDUCE",
    "timingQuality": "UNFAVORABLE",
    "signalQuality": "LOW"
  },
  "deltaAnalysis": {
    "currentDelta": 0,
    "cumulativeDelta": 0,
    "deltaPerVolume": 0,
    "deltaDirection": "NEUTRAL",
    "deltaDivergence": false,
    "institutionalRatio": 0,
    "aggressionScore": 0
  },
  "volumeProfile": {
    "pointOfControl": 0,
    "valueAreaHigh": 0,
    "valueAreaLow": 0,
    "currentPosition": "ABOVE_VALUE_AREA",
    "volumeNodes": [],
    "airPockets": []
  },
  "momentumCascade": {
    "cascadeDetected": false,
    "alignmentScore": 0.004618990395010712,
    "cascadeStrength": 0,
    "acceleratingTimeframes": [
      "5m",
      "15m"
    ],
    "divergingTimeframes": [
      "1m",
      "1h"
    ]
  },
  "breakoutConfirmation": {
    "breakoutConfirmed": false,
    "volumeConfirmation": false,
    "retestStrength": 0,
    "falseBreakoutRisk": 0,
    "breakoutQuality": "NO_BREAKOUT"
  },
  "liquidityHeatmap": {
    "liquidityScore": 0,
    "magnetDirection": "NONE",
    "magnetStrength": 0,
    "priceTarget5pct": null,
    "message": "No order book data"
  },
  "smartMoneyDivergence": {
    "divergenceDetected": false,
    "divergenceDirection": "NONE",
    "smartMoneyScore": 0.5,
    "message": "Insufficient trade data"
  },
  "microstructure": {
    "raw": -0.02500461979118544,
    "pct": 50,
    "summary": {
      "latestBucketSignedZ": 0,
      "buySellRatio": 0.5,
      "tradesPerSec": 0,
      "vwap": 0,
      "aggressorVWAP": 0,
      "vpinToxicity": "UNKNOWN",
      "sweepDirection": "NEUTRAL",
      "absorptionSide": "NONE",
      "icebergDetected": false,
      "hawkesDirection": "NEUTRAL",
      "cascadeDetected": false,
      "vacuumSide": "NONE",
      "volatilityRegime": "EXTREME",
      "volExpanding": true,
      "favorableTimeWindow": false,
      "temporalAnomaly": true,
      "consensusDirection": "BEARISH",
      "consensusStrength": 100,
      "dominantPattern": "NONE",
      "convictionLevel": "HIGH",
      "riskAdjustment": "REDUCE",
      "timingQuality": "UNFAVORABLE",
      "deltaDirection": "NEUTRAL",
      "deltaDivergence": false,
      "institutionalRatio": 0,
      "volumeProfilePosition": "ABOVE_VALUE_AREA",
      "pointOfControl": 0,
      "momentumCascadeDetected": false,
      "cascadeStrength": 0,
      "breakoutQuality": "NO_BREAKOUT",
      "breakoutConfirmed": false,
      "magnetDirection": "NONE",
      "magnetStrength": 0,
      "priceTarget5pct": null,
      "nearestBidWall": 0,
      "nearestAskWall": 0,
      "divergenceDetected": false,
      "divergenceDirection": "NONE",
      "whaleAccumulation": false,
      "whaleDistribution": false,
      "retailPanic": false,
      "smartMoneyScore": 0.5
    }
  }
}

=== MICROSTRUCTURE ALERTS ===

🔬 VPIN: Insufficient data for VPIN analysis

🌊 SWEEP DETECTION: No significant sweeps detected

🧊 ABSORPTION & ICEBERG: No significant absorption or iceberg orders detected

⚡ ORDER ARRIVAL DYNAMICS: Insufficient trades for analysis

🌪️ LIQUIDITY VACUUM: No significant vacuum detected

📊 VOLATILITY REGIME DETECTION:
   Current Regime: EXTREME
   Regime Score: 1.00 (-1=low vol, +1=extreme vol)
   Days in Regime: 16
   ATR: $0.010548 (avg: $0.004566)
   ATR Percentile: 97.4%
   Realized Volatility: 334.81% (annualized)
   Vol Percentile: 100.0%

   🔴 EXTREME VOLATILITY:
   🚨 HIGH RISK ENVIRONMENT!
   ⚠️ Significantly reduce position size
   ⚠️ Wide stops or avoid trading
   💡 Only for experienced traders

   🚀 VOLATILITY EXPANDING:
   💥 Breakout likely imminent!
   📈 Market transitioning to higher vol regime
   ✅ Strong signal when combined with other indicators

   📍 MODERATE REGIME TRANSITION PROBABILITY: 40%
   Monitor for potential regime change

   ✅ STABLE REGIME: 16 days - predictable conditions

⏰ TEMPORAL PATTERN ANALYSIS:
   Current Time: Sunday 6:00 UTC
   Day Bias: NEUTRAL
   Current vs Avg Volume: 0x
   Current vs Avg Volatility: 0x

   ⏳ NON-FAVORABLE TIME WINDOW:
   This hour typically shows weaker activity
   Next favorable window in 8 hour(s)

   ⚠️ LOW ACTIVITY ANOMALY:
   Volume 0x below typical - Extremely quiet

   📉 LOW VOLATILITY ANOMALY:
   Volatility 0x below typical - Consolidation likely

   🔥 Best Trading Hours (UTC): 22:00, 17:00, 15:00

🎯 UNIFIED MICROSTRUCTURE INTEGRATION:
   Signal Consensus: BEARISH (100% agreement)
   Available Signals: 2 (0 bullish / 2 bearish / 0 neutral)
   Conviction Level: HIGH (100%)
   Signal Quality: LOW
   Risk Adjustment: REDUCE
   Timing Quality: UNFAVORABLE

   ✅ HIGH CONVICTION: 100% of signals agree on direction
   Strong institutional alignment - Follow the smart money

   ⚠️ RISK REDUCTION RECOMMENDED: Extreme volatility or unfavorable timing detected

   ⏰ UNFAVORABLE TIMING: Avoid trading during this hour

   Signal Directions Breakdown:
   • VPIN: NEUTRAL
   • Sweeps: NEUTRAL
   • Absorption: NEUTRAL
   • Arrival Dynamics: NEUTRAL
   • Liquidity Vacuum: NONE
   • Vol Regime: UNFAVORABLE
   • Temporal: UNFAVORABLE

   Adaptive Weights (Total: 3.3%):
   • VPIN: 0.0%
   • Sweeps: 0.0%
   • Absorption: 0.0%
   • Arrival: 0.0%
   • Vacuum: 0.0%
   • Vol Regime: 2.1%
   • Temporal: 1.2%


💹 DELTA ANALYSIS (Order Flow Aggression):
   Direction: NEUTRAL
   Delta Per Volume: 0.00%
   Institutional Ratio: 0.0%
   Aggression Score: 0.0%

📊 VOLUME PROFILE (Support/Resistance Strength):
   Point of Control (POC): $0.000000
   Value Area High: $0.000000
   Value Area Low: $0.000000
   Current Position: ABOVE_VALUE_AREA
   ⚠️ DISTRIBUTION RISK: Price above value area - potential rejection zone

⚡ MOMENTUM CASCADE (Multi-Timeframe Alignment):
   Cascade Detected: NO
   Alignment Score: 0.5%
   Cascade Strength: 0.0%
   Accelerating: 5m, 15m
   Diverging: 1m, 1h

💥 BREAKOUT CONFIRMATION:
   Quality: NO_BREAKOUT
   Volume Confirmation: NO
   Retest Strength: 0.0%
   False Breakout Risk: 0.0%
   No breakout detected - price below resistance


levels:
Entry=0.02992004, StopLoss=0.029022438799999998, TakeProfit=0.030034560499999998, 0.030149081, 0.030240697400000002

---
