
=== Token: DASH (DASH) ===
Contract: DASH-USD
Timestamp: 2025-02-18T16:10:00.000Z

Calculations:
{
  "momentumScore": 41.0133923307541,
  "volumeScore": 19.969585917317247,
  "patternScore": 20.004611320512506,
  "totalScore": 23.127636521338577,
  "finalScore": 0,
  "weights": "0.27,0.41,0.23",
  "hourlyUptrend": false,
  "rsi": 33.333333333333215,
  "ultraShortVolumeSurge": 0.9120435709802697,
  "baseVolumeSurge": 0.013749858238095629,
  "currentPrice": 25.43,
  "resistance": 26.28,
  "support": 25.28,
  "rocMin5": 0.0003933910306844221,
  "shortROC": -0.004696673189823914,
  "priceAcceleration": 0.00010257607299512107,
  "buySellRatio": 0.6018242813636725,
  "macdHistogram": -0.09581628786618436,
  "stochasticK": 14.999999999999858,
  "atr": 0.1014285714285713,
  "bbUpper": 26.32539567025525,
  "bbLower": 25.364604329744733,
  "hammerDetected": false,
  "engulfingDetected": false,
  "compressionSpring": {
    "detected": true,
    "confidence": 54,
    "signals": {
      "sidewaysPrice": true,
      "atrCompression": true,
      "bbSqueeze": true,
      "consolidationTime": true,
      "strongBuying": false,
      "obvPositive": false,
      "chaikinPositive": false,
      "rsiNeutral": false,
      "volumeBuilding": false
    },
    "metrics": {
      "priceRange": 3.96,
      "atrRatio": 0.78,
      "bbWidth": 3.72,
      "volumeRatio": 1.552,
      "signalCount": 4,
      "buySellRatio": 0.602
    }
  },
  "riskTier": "LOW",
  "atrPercent": 0.5673838548396157,
  "distanceToResistance": 3.342508847817544,
  "slPercent": 2.5,
  "tpPercent": 2.8411325206449125,
  "trailingActivation": 1.7046795123869474,
  "shortMomentumScore": 50,
  "overboughtScore": 0,
  "shortPatternScore": 30,
  "shootingStarDetected": false,
  "bearishEngulfingDetected": true,
  "eveningStarDetected": false,
  "bearishPatternsCount": 1,
  "shortTotalScore": 27.5,
  "chaikin": -0.283485853825966,
  "obvIncreasing": false,
  "obvTrend": "declining",
  "adx": 38.09523809523769,
  "recentCandles": {
    "redCount": 4,
    "greenCount": 6
  },
  "resistanceDistance": 3.342508847817544,
  "multiplePatterns": false,
  "bullishPattern": false,
  "priceAboveVWAP": false,
  "breakingResistance": false,
  "atrSufficient": false,
  "macdDivergenceBearish": false,
  "rvolMin1": -0.07794948900797068,
  "rvolMin5": 0.28270956802292446,
  "atrPercentileOld": 0.8170731707317073,
  "vwapDeviation": -2.5301330841535257,
  "bbWidthPercent": 3.7175134088238275,
  "bbSqueeze": false,
  "multiTFMomentum": {
    "min1": {
      "roc1": 0.0019577133907596207,
      "roc3": 0.004317111459968581
    },
    "min5": {
      "roc1": -0.004696673189823914,
      "roc3": -0.00039308176100635075
    },
    "min15": {
      "roc1": -0.00039308176100635075,
      "roc3": -0.0027450980392156976
    },
    "hourly": {
      "roc1": -0.009846396218983852,
      "roc3": -0.032704886494805616
    },
    "fourHour": {
      "roc1": -0.03567318757192174,
      "roc3": -0.03344867358708193
    },
    "divergenceShortUpLongDown": true
  },
  "returnZMin5": -1.4350726914392198,
  "wickClosePct": 0,
  "wickUpper": 0.020000000000003126,
  "wickLower": 0,
  "wickRatio": 0.13333333333335545,
  "donchianBreakout15": false,
  "bbWidthPercentile15": 0.8571428571428571,
  "signedMin5": 828.4945758200003,
  "signedMin5Z": 7.133611793324295,
  "signedMin1": -302.98859543,
  "signedMin1Z": -3.229458457077007,
  "streakMin1": {
    "upStreak": 4,
    "downStreak": 0
  },
  "streakMin5": {
    "upStreak": 0,
    "downStreak": 1
  },
  "rvolPercentileMin1": 0.7458333333333333,
  "rvolPercentileMin5": 0.8194444444444444,
  "perTfMetrics": {
    "min1": {
      "sma20": 25.505,
      "sma50": 25.775199999999995,
      "ema20": 25.542042380014298,
      "ema50": 25.685165176872868,
      "vwma20": 25.50229572065587,
      "hma21": 25.435670995670993,
      "atr14": 0.07857142857142867,
      "atrPercentile": 0.8695871097683786,
      "rvolZ": -0.07794948900797068,
      "rvolPercentile": 0.7458333333333333,
      "mfi14": 59.90457172323698,
      "ppo": {
        "ppo": -0.2909196196524674,
        "signal": -0.39578987125393156,
        "histogram": 0.10487025160146418
      },
      "stochRsi": {
        "k": 100,
        "d": 50.89530035182204
      },
      "vprofile": {
        "vpBins": [
          0.016094100109415296,
          0.00011528351925429753,
          0.035715787010596245,
          0.10588356854579219,
          0.04954779732640461,
          0.12469150144765956,
          0.03949144279738604,
          0.013151460177485967,
          0.1795000350400841,
          0.04747975494337341,
          0.12275194543184098,
          0.07905824839547684,
          0.0312655253363632,
          0.0113576122107534,
          0.0973637562348249,
          0.000380165219364819,
          0.0034794842488302473,
          0.0010447995906867787,
          0.02461639654120807,
          0.01701133587319904
        ],
        "currentBinShare": 0.12469150144765956
      },
      "ttm": {
        "squeeze": false,
        "release": false,
        "widthPct": 1.3219550998086
      }
    },
    "min5": {
      "sma20": 25.627999999999997,
      "sma50": 25.8424,
      "ema20": 25.604658874878172,
      "ema50": 25.748970341231033,
      "vwma20": 25.73273453314154,
      "hma21": 25.29670995670996,
      "atr14": 0.1014285714285713,
      "atrPercentile": 0.8795620437956204,
      "rvolZ": 0.28270956802292446,
      "rvolPercentile": 0.8194444444444444,
      "mfi14": 23.908327524335036,
      "ppo": {
        "ppo": -0.49766725850177057,
        "signal": -0.46979773314959933,
        "histogram": -0.027869525352171243
      },
      "stochRsi": {
        "k": 55.59038662486924,
        "d": 37.00129954515906
      },
      "vprofile": {
        "vpBins": [
          0.004562190908661101,
          0.04676994312715808,
          0.05986174715847244,
          0.0601989521904918,
          0.036246609617883244,
          0.00801095020880712,
          0.12142817783663451,
          0.07614403074966751,
          0.040390848799263385,
          0.02790427436183309,
          0.05920595065011586,
          0.035811927427145444,
          0.04586375780133945,
          0.190342251578843,
          0.03250950180199838,
          0.1053699440386628,
          0.026330518157320515,
          0.007926871030952094,
          0.012504369187819877,
          0.002617183366930098
        ],
        "currentBinShare": 0.04676994312715808
      },
      "ttm": {
        "squeeze": false,
        "release": false,
        "widthPct": 3.234496130281128
      }
    },
    "min15": {
      "sma20": 25.84499999999999,
      "sma50": 25.828000000000007,
      "ema20": 25.750701609393257,
      "ema50": 25.893859511456025,
      "vwma20": 25.82023608904552,
      "hma21": 25.640606060606082,
      "atr14": 0.14428571428571427,
      "atrPercentile": 0.8170731707317073,
      "rvolZ": 0.09011046642539695,
      "rvolPercentile": 0.71875,
      "mfi14": 42.379907318545385,
      "ppo": {
        "ppo": -0.4357074834211551,
        "signal": -0.1734395794920861,
        "histogram": -0.262267903929069
      },
      "stochRsi": {
        "k": 0,
        "d": 26.008223980499594
      },
      "vprofile": {
        "vpBins": [
          0,
          0.06209722501990286,
          0.07374042945511533,
          0.023529574826114296,
          0.028712546595020486,
          0.027676744730039435,
          0.17866301749658145,
          0.037175804535382495,
          0.019102340752113898,
          0.0128286037779577,
          0.07744082010698757,
          0.034091169500748496,
          0.05679943723075414,
          0.22696678998044265,
          0.03193513461984924,
          0.052983463321121284,
          0.03688266354893393,
          0.019374234502934663,
          0,
          0
        ],
        "currentBinShare": 0.06209722501990286
      },
      "ttm": {
        "squeeze": false,
        "release": false,
        "widthPct": 3.7175134088238275
      }
    },
    "hourly": {
      "sma20": 25.977500000000003,
      "sma50": 26.444600000000005,
      "ema20": 25.919728287321227,
      "ema50": 26.345390145219913,
      "vwma20": 25.78486690080891,
      "hma21": 25.402207792207783,
      "atr14": 0.3492857142857143,
      "atrPercentile": 0.531055900621118,
      "rvolZ": -0.14857163379782484,
      "rvolPercentile": 0.6071428571428571,
      "mfi14": 16.41201145701126,
      "ppo": {
        "ppo": -1.0684929331841964,
        "signal": -0.903313441998709,
        "histogram": -0.16517949118548736
      },
      "stochRsi": {
        "k": 26.333135464472075,
        "d": 34.81949535902458
      },
      "vprofile": {
        "vpBins": [
          0.0032630254233343772,
          0.0034846010869566944,
          0.0061507338797191224,
          0.018938866748743906,
          0.0037229019563880463,
          0.020923440299700766,
          0.03861998351067204,
          0.06477955967123997,
          0.05353209939468359,
          0.05559727296211962,
          0.0980394659394725,
          0.03775372700547263,
          0.0737308770644101,
          0.10370443866216776,
          0.019026798612343854,
          0.06979565242276828,
          0.0076477227786901,
          0.28358357696615877,
          0.03770525561495791,
          0
        ],
        "currentBinShare": 0.0032630254233343772
      },
      "ttm": {
        "squeeze": false,
        "release": true,
        "widthPct": 6.2135746139435195
      }
    },
    "fourHour": {
      "sma20": 26.6375,
      "sma50": 27.1186,
      "ema20": 26.499634017437614,
      "ema50": 26.706483957109445,
      "vwma20": 26.587929530284324,
      "hma21": 25.88155844155844,
      "atr14": 0.6307142857142861,
      "atrPercentile": 0.15714285714285714,
      "rvolZ": -0.25761882107503187,
      "rvolPercentile": 0.47619047619047616,
      "mfi14": 31.883876348326496,
      "ppo": {
        "ppo": -1.540753656418514,
        "signal": -0.9319843529236883,
        "histogram": -0.6087693034948257
      },
      "stochRsi": {
        "k": 6.835621326679093,
        "d": 34.57731578867127
      },
      "vprofile": {
        "vpBins": [
          0.016252793397200822,
          0,
          0.08750862464329354,
          0.09876295559832245,
          0.016948653014509617,
          0.047098588056037824,
          0.07188064491442187,
          0.06333002787892598,
          0.04594569520393299,
          0.03435528348626545,
          0.06319420956429746,
          0.05378980406582175,
          0.040939658404843905,
          0.04340459875822512,
          0.03712802806709448,
          0.22120895593766027,
          0.015175837389632758,
          0,
          0.0430756416195139,
          0
        ],
        "currentBinShare": 0.016948653014509617
      },
      "ttm": {
        "squeeze": false,
        "release": true,
        "widthPct": 8.8854702117711
      }
    },
    "daily": {
      "sma20": 27.4065,
      "sma50": 33.610800000000005,
      "ema20": 28.156582153095695,
      "ema50": 32.00411171069787,
      "vwma20": 0,
      "hma21": 26.05822510822511,
      "atr14": 1.760714285714286,
      "atrPercentile": 0.013157894736842105,
      "rvolZ": 0,
      "rvolPercentile": 1,
      "mfi14": 50,
      "ppo": {
        "ppo": -6.938962707511872,
        "signal": -7.8572213814519545,
        "histogram": 0.9182586739400822
      },
      "stochRsi": {
        "k": 100,
        "d": 48.76326079293881
      },
      "vprofile": {
        "vpBins": [
          0,
          0,
          0,
          0,
          0,
          0,
          0,
          0,
          0,
          0,
          0,
          0,
          0,
          0,
          0,
          0,
          0,
          0,
          0,
          0
        ],
        "currentBinShare": 0
      },
      "ttm": {
        "squeeze": false,
        "release": false,
        "widthPct": 36.774854547186536
      }
    }
  },
  "smaMin5": 25.627999999999997,
  "emaMin5": 25.604658874878172,
  "vwmaMin5": 25.73273453314154,
  "hmaMin5": 25.29670995670996,
  "keltner15": {
    "upper": 26.008701609393256,
    "middle": 25.750701609393257,
    "lower": 25.492701609393258
  },
  "superTrend15": {
    "isBull": false,
    "finalUpper": 26.031,
    "finalLower": 24.999000000000002
  },
  "mfi15": 42.379907318545385,
  "stochRsi15": {
    "k": 0,
    "d": 26.008223980499594
  },
  "ppo15": {
    "ppo": -0.4357074834211551,
    "signal": -0.1734395794920861,
    "histogram": -0.262267903929069
  },
  "vpMin15": {
    "vpBins": [
      0,
      0.06209722501990286,
      0.07374042945511533,
      0.023529574826114296,
      0.028712546595020486,
      0.027676744730039435,
      0.17866301749658145,
      0.037175804535382495,
      0.019102340752113898,
      0.0128286037779577,
      0.07744082010698757,
      0.034091169500748496,
      0.05679943723075414,
      0.22696678998044265,
      0.03193513461984924,
      0.052983463321121284,
      0.03688266354893393,
      0.019374234502934663,
      0,
      0
    ],
    "currentBinShare": 0.06209722501990286
  },
  "ttm15": {
    "squeeze": false,
    "release": false,
    "widthPct": 3.7175134088238275
  },
  "marketCorrelation": {
    "hourly": {
      "btcCorrelation": 0,
      "ethCorrelation": 0,
      "btcBeta": 1,
      "ethBeta": 1,
      "btcTrend": "UNKNOWN",
      "ethTrend": "UNKNOWN",
      "tokenVol": 0,
      "btcVol": 0,
      "ethVol": 0,
      "marketDependence": 0,
      "verdict": "INSUFFICIENT_DATA"
    },
    "min15": {
      "btcCorrelation": 0,
      "ethCorrelation": 0,
      "btcBeta": 1,
      "ethBeta": 1,
      "btcTrend": "UNKNOWN",
      "ethTrend": "UNKNOWN",
      "tokenVol": 0,
      "btcVol": 0,
      "ethVol": 0,
      "marketDependence": 0,
      "verdict": "INSUFFICIENT_DATA"
    },
    "daily": {
      "btcCorrelation": 0,
      "ethCorrelation": 0,
      "btcBeta": 1,
      "ethBeta": 1,
      "btcTrend": "UNKNOWN",
      "ethTrend": "UNKNOWN",
      "tokenVol": 0,
      "btcVol": 0,
      "ethVol": 0,
      "marketDependence": 0,
      "verdict": "INSUFFICIENT_DATA"
    }
  },
  "tradeTape": {
    "totalTrades": 0,
    "totalVolume": 0,
    "buysVolume": 0,
    "sellsVolume": 0,
    "buySellRatio": 0.5,
    "vwap": 0,
    "signedVolume": 0,
    "avgTradeSize": 0,
    "tradesPerSec": 0,
    "cumulativeDelta": 0,
    "tradesLast1m": 0,
    "tradesLast5m": 0,
    "tradesLast15m": 0,
    "tradesLast1h": 0,
    "buyVWAP": 0,
    "sellVWAP": 0,
    "aggressorVWAP": 0,
    "bucketDurationMs": 60000,
    "bucketCount": 15,
    "bucketSignedVolumes": [],
    "bucketVolumes": [],
    "bucketVWAPs": [],
    "latestBucketSignedZ": 0
  },
  "enhancedMetrics": {
    "relativeVolumeZScore": -1,
    "volumePercentile": 40,
    "atrPercentile": 87.95620437956204,
    "volatilityPercentile": 35.75949367088608,
    "relativeVolatilityRatio": 0.9141150440485261,
    "isHighVolume": false,
    "isHighVolatility": false,
    "isLowVolatility": false,
    "isExpandingVolatility": false,
    "isContractingVolatility": false
  },
  "orderBook": {
    "bidAskSpread": 0,
    "spreadPct": 0,
    "midPrice": 0,
    "bestBid": 0,
    "bestAsk": 0,
    "bidDepth": 0,
    "askDepth": 0,
    "orderBookImbalance": 0,
    "liquidityScore": 0,
    "depthAt1Pct": {
      "bidVolume": 0,
      "askVolume": 0,
      "imbalance": 0
    },
    "depthAt2Pct": {
      "bidVolume": 0,
      "askVolume": 0,
      "imbalance": 0
    },
    "depthAt5Pct": {
      "bidVolume": 0,
      "askVolume": 0,
      "imbalance": 0
    },
    "weightedMidPrice": 0,
    "volumeWeightedSpread": 0,
    "totalBidLevels": 0,
    "totalAskLevels": 0
  },
  "marketCap": {
    "marketCap": 0,
    "totalVolume24h": 0,
    "volumeToMarketCapRatio": 0,
    "marketCapRank": 0,
    "normalizedRank": 0,
    "isHighLiquidity": false,
    "isVeryHighLiquidity": false,
    "isLowLiquidity": true,
    "liquidityTier": "VERY_LOW"
  },
  "sweeps": {
    "sweepScore": 0,
    "sweepCount": 0,
    "sweepDirection": "NEUTRAL",
    "buySweeps": 0,
    "sellSweeps": 0,
    "avgSweepSize": 0,
    "avgSweepIntensity": 0,
    "bidLiftRatio": 0,
    "askLiftRatio": 0,
    "sweepFrequency": 0,
    "largestSweep": null,
    "recentSweepClusters": 0,
    "sweepDetails": []
  },
  "absorption": {
    "absorptionScore": 0,
    "absorptionLevel": null,
    "absorptionSide": "NONE",
    "icebergProbability": 0,
    "hiddenLiquidityEstimate": 0,
    "volumeAtPrice": {},
    "topAbsorptionLevels": [],
    "persistenceDuration": 0,
    "refillDetected": false
  },
  "orderArrival": {
    "avgInterArrivalTime": 0,
    "recentInterArrivalTime": 0,
    "accelerationRatio": 1,
    "hawkesIntensity": 0,
    "hawkesDirection": "NEUTRAL",
    "clusteringScore": 0,
    "burstCount": 0,
    "cascadeDetected": false,
    "timeToNextTrade": 0,
    "accelerationTrend": "STABLE"
  },
  "liquidityVacuum": {
    "vacuumScore": 0,
    "vacuumSide": "NONE",
    "bidVacuumSeverity": 0,
    "askVacuumSeverity": 0,
    "depthConcentration": 0,
    "priceImpact10k": 0,
    "priceImpact50k": 0,
    "priceImpact100k": 0,
    "largestGapBid": 0,
    "largestGapAsk": 0,
    "avgGapBid": 0,
    "avgGapAsk": 0,
    "bidCliffDistance": 0,
    "askCliffDistance": 0
  },
  "volatilityRegime": {
    "regime": "LOW",
    "regimeScore": -1,
    "currentATR": 1.770769,
    "avgATR": 3.024128,
    "atrPercentile": 1.3,
    "realizedVolatility": 61.52,
    "volPercentile": 0,
    "expanding": false,
    "contracting": true,
    "transitionProbability": 0.4,
    "daysInRegime": 7,
    "regimeStrength": 1.93
  },
  "temporalPatterns": {
    "currentHour": 19,
    "currentDay": 0,
    "currentDayName": "Sunday",
    "dayBias": "NEUTRAL",
    "hourlyProfile": [
      {
        "avgVolume": 445.48,
        "avgATR": 0.312143,
        "avgReturn": 0.262
      },
      {
        "avgVolume": 481.99,
        "avgATR": 0.353571,
        "avgReturn": 0.196
      },
      {
        "avgVolume": 477.71,
        "avgATR": 0.312143,
        "avgReturn": -0.328
      },
      {
        "avgVolume": 539.08,
        "avgATR": 0.324286,
        "avgReturn": 0.189
      },
      {
        "avgVolume": 520.24,
        "avgATR": 0.340714,
        "avgReturn": -0.236
      },
      {
        "avgVolume": 558.71,
        "avgATR": 0.288571,
        "avgReturn": 0.214
      },
      {
        "avgVolume": 498.23,
        "avgATR": 0.281429,
        "avgReturn": -0.362
      },
      {
        "avgVolume": 555.71,
        "avgATR": 0.293571,
        "avgReturn": 0.05
      },
      {
        "avgVolume": 749.46,
        "avgATR": 0.276429,
        "avgReturn": -0.026
      },
      {
        "avgVolume": 670.65,
        "avgATR": 0.28,
        "avgReturn": 0.306
      },
      {
        "avgVolume": 652.49,
        "avgATR": 0.274286,
        "avgReturn": -0.051
      },
      {
        "avgVolume": 638.33,
        "avgATR": 0.335,
        "avgReturn": 0.071
      },
      {
        "avgVolume": 652.28,
        "avgATR": 0.35,
        "avgReturn": -0.218
      },
      {
        "avgVolume": 983.88,
        "avgATR": 0.557857,
        "avgReturn": 0.326
      },
      {
        "avgVolume": 697.38,
        "avgATR": 0.416429,
        "avgReturn": -0.163
      },
      {
        "avgVolume": 618.14,
        "avgATR": 0.492143,
        "avgReturn": -0.327
      },
      {
        "avgVolume": 550.74,
        "avgATR": 0.432143,
        "avgReturn": 0.195
      },
      {
        "avgVolume": 806.53,
        "avgATR": 0.37,
        "avgReturn": -0.242
      },
      {
        "avgVolume": 2810.44,
        "avgATR": 0.354286,
        "avgReturn": -0.066
      },
      {
        "avgVolume": 572.37,
        "avgATR": 0.427857,
        "avgReturn": -0.344
      },
      {
        "avgVolume": 1262.58,
        "avgATR": 0.372143,
        "avgReturn": 0.01
      },
      {
        "avgVolume": 723.68,
        "avgATR": 0.363571,
        "avgReturn": -0.114
      },
      {
        "avgVolume": 756.09,
        "avgATR": 0.457143,
        "avgReturn": -0.013
      },
      {
        "avgVolume": 399.7,
        "avgATR": 0.29,
        "avgReturn": 0.501
      }
    ],
    "dailyProfile": [
      {
        "avgVolume": 435.1,
        "avgATR": 0.298958,
        "avgReturn": -0.017
      },
      {
        "avgVolume": 462.13,
        "avgATR": 0.320417,
        "avgReturn": 0.086
      },
      {
        "avgVolume": 672.16,
        "avgATR": 0.41,
        "avgReturn": -0.145
      },
      {
        "avgVolume": 547.87,
        "avgATR": 0.409167,
        "avgReturn": 0.043
      },
      {
        "avgVolume": 538.22,
        "avgATR": 0.339167,
        "avgReturn": -0.065
      },
      {
        "avgVolume": 2163.29,
        "avgATR": 0.459792,
        "avgReturn": 0.057
      },
      {
        "avgVolume": 318.15,
        "avgATR": 0.25875,
        "avgReturn": -0.007
      }
    ],
    "favorableHours": [
      18,
      20,
      13,
      17,
      22,
      8
    ],
    "favorableWindow": false,
    "currentVsAvgVolume": 0,
    "currentVsAvgVolatility": 0,
    "anomalyDetected": true,
    "timeUntilFavorable": 1,
    "temporalScore": 0
  },
  "unifiedMicrostructure": {
    "signalDirections": {
      "vpin": "NEUTRAL",
      "sweeps": "NEUTRAL",
      "absorption": "NEUTRAL",
      "arrival": "NEUTRAL",
      "vacuum": "NONE",
      "volRegime": "FAVORABLE",
      "temporal": "UNFAVORABLE"
    },
    "consensusDirection": "NEUTRAL",
    "consensusStrength": 50,
    "bullishSignals": 1,
    "bearishSignals": 1,
    "neutralSignals": 0,
    "totalAvailableSignals": 2,
    "dominantPattern": "NONE",
    "clusters": {
      "strongBuyCluster": false,
      "distributionPattern": false,
      "accumulationPattern": false,
      "momentumCascade": false
    },
    "adaptiveWeights": {
      "vpin": 0,
      "sweeps": 0,
      "absorption": 0,
      "arrival": 0,
      "vacuum": 0,
      "volRegime": 0.021,
      "temporal": 0.02
    },
    "convictionLevel": "LOW",
    "convictionScore": 30,
    "riskAdjustment": "REDUCE",
    "timingQuality": "UNFAVORABLE",
    "signalQuality": "LOW"
  },
  "deltaAnalysis": {
    "currentDelta": 0,
    "cumulativeDelta": 0,
    "deltaPerVolume": 0,
    "deltaDirection": "NEUTRAL",
    "deltaDivergence": false,
    "institutionalRatio": 0,
    "aggressionScore": 0
  },
  "volumeProfile": {
    "pointOfControl": 0,
    "valueAreaHigh": 0,
    "valueAreaLow": 0,
    "currentPosition": "ABOVE_VALUE_AREA",
    "volumeNodes": [],
    "airPockets": []
  },
  "momentumCascade": {
    "cascadeDetected": false,
    "alignmentScore": -0.009744338177911439,
    "cascadeStrength": 0,
    "acceleratingTimeframes": [],
    "divergingTimeframes": [
      "5m",
      "15m",
      "1h"
    ]
  },
  "breakoutConfirmation": {
    "breakoutConfirmed": false,
    "volumeConfirmation": false,
    "retestStrength": 0,
    "falseBreakoutRisk": 0,
    "breakoutQuality": "NO_BREAKOUT"
  },
  "liquidityHeatmap": {
    "liquidityScore": 0,
    "magnetDirection": "NONE",
    "magnetStrength": 0,
    "priceTarget5pct": null,
    "message": "No order book data"
  },
  "smartMoneyDivergence": {
    "divergenceDetected": false,
    "divergenceDirection": "NONE",
    "smartMoneyScore": 0.5,
    "message": "Insufficient trade data"
  },
  "microstructure": {
    "raw": -0.053469925159382786,
    "pct": 49,
    "summary": {
      "latestBucketSignedZ": 0,
      "buySellRatio": 0.5,
      "tradesPerSec": 0,
      "vwap": 0,
      "aggressorVWAP": 0,
      "vpinToxicity": "UNKNOWN",
      "sweepDirection": "NEUTRAL",
      "absorptionSide": "NONE",
      "icebergDetected": false,
      "hawkesDirection": "NEUTRAL",
      "cascadeDetected": false,
      "vacuumSide": "NONE",
      "volatilityRegime": "LOW",
      "volExpanding": false,
      "favorableTimeWindow": false,
      "temporalAnomaly": true,
      "consensusDirection": "NEUTRAL",
      "consensusStrength": 50,
      "dominantPattern": "NONE",
      "convictionLevel": "LOW",
      "riskAdjustment": "REDUCE",
      "timingQuality": "UNFAVORABLE",
      "deltaDirection": "NEUTRAL",
      "deltaDivergence": false,
      "institutionalRatio": 0,
      "volumeProfilePosition": "ABOVE_VALUE_AREA",
      "pointOfControl": 0,
      "momentumCascadeDetected": false,
      "cascadeStrength": 0,
      "breakoutQuality": "NO_BREAKOUT",
      "breakoutConfirmed": false,
      "magnetDirection": "NONE",
      "magnetStrength": 0,
      "priceTarget5pct": null,
      "nearestBidWall": 0,
      "nearestAskWall": 0,
      "divergenceDetected": false,
      "divergenceDirection": "NONE",
      "whaleAccumulation": false,
      "whaleDistribution": false,
      "retailPanic": false,
      "smartMoneyScore": 0.5
    }
  }
}

=== MICROSTRUCTURE ALERTS ===

🔬 VPIN: Insufficient data for VPIN analysis

🌊 SWEEP DETECTION: No significant sweeps detected

🧊 ABSORPTION & ICEBERG: No significant absorption or iceberg orders detected

⚡ ORDER ARRIVAL DYNAMICS: Insufficient trades for analysis

🌪️ LIQUIDITY VACUUM: No significant vacuum detected

📊 VOLATILITY REGIME DETECTION:
   Current Regime: LOW
   Regime Score: -1.00 (-1=low vol, +1=extreme vol)
   Days in Regime: 7
   ATR: $1.770769 (avg: $3.024128)
   ATR Percentile: 1.3%
   Realized Volatility: 61.52% (annualized)
   Vol Percentile: 0.0%

   🔵 LOW VOLATILITY REGIME:
   ✅ Ideal for breakout setups - price coiling
   ✅ Tight stops recommended
   ✅ Can increase position size (lower risk)

   📉 VOLATILITY CONTRACTING:
   🔄 Consolidation phase - accumulation likely
   ⏳ Wait for expansion before entering

   📍 MODERATE REGIME TRANSITION PROBABILITY: 40%
   Monitor for potential regime change

   ✅ STABLE REGIME: 7 days - predictable conditions

⏰ TEMPORAL PATTERN ANALYSIS:
   Current Time: Sunday 19:00 UTC
   Day Bias: NEUTRAL
   Current vs Avg Volume: 0x
   Current vs Avg Volatility: 0x

   ⏳ NON-FAVORABLE TIME WINDOW:
   This hour typically shows weaker activity
   Next favorable window in 1 hour(s)

   ⚠️ LOW ACTIVITY ANOMALY:
   Volume 0x below typical - Extremely quiet

   📉 LOW VOLATILITY ANOMALY:
   Volatility 0x below typical - Consolidation likely

   🔥 Best Trading Hours (UTC): 18:00, 20:00, 13:00

🎯 UNIFIED MICROSTRUCTURE INTEGRATION:
   Signal Consensus: NEUTRAL (50% agreement)
   Available Signals: 2 (1 bullish / 1 bearish / 0 neutral)
   Conviction Level: LOW (30%)
   Signal Quality: LOW
   Risk Adjustment: REDUCE
   Timing Quality: UNFAVORABLE

   ⚠️ LOW CONVICTION: Only 50% signal agreement
   Weak alignment - Reduce position size or wait for clarity

   ⚠️ RISK REDUCTION RECOMMENDED: Extreme volatility or unfavorable timing detected

   ⏰ UNFAVORABLE TIMING: Avoid trading during this hour

   Signal Directions Breakdown:
   • VPIN: NEUTRAL
   • Sweeps: NEUTRAL
   • Absorption: NEUTRAL
   • Arrival Dynamics: NEUTRAL
   • Liquidity Vacuum: NONE
   • Vol Regime: FAVORABLE
   • Temporal: UNFAVORABLE

   Adaptive Weights (Total: 4.1%):
   • VPIN: 0.0%
   • Sweeps: 0.0%
   • Absorption: 0.0%
   • Arrival: 0.0%
   • Vacuum: 0.0%
   • Vol Regime: 2.1%
   • Temporal: 2.0%


💹 DELTA ANALYSIS (Order Flow Aggression):
   Direction: NEUTRAL
   Delta Per Volume: 0.00%
   Institutional Ratio: 0.0%
   Aggression Score: 0.0%

📊 VOLUME PROFILE (Support/Resistance Strength):
   Point of Control (POC): $0.000000
   Value Area High: $0.000000
   Value Area Low: $0.000000
   Current Position: ABOVE_VALUE_AREA
   ⚠️ DISTRIBUTION RISK: Price above value area - potential rejection zone

⚡ MOMENTUM CASCADE (Multi-Timeframe Alignment):
   Cascade Detected: NO
   Alignment Score: -1.0%
   Cascade Strength: 0.0%
   Accelerating: None
   Diverging: 5m, 15m, 1h

💥 BREAKOUT CONFIRMATION:
   Quality: NO_BREAKOUT
   Volume Confirmation: NO
   Retest Strength: 0.0%
   False Breakout Risk: 0.0%
   No breakout detected - price below resistance


levels:
Entry=25.37914, StopLoss=24.7446615, TakeProfit=25.7396675, 26.100195, 26.388617000000004

---

=== Token: ZEC (ZEC) ===
Contract: ZEC-USD
Timestamp: 2025-02-18T16:10:00.000Z

Calculations:
{
  "momentumScore": 55.27213451486031,
  "volumeScore": 0,
  "patternScore": 35.001694447187504,
  "totalScore": 22.424927051288904,
  "finalScore": 0,
  "weights": "0.27,0.41,0.23",
  "hourlyUptrend": false,
  "rsi": 28.048780487804734,
  "ultraShortVolumeSurge": 5.358717374526806,
  "baseVolumeSurge": 0.039198387778378634,
  "currentPrice": 33.26,
  "resistance": 34.13,
  "support": 33.13,
  "rocMin5": -0.0006009615384616324,
  "shortROC": 0.0021090689966857573,
  "priceAcceleration": -0.00014451995702328827,
  "buySellRatio": 0.036876820864512876,
  "macdHistogram": -0.11623316962361241,
  "stochasticK": 10.399999999999636,
  "atr": 0.172857142857143,
  "bbUpper": 34.63830047690748,
  "bbLower": 33.04469952309251,
  "hammerDetected": false,
  "engulfingDetected": false,
  "compressionSpring": {
    "detected": true,
    "confidence": 54,
    "signals": {
      "sidewaysPrice": true,
      "atrCompression": true,
      "bbSqueeze": true,
      "consolidationTime": true,
      "strongBuying": false,
      "obvPositive": false,
      "chaikinPositive": false,
      "rsiNeutral": false,
      "volumeBuilding": false
    },
    "metrics": {
      "priceRange": 3.41,
      "atrRatio": 0.801,
      "bbWidth": 4.71,
      "volumeRatio": 3.429,
      "signalCount": 4,
      "buySellRatio": 0.037
    }
  },
  "riskTier": "LOW",
  "atrPercent": 0.6979640924319217,
  "distanceToResistance": 2.6157546602525694,
  "slPercent": 2.5,
  "tpPercent": 2.223391461214684,
  "trailingActivation": 1.3340348767288104,
  "shortMomentumScore": 45,
  "overboughtScore": 0,
  "shortPatternScore": 0,
  "shootingStarDetected": false,
  "bearishEngulfingDetected": false,
  "eveningStarDetected": false,
  "bearishPatternsCount": 0,
  "shortTotalScore": 18,
  "chaikin": -0.07945431418377595,
  "obvIncreasing": false,
  "obvTrend": "declining",
  "adx": 58.02469135802419,
  "recentCandles": {
    "redCount": 7,
    "greenCount": 3
  },
  "resistanceDistance": 2.6157546602525694,
  "multiplePatterns": false,
  "bullishPattern": false,
  "priceAboveVWAP": false,
  "breakingResistance": false,
  "atrSufficient": false,
  "macdDivergenceBearish": true,
  "rvolMin1": -0.31961255703274105,
  "rvolMin5": -0.4989909130728859,
  "atrPercentileOld": 0.45121951219512196,
  "vwapDeviation": -5.425051739600492,
  "bbWidthPercent": 4.7090139438706045,
  "bbSqueeze": false,
  "multiTFMomentum": {
    "min1": {
      "roc1": 0.0021090689966857573,
      "roc3": 0.003923936009658782
    },
    "min5": {
      "roc1": 0.0021090689966857573,
      "roc3": -0.002100210021002109
    },
    "min15": {
      "roc1": 0.003923936009658782,
      "roc3": 0.0006016847172080631
    },
    "hourly": {
      "roc1": -0.019861570869695956,
      "roc3": -0.03866587957497055
    },
    "fourHour": {
      "roc1": -0.052371254000581825,
      "roc3": -0.0648865920183749
    },
    "divergenceShortUpLongDown": true
  },
  "returnZMin5": 0.6743803993085274,
  "wickClosePct": 0,
  "wickUpper": 0,
  "wickLower": 0,
  "wickRatio": 0,
  "donchianBreakout15": false,
  "bbWidthPercentile15": 0.8051948051948052,
  "signedMin5": -1012.4063500000003,
  "signedMin5Z": -6.572330320394206,
  "signedMin1": 377.44085,
  "signedMin1Z": 4.202431974062611,
  "streakMin1": {
    "upStreak": 0,
    "downStreak": 7
  },
  "streakMin5": {
    "upStreak": 0,
    "downStreak": 3
  },
  "rvolPercentileMin1": 0.3263888888888889,
  "rvolPercentileMin5": 0.13194444444444445,
  "perTfMetrics": {
    "min1": {
      "sma20": 33.2555,
      "sma50": 33.601800000000004,
      "ema20": 33.30711343717948,
      "ema50": 33.53630065544198,
      "vwma20": 33.23816774836569,
      "hma21": 33.24168831168831,
      "atr14": 0.08857142857142922,
      "atrPercentile": 0.5916414904330313,
      "rvolZ": -0.31961255703274105,
      "rvolPercentile": 0.3263888888888889,
      "mfi14": 60.878205565842826,
      "ppo": {
        "ppo": -0.3147869110728296,
        "signal": -0.37073636201658206,
        "histogram": 0.05594945094375248
      },
      "stochRsi": {
        "k": 84.32704402515752,
        "d": 51.32302405498277
      },
      "vprofile": {
        "vpBins": [
          0.15949652443081913,
          0.08369280041836964,
          0.0003455661790121918,
          0.00042991014098931737,
          0.07298428235307776,
          0.010433740439070437,
          0.04292802159963986,
          0.04678356070411689,
          0.024675880829472994,
          0.08574314555640672,
          0.1996927501056446,
          0.03814361283584045,
          0.05253185726763683,
          0.00012977054736616512,
          0.03850253970411763,
          0.0020013470748350987,
          0.022759117185835124,
          0.10361133250591474,
          0.013802884902626732,
          0.001311355219207463
        ],
        "currentBinShare": 0.08369280041836964
      },
      "ttm": {
        "squeeze": false,
        "release": false,
        "widthPct": 0.8223859926975796
      }
    },
    "min5": {
      "sma20": 33.57000000000001,
      "sma50": 33.8708,
      "ema20": 33.486010644397766,
      "ema50": 33.79504128773293,
      "vwma20": 33.35328215074154,
      "hma21": 32.93658008658008,
      "atr14": 0.172857142857143,
      "atrPercentile": 0.7664233576642335,
      "rvolZ": -0.4989909130728859,
      "rvolPercentile": 0.13194444444444445,
      "mfi14": 67.25319353749956,
      "ppo": {
        "ppo": -0.6357261799338966,
        "signal": -0.5848654190062386,
        "histogram": -0.05086076092765801
      },
      "stochRsi": {
        "k": 18.290126297489266,
        "d": 25.507186968106282
      },
      "vprofile": {
        "vpBins": [
          0.10055342895123243,
          0.05145607399271962,
          0,
          0.05504547845711269,
          0.03593144844215878,
          0.05466729972735552,
          0.1527202587084979,
          0.042608709521174265,
          0.03347313305877992,
          0.007659863166411479,
          0.0008864069051214713,
          0.08599845981539232,
          0.0027970086441141463,
          0.0012848133896468839,
          0.018065192536953687,
          0.04585127178199966,
          0.07055779473580175,
          0.0772653991957538,
          0.09125410166671855,
          0.07192385730305506
        ],
        "currentBinShare": 0.10055342895123243
      },
      "ttm": {
        "squeeze": false,
        "release": false,
        "widthPct": 4.390627085932189
      }
    },
    "min15": {
      "sma20": 33.841499999999996,
      "sma50": 34.2136,
      "ema20": 33.740832205670664,
      "ema50": 34.26299791589096,
      "vwma20": 33.58728312205573,
      "hma21": 33.30129870129869,
      "atr14": 0.23214285714285715,
      "atrPercentile": 0.45121951219512196,
      "rvolZ": 1.7813563034897695,
      "rvolPercentile": 0.9166666666666666,
      "mfi14": 27.050976322378744,
      "ppo": {
        "ppo": -0.8867781706298891,
        "signal": -0.7032769006942001,
        "histogram": -0.18350126993568894
      },
      "stochRsi": {
        "k": 7.134433054746891,
        "d": 25.338401816281262
      },
      "vprofile": {
        "vpBins": [
          0.11115295857158539,
          0,
          0,
          0.04831570026327099,
          0.02267393709674714,
          0.0776510740927757,
          0.06162998648134695,
          0.04457502137325677,
          0.0013826723999734415,
          0.02382489149378625,
          0,
          0.07365435722072361,
          0.028682584419159576,
          0.1079956673028584,
          0.05032597527428022,
          0.06425396854593762,
          0.09637390260780423,
          0.08569275366284346,
          0.1018145491936502,
          0
        ],
        "currentBinShare": 0.11115295857158539
      },
      "ttm": {
        "squeeze": false,
        "release": false,
        "widthPct": 4.7090139438706045
      }
    },
    "hourly": {
      "sma20": 34.723,
      "sma50": 34.81120000000001,
      "ema20": 34.316222814822616,
      "ema50": 34.387991139688474,
      "vwma20": 34.670939453372675,
      "hma21": 32.981038961038955,
      "atr14": 0.5907142857142844,
      "atrPercentile": 0.6335403726708074,
      "rvolZ": 0.477142817016847,
      "rvolPercentile": 0.8452380952380952,
      "mfi14": 12.382331615629681,
      "ppo": {
        "ppo": -1.3974431701609213,
        "signal": -0.7034620032138954,
        "histogram": -0.6939811669470259
      },
      "stochRsi": {
        "k": 0,
        "d": 22.26165819398251
      },
      "vprofile": {
        "vpBins": [
          0,
          0,
          0,
          0.1077208982842305,
          0.023795299674732127,
          0.07932933502113797,
          0.07900560466197112,
          0.10717446421130197,
          0.07069398469100843,
          0.12089951083891969,
          0.04256968075845458,
          0.06012970288545329,
          0.031895515028615096,
          0.037991676417992615,
          0.029409929987789303,
          0.0979105226855846,
          0.052588908714832176,
          0.03481608673921394,
          0.016580124897668812,
          0.0074887545010937796
        ],
        "currentBinShare": 0.10717446421130197
      },
      "ttm": {
        "squeeze": false,
        "release": false,
        "widthPct": 12.773783666585487
      }
    },
    "fourHour": {
      "sma20": 33.8005,
      "sma50": 33.14199999999998,
      "ema20": 34.00632433018241,
      "ema50": 33.29054903740167,
      "vwma20": 34.44642478684736,
      "hma21": 36.03796536796536,
      "atr14": 1.3942857142857128,
      "atrPercentile": 1,
      "rvolZ": 0.22277055405585663,
      "rvolPercentile": 0.7380952380952381,
      "mfi14": 79.82896732396895,
      "ppo": {
        "ppo": 1.2803282958465854,
        "signal": 1.7623260721363203,
        "histogram": -0.48199777628973495
      },
      "stochRsi": {
        "k": 41.854954933848795,
        "d": 58.04713994139223
      },
      "vprofile": {
        "vpBins": [
          0,
          0.05150287102461933,
          0.10694250572850039,
          0.02792910477938405,
          0.005202108021704563,
          0.024720521490423933,
          0.04572808725902071,
          0.11864115144117256,
          0.1161914653704652,
          0.1722139439818527,
          0.07558198304389738,
          0.02524989120246643,
          0.030088276375968576,
          0.012633316774858374,
          0.024327107713141956,
          0.07456486345528142,
          0.04774534777062997,
          0,
          0.040737454566612576,
          0
        ],
        "currentBinShare": 0.1722139439818527
      },
      "ttm": {
        "squeeze": false,
        "release": false,
        "widthPct": 18.58034077682825
      }
    },
    "daily": {
      "sma20": 34.1805,
      "sma50": 44.23660000000002,
      "ema20": 35.576988195164915,
      "ema50": 41.967537826466824,
      "vwma20": 0,
      "hma21": 31.721688311688307,
      "atr14": 2.790714285714285,
      "atrPercentile": 0.013157894736842105,
      "rvolZ": 0,
      "rvolPercentile": 1,
      "mfi14": 50,
      "ppo": {
        "ppo": -8.142027237996345,
        "signal": -10.229575409751389,
        "histogram": 2.087548171755044
      },
      "stochRsi": {
        "k": 100,
        "d": 53.982813397057555
      },
      "vprofile": {
        "vpBins": [
          0,
          0,
          0,
          0,
          0,
          0,
          0,
          0,
          0,
          0,
          0,
          0,
          0,
          0,
          0,
          0,
          0,
          0,
          0,
          0
        ],
        "currentBinShare": 0
      },
      "ttm": {
        "squeeze": false,
        "release": false,
        "widthPct": 43.3336950582839
      }
    }
  },
  "smaMin5": 33.57000000000001,
  "emaMin5": 33.486010644397766,
  "vwmaMin5": 33.35328215074154,
  "hmaMin5": 32.93658008658008,
  "keltner15": {
    "upper": 34.09633220567066,
    "middle": 33.740832205670664,
    "lower": 33.385332205670665
  },
  "superTrend15": {
    "isBull": true,
    "finalUpper": 33.941,
    "finalLower": 32.519000000000005
  },
  "mfi15": 27.050976322378744,
  "stochRsi15": {
    "k": 7.134433054746891,
    "d": 25.338401816281262
  },
  "ppo15": {
    "ppo": -0.8867781706298891,
    "signal": -0.7032769006942001,
    "histogram": -0.18350126993568894
  },
  "vpMin15": {
    "vpBins": [
      0.11115295857158539,
      0,
      0,
      0.04831570026327099,
      0.02267393709674714,
      0.0776510740927757,
      0.06162998648134695,
      0.04457502137325677,
      0.0013826723999734415,
      0.02382489149378625,
      0,
      0.07365435722072361,
      0.028682584419159576,
      0.1079956673028584,
      0.05032597527428022,
      0.06425396854593762,
      0.09637390260780423,
      0.08569275366284346,
      0.1018145491936502,
      0
    ],
    "currentBinShare": 0.11115295857158539
  },
  "ttm15": {
    "squeeze": false,
    "release": false,
    "widthPct": 4.7090139438706045
  },
  "marketCorrelation": {
    "hourly": {
      "btcCorrelation": 0,
      "ethCorrelation": 0,
      "btcBeta": 1,
      "ethBeta": 1,
      "btcTrend": "UNKNOWN",
      "ethTrend": "UNKNOWN",
      "tokenVol": 0,
      "btcVol": 0,
      "ethVol": 0,
      "marketDependence": 0,
      "verdict": "INSUFFICIENT_DATA"
    },
    "min15": {
      "btcCorrelation": 0,
      "ethCorrelation": 0,
      "btcBeta": 1,
      "ethBeta": 1,
      "btcTrend": "UNKNOWN",
      "ethTrend": "UNKNOWN",
      "tokenVol": 0,
      "btcVol": 0,
      "ethVol": 0,
      "marketDependence": 0,
      "verdict": "INSUFFICIENT_DATA"
    },
    "daily": {
      "btcCorrelation": 0,
      "ethCorrelation": 0,
      "btcBeta": 1,
      "ethBeta": 1,
      "btcTrend": "UNKNOWN",
      "ethTrend": "UNKNOWN",
      "tokenVol": 0,
      "btcVol": 0,
      "ethVol": 0,
      "marketDependence": 0,
      "verdict": "INSUFFICIENT_DATA"
    }
  },
  "tradeTape": {
    "totalTrades": 0,
    "totalVolume": 0,
    "buysVolume": 0,
    "sellsVolume": 0,
    "buySellRatio": 0.5,
    "vwap": 0,
    "signedVolume": 0,
    "avgTradeSize": 0,
    "tradesPerSec": 0,
    "cumulativeDelta": 0,
    "tradesLast1m": 0,
    "tradesLast5m": 0,
    "tradesLast15m": 0,
    "tradesLast1h": 0,
    "buyVWAP": 0,
    "sellVWAP": 0,
    "aggressorVWAP": 0,
    "bucketDurationMs": 60000,
    "bucketCount": 15,
    "bucketSignedVolumes": [],
    "bucketVolumes": [],
    "bucketVWAPs": [],
    "latestBucketSignedZ": 0
  },
  "enhancedMetrics": {
    "relativeVolumeZScore": -1,
    "volumePercentile": 40,
    "atrPercentile": 74.45255474452554,
    "volatilityPercentile": 55.69620253164557,
    "relativeVolatilityRatio": 1.0500752777416469,
    "isHighVolume": false,
    "isHighVolatility": false,
    "isLowVolatility": false,
    "isExpandingVolatility": false,
    "isContractingVolatility": false
  },
  "orderBook": {
    "bidAskSpread": 0,
    "spreadPct": 0,
    "midPrice": 0,
    "bestBid": 0,
    "bestAsk": 0,
    "bidDepth": 0,
    "askDepth": 0,
    "orderBookImbalance": 0,
    "liquidityScore": 0,
    "depthAt1Pct": {
      "bidVolume": 0,
      "askVolume": 0,
      "imbalance": 0
    },
    "depthAt2Pct": {
      "bidVolume": 0,
      "askVolume": 0,
      "imbalance": 0
    },
    "depthAt5Pct": {
      "bidVolume": 0,
      "askVolume": 0,
      "imbalance": 0
    },
    "weightedMidPrice": 0,
    "volumeWeightedSpread": 0,
    "totalBidLevels": 0,
    "totalAskLevels": 0
  },
  "marketCap": {
    "marketCap": 0,
    "totalVolume24h": 0,
    "volumeToMarketCapRatio": 0,
    "marketCapRank": 0,
    "normalizedRank": 0,
    "isHighLiquidity": false,
    "isVeryHighLiquidity": false,
    "isLowLiquidity": true,
    "liquidityTier": "VERY_LOW"
  },
  "sweeps": {
    "sweepScore": 0,
    "sweepCount": 0,
    "sweepDirection": "NEUTRAL",
    "buySweeps": 0,
    "sellSweeps": 0,
    "avgSweepSize": 0,
    "avgSweepIntensity": 0,
    "bidLiftRatio": 0,
    "askLiftRatio": 0,
    "sweepFrequency": 0,
    "largestSweep": null,
    "recentSweepClusters": 0,
    "sweepDetails": []
  },
  "absorption": {
    "absorptionScore": 0,
    "absorptionLevel": null,
    "absorptionSide": "NONE",
    "icebergProbability": 0,
    "hiddenLiquidityEstimate": 0,
    "volumeAtPrice": {},
    "topAbsorptionLevels": [],
    "persistenceDuration": 0,
    "refillDetected": false
  },
  "orderArrival": {
    "avgInterArrivalTime": 0,
    "recentInterArrivalTime": 0,
    "accelerationRatio": 1,
    "hawkesIntensity": 0,
    "hawkesDirection": "NEUTRAL",
    "clusteringScore": 0,
    "burstCount": 0,
    "cascadeDetected": false,
    "timeToNextTrade": 0,
    "accelerationTrend": "STABLE"
  },
  "liquidityVacuum": {
    "vacuumScore": 0,
    "vacuumSide": "NONE",
    "bidVacuumSeverity": 0,
    "askVacuumSeverity": 0,
    "depthConcentration": 0,
    "priceImpact10k": 0,
    "priceImpact50k": 0,
    "priceImpact100k": 0,
    "largestGapBid": 0,
    "largestGapAsk": 0,
    "avgGapBid": 0,
    "avgGapAsk": 0,
    "bidCliffDistance": 0,
    "askCliffDistance": 0
  },
  "volatilityRegime": {
    "regime": "LOW",
    "regimeScore": -1,
    "currentATR": 2.676923,
    "avgATR": 3.919256,
    "atrPercentile": 1.3,
    "realizedVolatility": 82.36,
    "volPercentile": 23.7,
    "expanding": false,
    "contracting": false,
    "transitionProbability": 0,
    "daysInRegime": 4,
    "regimeStrength": 0.75
  },
  "temporalPatterns": {
    "currentHour": 19,
    "currentDay": 0,
    "currentDayName": "Sunday",
    "dayBias": "NEUTRAL",
    "hourlyProfile": [
      {
        "avgVolume": 1002.2,
        "avgATR": 0.622143,
        "avgReturn": 0.542
      },
      {
        "avgVolume": 475.58,
        "avgATR": 0.567143,
        "avgReturn": 0.124
      },
      {
        "avgVolume": 437.81,
        "avgATR": 0.440714,
        "avgReturn": -0.526
      },
      {
        "avgVolume": 391.65,
        "avgATR": 0.59,
        "avgReturn": 0.385
      },
      {
        "avgVolume": 567.69,
        "avgATR": 0.477857,
        "avgReturn": -0.114
      },
      {
        "avgVolume": 587.18,
        "avgATR": 0.547857,
        "avgReturn": 0.395
      },
      {
        "avgVolume": 220.01,
        "avgATR": 0.443571,
        "avgReturn": -0.686
      },
      {
        "avgVolume": 358.3,
        "avgATR": 0.459286,
        "avgReturn": 0.09
      },
      {
        "avgVolume": 458.37,
        "avgATR": 0.425714,
        "avgReturn": 0.009
      },
      {
        "avgVolume": 374.49,
        "avgATR": 0.450714,
        "avgReturn": 0.364
      },
      {
        "avgVolume": 373.38,
        "avgATR": 0.417143,
        "avgReturn": -0.176
      },
      {
        "avgVolume": 485.98,
        "avgATR": 0.444286,
        "avgReturn": 0.132
      },
      {
        "avgVolume": 400.5,
        "avgATR": 0.413571,
        "avgReturn": -0.384
      },
      {
        "avgVolume": 1078.44,
        "avgATR": 0.672143,
        "avgReturn": 0.036
      },
      {
        "avgVolume": 717.05,
        "avgATR": 0.56,
        "avgReturn": 0.002
      },
      {
        "avgVolume": 738.46,
        "avgATR": 0.694286,
        "avgReturn": -0.518
      },
      {
        "avgVolume": 616.48,
        "avgATR": 0.629286,
        "avgReturn": -0.06
      },
      {
        "avgVolume": 817.45,
        "avgATR": 0.678462,
        "avgReturn": 0.236
      },
      {
        "avgVolume": 921.75,
        "avgATR": 0.480714,
        "avgReturn": 0.16
      },
      {
        "avgVolume": 1248.31,
        "avgATR": 0.674286,
        "avgReturn": -0.284
      },
      {
        "avgVolume": 1021.6,
        "avgATR": 0.593571,
        "avgReturn": 0.089
      },
      {
        "avgVolume": 780.58,
        "avgATR": 0.577143,
        "avgReturn": -0.284
      },
      {
        "avgVolume": 838.5,
        "avgATR": 0.641429,
        "avgReturn": 0.026
      },
      {
        "avgVolume": 614.46,
        "avgATR": 0.451429,
        "avgReturn": 0.503
      }
    ],
    "dailyProfile": [
      {
        "avgVolume": 926.73,
        "avgATR": 0.587708,
        "avgReturn": 0.166
      },
      {
        "avgVolume": 596.36,
        "avgATR": 0.615417,
        "avgReturn": 0.146
      },
      {
        "avgVolume": 606.9,
        "avgATR": 0.558085,
        "avgReturn": -0.262
      },
      {
        "avgVolume": 745.65,
        "avgATR": 0.624167,
        "avgReturn": -0.017
      },
      {
        "avgVolume": 717.21,
        "avgATR": 0.538333,
        "avgReturn": -0.163
      },
      {
        "avgVolume": 630.53,
        "avgATR": 0.511042,
        "avgReturn": 0.06
      },
      {
        "avgVolume": 300.71,
        "avgATR": 0.340625,
        "avgReturn": 0.078
      }
    ],
    "favorableHours": [
      19,
      13,
      20,
      0,
      18,
      22
    ],
    "favorableWindow": true,
    "currentVsAvgVolume": 0,
    "currentVsAvgVolatility": 0,
    "anomalyDetected": true,
    "timeUntilFavorable": null,
    "temporalScore": 0.5
  },
  "unifiedMicrostructure": {
    "signalDirections": {
      "vpin": "NEUTRAL",
      "sweeps": "NEUTRAL",
      "absorption": "NEUTRAL",
      "arrival": "NEUTRAL",
      "vacuum": "NONE",
      "volRegime": "FAVORABLE",
      "temporal": "FAVORABLE"
    },
    "consensusDirection": "BULLISH",
    "consensusStrength": 100,
    "bullishSignals": 2,
    "bearishSignals": 0,
    "neutralSignals": 0,
    "totalAvailableSignals": 2,
    "dominantPattern": "NONE",
    "clusters": {
      "strongBuyCluster": false,
      "distributionPattern": false,
      "accumulationPattern": false,
      "momentumCascade": false
    },
    "adaptiveWeights": {
      "vpin": 0,
      "sweeps": 0,
      "absorption": 0,
      "arrival": 0,
      "vacuum": 0,
      "volRegime": 0.03,
      "temporal": 0.02
    },
    "convictionLevel": "HIGH",
    "convictionScore": 100,
    "riskAdjustment": "INCREASE",
    "timingQuality": "FAVORABLE",
    "signalQuality": "LOW"
  },
  "deltaAnalysis": {
    "currentDelta": 0,
    "cumulativeDelta": 0,
    "deltaPerVolume": 0,
    "deltaDirection": "NEUTRAL",
    "deltaDivergence": false,
    "institutionalRatio": 0,
    "aggressionScore": 0
  },
  "volumeProfile": {
    "pointOfControl": 0,
    "valueAreaHigh": 0,
    "valueAreaLow": 0,
    "currentPosition": "ABOVE_VALUE_AREA",
    "volumeNodes": [],
    "airPockets": []
  },
  "momentumCascade": {
    "cascadeDetected": false,
    "alignmentScore": -0.010625336409028694,
    "cascadeStrength": 0,
    "acceleratingTimeframes": [],
    "divergingTimeframes": [
      "1m",
      "5m",
      "15m",
      "1h"
    ]
  },
  "breakoutConfirmation": {
    "breakoutConfirmed": false,
    "volumeConfirmation": false,
    "retestStrength": 0,
    "falseBreakoutRisk": 0,
    "breakoutQuality": "NO_BREAKOUT"
  },
  "liquidityHeatmap": {
    "liquidityScore": 0,
    "magnetDirection": "NONE",
    "magnetStrength": 0,
    "priceTarget5pct": null,
    "message": "No order book data"
  },
  "smartMoneyDivergence": {
    "divergenceDetected": false,
    "divergenceDirection": "NONE",
    "smartMoneyScore": 0.5,
    "message": "Insufficient trade data"
  },
  "microstructure": {
    "raw": -0.0373930518340571,
    "pct": 49,
    "summary": {
      "latestBucketSignedZ": 0,
      "buySellRatio": 0.5,
      "tradesPerSec": 0,
      "vwap": 0,
      "aggressorVWAP": 0,
      "vpinToxicity": "UNKNOWN",
      "sweepDirection": "NEUTRAL",
      "absorptionSide": "NONE",
      "icebergDetected": false,
      "hawkesDirection": "NEUTRAL",
      "cascadeDetected": false,
      "vacuumSide": "NONE",
      "volatilityRegime": "LOW",
      "volExpanding": false,
      "favorableTimeWindow": true,
      "temporalAnomaly": true,
      "consensusDirection": "BULLISH",
      "consensusStrength": 100,
      "dominantPattern": "NONE",
      "convictionLevel": "HIGH",
      "riskAdjustment": "INCREASE",
      "timingQuality": "FAVORABLE",
      "deltaDirection": "NEUTRAL",
      "deltaDivergence": false,
      "institutionalRatio": 0,
      "volumeProfilePosition": "ABOVE_VALUE_AREA",
      "pointOfControl": 0,
      "momentumCascadeDetected": false,
      "cascadeStrength": 0,
      "breakoutQuality": "NO_BREAKOUT",
      "breakoutConfirmed": false,
      "magnetDirection": "NONE",
      "magnetStrength": 0,
      "priceTarget5pct": null,
      "nearestBidWall": 0,
      "nearestAskWall": 0,
      "divergenceDetected": false,
      "divergenceDirection": "NONE",
      "whaleAccumulation": false,
      "whaleDistribution": false,
      "retailPanic": false,
      "smartMoneyScore": 0.5
    }
  }
}

=== MICROSTRUCTURE ALERTS ===

🔬 VPIN: Insufficient data for VPIN analysis

🌊 SWEEP DETECTION: No significant sweeps detected

🧊 ABSORPTION & ICEBERG: No significant absorption or iceberg orders detected

⚡ ORDER ARRIVAL DYNAMICS: Insufficient trades for analysis

🌪️ LIQUIDITY VACUUM: No significant vacuum detected

📊 VOLATILITY REGIME DETECTION:
   Current Regime: LOW
   Regime Score: -1.00 (-1=low vol, +1=extreme vol)
   Days in Regime: 4
   ATR: $2.676923 (avg: $3.919256)
   ATR Percentile: 1.3%
   Realized Volatility: 82.36% (annualized)
   Vol Percentile: 23.7%

   🔵 LOW VOLATILITY REGIME:
   ✅ Ideal for breakout setups - price coiling
   ✅ Tight stops recommended
   ✅ Can increase position size (lower risk)

⏰ TEMPORAL PATTERN ANALYSIS:
   Current Time: Sunday 19:00 UTC
   Day Bias: NEUTRAL
   Current vs Avg Volume: 0x
   Current vs Avg Volatility: 0x

   ✅ FAVORABLE TIME WINDOW:
   This hour historically shows strong volume and positive returns
   GOOD time to trade - patterns favor entry

   ⚠️ LOW ACTIVITY ANOMALY:
   Volume 0x below typical - Extremely quiet

   📉 LOW VOLATILITY ANOMALY:
   Volatility 0x below typical - Consolidation likely

   🔥 Best Trading Hours (UTC): 19:00, 13:00, 20:00

🎯 UNIFIED MICROSTRUCTURE INTEGRATION:
   Signal Consensus: BULLISH (100% agreement)
   Available Signals: 2 (2 bullish / 0 bearish / 0 neutral)
   Conviction Level: HIGH (100%)
   Signal Quality: LOW
   Risk Adjustment: INCREASE
   Timing Quality: FAVORABLE

   ✅ HIGH CONVICTION: 100% of signals agree on direction
   Strong institutional alignment - Follow the smart money

   💰 RISK INCREASE OPPORTUNITY: Low vol + Favorable timing = Lower risk

   ⏰ FAVORABLE TIMING: Good time window for trading

   Signal Directions Breakdown:
   • VPIN: NEUTRAL
   • Sweeps: NEUTRAL
   • Absorption: NEUTRAL
   • Arrival Dynamics: NEUTRAL
   • Liquidity Vacuum: NONE
   • Vol Regime: FAVORABLE
   • Temporal: FAVORABLE

   Adaptive Weights (Total: 5.0%):
   • VPIN: 0.0%
   • Sweeps: 0.0%
   • Absorption: 0.0%
   • Arrival: 0.0%
   • Vacuum: 0.0%
   • Vol Regime: 3.0%
   • Temporal: 2.0%


💹 DELTA ANALYSIS (Order Flow Aggression):
   Direction: NEUTRAL
   Delta Per Volume: 0.00%
   Institutional Ratio: 0.0%
   Aggression Score: 0.0%

📊 VOLUME PROFILE (Support/Resistance Strength):
   Point of Control (POC): $0.000000
   Value Area High: $0.000000
   Value Area Low: $0.000000
   Current Position: ABOVE_VALUE_AREA
   ⚠️ DISTRIBUTION RISK: Price above value area - potential rejection zone

⚡ MOMENTUM CASCADE (Multi-Timeframe Alignment):
   Cascade Detected: NO
   Alignment Score: -1.1%
   Cascade Strength: 0.0%
   Accelerating: None
   Diverging: 1m, 5m, 15m, 1h

💥 BREAKOUT CONFIRMATION:
   Quality: NO_BREAKOUT
   Volume Confirmation: NO
   Retest Strength: 0.0%
   False Breakout Risk: 0.0%
   No breakout detected - price below resistance


levels:
Entry=33.19348, StopLoss=32.363643, TakeProfit=33.5624905, 33.931501000000004, 34.22670940000001

---

=== Token: OMNI (OMNI) ===
Contract: OMNI-USD
Timestamp: 2025-02-18T16:10:00.000Z

Calculations:
{
  "momentumScore": 25.72558356770371,
  "volumeScore": 12.386815477144252,
  "patternScore": 0,
  "totalScore": 10.962826824687461,
  "finalScore": 31.5,
  "weights": "0.23,0.45,0.23",
  "hourlyUptrend": false,
  "rsi": 39.099099099099185,
  "ultraShortVolumeSurge": 0.22576527624891682,
  "baseVolumeSurge": 0.023052633367495936,
  "currentPrice": 4.633,
  "resistance": 4.864,
  "support": 4.591,
  "rocMin5": -0.005580596694569608,
  "shortROC": -0.0012933821944385055,
  "priceAcceleration": -0.0013625157880405236,
  "buySellRatio": 0.2546690661867627,
  "macdHistogram": -0.007896034707280258,
  "stochasticK": 15.384615384615335,
  "atr": 0.04314285714285721,
  "bbUpper": 4.894174628712408,
  "bbLower": 4.596225371287591,
  "hammerDetected": false,
  "engulfingDetected": false,
  "compressionSpring": {
    "detected": false,
    "confidence": 0,
    "signals": {
      "sidewaysPrice": true,
      "atrCompression": false,
      "bbSqueeze": false,
      "consolidationTime": true,
      "strongBuying": false,
      "obvPositive": false,
      "chaikinPositive": false,
      "rsiNeutral": true,
      "volumeBuilding": false
    },
    "metrics": {
      "priceRange": 5.95,
      "atrRatio": 0.95,
      "bbWidth": 6.28,
      "volumeRatio": 0.273,
      "signalCount": 3,
      "buySellRatio": 0.255
    }
  },
  "riskTier": "LOW",
  "atrPercent": 1.1455089266442593,
  "distanceToResistance": 4.985970213684435,
  "slPercent": 2.5,
  "tpPercent": 0.6345780271961983,
  "trailingActivation": 0.38074681631771895,
  "shortMomentumScore": 60,
  "overboughtScore": 0,
  "shortPatternScore": 30,
  "shootingStarDetected": false,
  "bearishEngulfingDetected": true,
  "eveningStarDetected": false,
  "bearishPatternsCount": 1,
  "shortTotalScore": 31.5,
  "chaikin": -0.41790890001499825,
  "obvIncreasing": false,
  "obvTrend": "declining",
  "adx": 15.139442231075781,
  "recentCandles": {
    "redCount": 7,
    "greenCount": 3
  },
  "resistanceDistance": 4.985970213684435,
  "multiplePatterns": false,
  "bullishPattern": false,
  "priceAboveVWAP": false,
  "breakingResistance": false,
  "atrSufficient": true,
  "macdDivergenceBearish": false,
  "rvolMin1": -0.3266214277828101,
  "rvolMin5": -0.35001002812176046,
  "atrPercentileOld": 0.7682926829268293,
  "vwapDeviation": -8.601803364915405,
  "bbWidthPercent": 6.278961001113053,
  "bbSqueeze": false,
  "multiTFMomentum": {
    "min1": {
      "roc1": 0.005391416864352029,
      "roc3": 0.015465040296231698
    },
    "min5": {
      "roc1": -0.0012933821944385055,
      "roc3": 0.009148333696362407
    },
    "min15": {
      "roc1": 0.0006479481641468928,
      "roc3": -0.013205537806176842
    },
    "hourly": {
      "roc1": -0.008893709327548887,
      "roc3": -0.05128737541528237
    },
    "fourHour": {
      "roc1": -0.06064967105263157,
      "roc3": -0.06564417177914106
    },
    "divergenceShortUpLongDown": true
  },
  "returnZMin5": -0.07050584547635555,
  "wickClosePct": 0,
  "wickUpper": 0,
  "wickLower": 0,
  "wickRatio": 0,
  "donchianBreakout15": false,
  "bbWidthPercentile15": 0.45454545454545453,
  "signedMin5": -1267,
  "signedMin5Z": -8.146169258082839,
  "signedMin1": -2985.2299999999996,
  "signedMin1Z": -24.139695139196938,
  "streakMin1": {
    "upStreak": 3,
    "downStreak": 0
  },
  "streakMin5": {
    "upStreak": 0,
    "downStreak": 1
  },
  "rvolPercentileMin1": 0.42291666666666666,
  "rvolPercentileMin5": 0.4097222222222222,
  "perTfMetrics": {
    "min1": {
      "sma20": 4.73385,
      "sma50": 4.78658,
      "ema20": 4.711354768642752,
      "ema50": 4.784984255642026,
      "vwma20": 4.762549132977817,
      "hma21": 4.667229437229437,
      "atr14": 0.03914285714285708,
      "atrPercentile": 0.7636262513904338,
      "rvolZ": -0.3266214277828101,
      "rvolPercentile": 0.42291666666666666,
      "mfi14": 13.985531958119594,
      "ppo": {
        "ppo": -0.8577562794416087,
        "signal": -0.6224754347558106,
        "histogram": -0.23528084468579813
      },
      "stochRsi": {
        "k": 13.878442741768673,
        "d": 35.25794427211749
      },
      "vprofile": {
        "vpBins": [
          0.003705564627559352,
          0.0008115479191424688,
          0.030001624411150958,
          0.04928443702315805,
          0.01861693557138169,
          0.04643875805546806,
          0.008597212457852449,
          0.00013679251797539183,
          0.0012528353208803914,
          0.00683272050723718,
          0.017327600323829982,
          0.018660012061417208,
          0.09063194855022948,
          0.04870931655695863,
          0.014816010775041414,
          0.11524802522243581,
          0.30686902313700765,
          0.17807755215050333,
          0.04116468306554664,
          0.0028173997452239355
        ],
        "currentBinShare": 0.030001624411150958
      },
      "ttm": {
        "squeeze": false,
        "release": false,
        "widthPct": 6.313308979272744
      }
    },
    "min5": {
      "sma20": 4.719849999999999,
      "sma50": 4.829899999999999,
      "ema20": 4.715002772589058,
      "ema50": 4.807210218714422,
      "vwma20": 4.736919946899804,
      "hma21": 4.6929177489177505,
      "atr14": 0.04314285714285721,
      "atrPercentile": 0.916058394160584,
      "rvolZ": -0.35001002812176046,
      "rvolPercentile": 0.4097222222222222,
      "mfi14": 40.11711869878181,
      "ppo": {
        "ppo": -1.0661404681119069,
        "signal": -0.8873309784352695,
        "histogram": -0.17880948967663735
      },
      "stochRsi": {
        "k": 0,
        "d": 42.42541309436683
      },
      "vprofile": {
        "vpBins": [
          0.0015465006005003857,
          0.002997081398440019,
          0.019349404495928476,
          0.025959622240950546,
          0.024818011617844193,
          0.022464087814461405,
          0.011300861062876255,
          0.00477642908722056,
          0.0011262917357194977,
          0.004890024529073835,
          0.2011395838164675,
          0.05313202901255866,
          0.06274592706135661,
          0.06100287335192339,
          0.06784923763789354,
          0.10405106798569357,
          0.15255938543451908,
          0.10325872799500745,
          0.07301358808878733,
          0.0020192650327777056
        ],
        "currentBinShare": 0.002997081398440019
      },
      "ttm": {
        "squeeze": false,
        "release": false,
        "widthPct": 6.181601121050611
      }
    },
    "min15": {
      "sma20": 4.7452,
      "sma50": 4.92054,
      "ema20": 4.762625415801408,
      "ema50": 4.872117981348631,
      "vwma20": 4.735827262383747,
      "hma21": 4.733419913419915,
      "atr14": 0.05307142857142853,
      "atrPercentile": 0.7682926829268293,
      "rvolZ": -0.4202047069106987,
      "rvolPercentile": 0.4166666666666667,
      "mfi14": 26.558724260926198,
      "ppo": {
        "ppo": -1.4005290355345468,
        "signal": -1.269477730748266,
        "histogram": -0.1310513047862807
      },
      "stochRsi": {
        "k": 70.61579770866484,
        "d": 42.477399618160796
      },
      "vprofile": {
        "vpBins": [
          0,
          0.008027808096909542,
          0.03225743728613794,
          0.03705789377447576,
          0.03795755869977104,
          0.04626207171967248,
          0.01504751285275671,
          0.0030942341050783206,
          0.0017062223832595017,
          0.00760452434984626,
          0.005030794640449997,
          0.038515829578185785,
          0.03295406062604862,
          0.02816370012814429,
          0.063089470293296,
          0.06700110569791526,
          0.2742523451677037,
          0.1829292506643723,
          0.11584438563841622,
          0.003203794297560248
        ],
        "currentBinShare": 0.008027808096909542
      },
      "ttm": {
        "squeeze": false,
        "release": false,
        "widthPct": 6.278961001113053
      }
    },
    "hourly": {
      "sma20": 4.844600000000001,
      "sma50": 4.975160000000001,
      "ema20": 4.817017582310339,
      "ema50": 4.928149007702436,
      "vwma20": 4.747942443431614,
      "hma21": 4.619974025974026,
      "atr14": 0.08257142857142849,
      "atrPercentile": 0.6459627329192547,
      "rvolZ": 0.38447335023053536,
      "rvolPercentile": 0.8571428571428571,
      "mfi14": 10.349160377054545,
      "ppo": {
        "ppo": -1.9025510232500258,
        "signal": -1.5020921887619607,
        "histogram": -0.4004588344880651
      },
      "stochRsi": {
        "k": 24.16150468460979,
        "d": 31.601192930792298
      },
      "vprofile": {
        "vpBins": [
          0.009769057274937805,
          0.0020339125816475684,
          0.010455667286323259,
          0,
          0.014536451175872794,
          0.010107603998333993,
          0.008796444125515793,
          0.029046174978845898,
          0.028060805583267203,
          0.06469512470445499,
          0.0828402774220315,
          0.09435592801994512,
          0.14684919707529648,
          0.17603437464123056,
          0.13180087621237488,
          0.06942242754604043,
          0.03405958219851675,
          0.016780841819105493,
          0.054569601217472334,
          0.01578565213878715
        ],
        "currentBinShare": 0.009769057274937805
      },
      "ttm": {
        "squeeze": false,
        "release": false,
        "widthPct": 11.62502157609326
      }
    },
    "fourHour": {
      "sma20": 4.982850000000001,
      "sma50": 5.04102,
      "ema20": 4.951671694479061,
      "ema50": 5.009923396671443,
      "vwma20": 5.002525199190869,
      "hma21": 4.8907532467532455,
      "atr14": 0.18692857142857142,
      "atrPercentile": 0.42857142857142855,
      "rvolZ": -0.029968473082056468,
      "rvolPercentile": 0.6785714285714286,
      "mfi14": 57.32977493710477,
      "ppo": {
        "ppo": -1.6007673217680511,
        "signal": -0.6520390486780732,
        "histogram": -0.948728273089978
      },
      "stochRsi": {
        "k": 15.123692502920688,
        "d": 40.95349223156734
      },
      "vprofile": {
        "vpBins": [
          0,
          0.0076753404283931995,
          0.031726395034079466,
          0.011525207079792129,
          0,
          0.032731296244269605,
          0.09604502562450154,
          0.06819470094096312,
          0.0360086759808745,
          0.035825782682390665,
          0.1721242172510349,
          0.0917318008785163,
          0.12457883012733029,
          0.18282784249552952,
          0.02431697954433791,
          0.014763547565439345,
          0.04927238132773398,
          0.017179294284318126,
          0.00347268251049546,
          0
        ],
        "currentBinShare": 0.011525207079792129
      },
      "ttm": {
        "squeeze": false,
        "release": true,
        "widthPct": 11.68182178129256
      }
    },
    "daily": {
      "sma20": 5.35125,
      "sma50": 7.396260000000002,
      "ema20": 5.574155057008208,
      "ema50": 6.941461435427852,
      "vwma20": 0,
      "hma21": 4.5862554112554115,
      "atr14": 0.46278571428571424,
      "atrPercentile": 0.013157894736842105,
      "rvolZ": 0,
      "rvolPercentile": 1,
      "mfi14": 50,
      "ppo": {
        "ppo": -12.688945112639512,
        "signal": -13.578185522429123,
        "histogram": 0.8892404097896112
      },
      "stochRsi": {
        "k": 100,
        "d": 36.57783703119595
      },
      "vprofile": {
        "vpBins": [
          0,
          0,
          0,
          0,
          0,
          0,
          0,
          0,
          0,
          0,
          0,
          0,
          0,
          0,
          0,
          0,
          0,
          0,
          0,
          0
        ],
        "currentBinShare": 0
      },
      "ttm": {
        "squeeze": false,
        "release": false,
        "widthPct": 55.48470151812439
      }
    }
  },
  "smaMin5": 4.719849999999999,
  "emaMin5": 4.715002772589058,
  "vwmaMin5": 4.736919946899804,
  "hmaMin5": 4.6929177489177505,
  "keltner15": {
    "upper": 4.849025415801409,
    "middle": 4.762625415801408,
    "lower": 4.676225415801408
  },
  "superTrend15": {
    "isBull": false,
    "finalUpper": 4.8203000000000005,
    "finalLower": 4.4746999999999995
  },
  "mfi15": 26.558724260926198,
  "stochRsi15": {
    "k": 70.61579770866484,
    "d": 42.477399618160796
  },
  "ppo15": {
    "ppo": -1.4005290355345468,
    "signal": -1.269477730748266,
    "histogram": -0.1310513047862807
  },
  "vpMin15": {
    "vpBins": [
      0,
      0.008027808096909542,
      0.03225743728613794,
      0.03705789377447576,
      0.03795755869977104,
      0.04626207171967248,
      0.01504751285275671,
      0.0030942341050783206,
      0.0017062223832595017,
      0.00760452434984626,
      0.005030794640449997,
      0.038515829578185785,
      0.03295406062604862,
      0.02816370012814429,
      0.063089470293296,
      0.06700110569791526,
      0.2742523451677037,
      0.1829292506643723,
      0.11584438563841622,
      0.003203794297560248
    ],
    "currentBinShare": 0.008027808096909542
  },
  "ttm15": {
    "squeeze": false,
    "release": false,
    "widthPct": 6.278961001113053
  },
  "marketCorrelation": {
    "hourly": {
      "btcCorrelation": 0,
      "ethCorrelation": 0,
      "btcBeta": 1,
      "ethBeta": 1,
      "btcTrend": "UNKNOWN",
      "ethTrend": "UNKNOWN",
      "tokenVol": 0,
      "btcVol": 0,
      "ethVol": 0,
      "marketDependence": 0,
      "verdict": "INSUFFICIENT_DATA"
    },
    "min15": {
      "btcCorrelation": 0,
      "ethCorrelation": 0,
      "btcBeta": 1,
      "ethBeta": 1,
      "btcTrend": "UNKNOWN",
      "ethTrend": "UNKNOWN",
      "tokenVol": 0,
      "btcVol": 0,
      "ethVol": 0,
      "marketDependence": 0,
      "verdict": "INSUFFICIENT_DATA"
    },
    "daily": {
      "btcCorrelation": 0,
      "ethCorrelation": 0,
      "btcBeta": 1,
      "ethBeta": 1,
      "btcTrend": "UNKNOWN",
      "ethTrend": "UNKNOWN",
      "tokenVol": 0,
      "btcVol": 0,
      "ethVol": 0,
      "marketDependence": 0,
      "verdict": "INSUFFICIENT_DATA"
    }
  },
  "tradeTape": {
    "totalTrades": 0,
    "totalVolume": 0,
    "buysVolume": 0,
    "sellsVolume": 0,
    "buySellRatio": 0.5,
    "vwap": 0,
    "signedVolume": 0,
    "avgTradeSize": 0,
    "tradesPerSec": 0,
    "cumulativeDelta": 0,
    "tradesLast1m": 0,
    "tradesLast5m": 0,
    "tradesLast15m": 0,
    "tradesLast1h": 0,
    "buyVWAP": 0,
    "sellVWAP": 0,
    "aggressorVWAP": 0,
    "bucketDurationMs": 60000,
    "bucketCount": 15,
    "bucketSignedVolumes": [],
    "bucketVolumes": [],
    "bucketVWAPs": [],
    "latestBucketSignedZ": 0
  },
  "enhancedMetrics": {
    "relativeVolumeZScore": -1,
    "volumePercentile": 40,
    "atrPercentile": 89.05109489051095,
    "volatilityPercentile": 71.20253164556962,
    "relativeVolatilityRatio": 1.057837677072417,
    "isHighVolume": false,
    "isHighVolatility": false,
    "isLowVolatility": false,
    "isExpandingVolatility": false,
    "isContractingVolatility": false
  },
  "orderBook": {
    "bidAskSpread": 0,
    "spreadPct": 0,
    "midPrice": 0,
    "bestBid": 0,
    "bestAsk": 0,
    "bidDepth": 0,
    "askDepth": 0,
    "orderBookImbalance": 0,
    "liquidityScore": 0,
    "depthAt1Pct": {
      "bidVolume": 0,
      "askVolume": 0,
      "imbalance": 0
    },
    "depthAt2Pct": {
      "bidVolume": 0,
      "askVolume": 0,
      "imbalance": 0
    },
    "depthAt5Pct": {
      "bidVolume": 0,
      "askVolume": 0,
      "imbalance": 0
    },
    "weightedMidPrice": 0,
    "volumeWeightedSpread": 0,
    "totalBidLevels": 0,
    "totalAskLevels": 0
  },
  "marketCap": {
    "marketCap": 0,
    "totalVolume24h": 0,
    "volumeToMarketCapRatio": 0,
    "marketCapRank": 0,
    "normalizedRank": 0,
    "isHighLiquidity": false,
    "isVeryHighLiquidity": false,
    "isLowLiquidity": true,
    "liquidityTier": "VERY_LOW"
  },
  "sweeps": {
    "sweepScore": 0,
    "sweepCount": 0,
    "sweepDirection": "NEUTRAL",
    "buySweeps": 0,
    "sellSweeps": 0,
    "avgSweepSize": 0,
    "avgSweepIntensity": 0,
    "bidLiftRatio": 0,
    "askLiftRatio": 0,
    "sweepFrequency": 0,
    "largestSweep": null,
    "recentSweepClusters": 0,
    "sweepDetails": []
  },
  "absorption": {
    "absorptionScore": 0,
    "absorptionLevel": null,
    "absorptionSide": "NONE",
    "icebergProbability": 0,
    "hiddenLiquidityEstimate": 0,
    "volumeAtPrice": {},
    "topAbsorptionLevels": [],
    "persistenceDuration": 0,
    "refillDetected": false
  },
  "orderArrival": {
    "avgInterArrivalTime": 0,
    "recentInterArrivalTime": 0,
    "accelerationRatio": 1,
    "hawkesIntensity": 0,
    "hawkesDirection": "NEUTRAL",
    "clusteringScore": 0,
    "burstCount": 0,
    "cascadeDetected": false,
    "timeToNextTrade": 0,
    "accelerationTrend": "STABLE"
  },
  "liquidityVacuum": {
    "vacuumScore": 0,
    "vacuumSide": "NONE",
    "bidVacuumSeverity": 0,
    "askVacuumSeverity": 0,
    "depthConcentration": 0,
    "priceImpact10k": 0,
    "priceImpact50k": 0,
    "priceImpact100k": 0,
    "largestGapBid": 0,
    "largestGapAsk": 0,
    "avgGapBid": 0,
    "avgGapAsk": 0,
    "bidCliffDistance": 0,
    "askCliffDistance": 0
  },
  "volatilityRegime": {
    "regime": "LOW",
    "regimeScore": -1,
    "currentATR": 0.459846,
    "avgATR": 0.893205,
    "atrPercentile": 1.3,
    "realizedVolatility": 92.3,
    "volPercentile": 23.7,
    "expanding": false,
    "contracting": true,
    "transitionProbability": 0.4,
    "daysInRegime": 8,
    "regimeStrength": 0.75
  },
  "temporalPatterns": {
    "currentHour": 19,
    "currentDay": 0,
    "currentDayName": "Sunday",
    "dayBias": "NEUTRAL",
    "hourlyProfile": [
      {
        "avgVolume": 333.95,
        "avgATR": 0.049071,
        "avgReturn": 0.422
      },
      {
        "avgVolume": 630.9,
        "avgATR": 0.081286,
        "avgReturn": 0.422
      },
      {
        "avgVolume": 804.25,
        "avgATR": 0.057615,
        "avgReturn": -0.734
      },
      {
        "avgVolume": 545.41,
        "avgATR": 0.053571,
        "avgReturn": 0.512
      },
      {
        "avgVolume": 419.89,
        "avgATR": 0.067769,
        "avgReturn": -0.033
      },
      {
        "avgVolume": 332.69,
        "avgATR": 0.061571,
        "avgReturn": -0.122
      },
      {
        "avgVolume": 375.58,
        "avgATR": 0.057929,
        "avgReturn": -0.54
      },
      {
        "avgVolume": 437.68,
        "avgATR": 0.035643,
        "avgReturn": 0.36
      },
      {
        "avgVolume": 731.15,
        "avgATR": 0.052786,
        "avgReturn": -0.326
      },
      {
        "avgVolume": 474.16,
        "avgATR": 0.065857,
        "avgReturn": 0.425
      },
      {
        "avgVolume": 203.93,
        "avgATR": 0.038143,
        "avgReturn": 0.182
      },
      {
        "avgVolume": 310.01,
        "avgATR": 0.033357,
        "avgReturn": -0.286
      },
      {
        "avgVolume": 121.91,
        "avgATR": 0.034929,
        "avgReturn": -0.006
      },
      {
        "avgVolume": 446.31,
        "avgATR": 0.100071,
        "avgReturn": 0.191
      },
      {
        "avgVolume": 614.54,
        "avgATR": 0.082286,
        "avgReturn": -0.223
      },
      {
        "avgVolume": 644.64,
        "avgATR": 0.079267,
        "avgReturn": -0.531
      },
      {
        "avgVolume": 1574.43,
        "avgATR": 0.092667,
        "avgReturn": 0.019
      },
      {
        "avgVolume": 892.27,
        "avgATR": 0.080429,
        "avgReturn": -0.373
      },
      {
        "avgVolume": 422.98,
        "avgATR": 0.048846,
        "avgReturn": -0.134
      },
      {
        "avgVolume": 443.21,
        "avgATR": 0.076286,
        "avgReturn": -0.124
      },
      {
        "avgVolume": 381.38,
        "avgATR": 0.073143,
        "avgReturn": -0.592
      },
      {
        "avgVolume": 1458.86,
        "avgATR": 0.065357,
        "avgReturn": -0.201
      },
      {
        "avgVolume": 513.1,
        "avgATR": 0.090429,
        "avgReturn": 0
      },
      {
        "avgVolume": 181.55,
        "avgATR": 0.052357,
        "avgReturn": 0.643
      }
    ],
    "dailyProfile": [
      {
        "avgVolume": 961.31,
        "avgATR": 0.065255,
        "avgReturn": 0.018
      },
      {
        "avgVolume": 224.3,
        "avgATR": 0.055208,
        "avgReturn": 0.08
      },
      {
        "avgVolume": 744.98,
        "avgATR": 0.07796,
        "avgReturn": -0.211
      },
      {
        "avgVolume": 462.46,
        "avgATR": 0.077128,
        "avgReturn": 0.03
      },
      {
        "avgVolume": 717.28,
        "avgATR": 0.064562,
        "avgReturn": -0.258
      },
      {
        "avgVolume": 468.09,
        "avgATR": 0.067851,
        "avgReturn": -0.004
      },
      {
        "avgVolume": 319.49,
        "avgATR": 0.039563,
        "avgReturn": 0.057
      }
    ],
    "favorableHours": [
      16,
      21,
      17,
      2,
      8,
      15
    ],
    "favorableWindow": false,
    "currentVsAvgVolume": 0,
    "currentVsAvgVolatility": 0,
    "anomalyDetected": true,
    "timeUntilFavorable": 2,
    "temporalScore": 0
  },
  "unifiedMicrostructure": {
    "signalDirections": {
      "vpin": "NEUTRAL",
      "sweeps": "NEUTRAL",
      "absorption": "NEUTRAL",
      "arrival": "NEUTRAL",
      "vacuum": "NONE",
      "volRegime": "FAVORABLE",
      "temporal": "UNFAVORABLE"
    },
    "consensusDirection": "NEUTRAL",
    "consensusStrength": 50,
    "bullishSignals": 1,
    "bearishSignals": 1,
    "neutralSignals": 0,
    "totalAvailableSignals": 2,
    "dominantPattern": "NONE",
    "clusters": {
      "strongBuyCluster": false,
      "distributionPattern": false,
      "accumulationPattern": false,
      "momentumCascade": false
    },
    "adaptiveWeights": {
      "vpin": 0,
      "sweeps": 0,
      "absorption": 0,
      "arrival": 0,
      "vacuum": 0,
      "volRegime": 0.021,
      "temporal": 0.02
    },
    "convictionLevel": "LOW",
    "convictionScore": 30,
    "riskAdjustment": "REDUCE",
    "timingQuality": "UNFAVORABLE",
    "signalQuality": "LOW"
  },
  "deltaAnalysis": {
    "currentDelta": 0,
    "cumulativeDelta": 0,
    "deltaPerVolume": 0,
    "deltaDirection": "NEUTRAL",
    "deltaDivergence": false,
    "institutionalRatio": 0,
    "aggressionScore": 0
  },
  "volumeProfile": {
    "pointOfControl": 0,
    "valueAreaHigh": 0,
    "valueAreaLow": 0,
    "currentPosition": "ABOVE_VALUE_AREA",
    "volumeNodes": [],
    "airPockets": []
  },
  "momentumCascade": {
    "cascadeDetected": false,
    "alignmentScore": -0.026616793898090078,
    "cascadeStrength": 0,
    "acceleratingTimeframes": [],
    "divergingTimeframes": [
      "1m",
      "5m",
      "15m",
      "1h"
    ]
  },
  "breakoutConfirmation": {
    "breakoutConfirmed": false,
    "volumeConfirmation": false,
    "retestStrength": 0,
    "falseBreakoutRisk": 0,
    "breakoutQuality": "NO_BREAKOUT"
  },
  "liquidityHeatmap": {
    "liquidityScore": 0,
    "magnetDirection": "NONE",
    "magnetStrength": 0,
    "priceTarget5pct": null,
    "message": "No order book data"
  },
  "smartMoneyDivergence": {
    "divergenceDetected": false,
    "divergenceDirection": "NONE",
    "smartMoneyScore": 0.5,
    "message": "Insufficient trade data"
  },
  "microstructure": {
    "raw": -0.03994964427607872,
    "pct": 49,
    "summary": {
      "latestBucketSignedZ": 0,
      "buySellRatio": 0.5,
      "tradesPerSec": 0,
      "vwap": 0,
      "aggressorVWAP": 0,
      "vpinToxicity": "UNKNOWN",
      "sweepDirection": "NEUTRAL",
      "absorptionSide": "NONE",
      "icebergDetected": false,
      "hawkesDirection": "NEUTRAL",
      "cascadeDetected": false,
      "vacuumSide": "NONE",
      "volatilityRegime": "LOW",
      "volExpanding": false,
      "favorableTimeWindow": false,
      "temporalAnomaly": true,
      "consensusDirection": "NEUTRAL",
      "consensusStrength": 50,
      "dominantPattern": "NONE",
      "convictionLevel": "LOW",
      "riskAdjustment": "REDUCE",
      "timingQuality": "UNFAVORABLE",
      "deltaDirection": "NEUTRAL",
      "deltaDivergence": false,
      "institutionalRatio": 0,
      "volumeProfilePosition": "ABOVE_VALUE_AREA",
      "pointOfControl": 0,
      "momentumCascadeDetected": false,
      "cascadeStrength": 0,
      "breakoutQuality": "NO_BREAKOUT",
      "breakoutConfirmed": false,
      "magnetDirection": "NONE",
      "magnetStrength": 0,
      "priceTarget5pct": null,
      "nearestBidWall": 0,
      "nearestAskWall": 0,
      "divergenceDetected": false,
      "divergenceDirection": "NONE",
      "whaleAccumulation": false,
      "whaleDistribution": false,
      "retailPanic": false,
      "smartMoneyScore": 0.5
    }
  }
}

=== MICROSTRUCTURE ALERTS ===

🔬 VPIN: Insufficient data for VPIN analysis

🌊 SWEEP DETECTION: No significant sweeps detected

🧊 ABSORPTION & ICEBERG: No significant absorption or iceberg orders detected

⚡ ORDER ARRIVAL DYNAMICS: Insufficient trades for analysis

🌪️ LIQUIDITY VACUUM: No significant vacuum detected

📊 VOLATILITY REGIME DETECTION:
   Current Regime: LOW
   Regime Score: -1.00 (-1=low vol, +1=extreme vol)
   Days in Regime: 8
   ATR: $0.459846 (avg: $0.893205)
   ATR Percentile: 1.3%
   Realized Volatility: 92.30% (annualized)
   Vol Percentile: 23.7%

   🔵 LOW VOLATILITY REGIME:
   ✅ Ideal for breakout setups - price coiling
   ✅ Tight stops recommended
   ✅ Can increase position size (lower risk)

   📉 VOLATILITY CONTRACTING:
   🔄 Consolidation phase - accumulation likely
   ⏳ Wait for expansion before entering

   📍 MODERATE REGIME TRANSITION PROBABILITY: 40%
   Monitor for potential regime change

   ✅ STABLE REGIME: 8 days - predictable conditions

⏰ TEMPORAL PATTERN ANALYSIS:
   Current Time: Sunday 19:00 UTC
   Day Bias: NEUTRAL
   Current vs Avg Volume: 0x
   Current vs Avg Volatility: 0x

   ⏳ NON-FAVORABLE TIME WINDOW:
   This hour typically shows weaker activity
   Next favorable window in 2 hour(s)

   ⚠️ LOW ACTIVITY ANOMALY:
   Volume 0x below typical - Extremely quiet

   📉 LOW VOLATILITY ANOMALY:
   Volatility 0x below typical - Consolidation likely

   🔥 Best Trading Hours (UTC): 16:00, 21:00, 17:00

🎯 UNIFIED MICROSTRUCTURE INTEGRATION:
   Signal Consensus: NEUTRAL (50% agreement)
   Available Signals: 2 (1 bullish / 1 bearish / 0 neutral)
   Conviction Level: LOW (30%)
   Signal Quality: LOW
   Risk Adjustment: REDUCE
   Timing Quality: UNFAVORABLE

   ⚠️ LOW CONVICTION: Only 50% signal agreement
   Weak alignment - Reduce position size or wait for clarity

   ⚠️ RISK REDUCTION RECOMMENDED: Extreme volatility or unfavorable timing detected

   ⏰ UNFAVORABLE TIMING: Avoid trading during this hour

   Signal Directions Breakdown:
   • VPIN: NEUTRAL
   • Sweeps: NEUTRAL
   • Absorption: NEUTRAL
   • Arrival Dynamics: NEUTRAL
   • Liquidity Vacuum: NONE
   • Vol Regime: FAVORABLE
   • Temporal: UNFAVORABLE

   Adaptive Weights (Total: 4.1%):
   • VPIN: 0.0%
   • Sweeps: 0.0%
   • Absorption: 0.0%
   • Arrival: 0.0%
   • Vacuum: 0.0%
   • Vol Regime: 2.1%
   • Temporal: 2.0%


💹 DELTA ANALYSIS (Order Flow Aggression):
   Direction: NEUTRAL
   Delta Per Volume: 0.00%
   Institutional Ratio: 0.0%
   Aggression Score: 0.0%

📊 VOLUME PROFILE (Support/Resistance Strength):
   Point of Control (POC): $0.000000
   Value Area High: $0.000000
   Value Area Low: $0.000000
   Current Position: ABOVE_VALUE_AREA
   ⚠️ DISTRIBUTION RISK: Price above value area - potential rejection zone

⚡ MOMENTUM CASCADE (Multi-Timeframe Alignment):
   Cascade Detected: NO
   Alignment Score: -2.7%
   Cascade Strength: 0.0%
   Accelerating: None
   Diverging: 1m, 5m, 15m, 1h

💥 BREAKOUT CONFIRMATION:
   Quality: NO_BREAKOUT
   Volume Confirmation: NO
   Retest Strength: 0.0%
   False Breakout Risk: 0.0%
   No breakout detected - price below resistance


levels:
Entry=4.642266, StopLoss=4.75832265, TakeProfit=4.63048248, 4.612807200000001, 4.60396956

---

=== Token: ZEN (ZEN) ===
Contract: ZEN-USD
Timestamp: 2025-02-18T16:10:00.000Z

Calculations:
{
  "momentumScore": 45.69276125724815,
  "volumeScore": 45,
  "patternScore": 49.70683849087876,
  "totalScore": 41.2325435919402,
  "finalScore": 41.2325435919402,
  "weights": "0.27,0.41,0.23",
  "hourlyUptrend": false,
  "rsi": 47.727272727272805,
  "ultraShortVolumeSurge": 0.43972167077157187,
  "baseVolumeSurge": 0.06215199854632415,
  "currentPrice": 13.31,
  "resistance": 13.582,
  "support": 13.154,
  "rocMin5": 0.0037707390648567657,
  "shortROC": -0.001949610077984388,
  "priceAcceleration": 0.000944975167353943,
  "buySellRatio": 0.6309401804903514,
  "macdHistogram": -0.0484146619691266,
  "stochasticK": 36.448598130841184,
  "atr": 0.07149999999999997,
  "bbUpper": 13.681339498837845,
  "bbLower": 13.199260501162152,
  "hammerDetected": false,
  "engulfingDetected": false,
  "compressionSpring": {
    "detected": true,
    "confidence": 66,
    "signals": {
      "sidewaysPrice": true,
      "atrCompression": true,
      "bbSqueeze": true,
      "consolidationTime": true,
      "strongBuying": false,
      "obvPositive": false,
      "chaikinPositive": false,
      "rsiNeutral": false,
      "volumeBuilding": true
    },
    "metrics": {
      "priceRange": 3.25,
      "atrRatio": 0.735,
      "bbWidth": 3.59,
      "volumeRatio": 1.116,
      "signalCount": 5,
      "buySellRatio": 0.631
    }
  },
  "riskTier": "MEDIUM",
  "atrPercent": 0.8065901041107681,
  "distanceToResistance": 2.043576258452293,
  "slPercent": 3,
  "tpPercent": 1.7370398196844492,
  "trailingActivation": 1.0422238918106694,
  "shortMomentumScore": 20,
  "overboughtScore": 0,
  "shortPatternScore": 0,
  "shootingStarDetected": false,
  "bearishEngulfingDetected": false,
  "eveningStarDetected": false,
  "bearishPatternsCount": 0,
  "shortTotalScore": 8,
  "chaikin": 0.07473271698927832,
  "obvIncreasing": false,
  "obvTrend": "declining",
  "adx": 36.33633633633591,
  "recentCandles": {
    "redCount": 6,
    "greenCount": 4
  },
  "resistanceDistance": 2.043576258452293,
  "multiplePatterns": false,
  "bullishPattern": false,
  "priceAboveVWAP": false,
  "breakingResistance": false,
  "atrSufficient": false,
  "macdDivergenceBearish": true,
  "rvolMin1": 0.15265161392721377,
  "rvolMin5": -0.17697090964632373,
  "atrPercentileOld": 0.3170731707317073,
  "vwapDeviation": -3.5267010925298012,
  "bbWidthPercent": 3.5868172412497694,
  "bbSqueeze": false,
  "multiTFMomentum": {
    "min1": {
      "roc1": -0.0014247150569886118,
      "roc3": 0.0018054615211014
    },
    "min5": {
      "roc1": -0.001949610077984388,
      "roc3": 0.00528700906344413
    },
    "min15": {
      "roc1": 0.00528700906344413,
      "roc3": 0.00452830188679249
    },
    "hourly": {
      "roc1": 0,
      "roc3": -0.025954873912402195
    },
    "fourHour": {
      "roc1": -0.02724594992636224,
      "roc3": -0.0468975468975468
    },
    "divergenceShortUpLongDown": false
  },
  "returnZMin5": -0.5816199017490097,
  "wickClosePct": 0,
  "wickUpper": 0.009999999999999787,
  "wickLower": 0,
  "wickRatio": 0.31249999999999306,
  "donchianBreakout15": false,
  "bbWidthPercentile15": 0.7272727272727273,
  "signedMin5": -4628.424000000001,
  "signedMin5Z": -6.497823879161823,
  "signedMin1": 1511.7879999999998,
  "signedMin1Z": 3.2934413202907833,
  "streakMin1": {
    "upStreak": 0,
    "downStreak": 1
  },
  "streakMin5": {
    "upStreak": 0,
    "downStreak": 1
  },
  "rvolPercentileMin1": 0.9034722222222222,
  "rvolPercentileMin5": 0.7083333333333334,
  "perTfMetrics": {
    "min1": {
      "sma20": 13.264450000000002,
      "sma50": 13.289679999999999,
      "ema20": 13.275501106141368,
      "ema50": 13.305203670513425,
      "vwma20": 13.301963539795981,
      "hma21": 13.276601731601739,
      "atr14": 0.0353571428571428,
      "atrPercentile": 0.4652567975830816,
      "rvolZ": 0.15265161392721377,
      "rvolPercentile": 0.9034722222222222,
      "mfi14": 68.45667768355192,
      "ppo": {
        "ppo": 0.04192426085875374,
        "signal": -0.056386443131924785,
        "histogram": 0.09831070399067852
      },
      "stochRsi": {
        "k": 69.52524016559039,
        "d": 51.58761380045568
      },
      "vprofile": {
        "vpBins": [
          0.017216357894913093,
          0.00030657077418032427,
          0.021424630498768936,
          0.003951878758712436,
          0.01685253465057224,
          0.05114460380615502,
          0.11780462702581251,
          0.21182430945284195,
          0.03096445836867729,
          0.07190380936871862,
          0.00003910451735492508,
          0.002669099356530846,
          0.007964466740500747,
          0.07396063136511766,
          0.2903771290424768,
          0.0390119952026751,
          0.022741383300696725,
          0.009255185872034789,
          0.00854611943027311,
          0.0020411045729870425
        ],
        "currentBinShare": 0.11780462702581251
      },
      "ttm": {
        "squeeze": false,
        "release": false,
        "widthPct": 1.279845187799098
      }
    },
    "min5": {
      "sma20": 13.300000000000002,
      "sma50": 13.44422,
      "ema20": 13.319808454612756,
      "ema50": 13.401116754091387,
      "vwma20": 13.320033182810755,
      "hma21": 13.230701298701305,
      "atr14": 0.07149999999999997,
      "atrPercentile": 0.6423357664233577,
      "rvolZ": -0.17697090964632373,
      "rvolPercentile": 0.7083333333333334,
      "mfi14": 45.76305965461554,
      "ppo": {
        "ppo": -0.35575974083338774,
        "signal": -0.4425703474985955,
        "histogram": 0.08681060666520773
      },
      "stochRsi": {
        "k": 93.85585013248236,
        "d": 45.36925392705701
      },
      "vprofile": {
        "vpBins": [
          0,
          0.045439114185621424,
          0.010633313605413124,
          0.2162575593636313,
          0.025936267030507554,
          0.05584376140524641,
          0.03144859692619566,
          0.18090527334357814,
          0.013639378246297056,
          0.0013835133005844962,
          0.16656748262183108,
          0.010469871583952184,
          0.08817705224474305,
          0.007868954778744991,
          0.003181838313864161,
          0.060064534554063395,
          0.05971197998711795,
          0.01287318252077414,
          0.009598325987834024,
          0
        ],
        "currentBinShare": 0.010633313605413124
      },
      "ttm": {
        "squeeze": false,
        "release": false,
        "widthPct": 1.820083187564709
      }
    },
    "min15": {
      "sma20": 13.440299999999999,
      "sma50": 13.546879999999998,
      "ema20": 13.40740333488614,
      "ema50": 13.559916181626066,
      "vwma20": 13.397362563136248,
      "hma21": 13.31069264069264,
      "atr14": 0.10735714285714325,
      "atrPercentile": 0.3170731707317073,
      "rvolZ": 0.1224468278006366,
      "rvolPercentile": 0.78125,
      "mfi14": 8.694682889851677,
      "ppo": {
        "ppo": -0.6192978489695234,
        "signal": -0.4901420446932219,
        "histogram": -0.12915580427630152
      },
      "stochRsi": {
        "k": 12.560666457255879,
        "d": 26.296670699609717
      },
      "vprofile": {
        "vpBins": [
          0,
          0.0871921633211263,
          0.07932369481055179,
          0.003564099672379389,
          0.04972769622441722,
          0.01928551857695237,
          0.11423198974224157,
          0.002161318605868408,
          0.014032127735134719,
          0.1418988247468588,
          0.0027987281611678585,
          0.09114096560421961,
          0.0750844653918831,
          0.06615499774862298,
          0.13448061497212555,
          0.04034001910245146,
          0.020624210322051088,
          0.00599722700757674,
          0.035280296355689494,
          0.016681041898681397
        ],
        "currentBinShare": 0.07932369481055179
      },
      "ttm": {
        "squeeze": false,
        "release": false,
        "widthPct": 3.5868172412497694
      }
    },
    "hourly": {
      "sma20": 13.707649999999997,
      "sma50": 14.23316,
      "ema20": 13.669573639730077,
      "ema50": 14.122368793387928,
      "vwma20": 13.595218519651233,
      "hma21": 13.172437229437232,
      "atr14": 0.237857142857143,
      "atrPercentile": 0.2267080745341615,
      "rvolZ": -0.07747491820168692,
      "rvolPercentile": 0.6904761904761905,
      "mfi14": 10.50158365071897,
      "ppo": {
        "ppo": -2.0609602447403494,
        "signal": -1.9149385820216578,
        "histogram": -0.14602166271869166
      },
      "stochRsi": {
        "k": 0,
        "d": 23.521129202636263
      },
      "vprofile": {
        "vpBins": [
          0.002318144511467276,
          0.026308653855152665,
          0.0693340946656762,
          0.08424288908956663,
          0.04462803874695389,
          0.07710551591089111,
          0.00790479589999745,
          0.05209497158293713,
          0.07069575817933166,
          0.06702932547971288,
          0.09546230876840257,
          0.08241529410596397,
          0.07940652621788302,
          0.1101320097839031,
          0.09864482592078276,
          0,
          0.03227684728137762,
          0,
          0,
          0
        ],
        "currentBinShare": 0.07710551591089111
      },
      "ttm": {
        "squeeze": false,
        "release": false,
        "widthPct": 9.2531820056794
      }
    },
    "fourHour": {
      "sma20": 14.61975,
      "sma50": 14.099940000000005,
      "ema20": 14.255898082769852,
      "ema50": 14.005393378836926,
      "vwma20": 14.844227678145424,
      "hma21": 13.47833333333333,
      "atr14": 0.46114285714285713,
      "atrPercentile": 0.2,
      "rvolZ": 0.3270865543686892,
      "rvolPercentile": 0.8214285714285714,
      "mfi14": 1.6589883010534834,
      "ppo": {
        "ppo": -1.6718941752877248,
        "signal": 0.0015631023437348568,
        "histogram": -1.6734572776314596
      },
      "stochRsi": {
        "k": 14.645779596285834,
        "d": 13.19158289174544
      },
      "vprofile": {
        "vpBins": [
          0,
          0.04032420142963443,
          0.03536549033843805,
          0.08354236133977741,
          0.17641711669035307,
          0.0969960629590421,
          0.04820437098950964,
          0.028730799365827474,
          0.03714718624099631,
          0.022474807575412717,
          0.06052357673697406,
          0.04786275076147751,
          0.06104289327498955,
          0.17555937778869224,
          0.06632313418033456,
          0,
          0,
          0.01948587032854087,
          0,
          0
        ],
        "currentBinShare": 0.028730799365827474
      },
      "ttm": {
        "squeeze": false,
        "release": false,
        "widthPct": 21.376788353512318
      }
    },
    "daily": {
      "sma20": 13.952000000000002,
      "sma50": 20.256480000000007,
      "ema20": 14.902295206276692,
      "ema50": 17.614167757168914,
      "vwma20": 0,
      "hma21": 12.823692640692645,
      "atr14": 1.9899285714285713,
      "atrPercentile": 0.05263157894736842,
      "rvolZ": 0,
      "rvolPercentile": 1,
      "mfi14": 50,
      "ppo": {
        "ppo": -10.179051442986976,
        "signal": -12.932115275006433,
        "histogram": 2.753063832019457
      },
      "stochRsi": {
        "k": 100,
        "d": 52.28483517184947
      },
      "vprofile": {
        "vpBins": [
          0,
          0,
          0,
          0,
          0,
          0,
          0,
          0,
          0,
          0,
          0,
          0,
          0,
          0,
          0,
          0,
          0,
          0,
          0,
          0
        ],
        "currentBinShare": 0
      },
      "ttm": {
        "squeeze": false,
        "release": false,
        "widthPct": 68.09689553189769
      }
    }
  },
  "smaMin5": 13.300000000000002,
  "emaMin5": 13.319808454612756,
  "vwmaMin5": 13.320033182810755,
  "hmaMin5": 13.230701298701305,
  "keltner15": {
    "upper": 13.583953334886141,
    "middle": 13.40740333488614,
    "lower": 13.23085333488614
  },
  "superTrend15": {
    "isBull": false,
    "finalUpper": 13.678600000000001,
    "finalLower": 12.972399999999999
  },
  "mfi15": 8.694682889851677,
  "stochRsi15": {
    "k": 12.560666457255879,
    "d": 26.296670699609717
  },
  "ppo15": {
    "ppo": -0.6192978489695234,
    "signal": -0.4901420446932219,
    "histogram": -0.12915580427630152
  },
  "vpMin15": {
    "vpBins": [
      0,
      0.0871921633211263,
      0.07932369481055179,
      0.003564099672379389,
      0.04972769622441722,
      0.01928551857695237,
      0.11423198974224157,
      0.002161318605868408,
      0.014032127735134719,
      0.1418988247468588,
      0.0027987281611678585,
      0.09114096560421961,
      0.0750844653918831,
      0.06615499774862298,
      0.13448061497212555,
      0.04034001910245146,
      0.020624210322051088,
      0.00599722700757674,
      0.035280296355689494,
      0.016681041898681397
    ],
    "currentBinShare": 0.07932369481055179
  },
  "ttm15": {
    "squeeze": false,
    "release": false,
    "widthPct": 3.5868172412497694
  },
  "marketCorrelation": {
    "hourly": {
      "btcCorrelation": 0,
      "ethCorrelation": 0,
      "btcBeta": 1,
      "ethBeta": 1,
      "btcTrend": "UNKNOWN",
      "ethTrend": "UNKNOWN",
      "tokenVol": 0,
      "btcVol": 0,
      "ethVol": 0,
      "marketDependence": 0,
      "verdict": "INSUFFICIENT_DATA"
    },
    "min15": {
      "btcCorrelation": 0,
      "ethCorrelation": 0,
      "btcBeta": 1,
      "ethBeta": 1,
      "btcTrend": "UNKNOWN",
      "ethTrend": "UNKNOWN",
      "tokenVol": 0,
      "btcVol": 0,
      "ethVol": 0,
      "marketDependence": 0,
      "verdict": "INSUFFICIENT_DATA"
    },
    "daily": {
      "btcCorrelation": 0,
      "ethCorrelation": 0,
      "btcBeta": 1,
      "ethBeta": 1,
      "btcTrend": "UNKNOWN",
      "ethTrend": "UNKNOWN",
      "tokenVol": 0,
      "btcVol": 0,
      "ethVol": 0,
      "marketDependence": 0,
      "verdict": "INSUFFICIENT_DATA"
    }
  },
  "tradeTape": {
    "totalTrades": 0,
    "totalVolume": 0,
    "buysVolume": 0,
    "sellsVolume": 0,
    "buySellRatio": 0.5,
    "vwap": 0,
    "signedVolume": 0,
    "avgTradeSize": 0,
    "tradesPerSec": 0,
    "cumulativeDelta": 0,
    "tradesLast1m": 0,
    "tradesLast5m": 0,
    "tradesLast15m": 0,
    "tradesLast1h": 0,
    "buyVWAP": 0,
    "sellVWAP": 0,
    "aggressorVWAP": 0,
    "bucketDurationMs": 60000,
    "bucketCount": 15,
    "bucketSignedVolumes": [],
    "bucketVolumes": [],
    "bucketVWAPs": [],
    "latestBucketSignedZ": 0
  },
  "enhancedMetrics": {
    "relativeVolumeZScore": -1,
    "volumePercentile": 40,
    "atrPercentile": 64.59854014598541,
    "volatilityPercentile": 6.012658227848101,
    "relativeVolatilityRatio": 1.0052143828593851,
    "isHighVolume": false,
    "isHighVolatility": false,
    "isLowVolatility": true,
    "isExpandingVolatility": false,
    "isContractingVolatility": false
  },
  "orderBook": {
    "bidAskSpread": 0,
    "spreadPct": 0,
    "midPrice": 0,
    "bestBid": 0,
    "bestAsk": 0,
    "bidDepth": 0,
    "askDepth": 0,
    "orderBookImbalance": 0,
    "liquidityScore": 0,
    "depthAt1Pct": {
      "bidVolume": 0,
      "askVolume": 0,
      "imbalance": 0
    },
    "depthAt2Pct": {
      "bidVolume": 0,
      "askVolume": 0,
      "imbalance": 0
    },
    "depthAt5Pct": {
      "bidVolume": 0,
      "askVolume": 0,
      "imbalance": 0
    },
    "weightedMidPrice": 0,
    "volumeWeightedSpread": 0,
    "totalBidLevels": 0,
    "totalAskLevels": 0
  },
  "marketCap": {
    "marketCap": 0,
    "totalVolume24h": 0,
    "volumeToMarketCapRatio": 0,
    "marketCapRank": 0,
    "normalizedRank": 0,
    "isHighLiquidity": false,
    "isVeryHighLiquidity": false,
    "isLowLiquidity": true,
    "liquidityTier": "VERY_LOW"
  },
  "sweeps": {
    "sweepScore": 0,
    "sweepCount": 0,
    "sweepDirection": "NEUTRAL",
    "buySweeps": 0,
    "sellSweeps": 0,
    "avgSweepSize": 0,
    "avgSweepIntensity": 0,
    "bidLiftRatio": 0,
    "askLiftRatio": 0,
    "sweepFrequency": 0,
    "largestSweep": null,
    "recentSweepClusters": 0,
    "sweepDetails": []
  },
  "absorption": {
    "absorptionScore": 0,
    "absorptionLevel": null,
    "absorptionSide": "NONE",
    "icebergProbability": 0,
    "hiddenLiquidityEstimate": 0,
    "volumeAtPrice": {},
    "topAbsorptionLevels": [],
    "persistenceDuration": 0,
    "refillDetected": false
  },
  "orderArrival": {
    "avgInterArrivalTime": 0,
    "recentInterArrivalTime": 0,
    "accelerationRatio": 1,
    "hawkesIntensity": 0,
    "hawkesDirection": "NEUTRAL",
    "clusteringScore": 0,
    "burstCount": 0,
    "cascadeDetected": false,
    "timeToNextTrade": 0,
    "accelerationTrend": "STABLE"
  },
  "liquidityVacuum": {
    "vacuumScore": 0,
    "vacuumSide": "NONE",
    "bidVacuumSeverity": 0,
    "askVacuumSeverity": 0,
    "depthConcentration": 0,
    "priceImpact10k": 0,
    "priceImpact50k": 0,
    "priceImpact100k": 0,
    "largestGapBid": 0,
    "largestGapAsk": 0,
    "avgGapBid": 0,
    "avgGapAsk": 0,
    "bidCliffDistance": 0,
    "askCliffDistance": 0
  },
  "volatilityRegime": {
    "regime": "LOW",
    "regimeScore": -1,
    "currentATR": 2.039462,
    "avgATR": 2.70741,
    "atrPercentile": 6.6,
    "realizedVolatility": 108.21,
    "volPercentile": 0,
    "expanding": false,
    "contracting": true,
    "transitionProbability": 0.4,
    "daysInRegime": 3,
    "regimeStrength": 1.67
  },
  "temporalPatterns": {
    "currentHour": 19,
    "currentDay": 0,
    "currentDayName": "Sunday",
    "dayBias": "NEUTRAL",
    "hourlyProfile": [
      {
        "avgVolume": 8246.92,
        "avgATR": 0.602,
        "avgReturn": 2.356
      },
      {
        "avgVolume": 6522.08,
        "avgATR": 0.477286,
        "avgReturn": -0.367
      },
      {
        "avgVolume": 3233.12,
        "avgATR": 0.359786,
        "avgReturn": 0.21
      },
      {
        "avgVolume": 2817.93,
        "avgATR": 0.431286,
        "avgReturn": 0.274
      },
      {
        "avgVolume": 4816.52,
        "avgATR": 0.702071,
        "avgReturn": 2.482
      },
      {
        "avgVolume": 4944.64,
        "avgATR": 0.610714,
        "avgReturn": -1.039
      },
      {
        "avgVolume": 2953.87,
        "avgATR": 0.416,
        "avgReturn": -0.987
      },
      {
        "avgVolume": 2298.72,
        "avgATR": 0.375143,
        "avgReturn": -0.34
      },
      {
        "avgVolume": 2160.55,
        "avgATR": 0.353357,
        "avgReturn": -0.784
      },
      {
        "avgVolume": 1972.63,
        "avgATR": 0.388286,
        "avgReturn": 1.333
      },
      {
        "avgVolume": 3109.86,
        "avgATR": 0.451143,
        "avgReturn": -1.121
      },
      {
        "avgVolume": 2010.8,
        "avgATR": 0.260786,
        "avgReturn": -0.315
      },
      {
        "avgVolume": 1633.73,
        "avgATR": 0.245286,
        "avgReturn": -0.313
      },
      {
        "avgVolume": 4217.41,
        "avgATR": 0.385714,
        "avgReturn": 0.327
      },
      {
        "avgVolume": 2622.87,
        "avgATR": 0.278143,
        "avgReturn": -0.613
      },
      {
        "avgVolume": 2978.44,
        "avgATR": 0.348357,
        "avgReturn": -0.655
      },
      {
        "avgVolume": 3065.29,
        "avgATR": 0.317929,
        "avgReturn": 0.313
      },
      {
        "avgVolume": 2723.32,
        "avgATR": 0.314462,
        "avgReturn": -0.009
      },
      {
        "avgVolume": 4038.82,
        "avgATR": 0.341643,
        "avgReturn": 0.208
      },
      {
        "avgVolume": 2777.57,
        "avgATR": 0.318286,
        "avgReturn": -0.234
      },
      {
        "avgVolume": 1985.03,
        "avgATR": 0.294357,
        "avgReturn": -0.031
      },
      {
        "avgVolume": 1890.31,
        "avgATR": 0.262,
        "avgReturn": -0.569
      },
      {
        "avgVolume": 1859.8,
        "avgATR": 0.327857,
        "avgReturn": -0.27
      },
      {
        "avgVolume": 3393.91,
        "avgATR": 0.3415,
        "avgReturn": 1.329
      }
    ],
    "dailyProfile": [
      {
        "avgVolume": 2132.66,
        "avgATR": 0.317917,
        "avgReturn": -0.256
      },
      {
        "avgVolume": 1267.72,
        "avgATR": 0.254958,
        "avgReturn": 0.04
      },
      {
        "avgVolume": 5315.75,
        "avgATR": 0.659489,
        "avgReturn": 0.054
      },
      {
        "avgVolume": 4669.86,
        "avgATR": 0.376312,
        "avgReturn": 0.17
      },
      {
        "avgVolume": 5643.13,
        "avgATR": 0.465938,
        "avgReturn": 0.034
      },
      {
        "avgVolume": 2023.46,
        "avgATR": 0.330021,
        "avgReturn": 0.08
      },
      {
        "avgVolume": 1831.39,
        "avgATR": 0.286875,
        "avgReturn": 0.225
      }
    ],
    "favorableHours": [
      0,
      1,
      4,
      5,
      13,
      18
    ],
    "favorableWindow": false,
    "currentVsAvgVolume": 0,
    "currentVsAvgVolatility": 0,
    "anomalyDetected": true,
    "timeUntilFavorable": 5,
    "temporalScore": 0
  },
  "unifiedMicrostructure": {
    "signalDirections": {
      "vpin": "NEUTRAL",
      "sweeps": "NEUTRAL",
      "absorption": "NEUTRAL",
      "arrival": "NEUTRAL",
      "vacuum": "NONE",
      "volRegime": "FAVORABLE",
      "temporal": "UNFAVORABLE"
    },
    "consensusDirection": "NEUTRAL",
    "consensusStrength": 50,
    "bullishSignals": 1,
    "bearishSignals": 1,
    "neutralSignals": 0,
    "totalAvailableSignals": 2,
    "dominantPattern": "NONE",
    "clusters": {
      "strongBuyCluster": false,
      "distributionPattern": false,
      "accumulationPattern": false,
      "momentumCascade": false
    },
    "adaptiveWeights": {
      "vpin": 0,
      "sweeps": 0,
      "absorption": 0,
      "arrival": 0,
      "vacuum": 0,
      "volRegime": 0.021,
      "temporal": 0.02
    },
    "convictionLevel": "LOW",
    "convictionScore": 30,
    "riskAdjustment": "REDUCE",
    "timingQuality": "UNFAVORABLE",
    "signalQuality": "LOW"
  },
  "deltaAnalysis": {
    "currentDelta": 0,
    "cumulativeDelta": 0,
    "deltaPerVolume": 0,
    "deltaDirection": "NEUTRAL",
    "deltaDivergence": false,
    "institutionalRatio": 0,
    "aggressionScore": 0
  },
  "volumeProfile": {
    "pointOfControl": 0,
    "valueAreaHigh": 0,
    "valueAreaLow": 0,
    "currentPosition": "ABOVE_VALUE_AREA",
    "volumeNodes": [],
    "airPockets": []
  },
  "momentumCascade": {
    "cascadeDetected": false,
    "alignmentScore": -0.0036150047438937008,
    "cascadeStrength": 0,
    "acceleratingTimeframes": [
      "5m"
    ],
    "divergingTimeframes": [
      "1m",
      "15m",
      "1h"
    ]
  },
  "breakoutConfirmation": {
    "breakoutConfirmed": false,
    "volumeConfirmation": false,
    "retestStrength": 0,
    "falseBreakoutRisk": 0,
    "breakoutQuality": "NO_BREAKOUT"
  },
  "liquidityHeatmap": {
    "liquidityScore": 0,
    "magnetDirection": "NONE",
    "magnetStrength": 0,
    "priceTarget5pct": null,
    "message": "No order book data"
  },
  "smartMoneyDivergence": {
    "divergenceDetected": false,
    "divergenceDirection": "NONE",
    "smartMoneyScore": 0.5,
    "message": "Insufficient trade data"
  },
  "microstructure": {
    "raw": -0.05135406079645201,
    "pct": 49,
    "summary": {
      "latestBucketSignedZ": 0,
      "buySellRatio": 0.5,
      "tradesPerSec": 0,
      "vwap": 0,
      "aggressorVWAP": 0,
      "vpinToxicity": "UNKNOWN",
      "sweepDirection": "NEUTRAL",
      "absorptionSide": "NONE",
      "icebergDetected": false,
      "hawkesDirection": "NEUTRAL",
      "cascadeDetected": false,
      "vacuumSide": "NONE",
      "volatilityRegime": "LOW",
      "volExpanding": false,
      "favorableTimeWindow": false,
      "temporalAnomaly": true,
      "consensusDirection": "NEUTRAL",
      "consensusStrength": 50,
      "dominantPattern": "NONE",
      "convictionLevel": "LOW",
      "riskAdjustment": "REDUCE",
      "timingQuality": "UNFAVORABLE",
      "deltaDirection": "NEUTRAL",
      "deltaDivergence": false,
      "institutionalRatio": 0,
      "volumeProfilePosition": "ABOVE_VALUE_AREA",
      "pointOfControl": 0,
      "momentumCascadeDetected": false,
      "cascadeStrength": 0,
      "breakoutQuality": "NO_BREAKOUT",
      "breakoutConfirmed": false,
      "magnetDirection": "NONE",
      "magnetStrength": 0,
      "priceTarget5pct": null,
      "nearestBidWall": 0,
      "nearestAskWall": 0,
      "divergenceDetected": false,
      "divergenceDirection": "NONE",
      "whaleAccumulation": false,
      "whaleDistribution": false,
      "retailPanic": false,
      "smartMoneyScore": 0.5
    }
  }
}

=== MICROSTRUCTURE ALERTS ===

🔬 VPIN: Insufficient data for VPIN analysis

🌊 SWEEP DETECTION: No significant sweeps detected

🧊 ABSORPTION & ICEBERG: No significant absorption or iceberg orders detected

⚡ ORDER ARRIVAL DYNAMICS: Insufficient trades for analysis

🌪️ LIQUIDITY VACUUM: No significant vacuum detected

📊 VOLATILITY REGIME DETECTION:
   Current Regime: LOW
   Regime Score: -1.00 (-1=low vol, +1=extreme vol)
   Days in Regime: 3
   ATR: $2.039462 (avg: $2.707410)
   ATR Percentile: 6.6%
   Realized Volatility: 108.21% (annualized)
   Vol Percentile: 0.0%

   🔵 LOW VOLATILITY REGIME:
   ✅ Ideal for breakout setups - price coiling
   ✅ Tight stops recommended
   ✅ Can increase position size (lower risk)

   📉 VOLATILITY CONTRACTING:
   🔄 Consolidation phase - accumulation likely
   ⏳ Wait for expansion before entering

   📍 MODERATE REGIME TRANSITION PROBABILITY: 40%
   Monitor for potential regime change

⏰ TEMPORAL PATTERN ANALYSIS:
   Current Time: Sunday 19:00 UTC
   Day Bias: NEUTRAL
   Current vs Avg Volume: 0x
   Current vs Avg Volatility: 0x

   ⏳ NON-FAVORABLE TIME WINDOW:
   This hour typically shows weaker activity
   Next favorable window in 5 hour(s)

   ⚠️ LOW ACTIVITY ANOMALY:
   Volume 0x below typical - Extremely quiet

   📉 LOW VOLATILITY ANOMALY:
   Volatility 0x below typical - Consolidation likely

   🔥 Best Trading Hours (UTC): 0:00, 1:00, 4:00

🎯 UNIFIED MICROSTRUCTURE INTEGRATION:
   Signal Consensus: NEUTRAL (50% agreement)
   Available Signals: 2 (1 bullish / 1 bearish / 0 neutral)
   Conviction Level: LOW (30%)
   Signal Quality: LOW
   Risk Adjustment: REDUCE
   Timing Quality: UNFAVORABLE

   ⚠️ LOW CONVICTION: Only 50% signal agreement
   Weak alignment - Reduce position size or wait for clarity

   ⚠️ RISK REDUCTION RECOMMENDED: Extreme volatility or unfavorable timing detected

   ⏰ UNFAVORABLE TIMING: Avoid trading during this hour

   Signal Directions Breakdown:
   • VPIN: NEUTRAL
   • Sweeps: NEUTRAL
   • Absorption: NEUTRAL
   • Arrival Dynamics: NEUTRAL
   • Liquidity Vacuum: NONE
   • Vol Regime: FAVORABLE
   • Temporal: UNFAVORABLE

   Adaptive Weights (Total: 4.1%):
   • VPIN: 0.0%
   • Sweeps: 0.0%
   • Absorption: 0.0%
   • Arrival: 0.0%
   • Vacuum: 0.0%
   • Vol Regime: 2.1%
   • Temporal: 2.0%


💹 DELTA ANALYSIS (Order Flow Aggression):
   Direction: NEUTRAL
   Delta Per Volume: 0.00%
   Institutional Ratio: 0.0%
   Aggression Score: 0.0%

📊 VOLUME PROFILE (Support/Resistance Strength):
   Point of Control (POC): $0.000000
   Value Area High: $0.000000
   Value Area Low: $0.000000
   Current Position: ABOVE_VALUE_AREA
   ⚠️ DISTRIBUTION RISK: Price above value area - potential rejection zone

⚡ MOMENTUM CASCADE (Multi-Timeframe Alignment):
   Cascade Detected: NO
   Alignment Score: -0.4%
   Cascade Strength: 0.0%
   Accelerating: 5m
   Diverging: 1m, 15m, 1h

💥 BREAKOUT CONFIRMATION:
   Quality: NO_BREAKOUT
   Volume Confirmation: NO
   Retest Strength: 0.0%
   False Breakout Risk: 0.0%
   No breakout detected - price below resistance


levels:
Entry=13.283380000000001, StopLoss=12.8848786, TakeProfit=13.398748800000002, 13.5141176, 13.60641264

---

=== Token: FIS (FIS) ===
Contract: FIS-USD
Timestamp: 2025-02-18T16:10:00.000Z

Calculations:
{
  "momentumScore": 33.36469974309345,
  "volumeScore": 9.337138313412634,
  "patternScore": 39.97942438007257,
  "totalScore": 20.242951034496908,
  "finalScore": 0,
  "weights": "0.23,0.45,0.23",
  "hourlyUptrend": false,
  "rsi": 26.785714285714263,
  "ultraShortVolumeSurge": 1.247737318459272,
  "baseVolumeSurge": 0.027379824635813267,
  "currentPrice": 0.2292,
  "resistance": 0.2339,
  "support": 0.228,
  "rocMin5": -0.0017421602787456945,
  "shortROC": 0.0035026269702276495,
  "priceAcceleration": -0.0004329140807289824,
  "buySellRatio": 0.08578313697972448,
  "macdHistogram": 0.00018050432560902472,
  "stochasticK": 23.43750000000006,
  "atr": 0.0010785714285714287,
  "bbUpper": 0.2361144460194031,
  "bbLower": 0.22925555398059685,
  "hammerDetected": false,
  "engulfingDetected": true,
  "compressionSpring": {
    "detected": true,
    "confidence": 54,
    "signals": {
      "sidewaysPrice": true,
      "atrCompression": true,
      "bbSqueeze": true,
      "consolidationTime": true,
      "strongBuying": false,
      "obvPositive": false,
      "chaikinPositive": false,
      "rsiNeutral": false,
      "volumeBuilding": false
    },
    "metrics": {
      "priceRange": 2.81,
      "atrRatio": 0.816,
      "bbWidth": 2.95,
      "volumeRatio": 0.788,
      "signalCount": 4,
      "buySellRatio": 0.086
    }
  },
  "riskTier": "LOW",
  "atrPercent": 0.4799301919720759,
  "distanceToResistance": 2.0506108202443323,
  "slPercent": 2.5,
  "tpPercent": 1.7430191972076823,
  "trailingActivation": 1.0458115183246093,
  "shortMomentumScore": 30,
  "overboughtScore": 0,
  "shortPatternScore": 0,
  "shootingStarDetected": false,
  "bearishEngulfingDetected": false,
  "eveningStarDetected": false,
  "bearishPatternsCount": 0,
  "shortTotalScore": 12,
  "chaikin": -0.017155578507258882,
  "obvIncreasing": false,
  "obvTrend": "declining",
  "adx": 25.490196078431666,
  "recentCandles": {
    "redCount": 5,
    "greenCount": 5
  },
  "resistanceDistance": 2.0506108202443323,
  "multiplePatterns": false,
  "bullishPattern": true,
  "priceAboveVWAP": false,
  "breakingResistance": false,
  "atrSufficient": false,
  "macdDivergenceBearish": false,
  "rvolMin1": -0.26707543128628963,
  "rvolMin5": -0.4096608016627952,
  "atrPercentileOld": 0.34146341463414637,
  "vwapDeviation": -6.412565477234872,
  "bbWidthPercent": 2.947715597828069,
  "bbSqueeze": true,
  "multiTFMomentum": {
    "min1": {
      "roc1": 0.0035026269702276495,
      "roc3": 0
    },
    "min5": {
      "roc1": 0.0035026269702276495,
      "roc3": 0.0008733624454147509
    },
    "min15": {
      "roc1": 0.0048161120840631245,
      "roc3": -0.005632582322357
    },
    "hourly": {
      "roc1": 0.0013123359580052263,
      "roc3": -0.01675257731958769
    },
    "fourHour": {
      "roc1": -0.0197002141327624,
      "roc3": -0.052173913043478265
    },
    "divergenceShortUpLongDown": true
  },
  "returnZMin5": 1.1684978487894944,
  "wickClosePct": 1,
  "wickUpper": 0,
  "wickLower": 0,
  "wickRatio": 0,
  "donchianBreakout15": false,
  "bbWidthPercentile15": 0.3116883116883117,
  "signedMin5": -95250.40000000005,
  "signedMin5Z": -15.667394098929543,
  "signedMin1": -31078.199999999993,
  "signedMin1Z": -8.898489248951163,
  "streakMin1": {
    "upStreak": 1,
    "downStreak": 0
  },
  "streakMin5": {
    "upStreak": 1,
    "downStreak": 0
  },
  "rvolPercentileMin1": 0.5361111111111111,
  "rvolPercentileMin5": 0.4479166666666667,
  "perTfMetrics": {
    "min1": {
      "sma20": 0.23125999999999997,
      "sma50": 0.23290400000000006,
      "ema20": 0.23071809848481936,
      "ema50": 0.23339002105081047,
      "vwma20": 0.23144576084562868,
      "hma21": 0.22805238095238103,
      "atr14": 0.000878571428571429,
      "atrPercentile": 0.229607250755287,
      "rvolZ": -0.26707543128628963,
      "rvolPercentile": 0.5361111111111111,
      "mfi14": 27.924640151164297,
      "ppo": {
        "ppo": -0.5986308949998518,
        "signal": -0.5280192173832691,
        "histogram": -0.07061167761658271
      },
      "stochRsi": {
        "k": 7.052023121387389,
        "d": 26.01362052581558
      },
      "vprofile": {
        "vpBins": [
          0.01191081497177245,
          0.007175374860445993,
          0.06243037073439863,
          0.16306006867841916,
          0.026112407666245677,
          0.0055559219476172825,
          0.06712869887560187,
          0.016206348227052456,
          0.03817048860863443,
          0.022465033787257643,
          0.056217070513452386,
          0.05413572722087368,
          0.013685570842377903,
          0.17173906928379337,
          0.030666070038560995,
          0.020859527410972047,
          0.11881858179797332,
          0.07181780811976814,
          0.0311445071565825,
          0.01070053925820027
        ],
        "currentBinShare": 0.01191081497177245
      },
      "ttm": {
        "squeeze": false,
        "release": false,
        "widthPct": 3.5233202615498525
      }
    },
    "min5": {
      "sma20": 0.23188,
      "sma50": 0.23494000000000004,
      "ema20": 0.23151097146770896,
      "ema50": 0.2352747335099239,
      "vwma20": 0.23229099975967318,
      "hma21": 0.2296073593073594,
      "atr14": 0.0010785714285714287,
      "atrPercentile": 0.5328467153284672,
      "rvolZ": -0.4096608016627952,
      "rvolPercentile": 0.4479166666666667,
      "mfi14": 36.72209984698424,
      "ppo": {
        "ppo": -0.757138480963437,
        "signal": -0.6649014552672937,
        "histogram": -0.09223702569614334
      },
      "stochRsi": {
        "k": 0,
        "d": 27.642021720969094
      },
      "vprofile": {
        "vpBins": [
          0.009700461574713654,
          0.004371830235376921,
          0.05703458653101269,
          0.13234753942328575,
          0.017001412292333734,
          0.0045248799089479584,
          0.056284546872858277,
          0.01173534842961409,
          0.03101132914111989,
          0.01822195937464866,
          0.06699937163001946,
          0.037582261793103026,
          0.08862307657951111,
          0.1636950003003239,
          0.0489932219208716,
          0.04359085721678303,
          0.10657512948579932,
          0.07383597541348438,
          0.019156428702338985,
          0.008714783173853649
        ],
        "currentBinShare": 0.009700461574713654
      },
      "ttm": {
        "squeeze": false,
        "release": false,
        "widthPct": 3.2999967266512282
      }
    },
    "min15": {
      "sma20": 0.23268499999999998,
      "sma50": 0.2399640000000001,
      "ema20": 0.2331729484393299,
      "ema50": 0.23878263687953763,
      "vwma20": 0.2335560834389947,
      "hma21": 0.2311060606060607,
      "atr14": 0.001099999999999998,
      "atrPercentile": 0.34146341463414637,
      "rvolZ": -0.3226751307587736,
      "rvolPercentile": 0.59375,
      "mfi14": 73.77226981076768,
      "ppo": {
        "ppo": -1.1541458435986531,
        "signal": -1.1547536711313033,
        "histogram": 0.000607827532650207
      },
      "stochRsi": {
        "k": 63.242721330956876,
        "d": 33.90522875816993
      },
      "vprofile": {
        "vpBins": [
          0.024636349622321564,
          0.00019330969631570834,
          0.0280234314783413,
          0.2283231077539695,
          0.08103468475412363,
          0,
          0,
          0.024883305071681825,
          0.06305534145213504,
          0.048505934946816716,
          0.02253553260366888,
          0.02202620625867119,
          0.08101433636503777,
          0.04461476799753353,
          0.030647757052566674,
          0.1598877755511022,
          0.08312933559426544,
          0.03773516263295822,
          0.0056583937104979195,
          0.014095267457992909
        ],
        "currentBinShare": 0.024636349622321564
      },
      "ttm": {
        "squeeze": false,
        "release": false,
        "widthPct": 2.947715597828069
      }
    },
    "hourly": {
      "sma20": 0.23857,
      "sma50": 0.24941600000000005,
      "ema20": 0.23751648300601708,
      "ema50": 0.24526350157264393,
      "vwma20": 0.23785639746371537,
      "hma21": 0.22599047619047613,
      "atr14": 0.0022999999999999987,
      "atrPercentile": 0.2919254658385093,
      "rvolZ": -0.20408179685702965,
      "rvolPercentile": 0.6101190476190477,
      "mfi14": 0.9350438489513806,
      "ppo": {
        "ppo": -2.4136145633189634,
        "signal": -2.190743895039971,
        "histogram": -0.2228706682789925
      },
      "stochRsi": {
        "k": 24.762836829632363,
        "d": 10.532827521522128
      },
      "vprofile": {
        "vpBins": [
          0.004419548059950232,
          0.0031786449715127067,
          0.028177135188013964,
          0.027252286889907672,
          0.01877052314286293,
          0.0000872319354827996,
          0.01990060710580366,
          0.025394389000615504,
          0.02575721149528483,
          0.0674367251599608,
          0.060720340582756764,
          0.1971676258225778,
          0.11822692652610647,
          0.143394526050323,
          0.061198997869764946,
          0.040949869697719986,
          0.10612425799478654,
          0.03529016412143038,
          0.013547180581832262,
          0.0030058078033066934
        ],
        "currentBinShare": 0.0031786449715127067
      },
      "ttm": {
        "squeeze": false,
        "release": false,
        "widthPct": 12.085555362980141
      }
    },
    "fourHour": {
      "sma20": 0.2512250000000001,
      "sma50": 0.254192,
      "ema20": 0.24790606105820143,
      "ema50": 0.2513112213781153,
      "vwma20": 0.249774316123343,
      "hma21": 0.24221731601731583,
      "atr14": 0.00605714285714286,
      "atrPercentile": 0.3142857142857143,
      "rvolZ": -0.47847240283669645,
      "rvolPercentile": 0.2976190476190476,
      "mfi14": 30.834637685067833,
      "ppo": {
        "ppo": -2.162209591850227,
        "signal": -0.9278666375391903,
        "histogram": -1.2343429543110367
      },
      "stochRsi": {
        "k": 0,
        "d": 29.22047470794668
      },
      "vprofile": {
        "vpBins": [
          0.004725877789258071,
          0,
          0.0993107292403067,
          0.016379195378189344,
          0.017422812292027582,
          0.053765611688146905,
          0,
          0.04504219655125088,
          0.10664239620477044,
          0.0841692691541786,
          0.14223662437948154,
          0.21150950102157343,
          0.11109307065041474,
          0.030660636923212373,
          0.07279393866415998,
          0,
          0.004248140063029399,
          0,
          0,
          0
        ],
        "currentBinShare": 0.004725877789258071
      },
      "ttm": {
        "squeeze": false,
        "release": true,
        "widthPct": 15.173897637203096
      }
    },
    "daily": {
      "sma20": 0.25997499999999996,
      "sma50": 0.33883199999999997,
      "ema20": 0.26640953858247346,
      "ema50": 0.31534878855643383,
      "vwma20": 0,
      "hma21": 0.24272727272727276,
      "atr14": 0.02042857142857143,
      "atrPercentile": 0.013157894736842105,
      "rvolZ": 0,
      "rvolPercentile": 1,
      "mfi14": 50,
      "ppo": {
        "ppo": -8.798168319106809,
        "signal": -9.658614608973274,
        "histogram": 0.8604462898664647
      },
      "stochRsi": {
        "k": 58.245759751476974,
        "d": 44.93016208931653
      },
      "vprofile": {
        "vpBins": [
          0,
          0,
          0,
          0,
          0,
          0,
          0,
          0,
          0,
          0,
          0,
          0,
          0,
          0,
          0,
          0,
          0,
          0,
          0,
          0
        ],
        "currentBinShare": 0
      },
      "ttm": {
        "squeeze": false,
        "release": false,
        "widthPct": 35.256989516897804
      }
    }
  },
  "smaMin5": 0.23188,
  "emaMin5": 0.23151097146770896,
  "vwmaMin5": 0.23229099975967318,
  "hmaMin5": 0.2296073593073594,
  "keltner15": {
    "upper": 0.2352279484393299,
    "middle": 0.2331729484393299,
    "lower": 0.2311179484393299
  },
  "superTrend15": {
    "isBull": true,
    "finalUpper": 0.23301,
    "finalLower": 0.22479
  },
  "mfi15": 73.77226981076768,
  "stochRsi15": {
    "k": 63.242721330956876,
    "d": 33.90522875816993
  },
  "ppo15": {
    "ppo": -1.1541458435986531,
    "signal": -1.1547536711313033,
    "histogram": 0.000607827532650207
  },
  "vpMin15": {
    "vpBins": [
      0.024636349622321564,
      0.00019330969631570834,
      0.0280234314783413,
      0.2283231077539695,
      0.08103468475412363,
      0,
      0,
      0.024883305071681825,
      0.06305534145213504,
      0.048505934946816716,
      0.02253553260366888,
      0.02202620625867119,
      0.08101433636503777,
      0.04461476799753353,
      0.030647757052566674,
      0.1598877755511022,
      0.08312933559426544,
      0.03773516263295822,
      0.0056583937104979195,
      0.014095267457992909
    ],
    "currentBinShare": 0.024636349622321564
  },
  "ttm15": {
    "squeeze": false,
    "release": false,
    "widthPct": 2.947715597828069
  },
  "marketCorrelation": {
    "hourly": {
      "btcCorrelation": 0,
      "ethCorrelation": 0,
      "btcBeta": 1,
      "ethBeta": 1,
      "btcTrend": "UNKNOWN",
      "ethTrend": "UNKNOWN",
      "tokenVol": 0,
      "btcVol": 0,
      "ethVol": 0,
      "marketDependence": 0,
      "verdict": "INSUFFICIENT_DATA"
    },
    "min15": {
      "btcCorrelation": 0,
      "ethCorrelation": 0,
      "btcBeta": 1,
      "ethBeta": 1,
      "btcTrend": "UNKNOWN",
      "ethTrend": "UNKNOWN",
      "tokenVol": 0,
      "btcVol": 0,
      "ethVol": 0,
      "marketDependence": 0,
      "verdict": "INSUFFICIENT_DATA"
    },
    "daily": {
      "btcCorrelation": 0,
      "ethCorrelation": 0,
      "btcBeta": 1,
      "ethBeta": 1,
      "btcTrend": "UNKNOWN",
      "ethTrend": "UNKNOWN",
      "tokenVol": 0,
      "btcVol": 0,
      "ethVol": 0,
      "marketDependence": 0,
      "verdict": "INSUFFICIENT_DATA"
    }
  },
  "tradeTape": {
    "totalTrades": 0,
    "totalVolume": 0,
    "buysVolume": 0,
    "sellsVolume": 0,
    "buySellRatio": 0.5,
    "vwap": 0,
    "signedVolume": 0,
    "avgTradeSize": 0,
    "tradesPerSec": 0,
    "cumulativeDelta": 0,
    "tradesLast1m": 0,
    "tradesLast5m": 0,
    "tradesLast15m": 0,
    "tradesLast1h": 0,
    "buyVWAP": 0,
    "sellVWAP": 0,
    "aggressorVWAP": 0,
    "bucketDurationMs": 60000,
    "bucketCount": 15,
    "bucketSignedVolumes": [],
    "bucketVolumes": [],
    "bucketVWAPs": [],
    "latestBucketSignedZ": 0
  },
  "enhancedMetrics": {
    "relativeVolumeZScore": -1,
    "volumePercentile": 40,
    "atrPercentile": 52.919708029197075,
    "volatilityPercentile": 1.5822784810126582,
    "relativeVolatilityRatio": 0.7915865835392445,
    "isHighVolume": false,
    "isHighVolatility": false,
    "isLowVolatility": true,
    "isExpandingVolatility": false,
    "isContractingVolatility": true
  },
  "orderBook": {
    "bidAskSpread": 0,
    "spreadPct": 0,
    "midPrice": 0,
    "bestBid": 0,
    "bestAsk": 0,
    "bidDepth": 0,
    "askDepth": 0,
    "orderBookImbalance": 0,
    "liquidityScore": 0,
    "depthAt1Pct": {
      "bidVolume": 0,
      "askVolume": 0,
      "imbalance": 0
    },
    "depthAt2Pct": {
      "bidVolume": 0,
      "askVolume": 0,
      "imbalance": 0
    },
    "depthAt5Pct": {
      "bidVolume": 0,
      "askVolume": 0,
      "imbalance": 0
    },
    "weightedMidPrice": 0,
    "volumeWeightedSpread": 0,
    "totalBidLevels": 0,
    "totalAskLevels": 0
  },
  "marketCap": {
    "marketCap": 0,
    "totalVolume24h": 0,
    "volumeToMarketCapRatio": 0,
    "marketCapRank": 0,
    "normalizedRank": 0,
    "isHighLiquidity": false,
    "isVeryHighLiquidity": false,
    "isLowLiquidity": true,
    "liquidityTier": "VERY_LOW"
  },
  "sweeps": {
    "sweepScore": 0,
    "sweepCount": 0,
    "sweepDirection": "NEUTRAL",
    "buySweeps": 0,
    "sellSweeps": 0,
    "avgSweepSize": 0,
    "avgSweepIntensity": 0,
    "bidLiftRatio": 0,
    "askLiftRatio": 0,
    "sweepFrequency": 0,
    "largestSweep": null,
    "recentSweepClusters": 0,
    "sweepDetails": []
  },
  "absorption": {
    "absorptionScore": 0,
    "absorptionLevel": null,
    "absorptionSide": "NONE",
    "icebergProbability": 0,
    "hiddenLiquidityEstimate": 0,
    "volumeAtPrice": {},
    "topAbsorptionLevels": [],
    "persistenceDuration": 0,
    "refillDetected": false
  },
  "orderArrival": {
    "avgInterArrivalTime": 0,
    "recentInterArrivalTime": 0,
    "accelerationRatio": 1,
    "hawkesIntensity": 0,
    "hawkesDirection": "NEUTRAL",
    "clusteringScore": 0,
    "burstCount": 0,
    "cascadeDetected": false,
    "timeToNextTrade": 0,
    "accelerationTrend": "STABLE"
  },
  "liquidityVacuum": {
    "vacuumScore": 0,
    "vacuumSide": "NONE",
    "bidVacuumSeverity": 0,
    "askVacuumSeverity": 0,
    "depthConcentration": 0,
    "priceImpact10k": 0,
    "priceImpact50k": 0,
    "priceImpact100k": 0,
    "largestGapBid": 0,
    "largestGapAsk": 0,
    "avgGapBid": 0,
    "avgGapAsk": 0,
    "bidCliffDistance": 0,
    "askCliffDistance": 0
  },
  "volatilityRegime": {
    "regime": "LOW",
    "regimeScore": -1,
    "currentATR": 0.020138,
    "avgATR": 0.031895,
    "atrPercentile": 1.3,
    "realizedVolatility": 78.73,
    "volPercentile": 10.2,
    "expanding": false,
    "contracting": false,
    "transitionProbability": 0,
    "daysInRegime": 6,
    "regimeStrength": 1.43
  },
  "temporalPatterns": {
    "currentHour": 19,
    "currentDay": 0,
    "currentDayName": "Sunday",
    "dayBias": "NEUTRAL",
    "hourlyProfile": [
      {
        "avgVolume": 12249.74,
        "avgATR": 0.002864,
        "avgReturn": 0.312
      },
      {
        "avgVolume": 12017.2,
        "avgATR": 0.002736,
        "avgReturn": -0.012
      },
      {
        "avgVolume": 5148.05,
        "avgATR": 0.002208,
        "avgReturn": -0.333
      },
      {
        "avgVolume": 3706.35,
        "avgATR": 0.002071,
        "avgReturn": 0.017
      },
      {
        "avgVolume": 10292.13,
        "avgATR": 0.002683,
        "avgReturn": 0.01
      },
      {
        "avgVolume": 3743.53,
        "avgATR": 0.00185,
        "avgReturn": 0.271
      },
      {
        "avgVolume": 9986.21,
        "avgATR": 0.002929,
        "avgReturn": -0.222
      },
      {
        "avgVolume": 5130.18,
        "avgATR": 0.001914,
        "avgReturn": 0.058
      },
      {
        "avgVolume": 8261.49,
        "avgATR": 0.002171,
        "avgReturn": 0.095
      },
      {
        "avgVolume": 5579.4,
        "avgATR": 0.001387,
        "avgReturn": 0.237
      },
      {
        "avgVolume": 3376.17,
        "avgATR": 0.001914,
        "avgReturn": -0.16
      },
      {
        "avgVolume": 4789.74,
        "avgATR": 0.00145,
        "avgReturn": 0.227
      },
      {
        "avgVolume": 5583.5,
        "avgATR": 0.002093,
        "avgReturn": -0.003
      },
      {
        "avgVolume": 6775.59,
        "avgATR": 0.003607,
        "avgReturn": -0.138
      },
      {
        "avgVolume": 11992.28,
        "avgATR": 0.00338,
        "avgReturn": -0.167
      },
      {
        "avgVolume": 11531.05,
        "avgATR": 0.0031,
        "avgReturn": -0.666
      },
      {
        "avgVolume": 7979.65,
        "avgATR": 0.003047,
        "avgReturn": 0.246
      },
      {
        "avgVolume": 5826.22,
        "avgATR": 0.002815,
        "avgReturn": -0.086
      },
      {
        "avgVolume": 9318.64,
        "avgATR": 0.0024,
        "avgReturn": 0.062
      },
      {
        "avgVolume": 18180.68,
        "avgATR": 0.003443,
        "avgReturn": -0.12
      },
      {
        "avgVolume": 4487.83,
        "avgATR": 0.002729,
        "avgReturn": 0.007
      },
      {
        "avgVolume": 7439.39,
        "avgATR": 0.002593,
        "avgReturn": -0.333
      },
      {
        "avgVolume": 29898.19,
        "avgATR": 0.005277,
        "avgReturn": -0.166
      },
      {
        "avgVolume": 18897.01,
        "avgATR": 0.002736,
        "avgReturn": 0.711
      }
    ],
    "dailyProfile": [
      {
        "avgVolume": 6650.77,
        "avgATR": 0.002725,
        "avgReturn": 0.009
      },
      {
        "avgVolume": 5846.32,
        "avgATR": 0.002033,
        "avgReturn": -0.036
      },
      {
        "avgVolume": 10440.51,
        "avgATR": 0.002995,
        "avgReturn": -0.022
      },
      {
        "avgVolume": 15877.79,
        "avgATR": 0.004247,
        "avgReturn": 0.136
      },
      {
        "avgVolume": 15035.23,
        "avgATR": 0.002398,
        "avgReturn": -0.288
      },
      {
        "avgVolume": 5695.7,
        "avgATR": 0.002037,
        "avgReturn": 0.069
      },
      {
        "avgVolume": 4490.63,
        "avgATR": 0.001902,
        "avgReturn": 0.098
      }
    ],
    "favorableHours": [
      22,
      23,
      19,
      0,
      1,
      14
    ],
    "favorableWindow": true,
    "currentVsAvgVolume": 0,
    "currentVsAvgVolatility": 0,
    "anomalyDetected": true,
    "timeUntilFavorable": null,
    "temporalScore": 0.5
  },
  "unifiedMicrostructure": {
    "signalDirections": {
      "vpin": "NEUTRAL",
      "sweeps": "NEUTRAL",
      "absorption": "NEUTRAL",
      "arrival": "NEUTRAL",
      "vacuum": "NONE",
      "volRegime": "FAVORABLE",
      "temporal": "FAVORABLE"
    },
    "consensusDirection": "BULLISH",
    "consensusStrength": 100,
    "bullishSignals": 2,
    "bearishSignals": 0,
    "neutralSignals": 0,
    "totalAvailableSignals": 2,
    "dominantPattern": "NONE",
    "clusters": {
      "strongBuyCluster": false,
      "distributionPattern": false,
      "accumulationPattern": false,
      "momentumCascade": false
    },
    "adaptiveWeights": {
      "vpin": 0,
      "sweeps": 0,
      "absorption": 0,
      "arrival": 0,
      "vacuum": 0,
      "volRegime": 0.03,
      "temporal": 0.02
    },
    "convictionLevel": "HIGH",
    "convictionScore": 100,
    "riskAdjustment": "INCREASE",
    "timingQuality": "FAVORABLE",
    "signalQuality": "LOW"
  },
  "deltaAnalysis": {
    "currentDelta": 0,
    "cumulativeDelta": 0,
    "deltaPerVolume": 0,
    "deltaDirection": "NEUTRAL",
    "deltaDivergence": false,
    "institutionalRatio": 0,
    "aggressionScore": 0
  },
  "volumeProfile": {
    "pointOfControl": 0,
    "valueAreaHigh": 0,
    "valueAreaLow": 0,
    "currentPosition": "ABOVE_VALUE_AREA",
    "volumeNodes": [],
    "airPockets": []
  },
  "momentumCascade": {
    "cascadeDetected": false,
    "alignmentScore": -0.011507722249919614,
    "cascadeStrength": 0,
    "acceleratingTimeframes": [],
    "divergingTimeframes": [
      "1m",
      "5m",
      "15m",
      "1h"
    ]
  },
  "breakoutConfirmation": {
    "breakoutConfirmed": false,
    "volumeConfirmation": false,
    "retestStrength": 0,
    "falseBreakoutRisk": 0,
    "breakoutQuality": "NO_BREAKOUT"
  },
  "liquidityHeatmap": {
    "liquidityScore": 0,
    "magnetDirection": "NONE",
    "magnetStrength": 0,
    "priceTarget5pct": null,
    "message": "No order book data"
  },
  "smartMoneyDivergence": {
    "divergenceDetected": false,
    "divergenceDirection": "NONE",
    "smartMoneyScore": 0.5,
    "message": "Insufficient trade data"
  },
  "microstructure": {
    "raw": -0.046118913425113185,
    "pct": 49,
    "summary": {
      "latestBucketSignedZ": 0,
      "buySellRatio": 0.5,
      "tradesPerSec": 0,
      "vwap": 0,
      "aggressorVWAP": 0,
      "vpinToxicity": "UNKNOWN",
      "sweepDirection": "NEUTRAL",
      "absorptionSide": "NONE",
      "icebergDetected": false,
      "hawkesDirection": "NEUTRAL",
      "cascadeDetected": false,
      "vacuumSide": "NONE",
      "volatilityRegime": "LOW",
      "volExpanding": false,
      "favorableTimeWindow": true,
      "temporalAnomaly": true,
      "consensusDirection": "BULLISH",
      "consensusStrength": 100,
      "dominantPattern": "NONE",
      "convictionLevel": "HIGH",
      "riskAdjustment": "INCREASE",
      "timingQuality": "FAVORABLE",
      "deltaDirection": "NEUTRAL",
      "deltaDivergence": false,
      "institutionalRatio": 0,
      "volumeProfilePosition": "ABOVE_VALUE_AREA",
      "pointOfControl": 0,
      "momentumCascadeDetected": false,
      "cascadeStrength": 0,
      "breakoutQuality": "NO_BREAKOUT",
      "breakoutConfirmed": false,
      "magnetDirection": "NONE",
      "magnetStrength": 0,
      "priceTarget5pct": null,
      "nearestBidWall": 0,
      "nearestAskWall": 0,
      "divergenceDetected": false,
      "divergenceDirection": "NONE",
      "whaleAccumulation": false,
      "whaleDistribution": false,
      "retailPanic": false,
      "smartMoneyScore": 0.5
    }
  }
}

=== MICROSTRUCTURE ALERTS ===

🔬 VPIN: Insufficient data for VPIN analysis

🌊 SWEEP DETECTION: No significant sweeps detected

🧊 ABSORPTION & ICEBERG: No significant absorption or iceberg orders detected

⚡ ORDER ARRIVAL DYNAMICS: Insufficient trades for analysis

🌪️ LIQUIDITY VACUUM: No significant vacuum detected

📊 VOLATILITY REGIME DETECTION:
   Current Regime: LOW
   Regime Score: -1.00 (-1=low vol, +1=extreme vol)
   Days in Regime: 6
   ATR: $0.020138 (avg: $0.031895)
   ATR Percentile: 1.3%
   Realized Volatility: 78.73% (annualized)
   Vol Percentile: 10.2%

   🔵 LOW VOLATILITY REGIME:
   ✅ Ideal for breakout setups - price coiling
   ✅ Tight stops recommended
   ✅ Can increase position size (lower risk)

⏰ TEMPORAL PATTERN ANALYSIS:
   Current Time: Sunday 19:00 UTC
   Day Bias: NEUTRAL
   Current vs Avg Volume: 0x
   Current vs Avg Volatility: 0x

   ✅ FAVORABLE TIME WINDOW:
   This hour historically shows strong volume and positive returns
   GOOD time to trade - patterns favor entry

   ⚠️ LOW ACTIVITY ANOMALY:
   Volume 0x below typical - Extremely quiet

   📉 LOW VOLATILITY ANOMALY:
   Volatility 0x below typical - Consolidation likely

   🔥 Best Trading Hours (UTC): 22:00, 23:00, 19:00

🎯 UNIFIED MICROSTRUCTURE INTEGRATION:
   Signal Consensus: BULLISH (100% agreement)
   Available Signals: 2 (2 bullish / 0 bearish / 0 neutral)
   Conviction Level: HIGH (100%)
   Signal Quality: LOW
   Risk Adjustment: INCREASE
   Timing Quality: FAVORABLE

   ✅ HIGH CONVICTION: 100% of signals agree on direction
   Strong institutional alignment - Follow the smart money

   💰 RISK INCREASE OPPORTUNITY: Low vol + Favorable timing = Lower risk

   ⏰ FAVORABLE TIMING: Good time window for trading

   Signal Directions Breakdown:
   • VPIN: NEUTRAL
   • Sweeps: NEUTRAL
   • Absorption: NEUTRAL
   • Arrival Dynamics: NEUTRAL
   • Liquidity Vacuum: NONE
   • Vol Regime: FAVORABLE
   • Temporal: FAVORABLE

   Adaptive Weights (Total: 5.0%):
   • VPIN: 0.0%
   • Sweeps: 0.0%
   • Absorption: 0.0%
   • Arrival: 0.0%
   • Vacuum: 0.0%
   • Vol Regime: 3.0%
   • Temporal: 2.0%


💹 DELTA ANALYSIS (Order Flow Aggression):
   Direction: NEUTRAL
   Delta Per Volume: 0.00%
   Institutional Ratio: 0.0%
   Aggression Score: 0.0%

📊 VOLUME PROFILE (Support/Resistance Strength):
   Point of Control (POC): $0.000000
   Value Area High: $0.000000
   Value Area Low: $0.000000
   Current Position: ABOVE_VALUE_AREA
   ⚠️ DISTRIBUTION RISK: Price above value area - potential rejection zone

⚡ MOMENTUM CASCADE (Multi-Timeframe Alignment):
   Cascade Detected: NO
   Alignment Score: -1.2%
   Cascade Strength: 0.0%
   Accelerating: None
   Diverging: 1m, 5m, 15m, 1h

💥 BREAKOUT CONFIRMATION:
   Quality: NO_BREAKOUT
   Volume Confirmation: NO
   Retest Strength: 0.0%
   False Breakout Risk: 0.0%
   No breakout detected - price below resistance


levels:
Entry=0.2287416, StopLoss=0.22302306, TakeProfit=0.230735105, 0.23272860999999997, 0.234323414

---

=== Token: ELA (ELA) ===
Contract: ELA-USD
Timestamp: 2025-02-18T16:10:00.000Z

Calculations:
{
  "momentumScore": 46.20615561373855,
  "volumeScore": 3.7791863293138577,
  "patternScore": 0,
  "totalScore": 12.216057020757603,
  "finalScore": 0,
  "weights": "0.23,0.45,0.23",
  "hourlyUptrend": false,
  "rsi": 28.57142857142857,
  "ultraShortVolumeSurge": 0.14716160305688414,
  "baseVolumeSurge": 0.03339223003608427,
  "currentPrice": 1.688,
  "resistance": 1.716,
  "support": 1.688,
  "rocMin5": -0.007058823529411771,
  "shortROC": -0.0029533372711164295,
  "priceAcceleration": -0.0017687007538291209,
  "buySellRatio": 0.17705703673177534,
  "macdHistogram": 0.003779186329313858,
  "stochasticK": 0,
  "atr": 0.0054999999999999815,
  "bbUpper": 1.7283214779345846,
  "bbLower": 1.686978522065416,
  "hammerDetected": false,
  "engulfingDetected": false,
  "compressionSpring": {
    "detected": true,
    "confidence": 54,
    "signals": {
      "sidewaysPrice": true,
      "atrCompression": true,
      "bbSqueeze": true,
      "consolidationTime": true,
      "strongBuying": false,
      "obvPositive": false,
      "chaikinPositive": false,
      "rsiNeutral": false,
      "volumeBuilding": false
    },
    "metrics": {
      "priceRange": 1.66,
      "atrRatio": 0.256,
      "bbWidth": 2.42,
      "volumeRatio": 0.657,
      "signalCount": 4,
      "buySellRatio": 0.177
    }
  },
  "riskTier": "LOW",
  "atrPercent": 0.3385240352065,
  "distanceToResistance": 1.65876777251185,
  "slPercent": 2.5,
  "tpPercent": 1.4099526066350725,
  "trailingActivation": 0.8459715639810435,
  "shortMomentumScore": 55,
  "overboughtScore": 0,
  "shortPatternScore": 0,
  "shootingStarDetected": false,
  "bearishEngulfingDetected": false,
  "eveningStarDetected": false,
  "bearishPatternsCount": 0,
  "shortTotalScore": 22,
  "chaikin": -0.38943093830809056,
  "obvIncreasing": false,
  "obvTrend": "declining",
  "adx": 53.191489361702715,
  "recentCandles": {
    "redCount": 5,
    "greenCount": 5
  },
  "resistanceDistance": 1.65876777251185,
  "multiplePatterns": false,
  "bullishPattern": false,
  "priceAboveVWAP": false,
  "breakingResistance": false,
  "atrSufficient": false,
  "macdDivergenceBearish": false,
  "rvolMin1": -0.34403979951443486,
  "rvolMin5": -0.22937512140988778,
  "atrPercentileOld": 0.012195121951219513,
  "vwapDeviation": -5.240997927694322,
  "bbWidthPercent": 2.4210438830655265,
  "bbSqueeze": true,
  "multiTFMomentum": {
    "min1": {
      "roc1": -0.00236406619385343,
      "roc3": -0.004716981132075476
    },
    "min5": {
      "roc1": -0.0029533372711164295,
      "roc3": -0.004129793510324553
    },
    "min15": {
      "roc1": -0.00236406619385343,
      "roc3": -0.004129793510324553
    },
    "hourly": {
      "roc1": -0.005906674542232728,
      "roc3": -0.014059753954305811
    },
    "fourHour": {
      "roc1": -0.016939252336448548,
      "roc3": -0.03275862068965514
    },
    "divergenceShortUpLongDown": false
  },
  "returnZMin5": -0.3181191125015591,
  "wickClosePct": 0,
  "wickUpper": 0,
  "wickLower": 0,
  "wickRatio": 0,
  "donchianBreakout15": false,
  "bbWidthPercentile15": 0.15584415584415584,
  "signedMin5": -18331.330000000005,
  "signedMin5Z": -9.625378453414315,
  "signedMin1": -3388.4699999999993,
  "signedMin1Z": -4.295960533969768,
  "streakMin1": {
    "upStreak": 0,
    "downStreak": 1
  },
  "streakMin5": {
    "upStreak": 0,
    "downStreak": 3
  },
  "rvolPercentileMin1": 0.39652777777777776,
  "rvolPercentileMin5": 0.59375,
  "perTfMetrics": {
    "min1": {
      "sma20": 1.70215,
      "sma50": 1.7154199999999997,
      "ema20": 1.701277600217705,
      "ema50": 1.7168132913452256,
      "vwma20": 1.7013461520510977,
      "hma21": 1.6930173160173159,
      "atr14": 0.004071428571428551,
      "atrPercentile": 0.0634441087613293,
      "rvolZ": -0.34403979951443486,
      "rvolPercentile": 0.39652777777777776,
      "mfi14": 15.588793951127755,
      "ppo": {
        "ppo": -0.43203823066812164,
        "signal": -0.39928579234573236,
        "histogram": -0.03275243832238928
      },
      "stochRsi": {
        "k": 27.824806772175336,
        "d": 35.51743853630631
      },
      "vprofile": {
        "vpBins": [
          0.07872087920855272,
          0.02798442583997614,
          0.016454591337648553,
          0.1370324890211668,
          0.0920500586231537,
          0.11936142388355846,
          0.0746678816228554,
          0.04083154688811651,
          0.051693198846962336,
          0.050353906938345086,
          0.010672709360972936,
          0.005390555081482715,
          0.045430992916657996,
          0.08153940846115953,
          0.07468847777523399,
          0.07029781169133001,
          0.003293649967739921,
          0.01953599253508717,
          0,
          0
        ],
        "currentBinShare": 0.07872087920855272
      },
      "ttm": {
        "squeeze": false,
        "release": false,
        "widthPct": 1.83278763370731
      }
    },
    "min5": {
      "sma20": 1.7046,
      "sma50": 1.7305399999999997,
      "ema20": 1.7050826835860298,
      "ema50": 1.7265801493859068,
      "vwma20": 1.7011733686301327,
      "hma21": 1.6936883116883117,
      "atr14": 0.0054999999999999815,
      "atrPercentile": 0.014598540145985401,
      "rvolZ": -0.22937512140988778,
      "rvolPercentile": 0.59375,
      "mfi14": 9.922770351901505,
      "ppo": {
        "ppo": -0.6223071579082672,
        "signal": -0.6237186132507884,
        "histogram": 0.001411455342521184
      },
      "stochRsi": {
        "k": 9.806106529975638,
        "d": 30.69781371668166
      },
      "vprofile": {
        "vpBins": [
          0.05904099248522071,
          0.01292537207733994,
          0.03738011198936439,
          0.13363302318170187,
          0.1150564372960958,
          0.11871339381853474,
          0.17881158972427572,
          0.018388756641220392,
          0.021867379999324008,
          0.043245550925545904,
          0.035847058388016266,
          0.00668862031613899,
          0.04049305579027505,
          0.09512987901350214,
          0.008551381035845287,
          0.07422739731759882,
          0,
          0,
          0,
          0
        ],
        "currentBinShare": 0.05904099248522071
      },
      "ttm": {
        "squeeze": false,
        "release": true,
        "widthPct": 1.9227737111929062
      }
    },
    "min15": {
      "sma20": 1.7076500000000003,
      "sma50": 1.7409800000000002,
      "ema20": 1.7091704195040651,
      "ema50": 1.730904589979352,
      "vwma20": 1.7023606344307198,
      "hma21": 1.6949480519480518,
      "atr14": 0.0057142857142857195,
      "atrPercentile": 0.012195121951219513,
      "rvolZ": -0.39007824617895875,
      "rvolPercentile": 0.4166666666666667,
      "mfi14": 12.988664030052988,
      "ppo": {
        "ppo": -0.7983754173313989,
        "signal": -0.7889455576167891,
        "histogram": -0.009429859714609856
      },
      "stochRsi": {
        "k": 18.541376684087975,
        "d": 34.42171569582441
      },
      "vprofile": {
        "vpBins": [
          0.06976967336673144,
          0.009269573084962957,
          0.0869834264525712,
          0.02355313949455516,
          0.1352195752294427,
          0.15956517368716713,
          0.13609971535954365,
          0.025994708127749372,
          0.029424163921558256,
          0.025851774511807524,
          0.028220972897675223,
          0.026791541639377255,
          0.07291459331297014,
          0.15955347652498425,
          0.010788492388903826,
          0,
          0,
          0,
          0,
          0
        ],
        "currentBinShare": 0.06976967336673144
      },
      "ttm": {
        "squeeze": false,
        "release": false,
        "widthPct": 2.4210438830655265
      }
    },
    "hourly": {
      "sma20": 1.73555,
      "sma50": 1.7461999999999995,
      "ema20": 1.7255494242462608,
      "ema50": 1.7458780681190489,
      "vwma20": 1.7265713302252568,
      "hma21": 1.676012987012988,
      "atr14": 0.020714285714285685,
      "atrPercentile": 0.5807453416149069,
      "rvolZ": 0.5539415736737318,
      "rvolPercentile": 0.8571428571428571,
      "mfi14": 11.55132058362966,
      "ppo": {
        "ppo": -1.12282807502584,
        "signal": -0.819177940591661,
        "histogram": -0.3036501344341789
      },
      "stochRsi": {
        "k": 12.985311675690772,
        "d": 22.76437546351003
      },
      "vprofile": {
        "vpBins": [
          0.011432564910729946,
          0.03237484642092363,
          0.02958962500025329,
          0.07314492686405093,
          0.07919659540207266,
          0.08810950095271375,
          0.10958895743644692,
          0.10766503967220253,
          0.04286378793940727,
          0.0768800476773395,
          0.0729364679638043,
          0.029264286146891496,
          0.004206017845680411,
          0.07209579349245743,
          0.039901318759353495,
          0.08705271254927645,
          0.043697510966395986,
          0,
          0,
          0
        ],
        "currentBinShare": 0.011432564910729946
      },
      "ttm": {
        "squeeze": false,
        "release": false,
        "widthPct": 8.468322440537799
      }
    },
    "fourHour": {
      "sma20": 1.7499000000000002,
      "sma50": 1.7813600000000003,
      "ema20": 1.7496705566514845,
      "ema50": 1.767493305909762,
      "vwma20": 1.7466821218633042,
      "hma21": 1.7339264069264069,
      "atr14": 0.04835714285714283,
      "atrPercentile": 0.5428571428571428,
      "rvolZ": 0.5162618340431959,
      "rvolPercentile": 0.8214285714285714,
      "mfi14": 58.65474967714809,
      "ppo": {
        "ppo": -1.037608496354212,
        "signal": -0.7119973854470077,
        "histogram": -0.3256111109072043
      },
      "stochRsi": {
        "k": 9.0161558359942,
        "d": 33.159728481574824
      },
      "vprofile": {
        "vpBins": [
          0.019063951337052635,
          0.0626528538553347,
          0.1535269337280462,
          0.23454222336196442,
          0.11295043888352253,
          0.11040633582003273,
          0.07662694555148929,
          0.06567793301199282,
          0.02380351159861431,
          0.0456556639449391,
          0.09509320890701126,
          0,
          0,
          0,
          0,
          0,
          0,
          0,
          0,
          0
        ],
        "currentBinShare": 0.019063951337052635
      },
      "ttm": {
        "squeeze": false,
        "release": true,
        "widthPct": 7.037989883719622
      }
    },
    "daily": {
      "sma20": 1.8337499999999998,
      "sma50": 2.08976,
      "ema20": 1.831557589755521,
      "ema50": 2.004011446250912,
      "vwma20": 0,
      "hma21": 1.7251645021645026,
      "atr14": 0.13807142857142854,
      "atrPercentile": 0.02631578947368421,
      "rvolZ": 0,
      "rvolPercentile": 1,
      "mfi14": 50,
      "ppo": {
        "ppo": -4.488140336360386,
        "signal": -4.714478171730977,
        "histogram": 0.2263378353705905
      },
      "stochRsi": {
        "k": 50.86402466302942,
        "d": 42.697185148680376
      },
      "vprofile": {
        "vpBins": [
          0,
          0,
          0,
          0,
          0,
          0,
          0,
          0,
          0,
          0,
          0,
          0,
          0,
          0,
          0,
          0,
          0,
          0,
          0,
          0
        ],
        "currentBinShare": 0
      },
      "ttm": {
        "squeeze": false,
        "release": false,
        "widthPct": 26.212369461715433
      }
    }
  },
  "smaMin5": 1.7046,
  "emaMin5": 1.7050826835860298,
  "vwmaMin5": 1.7011733686301327,
  "hmaMin5": 1.6936883116883117,
  "keltner15": {
    "upper": 1.7198204195040652,
    "middle": 1.7091704195040651,
    "lower": 1.698520419504065
  },
  "superTrend15": {
    "isBull": false,
    "finalUpper": 1.7118000000000002,
    "finalLower": 1.6692
  },
  "mfi15": 12.988664030052988,
  "stochRsi15": {
    "k": 18.541376684087975,
    "d": 34.42171569582441
  },
  "ppo15": {
    "ppo": -0.7983754173313989,
    "signal": -0.7889455576167891,
    "histogram": -0.009429859714609856
  },
  "vpMin15": {
    "vpBins": [
      0.06976967336673144,
      0.009269573084962957,
      0.0869834264525712,
      0.02355313949455516,
      0.1352195752294427,
      0.15956517368716713,
      0.13609971535954365,
      0.025994708127749372,
      0.029424163921558256,
      0.025851774511807524,
      0.028220972897675223,
      0.026791541639377255,
      0.07291459331297014,
      0.15955347652498425,
      0.010788492388903826,
      0,
      0,
      0,
      0,
      0
    ],
    "currentBinShare": 0.06976967336673144
  },
  "ttm15": {
    "squeeze": false,
    "release": false,
    "widthPct": 2.4210438830655265
  },
  "marketCorrelation": {
    "hourly": {
      "btcCorrelation": 0,
      "ethCorrelation": 0,
      "btcBeta": 1,
      "ethBeta": 1,
      "btcTrend": "UNKNOWN",
      "ethTrend": "UNKNOWN",
      "tokenVol": 0,
      "btcVol": 0,
      "ethVol": 0,
      "marketDependence": 0,
      "verdict": "INSUFFICIENT_DATA"
    },
    "min15": {
      "btcCorrelation": 0,
      "ethCorrelation": 0,
      "btcBeta": 1,
      "ethBeta": 1,
      "btcTrend": "UNKNOWN",
      "ethTrend": "UNKNOWN",
      "tokenVol": 0,
      "btcVol": 0,
      "ethVol": 0,
      "marketDependence": 0,
      "verdict": "INSUFFICIENT_DATA"
    },
    "daily": {
      "btcCorrelation": 0,
      "ethCorrelation": 0,
      "btcBeta": 1,
      "ethBeta": 1,
      "btcTrend": "UNKNOWN",
      "ethTrend": "UNKNOWN",
      "tokenVol": 0,
      "btcVol": 0,
      "ethVol": 0,
      "marketDependence": 0,
      "verdict": "INSUFFICIENT_DATA"
    }
  },
  "tradeTape": {
    "totalTrades": 0,
    "totalVolume": 0,
    "buysVolume": 0,
    "sellsVolume": 0,
    "buySellRatio": 0.5,
    "vwap": 0,
    "signedVolume": 0,
    "avgTradeSize": 0,
    "tradesPerSec": 0,
    "cumulativeDelta": 0,
    "tradesLast1m": 0,
    "tradesLast5m": 0,
    "tradesLast15m": 0,
    "tradesLast1h": 0,
    "buyVWAP": 0,
    "sellVWAP": 0,
    "aggressorVWAP": 0,
    "bucketDurationMs": 60000,
    "bucketCount": 15,
    "bucketSignedVolumes": [],
    "bucketVolumes": [],
    "bucketVWAPs": [],
    "latestBucketSignedZ": 0
  },
  "enhancedMetrics": {
    "relativeVolumeZScore": -1,
    "volumePercentile": 40,
    "atrPercentile": 0.7299270072992701,
    "volatilityPercentile": 68.35443037974683,
    "relativeVolatilityRatio": 0.5079538572735044,
    "isHighVolume": false,
    "isHighVolatility": false,
    "isLowVolatility": false,
    "isExpandingVolatility": false,
    "isContractingVolatility": true
  },
  "orderBook": {
    "bidAskSpread": 0,
    "spreadPct": 0,
    "midPrice": 0,
    "bestBid": 0,
    "bestAsk": 0,
    "bidDepth": 0,
    "askDepth": 0,
    "orderBookImbalance": 0,
    "liquidityScore": 0,
    "depthAt1Pct": {
      "bidVolume": 0,
      "askVolume": 0,
      "imbalance": 0
    },
    "depthAt2Pct": {
      "bidVolume": 0,
      "askVolume": 0,
      "imbalance": 0
    },
    "depthAt5Pct": {
      "bidVolume": 0,
      "askVolume": 0,
      "imbalance": 0
    },
    "weightedMidPrice": 0,
    "volumeWeightedSpread": 0,
    "totalBidLevels": 0,
    "totalAskLevels": 0
  },
  "marketCap": {
    "marketCap": 0,
    "totalVolume24h": 0,
    "volumeToMarketCapRatio": 0,
    "marketCapRank": 0,
    "normalizedRank": 0,
    "isHighLiquidity": false,
    "isVeryHighLiquidity": false,
    "isLowLiquidity": true,
    "liquidityTier": "VERY_LOW"
  },
  "sweeps": {
    "sweepScore": 0,
    "sweepCount": 0,
    "sweepDirection": "NEUTRAL",
    "buySweeps": 0,
    "sellSweeps": 0,
    "avgSweepSize": 0,
    "avgSweepIntensity": 0,
    "bidLiftRatio": 0,
    "askLiftRatio": 0,
    "sweepFrequency": 0,
    "largestSweep": null,
    "recentSweepClusters": 0,
    "sweepDetails": []
  },
  "absorption": {
    "absorptionScore": 0,
    "absorptionLevel": null,
    "absorptionSide": "NONE",
    "icebergProbability": 0,
    "hiddenLiquidityEstimate": 0,
    "volumeAtPrice": {},
    "topAbsorptionLevels": [],
    "persistenceDuration": 0,
    "refillDetected": false
  },
  "orderArrival": {
    "avgInterArrivalTime": 0,
    "recentInterArrivalTime": 0,
    "accelerationRatio": 1,
    "hawkesIntensity": 0,
    "hawkesDirection": "NEUTRAL",
    "clusteringScore": 0,
    "burstCount": 0,
    "cascadeDetected": false,
    "timeToNextTrade": 0,
    "accelerationTrend": "STABLE"
  },
  "liquidityVacuum": {
    "vacuumScore": 0,
    "vacuumSide": "NONE",
    "bidVacuumSeverity": 0,
    "askVacuumSeverity": 0,
    "depthConcentration": 0,
    "priceImpact10k": 0,
    "priceImpact50k": 0,
    "priceImpact100k": 0,
    "largestGapBid": 0,
    "largestGapAsk": 0,
    "avgGapBid": 0,
    "avgGapAsk": 0,
    "bidCliffDistance": 0,
    "askCliffDistance": 0
  },
  "volatilityRegime": {
    "regime": "BELOW_NORMAL",
    "regimeScore": -0.5,
    "currentATR": 0.137231,
    "avgATR": 0.269874,
    "atrPercentile": 2.6,
    "realizedVolatility": 98.92,
    "volPercentile": 76.3,
    "expanding": false,
    "contracting": true,
    "transitionProbability": 0.7,
    "daysInRegime": 1,
    "regimeStrength": 0.05
  },
  "temporalPatterns": {
    "currentHour": 19,
    "currentDay": 0,
    "currentDayName": "Sunday",
    "dayBias": "NEUTRAL",
    "hourlyProfile": [
      {
        "avgVolume": 1356,
        "avgATR": 0.021214,
        "avgReturn": 0.217
      },
      {
        "avgVolume": 1970.86,
        "avgATR": 0.022714,
        "avgReturn": 0.135
      },
      {
        "avgVolume": 761.15,
        "avgATR": 0.014857,
        "avgReturn": -0.003
      },
      {
        "avgVolume": 2133.64,
        "avgATR": 0.022462,
        "avgReturn": -0.053
      },
      {
        "avgVolume": 1742.74,
        "avgATR": 0.016167,
        "avgReturn": -0.354
      },
      {
        "avgVolume": 1536.6,
        "avgATR": 0.0205,
        "avgReturn": -0.658
      },
      {
        "avgVolume": 1074.81,
        "avgATR": 0.014077,
        "avgReturn": -0.078
      },
      {
        "avgVolume": 2737.74,
        "avgATR": 0.025867,
        "avgReturn": -0.244
      },
      {
        "avgVolume": 1849.97,
        "avgATR": 0.015714,
        "avgReturn": -0.094
      },
      {
        "avgVolume": 1057.52,
        "avgATR": 0.015091,
        "avgReturn": 0.065
      },
      {
        "avgVolume": 1525.51,
        "avgATR": 0.022357,
        "avgReturn": 0.148
      },
      {
        "avgVolume": 1156.57,
        "avgATR": 0.014533,
        "avgReturn": 0.009
      },
      {
        "avgVolume": 1441.74,
        "avgATR": 0.017333,
        "avgReturn": 0.026
      },
      {
        "avgVolume": 2864.37,
        "avgATR": 0.0184,
        "avgReturn": -0.134
      },
      {
        "avgVolume": 2239.86,
        "avgATR": 0.0268,
        "avgReturn": -0.145
      },
      {
        "avgVolume": 1864.27,
        "avgATR": 0.0232,
        "avgReturn": -0.276
      },
      {
        "avgVolume": 2027.75,
        "avgATR": 0.021857,
        "avgReturn": -0.112
      },
      {
        "avgVolume": 3022.46,
        "avgATR": 0.032,
        "avgReturn": 0.051
      },
      {
        "avgVolume": 2567.1,
        "avgATR": 0.030143,
        "avgReturn": -0.123
      },
      {
        "avgVolume": 1966.36,
        "avgATR": 0.027,
        "avgReturn": -0.072
      },
      {
        "avgVolume": 2066.14,
        "avgATR": 0.022357,
        "avgReturn": -0.073
      },
      {
        "avgVolume": 1277.4,
        "avgATR": 0.024714,
        "avgReturn": 0.333
      },
      {
        "avgVolume": 1238.08,
        "avgATR": 0.017929,
        "avgReturn": -0.394
      },
      {
        "avgVolume": 1956.05,
        "avgATR": 0.021429,
        "avgReturn": 0.514
      }
    ],
    "dailyProfile": [
      {
        "avgVolume": 1199.05,
        "avgATR": 0.014261,
        "avgReturn": -0.165
      },
      {
        "avgVolume": 1985.78,
        "avgATR": 0.022936,
        "avgReturn": 0.192
      },
      {
        "avgVolume": 2760.17,
        "avgATR": 0.031193,
        "avgReturn": -0.433
      },
      {
        "avgVolume": 1663.14,
        "avgATR": 0.01687,
        "avgReturn": 0.159
      },
      {
        "avgVolume": 1575.82,
        "avgATR": 0.019311,
        "avgReturn": -0.035
      },
      {
        "avgVolume": 2060.66,
        "avgATR": 0.024167,
        "avgReturn": -0.089
      },
      {
        "avgVolume": 1269.07,
        "avgATR": 0.017761,
        "avgReturn": 0.071
      }
    ],
    "favorableHours": [
      17,
      13,
      7,
      18,
      14,
      3
    ],
    "favorableWindow": false,
    "currentVsAvgVolume": 0,
    "currentVsAvgVolatility": 0,
    "anomalyDetected": true,
    "timeUntilFavorable": 8,
    "temporalScore": 0
  },
  "unifiedMicrostructure": {
    "signalDirections": {
      "vpin": "NEUTRAL",
      "sweeps": "NEUTRAL",
      "absorption": "NEUTRAL",
      "arrival": "NEUTRAL",
      "vacuum": "NONE",
      "volRegime": "FAVORABLE",
      "temporal": "UNFAVORABLE"
    },
    "consensusDirection": "NEUTRAL",
    "consensusStrength": 50,
    "bullishSignals": 1,
    "bearishSignals": 1,
    "neutralSignals": 0,
    "totalAvailableSignals": 2,
    "dominantPattern": "NONE",
    "clusters": {
      "strongBuyCluster": false,
      "distributionPattern": false,
      "accumulationPattern": false,
      "momentumCascade": false
    },
    "adaptiveWeights": {
      "vpin": 0,
      "sweeps": 0,
      "absorption": 0,
      "arrival": 0,
      "vacuum": 0,
      "volRegime": 0.021,
      "temporal": 0.02
    },
    "convictionLevel": "LOW",
    "convictionScore": 30,
    "riskAdjustment": "REDUCE",
    "timingQuality": "UNFAVORABLE",
    "signalQuality": "LOW"
  },
  "deltaAnalysis": {
    "currentDelta": 0,
    "cumulativeDelta": 0,
    "deltaPerVolume": 0,
    "deltaDirection": "NEUTRAL",
    "deltaDivergence": false,
    "institutionalRatio": 0,
    "aggressionScore": 0
  },
  "volumeProfile": {
    "pointOfControl": 0,
    "valueAreaHigh": 0,
    "valueAreaLow": 0,
    "currentPosition": "ABOVE_VALUE_AREA",
    "volumeNodes": [],
    "airPockets": []
  },
  "momentumCascade": {
    "cascadeDetected": false,
    "alignmentScore": -0.009433821658760515,
    "cascadeStrength": 0,
    "acceleratingTimeframes": [],
    "divergingTimeframes": [
      "1m",
      "5m",
      "15m",
      "1h"
    ]
  },
  "breakoutConfirmation": {
    "breakoutConfirmed": false,
    "volumeConfirmation": false,
    "retestStrength": 0,
    "falseBreakoutRisk": 0,
    "breakoutQuality": "NO_BREAKOUT"
  },
  "liquidityHeatmap": {
    "liquidityScore": 0,
    "magnetDirection": "NONE",
    "magnetStrength": 0,
    "priceTarget5pct": null,
    "message": "No order book data"
  },
  "smartMoneyDivergence": {
    "divergenceDetected": false,
    "divergenceDirection": "NONE",
    "smartMoneyScore": 0.5,
    "message": "Insufficient trade data"
  },
  "microstructure": {
    "raw": 0.011903815947519169,
    "pct": 50,
    "summary": {
      "latestBucketSignedZ": 0,
      "buySellRatio": 0.5,
      "tradesPerSec": 0,
      "vwap": 0,
      "aggressorVWAP": 0,
      "vpinToxicity": "UNKNOWN",
      "sweepDirection": "NEUTRAL",
      "absorptionSide": "NONE",
      "icebergDetected": false,
      "hawkesDirection": "NEUTRAL",
      "cascadeDetected": false,
      "vacuumSide": "NONE",
      "volatilityRegime": "BELOW_NORMAL",
      "volExpanding": false,
      "favorableTimeWindow": false,
      "temporalAnomaly": true,
      "consensusDirection": "NEUTRAL",
      "consensusStrength": 50,
      "dominantPattern": "NONE",
      "convictionLevel": "LOW",
      "riskAdjustment": "REDUCE",
      "timingQuality": "UNFAVORABLE",
      "deltaDirection": "NEUTRAL",
      "deltaDivergence": false,
      "institutionalRatio": 0,
      "volumeProfilePosition": "ABOVE_VALUE_AREA",
      "pointOfControl": 0,
      "momentumCascadeDetected": false,
      "cascadeStrength": 0,
      "breakoutQuality": "NO_BREAKOUT",
      "breakoutConfirmed": false,
      "magnetDirection": "NONE",
      "magnetStrength": 0,
      "priceTarget5pct": null,
      "nearestBidWall": 0,
      "nearestAskWall": 0,
      "divergenceDetected": false,
      "divergenceDirection": "NONE",
      "whaleAccumulation": false,
      "whaleDistribution": false,
      "retailPanic": false,
      "smartMoneyScore": 0.5
    }
  }
}

=== MICROSTRUCTURE ALERTS ===

🔬 VPIN: Insufficient data for VPIN analysis

🌊 SWEEP DETECTION: No significant sweeps detected

🧊 ABSORPTION & ICEBERG: No significant absorption or iceberg orders detected

⚡ ORDER ARRIVAL DYNAMICS: Insufficient trades for analysis

🌪️ LIQUIDITY VACUUM: No significant vacuum detected

📊 VOLATILITY REGIME DETECTION:
   Current Regime: BELOW_NORMAL
   Regime Score: -0.50 (-1=low vol, +1=extreme vol)
   Days in Regime: 1
   ATR: $0.137231 (avg: $0.269874)
   ATR Percentile: 2.6%
   Realized Volatility: 98.92% (annualized)
   Vol Percentile: 76.3%

   🟢 BELOW NORMAL VOLATILITY:
   ⚡ Consolidation phase - watch for expansion
   ✅ Good entry zone for patient trades

   📉 VOLATILITY CONTRACTING:
   🔄 Consolidation phase - accumulation likely
   ⏳ Wait for expansion before entering

   ⚠️ HIGH REGIME TRANSITION PROBABILITY: 70%
   Market near regime boundary - expect volatility shift soon

   ⚠️ NEW REGIME: Only 1 day(s) - conditions still settling

⏰ TEMPORAL PATTERN ANALYSIS:
   Current Time: Sunday 19:00 UTC
   Day Bias: NEUTRAL
   Current vs Avg Volume: 0x
   Current vs Avg Volatility: 0x

   ⏳ NON-FAVORABLE TIME WINDOW:
   This hour typically shows weaker activity
   Next favorable window in 8 hour(s)

   ⚠️ LOW ACTIVITY ANOMALY:
   Volume 0x below typical - Extremely quiet

   📉 LOW VOLATILITY ANOMALY:
   Volatility 0x below typical - Consolidation likely

   🔥 Best Trading Hours (UTC): 17:00, 13:00, 7:00

🎯 UNIFIED MICROSTRUCTURE INTEGRATION:
   Signal Consensus: NEUTRAL (50% agreement)
   Available Signals: 2 (1 bullish / 1 bearish / 0 neutral)
   Conviction Level: LOW (30%)
   Signal Quality: LOW
   Risk Adjustment: REDUCE
   Timing Quality: UNFAVORABLE

   ⚠️ LOW CONVICTION: Only 50% signal agreement
   Weak alignment - Reduce position size or wait for clarity

   ⚠️ RISK REDUCTION RECOMMENDED: Extreme volatility or unfavorable timing detected

   ⏰ UNFAVORABLE TIMING: Avoid trading during this hour

   Signal Directions Breakdown:
   • VPIN: NEUTRAL
   • Sweeps: NEUTRAL
   • Absorption: NEUTRAL
   • Arrival Dynamics: NEUTRAL
   • Liquidity Vacuum: NONE
   • Vol Regime: FAVORABLE
   • Temporal: UNFAVORABLE

   Adaptive Weights (Total: 4.1%):
   • VPIN: 0.0%
   • Sweeps: 0.0%
   • Absorption: 0.0%
   • Arrival: 0.0%
   • Vacuum: 0.0%
   • Vol Regime: 2.1%
   • Temporal: 2.0%


💹 DELTA ANALYSIS (Order Flow Aggression):
   Direction: NEUTRAL
   Delta Per Volume: 0.00%
   Institutional Ratio: 0.0%
   Aggression Score: 0.0%

📊 VOLUME PROFILE (Support/Resistance Strength):
   Point of Control (POC): $0.000000
   Value Area High: $0.000000
   Value Area Low: $0.000000
   Current Position: ABOVE_VALUE_AREA
   ⚠️ DISTRIBUTION RISK: Price above value area - potential rejection zone

⚡ MOMENTUM CASCADE (Multi-Timeframe Alignment):
   Cascade Detected: NO
   Alignment Score: -0.9%
   Cascade Strength: 0.0%
   Accelerating: None
   Diverging: 1m, 5m, 15m, 1h

💥 BREAKOUT CONFIRMATION:
   Quality: NO_BREAKOUT
   Volume Confirmation: NO
   Retest Strength: 0.0%
   False Breakout Risk: 0.0%
   No breakout detected - price below resistance


levels:
Entry=1.684624, StopLoss=1.6425083999999999, TakeProfit=1.6965002, 1.7083764000000001, 1.71787736

---

=== Token: HONEY (HONEY) ===
Contract: HONEY-USD
Timestamp: 2025-02-18T16:10:00.000Z

Calculations:
{
  "momentumScore": 16.852297008547485,
  "volumeScore": 10.160432709937664,
  "patternScore": 25.00916256337256,
  "totalScore": 13.399537398308722,
  "finalScore": 0,
  "weights": "0.23,0.45,0.23",
  "hourlyUptrend": false,
  "rsi": 33.33333333333373,
  "ultraShortVolumeSurge": 0.9419584325484318,
  "baseVolumeSurge": 0.020050618817641114,
  "currentPrice": 0.0405,
  "resistance": 0.0416,
  "support": 0.0402,
  "rocMin5": 0,
  "shortROC": 0,
  "priceAcceleration": 0.0000015279305708349898,
  "buySellRatio": 0.2052042531713157,
  "macdHistogram": -0.00018917542928076296,
  "stochasticK": 21.42857142857157,
  "atr": 0.00017857142857142922,
  "bbUpper": 0.04191090312311363,
  "bbLower": 0.04024909687688635,
  "hammerDetected": true,
  "engulfingDetected": false,
  "compressionSpring": {
    "detected": true,
    "confidence": 66,
    "signals": {
      "sidewaysPrice": true,
      "atrCompression": true,
      "bbSqueeze": true,
      "consolidationTime": true,
      "strongBuying": false,
      "obvPositive": false,
      "chaikinPositive": false,
      "rsiNeutral": false,
      "volumeBuilding": true
    },
    "metrics": {
      "priceRange": 3.48,
      "atrRatio": 0.694,
      "bbWidth": 4.05,
      "volumeRatio": 1.056,
      "signalCount": 5,
      "buySellRatio": 0.205
    }
  },
  "riskTier": "LOW",
  "atrPercent": 0.6878306878306842,
  "distanceToResistance": 2.7160493827160415,
  "slPercent": 2.5,
  "tpPercent": 2.3086419753086354,
  "trailingActivation": 1.385185185185181,
  "shortMomentumScore": 50,
  "overboughtScore": 0,
  "shortPatternScore": 0,
  "shootingStarDetected": false,
  "bearishEngulfingDetected": false,
  "eveningStarDetected": false,
  "bearishPatternsCount": 0,
  "shortTotalScore": 20,
  "chaikin": 0.2294575342385254,
  "obvIncreasing": false,
  "obvTrend": "declining",
  "adx": 68.42105263157889,
  "recentCandles": {
    "redCount": 2,
    "greenCount": 8
  },
  "resistanceDistance": 2.7160493827160415,
  "multiplePatterns": false,
  "bullishPattern": true,
  "priceAboveVWAP": false,
  "breakingResistance": false,
  "atrSufficient": false,
  "macdDivergenceBearish": false,
  "rvolMin1": -0.1695573873000506,
  "rvolMin5": -0.4306495121448083,
  "atrPercentileOld": 0.4146341463414634,
  "vwapDeviation": -0.9598111185517529,
  "bbWidthPercent": 4.045292712335144,
  "bbSqueeze": false,
  "multiTFMomentum": {
    "min1": {
      "roc1": 0,
      "roc3": 0
    },
    "min5": {
      "roc1": 0,
      "roc3": 0.0024752475247525464
    },
    "min15": {
      "roc1": 0.0024752475247525464,
      "roc3": 0.0024752475247525464
    },
    "hourly": {
      "roc1": -0.007425742574257467,
      "roc3": -0.03140096618357494
    },
    "fourHour": {
      "roc1": -0.03605769230769234,
      "roc3": -0.024330900243309025
    },
    "divergenceShortUpLongDown": false
  },
  "returnZMin5": -0.013014566267077327,
  "wickClosePct": 1,
  "wickUpper": 0,
  "wickLower": 0.0001999999999999988,
  "wickRatio": 1,
  "donchianBreakout15": false,
  "bbWidthPercentile15": 0.7532467532467533,
  "signedMin5": 203933.30000000005,
  "signedMin5Z": 7.9797337386961775,
  "signedMin1": -93955.10000000005,
  "signedMin1Z": -4.998874857152165,
  "streakMin1": {
    "upStreak": 0,
    "downStreak": 0
  },
  "streakMin5": {
    "upStreak": 0,
    "downStreak": 0
  },
  "rvolPercentileMin1": 0.33402777777777776,
  "rvolPercentileMin5": 0.05555555555555555,
  "perTfMetrics": {
    "min1": {
      "sma20": 0.04045999999999999,
      "sma50": 0.040451999999999995,
      "ema20": 0.04046730405407275,
      "ema50": 0.04050288204144565,
      "vwma20": 0.04044732437649376,
      "hma21": 0.040488311688311684,
      "atr14": 0.00006428571428571414,
      "atrPercentile": 0.7537764350453172,
      "rvolZ": -0.1695573873000506,
      "rvolPercentile": 0.33402777777777776,
      "mfi14": 23.18952505145053,
      "ppo": {
        "ppo": 0.019673767825656434,
        "signal": -0.00246056784813808,
        "histogram": 0.022134335673794515
      },
      "stochRsi": {
        "k": 100,
        "d": 56.666666666666856
      },
      "vprofile": {
        "vpBins": [
          0,
          0,
          0.16184524112102683,
          0,
          0.15844635850682648,
          0.03291068834133465,
          0,
          0.2776484124066234,
          0,
          0,
          0.02132898216462171,
          0,
          0.020209320690433775,
          0,
          0.005112879372694032,
          0.11667930601972093,
          0,
          0.15972383949459928,
          0.03331868429358922,
          0.012776287588529656
        ],
        "currentBinShare": 0.15844635850682648
      },
      "ttm": {
        "squeeze": false,
        "release": false,
        "widthPct": 0.5764658324117955
      }
    },
    "min5": {
      "sma20": 0.04059499999999999,
      "sma50": 0.041083999999999996,
      "ema20": 0.04063741404916571,
      "ema50": 0.040860540716820846,
      "vwma20": 0.04059229425476336,
      "hma21": 0.04028051948051948,
      "atr14": 0.00017857142857142922,
      "atrPercentile": 0.8065693430656934,
      "rvolZ": -0.4306495121448083,
      "rvolPercentile": 0.05555555555555555,
      "mfi14": 26.168398734709967,
      "ppo": {
        "ppo": -0.4643879083976534,
        "signal": -0.49978471860595636,
        "histogram": 0.03539681020830293
      },
      "stochRsi": {
        "k": 100,
        "d": 28.888888888889245
      },
      "vprofile": {
        "vpBins": [
          0,
          0,
          0.018981680153364194,
          0.039219084884559705,
          0.05352204996205681,
          0.12589074677223425,
          0.08015999078132895,
          0.06410345563108709,
          0.010490549598060355,
          0,
          0.051676585919464633,
          0.12262067337548534,
          0.09200811211117549,
          0.03181066914804337,
          0.058497683955267624,
          0.025223444325973166,
          0.029667993447398424,
          0.15959012574943282,
          0.025571433190648855,
          0.0109657209944189
        ],
        "currentBinShare": 0.06410345563108709
      },
      "ttm": {
        "squeeze": false,
        "release": false,
        "widthPct": 2.101231000087301
      }
    },
    "min15": {
      "sma20": 0.04107999999999999,
      "sma50": 0.040824000000000006,
      "ema20": 0.04087217002917007,
      "ema50": 0.04092006490216966,
      "vwma20": 0.04092077055528477,
      "hma21": 0.04071904761904761,
      "atr14": 0.0002785714285714271,
      "atrPercentile": 0.4146341463414634,
      "rvolZ": -0.1247615124715913,
      "rvolPercentile": 0.6354166666666666,
      "mfi14": 18.027853543159083,
      "ppo": {
        "ppo": -0.2629905341524988,
        "signal": 0.03295247153032181,
        "histogram": -0.2959430056828206
      },
      "stochRsi": {
        "k": 0,
        "d": 25.180598555211677
      },
      "vprofile": {
        "vpBins": [
          0,
          0.0124299186123294,
          0.0032679567139072955,
          0.08877013820684951,
          0,
          0.11120832892065709,
          0,
          0.10914503499727866,
          0,
          0.05385591688603992,
          0.10658968809975763,
          0,
          0.12288346423696767,
          0,
          0.14238516087431058,
          0.014338669388029522,
          0.09995813497928868,
          0.05664058643582739,
          0.05285041051089981,
          0.025676591137856683
        ],
        "currentBinShare": 0.10914503499727866
      },
      "ttm": {
        "squeeze": false,
        "release": false,
        "widthPct": 4.045292712335144
      }
    },
    "hourly": {
      "sma20": 0.04095,
      "sma50": 0.04114199999999999,
      "ema20": 0.04088769346381115,
      "ema50": 0.0411952404360911,
      "vwma20": 0.04088965192950933,
      "hma21": 0.04039783549783551,
      "atr14": 0.0005642857142857126,
      "atrPercentile": 0.15527950310559005,
      "rvolZ": -0.10526477095495558,
      "rvolPercentile": 0.6755952380952381,
      "mfi14": 29.321081971947407,
      "ppo": {
        "ppo": -0.4699745189820515,
        "signal": -0.3766424190333112,
        "histogram": -0.09333209994874031
      },
      "stochRsi": {
        "k": 19.262672811060067,
        "d": 40.054140519256805
      },
      "vprofile": {
        "vpBins": [
          0.04462033035015747,
          0.18908252254169725,
          0.11971654700194952,
          0.12533538566021213,
          0.0388172508346892,
          0.06671238356839596,
          0.025159864159906772,
          0.044702131704006505,
          0.06473699273883597,
          0.10630037317937067,
          0,
          0,
          0,
          0,
          0,
          0.1748162182607787,
          0,
          0,
          0,
          0
        ],
        "currentBinShare": 0.04462033035015747
      },
      "ttm": {
        "squeeze": false,
        "release": false,
        "widthPct": 5.01413929873918
      }
    },
    "fourHour": {
      "sma20": 0.041315000000000004,
      "sma50": 0.04230199999999999,
      "ema20": 0.04127024241886458,
      "ema50": 0.042460058189735556,
      "vwma20": 0.042191804205952525,
      "hma21": 0.04055064935064936,
      "atr14": 0.0014499999999999995,
      "atrPercentile": 0.34285714285714286,
      "rvolZ": -0.323262543807243,
      "rvolPercentile": 0.38095238095238093,
      "mfi14": 47.26402531381205,
      "ppo": {
        "ppo": -1.151520448180615,
        "signal": -1.1160699777363625,
        "histogram": -0.035450470444252424
      },
      "stochRsi": {
        "k": 16.130980208820265,
        "d": 36.03432109542976
      },
      "vprofile": {
        "vpBins": [
          0.030628971063780087,
          0.17298189363448516,
          0.12215295702810718,
          0.044445519043340674,
          0,
          0.09268077585925691,
          0.07954839443102575,
          0.08657515779108767,
          0.03631488562021815,
          0.22904838356871088,
          0.04920479923806463,
          0.029303432041766865,
          0.027114830680156025,
          0,
          0,
          0,
          0,
          0,
          0,
          0
        ],
        "currentBinShare": 0.030628971063780087
      },
      "ttm": {
        "squeeze": true,
        "release": false,
        "widthPct": 8.546683197738878
      }
    },
    "daily": {
      "sma20": 0.047485000000000006,
      "sma50": 0.06252199999999998,
      "ema20": 0.047676285677946656,
      "ema50": 0.058014959084715795,
      "vwma20": 0,
      "hma21": 0.03894415584415584,
      "atr14": 0.0060857142857142854,
      "atrPercentile": 0.02631578947368421,
      "rvolZ": 0,
      "rvolPercentile": 1,
      "mfi14": 50,
      "ppo": {
        "ppo": -11.850303244121156,
        "signal": -11.635621228879842,
        "histogram": -0.2146820152413138
      },
      "stochRsi": {
        "k": 100,
        "d": 36.25504864789428
      },
      "vprofile": {
        "vpBins": [
          0,
          0,
          0,
          0,
          0,
          0,
          0,
          0,
          0,
          0,
          0,
          0,
          0,
          0,
          0,
          0,
          0,
          0,
          0,
          0
        ],
        "currentBinShare": 0
      },
      "ttm": {
        "squeeze": false,
        "release": false,
        "widthPct": 54.70439418805314
      }
    }
  },
  "smaMin5": 0.04059499999999999,
  "emaMin5": 0.04063741404916571,
  "vwmaMin5": 0.04059229425476336,
  "hmaMin5": 0.04028051948051948,
  "keltner15": {
    "upper": 0.041307170029170066,
    "middle": 0.04087217002917007,
    "lower": 0.04043717002917007
  },
  "superTrend15": {
    "isBull": true,
    "finalUpper": 0.041269999999999994,
    "finalLower": 0.03953
  },
  "mfi15": 18.027853543159083,
  "stochRsi15": {
    "k": 0,
    "d": 25.180598555211677
  },
  "ppo15": {
    "ppo": -0.2629905341524988,
    "signal": 0.03295247153032181,
    "histogram": -0.2959430056828206
  },
  "vpMin15": {
    "vpBins": [
      0,
      0.0124299186123294,
      0.0032679567139072955,
      0.08877013820684951,
      0,
      0.11120832892065709,
      0,
      0.10914503499727866,
      0,
      0.05385591688603992,
      0.10658968809975763,
      0,
      0.12288346423696767,
      0,
      0.14238516087431058,
      0.014338669388029522,
      0.09995813497928868,
      0.05664058643582739,
      0.05285041051089981,
      0.025676591137856683
    ],
    "currentBinShare": 0.10914503499727866
  },
  "ttm15": {
    "squeeze": false,
    "release": false,
    "widthPct": 4.045292712335144
  },
  "marketCorrelation": {
    "hourly": {
      "btcCorrelation": 0,
      "ethCorrelation": 0,
      "btcBeta": 1,
      "ethBeta": 1,
      "btcTrend": "UNKNOWN",
      "ethTrend": "UNKNOWN",
      "tokenVol": 0,
      "btcVol": 0,
      "ethVol": 0,
      "marketDependence": 0,
      "verdict": "INSUFFICIENT_DATA"
    },
    "min15": {
      "btcCorrelation": 0,
      "ethCorrelation": 0,
      "btcBeta": 1,
      "ethBeta": 1,
      "btcTrend": "UNKNOWN",
      "ethTrend": "UNKNOWN",
      "tokenVol": 0,
      "btcVol": 0,
      "ethVol": 0,
      "marketDependence": 0,
      "verdict": "INSUFFICIENT_DATA"
    },
    "daily": {
      "btcCorrelation": 0,
      "ethCorrelation": 0,
      "btcBeta": 1,
      "ethBeta": 1,
      "btcTrend": "UNKNOWN",
      "ethTrend": "UNKNOWN",
      "tokenVol": 0,
      "btcVol": 0,
      "ethVol": 0,
      "marketDependence": 0,
      "verdict": "INSUFFICIENT_DATA"
    }
  },
  "tradeTape": {
    "totalTrades": 0,
    "totalVolume": 0,
    "buysVolume": 0,
    "sellsVolume": 0,
    "buySellRatio": 0.5,
    "vwap": 0,
    "signedVolume": 0,
    "avgTradeSize": 0,
    "tradesPerSec": 0,
    "cumulativeDelta": 0,
    "tradesLast1m": 0,
    "tradesLast5m": 0,
    "tradesLast15m": 0,
    "tradesLast1h": 0,
    "buyVWAP": 0,
    "sellVWAP": 0,
    "aggressorVWAP": 0,
    "bucketDurationMs": 60000,
    "bucketCount": 15,
    "bucketSignedVolumes": [],
    "bucketVolumes": [],
    "bucketVWAPs": [],
    "latestBucketSignedZ": 0
  },
  "enhancedMetrics": {
    "relativeVolumeZScore": -1,
    "volumePercentile": 40,
    "atrPercentile": 81.38686131386861,
    "volatilityPercentile": 11.708860759493671,
    "relativeVolatilityRatio": 0.7226137316573725,
    "isHighVolume": false,
    "isHighVolatility": false,
    "isLowVolatility": true,
    "isExpandingVolatility": false,
    "isContractingVolatility": true
  },
  "orderBook": {
    "bidAskSpread": 0,
    "spreadPct": 0,
    "midPrice": 0,
    "bestBid": 0,
    "bestAsk": 0,
    "bidDepth": 0,
    "askDepth": 0,
    "orderBookImbalance": 0,
    "liquidityScore": 0,
    "depthAt1Pct": {
      "bidVolume": 0,
      "askVolume": 0,
      "imbalance": 0
    },
    "depthAt2Pct": {
      "bidVolume": 0,
      "askVolume": 0,
      "imbalance": 0
    },
    "depthAt5Pct": {
      "bidVolume": 0,
      "askVolume": 0,
      "imbalance": 0
    },
    "weightedMidPrice": 0,
    "volumeWeightedSpread": 0,
    "totalBidLevels": 0,
    "totalAskLevels": 0
  },
  "marketCap": {
    "marketCap": 0,
    "totalVolume24h": 0,
    "volumeToMarketCapRatio": 0,
    "marketCapRank": 0,
    "normalizedRank": 0,
    "isHighLiquidity": false,
    "isVeryHighLiquidity": false,
    "isLowLiquidity": true,
    "liquidityTier": "VERY_LOW"
  },
  "sweeps": {
    "sweepScore": 0,
    "sweepCount": 0,
    "sweepDirection": "NEUTRAL",
    "buySweeps": 0,
    "sellSweeps": 0,
    "avgSweepSize": 0,
    "avgSweepIntensity": 0,
    "bidLiftRatio": 0,
    "askLiftRatio": 0,
    "sweepFrequency": 0,
    "largestSweep": null,
    "recentSweepClusters": 0,
    "sweepDetails": []
  },
  "absorption": {
    "absorptionScore": 0,
    "absorptionLevel": null,
    "absorptionSide": "NONE",
    "icebergProbability": 0,
    "hiddenLiquidityEstimate": 0,
    "volumeAtPrice": {},
    "topAbsorptionLevels": [],
    "persistenceDuration": 0,
    "refillDetected": false
  },
  "orderArrival": {
    "avgInterArrivalTime": 0,
    "recentInterArrivalTime": 0,
    "accelerationRatio": 1,
    "hawkesIntensity": 0,
    "hawkesDirection": "NEUTRAL",
    "clusteringScore": 0,
    "burstCount": 0,
    "cascadeDetected": false,
    "timeToNextTrade": 0,
    "accelerationTrend": "STABLE"
  },
  "liquidityVacuum": {
    "vacuumScore": 0,
    "vacuumSide": "NONE",
    "bidVacuumSeverity": 0,
    "askVacuumSeverity": 0,
    "depthConcentration": 0,
    "priceImpact10k": 0,
    "priceImpact50k": 0,
    "priceImpact100k": 0,
    "largestGapBid": 0,
    "largestGapAsk": 0,
    "avgGapBid": 0,
    "avgGapAsk": 0,
    "bidCliffDistance": 0,
    "askCliffDistance": 0
  },
  "volatilityRegime": {
    "regime": "BELOW_NORMAL",
    "regimeScore": -0.5,
    "currentATR": 0.0062,
    "avgATR": 0.007484,
    "atrPercentile": 2.6,
    "realizedVolatility": 116.94,
    "volPercentile": 42.4,
    "expanding": false,
    "contracting": false,
    "transitionProbability": 0.3,
    "daysInRegime": 1,
    "regimeStrength": 0.25
  },
  "temporalPatterns": {
    "currentHour": 19,
    "currentDay": 0,
    "currentDayName": "Sunday",
    "dayBias": "NEUTRAL",
    "hourlyProfile": [
      {
        "avgVolume": 1170447.69,
        "avgATR": 0.0011,
        "avgReturn": -0.722
      },
      {
        "avgVolume": 868785.88,
        "avgATR": 0.000986,
        "avgReturn": 0.611
      },
      {
        "avgVolume": 688894.02,
        "avgATR": 0.000993,
        "avgReturn": 0.125
      },
      {
        "avgVolume": 615389.66,
        "avgATR": 0.001007,
        "avgReturn": 0.519
      },
      {
        "avgVolume": 888798.78,
        "avgATR": 0.001007,
        "avgReturn": -0.907
      },
      {
        "avgVolume": 958228.39,
        "avgATR": 0.00095,
        "avgReturn": 0.065
      },
      {
        "avgVolume": 829780.01,
        "avgATR": 0.001671,
        "avgReturn": 0.112
      },
      {
        "avgVolume": 415457.3,
        "avgATR": 0.000714,
        "avgReturn": -0.674
      },
      {
        "avgVolume": 474348.89,
        "avgATR": 0.000757,
        "avgReturn": -0.046
      },
      {
        "avgVolume": 250742.59,
        "avgATR": 0.000529,
        "avgReturn": -0.012
      },
      {
        "avgVolume": 247975.74,
        "avgATR": 0.000564,
        "avgReturn": -0.092
      },
      {
        "avgVolume": 305690.51,
        "avgATR": 0.000629,
        "avgReturn": -0.026
      },
      {
        "avgVolume": 465161.85,
        "avgATR": 0.001043,
        "avgReturn": 0.157
      },
      {
        "avgVolume": 504983.05,
        "avgATR": 0.000907,
        "avgReturn": 0.169
      },
      {
        "avgVolume": 1043372.89,
        "avgATR": 0.0012,
        "avgReturn": -0.267
      },
      {
        "avgVolume": 803593.28,
        "avgATR": 0.001243,
        "avgReturn": -1.003
      },
      {
        "avgVolume": 671965.96,
        "avgATR": 0.000864,
        "avgReturn": -0.375
      },
      {
        "avgVolume": 510623.11,
        "avgATR": 0.000954,
        "avgReturn": 0.284
      },
      {
        "avgVolume": 617736.7,
        "avgATR": 0.000943,
        "avgReturn": -0.769
      },
      {
        "avgVolume": 731924.7,
        "avgATR": 0.001121,
        "avgReturn": 0.224
      },
      {
        "avgVolume": 595632.01,
        "avgATR": 0.001157,
        "avgReturn": -0.769
      },
      {
        "avgVolume": 408358.79,
        "avgATR": 0.000871,
        "avgReturn": -0.234
      },
      {
        "avgVolume": 677072.82,
        "avgATR": 0.001014,
        "avgReturn": 0.318
      },
      {
        "avgVolume": 2619137.69,
        "avgATR": 0.001579,
        "avgReturn": 1.785
      }
    ],
    "dailyProfile": [
      {
        "avgVolume": 680208.57,
        "avgATR": 0.000969,
        "avgReturn": -0.052
      },
      {
        "avgVolume": 463994.05,
        "avgATR": 0.000756,
        "avgReturn": 0.031
      },
      {
        "avgVolume": 392138.93,
        "avgATR": 0.000764,
        "avgReturn": -0.428
      },
      {
        "avgVolume": 469997.26,
        "avgATR": 0.00096,
        "avgReturn": -0.171
      },
      {
        "avgVolume": 1159397.27,
        "avgATR": 0.001135,
        "avgReturn": 0.563
      },
      {
        "avgVolume": 1435614.69,
        "avgATR": 0.001692,
        "avgReturn": -0.418
      },
      {
        "avgVolume": 460710.63,
        "avgATR": 0.000662,
        "avgReturn": 0.017
      }
    ],
    "favorableHours": [
      23,
      0,
      14,
      5,
      4,
      1
    ],
    "favorableWindow": false,
    "currentVsAvgVolume": 0,
    "currentVsAvgVolatility": 0,
    "anomalyDetected": true,
    "timeUntilFavorable": 4,
    "temporalScore": 0
  },
  "unifiedMicrostructure": {
    "signalDirections": {
      "vpin": "NEUTRAL",
      "sweeps": "NEUTRAL",
      "absorption": "NEUTRAL",
      "arrival": "NEUTRAL",
      "vacuum": "NONE",
      "volRegime": "FAVORABLE",
      "temporal": "UNFAVORABLE"
    },
    "consensusDirection": "NEUTRAL",
    "consensusStrength": 50,
    "bullishSignals": 1,
    "bearishSignals": 1,
    "neutralSignals": 0,
    "totalAvailableSignals": 2,
    "dominantPattern": "NONE",
    "clusters": {
      "strongBuyCluster": false,
      "distributionPattern": false,
      "accumulationPattern": false,
      "momentumCascade": false
    },
    "adaptiveWeights": {
      "vpin": 0,
      "sweeps": 0,
      "absorption": 0,
      "arrival": 0,
      "vacuum": 0,
      "volRegime": 0.021,
      "temporal": 0.02
    },
    "convictionLevel": "LOW",
    "convictionScore": 30,
    "riskAdjustment": "REDUCE",
    "timingQuality": "UNFAVORABLE",
    "signalQuality": "LOW"
  },
  "deltaAnalysis": {
    "currentDelta": 0,
    "cumulativeDelta": 0,
    "deltaPerVolume": 0,
    "deltaDirection": "NEUTRAL",
    "deltaDivergence": false,
    "institutionalRatio": 0,
    "aggressionScore": 0
  },
  "volumeProfile": {
    "pointOfControl": 0,
    "valueAreaHigh": 0,
    "valueAreaLow": 0,
    "currentPosition": "ABOVE_VALUE_AREA",
    "volumeNodes": [],
    "airPockets": []
  },
  "momentumCascade": {
    "cascadeDetected": false,
    "alignmentScore": -0.0073597608978720735,
    "cascadeStrength": 0,
    "acceleratingTimeframes": [],
    "divergingTimeframes": [
      "1m",
      "5m",
      "15m",
      "1h"
    ]
  },
  "breakoutConfirmation": {
    "breakoutConfirmed": false,
    "volumeConfirmation": false,
    "retestStrength": 0,
    "falseBreakoutRisk": 0,
    "breakoutQuality": "NO_BREAKOUT"
  },
  "liquidityHeatmap": {
    "liquidityScore": 0,
    "magnetDirection": "NONE",
    "magnetStrength": 0,
    "priceTarget5pct": null,
    "message": "No order book data"
  },
  "smartMoneyDivergence": {
    "divergenceDetected": false,
    "divergenceDirection": "NONE",
    "smartMoneyScore": 0.5,
    "message": "Insufficient trade data"
  },
  "microstructure": {
    "raw": -0.059148572484523695,
    "pct": 49,
    "summary": {
      "latestBucketSignedZ": 0,
      "buySellRatio": 0.5,
      "tradesPerSec": 0,
      "vwap": 0,
      "aggressorVWAP": 0,
      "vpinToxicity": "UNKNOWN",
      "sweepDirection": "NEUTRAL",
      "absorptionSide": "NONE",
      "icebergDetected": false,
      "hawkesDirection": "NEUTRAL",
      "cascadeDetected": false,
      "vacuumSide": "NONE",
      "volatilityRegime": "BELOW_NORMAL",
      "volExpanding": false,
      "favorableTimeWindow": false,
      "temporalAnomaly": true,
      "consensusDirection": "NEUTRAL",
      "consensusStrength": 50,
      "dominantPattern": "NONE",
      "convictionLevel": "LOW",
      "riskAdjustment": "REDUCE",
      "timingQuality": "UNFAVORABLE",
      "deltaDirection": "NEUTRAL",
      "deltaDivergence": false,
      "institutionalRatio": 0,
      "volumeProfilePosition": "ABOVE_VALUE_AREA",
      "pointOfControl": 0,
      "momentumCascadeDetected": false,
      "cascadeStrength": 0,
      "breakoutQuality": "NO_BREAKOUT",
      "breakoutConfirmed": false,
      "magnetDirection": "NONE",
      "magnetStrength": 0,
      "priceTarget5pct": null,
      "nearestBidWall": 0,
      "nearestAskWall": 0,
      "divergenceDetected": false,
      "divergenceDirection": "NONE",
      "whaleAccumulation": false,
      "whaleDistribution": false,
      "retailPanic": false,
      "smartMoneyScore": 0.5
    }
  }
}

=== MICROSTRUCTURE ALERTS ===

🔬 VPIN: Insufficient data for VPIN analysis

🌊 SWEEP DETECTION: No significant sweeps detected

🧊 ABSORPTION & ICEBERG: No significant absorption or iceberg orders detected

⚡ ORDER ARRIVAL DYNAMICS: Insufficient trades for analysis

🌪️ LIQUIDITY VACUUM: No significant vacuum detected

📊 VOLATILITY REGIME DETECTION:
   Current Regime: BELOW_NORMAL
   Regime Score: -0.50 (-1=low vol, +1=extreme vol)
   Days in Regime: 1
   ATR: $0.006200 (avg: $0.007484)
   ATR Percentile: 2.6%
   Realized Volatility: 116.94% (annualized)
   Vol Percentile: 42.4%

   🟢 BELOW NORMAL VOLATILITY:
   ⚡ Consolidation phase - watch for expansion
   ✅ Good entry zone for patient trades

   📍 MODERATE REGIME TRANSITION PROBABILITY: 30%
   Monitor for potential regime change

   ⚠️ NEW REGIME: Only 1 day(s) - conditions still settling

⏰ TEMPORAL PATTERN ANALYSIS:
   Current Time: Sunday 19:00 UTC
   Day Bias: NEUTRAL
   Current vs Avg Volume: 0x
   Current vs Avg Volatility: 0x

   ⏳ NON-FAVORABLE TIME WINDOW:
   This hour typically shows weaker activity
   Next favorable window in 4 hour(s)

   ⚠️ LOW ACTIVITY ANOMALY:
   Volume 0x below typical - Extremely quiet

   📉 LOW VOLATILITY ANOMALY:
   Volatility 0x below typical - Consolidation likely

   🔥 Best Trading Hours (UTC): 23:00, 0:00, 14:00

🎯 UNIFIED MICROSTRUCTURE INTEGRATION:
   Signal Consensus: NEUTRAL (50% agreement)
   Available Signals: 2 (1 bullish / 1 bearish / 0 neutral)
   Conviction Level: LOW (30%)
   Signal Quality: LOW
   Risk Adjustment: REDUCE
   Timing Quality: UNFAVORABLE

   ⚠️ LOW CONVICTION: Only 50% signal agreement
   Weak alignment - Reduce position size or wait for clarity

   ⚠️ RISK REDUCTION RECOMMENDED: Extreme volatility or unfavorable timing detected

   ⏰ UNFAVORABLE TIMING: Avoid trading during this hour

   Signal Directions Breakdown:
   • VPIN: NEUTRAL
   • Sweeps: NEUTRAL
   • Absorption: NEUTRAL
   • Arrival Dynamics: NEUTRAL
   • Liquidity Vacuum: NONE
   • Vol Regime: FAVORABLE
   • Temporal: UNFAVORABLE

   Adaptive Weights (Total: 4.1%):
   • VPIN: 0.0%
   • Sweeps: 0.0%
   • Absorption: 0.0%
   • Arrival: 0.0%
   • Vacuum: 0.0%
   • Vol Regime: 2.1%
   • Temporal: 2.0%


💹 DELTA ANALYSIS (Order Flow Aggression):
   Direction: NEUTRAL
   Delta Per Volume: 0.00%
   Institutional Ratio: 0.0%
   Aggression Score: 0.0%

📊 VOLUME PROFILE (Support/Resistance Strength):
   Point of Control (POC): $0.000000
   Value Area High: $0.000000
   Value Area Low: $0.000000
   Current Position: ABOVE_VALUE_AREA
   ⚠️ DISTRIBUTION RISK: Price above value area - potential rejection zone

⚡ MOMENTUM CASCADE (Multi-Timeframe Alignment):
   Cascade Detected: NO
   Alignment Score: -0.7%
   Cascade Strength: 0.0%
   Accelerating: None
   Diverging: 1m, 5m, 15m, 1h

💥 BREAKOUT CONFIRMATION:
   Quality: NO_BREAKOUT
   Volume Confirmation: NO
   Retest Strength: 0.0%
   False Breakout Risk: 0.0%
   No breakout detected - price below resistance


levels:
Entry=0.040419000000000004, StopLoss=0.039408525, TakeProfit=0.040885565, 0.04135213000000001, 0.041725382

---

=== Token: STRK (STRK) ===
Contract: STRK-USD
Timestamp: 2025-02-18T16:10:00.000Z

Calculations:
{
  "momentumScore": 52.70279374302616,
  "volumeScore": 73.2409567883953,
  "patternScore": 20.011276568099408,
  "totalScore": 48.82616927508604,
  "finalScore": 48.82616927508604,
  "weights": "0.23,0.45,0.23",
  "hourlyUptrend": false,
  "rsi": 33.33333333333333,
  "ultraShortVolumeSurge": 0.7333643272218832,
  "baseVolumeSurge": 0.021385845001947568,
  "currentPrice": 0.213,
  "resistance": 0.223,
  "support": 0.211,
  "rocMin5": 0.004716981132075476,
  "shortROC": -0.004672897196261686,
  "priceAcceleration": 0.0011959075845490042,
  "buySellRatio": 0.137690272716477,
  "macdHistogram": -0.0011494044119403554,
  "stochasticK": 16.666666666666664,
  "atr": 0.0015714285714285728,
  "bbUpper": 0.22458672380370537,
  "bbLower": 0.2131132761962946,
  "hammerDetected": false,
  "engulfingDetected": false,
  "compressionSpring": {
    "detected": false,
    "confidence": 0,
    "signals": {
      "sidewaysPrice": true,
      "atrCompression": true,
      "bbSqueeze": false,
      "consolidationTime": true,
      "strongBuying": false,
      "obvPositive": false,
      "chaikinPositive": false,
      "rsiNeutral": false,
      "volumeBuilding": false
    },
    "metrics": {
      "priceRange": 5.69,
      "atrRatio": 0.846,
      "bbWidth": 5.24,
      "volumeRatio": 0.851,
      "signalCount": 3,
      "buySellRatio": 0.138
    }
  },
  "riskTier": "MEDIUM",
  "atrPercent": 0.9725016767270299,
  "distanceToResistance": 4.694835680751178,
  "slPercent": 3,
  "tpPercent": 3.9906103286385015,
  "trailingActivation": 2.3943661971831007,
  "shortMomentumScore": 15,
  "overboughtScore": 0,
  "shortPatternScore": 0,
  "shootingStarDetected": false,
  "bearishEngulfingDetected": false,
  "eveningStarDetected": false,
  "bearishPatternsCount": 0,
  "shortTotalScore": 6,
  "chaikin": 0.31598682622144536,
  "obvIncreasing": true,
  "obvTrend": "increasing",
  "adx": 71.42857142857143,
  "recentCandles": {
    "redCount": 6,
    "greenCount": 4
  },
  "resistanceDistance": 4.694835680751178,
  "multiplePatterns": false,
  "bullishPattern": false,
  "priceAboveVWAP": false,
  "breakingResistance": false,
  "atrSufficient": false,
  "macdDivergenceBearish": false,
  "rvolMin1": -0.3260806997900825,
  "rvolMin5": -0.4433738539451252,
  "atrPercentileOld": 0.6951219512195121,
  "vwapDeviation": -5.006479983201966,
  "bbWidthPercent": 5.2426079997307555,
  "bbSqueeze": false,
  "multiTFMomentum": {
    "min1": {
      "roc1": 0.004694835680751178,
      "roc3": 0.014218009478672999
    },
    "min5": {
      "roc1": -0.004672897196261686,
      "roc3": 0.009478672985782
    },
    "min15": {
      "roc1": 0,
      "roc3": -0.009302325581395357
    },
    "hourly": {
      "roc1": -0.009478672985782,
      "roc3": -0.0542986425339367
    },
    "fourHour": {
      "roc1": -0.050000000000000044,
      "roc3": -0.07111111111111117
    },
    "divergenceShortUpLongDown": true
  },
  "returnZMin5": -0.732121163096339,
  "wickClosePct": 0,
  "wickUpper": 0,
  "wickLower": 0,
  "wickRatio": 0,
  "donchianBreakout15": false,
  "bbWidthPercentile15": 0.9090909090909091,
  "signedMin5": 189180.57,
  "signedMin5Z": 19.328621151971998,
  "signedMin1": 166558.46999999988,
  "signedMin1Z": 22.28411678096091,
  "streakMin1": {
    "upStreak": 1,
    "downStreak": 0
  },
  "streakMin5": {
    "upStreak": 0,
    "downStreak": 1
  },
  "rvolPercentileMin1": 0.5583333333333333,
  "rvolPercentileMin5": 0.4201388888888889,
  "perTfMetrics": {
    "min1": {
      "sma20": 0.21385000000000004,
      "sma50": 0.21743999999999994,
      "ema20": 0.21400359926621645,
      "ema50": 0.21636316094458222,
      "vwma20": 0.2135557652564422,
      "hma21": 0.21140692640692643,
      "atr14": 0.0011428571428571438,
      "atrPercentile": 0.973816717019134,
      "rvolZ": -0.3260806997900825,
      "rvolPercentile": 0.5583333333333333,
      "mfi14": 48.49848238537405,
      "ppo": {
        "ppo": -0.6760732053171423,
        "signal": -0.7654436037067152,
        "histogram": 0.08937039838957284
      },
      "stochRsi": {
        "k": 100,
        "d": 43.162393162393165
      },
      "vprofile": {
        "vpBins": [
          0.0076089876467661235,
          0.0037139647757911893,
          0.01680473483336689,
          0.010948318635485763,
          0.012517858771972581,
          0,
          0.01105985165537971,
          0.09196750752543423,
          0.04870937565834928,
          0,
          0.20138705762512638,
          0.16850303818412715,
          0.19599929593143264,
          0.006853461274270995,
          0.005540716859331287,
          0.00020504501694669852,
          0.03116728963292332,
          0.03563175524361663,
          0.13086445937039387,
          0.020517281359285208
        ],
        "currentBinShare": 0.010948318635485763
      },
      "ttm": {
        "squeeze": false,
        "release": false,
        "widthPct": 3.360344956412758
      }
    },
    "min5": {
      "sma20": 0.21635,
      "sma50": 0.21882,
      "ema20": 0.21555407539391927,
      "ema50": 0.21799973415983026,
      "vwma20": 0.21582063974738744,
      "hma21": 0.21065367965367976,
      "atr14": 0.0015714285714285728,
      "atrPercentile": 0.9051094890510949,
      "rvolZ": -0.4433738539451252,
      "rvolPercentile": 0.4201388888888889,
      "mfi14": 27.66253914260632,
      "ppo": {
        "ppo": -0.9136140215632683,
        "signal": -0.7818071055044454,
        "histogram": -0.1318069160588229
      },
      "stochRsi": {
        "k": 60.937499999999986,
        "d": 29.370915032679736
      },
      "vprofile": {
        "vpBins": [
          0.007870695079228857,
          0.013160376959686595,
          0.0063943577583860075,
          0.011409890568507957,
          0,
          0.005681713765160482,
          0.07055917055590122,
          0.016728986895419407,
          0.15017906218407936,
          0.11880652442640463,
          0.14423738686301102,
          0.02249659727361193,
          0.04047139581171072,
          0.05941367782047116,
          0.02632903711321973,
          0.10013278720546805,
          0.07021178004967794,
          0.026801961404581503,
          0.09434850328312908,
          0.01476609498234442
        ],
        "currentBinShare": 0.013160376959686595
      },
      "ttm": {
        "squeeze": false,
        "release": false,
        "widthPct": 6.111720702959321
      }
    },
    "min15": {
      "sma20": 0.21885,
      "sma50": 0.22063999999999998,
      "ema20": 0.2180947595313241,
      "ema50": 0.22069457030423037,
      "vwma20": 0.21858365901713314,
      "hma21": 0.21650216450216458,
      "atr14": 0.0020714285714285735,
      "atrPercentile": 0.6951219512195121,
      "rvolZ": -0.13990674403255232,
      "rvolPercentile": 0.6145833333333334,
      "mfi14": 19.342995516959263,
      "ppo": {
        "ppo": -0.8627368340712656,
        "signal": -0.49586875342465175,
        "histogram": -0.3668680806466138
      },
      "stochRsi": {
        "k": 0,
        "d": 20.94017094017094
      },
      "vprofile": {
        "vpBins": [
          0,
          0.027251170088986424,
          0,
          0.006634943185125225,
          0,
          0.0041324532944055255,
          0.05503369326881971,
          0.12835435163352252,
          0.10996101119908756,
          0.13975565237848364,
          0.009047756898289233,
          0.040944800007023746,
          0.03861869851058912,
          0.07552268490793503,
          0.11745444646998389,
          0.09796857324490904,
          0.052531726980012544,
          0.08475990154825437,
          0.012028136384572365,
          0
        ],
        "currentBinShare": 0.027251170088986424
      },
      "ttm": {
        "squeeze": false,
        "release": true,
        "widthPct": 5.2426079997307555
      }
    },
    "hourly": {
      "sma20": 0.2222000000000001,
      "sma50": 0.22752000000000008,
      "ema20": 0.22075797428240435,
      "ema50": 0.22569356531001644,
      "vwma20": 0.2218401865963322,
      "hma21": 0.21311255411255403,
      "atr14": 0.004071428571428575,
      "atrPercentile": 0.5683229813664596,
      "rvolZ": 0.16971914048361886,
      "rvolPercentile": 0.7797619047619048,
      "mfi14": 33.5620910599515,
      "ppo": {
        "ppo": -1.8907493564716205,
        "signal": -1.4018083566186912,
        "histogram": -0.48894099985292927
      },
      "stochRsi": {
        "k": 0,
        "d": 25.694444444444443
      },
      "vprofile": {
        "vpBins": [
          0.007662798294203405,
          0,
          0,
          0.009038623552676353,
          0.025475336600331258,
          0.0017739061247456294,
          0.023319901500189404,
          0.08509359126520234,
          0.13488678553829953,
          0.21842031080456206,
          0.10003010624638331,
          0.10359076098701496,
          0.08988975693381152,
          0.0687574830177298,
          0.03054155817368677,
          0.03433226532172357,
          0.015045224761766762,
          0.042557401653535755,
          0.0009153645888391714,
          0.008668824635298434
        ],
        "currentBinShare": 0.007662798294203405
      },
      "ttm": {
        "squeeze": false,
        "release": true,
        "widthPct": 10.70463996206553
      }
    },
    "fourHour": {
      "sma20": 0.22785000000000002,
      "sma50": 0.23493999999999995,
      "ema20": 0.22689384630620493,
      "ema50": 0.23278402355887717,
      "vwma20": 0.22766187847181546,
      "hma21": 0.22407792207792224,
      "atr14": 0.008071428571428571,
      "atrPercentile": 0.7,
      "rvolZ": -0.1411060858486166,
      "rvolPercentile": 0.5952380952380952,
      "mfi14": 26.932030200349885,
      "ppo": {
        "ppo": -2.009862521666032,
        "signal": -1.2371238220268685,
        "histogram": -0.7727386996391636
      },
      "stochRsi": {
        "k": 0,
        "d": 38.93834918972389
      },
      "vprofile": {
        "vpBins": [
          0.010174239147463723,
          0,
          0.00925325702338591,
          0.010954691757773263,
          0.006295606599121664,
          0.02665403806970005,
          0.20553583608031384,
          0.09086276565637191,
          0.2319823034847142,
          0.1381823611484255,
          0.07349940527770091,
          0.032163499411037196,
          0.02778139136557959,
          0.048534359403280644,
          0.030192901116509564,
          0.04873145762935986,
          0.009201886829262294,
          0,
          0,
          0
        ],
        "currentBinShare": 0.010174239147463723
      },
      "ttm": {
        "squeeze": false,
        "release": true,
        "widthPct": 11.148376016824065
      }
    },
    "daily": {
      "sma20": 0.25565,
      "sma50": 0.35773999999999995,
      "ema20": 0.2621489798115232,
      "ema50": 0.3407464202377576,
      "vwma20": 0,
      "hma21": 0.21110822510822524,
      "atr14": 0.020928571428571425,
      "atrPercentile": 0.013157894736842105,
      "rvolZ": 0,
      "rvolPercentile": 1,
      "mfi14": 50,
      "ppo": {
        "ppo": -13.850284480281921,
        "signal": -14.39437114707912,
        "histogram": 0.5440866667971989
      },
      "stochRsi": {
        "k": 80.73980054397093,
        "d": 36.14632063813054
      },
      "vprofile": {
        "vpBins": [
          0,
          0,
          0,
          0,
          0,
          0,
          0,
          0,
          0,
          0,
          0,
          0,
          0,
          0,
          0,
          0,
          0,
          0,
          0,
          0
        ],
        "currentBinShare": 0
      },
      "ttm": {
        "squeeze": false,
        "release": false,
        "widthPct": 61.08363084443804
      }
    }
  },
  "smaMin5": 0.21635,
  "emaMin5": 0.21555407539391927,
  "vwmaMin5": 0.21582063974738744,
  "hmaMin5": 0.21065367965367976,
  "keltner15": {
    "upper": 0.2213947595313241,
    "middle": 0.2180947595313241,
    "lower": 0.2147947595313241
  },
  "superTrend15": {
    "isBull": false,
    "finalUpper": 0.2201,
    "finalLower": 0.2069
  },
  "mfi15": 19.342995516959263,
  "stochRsi15": {
    "k": 0,
    "d": 20.94017094017094
  },
  "ppo15": {
    "ppo": -0.8627368340712656,
    "signal": -0.49586875342465175,
    "histogram": -0.3668680806466138
  },
  "vpMin15": {
    "vpBins": [
      0,
      0.027251170088986424,
      0,
      0.006634943185125225,
      0,
      0.0041324532944055255,
      0.05503369326881971,
      0.12835435163352252,
      0.10996101119908756,
      0.13975565237848364,
      0.009047756898289233,
      0.040944800007023746,
      0.03861869851058912,
      0.07552268490793503,
      0.11745444646998389,
      0.09796857324490904,
      0.052531726980012544,
      0.08475990154825437,
      0.012028136384572365,
      0
    ],
    "currentBinShare": 0.027251170088986424
  },
  "ttm15": {
    "squeeze": false,
    "release": true,
    "widthPct": 5.2426079997307555
  },
  "marketCorrelation": {
    "hourly": {
      "btcCorrelation": 0,
      "ethCorrelation": 0,
      "btcBeta": 1,
      "ethBeta": 1,
      "btcTrend": "UNKNOWN",
      "ethTrend": "UNKNOWN",
      "tokenVol": 0,
      "btcVol": 0,
      "ethVol": 0,
      "marketDependence": 0,
      "verdict": "INSUFFICIENT_DATA"
    },
    "min15": {
      "btcCorrelation": 0,
      "ethCorrelation": 0,
      "btcBeta": 1,
      "ethBeta": 1,
      "btcTrend": "UNKNOWN",
      "ethTrend": "UNKNOWN",
      "tokenVol": 0,
      "btcVol": 0,
      "ethVol": 0,
      "marketDependence": 0,
      "verdict": "INSUFFICIENT_DATA"
    },
    "daily": {
      "btcCorrelation": 0,
      "ethCorrelation": 0,
      "btcBeta": 1,
      "ethBeta": 1,
      "btcTrend": "UNKNOWN",
      "ethTrend": "UNKNOWN",
      "tokenVol": 0,
      "btcVol": 0,
      "ethVol": 0,
      "marketDependence": 0,
      "verdict": "INSUFFICIENT_DATA"
    }
  },
  "tradeTape": {
    "totalTrades": 0,
    "totalVolume": 0,
    "buysVolume": 0,
    "sellsVolume": 0,
    "buySellRatio": 0.5,
    "vwap": 0,
    "signedVolume": 0,
    "avgTradeSize": 0,
    "tradesPerSec": 0,
    "cumulativeDelta": 0,
    "tradesLast1m": 0,
    "tradesLast5m": 0,
    "tradesLast15m": 0,
    "tradesLast1h": 0,
    "buyVWAP": 0,
    "sellVWAP": 0,
    "aggressorVWAP": 0,
    "bucketDurationMs": 60000,
    "bucketCount": 15,
    "bucketSignedVolumes": [],
    "bucketVolumes": [],
    "bucketVWAPs": [],
    "latestBucketSignedZ": 0
  },
  "enhancedMetrics": {
    "relativeVolumeZScore": -1,
    "volumePercentile": 40,
    "atrPercentile": 87.95620437956204,
    "volatilityPercentile": 46.20253164556962,
    "relativeVolatilityRatio": 0.9068646679672758,
    "isHighVolume": false,
    "isHighVolatility": false,
    "isLowVolatility": false,
    "isExpandingVolatility": false,
    "isContractingVolatility": false
  },
  "orderBook": {
    "bidAskSpread": 0,
    "spreadPct": 0,
    "midPrice": 0,
    "bestBid": 0,
    "bestAsk": 0,
    "bidDepth": 0,
    "askDepth": 0,
    "orderBookImbalance": 0,
    "liquidityScore": 0,
    "depthAt1Pct": {
      "bidVolume": 0,
      "askVolume": 0,
      "imbalance": 0
    },
    "depthAt2Pct": {
      "bidVolume": 0,
      "askVolume": 0,
      "imbalance": 0
    },
    "depthAt5Pct": {
      "bidVolume": 0,
      "askVolume": 0,
      "imbalance": 0
    },
    "weightedMidPrice": 0,
    "volumeWeightedSpread": 0,
    "totalBidLevels": 0,
    "totalAskLevels": 0
  },
  "marketCap": {
    "marketCap": 0,
    "totalVolume24h": 0,
    "volumeToMarketCapRatio": 0,
    "marketCapRank": 0,
    "normalizedRank": 0,
    "isHighLiquidity": false,
    "isVeryHighLiquidity": false,
    "isLowLiquidity": true,
    "liquidityTier": "VERY_LOW"
  },
  "sweeps": {
    "sweepScore": 0,
    "sweepCount": 0,
    "sweepDirection": "NEUTRAL",
    "buySweeps": 0,
    "sellSweeps": 0,
    "avgSweepSize": 0,
    "avgSweepIntensity": 0,
    "bidLiftRatio": 0,
    "askLiftRatio": 0,
    "sweepFrequency": 0,
    "largestSweep": null,
    "recentSweepClusters": 0,
    "sweepDetails": []
  },
  "absorption": {
    "absorptionScore": 0,
    "absorptionLevel": null,
    "absorptionSide": "NONE",
    "icebergProbability": 0,
    "hiddenLiquidityEstimate": 0,
    "volumeAtPrice": {},
    "topAbsorptionLevels": [],
    "persistenceDuration": 0,
    "refillDetected": false
  },
  "orderArrival": {
    "avgInterArrivalTime": 0,
    "recentInterArrivalTime": 0,
    "accelerationRatio": 1,
    "hawkesIntensity": 0,
    "hawkesDirection": "NEUTRAL",
    "clusteringScore": 0,
    "burstCount": 0,
    "cascadeDetected": false,
    "timeToNextTrade": 0,
    "accelerationTrend": "STABLE"
  },
  "liquidityVacuum": {
    "vacuumScore": 0,
    "vacuumSide": "NONE",
    "bidVacuumSeverity": 0,
    "askVacuumSeverity": 0,
    "depthConcentration": 0,
    "priceImpact10k": 0,
    "priceImpact50k": 0,
    "priceImpact100k": 0,
    "largestGapBid": 0,
    "largestGapAsk": 0,
    "avgGapBid": 0,
    "avgGapAsk": 0,
    "bidCliffDistance": 0,
    "askCliffDistance": 0
  },
  "volatilityRegime": {
    "regime": "BELOW_NORMAL",
    "regimeScore": -0.5,
    "currentATR": 0.020846,
    "avgATR": 0.035038,
    "atrPercentile": 1.3,
    "realizedVolatility": 89.14,
    "volPercentile": 45.8,
    "expanding": false,
    "contracting": false,
    "transitionProbability": 0.3,
    "daysInRegime": 1,
    "regimeStrength": 0.35
  },
  "temporalPatterns": {
    "currentHour": 19,
    "currentDay": 0,
    "currentDayName": "Sunday",
    "dayBias": "NEUTRAL",
    "hourlyProfile": [
      {
        "avgVolume": 49538.29,
        "avgATR": 0.003929,
        "avgReturn": 0.291
      },
      {
        "avgVolume": 40286.72,
        "avgATR": 0.004286,
        "avgReturn": 0.062
      },
      {
        "avgVolume": 42508.87,
        "avgATR": 0.003143,
        "avgReturn": -0.362
      },
      {
        "avgVolume": 29586.7,
        "avgATR": 0.003857,
        "avgReturn": 0.312
      },
      {
        "avgVolume": 35466.53,
        "avgATR": 0.003357,
        "avgReturn": -0.063
      },
      {
        "avgVolume": 56092.07,
        "avgATR": 0.0035,
        "avgReturn": 0.307
      },
      {
        "avgVolume": 47678.13,
        "avgATR": 0.003357,
        "avgReturn": -0.323
      },
      {
        "avgVolume": 30155.41,
        "avgATR": 0.003143,
        "avgReturn": -0.439
      },
      {
        "avgVolume": 33424.83,
        "avgATR": 0.002929,
        "avgReturn": 0.354
      },
      {
        "avgVolume": 41423.77,
        "avgATR": 0.003786,
        "avgReturn": 0.332
      },
      {
        "avgVolume": 34086.69,
        "avgATR": 0.002357,
        "avgReturn": -0.095
      },
      {
        "avgVolume": 43894.4,
        "avgATR": 0.003286,
        "avgReturn": 0.03
      },
      {
        "avgVolume": 36859.31,
        "avgATR": 0.003357,
        "avgReturn": -0.283
      },
      {
        "avgVolume": 77748.41,
        "avgATR": 0.005429,
        "avgReturn": 0.097
      },
      {
        "avgVolume": 80690.85,
        "avgATR": 0.004214,
        "avgReturn": -0.318
      },
      {
        "avgVolume": 162320.85,
        "avgATR": 0.005571,
        "avgReturn": -0.872
      },
      {
        "avgVolume": 49980.6,
        "avgATR": 0.0045,
        "avgReturn": -0.447
      },
      {
        "avgVolume": 95707.33,
        "avgATR": 0.005,
        "avgReturn": -0.114
      },
      {
        "avgVolume": 56690.14,
        "avgATR": 0.004071,
        "avgReturn": 0.087
      },
      {
        "avgVolume": 52187.75,
        "avgATR": 0.004429,
        "avgReturn": -0.018
      },
      {
        "avgVolume": 47812.89,
        "avgATR": 0.004214,
        "avgReturn": -0.435
      },
      {
        "avgVolume": 69705.71,
        "avgATR": 0.004643,
        "avgReturn": -0.21
      },
      {
        "avgVolume": 60671.82,
        "avgATR": 0.005286,
        "avgReturn": -0.028
      },
      {
        "avgVolume": 67278.58,
        "avgATR": 0.003857,
        "avgReturn": 0.729
      }
    ],
    "dailyProfile": [
      {
        "avgVolume": 43843.47,
        "avgATR": 0.003646,
        "avgReturn": -0.008
      },
      {
        "avgVolume": 50165.21,
        "avgATR": 0.004125,
        "avgReturn": 0.068
      },
      {
        "avgVolume": 62736.4,
        "avgATR": 0.004447,
        "avgReturn": -0.323
      },
      {
        "avgVolume": 37566.66,
        "avgATR": 0.004333,
        "avgReturn": 0.053
      },
      {
        "avgVolume": 83384.07,
        "avgATR": 0.003958,
        "avgReturn": -0.296
      },
      {
        "avgVolume": 72000.39,
        "avgATR": 0.004167,
        "avgReturn": 0.044
      },
      {
        "avgVolume": 40974.26,
        "avgATR": 0.003167,
        "avgReturn": 0.048
      }
    ],
    "favorableHours": [
      15,
      17,
      14,
      13,
      21,
      23
    ],
    "favorableWindow": false,
    "currentVsAvgVolume": 0,
    "currentVsAvgVolatility": 0,
    "anomalyDetected": true,
    "timeUntilFavorable": 2,
    "temporalScore": 0
  },
  "unifiedMicrostructure": {
    "signalDirections": {
      "vpin": "NEUTRAL",
      "sweeps": "NEUTRAL",
      "absorption": "NEUTRAL",
      "arrival": "NEUTRAL",
      "vacuum": "NONE",
      "volRegime": "FAVORABLE",
      "temporal": "UNFAVORABLE"
    },
    "consensusDirection": "NEUTRAL",
    "consensusStrength": 50,
    "bullishSignals": 1,
    "bearishSignals": 1,
    "neutralSignals": 0,
    "totalAvailableSignals": 2,
    "dominantPattern": "NONE",
    "clusters": {
      "strongBuyCluster": false,
      "distributionPattern": false,
      "accumulationPattern": false,
      "momentumCascade": false
    },
    "adaptiveWeights": {
      "vpin": 0,
      "sweeps": 0,
      "absorption": 0,
      "arrival": 0,
      "vacuum": 0,
      "volRegime": 0.021,
      "temporal": 0.02
    },
    "convictionLevel": "LOW",
    "convictionScore": 30,
    "riskAdjustment": "REDUCE",
    "timingQuality": "UNFAVORABLE",
    "signalQuality": "LOW"
  },
  "deltaAnalysis": {
    "currentDelta": 0,
    "cumulativeDelta": 0,
    "deltaPerVolume": 0,
    "deltaDirection": "NEUTRAL",
    "deltaDivergence": false,
    "institutionalRatio": 0,
    "aggressionScore": 0
  },
  "volumeProfile": {
    "pointOfControl": 0,
    "valueAreaHigh": 0,
    "valueAreaLow": 0,
    "currentPosition": "ABOVE_VALUE_AREA",
    "volumeNodes": [],
    "airPockets": []
  },
  "momentumCascade": {
    "cascadeDetected": false,
    "alignmentScore": -0.018188247848561212,
    "cascadeStrength": 0,
    "acceleratingTimeframes": [],
    "divergingTimeframes": [
      "5m",
      "15m",
      "1h"
    ]
  },
  "breakoutConfirmation": {
    "breakoutConfirmed": false,
    "volumeConfirmation": false,
    "retestStrength": 0,
    "falseBreakoutRisk": 0,
    "breakoutQuality": "NO_BREAKOUT"
  },
  "liquidityHeatmap": {
    "liquidityScore": 0,
    "magnetDirection": "NONE",
    "magnetStrength": 0,
    "priceTarget5pct": null,
    "message": "No order book data"
  },
  "smartMoneyDivergence": {
    "divergenceDetected": false,
    "divergenceDirection": "NONE",
    "smartMoneyScore": 0.5,
    "message": "Insufficient trade data"
  },
  "microstructure": {
    "raw": -0.04929270996950937,
    "pct": 49,
    "summary": {
      "latestBucketSignedZ": 0,
      "buySellRatio": 0.5,
      "tradesPerSec": 0,
      "vwap": 0,
      "aggressorVWAP": 0,
      "vpinToxicity": "UNKNOWN",
      "sweepDirection": "NEUTRAL",
      "absorptionSide": "NONE",
      "icebergDetected": false,
      "hawkesDirection": "NEUTRAL",
      "cascadeDetected": false,
      "vacuumSide": "NONE",
      "volatilityRegime": "BELOW_NORMAL",
      "volExpanding": false,
      "favorableTimeWindow": false,
      "temporalAnomaly": true,
      "consensusDirection": "NEUTRAL",
      "consensusStrength": 50,
      "dominantPattern": "NONE",
      "convictionLevel": "LOW",
      "riskAdjustment": "REDUCE",
      "timingQuality": "UNFAVORABLE",
      "deltaDirection": "NEUTRAL",
      "deltaDivergence": false,
      "institutionalRatio": 0,
      "volumeProfilePosition": "ABOVE_VALUE_AREA",
      "pointOfControl": 0,
      "momentumCascadeDetected": false,
      "cascadeStrength": 0,
      "breakoutQuality": "NO_BREAKOUT",
      "breakoutConfirmed": false,
      "magnetDirection": "NONE",
      "magnetStrength": 0,
      "priceTarget5pct": null,
      "nearestBidWall": 0,
      "nearestAskWall": 0,
      "divergenceDetected": false,
      "divergenceDirection": "NONE",
      "whaleAccumulation": false,
      "whaleDistribution": false,
      "retailPanic": false,
      "smartMoneyScore": 0.5
    }
  }
}

=== MICROSTRUCTURE ALERTS ===

🔬 VPIN: Insufficient data for VPIN analysis

🌊 SWEEP DETECTION: No significant sweeps detected

🧊 ABSORPTION & ICEBERG: No significant absorption or iceberg orders detected

⚡ ORDER ARRIVAL DYNAMICS: Insufficient trades for analysis

🌪️ LIQUIDITY VACUUM: No significant vacuum detected

📊 VOLATILITY REGIME DETECTION:
   Current Regime: BELOW_NORMAL
   Regime Score: -0.50 (-1=low vol, +1=extreme vol)
   Days in Regime: 1
   ATR: $0.020846 (avg: $0.035038)
   ATR Percentile: 1.3%
   Realized Volatility: 89.14% (annualized)
   Vol Percentile: 45.8%

   🟢 BELOW NORMAL VOLATILITY:
   ⚡ Consolidation phase - watch for expansion
   ✅ Good entry zone for patient trades

   📍 MODERATE REGIME TRANSITION PROBABILITY: 30%
   Monitor for potential regime change

   ⚠️ NEW REGIME: Only 1 day(s) - conditions still settling

⏰ TEMPORAL PATTERN ANALYSIS:
   Current Time: Sunday 19:00 UTC
   Day Bias: NEUTRAL
   Current vs Avg Volume: 0x
   Current vs Avg Volatility: 0x

   ⏳ NON-FAVORABLE TIME WINDOW:
   This hour typically shows weaker activity
   Next favorable window in 2 hour(s)

   ⚠️ LOW ACTIVITY ANOMALY:
   Volume 0x below typical - Extremely quiet

   📉 LOW VOLATILITY ANOMALY:
   Volatility 0x below typical - Consolidation likely

   🔥 Best Trading Hours (UTC): 15:00, 17:00, 14:00

🎯 UNIFIED MICROSTRUCTURE INTEGRATION:
   Signal Consensus: NEUTRAL (50% agreement)
   Available Signals: 2 (1 bullish / 1 bearish / 0 neutral)
   Conviction Level: LOW (30%)
   Signal Quality: LOW
   Risk Adjustment: REDUCE
   Timing Quality: UNFAVORABLE

   ⚠️ LOW CONVICTION: Only 50% signal agreement
   Weak alignment - Reduce position size or wait for clarity

   ⚠️ RISK REDUCTION RECOMMENDED: Extreme volatility or unfavorable timing detected

   ⏰ UNFAVORABLE TIMING: Avoid trading during this hour

   Signal Directions Breakdown:
   • VPIN: NEUTRAL
   • Sweeps: NEUTRAL
   • Absorption: NEUTRAL
   • Arrival Dynamics: NEUTRAL
   • Liquidity Vacuum: NONE
   • Vol Regime: FAVORABLE
   • Temporal: UNFAVORABLE

   Adaptive Weights (Total: 4.1%):
   • VPIN: 0.0%
   • Sweeps: 0.0%
   • Absorption: 0.0%
   • Arrival: 0.0%
   • Vacuum: 0.0%
   • Vol Regime: 2.1%
   • Temporal: 2.0%


💹 DELTA ANALYSIS (Order Flow Aggression):
   Direction: NEUTRAL
   Delta Per Volume: 0.00%
   Institutional Ratio: 0.0%
   Aggression Score: 0.0%

📊 VOLUME PROFILE (Support/Resistance Strength):
   Point of Control (POC): $0.000000
   Value Area High: $0.000000
   Value Area Low: $0.000000
   Current Position: ABOVE_VALUE_AREA
   ⚠️ DISTRIBUTION RISK: Price above value area - potential rejection zone

⚡ MOMENTUM CASCADE (Multi-Timeframe Alignment):
   Cascade Detected: NO
   Alignment Score: -1.8%
   Cascade Strength: 0.0%
   Accelerating: None
   Diverging: 5m, 15m, 1h

💥 BREAKOUT CONFIRMATION:
   Quality: NO_BREAKOUT
   Volume Confirmation: NO
   Retest Strength: 0.0%
   False Breakout Risk: 0.0%
   No breakout detected - price below resistance


levels:
Entry=0.21257399999999999, StopLoss=0.20619677999999997, TakeProfit=0.2168155, 0.22105699999999998, 0.2244502

---

=== Token: NEON (NEON) ===
Contract: NEON-USD
Timestamp: 2025-02-18T16:10:00.000Z

Calculations:
{
  "momentumScore": 53.576855346402816,
  "volumeScore": 11.415697839892383,
  "patternScore": 35.07473937001711,
  "totalScore": 24.577819563714108,
  "finalScore": 24.577819563714108,
  "weights": "0.23,0.45,0.23",
  "hourlyUptrend": false,
  "rsi": 45.074224021592364,
  "ultraShortVolumeSurge": 1.3395447375259628,
  "baseVolumeSurge": 0.01408756555876871,
  "currentPrice": 0.18309,
  "resistance": 0.18448,
  "support": 0.18135,
  "rocMin5": 0.0006011585965679253,
  "shortROC": 0.00959470636889987,
  "priceAcceleration": 0.0001656939040363451,
  "buySellRatio": 0.022674046017387175,
  "macdHistogram": 0.0000035417428581972906,
  "stochasticK": 40.845070422535144,
  "atr": 0.0007385714285714297,
  "bbUpper": 0.185171231524468,
  "bbLower": 0.18210976847553204,
  "hammerDetected": false,
  "engulfingDetected": false,
  "compressionSpring": {
    "detected": true,
    "confidence": 66,
    "signals": {
      "sidewaysPrice": true,
      "atrCompression": true,
      "bbSqueeze": true,
      "consolidationTime": true,
      "strongBuying": false,
      "obvPositive": false,
      "chaikinPositive": false,
      "rsiNeutral": true,
      "volumeBuilding": false
    },
    "metrics": {
      "priceRange": 1.93,
      "atrRatio": 0.815,
      "bbWidth": 1.67,
      "volumeRatio": 0.734,
      "signalCount": 5,
      "buySellRatio": 0.023
    }
  },
  "riskTier": "LOW",
  "atrPercent": 0.5477399873598452,
  "distanceToResistance": 0.7591894696597314,
  "slPercent": 2.5,
  "tpPercent": 0.6453110492107718,
  "trailingActivation": 0.38718662952646304,
  "shortMomentumScore": 15,
  "overboughtScore": 0,
  "shortPatternScore": 0,
  "shootingStarDetected": false,
  "bearishEngulfingDetected": false,
  "eveningStarDetected": false,
  "bearishPatternsCount": 0,
  "shortTotalScore": 6,
  "chaikin": 0.46632017482579313,
  "obvIncreasing": false,
  "obvTrend": "declining",
  "adx": 56.111111111111065,
  "recentCandles": {
    "redCount": 6,
    "greenCount": 4
  },
  "resistanceDistance": 0.7591894696597314,
  "multiplePatterns": false,
  "bullishPattern": false,
  "priceAboveVWAP": false,
  "breakingResistance": true,
  "atrSufficient": false,
  "macdDivergenceBearish": false,
  "rvolMin1": -0.3029576158707602,
  "rvolMin5": -0.5151044000959722,
  "atrPercentileOld": 0.5609756097560976,
  "vwapDeviation": -2.2834898322887867,
  "bbWidthPercent": 1.6670957925598942,
  "bbSqueeze": true,
  "multiTFMomentum": {
    "min1": {
      "roc1": 0.0067273228563551075,
      "roc3": 0.002250768555116499
    },
    "min5": {
      "roc1": 0.00959470636889987,
      "roc3": 0.001915289482324555
    },
    "min15": {
      "roc1": 0.004939897908776618,
      "roc3": -0.00010922396373760169
    },
    "hourly": {
      "roc1": -0.004269527615085681,
      "roc3": -0.010390599499510513
    },
    "fourHour": {
      "roc1": -0.017976678903044697,
      "roc3": -0.044690683751706844
    },
    "divergenceShortUpLongDown": true
  },
  "returnZMin5": 3.3294079652343087,
  "wickClosePct": 1,
  "wickUpper": 0,
  "wickLower": 0.00004999999999999449,
  "wickRatio": 0.09259259259258022,
  "donchianBreakout15": false,
  "bbWidthPercentile15": 0.15584415584415584,
  "signedMin5": -395270.94,
  "signedMin5Z": -22.439722015696894,
  "signedMin1": -187541.25999999998,
  "signedMin1Z": -12.877904220576598,
  "streakMin1": {
    "upStreak": 1,
    "downStreak": 0
  },
  "streakMin5": {
    "upStreak": 1,
    "downStreak": 0
  },
  "rvolPercentileMin1": 0.12916666666666668,
  "rvolPercentileMin5": 0.15625,
  "perTfMetrics": {
    "min1": {
      "sma20": 0.18284450000000002,
      "sma50": 0.18349080000000004,
      "ema20": 0.18274675268428348,
      "ema50": 0.1832834579625883,
      "vwma20": 0.18193907626295056,
      "hma21": 0.18207943722943729,
      "atr14": 0.0005342857142857153,
      "atrPercentile": 0.7452165156092648,
      "rvolZ": -0.3029576158707602,
      "rvolPercentile": 0.12916666666666668,
      "mfi14": 7.700178167392963,
      "ppo": {
        "ppo": -0.20087245185106312,
        "signal": -0.1771523177618941,
        "histogram": -0.02372013408916901
      },
      "stochRsi": {
        "k": 77.78538663958554,
        "d": 39.76601993587145
      },
      "vprofile": {
        "vpBins": [
          0.020935954111819793,
          0.019234399113774985,
          0.004027390746992265,
          0.04351296602110124,
          0.23256192047508473,
          0.020976559461784037,
          0.07576776745464502,
          0.027473256427277586,
          0.13192044738720143,
          0.06918783217220455,
          0.08790020604432106,
          0.10317871110270203,
          0.01950522513592555,
          0.02530891441027017,
          0.007441566496091066,
          0.050704976595137244,
          0,
          0.027215550279952285,
          0.02792069716841428,
          0.005225659395300729
        ],
        "currentBinShare": 0.004027390746992265
      },
      "ttm": {
        "squeeze": false,
        "release": false,
        "widthPct": 1.2032574117127846
      }
    },
    "min5": {
      "sma20": 0.1833795,
      "sma50": 0.18373,
      "ema20": 0.18316890186587886,
      "ema50": 0.18404435713308476,
      "vwma20": 0.18316903164471854,
      "hma21": 0.1822814718614718,
      "atr14": 0.0007385714285714297,
      "atrPercentile": 0.7956204379562044,
      "rvolZ": -0.5151044000959722,
      "rvolPercentile": 0.15625,
      "mfi14": 11.992602078863627,
      "ppo": {
        "ppo": -0.2778300726645928,
        "signal": -0.2254742652117367,
        "histogram": -0.05235580745285612
      },
      "stochRsi": {
        "k": 100,
        "d": 35.211208423865315
      },
      "vprofile": {
        "vpBins": [
          0.009512091449883919,
          0.006664853686268682,
          0.003638268152426844,
          0.028582445318612225,
          0.09196849981309714,
          0.030896182814222083,
          0.012311335775396465,
          0.04380559308847013,
          0.1100002195891494,
          0.07000735274387619,
          0.05441356096872775,
          0.08399165216696386,
          0.1570369244170419,
          0.0518221884189502,
          0.06335891703610488,
          0.08244300507430558,
          0.06601601402059651,
          0.025293576538391507,
          0.00823731892751483,
          0
        ],
        "currentBinShare": 0.028582445318612225
      },
      "ttm": {
        "squeeze": false,
        "release": false,
        "widthPct": 1.774438787184523
      }
    },
    "min15": {
      "sma20": 0.1836405,
      "sma50": 0.1863846,
      "ema20": 0.1839089295539199,
      "ema50": 0.18537448880899032,
      "vwma20": 0.18392077262808645,
      "hma21": 0.1834826406926407,
      "atr14": 0.0010028571428571406,
      "atrPercentile": 0.5609756097560976,
      "rvolZ": -0.03706731622268111,
      "rvolPercentile": 0.6979166666666666,
      "mfi14": 42.91039029336486,
      "ppo": {
        "ppo": -0.4447030099053082,
        "signal": -0.4513070995632395,
        "histogram": 0.0066040896579313
      },
      "stochRsi": {
        "k": 45.80060848123007,
        "d": 44.70700906179829
      },
      "vprofile": {
        "vpBins": [
          0,
          0.001145653346863518,
          0.008242284633778225,
          0.11396528896729562,
          0.028989518102248108,
          0.017930190895512264,
          0.01751644476859299,
          0.04140752608768662,
          0.07836752301549245,
          0.07989072399147547,
          0.08055824425101683,
          0.08787971790163439,
          0.15270455849595635,
          0.0839053837801226,
          0.040092159795222536,
          0.06716844902338229,
          0.07928878621997829,
          0.015725757477736906,
          0.005221789246004314,
          0
        ],
        "currentBinShare": 0.11396528896729562
      },
      "ttm": {
        "squeeze": false,
        "release": false,
        "widthPct": 1.6670957925598942
      }
    },
    "hourly": {
      "sma20": 0.186696,
      "sma50": 0.18691319999999997,
      "ema20": 0.1855901855259695,
      "ema50": 0.18694020136931666,
      "vwma20": 0.18698989065038746,
      "hma21": 0.18246510822510828,
      "atr14": 0.0019900000000000018,
      "atrPercentile": 0.2701863354037267,
      "rvolZ": -0.4338340952759893,
      "rvolPercentile": 0.3869047619047619,
      "mfi14": 9.985915855931367,
      "ppo": {
        "ppo": -0.7412063802461819,
        "signal": -0.39735380801948056,
        "histogram": -0.34385257222670135
      },
      "stochRsi": {
        "k": 0,
        "d": 29.953531544719443
      },
      "vprofile": {
        "vpBins": [
          0.01895452745393132,
          0.028442250411479558,
          0.15054275729435695,
          0.13160831305588191,
          0.18396881278748475,
          0.13136300959143535,
          0.019771604481708692,
          0.021167875059828097,
          0.008827197785961905,
          0.06433751318438544,
          0.021246418600452316,
          0.04520791459624511,
          0.05236704862755735,
          0,
          0.12219475706929137,
          0,
          0,
          0,
          0,
          0
        ],
        "currentBinShare": 0.01895452745393132
      },
      "ttm": {
        "squeeze": false,
        "release": false,
        "widthPct": 6.245013112358019
      }
    },
    "fourHour": {
      "sma20": 0.187249,
      "sma50": 0.1933384,
      "ema20": 0.18802346088616997,
      "ema50": 0.19766550078847447,
      "vwma20": 0.1874488389302913,
      "hma21": 0.18587735930735927,
      "atr14": 0.003649285714285716,
      "atrPercentile": 0.18571428571428572,
      "rvolZ": -0.6674006222260191,
      "rvolPercentile": 0.13095238095238096,
      "mfi14": 52.48627706459787,
      "ppo": {
        "ppo": -1.4261768112677895,
        "signal": -1.5578551274868198,
        "histogram": 0.13167831621903026
      },
      "stochRsi": {
        "k": 52.02447171957133,
        "d": 44.44637248880099
      },
      "vprofile": {
        "vpBins": [
          0.09654893899420394,
          0.1879570269470088,
          0.038014790878648515,
          0.15807103357663713,
          0.03678137642468157,
          0.060080901762972885,
          0.013852888829736978,
          0.07037976571470346,
          0.1007747517151381,
          0.018299386347322037,
          0,
          0.030447715695704872,
          0.0092452686325683,
          0.008399034285638051,
          0.021993015358136817,
          0.041739833715442626,
          0.070174749051952,
          0.037239522069504115,
          0,
          0
        ],
        "currentBinShare": 0.09654893899420394
      },
      "ttm": {
        "squeeze": false,
        "release": true,
        "widthPct": 4.486615056505841
      }
    },
    "daily": {
      "sma20": 0.24043000000000006,
      "sma50": 0.2731972000000001,
      "ema20": 0.22046819522751993,
      "ema50": 0.2674399008461185,
      "vwma20": 0,
      "hma21": 0.1525893073593073,
      "atr14": 0.029745714285714292,
      "atrPercentile": 0.07894736842105263,
      "rvolZ": 0,
      "rvolPercentile": 1,
      "mfi14": 50,
      "ppo": {
        "ppo": -11.995381924696375,
        "signal": -10.211668782345818,
        "histogram": -1.7837131423505568
      },
      "stochRsi": {
        "k": 13.89823345340036,
        "d": 26.994749287351677
      },
      "vprofile": {
        "vpBins": [
          0,
          0,
          0,
          0,
          0,
          0,
          0,
          0,
          0,
          0,
          0,
          0,
          0,
          0,
          0,
          0,
          0,
          0,
          0,
          0
        ],
        "currentBinShare": 0
      },
      "ttm": {
        "squeeze": false,
        "release": false,
        "widthPct": 96.84502974848222
      }
    }
  },
  "smaMin5": 0.1833795,
  "emaMin5": 0.18316890186587886,
  "vwmaMin5": 0.18316903164471854,
  "hmaMin5": 0.1822814718614718,
  "keltner15": {
    "upper": 0.1853549295539199,
    "middle": 0.1839089295539199,
    "lower": 0.1824629295539199
  },
  "superTrend15": {
    "isBull": true,
    "finalUpper": 0.18511199999999997,
    "finalLower": 0.17932800000000002
  },
  "mfi15": 42.91039029336486,
  "stochRsi15": {
    "k": 45.80060848123007,
    "d": 44.70700906179829
  },
  "ppo15": {
    "ppo": -0.4447030099053082,
    "signal": -0.4513070995632395,
    "histogram": 0.0066040896579313
  },
  "vpMin15": {
    "vpBins": [
      0,
      0.001145653346863518,
      0.008242284633778225,
      0.11396528896729562,
      0.028989518102248108,
      0.017930190895512264,
      0.01751644476859299,
      0.04140752608768662,
      0.07836752301549245,
      0.07989072399147547,
      0.08055824425101683,
      0.08787971790163439,
      0.15270455849595635,
      0.0839053837801226,
      0.040092159795222536,
      0.06716844902338229,
      0.07928878621997829,
      0.015725757477736906,
      0.005221789246004314,
      0
    ],
    "currentBinShare": 0.11396528896729562
  },
  "ttm15": {
    "squeeze": false,
    "release": false,
    "widthPct": 1.6670957925598942
  },
  "marketCorrelation": {
    "hourly": {
      "btcCorrelation": 0,
      "ethCorrelation": 0,
      "btcBeta": 1,
      "ethBeta": 1,
      "btcTrend": "UNKNOWN",
      "ethTrend": "UNKNOWN",
      "tokenVol": 0,
      "btcVol": 0,
      "ethVol": 0,
      "marketDependence": 0,
      "verdict": "INSUFFICIENT_DATA"
    },
    "min15": {
      "btcCorrelation": 0,
      "ethCorrelation": 0,
      "btcBeta": 1,
      "ethBeta": 1,
      "btcTrend": "UNKNOWN",
      "ethTrend": "UNKNOWN",
      "tokenVol": 0,
      "btcVol": 0,
      "ethVol": 0,
      "marketDependence": 0,
      "verdict": "INSUFFICIENT_DATA"
    },
    "daily": {
      "btcCorrelation": 0,
      "ethCorrelation": 0,
      "btcBeta": 1,
      "ethBeta": 1,
      "btcTrend": "UNKNOWN",
      "ethTrend": "UNKNOWN",
      "tokenVol": 0,
      "btcVol": 0,
      "ethVol": 0,
      "marketDependence": 0,
      "verdict": "INSUFFICIENT_DATA"
    }
  },
  "tradeTape": {
    "totalTrades": 0,
    "totalVolume": 0,
    "buysVolume": 0,
    "sellsVolume": 0,
    "buySellRatio": 0.5,
    "vwap": 0,
    "signedVolume": 0,
    "avgTradeSize": 0,
    "tradesPerSec": 0,
    "cumulativeDelta": 0,
    "tradesLast1m": 0,
    "tradesLast5m": 0,
    "tradesLast15m": 0,
    "tradesLast1h": 0,
    "buyVWAP": 0,
    "sellVWAP": 0,
    "aggressorVWAP": 0,
    "bucketDurationMs": 60000,
    "bucketCount": 15,
    "bucketSignedVolumes": [],
    "bucketVolumes": [],
    "bucketVWAPs": [],
    "latestBucketSignedZ": 0
  },
  "enhancedMetrics": {
    "relativeVolumeZScore": -1,
    "volumePercentile": 40,
    "atrPercentile": 79.56204379562044,
    "volatilityPercentile": 30.37974683544304,
    "relativeVolatilityRatio": 1.2343880176120603,
    "isHighVolume": false,
    "isHighVolatility": false,
    "isLowVolatility": false,
    "isExpandingVolatility": true,
    "isContractingVolatility": false
  },
  "orderBook": {
    "bidAskSpread": 0,
    "spreadPct": 0,
    "midPrice": 0,
    "bestBid": 0,
    "bestAsk": 0,
    "bidDepth": 0,
    "askDepth": 0,
    "orderBookImbalance": 0,
    "liquidityScore": 0,
    "depthAt1Pct": {
      "bidVolume": 0,
      "askVolume": 0,
      "imbalance": 0
    },
    "depthAt2Pct": {
      "bidVolume": 0,
      "askVolume": 0,
      "imbalance": 0
    },
    "depthAt5Pct": {
      "bidVolume": 0,
      "askVolume": 0,
      "imbalance": 0
    },
    "weightedMidPrice": 0,
    "volumeWeightedSpread": 0,
    "totalBidLevels": 0,
    "totalAskLevels": 0
  },
  "marketCap": {
    "marketCap": 0,
    "totalVolume24h": 0,
    "volumeToMarketCapRatio": 0,
    "marketCapRank": 0,
    "normalizedRank": 0,
    "isHighLiquidity": false,
    "isVeryHighLiquidity": false,
    "isLowLiquidity": true,
    "liquidityTier": "VERY_LOW"
  },
  "sweeps": {
    "sweepScore": 0,
    "sweepCount": 0,
    "sweepDirection": "NEUTRAL",
    "buySweeps": 0,
    "sellSweeps": 0,
    "avgSweepSize": 0,
    "avgSweepIntensity": 0,
    "bidLiftRatio": 0,
    "askLiftRatio": 0,
    "sweepFrequency": 0,
    "largestSweep": null,
    "recentSweepClusters": 0,
    "sweepDetails": []
  },
  "absorption": {
    "absorptionScore": 0,
    "absorptionLevel": null,
    "absorptionSide": "NONE",
    "icebergProbability": 0,
    "hiddenLiquidityEstimate": 0,
    "volumeAtPrice": {},
    "topAbsorptionLevels": [],
    "persistenceDuration": 0,
    "refillDetected": false
  },
  "orderArrival": {
    "avgInterArrivalTime": 0,
    "recentInterArrivalTime": 0,
    "accelerationRatio": 1,
    "hawkesIntensity": 0,
    "hawkesDirection": "NEUTRAL",
    "clusteringScore": 0,
    "burstCount": 0,
    "cascadeDetected": false,
    "timeToNextTrade": 0,
    "accelerationTrend": "STABLE"
  },
  "liquidityVacuum": {
    "vacuumScore": 0,
    "vacuumSide": "NONE",
    "bidVacuumSeverity": 0,
    "askVacuumSeverity": 0,
    "depthConcentration": 0,
    "priceImpact10k": 0,
    "priceImpact50k": 0,
    "priceImpact100k": 0,
    "largestGapBid": 0,
    "largestGapAsk": 0,
    "avgGapBid": 0,
    "avgGapAsk": 0,
    "bidCliffDistance": 0,
    "askCliffDistance": 0
  },
  "volatilityRegime": {
    "regime": "NORMAL",
    "regimeScore": 0,
    "currentATR": 0.031018,
    "avgATR": 0.049006,
    "atrPercentile": 9.2,
    "realizedVolatility": 208.64,
    "volPercentile": 79.7,
    "expanding": true,
    "contracting": false,
    "transitionProbability": 0.7,
    "daysInRegime": 1,
    "regimeStrength": 0.44
  },
  "temporalPatterns": {
    "currentHour": 19,
    "currentDay": 0,
    "currentDayName": "Sunday",
    "dayBias": "NEUTRAL",
    "hourlyProfile": [
      {
        "avgVolume": 117721.67,
        "avgATR": 0.004615,
        "avgReturn": -0.413
      },
      {
        "avgVolume": 78655.02,
        "avgATR": 0.003467,
        "avgReturn": 0.089
      },
      {
        "avgVolume": 98150.99,
        "avgATR": 0.004191,
        "avgReturn": 0.274
      },
      {
        "avgVolume": 125234.75,
        "avgATR": 0.005853,
        "avgReturn": 0.388
      },
      {
        "avgVolume": 155407.55,
        "avgATR": 0.005833,
        "avgReturn": 0.108
      },
      {
        "avgVolume": 154163.02,
        "avgATR": 0.004796,
        "avgReturn": -0.506
      },
      {
        "avgVolume": 144349.76,
        "avgATR": 0.006364,
        "avgReturn": -1.267
      },
      {
        "avgVolume": 134856.29,
        "avgATR": 0.004984,
        "avgReturn": -0.604
      },
      {
        "avgVolume": 132087.13,
        "avgATR": 0.004744,
        "avgReturn": 0.414
      },
      {
        "avgVolume": 107534.15,
        "avgATR": 0.004437,
        "avgReturn": 0.213
      },
      {
        "avgVolume": 93703.74,
        "avgATR": 0.00353,
        "avgReturn": 0.092
      },
      {
        "avgVolume": 158748.07,
        "avgATR": 0.005406,
        "avgReturn": -0.058
      },
      {
        "avgVolume": 129537,
        "avgATR": 0.00635,
        "avgReturn": 0.568
      },
      {
        "avgVolume": 175792.86,
        "avgATR": 0.005627,
        "avgReturn": -0.782
      },
      {
        "avgVolume": 155801.41,
        "avgATR": 0.005297,
        "avgReturn": 0.505
      },
      {
        "avgVolume": 361065.24,
        "avgATR": 0.008062,
        "avgReturn": 0.608
      },
      {
        "avgVolume": 224032.16,
        "avgATR": 0.006513,
        "avgReturn": -0.611
      },
      {
        "avgVolume": 187926.09,
        "avgATR": 0.005757,
        "avgReturn": -0.793
      },
      {
        "avgVolume": 178542.88,
        "avgATR": 0.006014,
        "avgReturn": 0.278
      },
      {
        "avgVolume": 194210.92,
        "avgATR": 0.005636,
        "avgReturn": 0.018
      },
      {
        "avgVolume": 167494.02,
        "avgATR": 0.00511,
        "avgReturn": -0.667
      },
      {
        "avgVolume": 138562.32,
        "avgATR": 0.004494,
        "avgReturn": -0.149
      },
      {
        "avgVolume": 126479.6,
        "avgATR": 0.005415,
        "avgReturn": -0.527
      },
      {
        "avgVolume": 79711.14,
        "avgATR": 0.003957,
        "avgReturn": 0.451
      }
    ],
    "dailyProfile": [
      {
        "avgVolume": 68274.6,
        "avgATR": 0.002412,
        "avgReturn": -0.155
      },
      {
        "avgVolume": 82483.45,
        "avgATR": 0.002543,
        "avgReturn": 0.003
      },
      {
        "avgVolume": 148994.04,
        "avgATR": 0.005002,
        "avgReturn": -0.232
      },
      {
        "avgVolume": 255414.33,
        "avgATR": 0.012729,
        "avgReturn": 0.366
      },
      {
        "avgVolume": 285152.29,
        "avgATR": 0.007416,
        "avgReturn": -0.415
      },
      {
        "avgVolume": 160774.69,
        "avgATR": 0.004718,
        "avgReturn": -0.129
      },
      {
        "avgVolume": 53861.12,
        "avgATR": 0.002045,
        "avgReturn": -0.118
      }
    ],
    "favorableHours": [
      15,
      16,
      19,
      17,
      18,
      13
    ],
    "favorableWindow": true,
    "currentVsAvgVolume": 0,
    "currentVsAvgVolatility": 0,
    "anomalyDetected": true,
    "timeUntilFavorable": null,
    "temporalScore": 0.5
  },
  "unifiedMicrostructure": {
    "signalDirections": {
      "vpin": "NEUTRAL",
      "sweeps": "NEUTRAL",
      "absorption": "NEUTRAL",
      "arrival": "NEUTRAL",
      "vacuum": "NONE",
      "volRegime": "NEUTRAL",
      "temporal": "FAVORABLE"
    },
    "consensusDirection": "BULLISH",
    "consensusStrength": 50,
    "bullishSignals": 1,
    "bearishSignals": 0,
    "neutralSignals": 1,
    "totalAvailableSignals": 2,
    "dominantPattern": "NONE",
    "clusters": {
      "strongBuyCluster": false,
      "distributionPattern": false,
      "accumulationPattern": false,
      "momentumCascade": false
    },
    "adaptiveWeights": {
      "vpin": 0,
      "sweeps": 0,
      "absorption": 0,
      "arrival": 0,
      "vacuum": 0,
      "volRegime": 0.03,
      "temporal": 0.02
    },
    "convictionLevel": "LOW",
    "convictionScore": 30,
    "riskAdjustment": "NORMAL",
    "timingQuality": "FAVORABLE",
    "signalQuality": "LOW"
  },
  "deltaAnalysis": {
    "currentDelta": 0,
    "cumulativeDelta": 0,
    "deltaPerVolume": 0,
    "deltaDirection": "NEUTRAL",
    "deltaDivergence": false,
    "institutionalRatio": 0,
    "aggressionScore": 0
  },
  "volumeProfile": {
    "pointOfControl": 0,
    "valueAreaHigh": 0,
    "valueAreaLow": 0,
    "currentPosition": "ABOVE_VALUE_AREA",
    "volumeNodes": [],
    "airPockets": []
  },
  "momentumCascade": {
    "cascadeDetected": false,
    "alignmentScore": -0.004949066542773279,
    "cascadeStrength": 0,
    "acceleratingTimeframes": [],
    "divergingTimeframes": [
      "1m",
      "5m",
      "15m",
      "1h"
    ]
  },
  "breakoutConfirmation": {
    "breakoutConfirmed": false,
    "volumeConfirmation": false,
    "retestStrength": 0,
    "falseBreakoutRisk": 0,
    "breakoutQuality": "NO_BREAKOUT"
  },
  "liquidityHeatmap": {
    "liquidityScore": 0,
    "magnetDirection": "NONE",
    "magnetStrength": 0,
    "priceTarget5pct": null,
    "message": "No order book data"
  },
  "smartMoneyDivergence": {
    "divergenceDetected": false,
    "divergenceDirection": "NONE",
    "smartMoneyScore": 0.5,
    "message": "Insufficient trade data"
  },
  "microstructure": {
    "raw": -0.05058532754319505,
    "pct": 49,
    "summary": {
      "latestBucketSignedZ": 0,
      "buySellRatio": 0.5,
      "tradesPerSec": 0,
      "vwap": 0,
      "aggressorVWAP": 0,
      "vpinToxicity": "UNKNOWN",
      "sweepDirection": "NEUTRAL",
      "absorptionSide": "NONE",
      "icebergDetected": false,
      "hawkesDirection": "NEUTRAL",
      "cascadeDetected": false,
      "vacuumSide": "NONE",
      "volatilityRegime": "NORMAL",
      "volExpanding": true,
      "favorableTimeWindow": true,
      "temporalAnomaly": true,
      "consensusDirection": "BULLISH",
      "consensusStrength": 50,
      "dominantPattern": "NONE",
      "convictionLevel": "LOW",
      "riskAdjustment": "NORMAL",
      "timingQuality": "FAVORABLE",
      "deltaDirection": "NEUTRAL",
      "deltaDivergence": false,
      "institutionalRatio": 0,
      "volumeProfilePosition": "ABOVE_VALUE_AREA",
      "pointOfControl": 0,
      "momentumCascadeDetected": false,
      "cascadeStrength": 0,
      "breakoutQuality": "NO_BREAKOUT",
      "breakoutConfirmed": false,
      "magnetDirection": "NONE",
      "magnetStrength": 0,
      "priceTarget5pct": null,
      "nearestBidWall": 0,
      "nearestAskWall": 0,
      "divergenceDetected": false,
      "divergenceDirection": "NONE",
      "whaleAccumulation": false,
      "whaleDistribution": false,
      "retailPanic": false,
      "smartMoneyScore": 0.5
    }
  }
}

=== MICROSTRUCTURE ALERTS ===

🔬 VPIN: Insufficient data for VPIN analysis

🌊 SWEEP DETECTION: No significant sweeps detected

🧊 ABSORPTION & ICEBERG: No significant absorption or iceberg orders detected

⚡ ORDER ARRIVAL DYNAMICS: Insufficient trades for analysis

🌪️ LIQUIDITY VACUUM: No significant vacuum detected

📊 VOLATILITY REGIME DETECTION:
   Current Regime: NORMAL
   Regime Score: 0.00 (-1=low vol, +1=extreme vol)
   Days in Regime: 1
   ATR: $0.031018 (avg: $0.049006)
   ATR Percentile: 9.2%
   Realized Volatility: 208.64% (annualized)
   Vol Percentile: 79.7%

   ⚪ NORMAL VOLATILITY:
   📊 Balanced market conditions
   ✅ Standard risk management applies

   🚀 VOLATILITY EXPANDING:
   💥 Breakout likely imminent!
   📈 Market transitioning to higher vol regime
   ✅ Strong signal when combined with other indicators

   ⚠️ HIGH REGIME TRANSITION PROBABILITY: 70%
   Market near regime boundary - expect volatility shift soon

   ⚠️ NEW REGIME: Only 1 day(s) - conditions still settling

⏰ TEMPORAL PATTERN ANALYSIS:
   Current Time: Sunday 19:00 UTC
   Day Bias: NEUTRAL
   Current vs Avg Volume: 0x
   Current vs Avg Volatility: 0x

   ✅ FAVORABLE TIME WINDOW:
   This hour historically shows strong volume and positive returns
   GOOD time to trade - patterns favor entry

   ⚠️ LOW ACTIVITY ANOMALY:
   Volume 0x below typical - Extremely quiet

   📉 LOW VOLATILITY ANOMALY:
   Volatility 0x below typical - Consolidation likely

   🔥 Best Trading Hours (UTC): 15:00, 16:00, 19:00

🎯 UNIFIED MICROSTRUCTURE INTEGRATION:
   Signal Consensus: BULLISH (50% agreement)
   Available Signals: 2 (1 bullish / 0 bearish / 1 neutral)
   Conviction Level: LOW (30%)
   Signal Quality: LOW
   Risk Adjustment: NORMAL
   Timing Quality: FAVORABLE

   ⚠️ LOW CONVICTION: Only 50% signal agreement
   Weak alignment - Reduce position size or wait for clarity

   📊 NORMAL RISK LEVEL: Standard position sizing applies

   ⏰ FAVORABLE TIMING: Good time window for trading

   Signal Directions Breakdown:
   • VPIN: NEUTRAL
   • Sweeps: NEUTRAL
   • Absorption: NEUTRAL
   • Arrival Dynamics: NEUTRAL
   • Liquidity Vacuum: NONE
   • Vol Regime: NEUTRAL
   • Temporal: FAVORABLE

   Adaptive Weights (Total: 5.0%):
   • VPIN: 0.0%
   • Sweeps: 0.0%
   • Absorption: 0.0%
   • Arrival: 0.0%
   • Vacuum: 0.0%
   • Vol Regime: 3.0%
   • Temporal: 2.0%


💹 DELTA ANALYSIS (Order Flow Aggression):
   Direction: NEUTRAL
   Delta Per Volume: 0.00%
   Institutional Ratio: 0.0%
   Aggression Score: 0.0%

📊 VOLUME PROFILE (Support/Resistance Strength):
   Point of Control (POC): $0.000000
   Value Area High: $0.000000
   Value Area Low: $0.000000
   Current Position: ABOVE_VALUE_AREA
   ⚠️ DISTRIBUTION RISK: Price above value area - potential rejection zone

⚡ MOMENTUM CASCADE (Multi-Timeframe Alignment):
   Cascade Detected: NO
   Alignment Score: -0.5%
   Cascade Strength: 0.0%
   Accelerating: None
   Diverging: 1m, 5m, 15m, 1h

💥 BREAKOUT CONFIRMATION:
   Quality: NO_BREAKOUT
   Volume Confirmation: NO
   Retest Strength: 0.0%
   False Breakout Risk: 0.0%
   No breakout detected - price below resistance


levels:
Entry=0.18272382, StopLoss=0.1781557245, TakeProfit=0.18331338849999998, 0.183902957, 0.18437461180000003

---

=== Token: PRCL (PRCL) ===
Contract: PRCL-USD
Timestamp: 2025-02-18T16:10:00.000Z

Calculations:
{
  "momentumScore": 30.716883434723698,
  "volumeScore": 56.833156066410034,
  "patternScore": 58.102837704101404,
  "totalScore": 45.33004491104855,
  "finalScore": 45.33004491104855,
  "weights": "0.23,0.45,0.23",
  "hourlyUptrend": false,
  "rsi": 44.44444444444452,
  "ultraShortVolumeSurge": 1.2695280156286384,
  "baseVolumeSurge": 0.031018320828391708,
  "currentPrice": 0.1274,
  "resistance": 0.1316,
  "support": 0.125,
  "rocMin5": 0.018385291766586927,
  "shortROC": 0.005524861878453087,
  "priceAcceleration": 0.004579672067151297,
  "buySellRatio": 0.7757948828426962,
  "macdHistogram": -0.0006402982136051415,
  "stochasticK": 34.28571428571445,
  "atr": 0.0011285714285714332,
  "bbUpper": 0.13188958940348136,
  "bbLower": 0.1257404105965186,
  "hammerDetected": false,
  "engulfingDetected": false,
  "compressionSpring": {
    "detected": true,
    "confidence": 66,
    "signals": {
      "sidewaysPrice": true,
      "atrCompression": true,
      "bbSqueeze": true,
      "consolidationTime": true,
      "strongBuying": true,
      "obvPositive": false,
      "chaikinPositive": false,
      "rsiNeutral": false,
      "volumeBuilding": false
    },
    "metrics": {
      "priceRange": 5.28,
      "atrRatio": 0.699,
      "bbWidth": 4.77,
      "volumeRatio": 0.441,
      "signalCount": 5,
      "buySellRatio": 0.776
    }
  },
  "riskTier": "MEDIUM",
  "atrPercent": 1.3511998205875793,
  "distanceToResistance": 3.2967032967032814,
  "slPercent": 3,
  "tpPercent": 2.802197802197789,
  "trailingActivation": 1.6813186813186733,
  "shortMomentumScore": 5,
  "overboughtScore": 0,
  "shortPatternScore": 0,
  "shootingStarDetected": false,
  "bearishEngulfingDetected": false,
  "eveningStarDetected": false,
  "bearishPatternsCount": 0,
  "shortTotalScore": 2,
  "chaikin": 0.07657081728425745,
  "obvIncreasing": false,
  "obvTrend": "declining",
  "adx": 44.08602150537654,
  "recentCandles": {
    "redCount": 6,
    "greenCount": 4
  },
  "resistanceDistance": 3.2967032967032814,
  "multiplePatterns": false,
  "bullishPattern": false,
  "priceAboveVWAP": false,
  "breakingResistance": false,
  "atrSufficient": true,
  "macdDivergenceBearish": false,
  "rvolMin1": -0.14459673266269943,
  "rvolMin5": 0.9000135715678652,
  "atrPercentileOld": 0.573170731707317,
  "vwapDeviation": -4.300583411918164,
  "bbWidthPercent": 4.773651210622018,
  "bbSqueeze": false,
  "multiTFMomentum": {
    "min1": {
      "roc1": -0.003147128245475875,
      "roc3": 0.004758128469468812
    },
    "min5": {
      "roc1": 0.005524861878453087,
      "roc3": 0.007114624505928948
    },
    "min15": {
      "roc1": 0.0015723270440252022,
      "roc3": 0.011111111111111209
    },
    "hourly": {
      "roc1": -0.008681925808997772,
      "roc3": -0.03828483920367538
    },
    "fourHour": {
      "roc1": -0.0441400304414003,
      "roc3": -0.06128550074738425
    },
    "divergenceShortUpLongDown": true
  },
  "returnZMin5": 0.8627511848331753,
  "wickClosePct": 0.33333333333334875,
  "wickUpper": 0.0003999999999999837,
  "wickLower": 0,
  "wickRatio": 1.9999999999998612,
  "donchianBreakout15": false,
  "bbWidthPercentile15": 0.7792207792207793,
  "signedMin5": 257688.70000000007,
  "signedMin5Z": 12.700685822552776,
  "signedMin1": 183292.19999999995,
  "signedMin1Z": 10.245576596998124,
  "streakMin1": {
    "upStreak": 0,
    "downStreak": 2
  },
  "streakMin5": {
    "upStreak": 1,
    "downStreak": 0
  },
  "rvolPercentileMin1": 0.6166666666666667,
  "rvolPercentileMin5": 0.9340277777777778,
  "perTfMetrics": {
    "min1": {
      "sma20": 0.12655500000000003,
      "sma50": 0.12828799999999999,
      "ema20": 0.1267536363568007,
      "ema50": 0.12774182241198304,
      "vwma20": 0.12668456742180784,
      "hma21": 0.1260709956709957,
      "atr14": 0.0007071428571428665,
      "atrPercentile": 0.8977844914400805,
      "rvolZ": -0.14459673266269943,
      "rvolPercentile": 0.6166666666666667,
      "mfi14": 68.98355564606456,
      "ppo": {
        "ppo": -0.3852750357478241,
        "signal": -0.5161856598147319,
        "histogram": 0.13091062406690773
      },
      "stochRsi": {
        "k": 89.8808598305219,
        "d": 49.68141482542847
      },
      "vprofile": {
        "vpBins": [
          0.016786359414957326,
          0.004356097813533282,
          0.020208486708287794,
          0.04533553408083658,
          0.03644768838410186,
          0.044092472049338895,
          0.020565765406836765,
          0.051502776622255136,
          0.07251215112267179,
          0.06322720952303175,
          0.06742559294453487,
          0.03629093056154574,
          0.08718795956437346,
          0.03247756635333835,
          0.06648958971419976,
          0.26841602497794215,
          0.019405446634842397,
          0.037150288662774464,
          0.0010029630935169819,
          0.009119096367080666
        ],
        "currentBinShare": 0.03644768838410186
      },
      "ttm": {
        "squeeze": false,
        "release": false,
        "widthPct": 2.299870658957655
      }
    },
    "min5": {
      "sma20": 0.12765,
      "sma50": 0.128812,
      "ema20": 0.1274864571821858,
      "ema50": 0.1283211313486042,
      "vwma20": 0.12797549458274424,
      "hma21": 0.12547835497835497,
      "atr14": 0.0011285714285714332,
      "atrPercentile": 0.6788321167883211,
      "rvolZ": 0.9000135715678652,
      "rvolPercentile": 0.9340277777777778,
      "mfi14": 53.200552850895285,
      "ppo": {
        "ppo": -0.5600065114169477,
        "signal": -0.5739970277800293,
        "histogram": 0.013990516363081573
      },
      "stochRsi": {
        "k": 100,
        "d": 43.927451478938984
      },
      "vprofile": {
        "vpBins": [
          0.012482868735194526,
          0.02902562719136938,
          0.055306919752407174,
          0.0643359719290295,
          0.06754707670481937,
          0.09813944630419243,
          0.08715214721873159,
          0.03660836923543217,
          0.37634923085248156,
          0.14665807860790284,
          0.026394263468439386,
          0,
          0,
          0,
          0,
          0,
          0,
          0,
          0,
          0
        ],
        "currentBinShare": 0.055306919752407174
      },
      "ttm": {
        "squeeze": false,
        "release": false,
        "widthPct": 4.4209974371713585
      }
    },
    "min15": {
      "sma20": 0.12881499999999999,
      "sma50": 0.12929000000000002,
      "ema20": 0.1283752179857466,
      "ema50": 0.1295222578882343,
      "vwma20": 0.1295996786272941,
      "hma21": 0.12781731601731597,
      "atr14": 0.0017214285714285762,
      "atrPercentile": 0.573170731707317,
      "rvolZ": 0.12201675974543337,
      "rvolPercentile": 0.8125,
      "mfi14": 36.895222908776816,
      "ppo": {
        "ppo": -0.49563432389402456,
        "signal": -0.2967177634545629,
        "histogram": -0.19891656043946165
      },
      "stochRsi": {
        "k": 0,
        "d": 40.038665038665044
      },
      "vprofile": {
        "vpBins": [
          0.009708556864131503,
          0.034633681160859485,
          0.05746193465624228,
          0.028028934300254306,
          0.0663837260827082,
          0.0769175461680552,
          0.07014115947183278,
          0.07265892694466083,
          0.4244264428380466,
          0.10698593084673279,
          0.05265316066647586,
          0,
          0,
          0,
          0,
          0,
          0,
          0,
          0,
          0
        ],
        "currentBinShare": 0.05746193465624228
      },
      "ttm": {
        "squeeze": false,
        "release": false,
        "widthPct": 4.773651210622018
      }
    },
    "hourly": {
      "sma20": 0.130565,
      "sma50": 0.13583,
      "ema20": 0.13028512460788794,
      "ema50": 0.1352114702342418,
      "vwma20": 0.13152618461382432,
      "hma21": 0.12487532467532467,
      "atr14": 0.003492857142857137,
      "atrPercentile": 0.5124223602484472,
      "rvolZ": 2.896624452984159,
      "rvolPercentile": 0.9821428571428571,
      "mfi14": 24.759947625243086,
      "ppo": {
        "ppo": -1.9714456812906005,
        "signal": -1.9094471594767948,
        "histogram": -0.06199852181380572
      },
      "stochRsi": {
        "k": 29.618517236192552,
        "d": 35.57920134469676
      },
      "vprofile": {
        "vpBins": [
          0.0317404128551739,
          0.018346370516418978,
          0.013503171463251083,
          0.05725384454699091,
          0.12604671752445354,
          0.017842242469274974,
          0.040134476241952585,
          0.05687157898176129,
          0.03764455078791953,
          0.025086686494927242,
          0.028192022709786137,
          0.04103380532852885,
          0.09928455955170329,
          0.11792383213646278,
          0.08619105093228668,
          0.06279248563806915,
          0.08490235431484906,
          0.026290368611112835,
          0.0011567840526567471,
          0.027762684842420414
        ],
        "currentBinShare": 0.0317404128551739
      },
      "ttm": {
        "squeeze": false,
        "release": false,
        "widthPct": 10.47390013599698
      }
    },
    "fourHour": {
      "sma20": 0.13954,
      "sma50": 0.15050000000000002,
      "ema20": 0.13855350738448552,
      "ema50": 0.1470517682109378,
      "vwma20": 0.13575523224325103,
      "hma21": 0.1285212121212121,
      "atr14": 0.005792857142857141,
      "atrPercentile": 0.2,
      "rvolZ": 1.3471654483780846,
      "rvolPercentile": 0.9166666666666666,
      "mfi14": 29.607896861329976,
      "ppo": {
        "ppo": -4.610073538327813,
        "signal": -3.7641529354451952,
        "histogram": -0.8459206028826181
      },
      "stochRsi": {
        "k": 54.5613681288333,
        "d": 23.341145421737476
      },
      "vprofile": {
        "vpBins": [
          0.04787630140751195,
          0,
          0.014512940754938388,
          0.10121192860267006,
          0,
          0.030047605705357097,
          0.028809984559758292,
          0.027994370628467363,
          0.023156059079531194,
          0.01435794889356884,
          0.14651598072556235,
          0.1593653717999162,
          0.12969868667451864,
          0.10805852542864924,
          0.045714370146111696,
          0.05612872492804034,
          0.05109926145788196,
          0.015451939207516292,
          0,
          0
        ],
        "currentBinShare": 0.04787630140751195
      },
      "ttm": {
        "squeeze": false,
        "release": false,
        "widthPct": 20.611634106374368
      }
    },
    "daily": {
      "sma20": 0.16858999999999996,
      "sma50": 0.24103799999999997,
      "ema20": 0.17045556488336158,
      "ema50": 0.23834558059088023,
      "vwma20": 0,
      "hma21": 0.1273285714285714,
      "atr14": 0.017735714285714282,
      "atrPercentile": 0.02,
      "rvolZ": 0,
      "rvolPercentile": 1,
      "mfi14": 50,
      "ppo": {
        "ppo": -17.32059190469196,
        "signal": -16.74579205132433,
        "histogram": -0.5747998533676295
      },
      "stochRsi": {
        "k": 87.90027996267158,
        "d": 26.028220331914124
      },
      "vprofile": {
        "vpBins": [
          0,
          0,
          0,
          0,
          0,
          0,
          0,
          0,
          0,
          0,
          0,
          0,
          0,
          0,
          0,
          0,
          0,
          0,
          0,
          0
        ],
        "currentBinShare": 0
      },
      "ttm": {
        "squeeze": false,
        "release": false,
        "widthPct": 81.376987603737
      }
    }
  },
  "smaMin5": 0.12765,
  "emaMin5": 0.1274864571821858,
  "vwmaMin5": 0.12797549458274424,
  "hmaMin5": 0.12547835497835497,
  "keltner15": {
    "upper": 0.1309552179857466,
    "middle": 0.1283752179857466,
    "lower": 0.1257952179857466
  },
  "superTrend15": {
    "isBull": true,
    "finalUpper": 0.13241,
    "finalLower": 0.12208999999999999
  },
  "mfi15": 36.895222908776816,
  "stochRsi15": {
    "k": 0,
    "d": 40.038665038665044
  },
  "ppo15": {
    "ppo": -0.49563432389402456,
    "signal": -0.2967177634545629,
    "histogram": -0.19891656043946165
  },
  "vpMin15": {
    "vpBins": [
      0.009708556864131503,
      0.034633681160859485,
      0.05746193465624228,
      0.028028934300254306,
      0.0663837260827082,
      0.0769175461680552,
      0.07014115947183278,
      0.07265892694466083,
      0.4244264428380466,
      0.10698593084673279,
      0.05265316066647586,
      0,
      0,
      0,
      0,
      0,
      0,
      0,
      0,
      0
    ],
    "currentBinShare": 0.05746193465624228
  },
  "ttm15": {
    "squeeze": false,
    "release": false,
    "widthPct": 4.773651210622018
  },
  "marketCorrelation": {
    "hourly": {
      "btcCorrelation": 0,
      "ethCorrelation": 0,
      "btcBeta": 1,
      "ethBeta": 1,
      "btcTrend": "UNKNOWN",
      "ethTrend": "UNKNOWN",
      "tokenVol": 0,
      "btcVol": 0,
      "ethVol": 0,
      "marketDependence": 0,
      "verdict": "INSUFFICIENT_DATA"
    },
    "min15": {
      "btcCorrelation": 0,
      "ethCorrelation": 0,
      "btcBeta": 1,
      "ethBeta": 1,
      "btcTrend": "UNKNOWN",
      "ethTrend": "UNKNOWN",
      "tokenVol": 0,
      "btcVol": 0,
      "ethVol": 0,
      "marketDependence": 0,
      "verdict": "INSUFFICIENT_DATA"
    },
    "daily": {
      "btcCorrelation": 0,
      "ethCorrelation": 0,
      "btcBeta": 1,
      "ethBeta": 1,
      "btcTrend": "UNKNOWN",
      "ethTrend": "UNKNOWN",
      "tokenVol": 0,
      "btcVol": 0,
      "ethVol": 0,
      "marketDependence": 0,
      "verdict": "INSUFFICIENT_DATA"
    }
  },
  "tradeTape": {
    "totalTrades": 0,
    "totalVolume": 0,
    "buysVolume": 0,
    "sellsVolume": 0,
    "buySellRatio": 0.5,
    "vwap": 0,
    "signedVolume": 0,
    "avgTradeSize": 0,
    "tradesPerSec": 0,
    "cumulativeDelta": 0,
    "tradesLast1m": 0,
    "tradesLast5m": 0,
    "tradesLast15m": 0,
    "tradesLast1h": 0,
    "buyVWAP": 0,
    "sellVWAP": 0,
    "aggressorVWAP": 0,
    "bucketDurationMs": 60000,
    "bucketCount": 15,
    "bucketSignedVolumes": [],
    "bucketVolumes": [],
    "bucketVWAPs": [],
    "latestBucketSignedZ": 0
  },
  "enhancedMetrics": {
    "relativeVolumeZScore": -1,
    "volumePercentile": 40,
    "atrPercentile": 65.32846715328468,
    "volatilityPercentile": 78.16455696202532,
    "relativeVolatilityRatio": 1.2859469651178743,
    "isHighVolume": false,
    "isHighVolatility": true,
    "isLowVolatility": false,
    "isExpandingVolatility": true,
    "isContractingVolatility": false
  },
  "orderBook": {
    "bidAskSpread": 0,
    "spreadPct": 0,
    "midPrice": 0,
    "bestBid": 0,
    "bestAsk": 0,
    "bidDepth": 0,
    "askDepth": 0,
    "orderBookImbalance": 0,
    "liquidityScore": 0,
    "depthAt1Pct": {
      "bidVolume": 0,
      "askVolume": 0,
      "imbalance": 0
    },
    "depthAt2Pct": {
      "bidVolume": 0,
      "askVolume": 0,
      "imbalance": 0
    },
    "depthAt5Pct": {
      "bidVolume": 0,
      "askVolume": 0,
      "imbalance": 0
    },
    "weightedMidPrice": 0,
    "volumeWeightedSpread": 0,
    "totalBidLevels": 0,
    "totalAskLevels": 0
  },
  "marketCap": {
    "marketCap": 0,
    "totalVolume24h": 0,
    "volumeToMarketCapRatio": 0,
    "marketCapRank": 0,
    "normalizedRank": 0,
    "isHighLiquidity": false,
    "isVeryHighLiquidity": false,
    "isLowLiquidity": true,
    "liquidityTier": "VERY_LOW"
  },
  "sweeps": {
    "sweepScore": 0,
    "sweepCount": 0,
    "sweepDirection": "NEUTRAL",
    "buySweeps": 0,
    "sellSweeps": 0,
    "avgSweepSize": 0,
    "avgSweepIntensity": 0,
    "bidLiftRatio": 0,
    "askLiftRatio": 0,
    "sweepFrequency": 0,
    "largestSweep": null,
    "recentSweepClusters": 0,
    "sweepDetails": []
  },
  "absorption": {
    "absorptionScore": 0,
    "absorptionLevel": null,
    "absorptionSide": "NONE",
    "icebergProbability": 0,
    "hiddenLiquidityEstimate": 0,
    "volumeAtPrice": {},
    "topAbsorptionLevels": [],
    "persistenceDuration": 0,
    "refillDetected": false
  },
  "orderArrival": {
    "avgInterArrivalTime": 0,
    "recentInterArrivalTime": 0,
    "accelerationRatio": 1,
    "hawkesIntensity": 0,
    "hawkesDirection": "NEUTRAL",
    "clusteringScore": 0,
    "burstCount": 0,
    "cascadeDetected": false,
    "timeToNextTrade": 0,
    "accelerationTrend": "STABLE"
  },
  "liquidityVacuum": {
    "vacuumScore": 0,
    "vacuumSide": "NONE",
    "bidVacuumSeverity": 0,
    "askVacuumSeverity": 0,
    "depthConcentration": 0,
    "priceImpact10k": 0,
    "priceImpact50k": 0,
    "priceImpact100k": 0,
    "largestGapBid": 0,
    "largestGapAsk": 0,
    "avgGapBid": 0,
    "avgGapAsk": 0,
    "bidCliffDistance": 0,
    "askCliffDistance": 0
  },
  "volatilityRegime": {
    "regime": "LOW",
    "regimeScore": -1,
    "currentATR": 0.0173,
    "avgATR": 0.036592,
    "atrPercentile": 2,
    "realizedVolatility": 105.05,
    "volPercentile": 3,
    "expanding": false,
    "contracting": true,
    "transitionProbability": 0.4,
    "daysInRegime": 9,
    "regimeStrength": 1.75
  },
  "temporalPatterns": {
    "currentHour": 19,
    "currentDay": 0,
    "currentDayName": "Sunday",
    "dayBias": "NEUTRAL",
    "hourlyProfile": [
      {
        "avgVolume": 112110.25,
        "avgATR": 0.004443,
        "avgReturn": 0.871
      },
      {
        "avgVolume": 72738.76,
        "avgATR": 0.003593,
        "avgReturn": 0.138
      },
      {
        "avgVolume": 50671.85,
        "avgATR": 0.002943,
        "avgReturn": -0.383
      },
      {
        "avgVolume": 61123.91,
        "avgATR": 0.003757,
        "avgReturn": 0.819
      },
      {
        "avgVolume": 57433.96,
        "avgATR": 0.003007,
        "avgReturn": -0.266
      },
      {
        "avgVolume": 97506.25,
        "avgATR": 0.003279,
        "avgReturn": 0.137
      },
      {
        "avgVolume": 47150.19,
        "avgATR": 0.003271,
        "avgReturn": -0.722
      },
      {
        "avgVolume": 40698.59,
        "avgATR": 0.002971,
        "avgReturn": -0.074
      },
      {
        "avgVolume": 39861.67,
        "avgATR": 0.002821,
        "avgReturn": 0.245
      },
      {
        "avgVolume": 47840.25,
        "avgATR": 0.003386,
        "avgReturn": 0.554
      },
      {
        "avgVolume": 34307.35,
        "avgATR": 0.002543,
        "avgReturn": -0.451
      },
      {
        "avgVolume": 28839.74,
        "avgATR": 0.002714,
        "avgReturn": 0.024
      },
      {
        "avgVolume": 61242.77,
        "avgATR": 0.002943,
        "avgReturn": -0.353
      },
      {
        "avgVolume": 102653.73,
        "avgATR": 0.00475,
        "avgReturn": 0.217
      },
      {
        "avgVolume": 147415.99,
        "avgATR": 0.004307,
        "avgReturn": -0.85
      },
      {
        "avgVolume": 105288.85,
        "avgATR": 0.004386,
        "avgReturn": -0.669
      },
      {
        "avgVolume": 114639.04,
        "avgATR": 0.00385,
        "avgReturn": 0.071
      },
      {
        "avgVolume": 85584.19,
        "avgATR": 0.003985,
        "avgReturn": -0.13
      },
      {
        "avgVolume": 64528.89,
        "avgATR": 0.002921,
        "avgReturn": -0.111
      },
      {
        "avgVolume": 76649.29,
        "avgATR": 0.004121,
        "avgReturn": -0.279
      },
      {
        "avgVolume": 65397.36,
        "avgATR": 0.003521,
        "avgReturn": -0.397
      },
      {
        "avgVolume": 94507.09,
        "avgATR": 0.003929,
        "avgReturn": -0.431
      },
      {
        "avgVolume": 51004.04,
        "avgATR": 0.003786,
        "avgReturn": -0.223
      },
      {
        "avgVolume": 58994.46,
        "avgATR": 0.002693,
        "avgReturn": 0.268
      }
    ],
    "dailyProfile": [
      {
        "avgVolume": 44762.79,
        "avgATR": 0.002721,
        "avgReturn": -0.1
      },
      {
        "avgVolume": 75176.43,
        "avgATR": 0.003165,
        "avgReturn": -0.12
      },
      {
        "avgVolume": 113038.02,
        "avgATR": 0.004143,
        "avgReturn": -0.205
      },
      {
        "avgVolume": 59450.79,
        "avgATR": 0.00419,
        "avgReturn": 0.053
      },
      {
        "avgVolume": 86782.93,
        "avgATR": 0.003767,
        "avgReturn": -0.243
      },
      {
        "avgVolume": 88265.15,
        "avgATR": 0.003965,
        "avgReturn": 0.067
      },
      {
        "avgVolume": 34234.14,
        "avgATR": 0.002531,
        "avgReturn": -0.035
      }
    ],
    "favorableHours": [
      14,
      16,
      0,
      15,
      13,
      5
    ],
    "favorableWindow": false,
    "currentVsAvgVolume": 0,
    "currentVsAvgVolatility": 0,
    "anomalyDetected": true,
    "timeUntilFavorable": 5,
    "temporalScore": 0
  },
  "unifiedMicrostructure": {
    "signalDirections": {
      "vpin": "NEUTRAL",
      "sweeps": "NEUTRAL",
      "absorption": "NEUTRAL",
      "arrival": "NEUTRAL",
      "vacuum": "NONE",
      "volRegime": "FAVORABLE",
      "temporal": "UNFAVORABLE"
    },
    "consensusDirection": "NEUTRAL",
    "consensusStrength": 50,
    "bullishSignals": 1,
    "bearishSignals": 1,
    "neutralSignals": 0,
    "totalAvailableSignals": 2,
    "dominantPattern": "NONE",
    "clusters": {
      "strongBuyCluster": false,
      "distributionPattern": false,
      "accumulationPattern": false,
      "momentumCascade": false
    },
    "adaptiveWeights": {
      "vpin": 0,
      "sweeps": 0,
      "absorption": 0,
      "arrival": 0,
      "vacuum": 0,
      "volRegime": 0.021,
      "temporal": 0.02
    },
    "convictionLevel": "LOW",
    "convictionScore": 30,
    "riskAdjustment": "REDUCE",
    "timingQuality": "UNFAVORABLE",
    "signalQuality": "LOW"
  },
  "deltaAnalysis": {
    "currentDelta": 0,
    "cumulativeDelta": 0,
    "deltaPerVolume": 0,
    "deltaDirection": "NEUTRAL",
    "deltaDivergence": false,
    "institutionalRatio": 0,
    "aggressionScore": 0
  },
  "volumeProfile": {
    "pointOfControl": 0,
    "valueAreaHigh": 0,
    "valueAreaLow": 0,
    "currentPosition": "ABOVE_VALUE_AREA",
    "volumeNodes": [],
    "airPockets": []
  },
  "momentumCascade": {
    "cascadeDetected": false,
    "alignmentScore": -0.004634381293424288,
    "cascadeStrength": 0,
    "acceleratingTimeframes": [
      "1m",
      "5m"
    ],
    "divergingTimeframes": [
      "15m",
      "1h"
    ]
  },
  "breakoutConfirmation": {
    "breakoutConfirmed": false,
    "volumeConfirmation": false,
    "retestStrength": 0,
    "falseBreakoutRisk": 0,
    "breakoutQuality": "NO_BREAKOUT"
  },
  "liquidityHeatmap": {
    "liquidityScore": 0,
    "magnetDirection": "NONE",
    "magnetStrength": 0,
    "priceTarget5pct": null,
    "message": "No order book data"
  },
  "smartMoneyDivergence": {
    "divergenceDetected": false,
    "divergenceDirection": "NONE",
    "smartMoneyScore": 0.5,
    "message": "Insufficient trade data"
  },
  "microstructure": {
    "raw": -0.022931257507160678,
    "pct": 50,
    "summary": {
      "latestBucketSignedZ": 0,
      "buySellRatio": 0.5,
      "tradesPerSec": 0,
      "vwap": 0,
      "aggressorVWAP": 0,
      "vpinToxicity": "UNKNOWN",
      "sweepDirection": "NEUTRAL",
      "absorptionSide": "NONE",
      "icebergDetected": false,
      "hawkesDirection": "NEUTRAL",
      "cascadeDetected": false,
      "vacuumSide": "NONE",
      "volatilityRegime": "LOW",
      "volExpanding": false,
      "favorableTimeWindow": false,
      "temporalAnomaly": true,
      "consensusDirection": "NEUTRAL",
      "consensusStrength": 50,
      "dominantPattern": "NONE",
      "convictionLevel": "LOW",
      "riskAdjustment": "REDUCE",
      "timingQuality": "UNFAVORABLE",
      "deltaDirection": "NEUTRAL",
      "deltaDivergence": false,
      "institutionalRatio": 0,
      "volumeProfilePosition": "ABOVE_VALUE_AREA",
      "pointOfControl": 0,
      "momentumCascadeDetected": false,
      "cascadeStrength": 0,
      "breakoutQuality": "NO_BREAKOUT",
      "breakoutConfirmed": false,
      "magnetDirection": "NONE",
      "magnetStrength": 0,
      "priceTarget5pct": null,
      "nearestBidWall": 0,
      "nearestAskWall": 0,
      "divergenceDetected": false,
      "divergenceDirection": "NONE",
      "whaleAccumulation": false,
      "whaleDistribution": false,
      "retailPanic": false,
      "smartMoneyScore": 0.5
    }
  }
}

=== MICROSTRUCTURE ALERTS ===

🔬 VPIN: Insufficient data for VPIN analysis

🌊 SWEEP DETECTION: No significant sweeps detected

🧊 ABSORPTION & ICEBERG: No significant absorption or iceberg orders detected

⚡ ORDER ARRIVAL DYNAMICS: Insufficient trades for analysis

🌪️ LIQUIDITY VACUUM: No significant vacuum detected

📊 VOLATILITY REGIME DETECTION:
   Current Regime: LOW
   Regime Score: -1.00 (-1=low vol, +1=extreme vol)
   Days in Regime: 9
   ATR: $0.017300 (avg: $0.036592)
   ATR Percentile: 2.0%
   Realized Volatility: 105.05% (annualized)
   Vol Percentile: 3.0%

   🔵 LOW VOLATILITY REGIME:
   ✅ Ideal for breakout setups - price coiling
   ✅ Tight stops recommended
   ✅ Can increase position size (lower risk)

   📉 VOLATILITY CONTRACTING:
   🔄 Consolidation phase - accumulation likely
   ⏳ Wait for expansion before entering

   📍 MODERATE REGIME TRANSITION PROBABILITY: 40%
   Monitor for potential regime change

   ✅ STABLE REGIME: 9 days - predictable conditions

⏰ TEMPORAL PATTERN ANALYSIS:
   Current Time: Sunday 19:00 UTC
   Day Bias: NEUTRAL
   Current vs Avg Volume: 0x
   Current vs Avg Volatility: 0x

   ⏳ NON-FAVORABLE TIME WINDOW:
   This hour typically shows weaker activity
   Next favorable window in 5 hour(s)

   ⚠️ LOW ACTIVITY ANOMALY:
   Volume 0x below typical - Extremely quiet

   📉 LOW VOLATILITY ANOMALY:
   Volatility 0x below typical - Consolidation likely

   🔥 Best Trading Hours (UTC): 14:00, 16:00, 0:00

🎯 UNIFIED MICROSTRUCTURE INTEGRATION:
   Signal Consensus: NEUTRAL (50% agreement)
   Available Signals: 2 (1 bullish / 1 bearish / 0 neutral)
   Conviction Level: LOW (30%)
   Signal Quality: LOW
   Risk Adjustment: REDUCE
   Timing Quality: UNFAVORABLE

   ⚠️ LOW CONVICTION: Only 50% signal agreement
   Weak alignment - Reduce position size or wait for clarity

   ⚠️ RISK REDUCTION RECOMMENDED: Extreme volatility or unfavorable timing detected

   ⏰ UNFAVORABLE TIMING: Avoid trading during this hour

   Signal Directions Breakdown:
   • VPIN: NEUTRAL
   • Sweeps: NEUTRAL
   • Absorption: NEUTRAL
   • Arrival Dynamics: NEUTRAL
   • Liquidity Vacuum: NONE
   • Vol Regime: FAVORABLE
   • Temporal: UNFAVORABLE

   Adaptive Weights (Total: 4.1%):
   • VPIN: 0.0%
   • Sweeps: 0.0%
   • Absorption: 0.0%
   • Arrival: 0.0%
   • Vacuum: 0.0%
   • Vol Regime: 2.1%
   • Temporal: 2.0%


💹 DELTA ANALYSIS (Order Flow Aggression):
   Direction: NEUTRAL
   Delta Per Volume: 0.00%
   Institutional Ratio: 0.0%
   Aggression Score: 0.0%

📊 VOLUME PROFILE (Support/Resistance Strength):
   Point of Control (POC): $0.000000
   Value Area High: $0.000000
   Value Area Low: $0.000000
   Current Position: ABOVE_VALUE_AREA
   ⚠️ DISTRIBUTION RISK: Price above value area - potential rejection zone

⚡ MOMENTUM CASCADE (Multi-Timeframe Alignment):
   Cascade Detected: NO
   Alignment Score: -0.5%
   Cascade Strength: 0.0%
   Accelerating: 1m, 5m
   Diverging: 15m, 1h

💥 BREAKOUT CONFIRMATION:
   Quality: NO_BREAKOUT
   Volume Confirmation: NO
   Retest Strength: 0.0%
   False Breakout Risk: 0.0%
   No breakout detected - price below resistance


levels:
Entry=0.1271452, StopLoss=0.12333084400000001, TakeProfit=0.12892663000000001, 0.13070806000000001, 0.13213320399999998

---

=== Token: XCN (XCN) ===
Contract: XCN-USD
Timestamp: 2025-02-18T16:10:00.000Z

Calculations:
{
  "momentumScore": 31.009662079430292,
  "volumeScore": 34.11624699221651,
  "patternScore": 32.21852350055343,
  "totalScore": 28.879664636263378,
  "finalScore": 28.879664636263378,
  "weights": "0.23,0.45,0.23",
  "hourlyUptrend": false,
  "rsi": 42.3999999999999,
  "ultraShortVolumeSurge": 0.9291403845605215,
  "baseVolumeSurge": 0.06258234134958136,
  "currentPrice": 0.02046,
  "resistance": 0.02122,
  "support": 0.02016,
  "rocMin5": 0.002941176470588115,
  "shortROC": 0.000488997555012205,
  "priceAcceleration": 0.0007519921088457067,
  "buySellRatio": 0.5125720001285641,
  "macdHistogram": -0.00010273966938507373,
  "stochasticK": 26.31578947368408,
  "atr": 0.00018357142857142877,
  "bbUpper": 0.02146042357939612,
  "bbLower": 0.020400576420603868,
  "hammerDetected": false,
  "engulfingDetected": false,
  "compressionSpring": {
    "detected": false,
    "confidence": 0,
    "signals": {
      "sidewaysPrice": true,
      "atrCompression": false,
      "bbSqueeze": false,
      "consolidationTime": true,
      "strongBuying": false,
      "obvPositive": false,
      "chaikinPositive": false,
      "rsiNeutral": false,
      "volumeBuilding": false
    },
    "metrics": {
      "priceRange": 5.51,
      "atrRatio": 0.877,
      "bbWidth": 5.06,
      "volumeRatio": 2.26,
      "signalCount": 2,
      "buySellRatio": 0.513
    }
  },
  "riskTier": "LOW",
  "atrPercent": 1.288227901131129,
  "distanceToResistance": 3.714565004887587,
  "slPercent": 2.5,
  "tpPercent": 3.157380254154449,
  "trailingActivation": 1.8944281524926692,
  "shortMomentumScore": 10,
  "overboughtScore": 0,
  "shortPatternScore": 0,
  "shootingStarDetected": false,
  "bearishEngulfingDetected": false,
  "eveningStarDetected": false,
  "bearishPatternsCount": 0,
  "shortTotalScore": 4,
  "chaikin": 0.07672129103611865,
  "obvIncreasing": false,
  "obvTrend": "declining",
  "adx": 65.51724137931024,
  "recentCandles": {
    "redCount": 4,
    "greenCount": 6
  },
  "resistanceDistance": 3.714565004887587,
  "multiplePatterns": false,
  "bullishPattern": false,
  "priceAboveVWAP": false,
  "breakingResistance": false,
  "atrSufficient": true,
  "macdDivergenceBearish": false,
  "rvolMin1": -0.32516317815472673,
  "rvolMin5": -0.31924841271183363,
  "atrPercentileOld": 0.8414634146341463,
  "vwapDeviation": -3.3852503358325507,
  "bbWidthPercent": 5.063649500930476,
  "bbSqueeze": false,
  "multiTFMomentum": {
    "min1": {
      "roc1": 0,
      "roc3": 0.0029426189308485056
    },
    "min5": {
      "roc1": 0.000488997555012205,
      "roc3": 0.01037037037037029
    },
    "min15": {
      "roc1": 0.01037037037037029,
      "roc3": -0.009680542110358289
    },
    "hourly": {
      "roc1": -0.009876543209876654,
      "roc3": -0.045238095238095376
    },
    "fourHour": {
      "roc1": -0.05290505432215413,
      "roc3": -0.056914393226716965
    },
    "divergenceShortUpLongDown": true
  },
  "returnZMin5": 0.1938952929509025,
  "wickClosePct": 0.4444444444444273,
  "wickUpper": 0.00005000000000000143,
  "wickLower": 0.000029999999999998778,
  "wickRatio": 5.000000000000347,
  "donchianBreakout15": false,
  "bbWidthPercentile15": 0.9090909090909091,
  "signedMin5": 230860.20000000065,
  "signedMin5Z": 0.060953449379132024,
  "signedMin1": -27529998.70000001,
  "signedMin1Z": -15.116899308791883,
  "streakMin1": {
    "upStreak": 0,
    "downStreak": 0
  },
  "streakMin5": {
    "upStreak": 3,
    "downStreak": 0
  },
  "rvolPercentileMin1": 0.3875,
  "rvolPercentileMin5": 0.5069444444444444,
  "perTfMetrics": {
    "min1": {
      "sma20": 0.020344,
      "sma50": 0.020500000000000004,
      "ema20": 0.020380568854059103,
      "ema50": 0.020475612962634667,
      "vwma20": 0.02031897811507472,
      "hma21": 0.020292770562770557,
      "atr14": 0.00009214285714285711,
      "atrPercentile": 0.9546827794561934,
      "rvolZ": -0.32516317815472673,
      "rvolPercentile": 0.3875,
      "mfi14": 64.9561992015118,
      "ppo": {
        "ppo": -0.13778337093971604,
        "signal": -0.2945494096181005,
        "histogram": 0.15676603867838446
      },
      "stochRsi": {
        "k": 100,
        "d": 57.836198179979725
      },
      "vprofile": {
        "vpBins": [
          0.0064975636281035245,
          0.08021156604198301,
          0.0019034945006212237,
          0.015889216615038743,
          0.03691889697174868,
          0.046460580284231674,
          0.039896632699840125,
          0.12078539908690844,
          0.16438242586647145,
          0.1543474267489118,
          0.015223158231472656,
          0.004684280430203093,
          0.04035174219541952,
          0.027177381607301102,
          0.06703530429124939,
          0.07868785180545333,
          0.045718599827091,
          0.01754508259123896,
          0.023044152981645402,
          0.01323924359506675
        ],
        "currentBinShare": 0.046460580284231674
      },
      "ttm": {
        "squeeze": false,
        "release": false,
        "widthPct": 1.8438130089658094
      }
    },
    "min5": {
      "sma20": 0.020599,
      "sma50": 0.0208884,
      "ema20": 0.02059563082238752,
      "ema50": 0.02080100300970311,
      "vwma20": 0.02058113179590252,
      "hma21": 0.02037645021645022,
      "atr14": 0.00018357142857142877,
      "atrPercentile": 0.9708029197080292,
      "rvolZ": -0.31924841271183363,
      "rvolPercentile": 0.5069444444444444,
      "mfi14": 26.457971876200304,
      "ppo": {
        "ppo": -0.7372232139019863,
        "signal": -0.679860551513324,
        "histogram": -0.05736266238866228
      },
      "stochRsi": {
        "k": 100,
        "d": 37.992982456140304
      },
      "vprofile": {
        "vpBins": [
          0,
          0.02869428682542546,
          0,
          0.04669308514554774,
          0,
          0.014329599938776728,
          0.1370276383919021,
          0.05763973700505079,
          0.08290952999412313,
          0.03941548114269775,
          0.11169064922083947,
          0.04503848042439053,
          0.11971171483769118,
          0.07215522702659544,
          0.07028067803620525,
          0.06363628280962183,
          0.059025822064883084,
          0.034333602870747555,
          0.017418184265501978,
          0
        ],
        "currentBinShare": 0.04669308514554774
      },
      "ttm": {
        "squeeze": false,
        "release": false,
        "widthPct": 3.2312271506823573
      }
    },
    "min15": {
      "sma20": 0.020930499999999994,
      "sma50": 0.020997800000000004,
      "ema20": 0.020836003558940514,
      "ema50": 0.02101221101169645,
      "vwma20": 0.020776934051626332,
      "hma21": 0.02060108225108226,
      "atr14": 0.000263571428571429,
      "atrPercentile": 0.8414634146341463,
      "rvolZ": 1.241410206681561,
      "rvolPercentile": 0.875,
      "mfi14": 21.13842913365039,
      "ppo": {
        "ppo": -0.7497165160784249,
        "signal": -0.40959023003376344,
        "histogram": -0.3401262860446615
      },
      "stochRsi": {
        "k": 18.047320103165198,
        "d": 32.08408964777649
      },
      "vprofile": {
        "vpBins": [
          0.020847121904615736,
          0,
          0,
          0.020202570933054664,
          0.012001358895175106,
          0.1468953812158139,
          0.007590586145318507,
          0.03927386468927222,
          0.05995764155913377,
          0.05335282400592494,
          0.06802526158720418,
          0.12614195743547363,
          0.09489961154695996,
          0.13339736863668245,
          0.08401727971630764,
          0.05878465967945439,
          0.01826663301536726,
          0.010626615256928583,
          0.04571926377731285,
          0
        ],
        "currentBinShare": 0.020202570933054664
      },
      "ttm": {
        "squeeze": false,
        "release": false,
        "widthPct": 5.063649500930476
      }
    },
    "hourly": {
      "sma20": 0.021060000000000002,
      "sma50": 0.0217142,
      "ema20": 0.021027349236591542,
      "ema50": 0.021571253870417695,
      "vwma20": 0.02092102179797595,
      "hma21": 0.02057012987012987,
      "atr14": 0.00042071428571428495,
      "atrPercentile": 0.09006211180124224,
      "rvolZ": 0.17896976312270765,
      "rvolPercentile": 0.7529761904761905,
      "mfi14": 23.024215729871457,
      "ppo": {
        "ppo": -1.690787151519395,
        "signal": -1.389213140538514,
        "histogram": -0.3015740109808811
      },
      "stochRsi": {
        "k": 23.364013828267254,
        "d": 30.716072235680016
      },
      "vprofile": {
        "vpBins": [
          0,
          0,
          0.0407099430021491,
          0.03296485447200734,
          0.051188998450495043,
          0.06830103049646916,
          0.0908278571136951,
          0.07770219804359153,
          0.0934579181320392,
          0.15049755044004443,
          0.07405133777749141,
          0.08586619053222129,
          0.06096136136150298,
          0.05728585008487128,
          0.03314132185306308,
          0.03264712610449553,
          0.025364189193510266,
          0,
          0.02503227294235317,
          0
        ],
        "currentBinShare": 0.03296485447200734
      },
      "ttm": {
        "squeeze": false,
        "release": true,
        "widthPct": 7.461753061335553
      }
    },
    "fourHour": {
      "sma20": 0.022086500000000002,
      "sma50": 0.022668599999999994,
      "ema20": 0.02183450094415668,
      "ema50": 0.02308781087183212,
      "vwma20": 0.022414077210631968,
      "hma21": 0.020912640692640695,
      "atr14": 0.0008171428571428563,
      "atrPercentile": 0.02857142857142857,
      "rvolZ": -0.2705919456209823,
      "rvolPercentile": 0.5595238095238095,
      "mfi14": 5.5322582988538755,
      "ppo": {
        "ppo": -2.928667422434174,
        "signal": -2.2213156016600637,
        "histogram": -0.7073518207741105
      },
      "stochRsi": {
        "k": 17.820434348320592,
        "d": 22.82036657877011
      },
      "vprofile": {
        "vpBins": [
          0,
          0.04210930374140005,
          0,
          0.07217706917994796,
          0.09163677365378424,
          0.06629696867072922,
          0.1606993525161982,
          0.06859588542920775,
          0.04746440454051352,
          0.08882805354299585,
          0.038548674019746515,
          0.07251921964087768,
          0.04026235940976502,
          0.06930230557573415,
          0,
          0.046991860856922744,
          0.0486204138540398,
          0.04594735536813731,
          0,
          0
        ],
        "currentBinShare": 0.04210930374140005
      },
      "ttm": {
        "squeeze": false,
        "release": true,
        "widthPct": 17.42211319419808
      }
    },
    "daily": {
      "sma20": 0.026070000000000003,
      "sma50": 0.016950999999999997,
      "ema20": 0.023421243857278923,
      "ema50": 0.018726626477533048,
      "vwma20": 0,
      "hma21": 0.019419047619047607,
      "atr14": 0.0037935714285714287,
      "atrPercentile": 0.6710526315789473,
      "rvolZ": 0,
      "rvolPercentile": 1,
      "mfi14": 50,
      "ppo": {
        "ppo": 2.2270410994099312,
        "signal": 8.449645877959579,
        "histogram": -6.222604778549648
      },
      "stochRsi": {
        "k": 0,
        "d": 31.972316278342063
      },
      "vprofile": {
        "vpBins": [
          0,
          0,
          0,
          0,
          0,
          0,
          0,
          0,
          0,
          0,
          0,
          0,
          0,
          0,
          0,
          0,
          0,
          0,
          0,
          0
        ],
        "currentBinShare": 0
      },
      "ttm": {
        "squeeze": false,
        "release": false,
        "widthPct": 63.227921142148226
      }
    }
  },
  "smaMin5": 0.020599,
  "emaMin5": 0.02059563082238752,
  "vwmaMin5": 0.02058113179590252,
  "hmaMin5": 0.02037645021645022,
  "keltner15": {
    "upper": 0.021260503558940515,
    "middle": 0.020836003558940514,
    "lower": 0.020411503558940513
  },
  "superTrend15": {
    "isBull": true,
    "finalUpper": 0.021184,
    "finalLower": 0.019485999999999996
  },
  "mfi15": 21.13842913365039,
  "stochRsi15": {
    "k": 18.047320103165198,
    "d": 32.08408964777649
  },
  "ppo15": {
    "ppo": -0.7497165160784249,
    "signal": -0.40959023003376344,
    "histogram": -0.3401262860446615
  },
  "vpMin15": {
    "vpBins": [
      0.020847121904615736,
      0,
      0,
      0.020202570933054664,
      0.012001358895175106,
      0.1468953812158139,
      0.007590586145318507,
      0.03927386468927222,
      0.05995764155913377,
      0.05335282400592494,
      0.06802526158720418,
      0.12614195743547363,
      0.09489961154695996,
      0.13339736863668245,
      0.08401727971630764,
      0.05878465967945439,
      0.01826663301536726,
      0.010626615256928583,
      0.04571926377731285,
      0
    ],
    "currentBinShare": 0.020202570933054664
  },
  "ttm15": {
    "squeeze": false,
    "release": false,
    "widthPct": 5.063649500930476
  },
  "marketCorrelation": {
    "hourly": {
      "btcCorrelation": 0,
      "ethCorrelation": 0,
      "btcBeta": 1,
      "ethBeta": 1,
      "btcTrend": "UNKNOWN",
      "ethTrend": "UNKNOWN",
      "tokenVol": 0,
      "btcVol": 0,
      "ethVol": 0,
      "marketDependence": 0,
      "verdict": "INSUFFICIENT_DATA"
    },
    "min15": {
      "btcCorrelation": 0,
      "ethCorrelation": 0,
      "btcBeta": 1,
      "ethBeta": 1,
      "btcTrend": "UNKNOWN",
      "ethTrend": "UNKNOWN",
      "tokenVol": 0,
      "btcVol": 0,
      "ethVol": 0,
      "marketDependence": 0,
      "verdict": "INSUFFICIENT_DATA"
    },
    "daily": {
      "btcCorrelation": 0,
      "ethCorrelation": 0,
      "btcBeta": 1,
      "ethBeta": 1,
      "btcTrend": "UNKNOWN",
      "ethTrend": "UNKNOWN",
      "tokenVol": 0,
      "btcVol": 0,
      "ethVol": 0,
      "marketDependence": 0,
      "verdict": "INSUFFICIENT_DATA"
    }
  },
  "tradeTape": {
    "totalTrades": 0,
    "totalVolume": 0,
    "buysVolume": 0,
    "sellsVolume": 0,
    "buySellRatio": 0.5,
    "vwap": 0,
    "signedVolume": 0,
    "avgTradeSize": 0,
    "tradesPerSec": 0,
    "cumulativeDelta": 0,
    "tradesLast1m": 0,
    "tradesLast5m": 0,
    "tradesLast15m": 0,
    "tradesLast1h": 0,
    "buyVWAP": 0,
    "sellVWAP": 0,
    "aggressorVWAP": 0,
    "bucketDurationMs": 60000,
    "bucketCount": 15,
    "bucketSignedVolumes": [],
    "bucketVolumes": [],
    "bucketVWAPs": [],
    "latestBucketSignedZ": 0
  },
  "enhancedMetrics": {
    "relativeVolumeZScore": -1,
    "volumePercentile": 40,
    "atrPercentile": 96.35036496350365,
    "volatilityPercentile": 7.2784810126582276,
    "relativeVolatilityRatio": 0.9452945073320002,
    "isHighVolume": false,
    "isHighVolatility": false,
    "isLowVolatility": true,
    "isExpandingVolatility": false,
    "isContractingVolatility": false
  },
  "orderBook": {
    "bidAskSpread": 0,
    "spreadPct": 0,
    "midPrice": 0,
    "bestBid": 0,
    "bestAsk": 0,
    "bidDepth": 0,
    "askDepth": 0,
    "orderBookImbalance": 0,
    "liquidityScore": 0,
    "depthAt1Pct": {
      "bidVolume": 0,
      "askVolume": 0,
      "imbalance": 0
    },
    "depthAt2Pct": {
      "bidVolume": 0,
      "askVolume": 0,
      "imbalance": 0
    },
    "depthAt5Pct": {
      "bidVolume": 0,
      "askVolume": 0,
      "imbalance": 0
    },
    "weightedMidPrice": 0,
    "volumeWeightedSpread": 0,
    "totalBidLevels": 0,
    "totalAskLevels": 0
  },
  "marketCap": {
    "marketCap": 0,
    "totalVolume24h": 0,
    "volumeToMarketCapRatio": 0,
    "marketCapRank": 0,
    "normalizedRank": 0,
    "isHighLiquidity": false,
    "isVeryHighLiquidity": false,
    "isLowLiquidity": true,
    "liquidityTier": "VERY_LOW"
  },
  "sweeps": {
    "sweepScore": 0,
    "sweepCount": 0,
    "sweepDirection": "NEUTRAL",
    "buySweeps": 0,
    "sellSweeps": 0,
    "avgSweepSize": 0,
    "avgSweepIntensity": 0,
    "bidLiftRatio": 0,
    "askLiftRatio": 0,
    "sweepFrequency": 0,
    "largestSweep": null,
    "recentSweepClusters": 0,
    "sweepDetails": []
  },
  "absorption": {
    "absorptionScore": 0,
    "absorptionLevel": null,
    "absorptionSide": "NONE",
    "icebergProbability": 0,
    "hiddenLiquidityEstimate": 0,
    "volumeAtPrice": {},
    "topAbsorptionLevels": [],
    "persistenceDuration": 0,
    "refillDetected": false
  },
  "orderArrival": {
    "avgInterArrivalTime": 0,
    "recentInterArrivalTime": 0,
    "accelerationRatio": 1,
    "hawkesIntensity": 0,
    "hawkesDirection": "NEUTRAL",
    "clusteringScore": 0,
    "burstCount": 0,
    "cascadeDetected": false,
    "timeToNextTrade": 0,
    "accelerationTrend": "STABLE"
  },
  "liquidityVacuum": {
    "vacuumScore": 0,
    "vacuumSide": "NONE",
    "bidVacuumSeverity": 0,
    "askVacuumSeverity": 0,
    "depthConcentration": 0,
    "priceImpact10k": 0,
    "priceImpact50k": 0,
    "priceImpact100k": 0,
    "largestGapBid": 0,
    "largestGapAsk": 0,
    "avgGapBid": 0,
    "avgGapAsk": 0,
    "bidCliffDistance": 0,
    "askCliffDistance": 0
  },
  "volatilityRegime": {
    "regime": "ELEVATED",
    "regimeScore": 0.5,
    "currentATR": 0.003843,
    "avgATR": 0.006903,
    "atrPercentile": 68.4,
    "realizedVolatility": 267.89,
    "volPercentile": 55.9,
    "expanding": false,
    "contracting": false,
    "transitionProbability": 0.3,
    "daysInRegime": 7,
    "regimeStrength": 0.22
  },
  "temporalPatterns": {
    "currentHour": 19,
    "currentDay": 0,
    "currentDayName": "Sunday",
    "dayBias": "NEUTRAL",
    "hourlyProfile": [
      {
        "avgVolume": 95717442.21,
        "avgATR": 0.000863,
        "avgReturn": 0.887
      },
      {
        "avgVolume": 85303658.57,
        "avgATR": 0.000905,
        "avgReturn": 0.168
      },
      {
        "avgVolume": 87263616.79,
        "avgATR": 0.000849,
        "avgReturn": -0.352
      },
      {
        "avgVolume": 66138115.03,
        "avgATR": 0.000686,
        "avgReturn": 0.158
      },
      {
        "avgVolume": 64900364.34,
        "avgATR": 0.000676,
        "avgReturn": 0.573
      },
      {
        "avgVolume": 74153158.58,
        "avgATR": 0.000839,
        "avgReturn": 0.248
      },
      {
        "avgVolume": 46662877.46,
        "avgATR": 0.000758,
        "avgReturn": -1.034
      },
      {
        "avgVolume": 34356333.35,
        "avgATR": 0.000565,
        "avgReturn": -0.317
      },
      {
        "avgVolume": 36399052.36,
        "avgATR": 0.000741,
        "avgReturn": 0.073
      },
      {
        "avgVolume": 31051229.79,
        "avgATR": 0.000589,
        "avgReturn": -0.25
      },
      {
        "avgVolume": 33872269.57,
        "avgATR": 0.000599,
        "avgReturn": -0.489
      },
      {
        "avgVolume": 37764766.56,
        "avgATR": 0.000635,
        "avgReturn": 0.818
      },
      {
        "avgVolume": 44550809.74,
        "avgATR": 0.000707,
        "avgReturn": 0.071
      },
      {
        "avgVolume": 69831393.89,
        "avgATR": 0.000895,
        "avgReturn": -0.15
      },
      {
        "avgVolume": 81542857.92,
        "avgATR": 0.000982,
        "avgReturn": -0.143
      },
      {
        "avgVolume": 95606725.04,
        "avgATR": 0.001049,
        "avgReturn": -0.888
      },
      {
        "avgVolume": 90419596.69,
        "avgATR": 0.000887,
        "avgReturn": -0.273
      },
      {
        "avgVolume": 85998319.45,
        "avgATR": 0.000836,
        "avgReturn": -0.668
      },
      {
        "avgVolume": 72348384.09,
        "avgATR": 0.000752,
        "avgReturn": -0.538
      },
      {
        "avgVolume": 92185156.67,
        "avgATR": 0.00109,
        "avgReturn": 0.331
      },
      {
        "avgVolume": 101582201.6,
        "avgATR": 0.000999,
        "avgReturn": -0.413
      },
      {
        "avgVolume": 75787406.01,
        "avgATR": 0.000824,
        "avgReturn": -0.83
      },
      {
        "avgVolume": 99716013.49,
        "avgATR": 0.001051,
        "avgReturn": 0.083
      },
      {
        "avgVolume": 78902176.37,
        "avgATR": 0.000666,
        "avgReturn": 0.021
      }
    ],
    "dailyProfile": [
      {
        "avgVolume": 50579393.38,
        "avgATR": 0.000685,
        "avgReturn": -0.233
      },
      {
        "avgVolume": 45202930.87,
        "avgATR": 0.000634,
        "avgReturn": -0.178
      },
      {
        "avgVolume": 76990242.98,
        "avgATR": 0.000767,
        "avgReturn": -0.557
      },
      {
        "avgVolume": 104209894.83,
        "avgATR": 0.001105,
        "avgReturn": 0.315
      },
      {
        "avgVolume": 90179963.64,
        "avgATR": 0.000975,
        "avgReturn": -0.264
      },
      {
        "avgVolume": 69554964.82,
        "avgATR": 0.000783,
        "avgReturn": 0.034
      },
      {
        "avgVolume": 53694002.85,
        "avgATR": 0.000722,
        "avgReturn": 0.034
      }
    ],
    "favorableHours": [
      20,
      22,
      0,
      15,
      19,
      16
    ],
    "favorableWindow": true,
    "currentVsAvgVolume": 0,
    "currentVsAvgVolatility": 0,
    "anomalyDetected": true,
    "timeUntilFavorable": null,
    "temporalScore": 0.5
  },
  "unifiedMicrostructure": {
    "signalDirections": {
      "vpin": "NEUTRAL",
      "sweeps": "NEUTRAL",
      "absorption": "NEUTRAL",
      "arrival": "NEUTRAL",
      "vacuum": "NONE",
      "volRegime": "NEUTRAL",
      "temporal": "FAVORABLE"
    },
    "consensusDirection": "BULLISH",
    "consensusStrength": 50,
    "bullishSignals": 1,
    "bearishSignals": 0,
    "neutralSignals": 1,
    "totalAvailableSignals": 2,
    "dominantPattern": "NONE",
    "clusters": {
      "strongBuyCluster": false,
      "distributionPattern": false,
      "accumulationPattern": false,
      "momentumCascade": false
    },
    "adaptiveWeights": {
      "vpin": 0,
      "sweeps": 0,
      "absorption": 0,
      "arrival": 0,
      "vacuum": 0,
      "volRegime": 0.03,
      "temporal": 0.02
    },
    "convictionLevel": "LOW",
    "convictionScore": 30,
    "riskAdjustment": "NORMAL",
    "timingQuality": "FAVORABLE",
    "signalQuality": "LOW"
  },
  "deltaAnalysis": {
    "currentDelta": 0,
    "cumulativeDelta": 0,
    "deltaPerVolume": 0,
    "deltaDirection": "NEUTRAL",
    "deltaDivergence": false,
    "institutionalRatio": 0,
    "aggressionScore": 0
  },
  "volumeProfile": {
    "pointOfControl": 0,
    "valueAreaHigh": 0,
    "valueAreaLow": 0,
    "currentPosition": "ABOVE_VALUE_AREA",
    "volumeNodes": [],
    "airPockets": []
  },
  "momentumCascade": {
    "cascadeDetected": false,
    "alignmentScore": -0.014229820654908914,
    "cascadeStrength": 0,
    "acceleratingTimeframes": [],
    "divergingTimeframes": [
      "1m",
      "5m",
      "15m",
      "1h"
    ]
  },
  "breakoutConfirmation": {
    "breakoutConfirmed": false,
    "volumeConfirmation": false,
    "retestStrength": 0,
    "falseBreakoutRisk": 0,
    "breakoutQuality": "NO_BREAKOUT"
  },
  "liquidityHeatmap": {
    "liquidityScore": 0,
    "magnetDirection": "NONE",
    "magnetStrength": 0,
    "priceTarget5pct": null,
    "message": "No order book data"
  },
  "smartMoneyDivergence": {
    "divergenceDetected": false,
    "divergenceDirection": "NONE",
    "smartMoneyScore": 0.5,
    "message": "Insufficient trade data"
  },
  "microstructure": {
    "raw": -0.06989882657303889,
    "pct": 49,
    "summary": {
      "latestBucketSignedZ": 0,
      "buySellRatio": 0.5,
      "tradesPerSec": 0,
      "vwap": 0,
      "aggressorVWAP": 0,
      "vpinToxicity": "UNKNOWN",
      "sweepDirection": "NEUTRAL",
      "absorptionSide": "NONE",
      "icebergDetected": false,
      "hawkesDirection": "NEUTRAL",
      "cascadeDetected": false,
      "vacuumSide": "NONE",
      "volatilityRegime": "ELEVATED",
      "volExpanding": false,
      "favorableTimeWindow": true,
      "temporalAnomaly": true,
      "consensusDirection": "BULLISH",
      "consensusStrength": 50,
      "dominantPattern": "NONE",
      "convictionLevel": "LOW",
      "riskAdjustment": "NORMAL",
      "timingQuality": "FAVORABLE",
      "deltaDirection": "NEUTRAL",
      "deltaDivergence": false,
      "institutionalRatio": 0,
      "volumeProfilePosition": "ABOVE_VALUE_AREA",
      "pointOfControl": 0,
      "momentumCascadeDetected": false,
      "cascadeStrength": 0,
      "breakoutQuality": "NO_BREAKOUT",
      "breakoutConfirmed": false,
      "magnetDirection": "NONE",
      "magnetStrength": 0,
      "priceTarget5pct": null,
      "nearestBidWall": 0,
      "nearestAskWall": 0,
      "divergenceDetected": false,
      "divergenceDirection": "NONE",
      "whaleAccumulation": false,
      "whaleDistribution": false,
      "retailPanic": false,
      "smartMoneyScore": 0.5
    }
  }
}

=== MICROSTRUCTURE ALERTS ===

🔬 VPIN: Insufficient data for VPIN analysis

🌊 SWEEP DETECTION: No significant sweeps detected

🧊 ABSORPTION & ICEBERG: No significant absorption or iceberg orders detected

⚡ ORDER ARRIVAL DYNAMICS: Insufficient trades for analysis

🌪️ LIQUIDITY VACUUM: No significant vacuum detected

📊 VOLATILITY REGIME DETECTION:
   Current Regime: ELEVATED
   Regime Score: 0.50 (-1=low vol, +1=extreme vol)
   Days in Regime: 7
   ATR: $0.003843 (avg: $0.006903)
   ATR Percentile: 68.4%
   Realized Volatility: 267.89% (annualized)
   Vol Percentile: 55.9%

   🟡 ELEVATED VOLATILITY:
   ⚠️ Increased risk - wider stops needed
   ⚠️ Reduce position size
   💡 Good for momentum strategies

   📍 MODERATE REGIME TRANSITION PROBABILITY: 30%
   Monitor for potential regime change

   ✅ STABLE REGIME: 7 days - predictable conditions

⏰ TEMPORAL PATTERN ANALYSIS:
   Current Time: Sunday 19:00 UTC
   Day Bias: NEUTRAL
   Current vs Avg Volume: 0x
   Current vs Avg Volatility: 0x

   ✅ FAVORABLE TIME WINDOW:
   This hour historically shows strong volume and positive returns
   GOOD time to trade - patterns favor entry

   ⚠️ LOW ACTIVITY ANOMALY:
   Volume 0x below typical - Extremely quiet

   📉 LOW VOLATILITY ANOMALY:
   Volatility 0x below typical - Consolidation likely

   🔥 Best Trading Hours (UTC): 20:00, 22:00, 0:00

🎯 UNIFIED MICROSTRUCTURE INTEGRATION:
   Signal Consensus: BULLISH (50% agreement)
   Available Signals: 2 (1 bullish / 0 bearish / 1 neutral)
   Conviction Level: LOW (30%)
   Signal Quality: LOW
   Risk Adjustment: NORMAL
   Timing Quality: FAVORABLE

   ⚠️ LOW CONVICTION: Only 50% signal agreement
   Weak alignment - Reduce position size or wait for clarity

   📊 NORMAL RISK LEVEL: Standard position sizing applies

   ⏰ FAVORABLE TIMING: Good time window for trading

   Signal Directions Breakdown:
   • VPIN: NEUTRAL
   • Sweeps: NEUTRAL
   • Absorption: NEUTRAL
   • Arrival Dynamics: NEUTRAL
   • Liquidity Vacuum: NONE
   • Vol Regime: NEUTRAL
   • Temporal: FAVORABLE

   Adaptive Weights (Total: 5.0%):
   • VPIN: 0.0%
   • Sweeps: 0.0%
   • Absorption: 0.0%
   • Arrival: 0.0%
   • Vacuum: 0.0%
   • Vol Regime: 3.0%
   • Temporal: 2.0%


💹 DELTA ANALYSIS (Order Flow Aggression):
   Direction: NEUTRAL
   Delta Per Volume: 0.00%
   Institutional Ratio: 0.0%
   Aggression Score: 0.0%

📊 VOLUME PROFILE (Support/Resistance Strength):
   Point of Control (POC): $0.000000
   Value Area High: $0.000000
   Value Area Low: $0.000000
   Current Position: ABOVE_VALUE_AREA
   ⚠️ DISTRIBUTION RISK: Price above value area - potential rejection zone

⚡ MOMENTUM CASCADE (Multi-Timeframe Alignment):
   Cascade Detected: NO
   Alignment Score: -1.4%
   Cascade Strength: 0.0%
   Accelerating: None
   Diverging: 1m, 5m, 15m, 1h

💥 BREAKOUT CONFIRMATION:
   Quality: NO_BREAKOUT
   Volume Confirmation: NO
   Retest Strength: 0.0%
   False Breakout Risk: 0.0%
   No breakout detected - price below resistance


levels:
Entry=0.02041908, StopLoss=0.019908603, TakeProfit=0.020741434, 0.021063787999999996, 0.0213216712

---
