
=== Token: DASH (DASH) ===
Contract: DASH-USD
Timestamp: 2025-05-12T13:05:00.000Z

Calculations:
{
  "momentumScore": 59.36919860686219,
  "volumeScore": 63.96226415094354,
  "patternScore": 30,
  "totalScore": 48.47433407999186,
  "finalScore": 48.47433407999186,
  "weights": "0.27,0.41,0.23",
  "hourlyUptrend": true,
  "rsi": 42.26804123711341,
  "ultraShortVolumeSurge": 1.1415509828512074,
  "baseVolumeSurge": 0.027227109848041466,
  "currentPrice": 25.39,
  "resistance": 25.68,
  "support": 25.15,
  "rocMin5": -0.0019654088050314743,
  "shortROC": -0.0043137254901960565,
  "priceAcceleration": -0.0004890014937705688,
  "buySellRatio": 0.7574339001745967,
  "macdHistogram": -0.002192920402398685,
  "stochasticK": 84.90566037735886,
  "atr": 0.08071428571428488,
  "bbUpper": 25.601720827833148,
  "bbLower": 25.068279172166854,
  "hammerDetected": false,
  "engulfingDetected": false,
  "compressionSpring": {
    "detected": true,
    "confidence": 77,
    "signals": {
      "sidewaysPrice": true,
      "atrCompression": true,
      "bbSqueeze": true,
      "consolidationTime": true,
      "strongBuying": true,
      "obvPositive": false,
      "chaikinPositive": false,
      "rsiNeutral": true,
      "volumeBuilding": false
    },
    "metrics": {
      "priceRange": 2.11,
      "atrRatio": 0.443,
      "bbWidth": 2.11,
      "volumeRatio": 0.54,
      "signalCount": 6,
      "buySellRatio": 0.757
    }
  },
  "riskTier": "MEDIUM",
  "atrPercent": 0.6751814550160351,
  "distanceToResistance": 1.1421819614021234,
  "slPercent": 3,
  "tpPercent": 0.9708546671918048,
  "trailingActivation": 0.5825128003150829,
  "shortMomentumScore": 0,
  "overboughtScore": 15,
  "shortPatternScore": 0,
  "shootingStarDetected": false,
  "bearishEngulfingDetected": false,
  "eveningStarDetected": false,
  "bearishPatternsCount": 0,
  "shortTotalScore": 5.25,
  "chaikin": -0.14247323192958283,
  "obvIncreasing": true,
  "obvTrend": "increasing",
  "adx": 12.698412698412945,
  "recentCandles": {
    "redCount": 2,
    "greenCount": 8
  },
  "resistanceDistance": 1.1421819614021234,
  "multiplePatterns": false,
  "bullishPattern": false,
  "priceAboveVWAP": true,
  "breakingResistance": false,
  "atrSufficient": false,
  "macdDivergenceBearish": false,
  "rvolMin1": -0.15884700165227106,
  "rvolMin5": -0.06497696624657388,
  "atrPercentileOld": 0.8048780487804879,
  "vwapDeviation": 2.6498077494327354,
  "bbWidthPercent": 2.1055522228786043,
  "bbSqueeze": true,
  "multiTFMomentum": {
    "min1": {
      "roc1": -0.002352941176470538,
      "roc3": 0
    },
    "min5": {
      "roc1": -0.0043137254901960565,
      "roc3": -0.0019654088050314743
    },
    "min15": {
      "roc1": 0.004315417810906355,
      "roc3": 0.01185770750988145
    },
    "hourly": {
      "roc1": 0.0003923107100824466,
      "roc3": 0.011102299762093622
    },
    "fourHour": {
      "roc1": 0.007506914263137151,
      "roc3": 0.02657004830917875
    },
    "divergenceShortUpLongDown": false
  },
  "returnZMin5": -1.3244794842855352,
  "wickClosePct": 0,
  "wickUpper": 0,
  "wickLower": 0,
  "wickRatio": 0,
  "donchianBreakout15": false,
  "bbWidthPercentile15": 0.37662337662337664,
  "signedMin5": 3581.340835430002,
  "signedMin5Z": 12.261949219649571,
  "signedMin1": 1630.2410839500003,
  "signedMin1Z": 17.60000417025872,
  "streakMin1": {
    "upStreak": 0,
    "downStreak": 1
  },
  "streakMin5": {
    "upStreak": 0,
    "downStreak": 1
  },
  "rvolPercentileMin1": 0.55,
  "rvolPercentileMin5": 0.71875,
  "perTfMetrics": {
    "min1": {
      "sma20": 25.3955,
      "sma50": 25.377000000000002,
      "ema20": 25.398014187103087,
      "ema50": 25.3721558889802,
      "vwma20": 25.379542204703995,
      "hma21": 25.3608658008658,
      "atr14": 0.07142857142857093,
      "atrPercentile": 0.8343403826787512,
      "rvolZ": -0.15884700165227106,
      "rvolPercentile": 0.55,
      "mfi14": 48.620404756587156,
      "ppo": {
        "ppo": 0.05734247729787124,
        "signal": -0.0016227260016951801,
        "histogram": 0.05896520329956642
      },
      "stochRsi": {
        "k": 100,
        "d": 51.60335114834614
      },
      "vprofile": {
        "vpBins": [
          0.00003996423854364893,
          0.0007760205643777627,
          0.0014473039335384746,
          0.0003715515800833448,
          0.07649301812777853,
          0.11906119217315948,
          0.11276875224862126,
          0.07555287562665411,
          0.15556205344685656,
          0.08019725715378036,
          0.0393974027737738,
          0.009255268791356382,
          0.05583634640821919,
          0.02782212081663728,
          0.09642192657014695,
          0.06576777259471991,
          0.028070823233872718,
          0.031581572680625,
          0.009245446644339421,
          0.01433133039291596
        ],
        "currentBinShare": 0.06576777259471991
      },
      "ttm": {
        "squeeze": false,
        "release": false,
        "widthPct": 1.750025484466235
      }
    },
    "min5": {
      "sma20": 25.389499999999995,
      "sma50": 25.3486,
      "ema20": 25.37918690999106,
      "ema50": 25.309473681440988,
      "vwma20": 25.40670339836509,
      "hma21": 25.3535064935065,
      "atr14": 0.08071428571428488,
      "atrPercentile": 0.36496350364963503,
      "rvolZ": -0.06497696624657388,
      "rvolPercentile": 0.71875,
      "mfi14": 72.11478895687335,
      "ppo": {
        "ppo": 0.129258166853432,
        "signal": 0.0942058710013686,
        "histogram": 0.0350522958520634
      },
      "stochRsi": {
        "k": 0,
        "d": 47.59773333534781
      },
      "vprofile": {
        "vpBins": [
          0,
          0.04497180949703017,
          0.008467188258746908,
          0.039071329020805276,
          0.032223316383204914,
          0.07995921651244702,
          0.05764647556143446,
          0.037905331682708265,
          0.1987405029192108,
          0.07942538415104049,
          0.11102215013858717,
          0.07986030264750783,
          0.005957172138010023,
          0.01506520282891383,
          0.05021411319456144,
          0.022918120850414662,
          0.08878573954439886,
          0.02815403128408662,
          0.01959630056102524,
          0.000016312825866063717
        ],
        "currentBinShare": 0.022918120850414662
      },
      "ttm": {
        "squeeze": false,
        "release": false,
        "widthPct": 1.5977275088254976
      }
    },
    "min15": {
      "sma20": 25.335,
      "sma50": 25.114799999999995,
      "ema20": 25.334065947977763,
      "ema50": 25.1585531156581,
      "vwma20": 25.346520257647455,
      "hma21": 25.375757575757586,
      "atr14": 0.17142857142857132,
      "atrPercentile": 0.8048780487804879,
      "rvolZ": 0.11384490963644003,
      "rvolPercentile": 0.8333333333333334,
      "mfi14": 89.5998505128171,
      "ppo": {
        "ppo": 0.34794427329925365,
        "signal": 0.3215049248981163,
        "histogram": 0.026439348401137375
      },
      "stochRsi": {
        "k": 59.53013928220573,
        "d": 52.45554535997585
      },
      "vprofile": {
        "vpBins": [
          0,
          0.05048055270275772,
          0,
          0.0037227370960426277,
          0.052943093727994904,
          0.08968276059507518,
          0.035158275542700214,
          0.012811536981934062,
          0.22956045977156048,
          0.17787449237856937,
          0.05807156314051734,
          0.015975905481720308,
          0.01882962354331771,
          0.02580270790129428,
          0.02813760585300008,
          0.0914828792628938,
          0.03142371873510795,
          0.045144312954048534,
          0.013148431889495138,
          0.01974934244197021
        ],
        "currentBinShare": 0.013148431889495138
      },
      "ttm": {
        "squeeze": false,
        "release": false,
        "widthPct": 2.1055522228786043
      }
    },
    "hourly": {
      "sma20": 25.017000000000003,
      "sma50": 24.759799999999995,
      "ema20": 25.0764730426483,
      "ema50": 24.71351300876998,
      "vwma20": 25.01613070089601,
      "hma21": 25.450043290043293,
      "atr14": 0.35214285714285787,
      "atrPercentile": 0.937888198757764,
      "rvolZ": 0.4391968703179097,
      "rvolPercentile": 0.8482142857142857,
      "mfi14": 82.9260357403335,
      "ppo": {
        "ppo": 0.8379350274141238,
        "signal": 0.6836256476234407,
        "histogram": 0.15430937979068315
      },
      "stochRsi": {
        "k": 100,
        "d": 67.32188687303328
      },
      "vprofile": {
        "vpBins": [
          0,
          0.03761527962747716,
          0.1536517165223637,
          0.06974784329995383,
          0.07906000763265411,
          0.11397891789138206,
          0.04583074454213537,
          0.018669134545898185,
          0.02068191384951982,
          0.008854971428950986,
          0.02674655743046641,
          0.022374849307897886,
          0.04505882794813978,
          0.08192994181027405,
          0.03960986043847856,
          0.05238299845578292,
          0.08228730408220541,
          0.06807785636789437,
          0.022607381707612617,
          0.01083389311091262
        ],
        "currentBinShare": 0.01083389311091262
      },
      "ttm": {
        "squeeze": false,
        "release": false,
        "widthPct": 4.591163154754808
      }
    },
    "fourHour": {
      "sma20": 24.499,
      "sma50": 22.88939999999999,
      "ema20": 24.38015729791308,
      "ema50": 23.584803547121236,
      "vwma20": 24.557692203964603,
      "hma21": 25.195930735930734,
      "atr14": 0.552857142857143,
      "atrPercentile": 0.7857142857142857,
      "rvolZ": 0.26483435406192163,
      "rvolPercentile": 0.75,
      "mfi14": 70.731285022189,
      "ppo": {
        "ppo": 2.589012609005434,
        "signal": 2.526603997295685,
        "histogram": 0.062408611709749096
      },
      "stochRsi": {
        "k": 62.54380111186951,
        "d": 74.07622617931894
      },
      "vprofile": {
        "vpBins": [
          0,
          0.06493458310783055,
          0.021350019358743307,
          0.04274345533051151,
          0.06082607469386444,
          0.05865988594857396,
          0.027137019594910085,
          0.012039885318577304,
          0.03115635210931772,
          0.07761087703085846,
          0.08594778971941612,
          0.12609497966479327,
          0.15276123047121073,
          0.022903917393790812,
          0.08635927083690803,
          0.02498973202645716,
          0.0712926201163039,
          0.00654451647943229,
          0.012493098409878119,
          0.01415469238862225
        ],
        "currentBinShare": 0.01415469238862225
      },
      "ttm": {
        "squeeze": false,
        "release": true,
        "widthPct": 7.383775163402921
      }
    },
    "daily": {
      "sma20": 22.929000000000002,
      "sma50": 22.027599999999996,
      "ema20": 22.98348264448736,
      "ema50": 22.72035282525499,
      "vwma20": 0,
      "hma21": 23.319480519480507,
      "atr14": 1.272857142857143,
      "atrPercentile": 0.39473684210526316,
      "rvolZ": 0,
      "rvolPercentile": 1,
      "mfi14": 50,
      "ppo": {
        "ppo": 2.8410993763372048,
        "signal": 1.6988027075819612,
        "histogram": 1.1422966687552436
      },
      "stochRsi": {
        "k": 44.84602722781278,
        "d": 60.68894447841637
      },
      "vprofile": {
        "vpBins": [
          0,
          0,
          0,
          0,
          0,
          0,
          0,
          0,
          0,
          0,
          0,
          0,
          0,
          0,
          0,
          0,
          0,
          0,
          0,
          0
        ],
        "currentBinShare": 0
      },
      "ttm": {
        "squeeze": false,
        "release": false,
        "widthPct": 19.718730757607794
      }
    }
  },
  "smaMin5": 25.389499999999995,
  "emaMin5": 25.37918690999106,
  "vwmaMin5": 25.40670339836509,
  "hmaMin5": 25.3535064935065,
  "keltner15": {
    "upper": 25.625065947977763,
    "middle": 25.334065947977763,
    "lower": 25.043065947977762
  },
  "superTrend15": {
    "isBull": true,
    "finalUpper": 26.077,
    "finalLower": 24.913
  },
  "mfi15": 89.5998505128171,
  "stochRsi15": {
    "k": 59.53013928220573,
    "d": 52.45554535997585
  },
  "ppo15": {
    "ppo": 0.34794427329925365,
    "signal": 0.3215049248981163,
    "histogram": 0.026439348401137375
  },
  "vpMin15": {
    "vpBins": [
      0,
      0.05048055270275772,
      0,
      0.0037227370960426277,
      0.052943093727994904,
      0.08968276059507518,
      0.035158275542700214,
      0.012811536981934062,
      0.22956045977156048,
      0.17787449237856937,
      0.05807156314051734,
      0.015975905481720308,
      0.01882962354331771,
      0.02580270790129428,
      0.02813760585300008,
      0.0914828792628938,
      0.03142371873510795,
      0.045144312954048534,
      0.013148431889495138,
      0.01974934244197021
    ],
    "currentBinShare": 0.013148431889495138
  },
  "ttm15": {
    "squeeze": false,
    "release": false,
    "widthPct": 2.1055522228786043
  },
  "marketCorrelation": {
    "hourly": {
      "btcCorrelation": 0,
      "ethCorrelation": 0,
      "btcBeta": 1,
      "ethBeta": 1,
      "btcTrend": "UNKNOWN",
      "ethTrend": "UNKNOWN",
      "tokenVol": 0,
      "btcVol": 0,
      "ethVol": 0,
      "marketDependence": 0,
      "verdict": "INSUFFICIENT_DATA"
    },
    "min15": {
      "btcCorrelation": 0,
      "ethCorrelation": 0,
      "btcBeta": 1,
      "ethBeta": 1,
      "btcTrend": "UNKNOWN",
      "ethTrend": "UNKNOWN",
      "tokenVol": 0,
      "btcVol": 0,
      "ethVol": 0,
      "marketDependence": 0,
      "verdict": "INSUFFICIENT_DATA"
    },
    "daily": {
      "btcCorrelation": 0,
      "ethCorrelation": 0,
      "btcBeta": 1,
      "ethBeta": 1,
      "btcTrend": "UNKNOWN",
      "ethTrend": "UNKNOWN",
      "tokenVol": 0,
      "btcVol": 0,
      "ethVol": 0,
      "marketDependence": 0,
      "verdict": "INSUFFICIENT_DATA"
    }
  },
  "tradeTape": {
    "totalTrades": 0,
    "totalVolume": 0,
    "buysVolume": 0,
    "sellsVolume": 0,
    "buySellRatio": 0.5,
    "vwap": 0,
    "signedVolume": 0,
    "avgTradeSize": 0,
    "tradesPerSec": 0,
    "cumulativeDelta": 0,
    "tradesLast1m": 0,
    "tradesLast5m": 0,
    "tradesLast15m": 0,
    "tradesLast1h": 0,
    "buyVWAP": 0,
    "sellVWAP": 0,
    "aggressorVWAP": 0,
    "bucketDurationMs": 60000,
    "bucketCount": 15,
    "bucketSignedVolumes": [],
    "bucketVolumes": [],
    "bucketVWAPs": [],
    "latestBucketSignedZ": 0
  },
  "enhancedMetrics": {
    "relativeVolumeZScore": -1,
    "volumePercentile": 40,
    "atrPercentile": 37.22627737226277,
    "volatilityPercentile": 40.822784810126585,
    "relativeVolatilityRatio": 0.892655794976233,
    "isHighVolume": false,
    "isHighVolatility": false,
    "isLowVolatility": false,
    "isExpandingVolatility": false,
    "isContractingVolatility": false
  },
  "orderBook": {
    "bidAskSpread": 0,
    "spreadPct": 0,
    "midPrice": 0,
    "bestBid": 0,
    "bestAsk": 0,
    "bidDepth": 0,
    "askDepth": 0,
    "orderBookImbalance": 0,
    "liquidityScore": 0,
    "depthAt1Pct": {
      "bidVolume": 0,
      "askVolume": 0,
      "imbalance": 0
    },
    "depthAt2Pct": {
      "bidVolume": 0,
      "askVolume": 0,
      "imbalance": 0
    },
    "depthAt5Pct": {
      "bidVolume": 0,
      "askVolume": 0,
      "imbalance": 0
    },
    "weightedMidPrice": 0,
    "volumeWeightedSpread": 0,
    "totalBidLevels": 0,
    "totalAskLevels": 0
  },
  "marketCap": {
    "marketCap": 0,
    "totalVolume24h": 0,
    "volumeToMarketCapRatio": 0,
    "marketCapRank": 0,
    "normalizedRank": 0,
    "isHighLiquidity": false,
    "isVeryHighLiquidity": false,
    "isLowLiquidity": true,
    "liquidityTier": "VERY_LOW"
  },
  "sweeps": {
    "sweepScore": 0,
    "sweepCount": 0,
    "sweepDirection": "NEUTRAL",
    "buySweeps": 0,
    "sellSweeps": 0,
    "avgSweepSize": 0,
    "avgSweepIntensity": 0,
    "bidLiftRatio": 0,
    "askLiftRatio": 0,
    "sweepFrequency": 0,
    "largestSweep": null,
    "recentSweepClusters": 0,
    "sweepDetails": []
  },
  "absorption": {
    "absorptionScore": 0,
    "absorptionLevel": null,
    "absorptionSide": "NONE",
    "icebergProbability": 0,
    "hiddenLiquidityEstimate": 0,
    "volumeAtPrice": {},
    "topAbsorptionLevels": [],
    "persistenceDuration": 0,
    "refillDetected": false
  },
  "orderArrival": {
    "avgInterArrivalTime": 0,
    "recentInterArrivalTime": 0,
    "accelerationRatio": 1,
    "hawkesIntensity": 0,
    "hawkesDirection": "NEUTRAL",
    "clusteringScore": 0,
    "burstCount": 0,
    "cascadeDetected": false,
    "timeToNextTrade": 0,
    "accelerationTrend": "STABLE"
  },
  "liquidityVacuum": {
    "vacuumScore": 0,
    "vacuumSide": "NONE",
    "bidVacuumSeverity": 0,
    "askVacuumSeverity": 0,
    "depthConcentration": 0,
    "priceImpact10k": 0,
    "priceImpact50k": 0,
    "priceImpact100k": 0,
    "largestGapBid": 0,
    "largestGapAsk": 0,
    "avgGapBid": 0,
    "avgGapAsk": 0,
    "bidCliffDistance": 0,
    "askCliffDistance": 0
  },
  "volatilityRegime": {
    "regime": "BELOW_NORMAL",
    "regimeScore": -0.5,
    "currentATR": 1.253846,
    "avgATR": 1.177667,
    "atrPercentile": 34.2,
    "realizedVolatility": 54.04,
    "volPercentile": 27.1,
    "expanding": true,
    "contracting": false,
    "transitionProbability": 0.4,
    "daysInRegime": 1,
    "regimeStrength": 0.93
  },
  "temporalPatterns": {
    "currentHour": 8,
    "currentDay": 0,
    "currentDayName": "Sunday",
    "dayBias": "NEUTRAL",
    "hourlyProfile": [
      {
        "avgVolume": 436.01,
        "avgATR": 0.300714,
        "avgReturn": 0.06
      },
      {
        "avgVolume": 612.32,
        "avgATR": 0.243571,
        "avgReturn": -0.054
      },
      {
        "avgVolume": 555.55,
        "avgATR": 0.25,
        "avgReturn": 0.427
      },
      {
        "avgVolume": 375.02,
        "avgATR": 0.194286,
        "avgReturn": -0.018
      },
      {
        "avgVolume": 303.62,
        "avgATR": 0.185714,
        "avgReturn": -0.082
      },
      {
        "avgVolume": 208.29,
        "avgATR": 0.190714,
        "avgReturn": -0.143
      },
      {
        "avgVolume": 357.98,
        "avgATR": 0.199286,
        "avgReturn": 0.218
      },
      {
        "avgVolume": 427.7,
        "avgATR": 0.251429,
        "avgReturn": -0.148
      },
      {
        "avgVolume": 376.28,
        "avgATR": 0.265,
        "avgReturn": 0.037
      },
      {
        "avgVolume": 672.06,
        "avgATR": 0.267143,
        "avgReturn": 0.258
      },
      {
        "avgVolume": 425.25,
        "avgATR": 0.287857,
        "avgReturn": -0.197
      },
      {
        "avgVolume": 591.19,
        "avgATR": 0.246429,
        "avgReturn": -0.286
      },
      {
        "avgVolume": 550.67,
        "avgATR": 0.25,
        "avgReturn": 0.002
      },
      {
        "avgVolume": 667.24,
        "avgATR": 0.283571,
        "avgReturn": -0.182
      },
      {
        "avgVolume": 933.69,
        "avgATR": 0.329231,
        "avgReturn": 0.422
      },
      {
        "avgVolume": 806.24,
        "avgATR": 0.265714,
        "avgReturn": -0.033
      },
      {
        "avgVolume": 772.94,
        "avgATR": 0.285714,
        "avgReturn": -0.216
      },
      {
        "avgVolume": 671.99,
        "avgATR": 0.307143,
        "avgReturn": 0.303
      },
      {
        "avgVolume": 503.8,
        "avgATR": 0.237143,
        "avgReturn": 0.133
      },
      {
        "avgVolume": 568.78,
        "avgATR": 0.241429,
        "avgReturn": -0.128
      },
      {
        "avgVolume": 382.65,
        "avgATR": 0.193571,
        "avgReturn": -0.088
      },
      {
        "avgVolume": 425.2,
        "avgATR": 0.229286,
        "avgReturn": -0.04
      },
      {
        "avgVolume": 534.13,
        "avgATR": 0.238571,
        "avgReturn": 0.19
      },
      {
        "avgVolume": 748.29,
        "avgATR": 0.250714,
        "avgReturn": 0.254
      }
    ],
    "dailyProfile": [
      {
        "avgVolume": 320.09,
        "avgATR": 0.26,
        "avgReturn": -0.103
      },
      {
        "avgVolume": 704.28,
        "avgATR": 0.26,
        "avgReturn": 0.08
      },
      {
        "avgVolume": 684.27,
        "avgATR": 0.269583,
        "avgReturn": -0.093
      },
      {
        "avgVolume": 712.48,
        "avgATR": 0.280833,
        "avgReturn": 0.064
      },
      {
        "avgVolume": 402.42,
        "avgATR": 0.193542,
        "avgReturn": 0.134
      },
      {
        "avgVolume": 522.6,
        "avgATR": 0.257708,
        "avgReturn": 0.119
      },
      {
        "avgVolume": 413.6,
        "avgATR": 0.225208,
        "avgReturn": -0.006
      }
    ],
    "favorableHours": [
      14,
      15,
      16,
      23,
      17,
      9
    ],
    "favorableWindow": false,
    "currentVsAvgVolume": 0,
    "currentVsAvgVolatility": 0,
    "anomalyDetected": true,
    "timeUntilFavorable": 1,
    "temporalScore": 0
  },
  "unifiedMicrostructure": {
    "signalDirections": {
      "vpin": "NEUTRAL",
      "sweeps": "NEUTRAL",
      "absorption": "NEUTRAL",
      "arrival": "NEUTRAL",
      "vacuum": "NONE",
      "volRegime": "FAVORABLE",
      "temporal": "UNFAVORABLE"
    },
    "consensusDirection": "NEUTRAL",
    "consensusStrength": 50,
    "bullishSignals": 1,
    "bearishSignals": 1,
    "neutralSignals": 0,
    "totalAvailableSignals": 2,
    "dominantPattern": "NONE",
    "clusters": {
      "strongBuyCluster": false,
      "distributionPattern": false,
      "accumulationPattern": false,
      "momentumCascade": false
    },
    "adaptiveWeights": {
      "vpin": 0,
      "sweeps": 0,
      "absorption": 0,
      "arrival": 0,
      "vacuum": 0,
      "volRegime": 0.021,
      "temporal": 0.02
    },
    "convictionLevel": "LOW",
    "convictionScore": 30,
    "riskAdjustment": "REDUCE",
    "timingQuality": "UNFAVORABLE",
    "signalQuality": "LOW"
  },
  "deltaAnalysis": {
    "currentDelta": 0,
    "cumulativeDelta": 0,
    "deltaPerVolume": 0,
    "deltaDirection": "NEUTRAL",
    "deltaDivergence": false,
    "institutionalRatio": 0,
    "aggressionScore": 0
  },
  "volumeProfile": {
    "pointOfControl": 0,
    "valueAreaHigh": 0,
    "valueAreaLow": 0,
    "currentPosition": "ABOVE_VALUE_AREA",
    "volumeNodes": [],
    "airPockets": []
  },
  "momentumCascade": {
    "cascadeDetected": false,
    "alignmentScore": 0.006142179770279306,
    "cascadeStrength": 0,
    "acceleratingTimeframes": [
      "15m",
      "1h"
    ],
    "divergingTimeframes": [
      "1m",
      "5m"
    ]
  },
  "breakoutConfirmation": {
    "breakoutConfirmed": false,
    "volumeConfirmation": false,
    "retestStrength": 0,
    "falseBreakoutRisk": 0,
    "breakoutQuality": "NO_BREAKOUT"
  },
  "liquidityHeatmap": {
    "liquidityScore": 0,
    "magnetDirection": "NONE",
    "magnetStrength": 0,
    "priceTarget5pct": null,
    "message": "No order book data"
  },
  "smartMoneyDivergence": {
    "divergenceDetected": false,
    "divergenceDirection": "NONE",
    "smartMoneyScore": 0.5,
    "message": "Insufficient trade data"
  },
  "microstructure": {
    "raw": -0.02100665249930703,
    "pct": 50,
    "summary": {
      "latestBucketSignedZ": 0,
      "buySellRatio": 0.5,
      "tradesPerSec": 0,
      "vwap": 0,
      "aggressorVWAP": 0,
      "vpinToxicity": "UNKNOWN",
      "sweepDirection": "NEUTRAL",
      "absorptionSide": "NONE",
      "icebergDetected": false,
      "hawkesDirection": "NEUTRAL",
      "cascadeDetected": false,
      "vacuumSide": "NONE",
      "volatilityRegime": "BELOW_NORMAL",
      "volExpanding": true,
      "favorableTimeWindow": false,
      "temporalAnomaly": true,
      "consensusDirection": "NEUTRAL",
      "consensusStrength": 50,
      "dominantPattern": "NONE",
      "convictionLevel": "LOW",
      "riskAdjustment": "REDUCE",
      "timingQuality": "UNFAVORABLE",
      "deltaDirection": "NEUTRAL",
      "deltaDivergence": false,
      "institutionalRatio": 0,
      "volumeProfilePosition": "ABOVE_VALUE_AREA",
      "pointOfControl": 0,
      "momentumCascadeDetected": false,
      "cascadeStrength": 0,
      "breakoutQuality": "NO_BREAKOUT",
      "breakoutConfirmed": false,
      "magnetDirection": "NONE",
      "magnetStrength": 0,
      "priceTarget5pct": null,
      "nearestBidWall": 0,
      "nearestAskWall": 0,
      "divergenceDetected": false,
      "divergenceDirection": "NONE",
      "whaleAccumulation": false,
      "whaleDistribution": false,
      "retailPanic": false,
      "smartMoneyScore": 0.5
    }
  }
}

=== MICROSTRUCTURE ALERTS ===

🔬 VPIN: Insufficient data for VPIN analysis

🌊 SWEEP DETECTION: No significant sweeps detected

🧊 ABSORPTION & ICEBERG: No significant absorption or iceberg orders detected

⚡ ORDER ARRIVAL DYNAMICS: Insufficient trades for analysis

🌪️ LIQUIDITY VACUUM: No significant vacuum detected

📊 VOLATILITY REGIME DETECTION:
   Current Regime: BELOW_NORMAL
   Regime Score: -0.50 (-1=low vol, +1=extreme vol)
   Days in Regime: 1
   ATR: $1.253846 (avg: $1.177667)
   ATR Percentile: 34.2%
   Realized Volatility: 54.04% (annualized)
   Vol Percentile: 27.1%

   🟢 BELOW NORMAL VOLATILITY:
   ⚡ Consolidation phase - watch for expansion
   ✅ Good entry zone for patient trades

   🚀 VOLATILITY EXPANDING:
   💥 Breakout likely imminent!
   📈 Market transitioning to higher vol regime
   ✅ Strong signal when combined with other indicators

   📍 MODERATE REGIME TRANSITION PROBABILITY: 40%
   Monitor for potential regime change

   ⚠️ NEW REGIME: Only 1 day(s) - conditions still settling

⏰ TEMPORAL PATTERN ANALYSIS:
   Current Time: Sunday 8:00 UTC
   Day Bias: NEUTRAL
   Current vs Avg Volume: 0x
   Current vs Avg Volatility: 0x

   ⏳ NON-FAVORABLE TIME WINDOW:
   This hour typically shows weaker activity
   Next favorable window in 1 hour(s)

   ⚠️ LOW ACTIVITY ANOMALY:
   Volume 0x below typical - Extremely quiet

   📉 LOW VOLATILITY ANOMALY:
   Volatility 0x below typical - Consolidation likely

   🔥 Best Trading Hours (UTC): 14:00, 15:00, 16:00

🎯 UNIFIED MICROSTRUCTURE INTEGRATION:
   Signal Consensus: NEUTRAL (50% agreement)
   Available Signals: 2 (1 bullish / 1 bearish / 0 neutral)
   Conviction Level: LOW (30%)
   Signal Quality: LOW
   Risk Adjustment: REDUCE
   Timing Quality: UNFAVORABLE

   ⚠️ LOW CONVICTION: Only 50% signal agreement
   Weak alignment - Reduce position size or wait for clarity

   ⚠️ RISK REDUCTION RECOMMENDED: Extreme volatility or unfavorable timing detected

   ⏰ UNFAVORABLE TIMING: Avoid trading during this hour

   Signal Directions Breakdown:
   • VPIN: NEUTRAL
   • Sweeps: NEUTRAL
   • Absorption: NEUTRAL
   • Arrival Dynamics: NEUTRAL
   • Liquidity Vacuum: NONE
   • Vol Regime: FAVORABLE
   • Temporal: UNFAVORABLE

   Adaptive Weights (Total: 4.1%):
   • VPIN: 0.0%
   • Sweeps: 0.0%
   • Absorption: 0.0%
   • Arrival: 0.0%
   • Vacuum: 0.0%
   • Vol Regime: 2.1%
   • Temporal: 2.0%


💹 DELTA ANALYSIS (Order Flow Aggression):
   Direction: NEUTRAL
   Delta Per Volume: 0.00%
   Institutional Ratio: 0.0%
   Aggression Score: 0.0%

📊 VOLUME PROFILE (Support/Resistance Strength):
   Point of Control (POC): $0.000000
   Value Area High: $0.000000
   Value Area Low: $0.000000
   Current Position: ABOVE_VALUE_AREA
   ⚠️ DISTRIBUTION RISK: Price above value area - potential rejection zone

⚡ MOMENTUM CASCADE (Multi-Timeframe Alignment):
   Cascade Detected: NO
   Alignment Score: 0.6%
   Cascade Strength: 0.0%
   Accelerating: 15m, 1h
   Diverging: 1m, 5m

💥 BREAKOUT CONFIRMATION:
   Quality: NO_BREAKOUT
   Volume Confirmation: NO
   Retest Strength: 0.0%
   False Breakout Risk: 0.0%
   No breakout detected - price below resistance


levels:
Entry=25.33922, StopLoss=24.5790434, TakeProfit=25.462223500000004, 25.585227, 25.683629800000002

---

=== Token: ZEC (ZEC) ===
Contract: ZEC-USD
Timestamp: 2025-05-12T13:05:00.000Z

Calculations:
{
  "momentumScore": 75.27480151489146,
  "volumeScore": 16.3243373205845,
  "patternScore": 0.05681269261833378,
  "totalScore": 27.026405730939267,
  "finalScore": 27.026405730939267,
  "weights": "0.27,0.41,0.23",
  "hourlyUptrend": false,
  "rsi": 44.17475728155338,
  "ultraShortVolumeSurge": 0.09339633941115638,
  "baseVolumeSurge": 0.018654964654628445,
  "currentPrice": 43.51,
  "resistance": 44.2,
  "support": 43.1,
  "rocMin5": 0.0043859649122806495,
  "shortROC": 0.0043859649122806495,
  "priceAcceleration": 0.0011032575284383177,
  "buySellRatio": 0.21192953302647421,
  "macdHistogram": -0.12105875272843597,
  "stochasticK": 36.231884057971136,
  "atr": 0.19785714285714256,
  "bbUpper": 44.90304994099361,
  "bbLower": 43.16595005900639,
  "hammerDetected": false,
  "engulfingDetected": false,
  "compressionSpring": {
    "detected": true,
    "confidence": 54,
    "signals": {
      "sidewaysPrice": true,
      "atrCompression": true,
      "bbSqueeze": true,
      "consolidationTime": true,
      "strongBuying": false,
      "obvPositive": false,
      "chaikinPositive": false,
      "rsiNeutral": false,
      "volumeBuilding": false
    },
    "metrics": {
      "priceRange": 3.18,
      "atrRatio": 0.593,
      "bbWidth": 3.94,
      "volumeRatio": 1.404,
      "signalCount": 4,
      "buySellRatio": 0.212
    }
  },
  "riskTier": "LOW",
  "atrPercent": 0.5909971435138043,
  "distanceToResistance": 1.5858423350953914,
  "slPercent": 2.5,
  "tpPercent": 1.3479659848310828,
  "trailingActivation": 0.8087795908986496,
  "shortMomentumScore": 10,
  "overboughtScore": 0,
  "shortPatternScore": 0,
  "shootingStarDetected": false,
  "bearishEngulfingDetected": false,
  "eveningStarDetected": false,
  "bearishPatternsCount": 0,
  "shortTotalScore": 4,
  "chaikin": -0.11149918558543595,
  "obvIncreasing": true,
  "obvTrend": "increasing",
  "adx": 67.34693877551007,
  "recentCandles": {
    "redCount": 4,
    "greenCount": 6
  },
  "resistanceDistance": 1.5858423350953914,
  "multiplePatterns": false,
  "bullishPattern": false,
  "priceAboveVWAP": true,
  "breakingResistance": false,
  "atrSufficient": false,
  "macdDivergenceBearish": true,
  "rvolMin1": -0.22406551394474955,
  "rvolMin5": -0.25723837075751155,
  "atrPercentileOld": 0.08536585365853659,
  "vwapDeviation": 0.3761420731047005,
  "bbWidthPercent": 3.9448611474803164,
  "bbSqueeze": false,
  "multiTFMomentum": {
    "min1": {
      "roc1": -0.005737893045673629,
      "roc3": -0.003908944584962099
    },
    "min5": {
      "roc1": 0.0043859649122806495,
      "roc3": 0
    },
    "min15": {
      "roc1": 0.004608294930875642,
      "roc3": -0.00022930520522811306
    },
    "hourly": {
      "roc1": 0.00806451612903229,
      "roc3": -0.008610922275096364
    },
    "fourHour": {
      "roc1": -0.015748031496063054,
      "roc3": -0.02734548688305907
    },
    "divergenceShortUpLongDown": true
  },
  "returnZMin5": 1.2818465975303355,
  "wickClosePct": 1,
  "wickUpper": 0,
  "wickLower": 0,
  "wickRatio": 0,
  "donchianBreakout15": false,
  "bbWidthPercentile15": 0.6363636363636364,
  "signedMin5": -2172.872524059999,
  "signedMin5Z": -16.157977655275847,
  "signedMin1": -1193.2927988399997,
  "signedMin1Z": -17.465899549048494,
  "streakMin1": {
    "upStreak": 0,
    "downStreak": 1
  },
  "streakMin5": {
    "upStreak": 1,
    "downStreak": 0
  },
  "rvolPercentileMin1": 0.575,
  "rvolPercentileMin5": 0.3159722222222222,
  "perTfMetrics": {
    "min1": {
      "sma20": 43.462500000000006,
      "sma50": 43.842600000000004,
      "ema20": 43.51596308181875,
      "ema50": 43.767528404576275,
      "vwma20": 43.44526947154544,
      "hma21": 43.41025974025973,
      "atr14": 0.1528571428571434,
      "atrPercentile": 0.6535750251762337,
      "rvolZ": -0.22406551394474955,
      "rvolPercentile": 0.575,
      "mfi14": 1.4503710208485217,
      "ppo": {
        "ppo": -0.251313536216783,
        "signal": -0.3148235916183513,
        "histogram": 0.06351005540156829
      },
      "stochRsi": {
        "k": 63.58125859039296,
        "d": 48.59097724623776
      },
      "vprofile": {
        "vpBins": [
          0.0015144887910984023,
          0.011889671492753917,
          0.07243846426103584,
          0.03175720731886524,
          0.007153232871612712,
          0.01497884445325659,
          0.10839186259031558,
          0.0753111397524287,
          0.08023649744710121,
          0.1776575406381621,
          0.05952140144297103,
          0.024649205770442575,
          0.03355217450703659,
          0.04104312979563016,
          0.12746971391581693,
          0.0668195472109663,
          0.05807269899582616,
          0.00003489899941960403,
          0.007484845308671624,
          0.00002343443658877014
        ],
        "currentBinShare": 0.011889671492753917
      },
      "ttm": {
        "squeeze": false,
        "release": false,
        "widthPct": 1.0807064324608404
      }
    },
    "min5": {
      "sma20": 43.587,
      "sma50": 44.09000000000001,
      "ema20": 43.62069905456675,
      "ema50": 43.92996918623157,
      "vwma20": 43.72550852922282,
      "hma21": 43.30770562770561,
      "atr14": 0.19785714285714256,
      "atrPercentile": 0.24452554744525548,
      "rvolZ": -0.25723837075751155,
      "rvolPercentile": 0.3159722222222222,
      "mfi14": 4.564766967000224,
      "ppo": {
        "ppo": -0.45651375214419176,
        "signal": -0.4960121808728987,
        "histogram": 0.03949842872870696
      },
      "stochRsi": {
        "k": 97.1083532117755,
        "d": 41.18875376664106
      },
      "vprofile": {
        "vpBins": [
          0.10422697690706076,
          0.009842790949127126,
          0.024071015031108086,
          0.24266786488171815,
          0.017459771654933166,
          0.0072839065693914296,
          0.005993935507947878,
          0,
          0.016429076977006338,
          0.03789297166880531,
          0.0037550449495765913,
          0.016049418199911326,
          0.17535588239334074,
          0.036993416430292,
          0.04560670096756515,
          0.06917763743964762,
          0.0866849957431027,
          0.09048739366399935,
          0.009615039801125828,
          0.0004061602643404808
        ],
        "currentBinShare": 0.03789297166880531
      },
      "ttm": {
        "squeeze": false,
        "release": false,
        "widthPct": 2.0440522988337078
      }
    },
    "min15": {
      "sma20": 44.0345,
      "sma50": 44.28500000000001,
      "ema20": 43.901157424548906,
      "ema50": 44.034790671391015,
      "vwma20": 43.95135805621934,
      "hma21": 43.40601731601732,
      "atr14": 0.25714285714285623,
      "atrPercentile": 0.08536585365853659,
      "rvolZ": -0.3774620710073579,
      "rvolPercentile": 0.3020833333333333,
      "mfi14": 40.82622843298036,
      "ppo": {
        "ppo": -0.5405075551121455,
        "signal": -0.36919014354791024,
        "histogram": -0.1713174115642353
      },
      "stochRsi": {
        "k": 25.221936493896113,
        "d": 23.65453596643158
      },
      "vprofile": {
        "vpBins": [
          0.06890341671433099,
          0.04358982429025795,
          0.018248068288838043,
          0.023227730883800538,
          0.2549230096396664,
          0.020522020599196424,
          0.010374832166192663,
          0,
          0.0038741047198644595,
          0.004972401876355898,
          0.03485108609795502,
          0.06555986231369616,
          0.139435668319888,
          0.02039391637650171,
          0.049011355987238624,
          0.04795550644161348,
          0.12446797672262369,
          0.04514893355326819,
          0.021201810859532377,
          0.0033384741491795443
        ],
        "currentBinShare": 0.03485108609795502
      },
      "ttm": {
        "squeeze": false,
        "release": false,
        "widthPct": 3.9448611474803164
      }
    },
    "hourly": {
      "sma20": 44.184999999999995,
      "sma50": 42.9806,
      "ema20": 43.8608876246785,
      "ema50": 43.19749196829363,
      "vwma20": 43.85670748943656,
      "hma21": 44.14861471861471,
      "atr14": 0.6635714285714275,
      "atrPercentile": 0.6521739130434783,
      "rvolZ": 0.27739437872017036,
      "rvolPercentile": 0.7767857142857143,
      "mfi14": 17.167357491271247,
      "ppo": {
        "ppo": 0.5718519614629713,
        "signal": 0.9584508390506867,
        "histogram": -0.3865988775877154
      },
      "stochRsi": {
        "k": 14.95156052182536,
        "d": 29.97724549448687
      },
      "vprofile": {
        "vpBins": [
          0.006330734898468528,
          0.04174255237745927,
          0.06642929676013713,
          0.05072053487829998,
          0.009469207133924747,
          0.023360572895029554,
          0.027299216389374336,
          0.039614090997440086,
          0.026804057308601307,
          0.1134339299345321,
          0.04372463167491727,
          0.05270530154931396,
          0.15670364550922247,
          0.15524914611470195,
          0.05541500537725621,
          0.05364825672738133,
          0.012253149119631337,
          0.030215742602929634,
          0.028010244842269435,
          0.006870682909109453
        ],
        "currentBinShare": 0.012253149119631337
      },
      "ttm": {
        "squeeze": false,
        "release": false,
        "widthPct": 7.849631872632974
      }
    },
    "fourHour": {
      "sma20": 42.70100000000001,
      "sma50": 39.702,
      "ema20": 42.6301499451001,
      "ema50": 40.570349036637474,
      "vwma20": 42.67519874445485,
      "hma21": 43.86160173160173,
      "atr14": 1.4692857142857139,
      "atrPercentile": 0.8857142857142857,
      "rvolZ": 0.07431636285370455,
      "rvolPercentile": 0.7142857142857143,
      "mfi14": 59.3363426890381,
      "ppo": {
        "ppo": 2.782105165452503,
        "signal": 2.787791981765552,
        "histogram": -0.005686816313049015
      },
      "stochRsi": {
        "k": 37.65367761732661,
        "d": 60.7105755708237
      },
      "vprofile": {
        "vpBins": [
          0.013782824890988669,
          0.04171481313647996,
          0.06649054385569175,
          0.1542422066466171,
          0.0895429513177533,
          0.028888141628143113,
          0.011345505567146214,
          0.03302459996483639,
          0.04150306338396574,
          0.005828872510947305,
          0.010982978847657865,
          0.13183551278076006,
          0.09082671971199112,
          0.08838691949474216,
          0.10843668519598205,
          0,
          0.02351473597175268,
          0.005409066766786745,
          0.054243858327757785,
          0
        ],
        "currentBinShare": 0.02351473597175268
      },
      "ttm": {
        "squeeze": false,
        "release": false,
        "widthPct": 10.30965279584609
      }
    },
    "daily": {
      "sma20": 37.591,
      "sma50": 36.58839999999999,
      "ema20": 38.83976048321131,
      "ema50": 36.66938934943898,
      "vwma20": 0,
      "hma21": 42.51329004329005,
      "atr14": 2.8664285714285715,
      "atrPercentile": 0.47368421052631576,
      "rvolZ": 0,
      "rvolPercentile": 1,
      "mfi14": 50,
      "ppo": {
        "ppo": 6.381336748756189,
        "signal": 3.833332416503763,
        "histogram": 2.5480043322524257
      },
      "stochRsi": {
        "k": 67.81479323948652,
        "d": 80.42974960855531
      },
      "vprofile": {
        "vpBins": [
          0,
          0,
          0,
          0,
          0,
          0,
          0,
          0,
          0,
          0,
          0,
          0,
          0,
          0,
          0,
          0,
          0,
          0,
          0,
          0
        ],
        "currentBinShare": 0
      },
      "ttm": {
        "squeeze": false,
        "release": false,
        "widthPct": 40.20125983576751
      }
    }
  },
  "smaMin5": 43.587,
  "emaMin5": 43.62069905456675,
  "vwmaMin5": 43.72550852922282,
  "hmaMin5": 43.30770562770561,
  "keltner15": {
    "upper": 44.32565742454891,
    "middle": 43.901157424548906,
    "lower": 43.476657424548904
  },
  "superTrend15": {
    "isBull": true,
    "finalUpper": 44.303999999999995,
    "finalLower": 42.606
  },
  "mfi15": 40.82622843298036,
  "stochRsi15": {
    "k": 25.221936493896113,
    "d": 23.65453596643158
  },
  "ppo15": {
    "ppo": -0.5405075551121455,
    "signal": -0.36919014354791024,
    "histogram": -0.1713174115642353
  },
  "vpMin15": {
    "vpBins": [
      0.06890341671433099,
      0.04358982429025795,
      0.018248068288838043,
      0.023227730883800538,
      0.2549230096396664,
      0.020522020599196424,
      0.010374832166192663,
      0,
      0.0038741047198644595,
      0.004972401876355898,
      0.03485108609795502,
      0.06555986231369616,
      0.139435668319888,
      0.02039391637650171,
      0.049011355987238624,
      0.04795550644161348,
      0.12446797672262369,
      0.04514893355326819,
      0.021201810859532377,
      0.0033384741491795443
    ],
    "currentBinShare": 0.03485108609795502
  },
  "ttm15": {
    "squeeze": false,
    "release": false,
    "widthPct": 3.9448611474803164
  },
  "marketCorrelation": {
    "hourly": {
      "btcCorrelation": 0,
      "ethCorrelation": 0,
      "btcBeta": 1,
      "ethBeta": 1,
      "btcTrend": "UNKNOWN",
      "ethTrend": "UNKNOWN",
      "tokenVol": 0,
      "btcVol": 0,
      "ethVol": 0,
      "marketDependence": 0,
      "verdict": "INSUFFICIENT_DATA"
    },
    "min15": {
      "btcCorrelation": 0,
      "ethCorrelation": 0,
      "btcBeta": 1,
      "ethBeta": 1,
      "btcTrend": "UNKNOWN",
      "ethTrend": "UNKNOWN",
      "tokenVol": 0,
      "btcVol": 0,
      "ethVol": 0,
      "marketDependence": 0,
      "verdict": "INSUFFICIENT_DATA"
    },
    "daily": {
      "btcCorrelation": 0,
      "ethCorrelation": 0,
      "btcBeta": 1,
      "ethBeta": 1,
      "btcTrend": "UNKNOWN",
      "ethTrend": "UNKNOWN",
      "tokenVol": 0,
      "btcVol": 0,
      "ethVol": 0,
      "marketDependence": 0,
      "verdict": "INSUFFICIENT_DATA"
    }
  },
  "tradeTape": {
    "totalTrades": 0,
    "totalVolume": 0,
    "buysVolume": 0,
    "sellsVolume": 0,
    "buySellRatio": 0.5,
    "vwap": 0,
    "signedVolume": 0,
    "avgTradeSize": 0,
    "tradesPerSec": 0,
    "cumulativeDelta": 0,
    "tradesLast1m": 0,
    "tradesLast5m": 0,
    "tradesLast15m": 0,
    "tradesLast1h": 0,
    "buyVWAP": 0,
    "sellVWAP": 0,
    "aggressorVWAP": 0,
    "bucketDurationMs": 60000,
    "bucketCount": 15,
    "bucketSignedVolumes": [],
    "bucketVolumes": [],
    "bucketVWAPs": [],
    "latestBucketSignedZ": 0
  },
  "enhancedMetrics": {
    "relativeVolumeZScore": -1,
    "volumePercentile": 40,
    "atrPercentile": 25.91240875912409,
    "volatilityPercentile": 95.88607594936708,
    "relativeVolatilityRatio": 0.949883156169317,
    "isHighVolume": false,
    "isHighVolatility": true,
    "isLowVolatility": false,
    "isExpandingVolatility": false,
    "isContractingVolatility": false
  },
  "orderBook": {
    "bidAskSpread": 0,
    "spreadPct": 0,
    "midPrice": 0,
    "bestBid": 0,
    "bestAsk": 0,
    "bidDepth": 0,
    "askDepth": 0,
    "orderBookImbalance": 0,
    "liquidityScore": 0,
    "depthAt1Pct": {
      "bidVolume": 0,
      "askVolume": 0,
      "imbalance": 0
    },
    "depthAt2Pct": {
      "bidVolume": 0,
      "askVolume": 0,
      "imbalance": 0
    },
    "depthAt5Pct": {
      "bidVolume": 0,
      "askVolume": 0,
      "imbalance": 0
    },
    "weightedMidPrice": 0,
    "volumeWeightedSpread": 0,
    "totalBidLevels": 0,
    "totalAskLevels": 0
  },
  "marketCap": {
    "marketCap": 0,
    "totalVolume24h": 0,
    "volumeToMarketCapRatio": 0,
    "marketCapRank": 0,
    "normalizedRank": 0,
    "isHighLiquidity": false,
    "isVeryHighLiquidity": false,
    "isLowLiquidity": true,
    "liquidityTier": "VERY_LOW"
  },
  "sweeps": {
    "sweepScore": 0,
    "sweepCount": 0,
    "sweepDirection": "NEUTRAL",
    "buySweeps": 0,
    "sellSweeps": 0,
    "avgSweepSize": 0,
    "avgSweepIntensity": 0,
    "bidLiftRatio": 0,
    "askLiftRatio": 0,
    "sweepFrequency": 0,
    "largestSweep": null,
    "recentSweepClusters": 0,
    "sweepDetails": []
  },
  "absorption": {
    "absorptionScore": 0,
    "absorptionLevel": null,
    "absorptionSide": "NONE",
    "icebergProbability": 0,
    "hiddenLiquidityEstimate": 0,
    "volumeAtPrice": {},
    "topAbsorptionLevels": [],
    "persistenceDuration": 0,
    "refillDetected": false
  },
  "orderArrival": {
    "avgInterArrivalTime": 0,
    "recentInterArrivalTime": 0,
    "accelerationRatio": 1,
    "hawkesIntensity": 0,
    "hawkesDirection": "NEUTRAL",
    "clusteringScore": 0,
    "burstCount": 0,
    "cascadeDetected": false,
    "timeToNextTrade": 0,
    "accelerationTrend": "STABLE"
  },
  "liquidityVacuum": {
    "vacuumScore": 0,
    "vacuumSide": "NONE",
    "bidVacuumSeverity": 0,
    "askVacuumSeverity": 0,
    "depthConcentration": 0,
    "priceImpact10k": 0,
    "priceImpact50k": 0,
    "priceImpact100k": 0,
    "largestGapBid": 0,
    "largestGapAsk": 0,
    "avgGapBid": 0,
    "avgGapAsk": 0,
    "bidCliffDistance": 0,
    "askCliffDistance": 0
  },
  "volatilityRegime": {
    "regime": "BELOW_NORMAL",
    "regimeScore": -0.5,
    "currentATR": 2.774615,
    "avgATR": 3.023744,
    "atrPercentile": 42.1,
    "realizedVolatility": 70.21,
    "volPercentile": 18.6,
    "expanding": false,
    "contracting": true,
    "transitionProbability": 0.4,
    "daysInRegime": 1,
    "regimeStrength": 0.96
  },
  "temporalPatterns": {
    "currentHour": 8,
    "currentDay": 0,
    "currentDayName": "Sunday",
    "dayBias": "NEUTRAL",
    "hourlyProfile": [
      {
        "avgVolume": 493.34,
        "avgATR": 0.661429,
        "avgReturn": 0.009
      },
      {
        "avgVolume": 396.37,
        "avgATR": 0.535714,
        "avgReturn": -0.139
      },
      {
        "avgVolume": 562.58,
        "avgATR": 0.58,
        "avgReturn": -0.094
      },
      {
        "avgVolume": 292.41,
        "avgATR": 0.492857,
        "avgReturn": -0.226
      },
      {
        "avgVolume": 378.88,
        "avgATR": 0.392143,
        "avgReturn": -0.072
      },
      {
        "avgVolume": 122.94,
        "avgATR": 0.383571,
        "avgReturn": -0.115
      },
      {
        "avgVolume": 130.21,
        "avgATR": 0.419286,
        "avgReturn": 0.174
      },
      {
        "avgVolume": 301.99,
        "avgATR": 0.538571,
        "avgReturn": -0.194
      },
      {
        "avgVolume": 344.98,
        "avgATR": 0.581429,
        "avgReturn": -0.039
      },
      {
        "avgVolume": 352.11,
        "avgATR": 0.489286,
        "avgReturn": -0.028
      },
      {
        "avgVolume": 251.34,
        "avgATR": 0.539286,
        "avgReturn": 0.166
      },
      {
        "avgVolume": 407.73,
        "avgATR": 0.595714,
        "avgReturn": 0.007
      },
      {
        "avgVolume": 433.72,
        "avgATR": 0.615714,
        "avgReturn": -0.087
      },
      {
        "avgVolume": 641.86,
        "avgATR": 0.773571,
        "avgReturn": -0.535
      },
      {
        "avgVolume": 628.27,
        "avgATR": 0.746923,
        "avgReturn": 0.642
      },
      {
        "avgVolume": 725.32,
        "avgATR": 0.679286,
        "avgReturn": -0.234
      },
      {
        "avgVolume": 493.86,
        "avgATR": 0.584286,
        "avgReturn": -0.169
      },
      {
        "avgVolume": 1027.55,
        "avgATR": 0.723571,
        "avgReturn": 0.746
      },
      {
        "avgVolume": 976.3,
        "avgATR": 0.583571,
        "avgReturn": -0.107
      },
      {
        "avgVolume": 748.39,
        "avgATR": 0.536429,
        "avgReturn": -0.135
      },
      {
        "avgVolume": 779.81,
        "avgATR": 0.616429,
        "avgReturn": 0.46
      },
      {
        "avgVolume": 662.81,
        "avgATR": 0.742857,
        "avgReturn": 0.732
      },
      {
        "avgVolume": 479.94,
        "avgATR": 0.632857,
        "avgReturn": 0.607
      },
      {
        "avgVolume": 768.12,
        "avgATR": 0.515714,
        "avgReturn": 0.098
      }
    ],
    "dailyProfile": [
      {
        "avgVolume": 438.24,
        "avgATR": 0.683958,
        "avgReturn": 0.071
      },
      {
        "avgVolume": 515.52,
        "avgATR": 0.549787,
        "avgReturn": -0.062
      },
      {
        "avgVolume": 404.75,
        "avgATR": 0.539583,
        "avgReturn": 0.028
      },
      {
        "avgVolume": 759.37,
        "avgATR": 0.592292,
        "avgReturn": 0.223
      },
      {
        "avgVolume": 465.71,
        "avgATR": 0.574167,
        "avgReturn": 0.158
      },
      {
        "avgVolume": 658.9,
        "avgATR": 0.664792,
        "avgReturn": -0.066
      },
      {
        "avgVolume": 372.06,
        "avgATR": 0.463125,
        "avgReturn": 0.061
      }
    ],
    "favorableHours": [
      17,
      18,
      20,
      23,
      19,
      15
    ],
    "favorableWindow": false,
    "currentVsAvgVolume": 0,
    "currentVsAvgVolatility": 0,
    "anomalyDetected": true,
    "timeUntilFavorable": 7,
    "temporalScore": 0
  },
  "unifiedMicrostructure": {
    "signalDirections": {
      "vpin": "NEUTRAL",
      "sweeps": "NEUTRAL",
      "absorption": "NEUTRAL",
      "arrival": "NEUTRAL",
      "vacuum": "NONE",
      "volRegime": "FAVORABLE",
      "temporal": "UNFAVORABLE"
    },
    "consensusDirection": "NEUTRAL",
    "consensusStrength": 50,
    "bullishSignals": 1,
    "bearishSignals": 1,
    "neutralSignals": 0,
    "totalAvailableSignals": 2,
    "dominantPattern": "NONE",
    "clusters": {
      "strongBuyCluster": false,
      "distributionPattern": false,
      "accumulationPattern": false,
      "momentumCascade": false
    },
    "adaptiveWeights": {
      "vpin": 0,
      "sweeps": 0,
      "absorption": 0,
      "arrival": 0,
      "vacuum": 0,
      "volRegime": 0.021,
      "temporal": 0.02
    },
    "convictionLevel": "LOW",
    "convictionScore": 30,
    "riskAdjustment": "REDUCE",
    "timingQuality": "UNFAVORABLE",
    "signalQuality": "LOW"
  },
  "deltaAnalysis": {
    "currentDelta": 0,
    "cumulativeDelta": 0,
    "deltaPerVolume": 0,
    "deltaDirection": "NEUTRAL",
    "deltaDivergence": false,
    "institutionalRatio": 0,
    "aggressionScore": 0
  },
  "volumeProfile": {
    "pointOfControl": 0,
    "valueAreaHigh": 0,
    "valueAreaLow": 0,
    "currentPosition": "ABOVE_VALUE_AREA",
    "volumeNodes": [],
    "airPockets": []
  },
  "momentumCascade": {
    "cascadeDetected": false,
    "alignmentScore": -0.002730557360777887,
    "cascadeStrength": 0,
    "acceleratingTimeframes": [],
    "divergingTimeframes": [
      "1m",
      "15m",
      "1h"
    ]
  },
  "breakoutConfirmation": {
    "breakoutConfirmed": false,
    "volumeConfirmation": false,
    "retestStrength": 0,
    "falseBreakoutRisk": 0,
    "breakoutQuality": "NO_BREAKOUT"
  },
  "liquidityHeatmap": {
    "liquidityScore": 0,
    "magnetDirection": "NONE",
    "magnetStrength": 0,
    "priceTarget5pct": null,
    "message": "No order book data"
  },
  "smartMoneyDivergence": {
    "divergenceDetected": false,
    "divergenceDirection": "NONE",
    "smartMoneyScore": 0.5,
    "message": "Insufficient trade data"
  },
  "microstructure": {
    "raw": 0.007806985124272376,
    "pct": 50,
    "summary": {
      "latestBucketSignedZ": 0,
      "buySellRatio": 0.5,
      "tradesPerSec": 0,
      "vwap": 0,
      "aggressorVWAP": 0,
      "vpinToxicity": "UNKNOWN",
      "sweepDirection": "NEUTRAL",
      "absorptionSide": "NONE",
      "icebergDetected": false,
      "hawkesDirection": "NEUTRAL",
      "cascadeDetected": false,
      "vacuumSide": "NONE",
      "volatilityRegime": "BELOW_NORMAL",
      "volExpanding": false,
      "favorableTimeWindow": false,
      "temporalAnomaly": true,
      "consensusDirection": "NEUTRAL",
      "consensusStrength": 50,
      "dominantPattern": "NONE",
      "convictionLevel": "LOW",
      "riskAdjustment": "REDUCE",
      "timingQuality": "UNFAVORABLE",
      "deltaDirection": "NEUTRAL",
      "deltaDivergence": false,
      "institutionalRatio": 0,
      "volumeProfilePosition": "ABOVE_VALUE_AREA",
      "pointOfControl": 0,
      "momentumCascadeDetected": false,
      "cascadeStrength": 0,
      "breakoutQuality": "NO_BREAKOUT",
      "breakoutConfirmed": false,
      "magnetDirection": "NONE",
      "magnetStrength": 0,
      "priceTarget5pct": null,
      "nearestBidWall": 0,
      "nearestAskWall": 0,
      "divergenceDetected": false,
      "divergenceDirection": "NONE",
      "whaleAccumulation": false,
      "whaleDistribution": false,
      "retailPanic": false,
      "smartMoneyScore": 0.5
    }
  }
}

=== MICROSTRUCTURE ALERTS ===

🔬 VPIN: Insufficient data for VPIN analysis

🌊 SWEEP DETECTION: No significant sweeps detected

🧊 ABSORPTION & ICEBERG: No significant absorption or iceberg orders detected

⚡ ORDER ARRIVAL DYNAMICS: Insufficient trades for analysis

🌪️ LIQUIDITY VACUUM: No significant vacuum detected

📊 VOLATILITY REGIME DETECTION:
   Current Regime: BELOW_NORMAL
   Regime Score: -0.50 (-1=low vol, +1=extreme vol)
   Days in Regime: 1
   ATR: $2.774615 (avg: $3.023744)
   ATR Percentile: 42.1%
   Realized Volatility: 70.21% (annualized)
   Vol Percentile: 18.6%

   🟢 BELOW NORMAL VOLATILITY:
   ⚡ Consolidation phase - watch for expansion
   ✅ Good entry zone for patient trades

   📉 VOLATILITY CONTRACTING:
   🔄 Consolidation phase - accumulation likely
   ⏳ Wait for expansion before entering

   📍 MODERATE REGIME TRANSITION PROBABILITY: 40%
   Monitor for potential regime change

   ⚠️ NEW REGIME: Only 1 day(s) - conditions still settling

⏰ TEMPORAL PATTERN ANALYSIS:
   Current Time: Sunday 8:00 UTC
   Day Bias: NEUTRAL
   Current vs Avg Volume: 0x
   Current vs Avg Volatility: 0x

   ⏳ NON-FAVORABLE TIME WINDOW:
   This hour typically shows weaker activity
   Next favorable window in 7 hour(s)

   ⚠️ LOW ACTIVITY ANOMALY:
   Volume 0x below typical - Extremely quiet

   📉 LOW VOLATILITY ANOMALY:
   Volatility 0x below typical - Consolidation likely

   🔥 Best Trading Hours (UTC): 17:00, 18:00, 20:00

🎯 UNIFIED MICROSTRUCTURE INTEGRATION:
   Signal Consensus: NEUTRAL (50% agreement)
   Available Signals: 2 (1 bullish / 1 bearish / 0 neutral)
   Conviction Level: LOW (30%)
   Signal Quality: LOW
   Risk Adjustment: REDUCE
   Timing Quality: UNFAVORABLE

   ⚠️ LOW CONVICTION: Only 50% signal agreement
   Weak alignment - Reduce position size or wait for clarity

   ⚠️ RISK REDUCTION RECOMMENDED: Extreme volatility or unfavorable timing detected

   ⏰ UNFAVORABLE TIMING: Avoid trading during this hour

   Signal Directions Breakdown:
   • VPIN: NEUTRAL
   • Sweeps: NEUTRAL
   • Absorption: NEUTRAL
   • Arrival Dynamics: NEUTRAL
   • Liquidity Vacuum: NONE
   • Vol Regime: FAVORABLE
   • Temporal: UNFAVORABLE

   Adaptive Weights (Total: 4.1%):
   • VPIN: 0.0%
   • Sweeps: 0.0%
   • Absorption: 0.0%
   • Arrival: 0.0%
   • Vacuum: 0.0%
   • Vol Regime: 2.1%
   • Temporal: 2.0%


💹 DELTA ANALYSIS (Order Flow Aggression):
   Direction: NEUTRAL
   Delta Per Volume: 0.00%
   Institutional Ratio: 0.0%
   Aggression Score: 0.0%

📊 VOLUME PROFILE (Support/Resistance Strength):
   Point of Control (POC): $0.000000
   Value Area High: $0.000000
   Value Area Low: $0.000000
   Current Position: ABOVE_VALUE_AREA
   ⚠️ DISTRIBUTION RISK: Price above value area - potential rejection zone

⚡ MOMENTUM CASCADE (Multi-Timeframe Alignment):
   Cascade Detected: NO
   Alignment Score: -0.3%
   Cascade Strength: 0.0%
   Accelerating: None
   Diverging: 1m, 15m, 1h

💥 BREAKOUT CONFIRMATION:
   Quality: NO_BREAKOUT
   Volume Confirmation: NO
   Retest Strength: 0.0%
   False Breakout Risk: 0.0%
   No breakout detected - price below resistance


levels:
Entry=43.422979999999995, StopLoss=42.337405499999996, TakeProfit=43.7156435, 44.008307, 44.2424378

---

=== Token: OMNI (OMNI) ===
Contract: OMNI-USD
Timestamp: 2025-05-12T13:05:00.000Z

Calculations:
{
  "momentumScore": 122.85733405745694,
  "volumeScore": 60.13590552526964,
  "patternScore": 95.11840328614906,
  "totalScore": 75.6638477003338,
  "finalScore": 75.6638477003338,
  "weights": "0.23,0.45,0.23",
  "hourlyUptrend": true,
  "rsi": 41.68937329700275,
  "ultraShortVolumeSurge": 1.4974708016631793,
  "baseVolumeSurge": 0.02644412111741736,
  "currentPrice": 3.348,
  "resistance": 3.453,
  "support": 3.241,
  "rocMin5": 0.008130081300812915,
  "shortROC": 0.0038980509745127137,
  "priceAcceleration": 0.0020418251732685234,
  "buySellRatio": 0.44049963837171746,
  "macdHistogram": 0.0016885643217181973,
  "stochasticK": 54.71698113207558,
  "atr": 0.04092857142857146,
  "bbUpper": 3.455229107608799,
  "bbLower": 3.1656708923912027,
  "hammerDetected": false,
  "engulfingDetected": false,
  "compressionSpring": {
    "detected": false,
    "confidence": 0,
    "signals": {
      "sidewaysPrice": true,
      "atrCompression": true,
      "bbSqueeze": false,
      "consolidationTime": true,
      "strongBuying": false,
      "obvPositive": false,
      "chaikinPositive": false,
      "rsiNeutral": false,
      "volumeBuilding": false
    },
    "metrics": {
      "priceRange": 6.54,
      "atrRatio": 0.849,
      "bbWidth": 8.75,
      "volumeRatio": 0.669,
      "signalCount": 3,
      "buySellRatio": 0.44
    }
  },
  "riskTier": "HIGH",
  "atrPercent": 2.133469875405359,
  "distanceToResistance": 3.136200716845878,
  "slPercent": 5,
  "tpPercent": 2.665770609318996,
  "trailingActivation": 1.5994623655913975,
  "shortMomentumScore": 0,
  "overboughtScore": 0,
  "shortPatternScore": 0,
  "shootingStarDetected": false,
  "bearishEngulfingDetected": false,
  "eveningStarDetected": false,
  "bearishPatternsCount": 0,
  "shortTotalScore": 0,
  "chaikin": 0.18917598915711306,
  "obvIncreasing": true,
  "obvTrend": "increasing",
  "adx": 45.9584295612009,
  "recentCandles": {
    "redCount": 4,
    "greenCount": 6
  },
  "resistanceDistance": 3.136200716845878,
  "multiplePatterns": false,
  "bullishPattern": false,
  "priceAboveVWAP": true,
  "breakingResistance": false,
  "atrSufficient": true,
  "macdDivergenceBearish": true,
  "rvolMin1": -0.45467193650502064,
  "rvolMin5": -0.08667845023169074,
  "atrPercentileOld": 1,
  "vwapDeviation": 5.040406945895555,
  "bbWidthPercent": 8.746793191789518,
  "bbSqueeze": false,
  "multiTFMomentum": {
    "min1": {
      "roc1": -0.004453681710213682,
      "roc3": -0.005044510385756648
    },
    "min5": {
      "roc1": 0.0038980509745127137,
      "roc3": -0.0002985965959989053
    },
    "min15": {
      "roc1": -0.003266033254156674,
      "roc3": 0.02660550458715602
    },
    "hourly": {
      "roc1": 0.019002375296912132,
      "roc3": 0.010600706713780928
    },
    "fourHour": {
      "roc1": 0.04379562043795625,
      "roc3": 0.1270935960591133
    },
    "divergenceShortUpLongDown": false
  },
  "returnZMin5": 0.3236657005678074,
  "wickClosePct": 1,
  "wickUpper": 0,
  "wickLower": 0.0129999999999999,
  "wickRatio": 0.7647058823529397,
  "donchianBreakout15": false,
  "bbWidthPercentile15": 0.8311688311688312,
  "signedMin5": 9805.990000000003,
  "signedMin5Z": 10.595716500467455,
  "signedMin1": 10687.359999999995,
  "signedMin1Z": 19.787970886386752,
  "streakMin1": {
    "upStreak": 0,
    "downStreak": 1
  },
  "streakMin5": {
    "upStreak": 1,
    "downStreak": 0
  },
  "rvolPercentileMin1": 0.3701388888888889,
  "rvolPercentileMin5": 0.7326388888888888,
  "perTfMetrics": {
    "min1": {
      "sma20": 3.315899999999999,
      "sma50": 3.355240000000001,
      "ema20": 3.3327061245697385,
      "ema50": 3.3332053562492265,
      "vwma20": 3.3173685447217567,
      "hma21": 3.3320606060606073,
      "atr14": 0.02414285714285715,
      "atrPercentile": 0.9179254783484391,
      "rvolZ": -0.45467193650502064,
      "rvolPercentile": 0.3701388888888889,
      "mfi14": 46.302897747984446,
      "ppo": {
        "ppo": 0.07284732420226536,
        "signal": -0.2283009019843808,
        "histogram": 0.30114822618664616
      },
      "stochRsi": {
        "k": 85.38624563331967,
        "d": 60.84306131670192
      },
      "vprofile": {
        "vpBins": [
          0.011662521539608011,
          0.02483614778906442,
          0.08675742313279301,
          0.040014235736313415,
          0.010277342222246978,
          0.04432713069543841,
          0.08687578902304577,
          0.024059508401590997,
          0.0021934492536583015,
          0.005526195067782874,
          0.035422832800123184,
          0.041929375947175794,
          0.1549699947441566,
          0.04570673985325813,
          0.09419975308278489,
          0.05746295943372167,
          0.07564873459900621,
          0.07619023368012882,
          0.07496380390969498,
          0.006975829088407584
        ],
        "currentBinShare": 0.07564873459900621
      },
      "ttm": {
        "squeeze": false,
        "release": false,
        "widthPct": 3.876345902494228
      }
    },
    "min5": {
      "sma20": 3.3505499999999997,
      "sma50": 3.3021400000000005,
      "ema20": 3.335534490910899,
      "ema50": 3.2913763208484985,
      "vwma20": 3.3686218342640544,
      "hma21": 3.288012987012987,
      "atr14": 0.04092857142857146,
      "atrPercentile": 0.8905109489051095,
      "rvolZ": -0.08667845023169074,
      "rvolPercentile": 0.7326388888888888,
      "mfi14": 42.06179519716523,
      "ppo": {
        "ppo": 0.19584100754079922,
        "signal": 0.3283654858069884,
        "histogram": -0.13252447826618916
      },
      "stochRsi": {
        "k": 30.723533736837165,
        "d": 45.15847857070823
      },
      "vprofile": {
        "vpBins": [
          0.024879519718681964,
          0.058012975574064395,
          0.04198889438155055,
          0.04784341375261254,
          0.09653046517303565,
          0.03135675828330403,
          0.09930974664019324,
          0.08665913729837443,
          0.057099094701744485,
          0.01152276239432953,
          0.037134201919725204,
          0.02379158913143439,
          0.09614568584457985,
          0.02000936416234859,
          0.042818747120148486,
          0.057946688044894286,
          0.03961980446017978,
          0.05812625173150699,
          0.06920489966729175,
          0
        ],
        "currentBinShare": 0.03961980446017978
      },
      "ttm": {
        "squeeze": false,
        "release": false,
        "widthPct": 4.939858126357286
      }
    },
    "min15": {
      "sma20": 3.310450000000001,
      "sma50": 3.1783599999999996,
      "ema20": 3.303418804688226,
      "ema50": 3.2070921036407487,
      "vwma20": 3.324755816826145,
      "hma21": 3.408099567099568,
      "atr14": 0.07142857142857142,
      "atrPercentile": 1,
      "rvolZ": 0.15334000085912874,
      "rvolPercentile": 0.8020833333333334,
      "mfi14": 81.89621443372474,
      "ppo": {
        "ppo": 1.5579967789901328,
        "signal": 1.8058760359324408,
        "histogram": -0.24787925694230806
      },
      "stochRsi": {
        "k": 12.876522713980842,
        "d": 61.34455576118858
      },
      "vprofile": {
        "vpBins": [
          0.05267113346305713,
          0.039037443102412084,
          0.06992568609585757,
          0.08254724566389224,
          0.011752156254079944,
          0.02223488979300343,
          0.09296183161251977,
          0.019860328732154063,
          0.006229941443487654,
          0,
          0.0452411338159643,
          0.047715482419747074,
          0.10264278789010366,
          0.08474274545432103,
          0.006566333247627306,
          0.03434343012898843,
          0.14692324929796682,
          0.13460418158481738,
          0,
          0
        ],
        "currentBinShare": 0.14692324929796682
      },
      "ttm": {
        "squeeze": false,
        "release": false,
        "widthPct": 8.746793191789518
      }
    },
    "hourly": {
      "sma20": 3.1363,
      "sma50": 3.0492799999999995,
      "ema20": 3.183121399110457,
      "ema50": 3.0411879183602526,
      "vwma20": 3.259894944064833,
      "hma21": 3.346099567099567,
      "atr14": 0.10378571428571427,
      "atrPercentile": 1,
      "rvolZ": 2.342182800787665,
      "rvolPercentile": 0.9672619047619048,
      "mfi14": 64.86034434534449,
      "ppo": {
        "ppo": 3.2967503150178454,
        "signal": 2.2757448215375726,
        "histogram": 1.0210054934802728
      },
      "stochRsi": {
        "k": 87.5483423136979,
        "d": 79.24765465266199
      },
      "vprofile": {
        "vpBins": [
          0.03607536842053911,
          0.12369521867403976,
          0.10076351444471952,
          0.06943215122469415,
          0.02185269520525808,
          0.018917527219152137,
          0.015471406321843986,
          0.021872599610449326,
          0.012503600965461223,
          0.09905961442532736,
          0.028936102224731957,
          0.008674905691903712,
          0.08736943527348431,
          0.09087870875049854,
          0.09754341587400707,
          0.04855730870976279,
          0.025808695737017925,
          0.023108477788659612,
          0.03720945605602504,
          0.03226979738242436
        ],
        "currentBinShare": 0.03226979738242436
      },
      "ttm": {
        "squeeze": false,
        "release": true,
        "widthPct": 18.6829831634809
      }
    },
    "fourHour": {
      "sma20": 2.9558,
      "sma50": 2.4763599999999997,
      "ema20": 2.9409935516020895,
      "ema50": 2.6659908009301554,
      "vwma20": 2.9959653407451325,
      "hma21": 3.2153982683982685,
      "atr14": 0.14521428571428574,
      "atrPercentile": 0.9571428571428572,
      "rvolZ": 2.302537971745076,
      "rvolPercentile": 0.9880952380952381,
      "mfi14": 90.89014155502207,
      "ppo": {
        "ppo": 7.4650505186534595,
        "signal": 7.020296395300114,
        "histogram": 0.44475412335334585
      },
      "stochRsi": {
        "k": 32.711793310197514,
        "d": 73.8785449357957
      },
      "vprofile": {
        "vpBins": [
          0.021361839311077532,
          0.07358400394705829,
          0.05283332515013931,
          0.1630055221163411,
          0.07361512130566307,
          0.11639297921190242,
          0.01343330524282538,
          0.12923187144588932,
          0.048841754095508866,
          0.040937490267705046,
          0.014154422419143494,
          0.015111238970179398,
          0.053646703021009594,
          0.03371246835660212,
          0.07082497912376039,
          0.021155295407219492,
          0,
          0.02114987747881106,
          0,
          0.03700780312916418
        ],
        "currentBinShare": 0.03700780312916418
      },
      "ttm": {
        "squeeze": false,
        "release": true,
        "widthPct": 25.81698781205781
      }
    },
    "daily": {
      "sma20": 2.5096,
      "sma50": 2.394739999999999,
      "ema20": 2.535401931549729,
      "ema50": 2.640919522469788,
      "vwma20": 0,
      "hma21": 2.4919610389610383,
      "atr14": 0.2972857142857143,
      "atrPercentile": 0.7236842105263158,
      "rvolZ": 0,
      "rvolPercentile": 1,
      "mfi14": 50,
      "ppo": {
        "ppo": 5.77387033096427,
        "signal": 1.3992882727674834,
        "histogram": 4.374582058196786
      },
      "stochRsi": {
        "k": 71.07910224182737,
        "d": 62.75006275587854
      },
      "vprofile": {
        "vpBins": [
          0,
          0,
          0,
          0,
          0,
          0,
          0,
          0,
          0,
          0,
          0,
          0,
          0,
          0,
          0,
          0,
          0,
          0,
          0,
          0
        ],
        "currentBinShare": 0
      },
      "ttm": {
        "squeeze": false,
        "release": true,
        "widthPct": 51.59989866871957
      }
    }
  },
  "smaMin5": 3.3505499999999997,
  "emaMin5": 3.335534490910899,
  "vwmaMin5": 3.3686218342640544,
  "hmaMin5": 3.288012987012987,
  "keltner15": {
    "upper": 3.408418804688226,
    "middle": 3.303418804688226,
    "lower": 3.198418804688226
  },
  "superTrend15": {
    "isBull": true,
    "finalUpper": 3.5505,
    "finalLower": 3.1305
  },
  "mfi15": 81.89621443372474,
  "stochRsi15": {
    "k": 12.876522713980842,
    "d": 61.34455576118858
  },
  "ppo15": {
    "ppo": 1.5579967789901328,
    "signal": 1.8058760359324408,
    "histogram": -0.24787925694230806
  },
  "vpMin15": {
    "vpBins": [
      0.05267113346305713,
      0.039037443102412084,
      0.06992568609585757,
      0.08254724566389224,
      0.011752156254079944,
      0.02223488979300343,
      0.09296183161251977,
      0.019860328732154063,
      0.006229941443487654,
      0,
      0.0452411338159643,
      0.047715482419747074,
      0.10264278789010366,
      0.08474274545432103,
      0.006566333247627306,
      0.03434343012898843,
      0.14692324929796682,
      0.13460418158481738,
      0,
      0
    ],
    "currentBinShare": 0.14692324929796682
  },
  "ttm15": {
    "squeeze": false,
    "release": false,
    "widthPct": 8.746793191789518
  },
  "marketCorrelation": {
    "hourly": {
      "btcCorrelation": 0,
      "ethCorrelation": 0,
      "btcBeta": 1,
      "ethBeta": 1,
      "btcTrend": "UNKNOWN",
      "ethTrend": "UNKNOWN",
      "tokenVol": 0,
      "btcVol": 0,
      "ethVol": 0,
      "marketDependence": 0,
      "verdict": "INSUFFICIENT_DATA"
    },
    "min15": {
      "btcCorrelation": 0,
      "ethCorrelation": 0,
      "btcBeta": 1,
      "ethBeta": 1,
      "btcTrend": "UNKNOWN",
      "ethTrend": "UNKNOWN",
      "tokenVol": 0,
      "btcVol": 0,
      "ethVol": 0,
      "marketDependence": 0,
      "verdict": "INSUFFICIENT_DATA"
    },
    "daily": {
      "btcCorrelation": 0,
      "ethCorrelation": 0,
      "btcBeta": 1,
      "ethBeta": 1,
      "btcTrend": "UNKNOWN",
      "ethTrend": "UNKNOWN",
      "tokenVol": 0,
      "btcVol": 0,
      "ethVol": 0,
      "marketDependence": 0,
      "verdict": "INSUFFICIENT_DATA"
    }
  },
  "tradeTape": {
    "totalTrades": 0,
    "totalVolume": 0,
    "buysVolume": 0,
    "sellsVolume": 0,
    "buySellRatio": 0.5,
    "vwap": 0,
    "signedVolume": 0,
    "avgTradeSize": 0,
    "tradesPerSec": 0,
    "cumulativeDelta": 0,
    "tradesLast1m": 0,
    "tradesLast5m": 0,
    "tradesLast15m": 0,
    "tradesLast1h": 0,
    "buyVWAP": 0,
    "sellVWAP": 0,
    "aggressorVWAP": 0,
    "bucketDurationMs": 60000,
    "bucketCount": 15,
    "bucketSignedVolumes": [],
    "bucketVolumes": [],
    "bucketVWAPs": [],
    "latestBucketSignedZ": 0
  },
  "enhancedMetrics": {
    "relativeVolumeZScore": -1,
    "volumePercentile": 40,
    "atrPercentile": 89.78102189781022,
    "volatilityPercentile": 61.70886075949367,
    "relativeVolatilityRatio": 1.0728541245033494,
    "isHighVolume": false,
    "isHighVolatility": false,
    "isLowVolatility": false,
    "isExpandingVolatility": false,
    "isContractingVolatility": false
  },
  "orderBook": {
    "bidAskSpread": 0,
    "spreadPct": 0,
    "midPrice": 0,
    "bestBid": 0,
    "bestAsk": 0,
    "bidDepth": 0,
    "askDepth": 0,
    "orderBookImbalance": 0,
    "liquidityScore": 0,
    "depthAt1Pct": {
      "bidVolume": 0,
      "askVolume": 0,
      "imbalance": 0
    },
    "depthAt2Pct": {
      "bidVolume": 0,
      "askVolume": 0,
      "imbalance": 0
    },
    "depthAt5Pct": {
      "bidVolume": 0,
      "askVolume": 0,
      "imbalance": 0
    },
    "weightedMidPrice": 0,
    "volumeWeightedSpread": 0,
    "totalBidLevels": 0,
    "totalAskLevels": 0
  },
  "marketCap": {
    "marketCap": 0,
    "totalVolume24h": 0,
    "volumeToMarketCapRatio": 0,
    "marketCapRank": 0,
    "normalizedRank": 0,
    "isHighLiquidity": false,
    "isVeryHighLiquidity": false,
    "isLowLiquidity": true,
    "liquidityTier": "VERY_LOW"
  },
  "sweeps": {
    "sweepScore": 0,
    "sweepCount": 0,
    "sweepDirection": "NEUTRAL",
    "buySweeps": 0,
    "sellSweeps": 0,
    "avgSweepSize": 0,
    "avgSweepIntensity": 0,
    "bidLiftRatio": 0,
    "askLiftRatio": 0,
    "sweepFrequency": 0,
    "largestSweep": null,
    "recentSweepClusters": 0,
    "sweepDetails": []
  },
  "absorption": {
    "absorptionScore": 0,
    "absorptionLevel": null,
    "absorptionSide": "NONE",
    "icebergProbability": 0,
    "hiddenLiquidityEstimate": 0,
    "volumeAtPrice": {},
    "topAbsorptionLevels": [],
    "persistenceDuration": 0,
    "refillDetected": false
  },
  "orderArrival": {
    "avgInterArrivalTime": 0,
    "recentInterArrivalTime": 0,
    "accelerationRatio": 1,
    "hawkesIntensity": 0,
    "hawkesDirection": "NEUTRAL",
    "clusteringScore": 0,
    "burstCount": 0,
    "cascadeDetected": false,
    "timeToNextTrade": 0,
    "accelerationTrend": "STABLE"
  },
  "liquidityVacuum": {
    "vacuumScore": 0,
    "vacuumSide": "NONE",
    "bidVacuumSeverity": 0,
    "askVacuumSeverity": 0,
    "depthConcentration": 0,
    "priceImpact10k": 0,
    "priceImpact50k": 0,
    "priceImpact100k": 0,
    "largestGapBid": 0,
    "largestGapAsk": 0,
    "avgGapBid": 0,
    "avgGapAsk": 0,
    "bidCliffDistance": 0,
    "askCliffDistance": 0
  },
  "volatilityRegime": {
    "regime": "ELEVATED",
    "regimeScore": 0.5,
    "currentATR": 0.261846,
    "avgATR": 0.206838,
    "atrPercentile": 55.3,
    "realizedVolatility": 97.77,
    "volPercentile": 98.3,
    "expanding": true,
    "contracting": false,
    "transitionProbability": 0.7,
    "daysInRegime": 1,
    "regimeStrength": 0.32
  },
  "temporalPatterns": {
    "currentHour": 8,
    "currentDay": 0,
    "currentDayName": "Sunday",
    "dayBias": "NEUTRAL",
    "hourlyProfile": [
      {
        "avgVolume": 3530.12,
        "avgATR": 0.061,
        "avgReturn": 0.641
      },
      {
        "avgVolume": 1986.42,
        "avgATR": 0.045357,
        "avgReturn": 0.26
      },
      {
        "avgVolume": 2063.85,
        "avgATR": 0.040286,
        "avgReturn": 0.337
      },
      {
        "avgVolume": 1679.97,
        "avgATR": 0.035786,
        "avgReturn": 0.15
      },
      {
        "avgVolume": 995.77,
        "avgATR": 0.036071,
        "avgReturn": 0.087
      },
      {
        "avgVolume": 1890.4,
        "avgATR": 0.044929,
        "avgReturn": 0.199
      },
      {
        "avgVolume": 913.22,
        "avgATR": 0.030929,
        "avgReturn": 0.303
      },
      {
        "avgVolume": 1766.39,
        "avgATR": 0.051571,
        "avgReturn": 0.119
      },
      {
        "avgVolume": 2397.35,
        "avgATR": 0.062857,
        "avgReturn": -0.277
      },
      {
        "avgVolume": 1876.63,
        "avgATR": 0.045231,
        "avgReturn": 0.05
      },
      {
        "avgVolume": 2040.6,
        "avgATR": 0.052786,
        "avgReturn": -0.647
      },
      {
        "avgVolume": 2367.96,
        "avgATR": 0.054071,
        "avgReturn": 0.005
      },
      {
        "avgVolume": 2337.98,
        "avgATR": 0.044933,
        "avgReturn": 0.153
      },
      {
        "avgVolume": 3558.5,
        "avgATR": 0.0554,
        "avgReturn": -0.434
      },
      {
        "avgVolume": 1967.76,
        "avgATR": 0.039857,
        "avgReturn": 0.331
      },
      {
        "avgVolume": 4164.35,
        "avgATR": 0.042857,
        "avgReturn": -0.702
      },
      {
        "avgVolume": 2200.09,
        "avgATR": 0.055429,
        "avgReturn": 0.271
      },
      {
        "avgVolume": 2535.75,
        "avgATR": 0.047429,
        "avgReturn": 0.371
      },
      {
        "avgVolume": 3237.04,
        "avgATR": 0.035308,
        "avgReturn": -0.001
      },
      {
        "avgVolume": 1462.05,
        "avgATR": 0.025857,
        "avgReturn": -0.073
      },
      {
        "avgVolume": 2303.46,
        "avgATR": 0.0315,
        "avgReturn": 0.229
      },
      {
        "avgVolume": 3677.2,
        "avgATR": 0.042154,
        "avgReturn": -0.055
      },
      {
        "avgVolume": 1660.46,
        "avgATR": 0.033286,
        "avgReturn": 0.414
      },
      {
        "avgVolume": 2403.18,
        "avgATR": 0.0395,
        "avgReturn": 0.454
      }
    ],
    "dailyProfile": [
      {
        "avgVolume": 2008.63,
        "avgATR": 0.048292,
        "avgReturn": -0.256
      },
      {
        "avgVolume": 1964.75,
        "avgATR": 0.049765,
        "avgReturn": 0.215
      },
      {
        "avgVolume": 999.66,
        "avgATR": 0.024979,
        "avgReturn": -0.094
      },
      {
        "avgVolume": 1747.81,
        "avgATR": 0.034532,
        "avgReturn": 0.104
      },
      {
        "avgVolume": 1159.03,
        "avgATR": 0.032067,
        "avgReturn": 0.349
      },
      {
        "avgVolume": 2877.76,
        "avgATR": 0.054688,
        "avgReturn": 0.099
      },
      {
        "avgVolume": 5214.58,
        "avgATR": 0.062354,
        "avgReturn": 0.226
      }
    ],
    "favorableHours": [
      15,
      21,
      0,
      13,
      18,
      17
    ],
    "favorableWindow": false,
    "currentVsAvgVolume": 0,
    "currentVsAvgVolatility": 0,
    "anomalyDetected": true,
    "timeUntilFavorable": 5,
    "temporalScore": 0
  },
  "unifiedMicrostructure": {
    "signalDirections": {
      "vpin": "NEUTRAL",
      "sweeps": "NEUTRAL",
      "absorption": "NEUTRAL",
      "arrival": "NEUTRAL",
      "vacuum": "NONE",
      "volRegime": "NEUTRAL",
      "temporal": "UNFAVORABLE"
    },
    "consensusDirection": "BEARISH",
    "consensusStrength": 50,
    "bullishSignals": 0,
    "bearishSignals": 1,
    "neutralSignals": 1,
    "totalAvailableSignals": 2,
    "dominantPattern": "NONE",
    "clusters": {
      "strongBuyCluster": false,
      "distributionPattern": false,
      "accumulationPattern": false,
      "momentumCascade": false
    },
    "adaptiveWeights": {
      "vpin": 0,
      "sweeps": 0,
      "absorption": 0,
      "arrival": 0,
      "vacuum": 0,
      "volRegime": 0.021,
      "temporal": 0.02
    },
    "convictionLevel": "LOW",
    "convictionScore": 30,
    "riskAdjustment": "REDUCE",
    "timingQuality": "UNFAVORABLE",
    "signalQuality": "LOW"
  },
  "deltaAnalysis": {
    "currentDelta": 0,
    "cumulativeDelta": 0,
    "deltaPerVolume": 0,
    "deltaDirection": "NEUTRAL",
    "deltaDivergence": false,
    "institutionalRatio": 0,
    "aggressionScore": 0
  },
  "volumeProfile": {
    "pointOfControl": 0,
    "valueAreaHigh": 0,
    "valueAreaLow": 0,
    "currentPosition": "ABOVE_VALUE_AREA",
    "volumeNodes": [],
    "airPockets": []
  },
  "momentumCascade": {
    "cascadeDetected": false,
    "alignmentScore": 0.01470554081718708,
    "cascadeStrength": 0,
    "acceleratingTimeframes": [
      "5m"
    ],
    "divergingTimeframes": [
      "1m",
      "15m",
      "1h"
    ]
  },
  "breakoutConfirmation": {
    "breakoutConfirmed": false,
    "volumeConfirmation": false,
    "retestStrength": 0,
    "falseBreakoutRisk": 0,
    "breakoutQuality": "NO_BREAKOUT"
  },
  "liquidityHeatmap": {
    "liquidityScore": 0,
    "magnetDirection": "NONE",
    "magnetStrength": 0,
    "priceTarget5pct": null,
    "message": "No order book data"
  },
  "smartMoneyDivergence": {
    "divergenceDetected": false,
    "divergenceDirection": "NONE",
    "smartMoneyScore": 0.5,
    "message": "Insufficient trade data"
  },
  "microstructure": {
    "raw": -0.044185068834888666,
    "pct": 49,
    "summary": {
      "latestBucketSignedZ": 0,
      "buySellRatio": 0.5,
      "tradesPerSec": 0,
      "vwap": 0,
      "aggressorVWAP": 0,
      "vpinToxicity": "UNKNOWN",
      "sweepDirection": "NEUTRAL",
      "absorptionSide": "NONE",
      "icebergDetected": false,
      "hawkesDirection": "NEUTRAL",
      "cascadeDetected": false,
      "vacuumSide": "NONE",
      "volatilityRegime": "ELEVATED",
      "volExpanding": true,
      "favorableTimeWindow": false,
      "temporalAnomaly": true,
      "consensusDirection": "BEARISH",
      "consensusStrength": 50,
      "dominantPattern": "NONE",
      "convictionLevel": "LOW",
      "riskAdjustment": "REDUCE",
      "timingQuality": "UNFAVORABLE",
      "deltaDirection": "NEUTRAL",
      "deltaDivergence": false,
      "institutionalRatio": 0,
      "volumeProfilePosition": "ABOVE_VALUE_AREA",
      "pointOfControl": 0,
      "momentumCascadeDetected": false,
      "cascadeStrength": 0,
      "breakoutQuality": "NO_BREAKOUT",
      "breakoutConfirmed": false,
      "magnetDirection": "NONE",
      "magnetStrength": 0,
      "priceTarget5pct": null,
      "nearestBidWall": 0,
      "nearestAskWall": 0,
      "divergenceDetected": false,
      "divergenceDirection": "NONE",
      "whaleAccumulation": false,
      "whaleDistribution": false,
      "retailPanic": false,
      "smartMoneyScore": 0.5
    }
  }
}

=== MICROSTRUCTURE ALERTS ===

🔬 VPIN: Insufficient data for VPIN analysis

🌊 SWEEP DETECTION: No significant sweeps detected

🧊 ABSORPTION & ICEBERG: No significant absorption or iceberg orders detected

⚡ ORDER ARRIVAL DYNAMICS: Insufficient trades for analysis

🌪️ LIQUIDITY VACUUM: No significant vacuum detected

📊 VOLATILITY REGIME DETECTION:
   Current Regime: ELEVATED
   Regime Score: 0.50 (-1=low vol, +1=extreme vol)
   Days in Regime: 1
   ATR: $0.261846 (avg: $0.206838)
   ATR Percentile: 55.3%
   Realized Volatility: 97.77% (annualized)
   Vol Percentile: 98.3%

   🟡 ELEVATED VOLATILITY:
   ⚠️ Increased risk - wider stops needed
   ⚠️ Reduce position size
   💡 Good for momentum strategies

   🚀 VOLATILITY EXPANDING:
   💥 Breakout likely imminent!
   📈 Market transitioning to higher vol regime
   ✅ Strong signal when combined with other indicators

   ⚠️ HIGH REGIME TRANSITION PROBABILITY: 70%
   Market near regime boundary - expect volatility shift soon

   ⚠️ NEW REGIME: Only 1 day(s) - conditions still settling

⏰ TEMPORAL PATTERN ANALYSIS:
   Current Time: Sunday 8:00 UTC
   Day Bias: NEUTRAL
   Current vs Avg Volume: 0x
   Current vs Avg Volatility: 0x

   ⏳ NON-FAVORABLE TIME WINDOW:
   This hour typically shows weaker activity
   Next favorable window in 5 hour(s)

   ⚠️ LOW ACTIVITY ANOMALY:
   Volume 0x below typical - Extremely quiet

   📉 LOW VOLATILITY ANOMALY:
   Volatility 0x below typical - Consolidation likely

   🔥 Best Trading Hours (UTC): 15:00, 21:00, 0:00

🎯 UNIFIED MICROSTRUCTURE INTEGRATION:
   Signal Consensus: BEARISH (50% agreement)
   Available Signals: 2 (0 bullish / 1 bearish / 1 neutral)
   Conviction Level: LOW (30%)
   Signal Quality: LOW
   Risk Adjustment: REDUCE
   Timing Quality: UNFAVORABLE

   ⚠️ LOW CONVICTION: Only 50% signal agreement
   Weak alignment - Reduce position size or wait for clarity

   ⚠️ RISK REDUCTION RECOMMENDED: Extreme volatility or unfavorable timing detected

   ⏰ UNFAVORABLE TIMING: Avoid trading during this hour

   Signal Directions Breakdown:
   • VPIN: NEUTRAL
   • Sweeps: NEUTRAL
   • Absorption: NEUTRAL
   • Arrival Dynamics: NEUTRAL
   • Liquidity Vacuum: NONE
   • Vol Regime: NEUTRAL
   • Temporal: UNFAVORABLE

   Adaptive Weights (Total: 4.1%):
   • VPIN: 0.0%
   • Sweeps: 0.0%
   • Absorption: 0.0%
   • Arrival: 0.0%
   • Vacuum: 0.0%
   • Vol Regime: 2.1%
   • Temporal: 2.0%


💹 DELTA ANALYSIS (Order Flow Aggression):
   Direction: NEUTRAL
   Delta Per Volume: 0.00%
   Institutional Ratio: 0.0%
   Aggression Score: 0.0%

📊 VOLUME PROFILE (Support/Resistance Strength):
   Point of Control (POC): $0.000000
   Value Area High: $0.000000
   Value Area Low: $0.000000
   Current Position: ABOVE_VALUE_AREA
   ⚠️ DISTRIBUTION RISK: Price above value area - potential rejection zone

⚡ MOMENTUM CASCADE (Multi-Timeframe Alignment):
   Cascade Detected: NO
   Alignment Score: 1.5%
   Cascade Strength: 0.0%
   Accelerating: 5m
   Diverging: 1m, 15m, 1h

💥 BREAKOUT CONFIRMATION:
   Quality: NO_BREAKOUT
   Volume Confirmation: NO
   Retest Strength: 0.0%
   False Breakout Risk: 0.0%
   No breakout detected - price below resistance


levels:
Entry=3.341304, StopLoss=3.1742388, TakeProfit=3.3858397499999997, 3.4303755, 3.4660040999999997

---

=== Token: CLANKER (CLANKER) ===
Contract: CLANKER-USD
Timestamp: 2025-05-12T13:05:00.000Z

Calculations:
{
  "momentumScore": 67.43547078027004,
  "volumeScore": 82.26963366349605,
  "patternScore": 36.41616112889451,
  "totalScore": 59.46039929110005,
  "finalScore": 59.46039929110005,
  "weights": "0.27,0.41,0.23",
  "hourlyUptrend": false,
  "rsi": 31.46067415730363,
  "ultraShortVolumeSurge": 0.4880111142712993,
  "baseVolumeSurge": 0.016718444536098304,
  "currentPrice": 29.5,
  "resistance": 30.21,
  "support": 29.02,
  "rocMin5": 0.0034013605442177355,
  "shortROC": 0.0034013605442177355,
  "priceAcceleration": 0.0008504268956283089,
  "buySellRatio": 0.6439269512914035,
  "macdHistogram": 0.04635423612812045,
  "stochasticK": 34.45378151260502,
  "atr": 0.16714285714285687,
  "bbUpper": 30.017009138272176,
  "bbLower": 29.25099086172781,
  "hammerDetected": false,
  "engulfingDetected": false,
  "compressionSpring": {
    "detected": true,
    "confidence": 66,
    "signals": {
      "sidewaysPrice": true,
      "atrCompression": true,
      "bbSqueeze": true,
      "consolidationTime": true,
      "strongBuying": false,
      "obvPositive": false,
      "chaikinPositive": false,
      "rsiNeutral": true,
      "volumeBuilding": false
    },
    "metrics": {
      "priceRange": 4.1,
      "atrRatio": 0.379,
      "bbWidth": 2.58,
      "volumeRatio": 0.954,
      "signalCount": 5,
      "buySellRatio": 0.644
    }
  },
  "riskTier": "HIGH",
  "atrPercent": 1.2251815980629546,
  "distanceToResistance": 2.406779661016952,
  "slPercent": 4,
  "tpPercent": 2.045762711864409,
  "trailingActivation": 1.2274576271186455,
  "shortMomentumScore": 0,
  "overboughtScore": 0,
  "shortPatternScore": 0,
  "shootingStarDetected": false,
  "bearishEngulfingDetected": false,
  "eveningStarDetected": false,
  "bearishPatternsCount": 0,
  "shortTotalScore": 0,
  "chaikin": 0.30873593563062474,
  "obvIncreasing": true,
  "obvTrend": "increasing",
  "adx": 60.75471698113182,
  "recentCandles": {
    "redCount": 4,
    "greenCount": 6
  },
  "resistanceDistance": 2.406779661016952,
  "multiplePatterns": false,
  "bullishPattern": false,
  "priceAboveVWAP": false,
  "breakingResistance": false,
  "atrSufficient": true,
  "macdDivergenceBearish": false,
  "rvolMin1": -0.44594862542747105,
  "rvolMin5": 0.05025764736269453,
  "atrPercentileOld": 0.4146341463414634,
  "vwapDeviation": -0.8449463187899933,
  "bbWidthPercent": 2.5849304061023326,
  "bbSqueeze": true,
  "multiTFMomentum": {
    "min1": {
      "roc1": 0.00034025178632181047,
      "roc3": -0.0016977928692699733
    },
    "min5": {
      "roc1": 0.0034013605442177355,
      "roc3": 0.0030601836110166563
    },
    "min15": {
      "roc1": 0.0003399048266484708,
      "roc3": -0.0006791171477079651
    },
    "hourly": {
      "roc1": -0.00577838205302521,
      "roc3": -0.020428667113194892
    },
    "fourHour": {
      "roc1": -0.015151515151515128,
      "roc3": -0.03497195645001645
    },
    "divergenceShortUpLongDown": true
  },
  "returnZMin5": 0.8501985884036674,
  "wickClosePct": 0.8064516129032291,
  "wickUpper": 0.05999999999999872,
  "wickLower": 0.14999999999999858,
  "wickRatio": 1.4999999999999645,
  "donchianBreakout15": false,
  "bbWidthPercentile15": 0.012987012987012988,
  "signedMin5": -708.5536999999999,
  "signedMin5Z": -6.478144955612508,
  "signedMin1": 426.70480000000026,
  "signedMin1Z": 9.850545057384716,
  "streakMin1": {
    "upStreak": 0,
    "downStreak": 0
  },
  "streakMin5": {
    "upStreak": 1,
    "downStreak": 0
  },
  "rvolPercentileMin1": 0.007638888888888889,
  "rvolPercentileMin5": 0.7569444444444444,
  "perTfMetrics": {
    "min1": {
      "sma20": 29.417499999999997,
      "sma50": 29.680600000000013,
      "ema20": 29.447023922429253,
      "ema50": 29.576364570734125,
      "vwma20": 29.413471975241514,
      "hma21": 29.401904761904767,
      "atr14": 0.09000000000000011,
      "atrPercentile": 0.5704934541792548,
      "rvolZ": -0.44594862542747105,
      "rvolPercentile": 0.007638888888888889,
      "mfi14": 15.478468555736114,
      "ppo": {
        "ppo": -0.2208164712637629,
        "signal": -0.2725559810932562,
        "histogram": 0.051739509829493296
      },
      "stochRsi": {
        "k": 78.23129251700661,
        "d": 49.659863945578174
      },
      "vprofile": {
        "vpBins": [
          0.0010233464339241282,
          0.0072351652701511384,
          0.03987718395644936,
          0.09280010896172985,
          0.1576254642711402,
          0.11892087452429001,
          0.059013736732925134,
          0.1206952269122704,
          0.06781103439689844,
          0.00995846366089067,
          0.04185313682624489,
          0.0406085044417334,
          0.00950350587558039,
          0.04365034563958887,
          0.029268844447021884,
          0.011913688264108765,
          0.0166259425748274,
          0.006676374617662974,
          0.11460603258530326,
          0.010333019607258938
        ],
        "currentBinShare": 0.09280010896172985
      },
      "ttm": {
        "squeeze": true,
        "release": false,
        "widthPct": 0.5436814405989582
      }
    },
    "min5": {
      "sma20": 29.641000000000002,
      "sma50": 29.652200000000022,
      "ema20": 29.552311340821127,
      "ema50": 29.710689964416687,
      "vwma20": 29.62462600677257,
      "hma21": 29.164285714285718,
      "atr14": 0.16714285714285687,
      "atrPercentile": 0.38686131386861317,
      "rvolZ": 0.05025764736269453,
      "rvolPercentile": 0.7569444444444444,
      "mfi14": 38.15397637836019,
      "ppo": {
        "ppo": -0.3565750560630379,
        "signal": -0.3065260959017551,
        "histogram": -0.050048960161282796
      },
      "stochRsi": {
        "k": 47.357469829380165,
        "d": 22.156000651359975
      },
      "vprofile": {
        "vpBins": [
          0.016837178497349135,
          0.002107986823600777,
          0.04123628398124352,
          0.04406601266752674,
          0.11536851086142155,
          0.1387399857385595,
          0.14899846834744385,
          0.08511825034133672,
          0.14459869664812608,
          0.04240392422145207,
          0.025996125574745264,
          0.10598291941034675,
          0.05295727049211262,
          0.009438049709282519,
          0.02244873532471315,
          0.0037016013607395907,
          0,
          0,
          0,
          0
        ],
        "currentBinShare": 0.11536851086142155
      },
      "ttm": {
        "squeeze": false,
        "release": false,
        "widthPct": 3.853214604630913
      }
    },
    "min15": {
      "sma20": 29.633999999999993,
      "sma50": 30.225200000000005,
      "ema20": 29.71511004767649,
      "ema50": 29.85865366761401,
      "vwma20": 29.61974000815287,
      "hma21": 29.747619047619043,
      "atr14": 0.3614285714285716,
      "atrPercentile": 0.4146341463414634,
      "rvolZ": -0.012849046481048022,
      "rvolPercentile": 0.6770833333333334,
      "mfi14": 38.90860448853244,
      "ppo": {
        "ppo": -0.5865650825312884,
        "signal": -0.5407798671282785,
        "histogram": -0.04578521540300984
      },
      "stochRsi": {
        "k": 25.72386510007268,
        "d": 43.56106567725288
      },
      "vprofile": {
        "vpBins": [
          0.02192025454515706,
          0.040613829019761835,
          0.02107222109834819,
          0.0682556994511444,
          0.039588254253505796,
          0.01868306545815658,
          0.006075834770343291,
          0.03847179659960991,
          0.1491207343718565,
          0.10692453142196912,
          0.15957591010564495,
          0.0970734628004447,
          0.06555688275944671,
          0.11951677546799822,
          0.0031334144111150267,
          0.04136733095961607,
          0.0030500025058816734,
          0,
          0,
          0
        ],
        "currentBinShare": 0.1491207343718565
      },
      "ttm": {
        "squeeze": true,
        "release": false,
        "widthPct": 2.5849304061023326
      }
    },
    "hourly": {
      "sma20": 29.923000000000002,
      "sma50": 28.82379999999999,
      "ema20": 29.66315950736231,
      "ema50": 29.07407198759101,
      "vwma20": 29.942362961562793,
      "hma21": 30.245021645021644,
      "atr14": 0.9278571428571437,
      "atrPercentile": 0.6894409937888198,
      "rvolZ": -0.4247343558698102,
      "rvolPercentile": 0.39880952380952384,
      "mfi14": 53.805837710312254,
      "ppo": {
        "ppo": 0.6805894505138299,
        "signal": 1.2949217776942539,
        "histogram": -0.614332327180424
      },
      "stochRsi": {
        "k": 0,
        "d": 44.05408891294318
      },
      "vprofile": {
        "vpBins": [
          0.007880450469219988,
          0.037350807938186556,
          0.013286479165792196,
          0.018277162044424405,
          0.02646428969819433,
          0.10909551860007195,
          0.09354293145892849,
          0.12466574781907658,
          0.05726076249040103,
          0.08560045941528953,
          0.0606740001812519,
          0.06691318030008798,
          0.07864791190120268,
          0.0886181120824801,
          0.06332033227359238,
          0.04498359398180771,
          0.02017318614250592,
          0.002014720273509194,
          0.0012303537639771172,
          0
        ],
        "currentBinShare": 0.0886181120824801
      },
      "ttm": {
        "squeeze": false,
        "release": false,
        "widthPct": 9.791386050553012
      }
    },
    "fourHour": {
      "sma20": 28.531500000000005,
      "sma50": 27.262400000000003,
      "ema20": 28.692333651369943,
      "ema50": 29.061659988813055,
      "vwma20": 28.48458165578481,
      "hma21": 29.78939393939394,
      "atr14": 1.6928571428571433,
      "atrPercentile": 0.2571428571428571,
      "rvolZ": -0.6126457631227298,
      "rvolPercentile": 0.2261904761904762,
      "mfi14": 70.03026638161721,
      "ppo": {
        "ppo": 1.9496148369311632,
        "signal": 1.3014926509121683,
        "histogram": 0.648122186018995
      },
      "stochRsi": {
        "k": 84.72575808529376,
        "d": 66.04192530292376
      },
      "vprofile": {
        "vpBins": [
          0.036184519534614046,
          0.026874295769423885,
          0.09570142740227056,
          0.207291903460347,
          0.06404961994929097,
          0.0998218637153409,
          0.12019377981588514,
          0.11152734629193471,
          0.008802563501140417,
          0.01757274033768779,
          0.01632446718016853,
          0.025818251957256764,
          0.008915113022653196,
          0.016536214813681144,
          0.04735295874166096,
          0.011363492341901938,
          0.016053559093128094,
          0.02497008494846105,
          0.02039675650658643,
          0.02424904161656636
        ],
        "currentBinShare": 0.12019377981588514
      },
      "ttm": {
        "squeeze": false,
        "release": false,
        "widthPct": 17.473343864643617
      }
    },
    "daily": {
      "sma20": 33.697500000000005,
      "sma50": 0,
      "ema20": 32.72125424141538,
      "ema50": 37.29235193914423,
      "vwma20": 0,
      "hma21": 0,
      "atr14": 4.413571428571428,
      "atrPercentile": 0.3333333333333333,
      "rvolZ": 0,
      "rvolPercentile": 1,
      "mfi14": 50,
      "ppo": {
        "ppo": 0,
        "signal": 0,
        "histogram": 0
      },
      "stochRsi": {
        "k": 50,
        "d": 50
      },
      "vprofile": {
        "vpBins": [
          0,
          0,
          0,
          0,
          0,
          0,
          0,
          0,
          0,
          0,
          0,
          0,
          0,
          0,
          0,
          0,
          0,
          0,
          0,
          0
        ],
        "currentBinShare": 0
      },
      "ttm": {
        "squeeze": false,
        "release": false,
        "widthPct": 74.01087663978132
      }
    }
  },
  "smaMin5": 29.641000000000002,
  "emaMin5": 29.552311340821127,
  "vwmaMin5": 29.62462600677257,
  "hmaMin5": 29.164285714285718,
  "keltner15": {
    "upper": 30.27611004767649,
    "middle": 29.71511004767649,
    "lower": 29.15411004767649
  },
  "superTrend15": {
    "isBull": true,
    "finalUpper": 30.421999999999997,
    "finalLower": 28.177999999999997
  },
  "mfi15": 38.90860448853244,
  "stochRsi15": {
    "k": 25.72386510007268,
    "d": 43.56106567725288
  },
  "ppo15": {
    "ppo": -0.5865650825312884,
    "signal": -0.5407798671282785,
    "histogram": -0.04578521540300984
  },
  "vpMin15": {
    "vpBins": [
      0.02192025454515706,
      0.040613829019761835,
      0.02107222109834819,
      0.0682556994511444,
      0.039588254253505796,
      0.01868306545815658,
      0.006075834770343291,
      0.03847179659960991,
      0.1491207343718565,
      0.10692453142196912,
      0.15957591010564495,
      0.0970734628004447,
      0.06555688275944671,
      0.11951677546799822,
      0.0031334144111150267,
      0.04136733095961607,
      0.0030500025058816734,
      0,
      0,
      0
    ],
    "currentBinShare": 0.1491207343718565
  },
  "ttm15": {
    "squeeze": true,
    "release": false,
    "widthPct": 2.5849304061023326
  },
  "marketCorrelation": {
    "hourly": {
      "btcCorrelation": 0,
      "ethCorrelation": 0,
      "btcBeta": 1,
      "ethBeta": 1,
      "btcTrend": "UNKNOWN",
      "ethTrend": "UNKNOWN",
      "tokenVol": 0,
      "btcVol": 0,
      "ethVol": 0,
      "marketDependence": 0,
      "verdict": "INSUFFICIENT_DATA"
    },
    "min15": {
      "btcCorrelation": 0,
      "ethCorrelation": 0,
      "btcBeta": 1,
      "ethBeta": 1,
      "btcTrend": "UNKNOWN",
      "ethTrend": "UNKNOWN",
      "tokenVol": 0,
      "btcVol": 0,
      "ethVol": 0,
      "marketDependence": 0,
      "verdict": "INSUFFICIENT_DATA"
    },
    "daily": {
      "btcCorrelation": 0,
      "ethCorrelation": 0,
      "btcBeta": 1,
      "ethBeta": 1,
      "btcTrend": "UNKNOWN",
      "ethTrend": "UNKNOWN",
      "tokenVol": 0,
      "btcVol": 0,
      "ethVol": 0,
      "marketDependence": 0,
      "verdict": "INSUFFICIENT_DATA"
    }
  },
  "tradeTape": {
    "totalTrades": 0,
    "totalVolume": 0,
    "buysVolume": 0,
    "sellsVolume": 0,
    "buySellRatio": 0.5,
    "vwap": 0,
    "signedVolume": 0,
    "avgTradeSize": 0,
    "tradesPerSec": 0,
    "cumulativeDelta": 0,
    "tradesLast1m": 0,
    "tradesLast5m": 0,
    "tradesLast15m": 0,
    "tradesLast1h": 0,
    "buyVWAP": 0,
    "sellVWAP": 0,
    "aggressorVWAP": 0,
    "bucketDurationMs": 60000,
    "bucketCount": 15,
    "bucketSignedVolumes": [],
    "bucketVolumes": [],
    "bucketVWAPs": [],
    "latestBucketSignedZ": 0
  },
  "enhancedMetrics": {
    "relativeVolumeZScore": -1,
    "volumePercentile": 40,
    "atrPercentile": 37.95620437956204,
    "volatilityPercentile": 29.430379746835445,
    "relativeVolatilityRatio": 1.0529040668938647,
    "isHighVolume": false,
    "isHighVolatility": false,
    "isLowVolatility": false,
    "isExpandingVolatility": false,
    "isContractingVolatility": false
  },
  "orderBook": {
    "bidAskSpread": 0,
    "spreadPct": 0,
    "midPrice": 0,
    "bestBid": 0,
    "bestAsk": 0,
    "bidDepth": 0,
    "askDepth": 0,
    "orderBookImbalance": 0,
    "liquidityScore": 0,
    "depthAt1Pct": {
      "bidVolume": 0,
      "askVolume": 0,
      "imbalance": 0
    },
    "depthAt2Pct": {
      "bidVolume": 0,
      "askVolume": 0,
      "imbalance": 0
    },
    "depthAt5Pct": {
      "bidVolume": 0,
      "askVolume": 0,
      "imbalance": 0
    },
    "weightedMidPrice": 0,
    "volumeWeightedSpread": 0,
    "totalBidLevels": 0,
    "totalAskLevels": 0
  },
  "marketCap": {
    "marketCap": 0,
    "totalVolume24h": 0,
    "volumeToMarketCapRatio": 0,
    "marketCapRank": 0,
    "normalizedRank": 0,
    "isHighLiquidity": false,
    "isVeryHighLiquidity": false,
    "isLowLiquidity": true,
    "liquidityTier": "VERY_LOW"
  },
  "sweeps": {
    "sweepScore": 0,
    "sweepCount": 0,
    "sweepDirection": "NEUTRAL",
    "buySweeps": 0,
    "sellSweeps": 0,
    "avgSweepSize": 0,
    "avgSweepIntensity": 0,
    "bidLiftRatio": 0,
    "askLiftRatio": 0,
    "sweepFrequency": 0,
    "largestSweep": null,
    "recentSweepClusters": 0,
    "sweepDetails": []
  },
  "absorption": {
    "absorptionScore": 0,
    "absorptionLevel": null,
    "absorptionSide": "NONE",
    "icebergProbability": 0,
    "hiddenLiquidityEstimate": 0,
    "volumeAtPrice": {},
    "topAbsorptionLevels": [],
    "persistenceDuration": 0,
    "refillDetected": false
  },
  "orderArrival": {
    "avgInterArrivalTime": 0,
    "recentInterArrivalTime": 0,
    "accelerationRatio": 1,
    "hawkesIntensity": 0,
    "hawkesDirection": "NEUTRAL",
    "clusteringScore": 0,
    "burstCount": 0,
    "cascadeDetected": false,
    "timeToNextTrade": 0,
    "accelerationTrend": "STABLE"
  },
  "liquidityVacuum": {
    "vacuumScore": 0,
    "vacuumSide": "NONE",
    "bidVacuumSeverity": 0,
    "askVacuumSeverity": 0,
    "depthConcentration": 0,
    "priceImpact10k": 0,
    "priceImpact50k": 0,
    "priceImpact100k": 0,
    "largestGapBid": 0,
    "largestGapAsk": 0,
    "avgGapBid": 0,
    "avgGapAsk": 0,
    "bidCliffDistance": 0,
    "askCliffDistance": 0
  },
  "volatilityRegime": {
    "regime": "UNKNOWN",
    "regimeScore": 0,
    "currentATR": 0,
    "avgATR": 0,
    "atrPercentile": 0,
    "realizedVolatility": 0,
    "volPercentile": 0,
    "expanding": false,
    "contracting": false,
    "transitionProbability": 0,
    "daysInRegime": 0,
    "regimeStrength": 0
  },
  "temporalPatterns": {
    "currentHour": 8,
    "currentDay": 0,
    "currentDayName": "Sunday",
    "dayBias": "NEUTRAL",
    "hourlyProfile": [
      {
        "avgVolume": 803.29,
        "avgATR": 0.907857,
        "avgReturn": -0.438
      },
      {
        "avgVolume": 1025.41,
        "avgATR": 0.790714,
        "avgReturn": -0.349
      },
      {
        "avgVolume": 1650.06,
        "avgATR": 0.888571,
        "avgReturn": -0.313
      },
      {
        "avgVolume": 1016.98,
        "avgATR": 1.04,
        "avgReturn": 0.956
      },
      {
        "avgVolume": 851.52,
        "avgATR": 0.691429,
        "avgReturn": 0.293
      },
      {
        "avgVolume": 748.5,
        "avgATR": 0.606429,
        "avgReturn": -0.184
      },
      {
        "avgVolume": 616.13,
        "avgATR": 0.612143,
        "avgReturn": -0.076
      },
      {
        "avgVolume": 646.64,
        "avgATR": 0.805,
        "avgReturn": 0.428
      },
      {
        "avgVolume": 577.34,
        "avgATR": 0.577143,
        "avgReturn": -0.019
      },
      {
        "avgVolume": 554.16,
        "avgATR": 0.805714,
        "avgReturn": -0.159
      },
      {
        "avgVolume": 619.79,
        "avgATR": 0.771429,
        "avgReturn": -0.348
      },
      {
        "avgVolume": 615.82,
        "avgATR": 0.716429,
        "avgReturn": -0.076
      },
      {
        "avgVolume": 966.41,
        "avgATR": 0.780714,
        "avgReturn": -0.837
      },
      {
        "avgVolume": 1138.28,
        "avgATR": 1.096429,
        "avgReturn": -0.769
      },
      {
        "avgVolume": 1420.12,
        "avgATR": 1.116154,
        "avgReturn": 0.823
      },
      {
        "avgVolume": 1110.37,
        "avgATR": 0.994286,
        "avgReturn": -0.361
      },
      {
        "avgVolume": 1115.59,
        "avgATR": 0.84,
        "avgReturn": -0.093
      },
      {
        "avgVolume": 871.75,
        "avgATR": 0.834286,
        "avgReturn": 0.575
      },
      {
        "avgVolume": 693.38,
        "avgATR": 0.939286,
        "avgReturn": 0.154
      },
      {
        "avgVolume": 807.96,
        "avgATR": 0.747143,
        "avgReturn": -0.295
      },
      {
        "avgVolume": 1144.42,
        "avgATR": 1.175,
        "avgReturn": -0.952
      },
      {
        "avgVolume": 1011.93,
        "avgATR": 1.051429,
        "avgReturn": 0.173
      },
      {
        "avgVolume": 1263.2,
        "avgATR": 1.000714,
        "avgReturn": -0.103
      },
      {
        "avgVolume": 1601.92,
        "avgATR": 1.025714,
        "avgReturn": 0.402
      }
    ],
    "dailyProfile": [
      {
        "avgVolume": 1076.42,
        "avgATR": 0.783958,
        "avgReturn": -0.092
      },
      {
        "avgVolume": 1084.03,
        "avgATR": 0.935745,
        "avgReturn": -0.089
      },
      {
        "avgVolume": 1000.29,
        "avgATR": 0.937917,
        "avgReturn": -0.023
      },
      {
        "avgVolume": 895.1,
        "avgATR": 0.821875,
        "avgReturn": -0.177
      },
      {
        "avgVolume": 850.25,
        "avgATR": 0.7725,
        "avgReturn": 0.36
      },
      {
        "avgVolume": 870.15,
        "avgATR": 0.941458,
        "avgReturn": -0.238
      },
      {
        "avgVolume": 887.45,
        "avgATR": 0.873542,
        "avgReturn": -0.217
      }
    ],
    "favorableHours": [
      2,
      23,
      14,
      22,
      20,
      13
    ],
    "favorableWindow": false,
    "currentVsAvgVolume": 0,
    "currentVsAvgVolatility": 0,
    "anomalyDetected": true,
    "timeUntilFavorable": 5,
    "temporalScore": 0
  },
  "unifiedMicrostructure": {
    "signalDirections": {
      "vpin": "NEUTRAL",
      "sweeps": "NEUTRAL",
      "absorption": "NEUTRAL",
      "arrival": "NEUTRAL",
      "vacuum": "NONE",
      "volRegime": "NEUTRAL",
      "temporal": "UNFAVORABLE"
    },
    "consensusDirection": "BEARISH",
    "consensusStrength": 100,
    "bullishSignals": 0,
    "bearishSignals": 1,
    "neutralSignals": 0,
    "totalAvailableSignals": 1,
    "dominantPattern": "NONE",
    "clusters": {
      "strongBuyCluster": false,
      "distributionPattern": false,
      "accumulationPattern": false,
      "momentumCascade": false
    },
    "adaptiveWeights": {
      "vpin": 0,
      "sweeps": 0,
      "absorption": 0,
      "arrival": 0,
      "vacuum": 0,
      "volRegime": 0,
      "temporal": 0.02
    },
    "convictionLevel": "HIGH",
    "convictionScore": 100,
    "riskAdjustment": "REDUCE",
    "timingQuality": "UNFAVORABLE",
    "signalQuality": "LOW"
  },
  "deltaAnalysis": {
    "currentDelta": 0,
    "cumulativeDelta": 0,
    "deltaPerVolume": 0,
    "deltaDirection": "NEUTRAL",
    "deltaDivergence": false,
    "institutionalRatio": 0,
    "aggressionScore": 0
  },
  "volumeProfile": {
    "pointOfControl": 0,
    "valueAreaHigh": 0,
    "valueAreaLow": 0,
    "currentPosition": "ABOVE_VALUE_AREA",
    "volumeNodes": [],
    "airPockets": []
  },
  "momentumCascade": {
    "cascadeDetected": false,
    "alignmentScore": -0.0053496364647805045,
    "cascadeStrength": 0,
    "acceleratingTimeframes": [
      "5m"
    ],
    "divergingTimeframes": [
      "1m",
      "15m",
      "1h"
    ]
  },
  "breakoutConfirmation": {
    "breakoutConfirmed": false,
    "volumeConfirmation": false,
    "retestStrength": 0,
    "falseBreakoutRisk": 0,
    "breakoutQuality": "NO_BREAKOUT"
  },
  "liquidityHeatmap": {
    "liquidityScore": 0,
    "magnetDirection": "NONE",
    "magnetStrength": 0,
    "priceTarget5pct": null,
    "message": "No order book data"
  },
  "smartMoneyDivergence": {
    "divergenceDetected": false,
    "divergenceDirection": "NONE",
    "smartMoneyScore": 0.5,
    "message": "Insufficient trade data"
  },
  "microstructure": {
    "raw": -0.026001570729003047,
    "pct": 50,
    "summary": {
      "latestBucketSignedZ": 0,
      "buySellRatio": 0.5,
      "tradesPerSec": 0,
      "vwap": 0,
      "aggressorVWAP": 0,
      "vpinToxicity": "UNKNOWN",
      "sweepDirection": "NEUTRAL",
      "absorptionSide": "NONE",
      "icebergDetected": false,
      "hawkesDirection": "NEUTRAL",
      "cascadeDetected": false,
      "vacuumSide": "NONE",
      "volatilityRegime": "UNKNOWN",
      "volExpanding": false,
      "favorableTimeWindow": false,
      "temporalAnomaly": true,
      "consensusDirection": "BEARISH",
      "consensusStrength": 100,
      "dominantPattern": "NONE",
      "convictionLevel": "HIGH",
      "riskAdjustment": "REDUCE",
      "timingQuality": "UNFAVORABLE",
      "deltaDirection": "NEUTRAL",
      "deltaDivergence": false,
      "institutionalRatio": 0,
      "volumeProfilePosition": "ABOVE_VALUE_AREA",
      "pointOfControl": 0,
      "momentumCascadeDetected": false,
      "cascadeStrength": 0,
      "breakoutQuality": "NO_BREAKOUT",
      "breakoutConfirmed": false,
      "magnetDirection": "NONE",
      "magnetStrength": 0,
      "priceTarget5pct": null,
      "nearestBidWall": 0,
      "nearestAskWall": 0,
      "divergenceDetected": false,
      "divergenceDirection": "NONE",
      "whaleAccumulation": false,
      "whaleDistribution": false,
      "retailPanic": false,
      "smartMoneyScore": 0.5
    }
  }
}

=== MICROSTRUCTURE ALERTS ===

🔬 VPIN: Insufficient data for VPIN analysis

🌊 SWEEP DETECTION: No significant sweeps detected

🧊 ABSORPTION & ICEBERG: No significant absorption or iceberg orders detected

⚡ ORDER ARRIVAL DYNAMICS: Insufficient trades for analysis

🌪️ LIQUIDITY VACUUM: No significant vacuum detected

📊 VOLATILITY REGIME: Insufficient data for classification

⏰ TEMPORAL PATTERN ANALYSIS:
   Current Time: Sunday 8:00 UTC
   Day Bias: NEUTRAL
   Current vs Avg Volume: 0x
   Current vs Avg Volatility: 0x

   ⏳ NON-FAVORABLE TIME WINDOW:
   This hour typically shows weaker activity
   Next favorable window in 5 hour(s)

   ⚠️ LOW ACTIVITY ANOMALY:
   Volume 0x below typical - Extremely quiet

   📉 LOW VOLATILITY ANOMALY:
   Volatility 0x below typical - Consolidation likely

   🔥 Best Trading Hours (UTC): 2:00, 23:00, 14:00

🎯 UNIFIED MICROSTRUCTURE INTEGRATION:
   Signal Consensus: BEARISH (100% agreement)
   Available Signals: 1 (0 bullish / 1 bearish / 0 neutral)
   Conviction Level: HIGH (100%)
   Signal Quality: LOW
   Risk Adjustment: REDUCE
   Timing Quality: UNFAVORABLE

   ✅ HIGH CONVICTION: 100% of signals agree on direction
   Strong institutional alignment - Follow the smart money

   ⚠️ RISK REDUCTION RECOMMENDED: Extreme volatility or unfavorable timing detected

   ⏰ UNFAVORABLE TIMING: Avoid trading during this hour

   Signal Directions Breakdown:
   • VPIN: NEUTRAL
   • Sweeps: NEUTRAL
   • Absorption: NEUTRAL
   • Arrival Dynamics: NEUTRAL
   • Liquidity Vacuum: NONE
   • Vol Regime: NEUTRAL
   • Temporal: UNFAVORABLE

   Adaptive Weights (Total: 2.0%):
   • VPIN: 0.0%
   • Sweeps: 0.0%
   • Absorption: 0.0%
   • Arrival: 0.0%
   • Vacuum: 0.0%
   • Vol Regime: 0.0%
   • Temporal: 2.0%


💹 DELTA ANALYSIS (Order Flow Aggression):
   Direction: NEUTRAL
   Delta Per Volume: 0.00%
   Institutional Ratio: 0.0%
   Aggression Score: 0.0%

📊 VOLUME PROFILE (Support/Resistance Strength):
   Point of Control (POC): $0.000000
   Value Area High: $0.000000
   Value Area Low: $0.000000
   Current Position: ABOVE_VALUE_AREA
   ⚠️ DISTRIBUTION RISK: Price above value area - potential rejection zone

⚡ MOMENTUM CASCADE (Multi-Timeframe Alignment):
   Cascade Detected: NO
   Alignment Score: -0.5%
   Cascade Strength: 0.0%
   Accelerating: 5m
   Diverging: 1m, 15m, 1h

💥 BREAKOUT CONFIRMATION:
   Quality: NO_BREAKOUT
   Volume Confirmation: NO
   Retest Strength: 0.0%
   False Breakout Risk: 0.0%
   No breakout detected - price below resistance


levels:
Entry=29.441, StopLoss=28.26336, TakeProfit=29.7421465, 30.043293, 30.2842102

---

=== Token: ZEN (ZEN) ===
Contract: ZEN-USD
Timestamp: 2025-05-12T13:05:00.000Z

Calculations:
{
  "momentumScore": 65.49705471605708,
  "volumeScore": 22.36795178805472,
  "patternScore": 73.72077538084154,
  "totalScore": 43.06512667852787,
  "finalScore": 43.06512667852787,
  "weights": "0.27,0.41,0.23",
  "hourlyUptrend": false,
  "rsi": 47.29907773386031,
  "ultraShortVolumeSurge": 0.7869138328525674,
  "baseVolumeSurge": 0.027393582627029546,
  "currentPrice": 10.728,
  "resistance": 10.81,
  "support": 10.462,
  "rocMin5": 0.012075471698113219,
  "shortROC": 0.008744710860366711,
  "priceAcceleration": 0.0030292572956165695,
  "buySellRatio": 0.42701532597499786,
  "macdHistogram": -0.038415040038948293,
  "stochasticK": 31.884057971014435,
  "atr": 0.0731428571428572,
  "bbUpper": 10.99411099197046,
  "bbLower": 10.505789008029536,
  "hammerDetected": false,
  "engulfingDetected": true,
  "compressionSpring": {
    "detected": true,
    "confidence": 66,
    "signals": {
      "sidewaysPrice": true,
      "atrCompression": true,
      "bbSqueeze": true,
      "consolidationTime": true,
      "strongBuying": false,
      "obvPositive": false,
      "chaikinPositive": false,
      "rsiNeutral": false,
      "volumeBuilding": true
    },
    "metrics": {
      "priceRange": 3.33,
      "atrRatio": 0.719,
      "bbWidth": 4.54,
      "volumeRatio": 1.19,
      "signalCount": 5,
      "buySellRatio": 0.427
    }
  },
  "riskTier": "MEDIUM",
  "atrPercent": 0.7883242782571626,
  "distanceToResistance": 0.7643549589858384,
  "slPercent": 3,
  "tpPercent": 0.6497017151379626,
  "trailingActivation": 0.38982102908277755,
  "shortMomentumScore": 35,
  "overboughtScore": 0,
  "shortPatternScore": 0,
  "shootingStarDetected": false,
  "bearishEngulfingDetected": false,
  "eveningStarDetected": false,
  "bearishPatternsCount": 0,
  "shortTotalScore": 14,
  "chaikin": -0.2664411573770626,
  "obvIncreasing": true,
  "obvTrend": "increasing",
  "adx": 41.686746987951594,
  "recentCandles": {
    "redCount": 5,
    "greenCount": 5
  },
  "resistanceDistance": 0.7643549589858384,
  "multiplePatterns": false,
  "bullishPattern": true,
  "priceAboveVWAP": true,
  "breakingResistance": true,
  "atrSufficient": false,
  "macdDivergenceBearish": false,
  "rvolMin1": -0.1627976891071077,
  "rvolMin5": -0.49352536481343634,
  "atrPercentileOld": 0.524390243902439,
  "vwapDeviation": 0.17299148121905947,
  "bbWidthPercent": 4.5425512113165585,
  "bbSqueeze": false,
  "multiTFMomentum": {
    "min1": {
      "roc1": -0.002330133283623691,
      "roc3": 0.0019657399606852755
    },
    "min5": {
      "roc1": 0.008744710860366711,
      "roc3": 0.006756756756756679
    },
    "min15": {
      "roc1": -0.012582719731568626,
      "roc3": -0.0012256057320637222
    },
    "hourly": {
      "roc1": -0.011184639761394279,
      "roc3": -0.014857461231312112
    },
    "fourHour": {
      "roc1": -0.01659251019651467,
      "roc3": -0.00018848364904350842
    },
    "divergenceShortUpLongDown": true
  },
  "returnZMin5": 1.5401662877688187,
  "wickClosePct": 1,
  "wickUpper": 0,
  "wickLower": 0.028999999999999915,
  "wickRatio": 0.27619047619047427,
  "donchianBreakout15": false,
  "bbWidthPercentile15": 0.7402597402597403,
  "signedMin5": -783.7450000000006,
  "signedMin5Z": -4.730027127417096,
  "signedMin1": 1796.6370000000004,
  "signedMin1Z": 14.58237746466398,
  "streakMin1": {
    "upStreak": 0,
    "downStreak": 1
  },
  "streakMin5": {
    "upStreak": 1,
    "downStreak": 0
  },
  "rvolPercentileMin1": 0.5861111111111111,
  "rvolPercentileMin5": 0.3958333333333333,
  "perTfMetrics": {
    "min1": {
      "sma20": 10.650899999999998,
      "sma50": 10.758299999999998,
      "ema20": 10.667834638975762,
      "ema50": 10.723536608422268,
      "vwma20": 10.663858222766274,
      "hma21": 10.620731601731604,
      "atr14": 0.05399999999999989,
      "atrPercentile": 0.9410876132930514,
      "rvolZ": -0.1627976891071077,
      "rvolPercentile": 0.5861111111111111,
      "mfi14": 74.15461884401478,
      "ppo": {
        "ppo": -0.2050764708722299,
        "signal": -0.37936874347288724,
        "histogram": 0.17429227260065733
      },
      "stochRsi": {
        "k": 100,
        "d": 52.05491683856232
      },
      "vprofile": {
        "vpBins": [
          0.004212169561045892,
          0.006657229150765513,
          0.0049305937835224245,
          0.026693071661270287,
          0.17083887692530175,
          0.053766646761968434,
          0.039152644488363766,
          0.10315873366768916,
          0.11319011132343103,
          0.16078452149953348,
          0.08172834429497107,
          0.06929793285797221,
          0.03523096453370657,
          0.025430278067556895,
          0.03484055324848751,
          0.04272747957191923,
          0.018610307279540245,
          0,
          0.0034987343956698926,
          0.005250806927284703
        ],
        "currentBinShare": 0.16078452149953348
      },
      "ttm": {
        "squeeze": false,
        "release": false,
        "widthPct": 2.5949445487139644
      }
    },
    "min5": {
      "sma20": 10.6814,
      "sma50": 10.80918,
      "ema20": 10.693179496058244,
      "ema50": 10.735164973756884,
      "vwma20": 10.679273295856264,
      "hma21": 10.58427272727273,
      "atr14": 0.0731428571428572,
      "atrPercentile": 0.7226277372262774,
      "rvolZ": -0.49352536481343634,
      "rvolPercentile": 0.3958333333333333,
      "mfi14": 37.316127178701386,
      "ppo": {
        "ppo": -0.37771246399796893,
        "signal": -0.4684147804978981,
        "histogram": 0.09070231649992916
      },
      "stochRsi": {
        "k": 92.91386154723129,
        "d": 46.78514937269323
      },
      "vprofile": {
        "vpBins": [
          0.004698410186143074,
          0.004678899576063619,
          0.020215134562580783,
          0.0036183520445250365,
          0.09940879204616246,
          0.04682952130353487,
          0.11699870108569255,
          0.11431416877826478,
          0.06735773733813831,
          0.07844236223890999,
          0.12609730087120347,
          0.15672289581945067,
          0.043676779939737745,
          0.027450288743353517,
          0.023232031024422818,
          0.03829103101813203,
          0.014367011533414522,
          0.007970676829445633,
          0.005629905060824328,
          0
        ],
        "currentBinShare": 0.15672289581945067
      },
      "ttm": {
        "squeeze": false,
        "release": false,
        "widthPct": 2.684819303813115
      }
    },
    "min15": {
      "sma20": 10.749949999999998,
      "sma50": 10.733480000000004,
      "ema20": 10.708873396618063,
      "ema50": 10.70117538999614,
      "vwma20": 10.731525666063689,
      "hma21": 10.58781818181818,
      "atr14": 0.0845714285714284,
      "atrPercentile": 0.524390243902439,
      "rvolZ": -0.32306969611207487,
      "rvolPercentile": 0.4479166666666667,
      "mfi14": 28.689065988792436,
      "ppo": {
        "ppo": -0.3620892233884476,
        "signal": -0.16413579070389211,
        "histogram": -0.1979534326845555
      },
      "stochRsi": {
        "k": 19.511367931430083,
        "d": 28.06837387548755
      },
      "vprofile": {
        "vpBins": [
          0,
          0.007393570229027842,
          0.01649921235259948,
          0.05615072440130734,
          0.10781696557304836,
          0.049642883478189244,
          0.06861554499814232,
          0.13420115026644908,
          0.06058297166264651,
          0.10700015731647909,
          0.0661870796209028,
          0.1269066255189238,
          0.09421608873907138,
          0.015890080105632285,
          0.0049719005991110555,
          0.024528438528966162,
          0.019666284177664365,
          0.038460481258596746,
          0.001269841173242161,
          0
        ],
        "currentBinShare": 0.10700015731647909
      },
      "ttm": {
        "squeeze": false,
        "release": false,
        "widthPct": 4.5425512113165585
      }
    },
    "hourly": {
      "sma20": 10.646849999999999,
      "sma50": 10.544420000000002,
      "ema20": 10.66520648182066,
      "ema50": 10.487813604780014,
      "vwma20": 10.64584506611671,
      "hma21": 10.851978354978353,
      "atr14": 0.23335714285714243,
      "atrPercentile": 0.922360248447205,
      "rvolZ": -0.36184602725116444,
      "rvolPercentile": 0.40476190476190477,
      "mfi14": 29.266897236419325,
      "ppo": {
        "ppo": 0.5440015990732017,
        "signal": 0.6732125950706023,
        "histogram": -0.1292109959974006
      },
      "stochRsi": {
        "k": 26.538033436037917,
        "d": 54.955057571519966
      },
      "vprofile": {
        "vpBins": [
          0.03379829971816245,
          0.0376722468442813,
          0.19368055417760321,
          0.07069975354088338,
          0.012295063066121967,
          0.02038149456010682,
          0.021699491255351797,
          0.003770947412399201,
          0.021745289877211273,
          0.030139743978400312,
          0.02211751343731237,
          0.1371443957758522,
          0.12726236862725637,
          0.03773331714420572,
          0.047681580375284804,
          0.05222971751695611,
          0.044488055849076495,
          0.058845365782621145,
          0.026614801060913053,
          0
        ],
        "currentBinShare": 0.05222971751695611
      },
      "ttm": {
        "squeeze": false,
        "release": false,
        "widthPct": 5.899358818803932
      }
    },
    "fourHour": {
      "sma20": 10.35345,
      "sma50": 9.2222,
      "ema20": 10.248823985590613,
      "ema50": 9.64751124773456,
      "vwma20": 10.355113713849498,
      "hma21": 10.883926406926406,
      "atr14": 0.48514285714285726,
      "atrPercentile": 0.9857142857142858,
      "rvolZ": -0.3049466107791247,
      "rvolPercentile": 0.5595238095238095,
      "mfi14": 50.08316390087929,
      "ppo": {
        "ppo": 3.991934985691313,
        "signal": 4.41026898365362,
        "histogram": -0.4183339979623071
      },
      "stochRsi": {
        "k": 6.807260282190615,
        "d": 61.708576508128765
      },
      "vprofile": {
        "vpBins": [
          0.02615092035830221,
          0.01950354166914023,
          0.12682356593604205,
          0.10264975125542687,
          0.012824331598762978,
          0.08585930000662789,
          0.21154261209117378,
          0.017415095432429986,
          0.06081485536722129,
          0.011479295470063107,
          0.008836100234560764,
          0.0478805499275367,
          0.11233483939719073,
          0.033393894600653805,
          0.007130616863847299,
          0.03644573385191096,
          0.00604038677352029,
          0.0728746091655892,
          0,
          0
        ],
        "currentBinShare": 0.03644573385191096
      },
      "ttm": {
        "squeeze": false,
        "release": false,
        "widthPct": 13.017375263783283
      }
    },
    "daily": {
      "sma20": 9.288199999999998,
      "sma50": 8.861520000000002,
      "ema20": 9.320554081609432,
      "ema50": 9.325725492349845,
      "vwma20": 0,
      "hma21": 9.207683982683989,
      "atr14": 0.7287142857142858,
      "atrPercentile": 0.40789473684210525,
      "rvolZ": 0,
      "rvolPercentile": 1,
      "mfi14": 50,
      "ppo": {
        "ppo": 3.5244630816239026,
        "signal": 1.4456010489844382,
        "histogram": 2.0788620326394645
      },
      "stochRsi": {
        "k": 86.94869211272372,
        "d": 62.0638630352825
      },
      "vprofile": {
        "vpBins": [
          0,
          0,
          0,
          0,
          0,
          0,
          0,
          0,
          0,
          0,
          0,
          0,
          0,
          0,
          0,
          0,
          0,
          0,
          0,
          0
        ],
        "currentBinShare": 0
      },
      "ttm": {
        "squeeze": false,
        "release": false,
        "widthPct": 31.22911267571244
      }
    }
  },
  "smaMin5": 10.6814,
  "emaMin5": 10.693179496058244,
  "vwmaMin5": 10.679273295856264,
  "hmaMin5": 10.58427272727273,
  "keltner15": {
    "upper": 10.833673396618064,
    "middle": 10.708873396618063,
    "lower": 10.584073396618063
  },
  "superTrend15": {
    "isBull": false,
    "finalUpper": 10.905599999999998,
    "finalLower": 10.4064
  },
  "mfi15": 28.689065988792436,
  "stochRsi15": {
    "k": 19.511367931430083,
    "d": 28.06837387548755
  },
  "ppo15": {
    "ppo": -0.3620892233884476,
    "signal": -0.16413579070389211,
    "histogram": -0.1979534326845555
  },
  "vpMin15": {
    "vpBins": [
      0,
      0.007393570229027842,
      0.01649921235259948,
      0.05615072440130734,
      0.10781696557304836,
      0.049642883478189244,
      0.06861554499814232,
      0.13420115026644908,
      0.06058297166264651,
      0.10700015731647909,
      0.0661870796209028,
      0.1269066255189238,
      0.09421608873907138,
      0.015890080105632285,
      0.0049719005991110555,
      0.024528438528966162,
      0.019666284177664365,
      0.038460481258596746,
      0.001269841173242161,
      0
    ],
    "currentBinShare": 0.10700015731647909
  },
  "ttm15": {
    "squeeze": false,
    "release": false,
    "widthPct": 4.5425512113165585
  },
  "marketCorrelation": {
    "hourly": {
      "btcCorrelation": 0,
      "ethCorrelation": 0,
      "btcBeta": 1,
      "ethBeta": 1,
      "btcTrend": "UNKNOWN",
      "ethTrend": "UNKNOWN",
      "tokenVol": 0,
      "btcVol": 0,
      "ethVol": 0,
      "marketDependence": 0,
      "verdict": "INSUFFICIENT_DATA"
    },
    "min15": {
      "btcCorrelation": 0,
      "ethCorrelation": 0,
      "btcBeta": 1,
      "ethBeta": 1,
      "btcTrend": "UNKNOWN",
      "ethTrend": "UNKNOWN",
      "tokenVol": 0,
      "btcVol": 0,
      "ethVol": 0,
      "marketDependence": 0,
      "verdict": "INSUFFICIENT_DATA"
    },
    "daily": {
      "btcCorrelation": 0,
      "ethCorrelation": 0,
      "btcBeta": 1,
      "ethBeta": 1,
      "btcTrend": "UNKNOWN",
      "ethTrend": "UNKNOWN",
      "tokenVol": 0,
      "btcVol": 0,
      "ethVol": 0,
      "marketDependence": 0,
      "verdict": "INSUFFICIENT_DATA"
    }
  },
  "tradeTape": {
    "totalTrades": 0,
    "totalVolume": 0,
    "buysVolume": 0,
    "sellsVolume": 0,
    "buySellRatio": 0.5,
    "vwap": 0,
    "signedVolume": 0,
    "avgTradeSize": 0,
    "tradesPerSec": 0,
    "cumulativeDelta": 0,
    "tradesLast1m": 0,
    "tradesLast5m": 0,
    "tradesLast15m": 0,
    "tradesLast1h": 0,
    "buyVWAP": 0,
    "sellVWAP": 0,
    "aggressorVWAP": 0,
    "bucketDurationMs": 60000,
    "bucketCount": 15,
    "bucketSignedVolumes": [],
    "bucketVolumes": [],
    "bucketVWAPs": [],
    "latestBucketSignedZ": 0
  },
  "enhancedMetrics": {
    "relativeVolumeZScore": -1,
    "volumePercentile": 40,
    "atrPercentile": 71.53284671532847,
    "volatilityPercentile": 78.48101265822784,
    "relativeVolatilityRatio": 0.7940721742948526,
    "isHighVolume": false,
    "isHighVolatility": true,
    "isLowVolatility": false,
    "isExpandingVolatility": false,
    "isContractingVolatility": true
  },
  "orderBook": {
    "bidAskSpread": 0,
    "spreadPct": 0,
    "midPrice": 0,
    "bestBid": 0,
    "bestAsk": 0,
    "bidDepth": 0,
    "askDepth": 0,
    "orderBookImbalance": 0,
    "liquidityScore": 0,
    "depthAt1Pct": {
      "bidVolume": 0,
      "askVolume": 0,
      "imbalance": 0
    },
    "depthAt2Pct": {
      "bidVolume": 0,
      "askVolume": 0,
      "imbalance": 0
    },
    "depthAt5Pct": {
      "bidVolume": 0,
      "askVolume": 0,
      "imbalance": 0
    },
    "weightedMidPrice": 0,
    "volumeWeightedSpread": 0,
    "totalBidLevels": 0,
    "totalAskLevels": 0
  },
  "marketCap": {
    "marketCap": 0,
    "totalVolume24h": 0,
    "volumeToMarketCapRatio": 0,
    "marketCapRank": 0,
    "normalizedRank": 0,
    "isHighLiquidity": false,
    "isVeryHighLiquidity": false,
    "isLowLiquidity": true,
    "liquidityTier": "VERY_LOW"
  },
  "sweeps": {
    "sweepScore": 0,
    "sweepCount": 0,
    "sweepDirection": "NEUTRAL",
    "buySweeps": 0,
    "sellSweeps": 0,
    "avgSweepSize": 0,
    "avgSweepIntensity": 0,
    "bidLiftRatio": 0,
    "askLiftRatio": 0,
    "sweepFrequency": 0,
    "largestSweep": null,
    "recentSweepClusters": 0,
    "sweepDetails": []
  },
  "absorption": {
    "absorptionScore": 0,
    "absorptionLevel": null,
    "absorptionSide": "NONE",
    "icebergProbability": 0,
    "hiddenLiquidityEstimate": 0,
    "volumeAtPrice": {},
    "topAbsorptionLevels": [],
    "persistenceDuration": 0,
    "refillDetected": false
  },
  "orderArrival": {
    "avgInterArrivalTime": 0,
    "recentInterArrivalTime": 0,
    "accelerationRatio": 1,
    "hawkesIntensity": 0,
    "hawkesDirection": "NEUTRAL",
    "clusteringScore": 0,
    "burstCount": 0,
    "cascadeDetected": false,
    "timeToNextTrade": 0,
    "accelerationTrend": "STABLE"
  },
  "liquidityVacuum": {
    "vacuumScore": 0,
    "vacuumSide": "NONE",
    "bidVacuumSeverity": 0,
    "askVacuumSeverity": 0,
    "depthConcentration": 0,
    "priceImpact10k": 0,
    "priceImpact50k": 0,
    "priceImpact100k": 0,
    "largestGapBid": 0,
    "largestGapAsk": 0,
    "avgGapBid": 0,
    "avgGapAsk": 0,
    "bidCliffDistance": 0,
    "askCliffDistance": 0
  },
  "volatilityRegime": {
    "regime": "LOW",
    "regimeScore": -1,
    "currentATR": 0.675462,
    "avgATR": 0.627867,
    "atrPercentile": 30.3,
    "realizedVolatility": 66.7,
    "volPercentile": 3.4,
    "expanding": false,
    "contracting": false,
    "transitionProbability": 0.3,
    "daysInRegime": 1,
    "regimeStrength": 0.32
  },
  "temporalPatterns": {
    "currentHour": 8,
    "currentDay": 0,
    "currentDayName": "Sunday",
    "dayBias": "NEUTRAL",
    "hourlyProfile": [
      {
        "avgVolume": 1617.46,
        "avgATR": 0.146071,
        "avgReturn": 0.271
      },
      {
        "avgVolume": 1491.42,
        "avgATR": 0.163857,
        "avgReturn": -0.116
      },
      {
        "avgVolume": 1039.1,
        "avgATR": 0.124857,
        "avgReturn": 0.529
      },
      {
        "avgVolume": 1244.34,
        "avgATR": 0.131214,
        "avgReturn": 0.169
      },
      {
        "avgVolume": 857.97,
        "avgATR": 0.1145,
        "avgReturn": -0.312
      },
      {
        "avgVolume": 883.09,
        "avgATR": 0.079714,
        "avgReturn": 0.009
      },
      {
        "avgVolume": 922.69,
        "avgATR": 0.116214,
        "avgReturn": 0.215
      },
      {
        "avgVolume": 2070.09,
        "avgATR": 0.178071,
        "avgReturn": -0.046
      },
      {
        "avgVolume": 1135.28,
        "avgATR": 0.133786,
        "avgReturn": 0.219
      },
      {
        "avgVolume": 520.8,
        "avgATR": 0.119429,
        "avgReturn": -0.184
      },
      {
        "avgVolume": 1807.84,
        "avgATR": 0.120286,
        "avgReturn": -0.099
      },
      {
        "avgVolume": 848.63,
        "avgATR": 0.113214,
        "avgReturn": -0.389
      },
      {
        "avgVolume": 1396.56,
        "avgATR": 0.130643,
        "avgReturn": 0.097
      },
      {
        "avgVolume": 801.33,
        "avgATR": 0.164571,
        "avgReturn": -0.697
      },
      {
        "avgVolume": 710.84,
        "avgATR": 0.160154,
        "avgReturn": 0.529
      },
      {
        "avgVolume": 1662.75,
        "avgATR": 0.1445,
        "avgReturn": -0.594
      },
      {
        "avgVolume": 2540.56,
        "avgATR": 0.138,
        "avgReturn": 0.108
      },
      {
        "avgVolume": 1237.98,
        "avgATR": 0.111286,
        "avgReturn": 0.454
      },
      {
        "avgVolume": 844.81,
        "avgATR": 0.106286,
        "avgReturn": 0.257
      },
      {
        "avgVolume": 682.77,
        "avgATR": 0.090429,
        "avgReturn": -0.113
      },
      {
        "avgVolume": 683.51,
        "avgATR": 0.104143,
        "avgReturn": 0.141
      },
      {
        "avgVolume": 1872.73,
        "avgATR": 0.100143,
        "avgReturn": 0.102
      },
      {
        "avgVolume": 804.85,
        "avgATR": 0.121071,
        "avgReturn": 0.082
      },
      {
        "avgVolume": 1964.15,
        "avgATR": 0.124857,
        "avgReturn": 0.519
      }
    ],
    "dailyProfile": [
      {
        "avgVolume": 966.7,
        "avgATR": 0.158875,
        "avgReturn": -0.08
      },
      {
        "avgVolume": 642.65,
        "avgATR": 0.131191,
        "avgReturn": 0.048
      },
      {
        "avgVolume": 836.94,
        "avgATR": 0.105313,
        "avgReturn": -0.112
      },
      {
        "avgVolume": 1933.19,
        "avgATR": 0.122375,
        "avgReturn": 0.031
      },
      {
        "avgVolume": 1538.19,
        "avgATR": 0.103333,
        "avgReturn": 0.261
      },
      {
        "avgVolume": 1308.33,
        "avgATR": 0.140958,
        "avgReturn": 0.141
      },
      {
        "avgVolume": 1418.02,
        "avgATR": 0.123229,
        "avgReturn": 0.037
      }
    ],
    "favorableHours": [
      16,
      7,
      23,
      21,
      10,
      15
    ],
    "favorableWindow": false,
    "currentVsAvgVolume": 0,
    "currentVsAvgVolatility": 0,
    "anomalyDetected": true,
    "timeUntilFavorable": 2,
    "temporalScore": 0
  },
  "unifiedMicrostructure": {
    "signalDirections": {
      "vpin": "NEUTRAL",
      "sweeps": "NEUTRAL",
      "absorption": "NEUTRAL",
      "arrival": "NEUTRAL",
      "vacuum": "NONE",
      "volRegime": "FAVORABLE",
      "temporal": "UNFAVORABLE"
    },
    "consensusDirection": "NEUTRAL",
    "consensusStrength": 50,
    "bullishSignals": 1,
    "bearishSignals": 1,
    "neutralSignals": 0,
    "totalAvailableSignals": 2,
    "dominantPattern": "NONE",
    "clusters": {
      "strongBuyCluster": false,
      "distributionPattern": false,
      "accumulationPattern": false,
      "momentumCascade": false
    },
    "adaptiveWeights": {
      "vpin": 0,
      "sweeps": 0,
      "absorption": 0,
      "arrival": 0,
      "vacuum": 0,
      "volRegime": 0.021,
      "temporal": 0.02
    },
    "convictionLevel": "LOW",
    "convictionScore": 30,
    "riskAdjustment": "REDUCE",
    "timingQuality": "UNFAVORABLE",
    "signalQuality": "LOW"
  },
  "deltaAnalysis": {
    "currentDelta": 0,
    "cumulativeDelta": 0,
    "deltaPerVolume": 0,
    "deltaDirection": "NEUTRAL",
    "deltaDivergence": false,
    "institutionalRatio": 0,
    "aggressionScore": 0
  },
  "volumeProfile": {
    "pointOfControl": 0,
    "valueAreaHigh": 0,
    "valueAreaLow": 0,
    "currentPosition": "ABOVE_VALUE_AREA",
    "volumeNodes": [],
    "airPockets": []
  },
  "momentumCascade": {
    "cascadeDetected": false,
    "alignmentScore": 0.00011731601038208247,
    "cascadeStrength": 0,
    "acceleratingTimeframes": [
      "1m",
      "5m"
    ],
    "divergingTimeframes": [
      "15m",
      "1h"
    ]
  },
  "breakoutConfirmation": {
    "breakoutConfirmed": false,
    "volumeConfirmation": false,
    "retestStrength": 0,
    "falseBreakoutRisk": 0,
    "breakoutQuality": "NO_BREAKOUT"
  },
  "liquidityHeatmap": {
    "liquidityScore": 0,
    "magnetDirection": "NONE",
    "magnetStrength": 0,
    "priceTarget5pct": null,
    "message": "No order book data"
  },
  "smartMoneyDivergence": {
    "divergenceDetected": false,
    "divergenceDirection": "NONE",
    "smartMoneyScore": 0.5,
    "message": "Insufficient trade data"
  },
  "microstructure": {
    "raw": -0.026527302965905948,
    "pct": 50,
    "summary": {
      "latestBucketSignedZ": 0,
      "buySellRatio": 0.5,
      "tradesPerSec": 0,
      "vwap": 0,
      "aggressorVWAP": 0,
      "vpinToxicity": "UNKNOWN",
      "sweepDirection": "NEUTRAL",
      "absorptionSide": "NONE",
      "icebergDetected": false,
      "hawkesDirection": "NEUTRAL",
      "cascadeDetected": false,
      "vacuumSide": "NONE",
      "volatilityRegime": "LOW",
      "volExpanding": false,
      "favorableTimeWindow": false,
      "temporalAnomaly": true,
      "consensusDirection": "NEUTRAL",
      "consensusStrength": 50,
      "dominantPattern": "NONE",
      "convictionLevel": "LOW",
      "riskAdjustment": "REDUCE",
      "timingQuality": "UNFAVORABLE",
      "deltaDirection": "NEUTRAL",
      "deltaDivergence": false,
      "institutionalRatio": 0,
      "volumeProfilePosition": "ABOVE_VALUE_AREA",
      "pointOfControl": 0,
      "momentumCascadeDetected": false,
      "cascadeStrength": 0,
      "breakoutQuality": "NO_BREAKOUT",
      "breakoutConfirmed": false,
      "magnetDirection": "NONE",
      "magnetStrength": 0,
      "priceTarget5pct": null,
      "nearestBidWall": 0,
      "nearestAskWall": 0,
      "divergenceDetected": false,
      "divergenceDirection": "NONE",
      "whaleAccumulation": false,
      "whaleDistribution": false,
      "retailPanic": false,
      "smartMoneyScore": 0.5
    }
  }
}

=== MICROSTRUCTURE ALERTS ===

🔬 VPIN: Insufficient data for VPIN analysis

🌊 SWEEP DETECTION: No significant sweeps detected

🧊 ABSORPTION & ICEBERG: No significant absorption or iceberg orders detected

⚡ ORDER ARRIVAL DYNAMICS: Insufficient trades for analysis

🌪️ LIQUIDITY VACUUM: No significant vacuum detected

📊 VOLATILITY REGIME DETECTION:
   Current Regime: LOW
   Regime Score: -1.00 (-1=low vol, +1=extreme vol)
   Days in Regime: 1
   ATR: $0.675462 (avg: $0.627867)
   ATR Percentile: 30.3%
   Realized Volatility: 66.70% (annualized)
   Vol Percentile: 3.4%

   🔵 LOW VOLATILITY REGIME:
   ✅ Ideal for breakout setups - price coiling
   ✅ Tight stops recommended
   ✅ Can increase position size (lower risk)

   📍 MODERATE REGIME TRANSITION PROBABILITY: 30%
   Monitor for potential regime change

   ⚠️ NEW REGIME: Only 1 day(s) - conditions still settling

⏰ TEMPORAL PATTERN ANALYSIS:
   Current Time: Sunday 8:00 UTC
   Day Bias: NEUTRAL
   Current vs Avg Volume: 0x
   Current vs Avg Volatility: 0x

   ⏳ NON-FAVORABLE TIME WINDOW:
   This hour typically shows weaker activity
   Next favorable window in 2 hour(s)

   ⚠️ LOW ACTIVITY ANOMALY:
   Volume 0x below typical - Extremely quiet

   📉 LOW VOLATILITY ANOMALY:
   Volatility 0x below typical - Consolidation likely

   🔥 Best Trading Hours (UTC): 16:00, 7:00, 23:00

🎯 UNIFIED MICROSTRUCTURE INTEGRATION:
   Signal Consensus: NEUTRAL (50% agreement)
   Available Signals: 2 (1 bullish / 1 bearish / 0 neutral)
   Conviction Level: LOW (30%)
   Signal Quality: LOW
   Risk Adjustment: REDUCE
   Timing Quality: UNFAVORABLE

   ⚠️ LOW CONVICTION: Only 50% signal agreement
   Weak alignment - Reduce position size or wait for clarity

   ⚠️ RISK REDUCTION RECOMMENDED: Extreme volatility or unfavorable timing detected

   ⏰ UNFAVORABLE TIMING: Avoid trading during this hour

   Signal Directions Breakdown:
   • VPIN: NEUTRAL
   • Sweeps: NEUTRAL
   • Absorption: NEUTRAL
   • Arrival Dynamics: NEUTRAL
   • Liquidity Vacuum: NONE
   • Vol Regime: FAVORABLE
   • Temporal: UNFAVORABLE

   Adaptive Weights (Total: 4.1%):
   • VPIN: 0.0%
   • Sweeps: 0.0%
   • Absorption: 0.0%
   • Arrival: 0.0%
   • Vacuum: 0.0%
   • Vol Regime: 2.1%
   • Temporal: 2.0%


💹 DELTA ANALYSIS (Order Flow Aggression):
   Direction: NEUTRAL
   Delta Per Volume: 0.00%
   Institutional Ratio: 0.0%
   Aggression Score: 0.0%

📊 VOLUME PROFILE (Support/Resistance Strength):
   Point of Control (POC): $0.000000
   Value Area High: $0.000000
   Value Area Low: $0.000000
   Current Position: ABOVE_VALUE_AREA
   ⚠️ DISTRIBUTION RISK: Price above value area - potential rejection zone

⚡ MOMENTUM CASCADE (Multi-Timeframe Alignment):
   Cascade Detected: NO
   Alignment Score: 0.0%
   Cascade Strength: 0.0%
   Accelerating: 1m, 5m
   Diverging: 15m, 1h

💥 BREAKOUT CONFIRMATION:
   Quality: NO_BREAKOUT
   Volume Confirmation: NO
   Retest Strength: 0.0%
   False Breakout Risk: 0.0%
   No breakout detected - price below resistance


levels:
Entry=10.706544, StopLoss=10.385347679999999, TakeProfit=10.7413243, 10.7761046, 10.80392884

---

=== Token: FIS (FIS) ===
Contract: FIS-USD
Timestamp: 2025-05-12T13:05:00.000Z

Calculations:
{
  "momentumScore": 88.60577767446424,
  "volumeScore": 29.904579920945896,
  "patternScore": 95.07911005116219,
  "totalScore": 54.43055227619248,
  "finalScore": 54.43055227619248,
  "weights": "0.23,0.45,0.23",
  "hourlyUptrend": true,
  "rsi": 65.38461538461526,
  "ultraShortVolumeSurge": 2.8157590471695584,
  "baseVolumeSurge": 0.043186031341030724,
  "currentPrice": 0.2168,
  "resistance": 0.22,
  "support": 0.2049,
  "rocMin5": 0.004168596572487189,
  "shortROC": 0.0027752081406104967,
  "priceAcceleration": 0.00104118508285989,
  "buySellRatio": 0.4981247296355152,
  "macdHistogram": 0.0006992819077008504,
  "stochasticK": 98.01324503311261,
  "atr": 0.001414285714285717,
  "bbUpper": 0.217107289667648,
  "bbLower": 0.206142710332352,
  "hammerDetected": false,
  "engulfingDetected": false,
  "compressionSpring": {
    "detected": false,
    "confidence": 0,
    "signals": {
      "sidewaysPrice": true,
      "atrCompression": true,
      "bbSqueeze": false,
      "consolidationTime": true,
      "strongBuying": false,
      "obvPositive": false,
      "chaikinPositive": false,
      "rsiNeutral": false,
      "volumeBuilding": false
    },
    "metrics": {
      "priceRange": 7.37,
      "atrRatio": 0.627,
      "bbWidth": 5.18,
      "volumeRatio": 0.725,
      "signalCount": 3,
      "buySellRatio": 0.498
    }
  },
  "riskTier": "HIGH",
  "atrPercent": 1.479309435951505,
  "distanceToResistance": 1.4760147601476055,
  "slPercent": 4,
  "tpPercent": 1.2546125461254647,
  "trailingActivation": 0.7527675276752788,
  "shortMomentumScore": 0,
  "overboughtScore": 55,
  "shortPatternScore": 0,
  "shootingStarDetected": false,
  "bearishEngulfingDetected": false,
  "eveningStarDetected": false,
  "bearishPatternsCount": 0,
  "shortTotalScore": 19.25,
  "chaikin": 0.22672541975110433,
  "obvIncreasing": false,
  "obvTrend": "declining",
  "adx": 2.752293577981595,
  "recentCandles": {
    "redCount": 2,
    "greenCount": 8
  },
  "resistanceDistance": 1.4760147601476055,
  "multiplePatterns": false,
  "bullishPattern": false,
  "priceAboveVWAP": true,
  "breakingResistance": false,
  "atrSufficient": true,
  "macdDivergenceBearish": false,
  "rvolMin1": -0.3084081554618367,
  "rvolMin5": 0.049443041798379446,
  "atrPercentileOld": 0.8902439024390244,
  "vwapDeviation": 4.717835454748054,
  "bbWidthPercent": 5.181136130086704,
  "bbSqueeze": false,
  "multiTFMomentum": {
    "min1": {
      "roc1": 0.0013876040703052483,
      "roc3": 0.0013876040703052483
    },
    "min5": {
      "roc1": 0.0027752081406104967,
      "roc3": 0.004168596572487189
    },
    "min15": {
      "roc1": 0.017600741083835098,
      "roc3": 0.03877068557919628
    },
    "hourly": {
      "roc1": 0.007410838351088422,
      "roc3": 0.031294452347083904
    },
    "fourHour": {
      "roc1": 0.031294452347083904,
      "roc3": 0.050724637681159465
    },
    "divergenceShortUpLongDown": false
  },
  "returnZMin5": 0.37106020984918575,
  "wickClosePct": 0.37499999999999567,
  "wickUpper": 0.0010000000000000009,
  "wickLower": 0,
  "wickRatio": 1.6666666666666976,
  "donchianBreakout15": false,
  "bbWidthPercentile15": 0.8961038961038961,
  "signedMin5": 81361.2,
  "signedMin5Z": 4.763512252125658,
  "signedMin1": 39210.599999999984,
  "signedMin1Z": 3.9432641168831704,
  "streakMin1": {
    "upStreak": 2,
    "downStreak": 0
  },
  "streakMin5": {
    "upStreak": 5,
    "downStreak": 0
  },
  "rvolPercentileMin1": 0.46944444444444444,
  "rvolPercentileMin5": 0.7673611111111112,
  "perTfMetrics": {
    "min1": {
      "sma20": 0.21431499999999998,
      "sma50": 0.21276199999999992,
      "ema20": 0.2148398099840681,
      "ema50": 0.2133412856049388,
      "vwma20": 0.21483479533689057,
      "hma21": 0.21717922077922078,
      "atr14": 0.0006857142857142895,
      "atrPercentile": 0.44008056394763345,
      "rvolZ": -0.3084081554618367,
      "rvolPercentile": 0.46944444444444444,
      "mfi14": 96.10124822992606,
      "ppo": {
        "ppo": 0.45634758101050266,
        "signal": 0.40098547595721246,
        "histogram": 0.0553621050532902
      },
      "stochRsi": {
        "k": 76.08223474069322,
        "d": 78.79743012773513
      },
      "vprofile": {
        "vpBins": [
          0,
          0.018449854208610502,
          0.07579582543185621,
          0.041091076061957325,
          0.08437998697739113,
          0.15966188188441033,
          0.16733800763670326,
          0.05198007641496254,
          0.034414173123051194,
          0.04799349013346856,
          0.03028751111678817,
          0.04108280811926351,
          0.020555303789377876,
          0.08462538910256395,
          0.0645926432564862,
          0.00753712845483175,
          0.015445715204602825,
          0.03130914125312774,
          0.023459987830546956,
          0
        ],
        "currentBinShare": 0.023459987830546956
      },
      "ttm": {
        "squeeze": false,
        "release": false,
        "widthPct": 3.2554172249225375
      }
    },
    "min5": {
      "sma20": 0.21366000000000002,
      "sma50": 0.21184399999999998,
      "ema20": 0.21401009995472645,
      "ema50": 0.21228848778132337,
      "vwma20": 0.21277398633101668,
      "hma21": 0.21597965367965372,
      "atr14": 0.001414285714285717,
      "atrPercentile": 0.45985401459854014,
      "rvolZ": 0.049443041798379446,
      "rvolPercentile": 0.7673611111111112,
      "mfi14": 68.89697194356278,
      "ppo": {
        "ppo": 0.6700711885615572,
        "signal": 0.5341370609013711,
        "histogram": 0.1359341276601861
      },
      "stochRsi": {
        "k": 62.62002160692358,
        "d": 65.46406005604454
      },
      "vprofile": {
        "vpBins": [
          0,
          0.007704823198632291,
          0.013148945612653316,
          0.1107664928887314,
          0.018312988576868687,
          0.12517412971247213,
          0.13190270175995986,
          0.058500570989934365,
          0.07461104087910232,
          0.08581289970683999,
          0.09580466812043224,
          0.06519595563608167,
          0.05347545687526313,
          0.026356628759896514,
          0.022791829733912024,
          0.017969519801908706,
          0.04504301031669946,
          0.03873344656856156,
          0.008694890862050388,
          0
        ],
        "currentBinShare": 0.008694890862050388
      },
      "ttm": {
        "squeeze": false,
        "release": false,
        "widthPct": 4.0493511813822405
      }
    },
    "min15": {
      "sma20": 0.211625,
      "sma50": 0.21025399999999997,
      "ema20": 0.21253873383398916,
      "ema50": 0.21122183375008435,
      "vwma20": 0.21223467885335473,
      "hma21": 0.214508658008658,
      "atr14": 0.003207142857142863,
      "atrPercentile": 0.8902439024390244,
      "rvolZ": 0.9515191985505679,
      "rvolPercentile": 0.9270833333333334,
      "mfi14": 56.583759730183765,
      "ppo": {
        "ppo": 0.7579819896698665,
        "signal": 0.3915888886518724,
        "histogram": 0.3663931010179941
      },
      "stochRsi": {
        "k": 100,
        "d": 64.11068442389043
      },
      "vprofile": {
        "vpBins": [
          0,
          0,
          0.06888959644789139,
          0,
          0,
          0,
          0.023883400732106142,
          0.16530762756982734,
          0.17045381634766912,
          0.09816565457100052,
          0.15793054627353376,
          0.056414990972300634,
          0.02559392436364908,
          0.06901246068147923,
          0.10087431132307247,
          0.03520337847036527,
          0,
          0,
          0,
          0.028270292247104954
        ],
        "currentBinShare": 0.028270292247104954
      },
      "ttm": {
        "squeeze": false,
        "release": true,
        "widthPct": 5.181136130086704
      }
    },
    "hourly": {
      "sma20": 0.21088000000000004,
      "sma50": 0.20552399999999996,
      "ema20": 0.21122802834025592,
      "ema50": 0.20649232223014263,
      "vwma20": 0.21156101082427584,
      "hma21": 0.21258441558441557,
      "atr14": 0.005514285714285717,
      "atrPercentile": 0.8260869565217391,
      "rvolZ": -0.30700511480724796,
      "rvolPercentile": 0.5,
      "mfi14": 67.62882000883322,
      "ppo": {
        "ppo": 1.031082380079788,
        "signal": 0.8751108826874948,
        "histogram": 0.1559714973922931
      },
      "stochRsi": {
        "k": 100,
        "d": 58.71829710144925
      },
      "vprofile": {
        "vpBins": [
          0,
          0.017678678885345044,
          0.14653809010757549,
          0.07043460995599235,
          0.04470384055486424,
          0.06230250300997662,
          0.07585338823996589,
          0.06293467127247346,
          0.027212954473746317,
          0.01862144720273552,
          0.004570955104394066,
          0.08730974093902422,
          0.09007030778205098,
          0.14873970185868476,
          0.057563101119751034,
          0.04842732706653354,
          0,
          0.023252507783977774,
          0.006728207438983401,
          0.00705796720392525
        ],
        "currentBinShare": 0.04842732706653354
      },
      "ttm": {
        "squeeze": true,
        "release": true,
        "widthPct": 4.666160849772389
      }
    },
    "fourHour": {
      "sma20": 0.20105000000000003,
      "sma50": 0.20071399999999995,
      "ema20": 0.20391155066845765,
      "ema50": 0.2057996459625221,
      "vwma20": 0.20569318654444813,
      "hma21": 0.2160484848484848,
      "atr14": 0.010478571428571429,
      "atrPercentile": 0.9571428571428572,
      "rvolZ": -0.08702631388469209,
      "rvolPercentile": 0.6071428571428571,
      "mfi14": 57.65252151130807,
      "ppo": {
        "ppo": 2.126594680242497,
        "signal": 1.098956273140691,
        "histogram": 1.0276384071018059
      },
      "stochRsi": {
        "k": 42.655767747788545,
        "d": 65.69735986144552
      },
      "vprofile": {
        "vpBins": [
          0,
          0.07258378497777278,
          0.008218106045840579,
          0.049840915155759107,
          0.0335848930259114,
          0.03147849957056313,
          0.0041867443614957145,
          0.015465180853332877,
          0.048327108688100855,
          0.08898742915044029,
          0.08504466879688827,
          0.0019214913560223457,
          0.04269143304482813,
          0.052766350183284245,
          0.05751380037519766,
          0.11266827271906209,
          0.09214633370499156,
          0.20257498799050902,
          0,
          0
        ],
        "currentBinShare": 0.08504466879688827
      },
      "ttm": {
        "squeeze": false,
        "release": false,
        "widthPct": 19.076033966400473
      }
    },
    "daily": {
      "sma20": 0.21422,
      "sma50": 0.168814,
      "ema20": 0.20138230287581113,
      "ema50": 0.18897664518421475,
      "vwma20": 0,
      "hma21": 0.19988528138528147,
      "atr14": 0.025464285714285717,
      "atrPercentile": 0.7368421052631579,
      "rvolZ": 0,
      "rvolPercentile": 1,
      "mfi14": 50,
      "ppo": {
        "ppo": 4.634413302175995,
        "signal": 6.4756390696677615,
        "histogram": -1.8412257674917667
      },
      "stochRsi": {
        "k": 22.798356134631888,
        "d": 41.8321233420804
      },
      "vprofile": {
        "vpBins": [
          0,
          0,
          0,
          0,
          0,
          0,
          0,
          0,
          0,
          0,
          0,
          0,
          0,
          0,
          0,
          0,
          0,
          0,
          0,
          0
        ],
        "currentBinShare": 0
      },
      "ttm": {
        "squeeze": false,
        "release": false,
        "widthPct": 47.986618339283304
      }
    }
  },
  "smaMin5": 0.21366000000000002,
  "emaMin5": 0.21401009995472645,
  "vwmaMin5": 0.21277398633101668,
  "hmaMin5": 0.21597965367965372,
  "keltner15": {
    "upper": 0.21796873383398918,
    "middle": 0.21253873383398916,
    "lower": 0.20710873383398914
  },
  "superTrend15": {
    "isBull": true,
    "finalUpper": 0.22851000000000002,
    "finalLower": 0.20679
  },
  "mfi15": 56.583759730183765,
  "stochRsi15": {
    "k": 100,
    "d": 64.11068442389043
  },
  "ppo15": {
    "ppo": 0.7579819896698665,
    "signal": 0.3915888886518724,
    "histogram": 0.3663931010179941
  },
  "vpMin15": {
    "vpBins": [
      0,
      0,
      0.06888959644789139,
      0,
      0,
      0,
      0.023883400732106142,
      0.16530762756982734,
      0.17045381634766912,
      0.09816565457100052,
      0.15793054627353376,
      0.056414990972300634,
      0.02559392436364908,
      0.06901246068147923,
      0.10087431132307247,
      0.03520337847036527,
      0,
      0,
      0,
      0.028270292247104954
    ],
    "currentBinShare": 0.028270292247104954
  },
  "ttm15": {
    "squeeze": false,
    "release": true,
    "widthPct": 5.181136130086704
  },
  "marketCorrelation": {
    "hourly": {
      "btcCorrelation": 0,
      "ethCorrelation": 0,
      "btcBeta": 1,
      "ethBeta": 1,
      "btcTrend": "UNKNOWN",
      "ethTrend": "UNKNOWN",
      "tokenVol": 0,
      "btcVol": 0,
      "ethVol": 0,
      "marketDependence": 0,
      "verdict": "INSUFFICIENT_DATA"
    },
    "min15": {
      "btcCorrelation": 0,
      "ethCorrelation": 0,
      "btcBeta": 1,
      "ethBeta": 1,
      "btcTrend": "UNKNOWN",
      "ethTrend": "UNKNOWN",
      "tokenVol": 0,
      "btcVol": 0,
      "ethVol": 0,
      "marketDependence": 0,
      "verdict": "INSUFFICIENT_DATA"
    },
    "daily": {
      "btcCorrelation": 0,
      "ethCorrelation": 0,
      "btcBeta": 1,
      "ethBeta": 1,
      "btcTrend": "UNKNOWN",
      "ethTrend": "UNKNOWN",
      "tokenVol": 0,
      "btcVol": 0,
      "ethVol": 0,
      "marketDependence": 0,
      "verdict": "INSUFFICIENT_DATA"
    }
  },
  "tradeTape": {
    "totalTrades": 0,
    "totalVolume": 0,
    "buysVolume": 0,
    "sellsVolume": 0,
    "buySellRatio": 0.5,
    "vwap": 0,
    "signedVolume": 0,
    "avgTradeSize": 0,
    "tradesPerSec": 0,
    "cumulativeDelta": 0,
    "tradesLast1m": 0,
    "tradesLast5m": 0,
    "tradesLast15m": 0,
    "tradesLast1h": 0,
    "buyVWAP": 0,
    "sellVWAP": 0,
    "aggressorVWAP": 0,
    "bucketDurationMs": 60000,
    "bucketCount": 15,
    "bucketSignedVolumes": [],
    "bucketVolumes": [],
    "bucketVWAPs": [],
    "latestBucketSignedZ": 0
  },
  "enhancedMetrics": {
    "relativeVolumeZScore": -1,
    "volumePercentile": 40,
    "atrPercentile": 46.715328467153284,
    "volatilityPercentile": 18.670886075949365,
    "relativeVolatilityRatio": 0.5704665677879336,
    "isHighVolume": false,
    "isHighVolatility": false,
    "isLowVolatility": true,
    "isExpandingVolatility": false,
    "isContractingVolatility": true
  },
  "orderBook": {
    "bidAskSpread": 0,
    "spreadPct": 0,
    "midPrice": 0,
    "bestBid": 0,
    "bestAsk": 0,
    "bidDepth": 0,
    "askDepth": 0,
    "orderBookImbalance": 0,
    "liquidityScore": 0,
    "depthAt1Pct": {
      "bidVolume": 0,
      "askVolume": 0,
      "imbalance": 0
    },
    "depthAt2Pct": {
      "bidVolume": 0,
      "askVolume": 0,
      "imbalance": 0
    },
    "depthAt5Pct": {
      "bidVolume": 0,
      "askVolume": 0,
      "imbalance": 0
    },
    "weightedMidPrice": 0,
    "volumeWeightedSpread": 0,
    "totalBidLevels": 0,
    "totalAskLevels": 0
  },
  "marketCap": {
    "marketCap": 0,
    "totalVolume24h": 0,
    "volumeToMarketCapRatio": 0,
    "marketCapRank": 0,
    "normalizedRank": 0,
    "isHighLiquidity": false,
    "isVeryHighLiquidity": false,
    "isLowLiquidity": true,
    "liquidityTier": "VERY_LOW"
  },
  "sweeps": {
    "sweepScore": 0,
    "sweepCount": 0,
    "sweepDirection": "NEUTRAL",
    "buySweeps": 0,
    "sellSweeps": 0,
    "avgSweepSize": 0,
    "avgSweepIntensity": 0,
    "bidLiftRatio": 0,
    "askLiftRatio": 0,
    "sweepFrequency": 0,
    "largestSweep": null,
    "recentSweepClusters": 0,
    "sweepDetails": []
  },
  "absorption": {
    "absorptionScore": 0,
    "absorptionLevel": null,
    "absorptionSide": "NONE",
    "icebergProbability": 0,
    "hiddenLiquidityEstimate": 0,
    "volumeAtPrice": {},
    "topAbsorptionLevels": [],
    "persistenceDuration": 0,
    "refillDetected": false
  },
  "orderArrival": {
    "avgInterArrivalTime": 0,
    "recentInterArrivalTime": 0,
    "accelerationRatio": 1,
    "hawkesIntensity": 0,
    "hawkesDirection": "NEUTRAL",
    "clusteringScore": 0,
    "burstCount": 0,
    "cascadeDetected": false,
    "timeToNextTrade": 0,
    "accelerationTrend": "STABLE"
  },
  "liquidityVacuum": {
    "vacuumScore": 0,
    "vacuumSide": "NONE",
    "bidVacuumSeverity": 0,
    "askVacuumSeverity": 0,
    "depthConcentration": 0,
    "priceImpact10k": 0,
    "priceImpact50k": 0,
    "priceImpact100k": 0,
    "largestGapBid": 0,
    "largestGapAsk": 0,
    "avgGapBid": 0,
    "avgGapAsk": 0,
    "bidCliffDistance": 0,
    "askCliffDistance": 0
  },
  "volatilityRegime": {
    "regime": "EXTREME",
    "regimeScore": 1,
    "currentATR": 0.026015,
    "avgATR": 0.032086,
    "atrPercentile": 75,
    "realizedVolatility": 198.66,
    "volPercentile": 91.5,
    "expanding": true,
    "contracting": false,
    "transitionProbability": 0.7,
    "daysInRegime": 1,
    "regimeStrength": 0.33
  },
  "temporalPatterns": {
    "currentHour": 8,
    "currentDay": 0,
    "currentDayName": "Sunday",
    "dayBias": "NEUTRAL",
    "hourlyProfile": [
      {
        "avgVolume": 94444.74,
        "avgATR": 0.0047,
        "avgReturn": -0.166
      },
      {
        "avgVolume": 138894.44,
        "avgATR": 0.0051,
        "avgReturn": 0.012
      },
      {
        "avgVolume": 115351.04,
        "avgATR": 0.004786,
        "avgReturn": 0.183
      },
      {
        "avgVolume": 90184.73,
        "avgATR": 0.004893,
        "avgReturn": 0.413
      },
      {
        "avgVolume": 110354.63,
        "avgATR": 0.004486,
        "avgReturn": 0.204
      },
      {
        "avgVolume": 153299.26,
        "avgATR": 0.004286,
        "avgReturn": -0.325
      },
      {
        "avgVolume": 121555.85,
        "avgATR": 0.004907,
        "avgReturn": 0.7
      },
      {
        "avgVolume": 90817.55,
        "avgATR": 0.004479,
        "avgReturn": -0.087
      },
      {
        "avgVolume": 88114.19,
        "avgATR": 0.005021,
        "avgReturn": -0.072
      },
      {
        "avgVolume": 110474.16,
        "avgATR": 0.0045,
        "avgReturn": -0.06
      },
      {
        "avgVolume": 114857.43,
        "avgATR": 0.004157,
        "avgReturn": -0.376
      },
      {
        "avgVolume": 155785.49,
        "avgATR": 0.005871,
        "avgReturn": -0.694
      },
      {
        "avgVolume": 131120.23,
        "avgATR": 0.005021,
        "avgReturn": 0.368
      },
      {
        "avgVolume": 117611.63,
        "avgATR": 0.005036,
        "avgReturn": -0.538
      },
      {
        "avgVolume": 124225.32,
        "avgATR": 0.004615,
        "avgReturn": -0.092
      },
      {
        "avgVolume": 250420.02,
        "avgATR": 0.006757,
        "avgReturn": 0.44
      },
      {
        "avgVolume": 144591.93,
        "avgATR": 0.004079,
        "avgReturn": -0.128
      },
      {
        "avgVolume": 136539.42,
        "avgATR": 0.003686,
        "avgReturn": 0.114
      },
      {
        "avgVolume": 184425.21,
        "avgATR": 0.004079,
        "avgReturn": -0.275
      },
      {
        "avgVolume": 149324.91,
        "avgATR": 0.004443,
        "avgReturn": 0.05
      },
      {
        "avgVolume": 143825.88,
        "avgATR": 0.004043,
        "avgReturn": -0.331
      },
      {
        "avgVolume": 124231.56,
        "avgATR": 0.0045,
        "avgReturn": -0.54
      },
      {
        "avgVolume": 92466.56,
        "avgATR": 0.004264,
        "avgReturn": 0.394
      },
      {
        "avgVolume": 66583.21,
        "avgATR": 0.003479,
        "avgReturn": -0.025
      }
    ],
    "dailyProfile": [
      {
        "avgVolume": 99439.06,
        "avgATR": 0.005506,
        "avgReturn": 0.094
      },
      {
        "avgVolume": 137746.94,
        "avgATR": 0.00474,
        "avgReturn": 0.026
      },
      {
        "avgVolume": 138000.79,
        "avgATR": 0.005017,
        "avgReturn": -0.224
      },
      {
        "avgVolume": 194118.56,
        "avgATR": 0.005794,
        "avgReturn": -0.111
      },
      {
        "avgVolume": 116917.07,
        "avgATR": 0.003808,
        "avgReturn": -0.037
      },
      {
        "avgVolume": 82762.18,
        "avgATR": 0.003646,
        "avgReturn": 0.227
      },
      {
        "avgVolume": 120734.41,
        "avgATR": 0.003921,
        "avgReturn": -0.215
      }
    ],
    "favorableHours": [
      15,
      18,
      11,
      5,
      19,
      16
    ],
    "favorableWindow": false,
    "currentVsAvgVolume": 0,
    "currentVsAvgVolatility": 0,
    "anomalyDetected": true,
    "timeUntilFavorable": 3,
    "temporalScore": 0
  },
  "unifiedMicrostructure": {
    "signalDirections": {
      "vpin": "NEUTRAL",
      "sweeps": "NEUTRAL",
      "absorption": "NEUTRAL",
      "arrival": "NEUTRAL",
      "vacuum": "NONE",
      "volRegime": "UNFAVORABLE",
      "temporal": "UNFAVORABLE"
    },
    "consensusDirection": "BEARISH",
    "consensusStrength": 100,
    "bullishSignals": 0,
    "bearishSignals": 2,
    "neutralSignals": 0,
    "totalAvailableSignals": 2,
    "dominantPattern": "NONE",
    "clusters": {
      "strongBuyCluster": false,
      "distributionPattern": false,
      "accumulationPattern": false,
      "momentumCascade": false
    },
    "adaptiveWeights": {
      "vpin": 0,
      "sweeps": 0,
      "absorption": 0,
      "arrival": 0,
      "vacuum": 0,
      "volRegime": 0.021,
      "temporal": 0.012
    },
    "convictionLevel": "HIGH",
    "convictionScore": 100,
    "riskAdjustment": "REDUCE",
    "timingQuality": "UNFAVORABLE",
    "signalQuality": "LOW"
  },
  "deltaAnalysis": {
    "currentDelta": 0,
    "cumulativeDelta": 0,
    "deltaPerVolume": 0,
    "deltaDirection": "NEUTRAL",
    "deltaDivergence": false,
    "institutionalRatio": 0,
    "aggressionScore": 0
  },
  "volumeProfile": {
    "pointOfControl": 0,
    "valueAreaHigh": 0,
    "valueAreaLow": 0,
    "currentPosition": "ABOVE_VALUE_AREA",
    "volumeNodes": [],
    "airPockets": []
  },
  "momentumCascade": {
    "cascadeDetected": false,
    "alignmentScore": 0.020194977520749197,
    "cascadeStrength": 0,
    "acceleratingTimeframes": [
      "15m",
      "1h"
    ],
    "divergingTimeframes": [
      "1m",
      "5m"
    ]
  },
  "breakoutConfirmation": {
    "breakoutConfirmed": false,
    "volumeConfirmation": false,
    "retestStrength": 0,
    "falseBreakoutRisk": 0,
    "breakoutQuality": "NO_BREAKOUT"
  },
  "liquidityHeatmap": {
    "liquidityScore": 0,
    "magnetDirection": "NONE",
    "magnetStrength": 0,
    "priceTarget5pct": null,
    "message": "No order book data"
  },
  "smartMoneyDivergence": {
    "divergenceDetected": false,
    "divergenceDirection": "NONE",
    "smartMoneyScore": 0.5,
    "message": "Insufficient trade data"
  },
  "microstructure": {
    "raw": -0.035560842649912223,
    "pct": 49,
    "summary": {
      "latestBucketSignedZ": 0,
      "buySellRatio": 0.5,
      "tradesPerSec": 0,
      "vwap": 0,
      "aggressorVWAP": 0,
      "vpinToxicity": "UNKNOWN",
      "sweepDirection": "NEUTRAL",
      "absorptionSide": "NONE",
      "icebergDetected": false,
      "hawkesDirection": "NEUTRAL",
      "cascadeDetected": false,
      "vacuumSide": "NONE",
      "volatilityRegime": "EXTREME",
      "volExpanding": true,
      "favorableTimeWindow": false,
      "temporalAnomaly": true,
      "consensusDirection": "BEARISH",
      "consensusStrength": 100,
      "dominantPattern": "NONE",
      "convictionLevel": "HIGH",
      "riskAdjustment": "REDUCE",
      "timingQuality": "UNFAVORABLE",
      "deltaDirection": "NEUTRAL",
      "deltaDivergence": false,
      "institutionalRatio": 0,
      "volumeProfilePosition": "ABOVE_VALUE_AREA",
      "pointOfControl": 0,
      "momentumCascadeDetected": false,
      "cascadeStrength": 0,
      "breakoutQuality": "NO_BREAKOUT",
      "breakoutConfirmed": false,
      "magnetDirection": "NONE",
      "magnetStrength": 0,
      "priceTarget5pct": null,
      "nearestBidWall": 0,
      "nearestAskWall": 0,
      "divergenceDetected": false,
      "divergenceDirection": "NONE",
      "whaleAccumulation": false,
      "whaleDistribution": false,
      "retailPanic": false,
      "smartMoneyScore": 0.5
    }
  }
}

=== MICROSTRUCTURE ALERTS ===

🔬 VPIN: Insufficient data for VPIN analysis

🌊 SWEEP DETECTION: No significant sweeps detected

🧊 ABSORPTION & ICEBERG: No significant absorption or iceberg orders detected

⚡ ORDER ARRIVAL DYNAMICS: Insufficient trades for analysis

🌪️ LIQUIDITY VACUUM: No significant vacuum detected

📊 VOLATILITY REGIME DETECTION:
   Current Regime: EXTREME
   Regime Score: 1.00 (-1=low vol, +1=extreme vol)
   Days in Regime: 1
   ATR: $0.026015 (avg: $0.032086)
   ATR Percentile: 75.0%
   Realized Volatility: 198.66% (annualized)
   Vol Percentile: 91.5%

   🔴 EXTREME VOLATILITY:
   🚨 HIGH RISK ENVIRONMENT!
   ⚠️ Significantly reduce position size
   ⚠️ Wide stops or avoid trading
   💡 Only for experienced traders

   🚀 VOLATILITY EXPANDING:
   💥 Breakout likely imminent!
   📈 Market transitioning to higher vol regime
   ✅ Strong signal when combined with other indicators

   ⚠️ HIGH REGIME TRANSITION PROBABILITY: 70%
   Market near regime boundary - expect volatility shift soon

   ⚠️ NEW REGIME: Only 1 day(s) - conditions still settling

⏰ TEMPORAL PATTERN ANALYSIS:
   Current Time: Sunday 8:00 UTC
   Day Bias: NEUTRAL
   Current vs Avg Volume: 0x
   Current vs Avg Volatility: 0x

   ⏳ NON-FAVORABLE TIME WINDOW:
   This hour typically shows weaker activity
   Next favorable window in 3 hour(s)

   ⚠️ LOW ACTIVITY ANOMALY:
   Volume 0x below typical - Extremely quiet

   📉 LOW VOLATILITY ANOMALY:
   Volatility 0x below typical - Consolidation likely

   🔥 Best Trading Hours (UTC): 15:00, 18:00, 11:00

🎯 UNIFIED MICROSTRUCTURE INTEGRATION:
   Signal Consensus: BEARISH (100% agreement)
   Available Signals: 2 (0 bullish / 2 bearish / 0 neutral)
   Conviction Level: HIGH (100%)
   Signal Quality: LOW
   Risk Adjustment: REDUCE
   Timing Quality: UNFAVORABLE

   ✅ HIGH CONVICTION: 100% of signals agree on direction
   Strong institutional alignment - Follow the smart money

   ⚠️ RISK REDUCTION RECOMMENDED: Extreme volatility or unfavorable timing detected

   ⏰ UNFAVORABLE TIMING: Avoid trading during this hour

   Signal Directions Breakdown:
   • VPIN: NEUTRAL
   • Sweeps: NEUTRAL
   • Absorption: NEUTRAL
   • Arrival Dynamics: NEUTRAL
   • Liquidity Vacuum: NONE
   • Vol Regime: UNFAVORABLE
   • Temporal: UNFAVORABLE

   Adaptive Weights (Total: 3.3%):
   • VPIN: 0.0%
   • Sweeps: 0.0%
   • Absorption: 0.0%
   • Arrival: 0.0%
   • Vacuum: 0.0%
   • Vol Regime: 2.1%
   • Temporal: 1.2%


💹 DELTA ANALYSIS (Order Flow Aggression):
   Direction: NEUTRAL
   Delta Per Volume: 0.00%
   Institutional Ratio: 0.0%
   Aggression Score: 0.0%

📊 VOLUME PROFILE (Support/Resistance Strength):
   Point of Control (POC): $0.000000
   Value Area High: $0.000000
   Value Area Low: $0.000000
   Current Position: ABOVE_VALUE_AREA
   ⚠️ DISTRIBUTION RISK: Price above value area - potential rejection zone

⚡ MOMENTUM CASCADE (Multi-Timeframe Alignment):
   Cascade Detected: NO
   Alignment Score: 2.0%
   Cascade Strength: 0.0%
   Accelerating: 15m, 1h
   Diverging: 1m, 5m

💥 BREAKOUT CONFIRMATION:
   Quality: NO_BREAKOUT
   Volume Confirmation: NO
   Retest Strength: 0.0%
   False Breakout Risk: 0.0%
   No breakout detected - price below resistance


levels:
Entry=0.2163664, StopLoss=0.20771174399999998, TakeProfit=0.21772368, 0.21908096, 0.220166784

---

=== Token: ELA (ELA) ===
Contract: ELA-USD
Timestamp: 2025-05-12T13:05:00.000Z

Calculations:
{
  "momentumScore": 41.981203715902765,
  "volumeScore": 7.608534914251044,
  "patternScore": 35.27216174183495,
  "totalScore": 20.71229254810764,
  "finalScore": 38.25,
  "weights": "0.23,0.45,0.23",
  "hourlyUptrend": false,
  "rsi": 31.081081081081024,
  "ultraShortVolumeSurge": 4.0555049881816245,
  "baseVolumeSurge": 0.040597260032100235,
  "currentPrice": 1.299,
  "resistance": 1.327,
  "support": 1.286,
  "rocMin5": 0,
  "shortROC": 0.0007704160246532279,
  "priceAcceleration": 0.000008716413479737241,
  "buySellRatio": 0.00855023193184866,
  "macdHistogram": -0.007112064470101482,
  "stochasticK": 21.428571428571164,
  "atr": 0.010000000000000009,
  "bbUpper": 1.3393383300907908,
  "bbLower": 1.297361669909209,
  "hammerDetected": false,
  "engulfingDetected": false,
  "compressionSpring": {
    "detected": true,
    "confidence": 54,
    "signals": {
      "sidewaysPrice": true,
      "atrCompression": true,
      "bbSqueeze": true,
      "consolidationTime": true,
      "strongBuying": false,
      "obvPositive": false,
      "chaikinPositive": false,
      "rsiNeutral": false,
      "volumeBuilding": false
    },
    "metrics": {
      "priceRange": 3.27,
      "atrRatio": 0.504,
      "bbWidth": 3.18,
      "volumeRatio": 7.853,
      "signalCount": 4,
      "buySellRatio": 0.009
    }
  },
  "riskTier": "MEDIUM",
  "atrPercent": 0.7368305289783369,
  "distanceToResistance": 2.155504234026176,
  "slPercent": 3,
  "tpPercent": 0.7005388760585012,
  "trailingActivation": 0.4203233256351007,
  "shortMomentumScore": 80,
  "overboughtScore": 0,
  "shortPatternScore": 25,
  "shootingStarDetected": false,
  "bearishEngulfingDetected": false,
  "eveningStarDetected": true,
  "bearishPatternsCount": 1,
  "shortTotalScore": 38.25,
  "chaikin": -0.18942807628417418,
  "obvIncreasing": false,
  "obvTrend": "declining",
  "adx": 88.05970149253672,
  "recentCandles": {
    "redCount": 6,
    "greenCount": 4
  },
  "resistanceDistance": 2.155504234026176,
  "multiplePatterns": false,
  "bullishPattern": false,
  "priceAboveVWAP": true,
  "breakingResistance": false,
  "atrSufficient": false,
  "macdDivergenceBearish": false,
  "rvolMin1": 0.4652074028939702,
  "rvolMin5": 0.21195969169693624,
  "atrPercentileOld": 0.6829268292682927,
  "vwapDeviation": 0.19667134331583597,
  "bbWidthPercent": 3.1840300513203523,
  "bbSqueeze": false,
  "multiTFMomentum": {
    "min1": {
      "roc1": -0.009195402298850583,
      "roc3": -0.009195402298850583
    },
    "min5": {
      "roc1": 0.0007704160246532279,
      "roc3": 0.0015420200462606028
    },
    "min15": {
      "roc1": -0.007662835249042153,
      "roc3": -0.0023112480739600257
    },
    "hourly": {
      "roc1": -0.007662835249042153,
      "roc3": -0.02190332326283998
    },
    "fourHour": {
      "roc1": -0.023378582202111718,
      "roc3": 0.015686274509803935
    },
    "divergenceShortUpLongDown": true
  },
  "returnZMin5": 0.13369247632565445,
  "wickClosePct": 0,
  "wickUpper": 0,
  "wickLower": 0,
  "wickRatio": 0,
  "donchianBreakout15": false,
  "bbWidthPercentile15": 0.35064935064935066,
  "signedMin5": -17410.160000000003,
  "signedMin5Z": -4.560147979680328,
  "signedMin1": 20943.04,
  "signedMin1Z": 10.925766090590544,
  "streakMin1": {
    "upStreak": 0,
    "downStreak": 1
  },
  "streakMin5": {
    "upStreak": 0,
    "downStreak": 2
  },
  "rvolPercentileMin1": 0.8972222222222223,
  "rvolPercentileMin5": 0.8159722222222222,
  "perTfMetrics": {
    "min1": {
      "sma20": 1.3124000000000002,
      "sma50": 1.3248000000000002,
      "ema20": 1.3101239743157171,
      "ema50": 1.3121094554773087,
      "vwma20": 1.301937760218631,
      "hma21": 1.2970865800865794,
      "atr14": 0.00864285714285711,
      "atrPercentile": 0.7335260115606936,
      "rvolZ": 0.4652074028939702,
      "rvolPercentile": 0.8972222222222223,
      "mfi14": 6.657013262243353,
      "ppo": {
        "ppo": -0.5088444109120212,
        "signal": -0.36849865153020633,
        "histogram": -0.14034575938181482
      },
      "stochRsi": {
        "k": 58.559172422337205,
        "d": 36.054721167776044
      },
      "vprofile": {
        "vpBins": [
          0.04691325922710593,
          0.02658224879788152,
          0.039607287527491514,
          0.028628322458397804,
          0.00006948848230198634,
          0.22415707925208017,
          0.012993772498151096,
          0.009970629104544455,
          0.03391274584419076,
          0.041933107905716825,
          0.07499241471185193,
          0.024602078042665065,
          0.12376178372989934,
          0.05036043295698878,
          0.05563488843871571,
          0.02049056860582081,
          0.05657961626724653,
          0.03414960906095387,
          0.09466066708799586,
          0
        ],
        "currentBinShare": 0.041933107905716825
      },
      "ttm": {
        "squeeze": false,
        "release": false,
        "widthPct": 3.0285889332007896
      }
    },
    "min5": {
      "sma20": 1.3169,
      "sma50": 1.2970000000000002,
      "ema20": 1.3106980415679936,
      "ema50": 1.3053734055536488,
      "vwma20": 1.304293911019171,
      "hma21": 1.3012770562770566,
      "atr14": 0.010000000000000009,
      "atrPercentile": 0.5948905109489051,
      "rvolZ": 0.21195969169693624,
      "rvolPercentile": 0.8159722222222222,
      "mfi14": 27.585911348345107,
      "ppo": {
        "ppo": -0.17923286625789345,
        "signal": 0.13956150680960155,
        "histogram": -0.31879437306749503
      },
      "stochRsi": {
        "k": 23.470839260312623,
        "d": 31.518842786448346
      },
      "vprofile": {
        "vpBins": [
          0.019022186527457085,
          0.011480529165787387,
          0.18848443624011194,
          0.033031188983976285,
          0.007181682029302034,
          0.0387395331589116,
          0.01228194038382344,
          0.02984107406641002,
          0.03103774106771512,
          0.03492379463581438,
          0.026969917371626902,
          0.07350966729428446,
          0.027622216440034507,
          0.1329062117769505,
          0.0563399298078834,
          0.03564263894494652,
          0.09205288379783198,
          0.07210545617704968,
          0.008730293040818377,
          0.06809667908926448
        ],
        "currentBinShare": 0.03492379463581438
      },
      "ttm": {
        "squeeze": false,
        "release": false,
        "widthPct": 3.5225096411620402
      }
    },
    "min15": {
      "sma20": 1.31835,
      "sma50": 1.2963199999999997,
      "ema20": 1.3093581833049628,
      "ema50": 1.3040646187014007,
      "vwma20": 1.3088550721584324,
      "hma21": 1.3061471861471858,
      "atr14": 0.009571428571428595,
      "atrPercentile": 0.6829268292682927,
      "rvolZ": 0.0690304768359791,
      "rvolPercentile": 0.875,
      "mfi14": 5.180635349980619,
      "ppo": {
        "ppo": 0.11063961290846397,
        "signal": 0.4366042288089222,
        "histogram": -0.3259646159004582
      },
      "stochRsi": {
        "k": 0,
        "d": 26.801346801346742
      },
      "vprofile": {
        "vpBins": [
          0.03933066419454216,
          0.0025795233140964878,
          0.2872140136148054,
          0.006599785905998738,
          0.0035067145823923585,
          0,
          0.03656311464554488,
          0.0030196247051291762,
          0.020127987961694408,
          0.09010967546426069,
          0.03400549519502969,
          0.027265611310085258,
          0.0661618127319424,
          0.026698857876166687,
          0.028762086161558266,
          0.01797967437123622,
          0.22314839339859477,
          0.0869269645669223,
          0,
          0
        ],
        "currentBinShare": 0.09010967546426069
      },
      "ttm": {
        "squeeze": false,
        "release": true,
        "widthPct": 3.1840300513203523
      }
    },
    "hourly": {
      "sma20": 1.2955,
      "sma50": 1.3067600000000001,
      "ema20": 1.3020859252791719,
      "ema50": 1.3017560549681613,
      "vwma20": 1.2923026361591197,
      "hma21": 1.301969696969697,
      "atr14": 0.027714285714285723,
      "atrPercentile": 0.8975155279503105,
      "rvolZ": -0.27216348639738397,
      "rvolPercentile": 0.5625,
      "mfi14": 43.93728135165849,
      "ppo": {
        "ppo": 0.06253723413119208,
        "signal": -0.14171640711848746,
        "histogram": 0.20425364124967954
      },
      "stochRsi": {
        "k": 72.46650713623927,
        "d": 54.07611825730793
      },
      "vprofile": {
        "vpBins": [
          0,
          0.0022870816840296782,
          0.05500732899936877,
          0.039448778675254995,
          0.01778622690171629,
          0.04918417699703242,
          0.008056068160037141,
          0.0798109145901815,
          0.07126250486189785,
          0.10258914894494695,
          0.14028896174876865,
          0.022668928958939488,
          0.1220094587047466,
          0.07064096340109557,
          0.05354320937046903,
          0.04977407218942337,
          0.11564217581209195,
          0,
          0,
          0
        ],
        "currentBinShare": 0.1220094587047466
      },
      "ttm": {
        "squeeze": false,
        "release": false,
        "widthPct": 7.248655832839547
      }
    },
    "fourHour": {
      "sma20": 1.3052999999999997,
      "sma50": 1.2558,
      "ema20": 1.293275744083741,
      "ema50": 1.2732885929005369,
      "vwma20": 1.3052251545295026,
      "hma21": 1.3070562770562775,
      "atr14": 0.0512857142857143,
      "atrPercentile": 0.9428571428571428,
      "rvolZ": -0.4926053901778746,
      "rvolPercentile": 0.40476190476190477,
      "mfi14": 52.77501150744136,
      "ppo": {
        "ppo": 0.7288184812286774,
        "signal": 1.1492069856920528,
        "histogram": -0.4203885044633754
      },
      "stochRsi": {
        "k": 23.58899450042912,
        "d": 47.69635645223577
      },
      "vprofile": {
        "vpBins": [
          0,
          0,
          0.031821064667597994,
          0.06440401285697335,
          0.016291268624482234,
          0.06532098661543223,
          0.015998254855380267,
          0.04692977272291026,
          0.05147063775088444,
          0.13308846057055923,
          0.2249117697681692,
          0.08120340929951259,
          0.041641387203326226,
          0.04711888484877023,
          0.022626239833731923,
          0.10915782296390164,
          0.048016027418368426,
          0,
          0,
          0
        ],
        "currentBinShare": 0.041641387203326226
      },
      "ttm": {
        "squeeze": true,
        "release": false,
        "widthPct": 7.491324010640557
      }
    },
    "daily": {
      "sma20": 1.2628499999999998,
      "sma50": 1.2788200000000003,
      "ema20": 1.2600206406679,
      "ema50": 1.3247086515964326,
      "vwma20": 0,
      "hma21": 1.2622337662337664,
      "atr14": 0.1062142857142857,
      "atrPercentile": 0.13157894736842105,
      "rvolZ": 0,
      "rvolPercentile": 1,
      "mfi14": 50,
      "ppo": {
        "ppo": 1.1869690193847156,
        "signal": -0.4202581715345223,
        "histogram": 1.6072271909192377
      },
      "stochRsi": {
        "k": 35.26480377253478,
        "d": 53.67210334281438
      },
      "vprofile": {
        "vpBins": [
          0,
          0,
          0,
          0,
          0,
          0,
          0,
          0,
          0,
          0,
          0,
          0,
          0,
          0,
          0,
          0,
          0,
          0,
          0,
          0
        ],
        "currentBinShare": 0
      },
      "ttm": {
        "squeeze": true,
        "release": true,
        "widthPct": 14.841495453008257
      }
    }
  },
  "smaMin5": 1.3169,
  "emaMin5": 1.3106980415679936,
  "vwmaMin5": 1.304293911019171,
  "hmaMin5": 1.3012770562770566,
  "keltner15": {
    "upper": 1.3249581833049628,
    "middle": 1.3093581833049628,
    "lower": 1.2937581833049627
  },
  "superTrend15": {
    "isBull": false,
    "finalUpper": 1.3272,
    "finalLower": 1.2647999999999997
  },
  "mfi15": 5.180635349980619,
  "stochRsi15": {
    "k": 0,
    "d": 26.801346801346742
  },
  "ppo15": {
    "ppo": 0.11063961290846397,
    "signal": 0.4366042288089222,
    "histogram": -0.3259646159004582
  },
  "vpMin15": {
    "vpBins": [
      0.03933066419454216,
      0.0025795233140964878,
      0.2872140136148054,
      0.006599785905998738,
      0.0035067145823923585,
      0,
      0.03656311464554488,
      0.0030196247051291762,
      0.020127987961694408,
      0.09010967546426069,
      0.03400549519502969,
      0.027265611310085258,
      0.0661618127319424,
      0.026698857876166687,
      0.028762086161558266,
      0.01797967437123622,
      0.22314839339859477,
      0.0869269645669223,
      0,
      0
    ],
    "currentBinShare": 0.09010967546426069
  },
  "ttm15": {
    "squeeze": false,
    "release": true,
    "widthPct": 3.1840300513203523
  },
  "marketCorrelation": {
    "hourly": {
      "btcCorrelation": 0,
      "ethCorrelation": 0,
      "btcBeta": 1,
      "ethBeta": 1,
      "btcTrend": "UNKNOWN",
      "ethTrend": "UNKNOWN",
      "tokenVol": 0,
      "btcVol": 0,
      "ethVol": 0,
      "marketDependence": 0,
      "verdict": "INSUFFICIENT_DATA"
    },
    "min15": {
      "btcCorrelation": 0,
      "ethCorrelation": 0,
      "btcBeta": 1,
      "ethBeta": 1,
      "btcTrend": "UNKNOWN",
      "ethTrend": "UNKNOWN",
      "tokenVol": 0,
      "btcVol": 0,
      "ethVol": 0,
      "marketDependence": 0,
      "verdict": "INSUFFICIENT_DATA"
    },
    "daily": {
      "btcCorrelation": 0,
      "ethCorrelation": 0,
      "btcBeta": 1,
      "ethBeta": 1,
      "btcTrend": "UNKNOWN",
      "ethTrend": "UNKNOWN",
      "tokenVol": 0,
      "btcVol": 0,
      "ethVol": 0,
      "marketDependence": 0,
      "verdict": "INSUFFICIENT_DATA"
    }
  },
  "tradeTape": {
    "totalTrades": 0,
    "totalVolume": 0,
    "buysVolume": 0,
    "sellsVolume": 0,
    "buySellRatio": 0.5,
    "vwap": 0,
    "signedVolume": 0,
    "avgTradeSize": 0,
    "tradesPerSec": 0,
    "cumulativeDelta": 0,
    "tradesLast1m": 0,
    "tradesLast5m": 0,
    "tradesLast15m": 0,
    "tradesLast1h": 0,
    "buyVWAP": 0,
    "sellVWAP": 0,
    "aggressorVWAP": 0,
    "bucketDurationMs": 60000,
    "bucketCount": 15,
    "bucketSignedVolumes": [],
    "bucketVolumes": [],
    "bucketVWAPs": [],
    "latestBucketSignedZ": 0
  },
  "enhancedMetrics": {
    "relativeVolumeZScore": -1,
    "volumePercentile": 40,
    "atrPercentile": 56.20437956204379,
    "volatilityPercentile": 98.41772151898735,
    "relativeVolatilityRatio": 1.590199297474075,
    "isHighVolume": false,
    "isHighVolatility": true,
    "isLowVolatility": false,
    "isExpandingVolatility": true,
    "isContractingVolatility": false
  },
  "orderBook": {
    "bidAskSpread": 0,
    "spreadPct": 0,
    "midPrice": 0,
    "bestBid": 0,
    "bestAsk": 0,
    "bidDepth": 0,
    "askDepth": 0,
    "orderBookImbalance": 0,
    "liquidityScore": 0,
    "depthAt1Pct": {
      "bidVolume": 0,
      "askVolume": 0,
      "imbalance": 0
    },
    "depthAt2Pct": {
      "bidVolume": 0,
      "askVolume": 0,
      "imbalance": 0
    },
    "depthAt5Pct": {
      "bidVolume": 0,
      "askVolume": 0,
      "imbalance": 0
    },
    "weightedMidPrice": 0,
    "volumeWeightedSpread": 0,
    "totalBidLevels": 0,
    "totalAskLevels": 0
  },
  "marketCap": {
    "marketCap": 0,
    "totalVolume24h": 0,
    "volumeToMarketCapRatio": 0,
    "marketCapRank": 0,
    "normalizedRank": 0,
    "isHighLiquidity": false,
    "isVeryHighLiquidity": false,
    "isLowLiquidity": true,
    "liquidityTier": "VERY_LOW"
  },
  "sweeps": {
    "sweepScore": 0,
    "sweepCount": 0,
    "sweepDirection": "NEUTRAL",
    "buySweeps": 0,
    "sellSweeps": 0,
    "avgSweepSize": 0,
    "avgSweepIntensity": 0,
    "bidLiftRatio": 0,
    "askLiftRatio": 0,
    "sweepFrequency": 0,
    "largestSweep": null,
    "recentSweepClusters": 0,
    "sweepDetails": []
  },
  "absorption": {
    "absorptionScore": 0,
    "absorptionLevel": null,
    "absorptionSide": "NONE",
    "icebergProbability": 0,
    "hiddenLiquidityEstimate": 0,
    "volumeAtPrice": {},
    "topAbsorptionLevels": [],
    "persistenceDuration": 0,
    "refillDetected": false
  },
  "orderArrival": {
    "avgInterArrivalTime": 0,
    "recentInterArrivalTime": 0,
    "accelerationRatio": 1,
    "hawkesIntensity": 0,
    "hawkesDirection": "NEUTRAL",
    "clusteringScore": 0,
    "burstCount": 0,
    "cascadeDetected": false,
    "timeToNextTrade": 0,
    "accelerationTrend": "STABLE"
  },
  "liquidityVacuum": {
    "vacuumScore": 0,
    "vacuumSide": "NONE",
    "bidVacuumSeverity": 0,
    "askVacuumSeverity": 0,
    "depthConcentration": 0,
    "priceImpact10k": 0,
    "priceImpact50k": 0,
    "priceImpact100k": 0,
    "largestGapBid": 0,
    "largestGapAsk": 0,
    "avgGapBid": 0,
    "avgGapAsk": 0,
    "bidCliffDistance": 0,
    "askCliffDistance": 0
  },
  "volatilityRegime": {
    "regime": "LOW",
    "regimeScore": -1,
    "currentATR": 0.102769,
    "avgATR": 0.146423,
    "atrPercentile": 13.2,
    "realizedVolatility": 64.38,
    "volPercentile": 22,
    "expanding": false,
    "contracting": false,
    "transitionProbability": 0.3,
    "daysInRegime": 2,
    "regimeStrength": 0.24
  },
  "temporalPatterns": {
    "currentHour": 8,
    "currentDay": 0,
    "currentDayName": "Sunday",
    "dayBias": "NEUTRAL",
    "hourlyProfile": [
      {
        "avgVolume": 7775.33,
        "avgATR": 0.021071,
        "avgReturn": -0.264
      },
      {
        "avgVolume": 2675.52,
        "avgATR": 0.016357,
        "avgReturn": 0.014
      },
      {
        "avgVolume": 1742.87,
        "avgATR": 0.011,
        "avgReturn": 0.254
      },
      {
        "avgVolume": 3628.33,
        "avgATR": 0.018071,
        "avgReturn": -0.232
      },
      {
        "avgVolume": 2394.11,
        "avgATR": 0.013231,
        "avgReturn": -0.128
      },
      {
        "avgVolume": 4699.51,
        "avgATR": 0.014214,
        "avgReturn": -0.041
      },
      {
        "avgVolume": 4086.89,
        "avgATR": 0.015571,
        "avgReturn": 0.392
      },
      {
        "avgVolume": 5942.06,
        "avgATR": 0.025214,
        "avgReturn": 0.64
      },
      {
        "avgVolume": 1734.64,
        "avgATR": 0.014833,
        "avgReturn": -0.219
      },
      {
        "avgVolume": 1946.84,
        "avgATR": 0.011857,
        "avgReturn": -0.154
      },
      {
        "avgVolume": 4483.33,
        "avgATR": 0.0182,
        "avgReturn": 0.145
      },
      {
        "avgVolume": 2679.92,
        "avgATR": 0.015533,
        "avgReturn": -0.121
      },
      {
        "avgVolume": 5601.98,
        "avgATR": 0.020133,
        "avgReturn": 0.21
      },
      {
        "avgVolume": 3106.99,
        "avgATR": 0.016733,
        "avgReturn": -0.314
      },
      {
        "avgVolume": 9239.22,
        "avgATR": 0.03,
        "avgReturn": 0.158
      },
      {
        "avgVolume": 11038.11,
        "avgATR": 0.030714,
        "avgReturn": -0.381
      },
      {
        "avgVolume": 2824.42,
        "avgATR": 0.017231,
        "avgReturn": 0.2
      },
      {
        "avgVolume": 3749.42,
        "avgATR": 0.018571,
        "avgReturn": -0.029
      },
      {
        "avgVolume": 6511.62,
        "avgATR": 0.020385,
        "avgReturn": -0.209
      },
      {
        "avgVolume": 2495.18,
        "avgATR": 0.017786,
        "avgReturn": 0.188
      },
      {
        "avgVolume": 4429.54,
        "avgATR": 0.023571,
        "avgReturn": 0.247
      },
      {
        "avgVolume": 5107.28,
        "avgATR": 0.018214,
        "avgReturn": -0.084
      },
      {
        "avgVolume": 7207.35,
        "avgATR": 0.022143,
        "avgReturn": -0.141
      },
      {
        "avgVolume": 2618.1,
        "avgATR": 0.014143,
        "avgReturn": 0.255
      }
    ],
    "dailyProfile": [
      {
        "avgVolume": 5303.2,
        "avgATR": 0.020745,
        "avgReturn": -0.008
      },
      {
        "avgVolume": 5355.39,
        "avgATR": 0.023113,
        "avgReturn": 0.123
      },
      {
        "avgVolume": 3277.49,
        "avgATR": 0.017489,
        "avgReturn": -0.106
      },
      {
        "avgVolume": 2425.47,
        "avgATR": 0.014872,
        "avgReturn": -0.006
      },
      {
        "avgVolume": 4291.16,
        "avgATR": 0.017875,
        "avgReturn": 0.097
      },
      {
        "avgVolume": 3796.53,
        "avgATR": 0.014277,
        "avgReturn": 0.032
      },
      {
        "avgVolume": 7025.98,
        "avgATR": 0.021022,
        "avgReturn": -0.026
      }
    ],
    "favorableHours": [
      15,
      14,
      0,
      22,
      18,
      7
    ],
    "favorableWindow": false,
    "currentVsAvgVolume": 0,
    "currentVsAvgVolatility": 0,
    "anomalyDetected": true,
    "timeUntilFavorable": 6,
    "temporalScore": 0
  },
  "unifiedMicrostructure": {
    "signalDirections": {
      "vpin": "NEUTRAL",
      "sweeps": "NEUTRAL",
      "absorption": "NEUTRAL",
      "arrival": "NEUTRAL",
      "vacuum": "NONE",
      "volRegime": "FAVORABLE",
      "temporal": "UNFAVORABLE"
    },
    "consensusDirection": "NEUTRAL",
    "consensusStrength": 50,
    "bullishSignals": 1,
    "bearishSignals": 1,
    "neutralSignals": 0,
    "totalAvailableSignals": 2,
    "dominantPattern": "NONE",
    "clusters": {
      "strongBuyCluster": false,
      "distributionPattern": false,
      "accumulationPattern": false,
      "momentumCascade": false
    },
    "adaptiveWeights": {
      "vpin": 0,
      "sweeps": 0,
      "absorption": 0,
      "arrival": 0,
      "vacuum": 0,
      "volRegime": 0.021,
      "temporal": 0.02
    },
    "convictionLevel": "LOW",
    "convictionScore": 30,
    "riskAdjustment": "REDUCE",
    "timingQuality": "UNFAVORABLE",
    "signalQuality": "LOW"
  },
  "deltaAnalysis": {
    "currentDelta": 0,
    "cumulativeDelta": 0,
    "deltaPerVolume": 0,
    "deltaDirection": "NEUTRAL",
    "deltaDivergence": false,
    "institutionalRatio": 0,
    "aggressionScore": 0
  },
  "volumeProfile": {
    "pointOfControl": 0,
    "valueAreaHigh": 0,
    "valueAreaLow": 0,
    "currentPosition": "ABOVE_VALUE_AREA",
    "volumeNodes": [],
    "airPockets": []
  },
  "momentumCascade": {
    "cascadeDetected": false,
    "alignmentScore": -0.011357472866429394,
    "cascadeStrength": 0,
    "acceleratingTimeframes": [],
    "divergingTimeframes": [
      "1m",
      "5m",
      "15m",
      "1h"
    ]
  },
  "breakoutConfirmation": {
    "breakoutConfirmed": false,
    "volumeConfirmation": false,
    "retestStrength": 0,
    "falseBreakoutRisk": 0,
    "breakoutQuality": "NO_BREAKOUT"
  },
  "liquidityHeatmap": {
    "liquidityScore": 0,
    "magnetDirection": "NONE",
    "magnetStrength": 0,
    "priceTarget5pct": null,
    "message": "No order book data"
  },
  "smartMoneyDivergence": {
    "divergenceDetected": false,
    "divergenceDirection": "NONE",
    "smartMoneyScore": 0.5,
    "message": "Insufficient trade data"
  },
  "microstructure": {
    "raw": -0.009355539129631336,
    "pct": 50,
    "summary": {
      "latestBucketSignedZ": 0,
      "buySellRatio": 0.5,
      "tradesPerSec": 0,
      "vwap": 0,
      "aggressorVWAP": 0,
      "vpinToxicity": "UNKNOWN",
      "sweepDirection": "NEUTRAL",
      "absorptionSide": "NONE",
      "icebergDetected": false,
      "hawkesDirection": "NEUTRAL",
      "cascadeDetected": false,
      "vacuumSide": "NONE",
      "volatilityRegime": "LOW",
      "volExpanding": false,
      "favorableTimeWindow": false,
      "temporalAnomaly": true,
      "consensusDirection": "NEUTRAL",
      "consensusStrength": 50,
      "dominantPattern": "NONE",
      "convictionLevel": "LOW",
      "riskAdjustment": "REDUCE",
      "timingQuality": "UNFAVORABLE",
      "deltaDirection": "NEUTRAL",
      "deltaDivergence": false,
      "institutionalRatio": 0,
      "volumeProfilePosition": "ABOVE_VALUE_AREA",
      "pointOfControl": 0,
      "momentumCascadeDetected": false,
      "cascadeStrength": 0,
      "breakoutQuality": "NO_BREAKOUT",
      "breakoutConfirmed": false,
      "magnetDirection": "NONE",
      "magnetStrength": 0,
      "priceTarget5pct": null,
      "nearestBidWall": 0,
      "nearestAskWall": 0,
      "divergenceDetected": false,
      "divergenceDirection": "NONE",
      "whaleAccumulation": false,
      "whaleDistribution": false,
      "retailPanic": false,
      "smartMoneyScore": 0.5
    }
  }
}

=== MICROSTRUCTURE ALERTS ===

🔬 VPIN: Insufficient data for VPIN analysis

🌊 SWEEP DETECTION: No significant sweeps detected

🧊 ABSORPTION & ICEBERG: No significant absorption or iceberg orders detected

⚡ ORDER ARRIVAL DYNAMICS: Insufficient trades for analysis

🌪️ LIQUIDITY VACUUM: No significant vacuum detected

📊 VOLATILITY REGIME DETECTION:
   Current Regime: LOW
   Regime Score: -1.00 (-1=low vol, +1=extreme vol)
   Days in Regime: 2
   ATR: $0.102769 (avg: $0.146423)
   ATR Percentile: 13.2%
   Realized Volatility: 64.38% (annualized)
   Vol Percentile: 22.0%

   🔵 LOW VOLATILITY REGIME:
   ✅ Ideal for breakout setups - price coiling
   ✅ Tight stops recommended
   ✅ Can increase position size (lower risk)

   📍 MODERATE REGIME TRANSITION PROBABILITY: 30%
   Monitor for potential regime change

   ⚠️ NEW REGIME: Only 2 day(s) - conditions still settling

⏰ TEMPORAL PATTERN ANALYSIS:
   Current Time: Sunday 8:00 UTC
   Day Bias: NEUTRAL
   Current vs Avg Volume: 0x
   Current vs Avg Volatility: 0x

   ⏳ NON-FAVORABLE TIME WINDOW:
   This hour typically shows weaker activity
   Next favorable window in 6 hour(s)

   ⚠️ LOW ACTIVITY ANOMALY:
   Volume 0x below typical - Extremely quiet

   📉 LOW VOLATILITY ANOMALY:
   Volatility 0x below typical - Consolidation likely

   🔥 Best Trading Hours (UTC): 15:00, 14:00, 0:00

🎯 UNIFIED MICROSTRUCTURE INTEGRATION:
   Signal Consensus: NEUTRAL (50% agreement)
   Available Signals: 2 (1 bullish / 1 bearish / 0 neutral)
   Conviction Level: LOW (30%)
   Signal Quality: LOW
   Risk Adjustment: REDUCE
   Timing Quality: UNFAVORABLE

   ⚠️ LOW CONVICTION: Only 50% signal agreement
   Weak alignment - Reduce position size or wait for clarity

   ⚠️ RISK REDUCTION RECOMMENDED: Extreme volatility or unfavorable timing detected

   ⏰ UNFAVORABLE TIMING: Avoid trading during this hour

   Signal Directions Breakdown:
   • VPIN: NEUTRAL
   • Sweeps: NEUTRAL
   • Absorption: NEUTRAL
   • Arrival Dynamics: NEUTRAL
   • Liquidity Vacuum: NONE
   • Vol Regime: FAVORABLE
   • Temporal: UNFAVORABLE

   Adaptive Weights (Total: 4.1%):
   • VPIN: 0.0%
   • Sweeps: 0.0%
   • Absorption: 0.0%
   • Arrival: 0.0%
   • Vacuum: 0.0%
   • Vol Regime: 2.1%
   • Temporal: 2.0%


💹 DELTA ANALYSIS (Order Flow Aggression):
   Direction: NEUTRAL
   Delta Per Volume: 0.00%
   Institutional Ratio: 0.0%
   Aggression Score: 0.0%

📊 VOLUME PROFILE (Support/Resistance Strength):
   Point of Control (POC): $0.000000
   Value Area High: $0.000000
   Value Area Low: $0.000000
   Current Position: ABOVE_VALUE_AREA
   ⚠️ DISTRIBUTION RISK: Price above value area - potential rejection zone

⚡ MOMENTUM CASCADE (Multi-Timeframe Alignment):
   Cascade Detected: NO
   Alignment Score: -1.1%
   Cascade Strength: 0.0%
   Accelerating: None
   Diverging: 1m, 5m, 15m, 1h

💥 BREAKOUT CONFIRMATION:
   Quality: NO_BREAKOUT
   Volume Confirmation: NO
   Retest Strength: 0.0%
   False Breakout Risk: 0.0%
   No breakout detected - price below resistance


levels:
Entry=1.301598, StopLoss=1.3406459400000001, TakeProfit=1.29795072, 1.2924798000000002, 1.2897443400000002

---

=== Token: EDGE (EDGE) ===
Contract: EDGE-USD
Timestamp: 2025-05-12T13:05:00.000Z

Calculations:
{
  "momentumScore": 17.646807346530853,
  "volumeScore": 9.871183271258294,
  "patternScore": 35,
  "totalScore": 16.41497334613888,
  "finalScore": 38.25,
  "weights": "0.23,0.45,0.23",
  "hourlyUptrend": true,
  "rsi": 23.032069970845754,
  "ultraShortVolumeSurge": 0.8459059447353716,
  "baseVolumeSurge": 0.009388008147150882,
  "currentPrice": 0.07025,
  "resistance": 0.07506,
  "support": 0.07024,
  "rocMin5": -0.0025557290927161664,
  "shortROC": -0.00014232849416447656,
  "priceAcceleration": -0.0006388311903816257,
  "buySellRatio": 0.07899238416438405,
  "macdHistogram": -0.0008690139397300122,
  "stochasticK": 0.2057613168726336,
  "atr": 0.00035285714285714385,
  "bbUpper": 0.07678998329324536,
  "bbLower": 0.07013101670675463,
  "hammerDetected": false,
  "engulfingDetected": false,
  "compressionSpring": {
    "detected": true,
    "confidence": 44,
    "signals": {
      "sidewaysPrice": true,
      "atrCompression": true,
      "bbSqueeze": false,
      "consolidationTime": true,
      "strongBuying": false,
      "obvPositive": false,
      "chaikinPositive": false,
      "rsiNeutral": false,
      "volumeBuilding": true
    },
    "metrics": {
      "priceRange": 6.92,
      "atrRatio": 0.177,
      "bbWidth": 9.06,
      "volumeRatio": 1.179,
      "signalCount": 4,
      "buySellRatio": 0.079
    }
  },
  "riskTier": "MEDIUM",
  "atrPercent": 0.9313675648195235,
  "distanceToResistance": 6.846975088967963,
  "slPercent": 3,
  "tpPercent": 0.009964412811397864,
  "trailingActivation": 0.005978647686838719,
  "shortMomentumScore": 80,
  "overboughtScore": 0,
  "shortPatternScore": 25,
  "shootingStarDetected": true,
  "bearishEngulfingDetected": false,
  "eveningStarDetected": false,
  "bearishPatternsCount": 1,
  "shortTotalScore": 38.25,
  "chaikin": -0.4030169389461381,
  "obvIncreasing": false,
  "obvTrend": "declining",
  "adx": 89.20863309352539,
  "recentCandles": {
    "redCount": 5,
    "greenCount": 5
  },
  "resistanceDistance": 6.846975088967963,
  "multiplePatterns": false,
  "bullishPattern": false,
  "priceAboveVWAP": false,
  "breakingResistance": false,
  "atrSufficient": false,
  "macdDivergenceBearish": false,
  "rvolMin1": -0.3254946997427091,
  "rvolMin5": -0.46254071915324346,
  "atrPercentileOld": 0.0975609756097561,
  "vwapDeviation": -6.388946967027044,
  "bbWidthPercent": 9.064689985081415,
  "bbSqueeze": false,
  "multiTFMomentum": {
    "min1": {
      "roc1": 0,
      "roc3": -0.00014234875444854093
    },
    "min5": {
      "roc1": -0.00014232849416447656,
      "roc3": 0.00014236902050128133
    },
    "min15": {
      "roc1": 0,
      "roc3": -0.00706713780918709
    },
    "hourly": {
      "roc1": 0.01736654804270461,
      "roc3": -0.04464643764202641
    },
    "fourHour": {
      "roc1": -0.043495717344753604,
      "roc3": 0.06671641791044779
    },
    "divergenceShortUpLongDown": false
  },
  "returnZMin5": -0.10813553179376596,
  "wickClosePct": 0.25000000000026024,
  "wickUpper": 0.00002999999999998837,
  "wickLower": 0,
  "wickRatio": 2.9999999999958367,
  "donchianBreakout15": false,
  "bbWidthPercentile15": 0.15584415584415584,
  "signedMin5": 642548.9999999984,
  "signedMin5Z": 2.306886409003808,
  "signedMin1": 141830.4,
  "signedMin1Z": 2.550090484947915,
  "streakMin1": {
    "upStreak": 0,
    "downStreak": 1
  },
  "streakMin5": {
    "upStreak": 3,
    "downStreak": 0
  },
  "rvolPercentileMin1": 0.12708333333333333,
  "rvolPercentileMin5": 0.1423611111111111,
  "perTfMetrics": {
    "min1": {
      "sma20": 0.0703545,
      "sma50": 0.07100240000000001,
      "ema20": 0.07040447607332245,
      "ema50": 0.07113091467577608,
      "vwma20": 0.07029680528418128,
      "hma21": 0.07011480519480516,
      "atr14": 0.00004000000000000432,
      "atrPercentile": 0.002014098690835851,
      "rvolZ": -0.3254946997427091,
      "rvolPercentile": 0.12708333333333333,
      "mfi14": 9.732141555241242,
      "ppo": {
        "ppo": -0.3372962104669783,
        "signal": -0.41097999895997667,
        "histogram": 0.07368378849299839
      },
      "stochRsi": {
        "k": 39.64285714286607,
        "d": 15.059239610966864
      },
      "vprofile": {
        "vpBins": [
          0.0205947954724286,
          0.03552627701878864,
          0.08078808139928326,
          0.016183653614256336,
          0.028530734816722133,
          0.04925621330237585,
          0.019084804401970443,
          0.06860479280162858,
          0.1482185671761896,
          0.08366035965466373,
          0.10221177882618497,
          0.23165872080856847,
          0.0069230884888518505,
          0.036967930376448674,
          0.005198278514301081,
          0.007248155674689826,
          0.021558520652310526,
          0.01178935104014115,
          0.006454506053196013,
          0.019541389907000425
        ],
        "currentBinShare": 0.0205947954724286
      },
      "ttm": {
        "squeeze": false,
        "release": false,
        "widthPct": 0.9544983981572487
      }
    },
    "min5": {
      "sma20": 0.07169899999999998,
      "sma50": 0.07340920000000001,
      "ema20": 0.07150025902378672,
      "ema50": 0.07255610243066328,
      "vwma20": 0.07113602144819346,
      "hma21": 0.0692843722943723,
      "atr14": 0.00035285714285714385,
      "atrPercentile": 0.16423357664233576,
      "rvolZ": -0.46254071915324346,
      "rvolPercentile": 0.1423611111111111,
      "mfi14": 4.813996959197169,
      "ppo": {
        "ppo": -1.4022486044891007,
        "signal": -1.2945116068823042,
        "histogram": -0.10773699760679656
      },
      "stochRsi": {
        "k": 91.84410141081806,
        "d": 18.72316478140853
      },
      "vprofile": {
        "vpBins": [
          0.018264580112706194,
          0.020834370743831255,
          0.03518295260946357,
          0.04757556644757121,
          0.03802308776175171,
          0.062167456689670296,
          0.04961143271447756,
          0.053228447986615704,
          0.03363771168914824,
          0.04462978327201285,
          0.11001907729497233,
          0.07110730321982993,
          0.10477224005844225,
          0.10276997714667185,
          0.020712981726466136,
          0.03782884163784739,
          0.009723759319952043,
          0.0696365950602639,
          0.04048139661050472,
          0.029792437897800728
        ],
        "currentBinShare": 0.053228447986615704
      },
      "ttm": {
        "squeeze": false,
        "release": false,
        "widthPct": 7.898180676221646
      }
    },
    "min15": {
      "sma20": 0.0734605,
      "sma50": 0.07134300000000002,
      "ema20": 0.0725689457367593,
      "ema50": 0.07203505168422658,
      "vwma20": 0.07295348730484437,
      "hma21": 0.0715709956709957,
      "atr14": 0.0006542857142857154,
      "atrPercentile": 0.0975609756097561,
      "rvolZ": -0.5562727263519714,
      "rvolPercentile": 0.11458333333333333,
      "mfi14": 6.392035317828714,
      "ppo": {
        "ppo": -0.6886650569535944,
        "signal": 0.19999640824803103,
        "histogram": -0.8886614652016254
      },
      "stochRsi": {
        "k": 0,
        "d": 8.334323246603939
      },
      "vprofile": {
        "vpBins": [
          0.011336153900354922,
          0.04676524242282696,
          0.019590250359630215,
          0.01793317251245544,
          0.07601150658339027,
          0.043908140507939585,
          0.052230594021231855,
          0.04660179256956876,
          0.06620457397377728,
          0.10391245052857921,
          0.07317875897690054,
          0.006099624496181231,
          0.09456946583136928,
          0.10830711034650384,
          0.019653035421497694,
          0.12665776266860265,
          0,
          0,
          0.08704036487919038,
          0
        ],
        "currentBinShare": 0.052230594021231855
      },
      "ttm": {
        "squeeze": false,
        "release": false,
        "widthPct": 9.064689985081415
      }
    },
    "hourly": {
      "sma20": 0.07237649999999998,
      "sma50": 0.06480520000000003,
      "ema20": 0.07067589331010726,
      "ema50": 0.0664821244596819,
      "vwma20": 0.07497934572454579,
      "hma21": 0.07235164502164504,
      "atr14": 0.00316642857142857,
      "atrPercentile": 0.9440993788819876,
      "rvolZ": -0.002413794196449752,
      "rvolPercentile": 0.8005952380952381,
      "mfi14": 49.702615757013646,
      "ppo": {
        "ppo": 3.1304967742755556,
        "signal": 3.772811991781609,
        "histogram": -0.6423152175060536
      },
      "stochRsi": {
        "k": 36.4038870044285,
        "d": 46.738957767956116
      },
      "vprofile": {
        "vpBins": [
          0.02357689410139003,
          0.05832432289439343,
          0.03074816565547511,
          0.07615224535203204,
          0.06573824581136589,
          0.037860629122028026,
          0.012683124775984038,
          0.018202713675820468,
          0.09669131007671729,
          0.042967624173005994,
          0.006790250267496823,
          0.04579055504787182,
          0.1559237892655455,
          0.06031129481568276,
          0.06123969796247906,
          0.20699913700271197,
          0,
          0,
          0,
          0
        ],
        "currentBinShare": 0.04579055504787182
      },
      "ttm": {
        "squeeze": false,
        "release": false,
        "widthPct": 21.327981612586917
      }
    },
    "fourHour": {
      "sma20": 0.06248499999999999,
      "sma50": 0.058038400000000004,
      "ema20": 0.06405178305239631,
      "ema50": 0.06036992233884288,
      "vwma20": 0.0711525235568891,
      "hma21": 0.06948662337662338,
      "atr14": 0.005102142857142855,
      "atrPercentile": 1,
      "rvolZ": 0.10555149308215198,
      "rvolPercentile": 0.8690476190476191,
      "mfi14": 70.83221041319642,
      "ppo": {
        "ppo": 6.466271427307826,
        "signal": 4.420334906360188,
        "histogram": 2.045936520947638
      },
      "stochRsi": {
        "k": 5.085580323787672,
        "d": 70.90987460719212
      },
      "vprofile": {
        "vpBins": [
          0.012030925484741741,
          0.04257902208697628,
          0.017537591342666085,
          0.14908568072938677,
          0.1300643907135683,
          0.10860394450232046,
          0.059613755899929385,
          0,
          0.12111639271440681,
          0,
          0,
          0.06941582332525767,
          0.2899524732007467,
          0,
          0,
          0,
          0,
          0,
          0,
          0
        ],
        "currentBinShare": 0.06941582332525767
      },
      "ttm": {
        "squeeze": false,
        "release": false,
        "widthPct": 37.822628610304776
      }
    },
    "daily": {
      "sma20": 0.059812,
      "sma50": 0,
      "ema20": 0.061025475905964285,
      "ema50": 0.06308080832983473,
      "vwma20": 0,
      "hma21": 0.058439350649350665,
      "atr14": 0.007127857142857142,
      "atrPercentile": 0.48148148148148145,
      "rvolZ": 0,
      "rvolPercentile": 1,
      "mfi14": 50,
      "ppo": {
        "ppo": -0.18479674165818352,
        "signal": -2.870902060406594,
        "histogram": 2.6861053187484103
      },
      "stochRsi": {
        "k": 99.37032760323015,
        "d": 56.14629153303439
      },
      "vprofile": {
        "vpBins": [
          0,
          0,
          0,
          0,
          0,
          0,
          0,
          0,
          0,
          0,
          0,
          0,
          0,
          0,
          0,
          0,
          0,
          0,
          0,
          0
        ],
        "currentBinShare": 0
      },
      "ttm": {
        "squeeze": false,
        "release": false,
        "widthPct": 31.744050678075247
      }
    }
  },
  "smaMin5": 0.07169899999999998,
  "emaMin5": 0.07150025902378672,
  "vwmaMin5": 0.07113602144819346,
  "hmaMin5": 0.0692843722943723,
  "keltner15": {
    "upper": 0.07359194573675931,
    "middle": 0.0725689457367593,
    "lower": 0.07154594573675929
  },
  "superTrend15": {
    "isBull": false,
    "finalUpper": 0.072306,
    "finalLower": 0.06821399999999998
  },
  "mfi15": 6.392035317828714,
  "stochRsi15": {
    "k": 0,
    "d": 8.334323246603939
  },
  "ppo15": {
    "ppo": -0.6886650569535944,
    "signal": 0.19999640824803103,
    "histogram": -0.8886614652016254
  },
  "vpMin15": {
    "vpBins": [
      0.011336153900354922,
      0.04676524242282696,
      0.019590250359630215,
      0.01793317251245544,
      0.07601150658339027,
      0.043908140507939585,
      0.052230594021231855,
      0.04660179256956876,
      0.06620457397377728,
      0.10391245052857921,
      0.07317875897690054,
      0.006099624496181231,
      0.09456946583136928,
      0.10830711034650384,
      0.019653035421497694,
      0.12665776266860265,
      0,
      0,
      0.08704036487919038,
      0
    ],
    "currentBinShare": 0.052230594021231855
  },
  "ttm15": {
    "squeeze": false,
    "release": false,
    "widthPct": 9.064689985081415
  },
  "marketCorrelation": {
    "hourly": {
      "btcCorrelation": 0,
      "ethCorrelation": 0,
      "btcBeta": 1,
      "ethBeta": 1,
      "btcTrend": "UNKNOWN",
      "ethTrend": "UNKNOWN",
      "tokenVol": 0,
      "btcVol": 0,
      "ethVol": 0,
      "marketDependence": 0,
      "verdict": "INSUFFICIENT_DATA"
    },
    "min15": {
      "btcCorrelation": 0,
      "ethCorrelation": 0,
      "btcBeta": 1,
      "ethBeta": 1,
      "btcTrend": "UNKNOWN",
      "ethTrend": "UNKNOWN",
      "tokenVol": 0,
      "btcVol": 0,
      "ethVol": 0,
      "marketDependence": 0,
      "verdict": "INSUFFICIENT_DATA"
    },
    "daily": {
      "btcCorrelation": 0,
      "ethCorrelation": 0,
      "btcBeta": 1,
      "ethBeta": 1,
      "btcTrend": "UNKNOWN",
      "ethTrend": "UNKNOWN",
      "tokenVol": 0,
      "btcVol": 0,
      "ethVol": 0,
      "marketDependence": 0,
      "verdict": "INSUFFICIENT_DATA"
    }
  },
  "tradeTape": {
    "totalTrades": 0,
    "totalVolume": 0,
    "buysVolume": 0,
    "sellsVolume": 0,
    "buySellRatio": 0.5,
    "vwap": 0,
    "signedVolume": 0,
    "avgTradeSize": 0,
    "tradesPerSec": 0,
    "cumulativeDelta": 0,
    "tradesLast1m": 0,
    "tradesLast5m": 0,
    "tradesLast15m": 0,
    "tradesLast1h": 0,
    "buyVWAP": 0,
    "sellVWAP": 0,
    "aggressorVWAP": 0,
    "bucketDurationMs": 60000,
    "bucketCount": 15,
    "bucketSignedVolumes": [],
    "bucketVolumes": [],
    "bucketVWAPs": [],
    "latestBucketSignedZ": 0
  },
  "enhancedMetrics": {
    "relativeVolumeZScore": -1,
    "volumePercentile": 40,
    "atrPercentile": 16.423357664233578,
    "volatilityPercentile": 93.9873417721519,
    "relativeVolatilityRatio": 0.6467143520305434,
    "isHighVolume": false,
    "isHighVolatility": true,
    "isLowVolatility": false,
    "isExpandingVolatility": false,
    "isContractingVolatility": true
  },
  "orderBook": {
    "bidAskSpread": 0,
    "spreadPct": 0,
    "midPrice": 0,
    "bestBid": 0,
    "bestAsk": 0,
    "bidDepth": 0,
    "askDepth": 0,
    "orderBookImbalance": 0,
    "liquidityScore": 0,
    "depthAt1Pct": {
      "bidVolume": 0,
      "askVolume": 0,
      "imbalance": 0
    },
    "depthAt2Pct": {
      "bidVolume": 0,
      "askVolume": 0,
      "imbalance": 0
    },
    "depthAt5Pct": {
      "bidVolume": 0,
      "askVolume": 0,
      "imbalance": 0
    },
    "weightedMidPrice": 0,
    "volumeWeightedSpread": 0,
    "totalBidLevels": 0,
    "totalAskLevels": 0
  },
  "marketCap": {
    "marketCap": 0,
    "totalVolume24h": 0,
    "volumeToMarketCapRatio": 0,
    "marketCapRank": 0,
    "normalizedRank": 0,
    "isHighLiquidity": false,
    "isVeryHighLiquidity": false,
    "isLowLiquidity": true,
    "liquidityTier": "VERY_LOW"
  },
  "sweeps": {
    "sweepScore": 0,
    "sweepCount": 0,
    "sweepDirection": "NEUTRAL",
    "buySweeps": 0,
    "sellSweeps": 0,
    "avgSweepSize": 0,
    "avgSweepIntensity": 0,
    "bidLiftRatio": 0,
    "askLiftRatio": 0,
    "sweepFrequency": 0,
    "largestSweep": null,
    "recentSweepClusters": 0,
    "sweepDetails": []
  },
  "absorption": {
    "absorptionScore": 0,
    "absorptionLevel": null,
    "absorptionSide": "NONE",
    "icebergProbability": 0,
    "hiddenLiquidityEstimate": 0,
    "volumeAtPrice": {},
    "topAbsorptionLevels": [],
    "persistenceDuration": 0,
    "refillDetected": false
  },
  "orderArrival": {
    "avgInterArrivalTime": 0,
    "recentInterArrivalTime": 0,
    "accelerationRatio": 1,
    "hawkesIntensity": 0,
    "hawkesDirection": "NEUTRAL",
    "clusteringScore": 0,
    "burstCount": 0,
    "cascadeDetected": false,
    "timeToNextTrade": 0,
    "accelerationTrend": "STABLE"
  },
  "liquidityVacuum": {
    "vacuumScore": 0,
    "vacuumSide": "NONE",
    "bidVacuumSeverity": 0,
    "askVacuumSeverity": 0,
    "depthConcentration": 0,
    "priceImpact10k": 0,
    "priceImpact50k": 0,
    "priceImpact100k": 0,
    "largestGapBid": 0,
    "largestGapAsk": 0,
    "avgGapBid": 0,
    "avgGapAsk": 0,
    "bidCliffDistance": 0,
    "askCliffDistance": 0
  },
  "volatilityRegime": {
    "regime": "BELOW_NORMAL",
    "regimeScore": -0.5,
    "currentATR": 0.006436,
    "avgATR": 0.010653,
    "atrPercentile": 40.7,
    "realizedVolatility": 125.42,
    "volPercentile": 20,
    "expanding": false,
    "contracting": true,
    "transitionProbability": 0.4,
    "daysInRegime": 1,
    "regimeStrength": 0.96
  },
  "temporalPatterns": {
    "currentHour": 8,
    "currentDay": 0,
    "currentDayName": "Sunday",
    "dayBias": "NEUTRAL",
    "hourlyProfile": [
      {
        "avgVolume": 322231.84,
        "avgATR": 0.000891,
        "avgReturn": -0.437
      },
      {
        "avgVolume": 537561.76,
        "avgATR": 0.001135,
        "avgReturn": -0.202
      },
      {
        "avgVolume": 243116.35,
        "avgATR": 0.000778,
        "avgReturn": 0
      },
      {
        "avgVolume": 199320.63,
        "avgATR": 0.000643,
        "avgReturn": 0.072
      },
      {
        "avgVolume": 482758.44,
        "avgATR": 0.000864,
        "avgReturn": 0.504
      },
      {
        "avgVolume": 349177.26,
        "avgATR": 0.000896,
        "avgReturn": 0.723
      },
      {
        "avgVolume": 685214.25,
        "avgATR": 0.001463,
        "avgReturn": 0.661
      },
      {
        "avgVolume": 211293.48,
        "avgATR": 0.00073,
        "avgReturn": -0.154
      },
      {
        "avgVolume": 113726.86,
        "avgATR": 0.000541,
        "avgReturn": 0.024
      },
      {
        "avgVolume": 117585.11,
        "avgATR": 0.000559,
        "avgReturn": -0.197
      },
      {
        "avgVolume": 87861.04,
        "avgATR": 0.000495,
        "avgReturn": 0.098
      },
      {
        "avgVolume": 322347.82,
        "avgATR": 0.000803,
        "avgReturn": 0.048
      },
      {
        "avgVolume": 286773.14,
        "avgATR": 0.001159,
        "avgReturn": 0.823
      },
      {
        "avgVolume": 442713.04,
        "avgATR": 0.001148,
        "avgReturn": -0.584
      },
      {
        "avgVolume": 180371.48,
        "avgATR": 0.000742,
        "avgReturn": 0.158
      },
      {
        "avgVolume": 315309.89,
        "avgATR": 0.000662,
        "avgReturn": -0.051
      },
      {
        "avgVolume": 321853.62,
        "avgATR": 0.000923,
        "avgReturn": -0.075
      },
      {
        "avgVolume": 497603.35,
        "avgATR": 0.001306,
        "avgReturn": 0.342
      },
      {
        "avgVolume": 1431150.65,
        "avgATR": 0.002111,
        "avgReturn": 1.046
      },
      {
        "avgVolume": 540627.97,
        "avgATR": 0.001137,
        "avgReturn": -0.119
      },
      {
        "avgVolume": 464280.44,
        "avgATR": 0.001085,
        "avgReturn": -0.755
      },
      {
        "avgVolume": 528921.23,
        "avgATR": 0.001147,
        "avgReturn": -0.183
      },
      {
        "avgVolume": 415811.61,
        "avgATR": 0.000721,
        "avgReturn": -0.105
      },
      {
        "avgVolume": 319001.66,
        "avgATR": 0.000983,
        "avgReturn": -0.131
      }
    ],
    "dailyProfile": [
      {
        "avgVolume": 984181.73,
        "avgATR": 0.001758,
        "avgReturn": 0.334
      },
      {
        "avgVolume": 626689.68,
        "avgATR": 0.001391,
        "avgReturn": -0.045
      },
      {
        "avgVolume": 294634.92,
        "avgATR": 0.000695,
        "avgReturn": -0.194
      },
      {
        "avgVolume": 240631.63,
        "avgATR": 0.000722,
        "avgReturn": -0.026
      },
      {
        "avgVolume": 268967.68,
        "avgATR": 0.000792,
        "avgReturn": 0.386
      },
      {
        "avgVolume": 121024.31,
        "avgATR": 0.000602,
        "avgReturn": 0.059
      },
      {
        "avgVolume": 219680.44,
        "avgATR": 0.000739,
        "avgReturn": -0.08
      }
    ],
    "favorableHours": [
      18,
      6,
      19,
      1,
      21,
      17
    ],
    "favorableWindow": false,
    "currentVsAvgVolume": 0,
    "currentVsAvgVolatility": 0,
    "anomalyDetected": true,
    "timeUntilFavorable": 9,
    "temporalScore": 0
  },
  "unifiedMicrostructure": {
    "signalDirections": {
      "vpin": "NEUTRAL",
      "sweeps": "NEUTRAL",
      "absorption": "NEUTRAL",
      "arrival": "NEUTRAL",
      "vacuum": "NONE",
      "volRegime": "FAVORABLE",
      "temporal": "UNFAVORABLE"
    },
    "consensusDirection": "NEUTRAL",
    "consensusStrength": 50,
    "bullishSignals": 1,
    "bearishSignals": 1,
    "neutralSignals": 0,
    "totalAvailableSignals": 2,
    "dominantPattern": "NONE",
    "clusters": {
      "strongBuyCluster": false,
      "distributionPattern": false,
      "accumulationPattern": false,
      "momentumCascade": false
    },
    "adaptiveWeights": {
      "vpin": 0,
      "sweeps": 0,
      "absorption": 0,
      "arrival": 0,
      "vacuum": 0,
      "volRegime": 0.021,
      "temporal": 0.02
    },
    "convictionLevel": "LOW",
    "convictionScore": 30,
    "riskAdjustment": "REDUCE",
    "timingQuality": "UNFAVORABLE",
    "signalQuality": "LOW"
  },
  "deltaAnalysis": {
    "currentDelta": 0,
    "cumulativeDelta": 0,
    "deltaPerVolume": 0,
    "deltaDirection": "NEUTRAL",
    "deltaDivergence": false,
    "institutionalRatio": 0,
    "aggressionScore": 0
  },
  "volumeProfile": {
    "pointOfControl": 0,
    "valueAreaHigh": 0,
    "valueAreaLow": 0,
    "currentPosition": "ABOVE_VALUE_AREA",
    "volumeNodes": [],
    "airPockets": []
  },
  "momentumCascade": {
    "cascadeDetected": false,
    "alignmentScore": -0.016280798121595694,
    "cascadeStrength": 0,
    "acceleratingTimeframes": [],
    "divergingTimeframes": [
      "5m",
      "15m",
      "1h"
    ]
  },
  "breakoutConfirmation": {
    "breakoutConfirmed": false,
    "volumeConfirmation": false,
    "retestStrength": 0,
    "falseBreakoutRisk": 0,
    "breakoutQuality": "NO_BREAKOUT"
  },
  "liquidityHeatmap": {
    "liquidityScore": 0,
    "magnetDirection": "NONE",
    "magnetStrength": 0,
    "priceTarget5pct": null,
    "message": "No order book data"
  },
  "smartMoneyDivergence": {
    "divergenceDetected": false,
    "divergenceDirection": "NONE",
    "smartMoneyScore": 0.5,
    "message": "Insufficient trade data"
  },
  "microstructure": {
    "raw": 0.012740922110320609,
    "pct": 50,
    "summary": {
      "latestBucketSignedZ": 0,
      "buySellRatio": 0.5,
      "tradesPerSec": 0,
      "vwap": 0,
      "aggressorVWAP": 0,
      "vpinToxicity": "UNKNOWN",
      "sweepDirection": "NEUTRAL",
      "absorptionSide": "NONE",
      "icebergDetected": false,
      "hawkesDirection": "NEUTRAL",
      "cascadeDetected": false,
      "vacuumSide": "NONE",
      "volatilityRegime": "BELOW_NORMAL",
      "volExpanding": false,
      "favorableTimeWindow": false,
      "temporalAnomaly": true,
      "consensusDirection": "NEUTRAL",
      "consensusStrength": 50,
      "dominantPattern": "NONE",
      "convictionLevel": "LOW",
      "riskAdjustment": "REDUCE",
      "timingQuality": "UNFAVORABLE",
      "deltaDirection": "NEUTRAL",
      "deltaDivergence": false,
      "institutionalRatio": 0,
      "volumeProfilePosition": "ABOVE_VALUE_AREA",
      "pointOfControl": 0,
      "momentumCascadeDetected": false,
      "cascadeStrength": 0,
      "breakoutQuality": "NO_BREAKOUT",
      "breakoutConfirmed": false,
      "magnetDirection": "NONE",
      "magnetStrength": 0,
      "priceTarget5pct": null,
      "nearestBidWall": 0,
      "nearestAskWall": 0,
      "divergenceDetected": false,
      "divergenceDirection": "NONE",
      "whaleAccumulation": false,
      "whaleDistribution": false,
      "retailPanic": false,
      "smartMoneyScore": 0.5
    }
  }
}

=== MICROSTRUCTURE ALERTS ===

🔬 VPIN: Insufficient data for VPIN analysis

🌊 SWEEP DETECTION: No significant sweeps detected

🧊 ABSORPTION & ICEBERG: No significant absorption or iceberg orders detected

⚡ ORDER ARRIVAL DYNAMICS: Insufficient trades for analysis

🌪️ LIQUIDITY VACUUM: No significant vacuum detected

📊 VOLATILITY REGIME DETECTION:
   Current Regime: BELOW_NORMAL
   Regime Score: -0.50 (-1=low vol, +1=extreme vol)
   Days in Regime: 1
   ATR: $0.006436 (avg: $0.010653)
   ATR Percentile: 40.7%
   Realized Volatility: 125.42% (annualized)
   Vol Percentile: 20.0%

   🟢 BELOW NORMAL VOLATILITY:
   ⚡ Consolidation phase - watch for expansion
   ✅ Good entry zone for patient trades

   📉 VOLATILITY CONTRACTING:
   🔄 Consolidation phase - accumulation likely
   ⏳ Wait for expansion before entering

   📍 MODERATE REGIME TRANSITION PROBABILITY: 40%
   Monitor for potential regime change

   ⚠️ NEW REGIME: Only 1 day(s) - conditions still settling

⏰ TEMPORAL PATTERN ANALYSIS:
   Current Time: Sunday 8:00 UTC
   Day Bias: NEUTRAL
   Current vs Avg Volume: 0x
   Current vs Avg Volatility: 0x

   ⏳ NON-FAVORABLE TIME WINDOW:
   This hour typically shows weaker activity
   Next favorable window in 9 hour(s)

   ⚠️ LOW ACTIVITY ANOMALY:
   Volume 0x below typical - Extremely quiet

   📉 LOW VOLATILITY ANOMALY:
   Volatility 0x below typical - Consolidation likely

   🔥 Best Trading Hours (UTC): 18:00, 6:00, 19:00

🎯 UNIFIED MICROSTRUCTURE INTEGRATION:
   Signal Consensus: NEUTRAL (50% agreement)
   Available Signals: 2 (1 bullish / 1 bearish / 0 neutral)
   Conviction Level: LOW (30%)
   Signal Quality: LOW
   Risk Adjustment: REDUCE
   Timing Quality: UNFAVORABLE

   ⚠️ LOW CONVICTION: Only 50% signal agreement
   Weak alignment - Reduce position size or wait for clarity

   ⚠️ RISK REDUCTION RECOMMENDED: Extreme volatility or unfavorable timing detected

   ⏰ UNFAVORABLE TIMING: Avoid trading during this hour

   Signal Directions Breakdown:
   • VPIN: NEUTRAL
   • Sweeps: NEUTRAL
   • Absorption: NEUTRAL
   • Arrival Dynamics: NEUTRAL
   • Liquidity Vacuum: NONE
   • Vol Regime: FAVORABLE
   • Temporal: UNFAVORABLE

   Adaptive Weights (Total: 4.1%):
   • VPIN: 0.0%
   • Sweeps: 0.0%
   • Absorption: 0.0%
   • Arrival: 0.0%
   • Vacuum: 0.0%
   • Vol Regime: 2.1%
   • Temporal: 2.0%


💹 DELTA ANALYSIS (Order Flow Aggression):
   Direction: NEUTRAL
   Delta Per Volume: 0.00%
   Institutional Ratio: 0.0%
   Aggression Score: 0.0%

📊 VOLUME PROFILE (Support/Resistance Strength):
   Point of Control (POC): $0.000000
   Value Area High: $0.000000
   Value Area Low: $0.000000
   Current Position: ABOVE_VALUE_AREA
   ⚠️ DISTRIBUTION RISK: Price above value area - potential rejection zone

⚡ MOMENTUM CASCADE (Multi-Timeframe Alignment):
   Cascade Detected: NO
   Alignment Score: -1.6%
   Cascade Strength: 0.0%
   Accelerating: None
   Diverging: 5m, 15m, 1h

💥 BREAKOUT CONFIRMATION:
   Quality: NO_BREAKOUT
   Volume Confirmation: NO
   Retest Strength: 0.0%
   False Breakout Risk: 0.0%
   No breakout detected - price below resistance


levels:
Entry=0.07039050000000001, StopLoss=0.07250221500000001, TakeProfit=0.0703876944, 0.070383486, 0.0703813818

---

=== Token: HONEY (HONEY) ===
Contract: HONEY-USD
Timestamp: 2025-05-12T13:05:00.000Z

Calculations:
{
  "momentumScore": 27.403541972658466,
  "volumeScore": 4.108702578889388,
  "patternScore": 6.92599708420525,
  "totalScore": 9.659346288264995,
  "finalScore": 20,
  "weights": "0.23,0.45,0.23",
  "hourlyUptrend": false,
  "rsi": 26.6666666666666,
  "ultraShortVolumeSurge": 0.24629353274648588,
  "baseVolumeSurge": 0.012143653273945764,
  "currentPrice": 0.0318,
  "resistance": 0.0334,
  "support": 0.0314,
  "rocMin5": 0.009523809523809577,
  "shortROC": 0.009523809523809577,
  "priceAcceleration": 0.0023909669020079245,
  "buySellRatio": 0.3616964065607872,
  "macdHistogram": -0.0001321937235920809,
  "stochasticK": 10.000000000000279,
  "atr": 0.00038571428571428535,
  "bbUpper": 0.03338898275847831,
  "bbLower": 0.03130101724152167,
  "hammerDetected": false,
  "engulfingDetected": false,
  "compressionSpring": {
    "detected": true,
    "confidence": 56,
    "signals": {
      "sidewaysPrice": true,
      "atrCompression": true,
      "bbSqueeze": false,
      "consolidationTime": true,
      "strongBuying": false,
      "obvPositive": false,
      "chaikinPositive": false,
      "rsiNeutral": true,
      "volumeBuilding": true
    },
    "metrics": {
      "priceRange": 6.37,
      "atrRatio": 0.635,
      "bbWidth": 6.46,
      "volumeRatio": 1.189,
      "signalCount": 5,
      "buySellRatio": 0.362
    }
  },
  "riskTier": "LOW",
  "atrPercent": 1.729559748427674,
  "distanceToResistance": 5.031446540880494,
  "slPercent": 2.5,
  "tpPercent": 0.8805031446540978,
  "trailingActivation": 0.5283018867924587,
  "shortMomentumScore": 50,
  "overboughtScore": 0,
  "shortPatternScore": 0,
  "shootingStarDetected": false,
  "bearishEngulfingDetected": false,
  "eveningStarDetected": false,
  "bearishPatternsCount": 0,
  "shortTotalScore": 20,
  "chaikin": -0.34866590177921114,
  "obvIncreasing": false,
  "obvTrend": "declining",
  "adx": 13.513513513513537,
  "recentCandles": {
    "redCount": 5,
    "greenCount": 5
  },
  "resistanceDistance": 5.031446540880494,
  "multiplePatterns": false,
  "bullishPattern": false,
  "priceAboveVWAP": false,
  "breakingResistance": false,
  "atrSufficient": true,
  "macdDivergenceBearish": true,
  "rvolMin1": -0.3551376904886067,
  "rvolMin5": -0.5399845286180591,
  "atrPercentileOld": 0.07317073170731707,
  "vwapDeviation": -4.272570642878455,
  "bbWidthPercent": 6.455296079630984,
  "bbSqueeze": false,
  "multiTFMomentum": {
    "min1": {
      "roc1": 0.009523809523809577,
      "roc3": 0.009523809523809577
    },
    "min5": {
      "roc1": 0.009523809523809577,
      "roc3": 0.009523809523809577
    },
    "min15": {
      "roc1": -0.003154574132491985,
      "roc3": -0.003154574132491985
    },
    "hourly": {
      "roc1": 0.01577287066246058,
      "roc3": 0.006249999999999962
    },
    "fourHour": {
      "roc1": -0.006172839506172803,
      "roc3": 0.01577287066246058
    },
    "divergenceShortUpLongDown": true
  },
  "returnZMin5": 1.257426677146461,
  "wickClosePct": 0.6000000000000028,
  "wickUpper": 0.0001999999999999988,
  "wickLower": 0.0001999999999999988,
  "wickRatio": 1.9999999999999307,
  "donchianBreakout15": false,
  "bbWidthPercentile15": 0.22077922077922077,
  "signedMin5": 2328778.900000001,
  "signedMin5Z": 8.276137352946728,
  "signedMin1": 232454.79999999976,
  "signedMin1Z": 1.5706999433796733,
  "streakMin1": {
    "upStreak": 1,
    "downStreak": 0
  },
  "streakMin5": {
    "upStreak": 1,
    "downStreak": 0
  },
  "rvolPercentileMin1": 0.4909722222222222,
  "rvolPercentileMin5": 0.25,
  "perTfMetrics": {
    "min1": {
      "sma20": 0.031610000000000006,
      "sma50": 0.031708000000000014,
      "ema20": 0.03163249583499857,
      "ema50": 0.03180608385543992,
      "vwma20": 0.031632754179532666,
      "hma21": 0.03160865800865802,
      "atr14": 0.00017857142857142873,
      "atrPercentile": 0.16414904330312186,
      "rvolZ": -0.3551376904886067,
      "rvolPercentile": 0.4909722222222222,
      "mfi14": 85.12148013381346,
      "ppo": {
        "ppo": -0.09698500061761717,
        "signal": -0.18264118183839062,
        "histogram": 0.08565618122077345
      },
      "stochRsi": {
        "k": 100,
        "d": 53.11211664152834
      },
      "vprofile": {
        "vpBins": [
          0,
          0.03211902477722415,
          0.08830256912254962,
          0.033206628435126145,
          0.009387108548292954,
          0.17224496529366748,
          0.02705783328709207,
          0,
          0.04743799443850005,
          0.05688249148607549,
          0.21964407013365522,
          0.07142445942140994,
          0,
          0.003573867894811682,
          0.03568828291359148,
          0.07003079174960042,
          0.09559992450053806,
          0,
          0.03739998799786528,
          0
        ],
        "currentBinShare": 0.009387108548292954
      },
      "ttm": {
        "squeeze": true,
        "release": true,
        "widthPct": 1.124731973086432
      }
    },
    "min5": {
      "sma20": 0.032125,
      "sma50": 0.03225600000000001,
      "ema20": 0.031934939283906,
      "ema50": 0.032219860106721156,
      "vwma20": 0.03224608869769518,
      "hma21": 0.031106926406926423,
      "atr14": 0.00038571428571428535,
      "atrPercentile": 0.20437956204379562,
      "rvolZ": -0.5399845286180591,
      "rvolPercentile": 0.25,
      "mfi14": 14.433719261998945,
      "ppo": {
        "ppo": -0.7446478542647575,
        "signal": -0.6385603304397679,
        "histogram": -0.10608752382498965
      },
      "stochRsi": {
        "k": 12.571428571428642,
        "d": 25.406555981268497
      },
      "vprofile": {
        "vpBins": [
          0,
          0.11733367774092393,
          0.09140694159867062,
          0.060757266991183015,
          0.07982362092593286,
          0.1917594901641543,
          0.055937673155138146,
          0.10575462151708763,
          0.04606329682982452,
          0.017713387283352356,
          0.026799821472037594,
          0.04497894025515585,
          0.006834149619524942,
          0.019176145391535775,
          0.029219113716060872,
          0.02029685936188718,
          0.005603414412256632,
          0.021382783848037833,
          0.019165740599638364,
          0.03999305511759753
        ],
        "currentBinShare": 0.1917594901641543
      },
      "ttm": {
        "squeeze": false,
        "release": false,
        "widthPct": 7.903182563356642
      }
    },
    "min15": {
      "sma20": 0.03234499999999999,
      "sma50": 0.032226,
      "ema20": 0.03221823016791422,
      "ema50": 0.032413886626031396,
      "vwma20": 0.03225840841994702,
      "hma21": 0.03185541125541126,
      "atr14": 0.0005500000000000004,
      "atrPercentile": 0.07317073170731707,
      "rvolZ": -0.6704558922016828,
      "rvolPercentile": 0.08333333333333333,
      "mfi14": 37.708202790334944,
      "ppo": {
        "ppo": -0.6857830986023565,
        "signal": -0.33614892058759643,
        "histogram": -0.3496341780147601
      },
      "stochRsi": {
        "k": 55.42707219900889,
        "d": 39.99646518204313
      },
      "vprofile": {
        "vpBins": [
          0,
          0.10432104648355876,
          0.007533673476304568,
          0.031134992891704422,
          0.09259022216307074,
          0.14006724894291164,
          0.07328424350070506,
          0.11174407080534178,
          0.10207080579703458,
          0.03682187153551528,
          0.05552973621809133,
          0.013070118616267981,
          0.055301280671850285,
          0.042777964480982124,
          0.02943838685497478,
          0,
          0.0534936005611365,
          0,
          0,
          0.05082073700055017
        ],
        "currentBinShare": 0.14006724894291164
      },
      "ttm": {
        "squeeze": false,
        "release": false,
        "widthPct": 6.455296079630984
      }
    },
    "hourly": {
      "sma20": 0.032850000000000004,
      "sma50": 0.031674,
      "ema20": 0.03248287048782644,
      "ema50": 0.03158128314353998,
      "vwma20": 0.03269682511911561,
      "hma21": 0.03205844155844154,
      "atr14": 0.0015071428571428586,
      "atrPercentile": 0.8944099378881988,
      "rvolZ": 0.07111563430462338,
      "rvolPercentile": 0.8630952380952381,
      "mfi14": 48.30951867027629,
      "ppo": {
        "ppo": 0.20625258508577057,
        "signal": 0.6425402089449495,
        "histogram": -0.43628762385917885
      },
      "stochRsi": {
        "k": 100,
        "d": 47.95701318492016
      },
      "vprofile": {
        "vpBins": [
          0.03603375327714325,
          0.05997202355434926,
          0.08384208826863628,
          0.05758559213284987,
          0.03445382020374233,
          0.059508828877744245,
          0.03338755010819579,
          0.05862924066971372,
          0.10700731627747596,
          0.09473660169261222,
          0.032147824754244665,
          0.049173689831401184,
          0.015277347931330513,
          0.20833040713275394,
          0.028316547826350645,
          0.04159736746145609,
          0,
          0,
          0,
          0
        ],
        "currentBinShare": 0.10700731627747596
      },
      "ttm": {
        "squeeze": false,
        "release": false,
        "widthPct": 21.30550091186437
      }
    },
    "fourHour": {
      "sma20": 0.030144999999999998,
      "sma50": 0.027734,
      "ema20": 0.030716003564465022,
      "ema50": 0.029173803940160045,
      "vwma20": 0.034250166757172504,
      "hma21": 0.035154978354978356,
      "atr14": 0.004200000000000001,
      "atrPercentile": 1,
      "rvolZ": 0.1797666106651948,
      "rvolPercentile": 0.9047619047619048,
      "mfi14": 60.234964536694,
      "ppo": {
        "ppo": 5.260968231246235,
        "signal": 4.934215839566537,
        "histogram": 0.3267523916796975
      },
      "stochRsi": {
        "k": 27.715186722870627,
        "d": 59.853300294476774
      },
      "vprofile": {
        "vpBins": [
          0.036027914551063155,
          0.05044377792766797,
          0.09923352576090971,
          0.04148711662643903,
          0.04582171914575789,
          0.017594280387093906,
          0.05203591732324725,
          0.10162991273517552,
          0.2158855677478055,
          0.048731682032798554,
          0,
          0.060386441342800586,
          0,
          0,
          0,
          0.23072214441924085,
          0,
          0,
          0,
          0
        ],
        "currentBinShare": 0.2158855677478055
      },
      "ttm": {
        "squeeze": false,
        "release": false,
        "widthPct": 43.24104954168814
      }
    },
    "daily": {
      "sma20": 0.02963,
      "sma50": 0.030202000000000003,
      "ema20": 0.028696408964845283,
      "ema50": 0.030663932999019768,
      "vwma20": 0,
      "hma21": 0.02543896103896104,
      "atr14": 0.0037642857142857144,
      "atrPercentile": 0.6052631578947368,
      "rvolZ": 0,
      "rvolPercentile": 1,
      "mfi14": 50,
      "ppo": {
        "ppo": -1.5437307274886802,
        "signal": -2.5348468603058443,
        "histogram": 0.991116132817164
      },
      "stochRsi": {
        "k": 63.546268201400515,
        "d": 34.032774690577654
      },
      "vprofile": {
        "vpBins": [
          0,
          0,
          0,
          0,
          0,
          0,
          0,
          0,
          0,
          0,
          0,
          0,
          0,
          0,
          0,
          0,
          0,
          0,
          0,
          0
        ],
        "currentBinShare": 0
      },
      "ttm": {
        "squeeze": false,
        "release": false,
        "widthPct": 52.53689628662834
      }
    }
  },
  "smaMin5": 0.032125,
  "emaMin5": 0.031934939283906,
  "vwmaMin5": 0.03224608869769518,
  "hmaMin5": 0.031106926406926423,
  "keltner15": {
    "upper": 0.033118230167914216,
    "middle": 0.03221823016791422,
    "lower": 0.03131823016791422
  },
  "superTrend15": {
    "isBull": false,
    "finalUpper": 0.03355,
    "finalLower": 0.029949999999999997
  },
  "mfi15": 37.708202790334944,
  "stochRsi15": {
    "k": 55.42707219900889,
    "d": 39.99646518204313
  },
  "ppo15": {
    "ppo": -0.6857830986023565,
    "signal": -0.33614892058759643,
    "histogram": -0.3496341780147601
  },
  "vpMin15": {
    "vpBins": [
      0,
      0.10432104648355876,
      0.007533673476304568,
      0.031134992891704422,
      0.09259022216307074,
      0.14006724894291164,
      0.07328424350070506,
      0.11174407080534178,
      0.10207080579703458,
      0.03682187153551528,
      0.05552973621809133,
      0.013070118616267981,
      0.055301280671850285,
      0.042777964480982124,
      0.02943838685497478,
      0,
      0.0534936005611365,
      0,
      0,
      0.05082073700055017
    ],
    "currentBinShare": 0.14006724894291164
  },
  "ttm15": {
    "squeeze": false,
    "release": false,
    "widthPct": 6.455296079630984
  },
  "marketCorrelation": {
    "hourly": {
      "btcCorrelation": 0,
      "ethCorrelation": 0,
      "btcBeta": 1,
      "ethBeta": 1,
      "btcTrend": "UNKNOWN",
      "ethTrend": "UNKNOWN",
      "tokenVol": 0,
      "btcVol": 0,
      "ethVol": 0,
      "marketDependence": 0,
      "verdict": "INSUFFICIENT_DATA"
    },
    "min15": {
      "btcCorrelation": 0,
      "ethCorrelation": 0,
      "btcBeta": 1,
      "ethBeta": 1,
      "btcTrend": "UNKNOWN",
      "ethTrend": "UNKNOWN",
      "tokenVol": 0,
      "btcVol": 0,
      "ethVol": 0,
      "marketDependence": 0,
      "verdict": "INSUFFICIENT_DATA"
    },
    "daily": {
      "btcCorrelation": 0,
      "ethCorrelation": 0,
      "btcBeta": 1,
      "ethBeta": 1,
      "btcTrend": "UNKNOWN",
      "ethTrend": "UNKNOWN",
      "tokenVol": 0,
      "btcVol": 0,
      "ethVol": 0,
      "marketDependence": 0,
      "verdict": "INSUFFICIENT_DATA"
    }
  },
  "tradeTape": {
    "totalTrades": 0,
    "totalVolume": 0,
    "buysVolume": 0,
    "sellsVolume": 0,
    "buySellRatio": 0.5,
    "vwap": 0,
    "signedVolume": 0,
    "avgTradeSize": 0,
    "tradesPerSec": 0,
    "cumulativeDelta": 0,
    "tradesLast1m": 0,
    "tradesLast5m": 0,
    "tradesLast15m": 0,
    "tradesLast1h": 0,
    "buyVWAP": 0,
    "sellVWAP": 0,
    "aggressorVWAP": 0,
    "bucketDurationMs": 60000,
    "bucketCount": 15,
    "bucketSignedVolumes": [],
    "bucketVolumes": [],
    "bucketVWAPs": [],
    "latestBucketSignedZ": 0
  },
  "enhancedMetrics": {
    "relativeVolumeZScore": -1,
    "volumePercentile": 40,
    "atrPercentile": 21.16788321167883,
    "volatilityPercentile": 90.82278481012658,
    "relativeVolatilityRatio": 0.8399438021412269,
    "isHighVolume": false,
    "isHighVolatility": true,
    "isLowVolatility": false,
    "isExpandingVolatility": false,
    "isContractingVolatility": false
  },
  "orderBook": {
    "bidAskSpread": 0,
    "spreadPct": 0,
    "midPrice": 0,
    "bestBid": 0,
    "bestAsk": 0,
    "bidDepth": 0,
    "askDepth": 0,
    "orderBookImbalance": 0,
    "liquidityScore": 0,
    "depthAt1Pct": {
      "bidVolume": 0,
      "askVolume": 0,
      "imbalance": 0
    },
    "depthAt2Pct": {
      "bidVolume": 0,
      "askVolume": 0,
      "imbalance": 0
    },
    "depthAt5Pct": {
      "bidVolume": 0,
      "askVolume": 0,
      "imbalance": 0
    },
    "weightedMidPrice": 0,
    "volumeWeightedSpread": 0,
    "totalBidLevels": 0,
    "totalAskLevels": 0
  },
  "marketCap": {
    "marketCap": 0,
    "totalVolume24h": 0,
    "volumeToMarketCapRatio": 0,
    "marketCapRank": 0,
    "normalizedRank": 0,
    "isHighLiquidity": false,
    "isVeryHighLiquidity": false,
    "isLowLiquidity": true,
    "liquidityTier": "VERY_LOW"
  },
  "sweeps": {
    "sweepScore": 0,
    "sweepCount": 0,
    "sweepDirection": "NEUTRAL",
    "buySweeps": 0,
    "sellSweeps": 0,
    "avgSweepSize": 0,
    "avgSweepIntensity": 0,
    "bidLiftRatio": 0,
    "askLiftRatio": 0,
    "sweepFrequency": 0,
    "largestSweep": null,
    "recentSweepClusters": 0,
    "sweepDetails": []
  },
  "absorption": {
    "absorptionScore": 0,
    "absorptionLevel": null,
    "absorptionSide": "NONE",
    "icebergProbability": 0,
    "hiddenLiquidityEstimate": 0,
    "volumeAtPrice": {},
    "topAbsorptionLevels": [],
    "persistenceDuration": 0,
    "refillDetected": false
  },
  "orderArrival": {
    "avgInterArrivalTime": 0,
    "recentInterArrivalTime": 0,
    "accelerationRatio": 1,
    "hawkesIntensity": 0,
    "hawkesDirection": "NEUTRAL",
    "clusteringScore": 0,
    "burstCount": 0,
    "cascadeDetected": false,
    "timeToNextTrade": 0,
    "accelerationTrend": "STABLE"
  },
  "liquidityVacuum": {
    "vacuumScore": 0,
    "vacuumSide": "NONE",
    "bidVacuumSeverity": 0,
    "askVacuumSeverity": 0,
    "depthConcentration": 0,
    "priceImpact10k": 0,
    "priceImpact50k": 0,
    "priceImpact100k": 0,
    "largestGapBid": 0,
    "largestGapAsk": 0,
    "avgGapBid": 0,
    "avgGapAsk": 0,
    "bidCliffDistance": 0,
    "askCliffDistance": 0
  },
  "volatilityRegime": {
    "regime": "ELEVATED",
    "regimeScore": 0.5,
    "currentATR": 0.003708,
    "avgATR": 0.003709,
    "atrPercentile": 60.5,
    "realizedVolatility": 142.57,
    "volPercentile": 72.9,
    "expanding": true,
    "contracting": false,
    "transitionProbability": 0.4,
    "daysInRegime": 1,
    "regimeStrength": 0.67
  },
  "temporalPatterns": {
    "currentHour": 8,
    "currentDay": 0,
    "currentDayName": "Sunday",
    "dayBias": "NEUTRAL",
    "hourlyProfile": [
      {
        "avgVolume": 1346727.96,
        "avgATR": 0.000829,
        "avgReturn": 0.209
      },
      {
        "avgVolume": 1160958.83,
        "avgATR": 0.0009,
        "avgReturn": 0.485
      },
      {
        "avgVolume": 1339952.5,
        "avgATR": 0.000929,
        "avgReturn": 0.42
      },
      {
        "avgVolume": 3968970.17,
        "avgATR": 0.0009,
        "avgReturn": 0.952
      },
      {
        "avgVolume": 5181609.51,
        "avgATR": 0.001429,
        "avgReturn": 0.537
      },
      {
        "avgVolume": 2036166.07,
        "avgATR": 0.000979,
        "avgReturn": 0.625
      },
      {
        "avgVolume": 1285113.07,
        "avgATR": 0.000993,
        "avgReturn": -1.083
      },
      {
        "avgVolume": 1269993.29,
        "avgATR": 0.000786,
        "avgReturn": 0.033
      },
      {
        "avgVolume": 987912.69,
        "avgATR": 0.000829,
        "avgReturn": -0.139
      },
      {
        "avgVolume": 874057.9,
        "avgATR": 0.000657,
        "avgReturn": -0.074
      },
      {
        "avgVolume": 1276337.97,
        "avgATR": 0.000914,
        "avgReturn": -0.605
      },
      {
        "avgVolume": 1057478.77,
        "avgATR": 0.0007,
        "avgReturn": -0.336
      },
      {
        "avgVolume": 859009.16,
        "avgATR": 0.000686,
        "avgReturn": -0.665
      },
      {
        "avgVolume": 1489326.93,
        "avgATR": 0.000871,
        "avgReturn": -0.003
      },
      {
        "avgVolume": 1886469.05,
        "avgATR": 0.001,
        "avgReturn": 0.785
      },
      {
        "avgVolume": 1342402.77,
        "avgATR": 0.000821,
        "avgReturn": -0.31
      },
      {
        "avgVolume": 1393418.51,
        "avgATR": 0.000793,
        "avgReturn": 0.227
      },
      {
        "avgVolume": 913517.99,
        "avgATR": 0.000729,
        "avgReturn": -0.548
      },
      {
        "avgVolume": 789535.05,
        "avgATR": 0.000643,
        "avgReturn": 0.405
      },
      {
        "avgVolume": 1264645.14,
        "avgATR": 0.000821,
        "avgReturn": 1.109
      },
      {
        "avgVolume": 1460363.07,
        "avgATR": 0.000921,
        "avgReturn": 0.269
      },
      {
        "avgVolume": 1217288.44,
        "avgATR": 0.000907,
        "avgReturn": -0.823
      },
      {
        "avgVolume": 968642.46,
        "avgATR": 0.000771,
        "avgReturn": 0.221
      },
      {
        "avgVolume": 2467405,
        "avgATR": 0.00085,
        "avgReturn": -0.946
      }
    ],
    "dailyProfile": [
      {
        "avgVolume": 6001160.87,
        "avgATR": 0.001973,
        "avgReturn": 0.084
      },
      {
        "avgVolume": 1537855.72,
        "avgATR": 0.000894,
        "avgReturn": 0.172
      },
      {
        "avgVolume": 1099342.84,
        "avgATR": 0.000817,
        "avgReturn": 0.038
      },
      {
        "avgVolume": 463530.51,
        "avgATR": 0.000533,
        "avgReturn": -0.134
      },
      {
        "avgVolume": 788854.67,
        "avgATR": 0.000656,
        "avgReturn": 0.142
      },
      {
        "avgVolume": 631741.55,
        "avgATR": 0.000635,
        "avgReturn": -0.156
      },
      {
        "avgVolume": 506130.9,
        "avgATR": 0.000515,
        "avgReturn": 0.06
      }
    ],
    "favorableHours": [
      4,
      3,
      23,
      5,
      14,
      13
    ],
    "favorableWindow": false,
    "currentVsAvgVolume": 0,
    "currentVsAvgVolatility": 0,
    "anomalyDetected": true,
    "timeUntilFavorable": 5,
    "temporalScore": 0
  },
  "unifiedMicrostructure": {
    "signalDirections": {
      "vpin": "NEUTRAL",
      "sweeps": "NEUTRAL",
      "absorption": "NEUTRAL",
      "arrival": "NEUTRAL",
      "vacuum": "NONE",
      "volRegime": "NEUTRAL",
      "temporal": "UNFAVORABLE"
    },
    "consensusDirection": "BEARISH",
    "consensusStrength": 50,
    "bullishSignals": 0,
    "bearishSignals": 1,
    "neutralSignals": 1,
    "totalAvailableSignals": 2,
    "dominantPattern": "NONE",
    "clusters": {
      "strongBuyCluster": false,
      "distributionPattern": false,
      "accumulationPattern": false,
      "momentumCascade": false
    },
    "adaptiveWeights": {
      "vpin": 0,
      "sweeps": 0,
      "absorption": 0,
      "arrival": 0,
      "vacuum": 0,
      "volRegime": 0.021,
      "temporal": 0.02
    },
    "convictionLevel": "LOW",
    "convictionScore": 30,
    "riskAdjustment": "REDUCE",
    "timingQuality": "UNFAVORABLE",
    "signalQuality": "LOW"
  },
  "deltaAnalysis": {
    "currentDelta": 0,
    "cumulativeDelta": 0,
    "deltaPerVolume": 0,
    "deltaDirection": "NEUTRAL",
    "deltaDivergence": false,
    "institutionalRatio": 0,
    "aggressionScore": 0
  },
  "volumeProfile": {
    "pointOfControl": 0,
    "valueAreaHigh": 0,
    "valueAreaLow": 0,
    "currentPosition": "ABOVE_VALUE_AREA",
    "volumeNodes": [],
    "airPockets": []
  },
  "momentumCascade": {
    "cascadeDetected": false,
    "alignmentScore": 0.0034458101950008008,
    "cascadeStrength": 0,
    "acceleratingTimeframes": [
      "1m",
      "5m"
    ],
    "divergingTimeframes": [
      "15m",
      "1h"
    ]
  },
  "breakoutConfirmation": {
    "breakoutConfirmed": false,
    "volumeConfirmation": false,
    "retestStrength": 0,
    "falseBreakoutRisk": 0,
    "breakoutQuality": "NO_BREAKOUT"
  },
  "liquidityHeatmap": {
    "liquidityScore": 0,
    "magnetDirection": "NONE",
    "magnetStrength": 0,
    "priceTarget5pct": null,
    "message": "No order book data"
  },
  "smartMoneyDivergence": {
    "divergenceDetected": false,
    "divergenceDirection": "NONE",
    "smartMoneyScore": 0.5,
    "message": "Insufficient trade data"
  },
  "microstructure": {
    "raw": 0.00862838399704333,
    "pct": 50,
    "summary": {
      "latestBucketSignedZ": 0,
      "buySellRatio": 0.5,
      "tradesPerSec": 0,
      "vwap": 0,
      "aggressorVWAP": 0,
      "vpinToxicity": "UNKNOWN",
      "sweepDirection": "NEUTRAL",
      "absorptionSide": "NONE",
      "icebergDetected": false,
      "hawkesDirection": "NEUTRAL",
      "cascadeDetected": false,
      "vacuumSide": "NONE",
      "volatilityRegime": "ELEVATED",
      "volExpanding": true,
      "favorableTimeWindow": false,
      "temporalAnomaly": true,
      "consensusDirection": "BEARISH",
      "consensusStrength": 50,
      "dominantPattern": "NONE",
      "convictionLevel": "LOW",
      "riskAdjustment": "REDUCE",
      "timingQuality": "UNFAVORABLE",
      "deltaDirection": "NEUTRAL",
      "deltaDivergence": false,
      "institutionalRatio": 0,
      "volumeProfilePosition": "ABOVE_VALUE_AREA",
      "pointOfControl": 0,
      "momentumCascadeDetected": false,
      "cascadeStrength": 0,
      "breakoutQuality": "NO_BREAKOUT",
      "breakoutConfirmed": false,
      "magnetDirection": "NONE",
      "magnetStrength": 0,
      "priceTarget5pct": null,
      "nearestBidWall": 0,
      "nearestAskWall": 0,
      "divergenceDetected": false,
      "divergenceDirection": "NONE",
      "whaleAccumulation": false,
      "whaleDistribution": false,
      "retailPanic": false,
      "smartMoneyScore": 0.5
    }
  }
}

=== MICROSTRUCTURE ALERTS ===

🔬 VPIN: Insufficient data for VPIN analysis

🌊 SWEEP DETECTION: No significant sweeps detected

🧊 ABSORPTION & ICEBERG: No significant absorption or iceberg orders detected

⚡ ORDER ARRIVAL DYNAMICS: Insufficient trades for analysis

🌪️ LIQUIDITY VACUUM: No significant vacuum detected

📊 VOLATILITY REGIME DETECTION:
   Current Regime: ELEVATED
   Regime Score: 0.50 (-1=low vol, +1=extreme vol)
   Days in Regime: 1
   ATR: $0.003708 (avg: $0.003709)
   ATR Percentile: 60.5%
   Realized Volatility: 142.57% (annualized)
   Vol Percentile: 72.9%

   🟡 ELEVATED VOLATILITY:
   ⚠️ Increased risk - wider stops needed
   ⚠️ Reduce position size
   💡 Good for momentum strategies

   🚀 VOLATILITY EXPANDING:
   💥 Breakout likely imminent!
   📈 Market transitioning to higher vol regime
   ✅ Strong signal when combined with other indicators

   📍 MODERATE REGIME TRANSITION PROBABILITY: 40%
   Monitor for potential regime change

   ⚠️ NEW REGIME: Only 1 day(s) - conditions still settling

⏰ TEMPORAL PATTERN ANALYSIS:
   Current Time: Sunday 8:00 UTC
   Day Bias: NEUTRAL
   Current vs Avg Volume: 0x
   Current vs Avg Volatility: 0x

   ⏳ NON-FAVORABLE TIME WINDOW:
   This hour typically shows weaker activity
   Next favorable window in 5 hour(s)

   ⚠️ LOW ACTIVITY ANOMALY:
   Volume 0x below typical - Extremely quiet

   📉 LOW VOLATILITY ANOMALY:
   Volatility 0x below typical - Consolidation likely

   🔥 Best Trading Hours (UTC): 4:00, 3:00, 23:00

🎯 UNIFIED MICROSTRUCTURE INTEGRATION:
   Signal Consensus: BEARISH (50% agreement)
   Available Signals: 2 (0 bullish / 1 bearish / 1 neutral)
   Conviction Level: LOW (30%)
   Signal Quality: LOW
   Risk Adjustment: REDUCE
   Timing Quality: UNFAVORABLE

   ⚠️ LOW CONVICTION: Only 50% signal agreement
   Weak alignment - Reduce position size or wait for clarity

   ⚠️ RISK REDUCTION RECOMMENDED: Extreme volatility or unfavorable timing detected

   ⏰ UNFAVORABLE TIMING: Avoid trading during this hour

   Signal Directions Breakdown:
   • VPIN: NEUTRAL
   • Sweeps: NEUTRAL
   • Absorption: NEUTRAL
   • Arrival Dynamics: NEUTRAL
   • Liquidity Vacuum: NONE
   • Vol Regime: NEUTRAL
   • Temporal: UNFAVORABLE

   Adaptive Weights (Total: 4.1%):
   • VPIN: 0.0%
   • Sweeps: 0.0%
   • Absorption: 0.0%
   • Arrival: 0.0%
   • Vacuum: 0.0%
   • Vol Regime: 2.1%
   • Temporal: 2.0%


💹 DELTA ANALYSIS (Order Flow Aggression):
   Direction: NEUTRAL
   Delta Per Volume: 0.00%
   Institutional Ratio: 0.0%
   Aggression Score: 0.0%

📊 VOLUME PROFILE (Support/Resistance Strength):
   Point of Control (POC): $0.000000
   Value Area High: $0.000000
   Value Area Low: $0.000000
   Current Position: ABOVE_VALUE_AREA
   ⚠️ DISTRIBUTION RISK: Price above value area - potential rejection zone

⚡ MOMENTUM CASCADE (Multi-Timeframe Alignment):
   Cascade Detected: NO
   Alignment Score: 0.3%
   Cascade Strength: 0.0%
   Accelerating: 1m, 5m
   Diverging: 15m, 1h

💥 BREAKOUT CONFIRMATION:
   Quality: NO_BREAKOUT
   Volume Confirmation: NO
   Retest Strength: 0.0%
   False Breakout Risk: 0.0%
   No breakout detected - price below resistance


levels:
Entry=0.0318636, StopLoss=0.03266019, TakeProfit=0.031751376, 0.03158303999999999, 0.031498872

---

=== Token: STRK (STRK) ===
Contract: STRK-USD
Timestamp: 2025-05-12T13:05:00.000Z

Calculations:
{
  "momentumScore": 53.95174777155006,
  "volumeScore": 10,
  "patternScore": 36.72756399823929,
  "totalScore": 24.986772894668466,
  "finalScore": 0,
  "weights": "0.23,0.45,0.23",
  "hourlyUptrend": false,
  "rsi": 39.99999999999999,
  "ultraShortVolumeSurge": 1.4147047784504647,
  "baseVolumeSurge": 0.010368101872958158,
  "currentPrice": 0.189,
  "resistance": 0.194,
  "support": 0.187,
  "rocMin5": 0,
  "shortROC": 0,
  "priceAcceleration": 0.000006961849067112398,
  "buySellRatio": 0.21509377749058403,
  "macdHistogram": -0.0009319647627648506,
  "stochasticK": 42.857142857142854,
  "atr": 0.0010000000000000009,
  "bbUpper": 0.19484707681233426,
  "bbLower": 0.18715292318766574,
  "hammerDetected": true,
  "engulfingDetected": false,
  "compressionSpring": {
    "detected": true,
    "confidence": 54,
    "signals": {
      "sidewaysPrice": true,
      "atrCompression": true,
      "bbSqueeze": true,
      "consolidationTime": true,
      "strongBuying": false,
      "obvPositive": false,
      "chaikinPositive": false,
      "rsiNeutral": false,
      "volumeBuilding": false
    },
    "metrics": {
      "priceRange": 3.74,
      "atrRatio": 0.452,
      "bbWidth": 4.03,
      "volumeRatio": 0.592,
      "signalCount": 4,
      "buySellRatio": 0.215
    }
  },
  "riskTier": "LOW",
  "atrPercent": 0.9070294784580506,
  "distanceToResistance": 2.645502645502648,
  "slPercent": 2.5,
  "tpPercent": 2.2486772486772506,
  "trailingActivation": 1.3492063492063504,
  "shortMomentumScore": 50,
  "overboughtScore": 0,
  "shortPatternScore": 0,
  "shootingStarDetected": false,
  "bearishEngulfingDetected": false,
  "eveningStarDetected": false,
  "bearishPatternsCount": 0,
  "shortTotalScore": 20,
  "chaikin": 0.12393834358749523,
  "obvIncreasing": false,
  "obvTrend": "declining",
  "adx": 28.571428571428577,
  "recentCandles": {
    "redCount": 2,
    "greenCount": 8
  },
  "resistanceDistance": 2.645502645502648,
  "multiplePatterns": false,
  "bullishPattern": true,
  "priceAboveVWAP": true,
  "breakingResistance": false,
  "atrSufficient": false,
  "macdDivergenceBearish": true,
  "rvolMin1": -0.09420114739757036,
  "rvolMin5": -0.23767287253051655,
  "atrPercentileOld": 0.3048780487804878,
  "vwapDeviation": 3.786830857963768,
  "bbWidthPercent": 4.028352683072524,
  "bbSqueeze": false,
  "multiTFMomentum": {
    "min1": {
      "roc1": -0.005263157894736846,
      "roc3": 0
    },
    "min5": {
      "roc1": 0,
      "roc3": 0
    },
    "min15": {
      "roc1": 0,
      "roc3": 0.005291005291005296
    },
    "hourly": {
      "roc1": 0,
      "roc3": -0.015544041450777216
    },
    "fourHour": {
      "roc1": -0.010416666666666676,
      "roc3": 0.049723756906077395
    },
    "divergenceShortUpLongDown": false
  },
  "returnZMin5": -0.0791058398997103,
  "wickClosePct": 1,
  "wickUpper": 0,
  "wickLower": 0.0010000000000000009,
  "wickRatio": 1,
  "donchianBreakout15": false,
  "bbWidthPercentile15": 0.5324675324675324,
  "signedMin5": 469103.05,
  "signedMin5Z": 25.950376015027043,
  "signedMin1": 101279.90999999997,
  "signedMin1Z": 7.207592738846065,
  "streakMin1": {
    "upStreak": 0,
    "downStreak": 1
  },
  "streakMin5": {
    "upStreak": 0,
    "downStreak": 0
  },
  "rvolPercentileMin1": 0.8041666666666667,
  "rvolPercentileMin5": 0.625,
  "perTfMetrics": {
    "min1": {
      "sma20": 0.1885,
      "sma50": 0.19049999999999997,
      "ema20": 0.18907762867458744,
      "ema50": 0.1899174387834916,
      "vwma20": 0.1886793697116514,
      "hma21": 0.18847186147186146,
      "atr14": 0.0007142857142857149,
      "atrPercentile": 0.5931520644511581,
      "rvolZ": -0.09420114739757036,
      "rvolPercentile": 0.8041666666666667,
      "mfi14": 44.981402906741444,
      "ppo": {
        "ppo": -0.17180530727099474,
        "signal": -0.332810401855691,
        "histogram": 0.16100509458469625
      },
      "stochRsi": {
        "k": 83.66013071895424,
        "d": 60.18518518518519
      },
      "vprofile": {
        "vpBins": [
          0.00035259415585157136,
          0.004669531483202276,
          0.054299912874860794,
          0.19727354886746976,
          0.04101809036944819,
          0.07773056669289731,
          0.06368747532640302,
          0.02473984124214903,
          0.005435965658042525,
          0,
          0.03021108564178057,
          0.08534242077172947,
          0.06914229262275481,
          0.013605199257248964,
          0.014806468518906015,
          0.1729848468317564,
          0.047145382323698956,
          0.09694043883732653,
          0,
          0.0006143385244736607
        ],
        "currentBinShare": 0.06914229262275481
      },
      "ttm": {
        "squeeze": false,
        "release": false,
        "widthPct": 1.8377196897282608
      }
    },
    "min5": {
      "sma20": 0.18975,
      "sma50": 0.19123999999999997,
      "ema20": 0.18966465163565832,
      "ema50": 0.18978410154471895,
      "vwma20": 0.1894521119579023,
      "hma21": 0.18700432900432903,
      "atr14": 0.0010000000000000009,
      "atrPercentile": 0.2956204379562044,
      "rvolZ": -0.23767287253051655,
      "rvolPercentile": 0.625,
      "mfi14": 27.582993722665833,
      "ppo": {
        "ppo": -0.37360960023326784,
        "signal": -0.3863337509964126,
        "histogram": 0.01272415076314476
      },
      "stochRsi": {
        "k": 59.99999999999998,
        "d": 43.63636363636363
      },
      "vprofile": {
        "vpBins": [
          0.016826028319678367,
          0.02550081379279962,
          0.0870972508708771,
          0.08591915110771778,
          0.026586925799002237,
          0.14390541459486988,
          0.17526040411099642,
          0.07483745664784204,
          0.03608408525540695,
          0.03432402480770462,
          0.014275951913687142,
          0.027670713923012975,
          0.030230072294256935,
          0.04242920143703811,
          0.00981256090696293,
          0.00811387988462404,
          0.02837767595938627,
          0.08038385361589377,
          0.03425493678479812,
          0.018109597973444518
        ],
        "currentBinShare": 0.04242920143703811
      },
      "ttm": {
        "squeeze": false,
        "release": false,
        "widthPct": 3.5821123516134734
      }
    },
    "min15": {
      "sma20": 0.191,
      "sma50": 0.18663999999999997,
      "ema20": 0.18963968683105148,
      "ema50": 0.18730426025747393,
      "vwma20": 0.19169171787331424,
      "hma21": 0.18955411255411256,
      "atr14": 0.0017142857142857157,
      "atrPercentile": 0.3048780487804878,
      "rvolZ": -0.0486430632256519,
      "rvolPercentile": 0.6666666666666666,
      "mfi14": 11.632583744417744,
      "ppo": {
        "ppo": 0.36757094106261906,
        "signal": 0.6440474270368962,
        "histogram": -0.27647648597427715
      },
      "stochRsi": {
        "k": 19.587628865979386,
        "d": 32.32323232323232
      },
      "vprofile": {
        "vpBins": [
          0,
          0.027559167568323006,
          0.10135622287518599,
          0.05697017076588964,
          0.08148185422420082,
          0.13592061902032304,
          0.14581718721658776,
          0.10154221092857055,
          0.020098285916950828,
          0.04047511477174644,
          0.004075172005108266,
          0.013152825956094696,
          0.02910802222086858,
          0.03411723164465263,
          0.03618517505171409,
          0.019053992107346464,
          0.07212831935219911,
          0.040416776763472405,
          0.04054165161076579,
          0
        ],
        "currentBinShare": 0.03618517505171409
      },
      "ttm": {
        "squeeze": false,
        "release": false,
        "widthPct": 4.028352683072524
      }
    },
    "hourly": {
      "sma20": 0.18510000000000001,
      "sma50": 0.18331999999999998,
      "ema20": 0.18628470582424925,
      "ema50": 0.18152166650491913,
      "vwma20": 0.18614863490196573,
      "hma21": 0.19114285714285711,
      "atr14": 0.004714285714285719,
      "atrPercentile": 0.9503105590062112,
      "rvolZ": -0.5374276468289689,
      "rvolPercentile": 0.36607142857142855,
      "mfi14": 67.89369824804906,
      "ppo": {
        "ppo": 1.401203463180661,
        "signal": 1.095478218904848,
        "histogram": 0.30572524427581294
      },
      "stochRsi": {
        "k": 75.33003300330034,
        "d": 61.46146146146146
      },
      "vprofile": {
        "vpBins": [
          0.12246161428523264,
          0.2769487486704353,
          0.26997414713593315,
          0.04567993312268109,
          0.08598136483392568,
          0.0010916425060631535,
          0.005566729440908097,
          0.0015153337033859792,
          0.00894518526052754,
          0.005862465337784741,
          0.0008921276189972498,
          0.011505567509156095,
          0.01749839322965684,
          0.04306233428360054,
          0.030347214239832963,
          0.016660507130965202,
          0.02276535185538297,
          0.01298961522873995,
          0.018056456050375307,
          0.0021952685564154274
        ],
        "currentBinShare": 0.018056456050375307
      },
      "ttm": {
        "squeeze": false,
        "release": false,
        "widthPct": 9.466535327416342
      }
    },
    "fourHour": {
      "sma20": 0.17925000000000002,
      "sma50": 0.15202,
      "ema20": 0.17622135210618467,
      "ema50": 0.1615039561875458,
      "vwma20": 0.17794974243302317,
      "hma21": 0.18935064935064932,
      "atr14": 0.008285714285714294,
      "atrPercentile": 0.9,
      "rvolZ": -0.8397032950676857,
      "rvolPercentile": 0.20238095238095238,
      "mfi14": 61.00176586089173,
      "ppo": {
        "ppo": 5.7772066645477675,
        "signal": 6.227219381049732,
        "histogram": -0.4500127165019645
      },
      "stochRsi": {
        "k": 19.841269841269845,
        "d": 68.72797744890768
      },
      "vprofile": {
        "vpBins": [
          0.07649275180017218,
          0.1690694354947888,
          0.25915493428923864,
          0.04467843222873642,
          0.08833101483227507,
          0.08417510604443997,
          0.14432559774927428,
          0.008835000107613131,
          0.0011558248754670133,
          0.00565731628127935,
          0,
          0.0070858143265582285,
          0,
          0.04182312412844191,
          0.011956688837194793,
          0.02164788277250103,
          0.021380733925055233,
          0.006657247181680142,
          0.007573095125283955,
          0
        ],
        "currentBinShare": 0.007573095125283955
      },
      "ttm": {
        "squeeze": false,
        "release": false,
        "widthPct": 14.749572180086231
      }
    },
    "daily": {
      "sma20": 0.15130000000000005,
      "sma50": 0.14435999999999996,
      "ema20": 0.15335535394659727,
      "ema50": 0.15376648825911432,
      "vwma20": 0,
      "hma21": 0.15304761904761904,
      "atr14": 0.015214285714285717,
      "atrPercentile": 0.6710526315789473,
      "rvolZ": 0,
      "rvolPercentile": 1,
      "mfi14": 50,
      "ppo": {
        "ppo": 5.4745420364441415,
        "signal": 1.8771039229654798,
        "histogram": 3.5974381134786615
      },
      "stochRsi": {
        "k": 84.91205859745897,
        "d": 65.36997173776156
      },
      "vprofile": {
        "vpBins": [
          0,
          0,
          0,
          0,
          0,
          0,
          0,
          0,
          0,
          0,
          0,
          0,
          0,
          0,
          0,
          0,
          0,
          0,
          0,
          0
        ],
        "currentBinShare": 0
      },
      "ttm": {
        "squeeze": false,
        "release": false,
        "widthPct": 46.503777945475605
      }
    }
  },
  "smaMin5": 0.18975,
  "emaMin5": 0.18966465163565832,
  "vwmaMin5": 0.1894521119579023,
  "hmaMin5": 0.18700432900432903,
  "keltner15": {
    "upper": 0.19218968683105148,
    "middle": 0.18963968683105148,
    "lower": 0.18708968683105148
  },
  "superTrend15": {
    "isBull": true,
    "finalUpper": 0.1941,
    "finalLower": 0.1839
  },
  "mfi15": 11.632583744417744,
  "stochRsi15": {
    "k": 19.587628865979386,
    "d": 32.32323232323232
  },
  "ppo15": {
    "ppo": 0.36757094106261906,
    "signal": 0.6440474270368962,
    "histogram": -0.27647648597427715
  },
  "vpMin15": {
    "vpBins": [
      0,
      0.027559167568323006,
      0.10135622287518599,
      0.05697017076588964,
      0.08148185422420082,
      0.13592061902032304,
      0.14581718721658776,
      0.10154221092857055,
      0.020098285916950828,
      0.04047511477174644,
      0.004075172005108266,
      0.013152825956094696,
      0.02910802222086858,
      0.03411723164465263,
      0.03618517505171409,
      0.019053992107346464,
      0.07212831935219911,
      0.040416776763472405,
      0.04054165161076579,
      0
    ],
    "currentBinShare": 0.03618517505171409
  },
  "ttm15": {
    "squeeze": false,
    "release": false,
    "widthPct": 4.028352683072524
  },
  "marketCorrelation": {
    "hourly": {
      "btcCorrelation": 0,
      "ethCorrelation": 0,
      "btcBeta": 1,
      "ethBeta": 1,
      "btcTrend": "UNKNOWN",
      "ethTrend": "UNKNOWN",
      "tokenVol": 0,
      "btcVol": 0,
      "ethVol": 0,
      "marketDependence": 0,
      "verdict": "INSUFFICIENT_DATA"
    },
    "min15": {
      "btcCorrelation": 0,
      "ethCorrelation": 0,
      "btcBeta": 1,
      "ethBeta": 1,
      "btcTrend": "UNKNOWN",
      "ethTrend": "UNKNOWN",
      "tokenVol": 0,
      "btcVol": 0,
      "ethVol": 0,
      "marketDependence": 0,
      "verdict": "INSUFFICIENT_DATA"
    },
    "daily": {
      "btcCorrelation": 0,
      "ethCorrelation": 0,
      "btcBeta": 1,
      "ethBeta": 1,
      "btcTrend": "UNKNOWN",
      "ethTrend": "UNKNOWN",
      "tokenVol": 0,
      "btcVol": 0,
      "ethVol": 0,
      "marketDependence": 0,
      "verdict": "INSUFFICIENT_DATA"
    }
  },
  "tradeTape": {
    "totalTrades": 0,
    "totalVolume": 0,
    "buysVolume": 0,
    "sellsVolume": 0,
    "buySellRatio": 0.5,
    "vwap": 0,
    "signedVolume": 0,
    "avgTradeSize": 0,
    "tradesPerSec": 0,
    "cumulativeDelta": 0,
    "tradesLast1m": 0,
    "tradesLast5m": 0,
    "tradesLast15m": 0,
    "tradesLast1h": 0,
    "buyVWAP": 0,
    "sellVWAP": 0,
    "aggressorVWAP": 0,
    "bucketDurationMs": 60000,
    "bucketCount": 15,
    "bucketSignedVolumes": [],
    "bucketVolumes": [],
    "bucketVWAPs": [],
    "latestBucketSignedZ": 0
  },
  "enhancedMetrics": {
    "relativeVolumeZScore": -1,
    "volumePercentile": 40,
    "atrPercentile": 14.5985401459854,
    "volatilityPercentile": 80.37974683544303,
    "relativeVolatilityRatio": 1.0637464406196988,
    "isHighVolume": false,
    "isHighVolatility": true,
    "isLowVolatility": false,
    "isExpandingVolatility": false,
    "isContractingVolatility": false
  },
  "orderBook": {
    "bidAskSpread": 0,
    "spreadPct": 0,
    "midPrice": 0,
    "bestBid": 0,
    "bestAsk": 0,
    "bidDepth": 0,
    "askDepth": 0,
    "orderBookImbalance": 0,
    "liquidityScore": 0,
    "depthAt1Pct": {
      "bidVolume": 0,
      "askVolume": 0,
      "imbalance": 0
    },
    "depthAt2Pct": {
      "bidVolume": 0,
      "askVolume": 0,
      "imbalance": 0
    },
    "depthAt5Pct": {
      "bidVolume": 0,
      "askVolume": 0,
      "imbalance": 0
    },
    "weightedMidPrice": 0,
    "volumeWeightedSpread": 0,
    "totalBidLevels": 0,
    "totalAskLevels": 0
  },
  "marketCap": {
    "marketCap": 0,
    "totalVolume24h": 0,
    "volumeToMarketCapRatio": 0,
    "marketCapRank": 0,
    "normalizedRank": 0,
    "isHighLiquidity": false,
    "isVeryHighLiquidity": false,
    "isLowLiquidity": true,
    "liquidityTier": "VERY_LOW"
  },
  "sweeps": {
    "sweepScore": 0,
    "sweepCount": 0,
    "sweepDirection": "NEUTRAL",
    "buySweeps": 0,
    "sellSweeps": 0,
    "avgSweepSize": 0,
    "avgSweepIntensity": 0,
    "bidLiftRatio": 0,
    "askLiftRatio": 0,
    "sweepFrequency": 0,
    "largestSweep": null,
    "recentSweepClusters": 0,
    "sweepDetails": []
  },
  "absorption": {
    "absorptionScore": 0,
    "absorptionLevel": null,
    "absorptionSide": "NONE",
    "icebergProbability": 0,
    "hiddenLiquidityEstimate": 0,
    "volumeAtPrice": {},
    "topAbsorptionLevels": [],
    "persistenceDuration": 0,
    "refillDetected": false
  },
  "orderArrival": {
    "avgInterArrivalTime": 0,
    "recentInterArrivalTime": 0,
    "accelerationRatio": 1,
    "hawkesIntensity": 0,
    "hawkesDirection": "NEUTRAL",
    "clusteringScore": 0,
    "burstCount": 0,
    "cascadeDetected": false,
    "timeToNextTrade": 0,
    "accelerationTrend": "STABLE"
  },
  "liquidityVacuum": {
    "vacuumScore": 0,
    "vacuumSide": "NONE",
    "bidVacuumSeverity": 0,
    "askVacuumSeverity": 0,
    "depthConcentration": 0,
    "priceImpact10k": 0,
    "priceImpact50k": 0,
    "priceImpact100k": 0,
    "largestGapBid": 0,
    "largestGapAsk": 0,
    "avgGapBid": 0,
    "avgGapAsk": 0,
    "bidCliffDistance": 0,
    "askCliffDistance": 0
  },
  "volatilityRegime": {
    "regime": "ELEVATED",
    "regimeScore": 0.5,
    "currentATR": 0.014385,
    "avgATR": 0.011079,
    "atrPercentile": 64.5,
    "realizedVolatility": 88.81,
    "volPercentile": 66.1,
    "expanding": false,
    "contracting": false,
    "transitionProbability": 0,
    "daysInRegime": 2,
    "regimeStrength": 0.53
  },
  "temporalPatterns": {
    "currentHour": 8,
    "currentDay": 0,
    "currentDayName": "Sunday",
    "dayBias": "NEUTRAL",
    "hourlyProfile": [
      {
        "avgVolume": 319819.8,
        "avgATR": 0.003286,
        "avgReturn": 0.35
      },
      {
        "avgVolume": 345989.95,
        "avgATR": 0.002571,
        "avgReturn": -0.121
      },
      {
        "avgVolume": 375208.69,
        "avgATR": 0.002714,
        "avgReturn": 0.689
      },
      {
        "avgVolume": 253404.08,
        "avgATR": 0.002286,
        "avgReturn": -0.116
      },
      {
        "avgVolume": 222039.68,
        "avgATR": 0.002143,
        "avgReturn": 0.034
      },
      {
        "avgVolume": 208459.6,
        "avgATR": 0.002429,
        "avgReturn": 0.105
      },
      {
        "avgVolume": 137332.32,
        "avgATR": 0.001857,
        "avgReturn": 0.087
      },
      {
        "avgVolume": 170426.16,
        "avgATR": 0.002929,
        "avgReturn": 0.311
      },
      {
        "avgVolume": 322186.21,
        "avgATR": 0.003286,
        "avgReturn": 0.489
      },
      {
        "avgVolume": 204628.34,
        "avgATR": 0.002286,
        "avgReturn": -0.133
      },
      {
        "avgVolume": 198995.96,
        "avgATR": 0.002357,
        "avgReturn": -0.222
      },
      {
        "avgVolume": 277280.07,
        "avgATR": 0.002786,
        "avgReturn": -0.252
      },
      {
        "avgVolume": 325637.33,
        "avgATR": 0.0025,
        "avgReturn": 0.406
      },
      {
        "avgVolume": 472972.67,
        "avgATR": 0.002929,
        "avgReturn": -1.144
      },
      {
        "avgVolume": 310728,
        "avgATR": 0.002769,
        "avgReturn": 0.502
      },
      {
        "avgVolume": 276331.93,
        "avgATR": 0.002643,
        "avgReturn": -0.282
      },
      {
        "avgVolume": 369237.49,
        "avgATR": 0.002857,
        "avgReturn": -0.127
      },
      {
        "avgVolume": 394388.4,
        "avgATR": 0.002714,
        "avgReturn": 0.505
      },
      {
        "avgVolume": 392919.33,
        "avgATR": 0.002,
        "avgReturn": 0.225
      },
      {
        "avgVolume": 303577.68,
        "avgATR": 0.002429,
        "avgReturn": -0.127
      },
      {
        "avgVolume": 283632.36,
        "avgATR": 0.002571,
        "avgReturn": -0.025
      },
      {
        "avgVolume": 244099.59,
        "avgATR": 0.002357,
        "avgReturn": 0.423
      },
      {
        "avgVolume": 348108.73,
        "avgATR": 0.002214,
        "avgReturn": 0.256
      },
      {
        "avgVolume": 168148.88,
        "avgATR": 0.001786,
        "avgReturn": 0.116
      }
    ],
    "dailyProfile": [
      {
        "avgVolume": 335464.05,
        "avgATR": 0.002958,
        "avgReturn": -0.109
      },
      {
        "avgVolume": 253964.73,
        "avgATR": 0.002809,
        "avgReturn": 0.122
      },
      {
        "avgVolume": 314702.7,
        "avgATR": 0.001917,
        "avgReturn": -0.049
      },
      {
        "avgVolume": 325059.01,
        "avgATR": 0.001875,
        "avgReturn": -0.042
      },
      {
        "avgVolume": 265302.43,
        "avgATR": 0.002313,
        "avgReturn": 0.32
      },
      {
        "avgVolume": 293192.21,
        "avgATR": 0.003229,
        "avgReturn": 0.28
      },
      {
        "avgVolume": 231085.33,
        "avgATR": 0.002604,
        "avgReturn": 0.039
      }
    ],
    "favorableHours": [
      13,
      17,
      18,
      2,
      16,
      22
    ],
    "favorableWindow": false,
    "currentVsAvgVolume": 0,
    "currentVsAvgVolatility": 0,
    "anomalyDetected": true,
    "timeUntilFavorable": 5,
    "temporalScore": 0
  },
  "unifiedMicrostructure": {
    "signalDirections": {
      "vpin": "NEUTRAL",
      "sweeps": "NEUTRAL",
      "absorption": "NEUTRAL",
      "arrival": "NEUTRAL",
      "vacuum": "NONE",
      "volRegime": "NEUTRAL",
      "temporal": "UNFAVORABLE"
    },
    "consensusDirection": "BEARISH",
    "consensusStrength": 50,
    "bullishSignals": 0,
    "bearishSignals": 1,
    "neutralSignals": 1,
    "totalAvailableSignals": 2,
    "dominantPattern": "NONE",
    "clusters": {
      "strongBuyCluster": false,
      "distributionPattern": false,
      "accumulationPattern": false,
      "momentumCascade": false
    },
    "adaptiveWeights": {
      "vpin": 0,
      "sweeps": 0,
      "absorption": 0,
      "arrival": 0,
      "vacuum": 0,
      "volRegime": 0.021,
      "temporal": 0.02
    },
    "convictionLevel": "LOW",
    "convictionScore": 30,
    "riskAdjustment": "REDUCE",
    "timingQuality": "UNFAVORABLE",
    "signalQuality": "LOW"
  },
  "deltaAnalysis": {
    "currentDelta": 0,
    "cumulativeDelta": 0,
    "deltaPerVolume": 0,
    "deltaDirection": "NEUTRAL",
    "deltaDivergence": false,
    "institutionalRatio": 0,
    "aggressionScore": 0
  },
  "volumeProfile": {
    "pointOfControl": 0,
    "valueAreaHigh": 0,
    "valueAreaLow": 0,
    "currentPosition": "ABOVE_VALUE_AREA",
    "volumeNodes": [],
    "airPockets": []
  },
  "momentumCascade": {
    "cascadeDetected": false,
    "alignmentScore": 0.001713662289783997,
    "cascadeStrength": 0,
    "acceleratingTimeframes": [],
    "divergingTimeframes": [
      "1m",
      "5m",
      "15m",
      "1h"
    ]
  },
  "breakoutConfirmation": {
    "breakoutConfirmed": false,
    "volumeConfirmation": false,
    "retestStrength": 0,
    "falseBreakoutRisk": 0,
    "breakoutQuality": "NO_BREAKOUT"
  },
  "liquidityHeatmap": {
    "liquidityScore": 0,
    "magnetDirection": "NONE",
    "magnetStrength": 0,
    "priceTarget5pct": null,
    "message": "No order book data"
  },
  "smartMoneyDivergence": {
    "divergenceDetected": false,
    "divergenceDirection": "NONE",
    "smartMoneyScore": 0.5,
    "message": "Insufficient trade data"
  },
  "microstructure": {
    "raw": 0.008392774646585973,
    "pct": 50,
    "summary": {
      "latestBucketSignedZ": 0,
      "buySellRatio": 0.5,
      "tradesPerSec": 0,
      "vwap": 0,
      "aggressorVWAP": 0,
      "vpinToxicity": "UNKNOWN",
      "sweepDirection": "NEUTRAL",
      "absorptionSide": "NONE",
      "icebergDetected": false,
      "hawkesDirection": "NEUTRAL",
      "cascadeDetected": false,
      "vacuumSide": "NONE",
      "volatilityRegime": "ELEVATED",
      "volExpanding": false,
      "favorableTimeWindow": false,
      "temporalAnomaly": true,
      "consensusDirection": "BEARISH",
      "consensusStrength": 50,
      "dominantPattern": "NONE",
      "convictionLevel": "LOW",
      "riskAdjustment": "REDUCE",
      "timingQuality": "UNFAVORABLE",
      "deltaDirection": "NEUTRAL",
      "deltaDivergence": false,
      "institutionalRatio": 0,
      "volumeProfilePosition": "ABOVE_VALUE_AREA",
      "pointOfControl": 0,
      "momentumCascadeDetected": false,
      "cascadeStrength": 0,
      "breakoutQuality": "NO_BREAKOUT",
      "breakoutConfirmed": false,
      "magnetDirection": "NONE",
      "magnetStrength": 0,
      "priceTarget5pct": null,
      "nearestBidWall": 0,
      "nearestAskWall": 0,
      "divergenceDetected": false,
      "divergenceDirection": "NONE",
      "whaleAccumulation": false,
      "whaleDistribution": false,
      "retailPanic": false,
      "smartMoneyScore": 0.5
    }
  }
}

=== MICROSTRUCTURE ALERTS ===

🔬 VPIN: Insufficient data for VPIN analysis

🌊 SWEEP DETECTION: No significant sweeps detected

🧊 ABSORPTION & ICEBERG: No significant absorption or iceberg orders detected

⚡ ORDER ARRIVAL DYNAMICS: Insufficient trades for analysis

🌪️ LIQUIDITY VACUUM: No significant vacuum detected

📊 VOLATILITY REGIME DETECTION:
   Current Regime: ELEVATED
   Regime Score: 0.50 (-1=low vol, +1=extreme vol)
   Days in Regime: 2
   ATR: $0.014385 (avg: $0.011079)
   ATR Percentile: 64.5%
   Realized Volatility: 88.81% (annualized)
   Vol Percentile: 66.1%

   🟡 ELEVATED VOLATILITY:
   ⚠️ Increased risk - wider stops needed
   ⚠️ Reduce position size
   💡 Good for momentum strategies

   ⚠️ NEW REGIME: Only 2 day(s) - conditions still settling

⏰ TEMPORAL PATTERN ANALYSIS:
   Current Time: Sunday 8:00 UTC
   Day Bias: NEUTRAL
   Current vs Avg Volume: 0x
   Current vs Avg Volatility: 0x

   ⏳ NON-FAVORABLE TIME WINDOW:
   This hour typically shows weaker activity
   Next favorable window in 5 hour(s)

   ⚠️ LOW ACTIVITY ANOMALY:
   Volume 0x below typical - Extremely quiet

   📉 LOW VOLATILITY ANOMALY:
   Volatility 0x below typical - Consolidation likely

   🔥 Best Trading Hours (UTC): 13:00, 17:00, 18:00

🎯 UNIFIED MICROSTRUCTURE INTEGRATION:
   Signal Consensus: BEARISH (50% agreement)
   Available Signals: 2 (0 bullish / 1 bearish / 1 neutral)
   Conviction Level: LOW (30%)
   Signal Quality: LOW
   Risk Adjustment: REDUCE
   Timing Quality: UNFAVORABLE

   ⚠️ LOW CONVICTION: Only 50% signal agreement
   Weak alignment - Reduce position size or wait for clarity

   ⚠️ RISK REDUCTION RECOMMENDED: Extreme volatility or unfavorable timing detected

   ⏰ UNFAVORABLE TIMING: Avoid trading during this hour

   Signal Directions Breakdown:
   • VPIN: NEUTRAL
   • Sweeps: NEUTRAL
   • Absorption: NEUTRAL
   • Arrival Dynamics: NEUTRAL
   • Liquidity Vacuum: NONE
   • Vol Regime: NEUTRAL
   • Temporal: UNFAVORABLE

   Adaptive Weights (Total: 4.1%):
   • VPIN: 0.0%
   • Sweeps: 0.0%
   • Absorption: 0.0%
   • Arrival: 0.0%
   • Vacuum: 0.0%
   • Vol Regime: 2.1%
   • Temporal: 2.0%


💹 DELTA ANALYSIS (Order Flow Aggression):
   Direction: NEUTRAL
   Delta Per Volume: 0.00%
   Institutional Ratio: 0.0%
   Aggression Score: 0.0%

📊 VOLUME PROFILE (Support/Resistance Strength):
   Point of Control (POC): $0.000000
   Value Area High: $0.000000
   Value Area Low: $0.000000
   Current Position: ABOVE_VALUE_AREA
   ⚠️ DISTRIBUTION RISK: Price above value area - potential rejection zone

⚡ MOMENTUM CASCADE (Multi-Timeframe Alignment):
   Cascade Detected: NO
   Alignment Score: 0.2%
   Cascade Strength: 0.0%
   Accelerating: None
   Diverging: 1m, 5m, 15m, 1h

💥 BREAKOUT CONFIRMATION:
   Quality: NO_BREAKOUT
   Volume Confirmation: NO
   Retest Strength: 0.0%
   False Breakout Risk: 0.0%
   No breakout detected - price below resistance


levels:
Entry=0.188622, StopLoss=0.18390645, TakeProfit=0.19074275000000002, 0.19286350000000002, 0.1945601

---

=== Token: NEON (NEON) ===
Contract: NEON-USD
Timestamp: 2025-05-12T13:05:00.000Z

Calculations:
{
  "momentumScore": 62.1258423160303,
  "volumeScore": 15,
  "patternScore": 35,
  "totalScore": 28.518536733062838,
  "finalScore": 0,
  "weights": "0.23,0.45,0.23",
  "hourlyUptrend": true,
  "rsi": 47.84394250513329,
  "ultraShortVolumeSurge": 3.9590475058708448,
  "baseVolumeSurge": 0.038101589306672234,
  "currentPrice": 0.12663,
  "resistance": 0.12847,
  "support": 0.126,
  "rocMin5": -0.001576913979342472,
  "shortROC": -0.001261929174225264,
  "priceAcceleration": -0.00039224340560883853,
  "buySellRatio": 0.2707163657193013,
  "macdHistogram": -0.00013179985615845754,
  "stochasticK": 25.50607287449359,
  "atr": 0.0005657142857142825,
  "bbUpper": 0.1284864969172904,
  "bbLower": 0.12516150308270965,
  "hammerDetected": false,
  "engulfingDetected": false,
  "compressionSpring": {
    "detected": true,
    "confidence": 66,
    "signals": {
      "sidewaysPrice": true,
      "atrCompression": true,
      "bbSqueeze": true,
      "consolidationTime": true,
      "strongBuying": false,
      "obvPositive": false,
      "chaikinPositive": false,
      "rsiNeutral": true,
      "volumeBuilding": false
    },
    "metrics": {
      "priceRange": 1.96,
      "atrRatio": 0.403,
      "bbWidth": 2.62,
      "volumeRatio": 5.194,
      "signalCount": 5,
      "buySellRatio": 0.271
    }
  },
  "riskTier": "LOW",
  "atrPercent": 0.5375616249816635,
  "distanceToResistance": 1.4530521993208627,
  "slPercent": 2.5,
  "tpPercent": 1.2350943694227332,
  "trailingActivation": 0.74105662165364,
  "shortMomentumScore": 40,
  "overboughtScore": 0,
  "shortPatternScore": 25,
  "shootingStarDetected": true,
  "bearishEngulfingDetected": false,
  "eveningStarDetected": false,
  "bearishPatternsCount": 1,
  "shortTotalScore": 22.25,
  "chaikin": -0.05971376269343625,
  "obvIncreasing": true,
  "obvTrend": "increasing",
  "adx": 5.351170568561227,
  "recentCandles": {
    "redCount": 4,
    "greenCount": 6
  },
  "resistanceDistance": 1.4530521993208627,
  "multiplePatterns": false,
  "bullishPattern": false,
  "priceAboveVWAP": false,
  "breakingResistance": false,
  "atrSufficient": false,
  "macdDivergenceBearish": true,
  "rvolMin1": 0.10766385401114378,
  "rvolMin5": 0.06091530885163904,
  "atrPercentileOld": 0.43902439024390244,
  "vwapDeviation": -0.09453246222388474,
  "bbWidthPercent": 2.621738657179032,
  "bbSqueeze": true,
  "multiTFMomentum": {
    "min1": {
      "roc1": 0.00007897646501328577,
      "roc3": -0.0028348688873139558
    },
    "min5": {
      "roc1": -0.001261929174225264,
      "roc3": -0.004794089908833696
    },
    "min15": {
      "roc1": -0.0005524861878454183,
      "roc3": 0.00015796540557611757
    },
    "hourly": {
      "roc1": 0.0014206787687449543,
      "roc3": -0.007354091691441062
    },
    "fourHour": {
      "roc1": -0.0011021886317115512,
      "roc3": -0.009291793550402098
    },
    "divergenceShortUpLongDown": true
  },
  "returnZMin5": -0.2943203719610054,
  "wickClosePct": 0.19999999999966694,
  "wickUpper": 0.00004000000000001225,
  "wickLower": 0,
  "wickRatio": 4.000000000008327,
  "donchianBreakout15": false,
  "bbWidthPercentile15": 0.5194805194805194,
  "signedMin5": 172164.32,
  "signedMin5Z": 8.810290089287763,
  "signedMin1": 25252.239999999987,
  "signedMin1Z": 1.8528391460129217,
  "streakMin1": {
    "upStreak": 0,
    "downStreak": 4
  },
  "streakMin5": {
    "upStreak": 1,
    "downStreak": 0
  },
  "rvolPercentileMin1": 0.8243055555555555,
  "rvolPercentileMin5": 0.7673611111111112,
  "perTfMetrics": {
    "min1": {
      "sma20": 0.127116,
      "sma50": 0.1263534,
      "ema20": 0.12692146707549257,
      "ema50": 0.12663001704336976,
      "vwma20": 0.12705365230922594,
      "hma21": 0.12667796536796536,
      "atr14": 0.0004750000000000012,
      "atrPercentile": 0.29411764705882354,
      "rvolZ": 0.10766385401114378,
      "rvolPercentile": 0.8243055555555555,
      "mfi14": 27.99660077257292,
      "ppo": {
        "ppo": 0.047624203059047444,
        "signal": 0.14411258733437146,
        "histogram": -0.09648838427532402
      },
      "stochRsi": {
        "k": 10.12229498324862,
        "d": 41.640825791343566
      },
      "vprofile": {
        "vpBins": [
          0.005309397030158775,
          0.0002923342777820373,
          0.025937819139161624,
          0.036898074423779355,
          0.01794448813484708,
          0.020766905862522573,
          0.13281059161122805,
          0.1799303514573442,
          0.06788360860487566,
          0.04568331718061947,
          0.16144701069741546,
          0.024693445873211064,
          0.0593040043194337,
          0.05186543100496151,
          0.03992194614859922,
          0.062210152158148194,
          0.06523712161269475,
          0.0016651566842360078,
          0.0001988437789812294,
          0
        ],
        "currentBinShare": 0.04568331718061947
      },
      "ttm": {
        "squeeze": false,
        "release": false,
        "widthPct": 1.6812621910129124
      }
    },
    "min5": {
      "sma20": 0.12706800000000001,
      "sma50": 0.12634979999999996,
      "ema20": 0.12683195308929804,
      "ema50": 0.12656372780634811,
      "vwma20": 0.1270146239409198,
      "hma21": 0.12692748917748914,
      "atr14": 0.0005657142857142825,
      "atrPercentile": 0.2773722627737226,
      "rvolZ": 0.06091530885163904,
      "rvolPercentile": 0.7673611111111112,
      "mfi14": 33.12968515993671,
      "ppo": {
        "ppo": 0.10953968119569357,
        "signal": 0.1800858821927759,
        "histogram": -0.07054620099708234
      },
      "stochRsi": {
        "k": 3.158369274497008,
        "d": 50.12519602491782
      },
      "vprofile": {
        "vpBins": [
          0,
          0.004943031089819885,
          0.01056675331099938,
          0.0019301368988255188,
          0.004622674184006742,
          0.022995638876516483,
          0.08611881650225477,
          0.1444191010317724,
          0.1349965165564724,
          0.03716031108588955,
          0.14141204891293857,
          0.07512715379720866,
          0.059207613500096956,
          0.08208626471544203,
          0.04406401868952658,
          0.08663291885238147,
          0.05658121990335896,
          0.0010896561214096111,
          0.006046125971080001,
          0
        ],
        "currentBinShare": 0.03716031108588955
      },
      "ttm": {
        "squeeze": false,
        "release": false,
        "widthPct": 1.3597997650925135
      }
    },
    "min15": {
      "sma20": 0.12682400000000002,
      "sma50": 0.1263756,
      "ema20": 0.12681515729870071,
      "ema50": 0.12661096581899936,
      "vwma20": 0.12624986352620474,
      "hma21": 0.12748073593073592,
      "atr14": 0.0006807142857142805,
      "atrPercentile": 0.43902439024390244,
      "rvolZ": -0.07063556126853114,
      "rvolPercentile": 0.7291666666666666,
      "mfi14": 22.587395855533572,
      "ppo": {
        "ppo": 0.13480303903163549,
        "signal": 0.19574701780715073,
        "histogram": -0.060943978775515245
      },
      "stochRsi": {
        "k": 0,
        "d": 51.005006663659934
      },
      "vprofile": {
        "vpBins": [
          0.07152420408739397,
          0,
          0,
          0.0027032916953158783,
          0.004433758501031806,
          0.05240308498060268,
          0.09382672937207129,
          0.053308669258617436,
          0.09528905810416469,
          0.23371226890812452,
          0.09212431293279501,
          0.019009720319732092,
          0.10592848833505554,
          0.06280865368773536,
          0.0320186038360731,
          0.015707456762545806,
          0.06262084856610507,
          0.0025808506526358143,
          0,
          0
        ],
        "currentBinShare": 0.23371226890812452
      },
      "ttm": {
        "squeeze": false,
        "release": false,
        "widthPct": 2.621738657179032
      }
    },
    "hourly": {
      "sma20": 0.126017,
      "sma50": 0.12662099999999998,
      "ema20": 0.12646077679837656,
      "ema50": 0.12621687913576188,
      "vwma20": 0.1264206783902003,
      "hma21": 0.1265654545454545,
      "atr14": 0.0020028571428571396,
      "atrPercentile": 0.6863354037267081,
      "rvolZ": 0.11379978298671051,
      "rvolPercentile": 0.7857142857142857,
      "mfi14": 57.36505708611634,
      "ppo": {
        "ppo": 0.03501167911721355,
        "signal": -0.10031828209498216,
        "histogram": 0.1353299612121957
      },
      "stochRsi": {
        "k": 84.53823765596563,
        "d": 56.727575854345446
      },
      "vprofile": {
        "vpBins": [
          0.0009636144551141519,
          0.010972512814275782,
          0.11152417719093455,
          0.02224242915725767,
          0.018562345808161913,
          0.11751327451024893,
          0.10128031729502894,
          0.07007191912006058,
          0.009002948133415303,
          0.04981523947514403,
          0.005751209525005903,
          0.07881978243599136,
          0.08636734675959368,
          0.1084515316868572,
          0.03786605948205913,
          0.04958521606912091,
          0.09471062454462394,
          0.026499451537106065,
          0,
          0
        ],
        "currentBinShare": 0.04958521606912091
      },
      "ttm": {
        "squeeze": false,
        "release": false,
        "widthPct": 3.275959192282147
      }
    },
    "fourHour": {
      "sma20": 0.126295,
      "sma50": 0.1219296,
      "ema20": 0.12580554265691127,
      "ema50": 0.12409715101863576,
      "vwma20": 0.12623543524007294,
      "hma21": 0.1281164069264069,
      "atr14": 0.0033278571428571424,
      "atrPercentile": 0.08571428571428572,
      "rvolZ": 0.00780845599306043,
      "rvolPercentile": 0.6904761904761905,
      "mfi14": 72.91759031923621,
      "ppo": {
        "ppo": 1.0296000175430915,
        "signal": 1.175127423040729,
        "histogram": -0.14552740549763743
      },
      "stochRsi": {
        "k": 40.772190439240845,
        "d": 55.94327716253023
      },
      "vprofile": {
        "vpBins": [
          0,
          0.09527864487629005,
          0.00939225526908335,
          0.08516578076988103,
          0.07160269616443424,
          0.12179658397007873,
          0.04843724741094527,
          0.13584809369784667,
          0.08904744718133693,
          0.156679317469006,
          0.1072371265387899,
          0.05821427477404291,
          0.01951861227469576,
          0.0017819196035691932,
          0,
          0,
          0,
          0,
          0,
          0
        ],
        "currentBinShare": 0.1072371265387899
      },
      "ttm": {
        "squeeze": true,
        "release": false,
        "widthPct": 4.831809635944628
      }
    },
    "daily": {
      "sma20": 0.12461850000000003,
      "sma50": 0.12195679999999998,
      "ema20": 0.12334033973535188,
      "ema50": 0.12704817762157272,
      "vwma20": 0,
      "hma21": 0.12017969696969702,
      "atr14": 0.01080928571428572,
      "atrPercentile": 0.19736842105263158,
      "rvolZ": 0,
      "rvolPercentile": 1,
      "mfi14": 50,
      "ppo": {
        "ppo": 0.5333192997485338,
        "signal": 0.045276537890918594,
        "histogram": 0.4880427618576152
      },
      "stochRsi": {
        "k": 39.009979172183066,
        "d": 50.607934790909404
      },
      "vprofile": {
        "vpBins": [
          0,
          0,
          0,
          0,
          0,
          0,
          0,
          0,
          0,
          0,
          0,
          0,
          0,
          0,
          0,
          0,
          0,
          0,
          0,
          0
        ],
        "currentBinShare": 0
      },
      "ttm": {
        "squeeze": true,
        "release": false,
        "widthPct": 16.5892143861529
      }
    }
  },
  "smaMin5": 0.12706800000000001,
  "emaMin5": 0.12683195308929804,
  "vwmaMin5": 0.1270146239409198,
  "hmaMin5": 0.12692748917748914,
  "keltner15": {
    "upper": 0.12787115729870072,
    "middle": 0.12681515729870071,
    "lower": 0.1257591572987007
  },
  "superTrend15": {
    "isBull": false,
    "finalUpper": 0.128817,
    "finalLower": 0.12459300000000004
  },
  "mfi15": 22.587395855533572,
  "stochRsi15": {
    "k": 0,
    "d": 51.005006663659934
  },
  "ppo15": {
    "ppo": 0.13480303903163549,
    "signal": 0.19574701780715073,
    "histogram": -0.060943978775515245
  },
  "vpMin15": {
    "vpBins": [
      0.07152420408739397,
      0,
      0,
      0.0027032916953158783,
      0.004433758501031806,
      0.05240308498060268,
      0.09382672937207129,
      0.053308669258617436,
      0.09528905810416469,
      0.23371226890812452,
      0.09212431293279501,
      0.019009720319732092,
      0.10592848833505554,
      0.06280865368773536,
      0.0320186038360731,
      0.015707456762545806,
      0.06262084856610507,
      0.0025808506526358143,
      0,
      0
    ],
    "currentBinShare": 0.23371226890812452
  },
  "ttm15": {
    "squeeze": false,
    "release": false,
    "widthPct": 2.621738657179032
  },
  "marketCorrelation": {
    "hourly": {
      "btcCorrelation": 0,
      "ethCorrelation": 0,
      "btcBeta": 1,
      "ethBeta": 1,
      "btcTrend": "UNKNOWN",
      "ethTrend": "UNKNOWN",
      "tokenVol": 0,
      "btcVol": 0,
      "ethVol": 0,
      "marketDependence": 0,
      "verdict": "INSUFFICIENT_DATA"
    },
    "min15": {
      "btcCorrelation": 0,
      "ethCorrelation": 0,
      "btcBeta": 1,
      "ethBeta": 1,
      "btcTrend": "UNKNOWN",
      "ethTrend": "UNKNOWN",
      "tokenVol": 0,
      "btcVol": 0,
      "ethVol": 0,
      "marketDependence": 0,
      "verdict": "INSUFFICIENT_DATA"
    },
    "daily": {
      "btcCorrelation": 0,
      "ethCorrelation": 0,
      "btcBeta": 1,
      "ethBeta": 1,
      "btcTrend": "UNKNOWN",
      "ethTrend": "UNKNOWN",
      "tokenVol": 0,
      "btcVol": 0,
      "ethVol": 0,
      "marketDependence": 0,
      "verdict": "INSUFFICIENT_DATA"
    }
  },
  "tradeTape": {
    "totalTrades": 0,
    "totalVolume": 0,
    "buysVolume": 0,
    "sellsVolume": 0,
    "buySellRatio": 0.5,
    "vwap": 0,
    "signedVolume": 0,
    "avgTradeSize": 0,
    "tradesPerSec": 0,
    "cumulativeDelta": 0,
    "tradesLast1m": 0,
    "tradesLast5m": 0,
    "tradesLast15m": 0,
    "tradesLast1h": 0,
    "buyVWAP": 0,
    "sellVWAP": 0,
    "aggressorVWAP": 0,
    "bucketDurationMs": 60000,
    "bucketCount": 15,
    "bucketSignedVolumes": [],
    "bucketVolumes": [],
    "bucketVWAPs": [],
    "latestBucketSignedZ": 0
  },
  "enhancedMetrics": {
    "relativeVolumeZScore": -1,
    "volumePercentile": 40,
    "atrPercentile": 27.73722627737226,
    "volatilityPercentile": 57.91139240506329,
    "relativeVolatilityRatio": 1.3742844365478084,
    "isHighVolume": false,
    "isHighVolatility": false,
    "isLowVolatility": false,
    "isExpandingVolatility": true,
    "isContractingVolatility": false
  },
  "orderBook": {
    "bidAskSpread": 0,
    "spreadPct": 0,
    "midPrice": 0,
    "bestBid": 0,
    "bestAsk": 0,
    "bidDepth": 0,
    "askDepth": 0,
    "orderBookImbalance": 0,
    "liquidityScore": 0,
    "depthAt1Pct": {
      "bidVolume": 0,
      "askVolume": 0,
      "imbalance": 0
    },
    "depthAt2Pct": {
      "bidVolume": 0,
      "askVolume": 0,
      "imbalance": 0
    },
    "depthAt5Pct": {
      "bidVolume": 0,
      "askVolume": 0,
      "imbalance": 0
    },
    "weightedMidPrice": 0,
    "volumeWeightedSpread": 0,
    "totalBidLevels": 0,
    "totalAskLevels": 0
  },
  "marketCap": {
    "marketCap": 0,
    "totalVolume24h": 0,
    "volumeToMarketCapRatio": 0,
    "marketCapRank": 0,
    "normalizedRank": 0,
    "isHighLiquidity": false,
    "isVeryHighLiquidity": false,
    "isLowLiquidity": true,
    "liquidityTier": "VERY_LOW"
  },
  "sweeps": {
    "sweepScore": 0,
    "sweepCount": 0,
    "sweepDirection": "NEUTRAL",
    "buySweeps": 0,
    "sellSweeps": 0,
    "avgSweepSize": 0,
    "avgSweepIntensity": 0,
    "bidLiftRatio": 0,
    "askLiftRatio": 0,
    "sweepFrequency": 0,
    "largestSweep": null,
    "recentSweepClusters": 0,
    "sweepDetails": []
  },
  "absorption": {
    "absorptionScore": 0,
    "absorptionLevel": null,
    "absorptionSide": "NONE",
    "icebergProbability": 0,
    "hiddenLiquidityEstimate": 0,
    "volumeAtPrice": {},
    "topAbsorptionLevels": [],
    "persistenceDuration": 0,
    "refillDetected": false
  },
  "orderArrival": {
    "avgInterArrivalTime": 0,
    "recentInterArrivalTime": 0,
    "accelerationRatio": 1,
    "hawkesIntensity": 0,
    "hawkesDirection": "NEUTRAL",
    "clusteringScore": 0,
    "burstCount": 0,
    "cascadeDetected": false,
    "timeToNextTrade": 0,
    "accelerationTrend": "STABLE"
  },
  "liquidityVacuum": {
    "vacuumScore": 0,
    "vacuumSide": "NONE",
    "bidVacuumSeverity": 0,
    "askVacuumSeverity": 0,
    "depthConcentration": 0,
    "priceImpact10k": 0,
    "priceImpact50k": 0,
    "priceImpact100k": 0,
    "largestGapBid": 0,
    "largestGapAsk": 0,
    "avgGapBid": 0,
    "avgGapAsk": 0,
    "bidCliffDistance": 0,
    "askCliffDistance": 0
  },
  "volatilityRegime": {
    "regime": "LOW",
    "regimeScore": -1,
    "currentATR": 0.011075,
    "avgATR": 0.012007,
    "atrPercentile": 27.6,
    "realizedVolatility": 73.24,
    "volPercentile": 0,
    "expanding": false,
    "contracting": false,
    "transitionProbability": 0,
    "daysInRegime": 1,
    "regimeStrength": 0.62
  },
  "temporalPatterns": {
    "currentHour": 8,
    "currentDay": 0,
    "currentDayName": "Sunday",
    "dayBias": "NEUTRAL",
    "hourlyProfile": [
      {
        "avgVolume": 40731.77,
        "avgATR": 0.002279,
        "avgReturn": -0.622
      },
      {
        "avgVolume": 58516.26,
        "avgATR": 0.002374,
        "avgReturn": 0.449
      },
      {
        "avgVolume": 67428.93,
        "avgATR": 0.001884,
        "avgReturn": 0.135
      },
      {
        "avgVolume": 49017.85,
        "avgATR": 0.001621,
        "avgReturn": -0.287
      },
      {
        "avgVolume": 40410.76,
        "avgATR": 0.001438,
        "avgReturn": 0.46
      },
      {
        "avgVolume": 7073.74,
        "avgATR": 0.000854,
        "avgReturn": 0.15
      },
      {
        "avgVolume": 11637.03,
        "avgATR": 0.001111,
        "avgReturn": 0.127
      },
      {
        "avgVolume": 10997.4,
        "avgATR": 0.00146,
        "avgReturn": 0.216
      },
      {
        "avgVolume": 34756.62,
        "avgATR": 0.001842,
        "avgReturn": -0.279
      },
      {
        "avgVolume": 74421.84,
        "avgATR": 0.001802,
        "avgReturn": -0.035
      },
      {
        "avgVolume": 16505.18,
        "avgATR": 0.001584,
        "avgReturn": -0.384
      },
      {
        "avgVolume": 51552.75,
        "avgATR": 0.002025,
        "avgReturn": -0.097
      },
      {
        "avgVolume": 31908.93,
        "avgATR": 0.001835,
        "avgReturn": 0.123
      },
      {
        "avgVolume": 22106.42,
        "avgATR": 0.001945,
        "avgReturn": -0.519
      },
      {
        "avgVolume": 45252.01,
        "avgATR": 0.002061,
        "avgReturn": -0.011
      },
      {
        "avgVolume": 39750.22,
        "avgATR": 0.002127,
        "avgReturn": 0.107
      },
      {
        "avgVolume": 24769.69,
        "avgATR": 0.001574,
        "avgReturn": 0.289
      },
      {
        "avgVolume": 46159.08,
        "avgATR": 0.002346,
        "avgReturn": -0.272
      },
      {
        "avgVolume": 34555.34,
        "avgATR": 0.001829,
        "avgReturn": 0.04
      },
      {
        "avgVolume": 22582.91,
        "avgATR": 0.001408,
        "avgReturn": 0.145
      },
      {
        "avgVolume": 31499.61,
        "avgATR": 0.002033,
        "avgReturn": -0.098
      },
      {
        "avgVolume": 13792.71,
        "avgATR": 0.001352,
        "avgReturn": -0.069
      },
      {
        "avgVolume": 23029.83,
        "avgATR": 0.001424,
        "avgReturn": 0.261
      },
      {
        "avgVolume": 75733.2,
        "avgATR": 0.002641,
        "avgReturn": 0.449
      }
    ],
    "dailyProfile": [
      {
        "avgVolume": 42975.11,
        "avgATR": 0.001208,
        "avgReturn": -0.162
      },
      {
        "avgVolume": 36938.22,
        "avgATR": 0.001677,
        "avgReturn": 0.103
      },
      {
        "avgVolume": 50907.26,
        "avgATR": 0.002141,
        "avgReturn": 0.238
      },
      {
        "avgVolume": 34103.12,
        "avgATR": 0.002036,
        "avgReturn": -0.288
      },
      {
        "avgVolume": 30540.58,
        "avgATR": 0.002056,
        "avgReturn": 0.202
      },
      {
        "avgVolume": 32550.91,
        "avgATR": 0.00181,
        "avgReturn": 0.017
      },
      {
        "avgVolume": 25711.37,
        "avgATR": 0.00156,
        "avgReturn": -0.051
      }
    ],
    "favorableHours": [
      23,
      9,
      2,
      1,
      11,
      3
    ],
    "favorableWindow": false,
    "currentVsAvgVolume": 0,
    "currentVsAvgVolatility": 0,
    "anomalyDetected": true,
    "timeUntilFavorable": 1,
    "temporalScore": 0
  },
  "unifiedMicrostructure": {
    "signalDirections": {
      "vpin": "NEUTRAL",
      "sweeps": "NEUTRAL",
      "absorption": "NEUTRAL",
      "arrival": "NEUTRAL",
      "vacuum": "NONE",
      "volRegime": "FAVORABLE",
      "temporal": "UNFAVORABLE"
    },
    "consensusDirection": "NEUTRAL",
    "consensusStrength": 50,
    "bullishSignals": 1,
    "bearishSignals": 1,
    "neutralSignals": 0,
    "totalAvailableSignals": 2,
    "dominantPattern": "NONE",
    "clusters": {
      "strongBuyCluster": false,
      "distributionPattern": false,
      "accumulationPattern": false,
      "momentumCascade": false
    },
    "adaptiveWeights": {
      "vpin": 0,
      "sweeps": 0,
      "absorption": 0,
      "arrival": 0,
      "vacuum": 0,
      "volRegime": 0.021,
      "temporal": 0.02
    },
    "convictionLevel": "LOW",
    "convictionScore": 30,
    "riskAdjustment": "REDUCE",
    "timingQuality": "UNFAVORABLE",
    "signalQuality": "LOW"
  },
  "deltaAnalysis": {
    "currentDelta": 0,
    "cumulativeDelta": 0,
    "deltaPerVolume": 0,
    "deltaDirection": "NEUTRAL",
    "deltaDivergence": false,
    "institutionalRatio": 0,
    "aggressionScore": 0
  },
  "volumeProfile": {
    "pointOfControl": 0,
    "valueAreaHigh": 0,
    "valueAreaLow": 0,
    "currentPosition": "ABOVE_VALUE_AREA",
    "volumeNodes": [],
    "airPockets": []
  },
  "momentumCascade": {
    "cascadeDetected": false,
    "alignmentScore": -0.001937615519191967,
    "cascadeStrength": 0,
    "acceleratingTimeframes": [],
    "divergingTimeframes": [
      "1m",
      "5m",
      "15m",
      "1h"
    ]
  },
  "breakoutConfirmation": {
    "breakoutConfirmed": false,
    "volumeConfirmation": false,
    "retestStrength": 0,
    "falseBreakoutRisk": 0,
    "breakoutQuality": "NO_BREAKOUT"
  },
  "liquidityHeatmap": {
    "liquidityScore": 0,
    "magnetDirection": "NONE",
    "magnetStrength": 0,
    "priceTarget5pct": null,
    "message": "No order book data"
  },
  "smartMoneyDivergence": {
    "divergenceDetected": false,
    "divergenceDirection": "NONE",
    "smartMoneyScore": 0.5,
    "message": "Insufficient trade data"
  },
  "microstructure": {
    "raw": -0.008477778804398043,
    "pct": 50,
    "summary": {
      "latestBucketSignedZ": 0,
      "buySellRatio": 0.5,
      "tradesPerSec": 0,
      "vwap": 0,
      "aggressorVWAP": 0,
      "vpinToxicity": "UNKNOWN",
      "sweepDirection": "NEUTRAL",
      "absorptionSide": "NONE",
      "icebergDetected": false,
      "hawkesDirection": "NEUTRAL",
      "cascadeDetected": false,
      "vacuumSide": "NONE",
      "volatilityRegime": "LOW",
      "volExpanding": false,
      "favorableTimeWindow": false,
      "temporalAnomaly": true,
      "consensusDirection": "NEUTRAL",
      "consensusStrength": 50,
      "dominantPattern": "NONE",
      "convictionLevel": "LOW",
      "riskAdjustment": "REDUCE",
      "timingQuality": "UNFAVORABLE",
      "deltaDirection": "NEUTRAL",
      "deltaDivergence": false,
      "institutionalRatio": 0,
      "volumeProfilePosition": "ABOVE_VALUE_AREA",
      "pointOfControl": 0,
      "momentumCascadeDetected": false,
      "cascadeStrength": 0,
      "breakoutQuality": "NO_BREAKOUT",
      "breakoutConfirmed": false,
      "magnetDirection": "NONE",
      "magnetStrength": 0,
      "priceTarget5pct": null,
      "nearestBidWall": 0,
      "nearestAskWall": 0,
      "divergenceDetected": false,
      "divergenceDirection": "NONE",
      "whaleAccumulation": false,
      "whaleDistribution": false,
      "retailPanic": false,
      "smartMoneyScore": 0.5
    }
  }
}

=== MICROSTRUCTURE ALERTS ===

🔬 VPIN: Insufficient data for VPIN analysis

🌊 SWEEP DETECTION: No significant sweeps detected

🧊 ABSORPTION & ICEBERG: No significant absorption or iceberg orders detected

⚡ ORDER ARRIVAL DYNAMICS: Insufficient trades for analysis

🌪️ LIQUIDITY VACUUM: No significant vacuum detected

📊 VOLATILITY REGIME DETECTION:
   Current Regime: LOW
   Regime Score: -1.00 (-1=low vol, +1=extreme vol)
   Days in Regime: 1
   ATR: $0.011075 (avg: $0.012007)
   ATR Percentile: 27.6%
   Realized Volatility: 73.24% (annualized)
   Vol Percentile: 0.0%

   🔵 LOW VOLATILITY REGIME:
   ✅ Ideal for breakout setups - price coiling
   ✅ Tight stops recommended
   ✅ Can increase position size (lower risk)

   ⚠️ NEW REGIME: Only 1 day(s) - conditions still settling

⏰ TEMPORAL PATTERN ANALYSIS:
   Current Time: Sunday 8:00 UTC
   Day Bias: NEUTRAL
   Current vs Avg Volume: 0x
   Current vs Avg Volatility: 0x

   ⏳ NON-FAVORABLE TIME WINDOW:
   This hour typically shows weaker activity
   Next favorable window in 1 hour(s)

   ⚠️ LOW ACTIVITY ANOMALY:
   Volume 0x below typical - Extremely quiet

   📉 LOW VOLATILITY ANOMALY:
   Volatility 0x below typical - Consolidation likely

   🔥 Best Trading Hours (UTC): 23:00, 9:00, 2:00

🎯 UNIFIED MICROSTRUCTURE INTEGRATION:
   Signal Consensus: NEUTRAL (50% agreement)
   Available Signals: 2 (1 bullish / 1 bearish / 0 neutral)
   Conviction Level: LOW (30%)
   Signal Quality: LOW
   Risk Adjustment: REDUCE
   Timing Quality: UNFAVORABLE

   ⚠️ LOW CONVICTION: Only 50% signal agreement
   Weak alignment - Reduce position size or wait for clarity

   ⚠️ RISK REDUCTION RECOMMENDED: Extreme volatility or unfavorable timing detected

   ⏰ UNFAVORABLE TIMING: Avoid trading during this hour

   Signal Directions Breakdown:
   • VPIN: NEUTRAL
   • Sweeps: NEUTRAL
   • Absorption: NEUTRAL
   • Arrival Dynamics: NEUTRAL
   • Liquidity Vacuum: NONE
   • Vol Regime: FAVORABLE
   • Temporal: UNFAVORABLE

   Adaptive Weights (Total: 4.1%):
   • VPIN: 0.0%
   • Sweeps: 0.0%
   • Absorption: 0.0%
   • Arrival: 0.0%
   • Vacuum: 0.0%
   • Vol Regime: 2.1%
   • Temporal: 2.0%


💹 DELTA ANALYSIS (Order Flow Aggression):
   Direction: NEUTRAL
   Delta Per Volume: 0.00%
   Institutional Ratio: 0.0%
   Aggression Score: 0.0%

📊 VOLUME PROFILE (Support/Resistance Strength):
   Point of Control (POC): $0.000000
   Value Area High: $0.000000
   Value Area Low: $0.000000
   Current Position: ABOVE_VALUE_AREA
   ⚠️ DISTRIBUTION RISK: Price above value area - potential rejection zone

⚡ MOMENTUM CASCADE (Multi-Timeframe Alignment):
   Cascade Detected: NO
   Alignment Score: -0.2%
   Cascade Strength: 0.0%
   Accelerating: None
   Diverging: 1m, 5m, 15m, 1h

💥 BREAKOUT CONFIRMATION:
   Quality: NO_BREAKOUT
   Volume Confirmation: NO
   Retest Strength: 0.0%
   False Breakout Risk: 0.0%
   No breakout detected - price below resistance


levels:
Entry=0.12637674, StopLoss=0.12321732149999999, TakeProfit=0.12715717599999998, 0.12793761199999998, 0.1285619608

---

=== Token: PRCL (PRCL) ===
Contract: PRCL-USD
Timestamp: 2025-05-12T13:05:00.000Z

Calculations:
{
  "momentumScore": 28.867604792993745,
  "volumeScore": 3.448275862069065,
  "patternScore": 39.71544715447169,
  "totalScore": 16.50326100628266,
  "finalScore": 40,
  "weights": "0.23,0.45,0.23",
  "hourlyUptrend": false,
  "rsi": 39.04761904761905,
  "ultraShortVolumeSurge": 0.8478178073562248,
  "baseVolumeSurge": 0.03192298231881354,
  "currentPrice": 0.1252,
  "resistance": 0.1288,
  "support": 0.123,
  "rocMin5": -0.02492211838006216,
  "shortROC": -0.011058451816745534,
  "priceAcceleration": -0.006277871226808841,
  "buySellRatio": 0.2663288700510548,
  "macdHistogram": -0.0007237861192388917,
  "stochasticK": 58.62068965517266,
  "atr": 0.0012357142857142825,
  "bbUpper": 0.13025768821263686,
  "bbLower": 0.12285231178736314,
  "hammerDetected": false,
  "engulfingDetected": false,
  "compressionSpring": {
    "detected": true,
    "confidence": 44,
    "signals": {
      "sidewaysPrice": true,
      "atrCompression": true,
      "bbSqueeze": false,
      "consolidationTime": true,
      "strongBuying": false,
      "obvPositive": false,
      "chaikinPositive": false,
      "rsiNeutral": true,
      "volumeBuilding": false
    },
    "metrics": {
      "priceRange": 4.72,
      "atrRatio": 0.466,
      "bbWidth": 5.85,
      "volumeRatio": 1.535,
      "signalCount": 4,
      "buySellRatio": 0.266
    }
  },
  "riskTier": "MEDIUM",
  "atrPercent": 1.6259698767686002,
  "distanceToResistance": 2.875399361022358,
  "slPercent": 3,
  "tpPercent": 1.230031948881793,
  "trailingActivation": 0.7380191693290757,
  "shortMomentumScore": 100,
  "overboughtScore": 0,
  "shortPatternScore": 0,
  "shootingStarDetected": false,
  "bearishEngulfingDetected": false,
  "eveningStarDetected": false,
  "bearishPatternsCount": 0,
  "shortTotalScore": 40,
  "chaikin": -0.1556946870220999,
  "obvIncreasing": false,
  "obvTrend": "declining",
  "adx": 34.1614906832296,
  "recentCandles": {
    "redCount": 5,
    "greenCount": 5
  },
  "resistanceDistance": 2.875399361022358,
  "multiplePatterns": false,
  "bullishPattern": false,
  "priceAboveVWAP": true,
  "breakingResistance": false,
  "atrSufficient": true,
  "macdDivergenceBearish": false,
  "rvolMin1": 0.3060807233235704,
  "rvolMin5": -0.33434933078344903,
  "atrPercentileOld": 0.7560975609756098,
  "vwapDeviation": 3.6175522786537337,
  "bbWidthPercent": 5.851508376021275,
  "bbSqueeze": false,
  "multiTFMomentum": {
    "min1": {
      "roc1": 0.0007886435331231604,
      "roc3": -0.0015735641227378283
    },
    "min5": {
      "roc1": -0.011058451816745534,
      "roc3": -0.02492211838006216
    },
    "min15": {
      "roc1": -0.004724409448818814,
      "roc3": 0.010391686650679645
    },
    "hourly": {
      "roc1": -0.00708661417322844,
      "roc3": 0.010416666666666631
    },
    "fourHour": {
      "roc1": 0.002384737678855284,
      "roc3": 0.0302287581699346
    },
    "divergenceShortUpLongDown": true
  },
  "returnZMin5": -1.6618850965938925,
  "wickClosePct": 0,
  "wickUpper": 0,
  "wickLower": 0,
  "wickRatio": 0,
  "donchianBreakout15": false,
  "bbWidthPercentile15": 0.3246753246753247,
  "signedMin5": 151446,
  "signedMin5Z": 4.147693439487424,
  "signedMin1": 58199.20000000001,
  "signedMin1Z": 5.481308961750037,
  "streakMin1": {
    "upStreak": 1,
    "downStreak": 0
  },
  "streakMin5": {
    "upStreak": 0,
    "downStreak": 4
  },
  "rvolPercentileMin1": 0.8590277777777777,
  "rvolPercentileMin5": 0.4895833333333333,
  "perTfMetrics": {
    "min1": {
      "sma20": 0.1276,
      "sma50": 0.12667199999999998,
      "ema20": 0.12728872704172614,
      "ema50": 0.12693342784288492,
      "vwma20": 0.12753093134937976,
      "hma21": 0.12739999999999999,
      "atr14": 0.00030000000000000464,
      "atrPercentile": 0.3640483383685801,
      "rvolZ": 0.3060807233235704,
      "rvolPercentile": 0.8590277777777777,
      "mfi14": 9.326270425069879,
      "ppo": {
        "ppo": 0.07546571759846228,
        "signal": 0.21750313970757085,
        "histogram": -0.14203742210910858
      },
      "stochRsi": {
        "k": 0,
        "d": 38.069498069498295
      },
      "vprofile": {
        "vpBins": [
          0.007998400978316172,
          0.018784050146063734,
          0.029947859420118347,
          0.029086564673512734,
          0.06796142360187765,
          0.08233247604130572,
          0.06132052540722662,
          0.06418989389631188,
          0.1197609330880312,
          0.03584512343901221,
          0.024350121447013907,
          0.11232982068916361,
          0.06392590812171699,
          0.002030153257009229,
          0.000247232458745686,
          0.017568805287152798,
          0.038181581540131355,
          0.005772727809748956,
          0.21836639869754104,
          0
        ],
        "currentBinShare": 0.03584512343901221
      },
      "ttm": {
        "squeeze": false,
        "release": false,
        "widthPct": 1.8860951669581376
      }
    },
    "min5": {
      "sma20": 0.12669999999999998,
      "sma50": 0.126496,
      "ema20": 0.1265014928546836,
      "ema50": 0.12633483940861692,
      "vwma20": 0.12689926935798518,
      "hma21": 0.12642857142857145,
      "atr14": 0.0012357142857142825,
      "atrPercentile": 0.8357664233576643,
      "rvolZ": -0.33434933078344903,
      "rvolPercentile": 0.4895833333333333,
      "mfi14": 59.344445116559825,
      "ppo": {
        "ppo": 0.13728579327820298,
        "signal": 0.18569723491941353,
        "histogram": -0.048411441641210556
      },
      "stochRsi": {
        "k": 0,
        "d": 44.697554697554715
      },
      "vprofile": {
        "vpBins": [
          0.00897029624564166,
          0.04631567111499921,
          0.025368725773090368,
          0.013044344203046142,
          0.01063696753044142,
          0.0017618134585156429,
          0.005585265113511683,
          0.08832337504146287,
          0.058361618103717046,
          0.04783864508843549,
          0.12888382511314708,
          0.05040416908136763,
          0.07566744604352413,
          0.13454061518142282,
          0.041918983978953966,
          0.05339687470130499,
          0.06566702989362438,
          0.08382064348479526,
          0.045986894566959785,
          0.013506796282038592
        ],
        "currentBinShare": 0.07566744604352413
      },
      "ttm": {
        "squeeze": false,
        "release": false,
        "widthPct": 3.6776745997596803
      }
    },
    "min15": {
      "sma20": 0.126555,
      "sma50": 0.12506599999999998,
      "ema20": 0.1262078142161792,
      "ema50": 0.1246859777909257,
      "vwma20": 0.1273734633860355,
      "hma21": 0.12520995670995674,
      "atr14": 0.0020357142857142874,
      "atrPercentile": 0.7560975609756098,
      "rvolZ": 0.13431553015078396,
      "rvolPercentile": 0.7395833333333334,
      "mfi14": 54.797749811931666,
      "ppo": {
        "ppo": 0.2724737555371753,
        "signal": 0.3372476184858086,
        "histogram": -0.0647738629486333
      },
      "stochRsi": {
        "k": 50.618199191110804,
        "d": 41.59847013295996
      },
      "vprofile": {
        "vpBins": [
          0.04818670944292674,
          0.09078365263099719,
          0.057181977083652635,
          0.07212308071617729,
          0.009067884451371865,
          0.09227494032494177,
          0.019830929224430437,
          0.03470382117247991,
          0.08868730391470347,
          0.046764734715000034,
          0.039728375854039606,
          0.054474281568819956,
          0.06220219441021342,
          0.0587002546467897,
          0.06463243474745903,
          0.027071211541511896,
          0.07167994196619012,
          0.029923395194746055,
          0.03198287639354896,
          0
        ],
        "currentBinShare": 0.0587002546467897
      },
      "ttm": {
        "squeeze": false,
        "release": false,
        "widthPct": 5.851508376021275
      }
    },
    "hourly": {
      "sma20": 0.12239499999999999,
      "sma50": 0.12115599999999999,
      "ema20": 0.12382911458487174,
      "ema50": 0.12067549896134976,
      "vwma20": 0.12365906228393207,
      "hma21": 0.1301320346320346,
      "atr14": 0.004971428571428574,
      "atrPercentile": 0.9472049689440993,
      "rvolZ": -0.42321893109201586,
      "rvolPercentile": 0.38392857142857145,
      "mfi14": 47.37748313461361,
      "ppo": {
        "ppo": 1.7891813490246469,
        "signal": 1.5242684485197306,
        "histogram": 0.2649129005049162
      },
      "stochRsi": {
        "k": 38.93134048495382,
        "d": 64.73476310710618
      },
      "vprofile": {
        "vpBins": [
          0.001287967739288217,
          0.08245203932637198,
          0.06198033601152028,
          0.07187632956907909,
          0.04238366601792044,
          0.09960208208825042,
          0.04273661465934013,
          0.08370953157160536,
          0.07639558798482886,
          0.07585879664720302,
          0.08550744862959973,
          0.0339072778830179,
          0.04156818045005582,
          0.03368367761271856,
          0.04916319785891571,
          0.04574015220404428,
          0.03111144025392685,
          0.035689098423251235,
          0.0024274701241686625,
          0.002919104944893278
        ],
        "currentBinShare": 0.035689098423251235
      },
      "ttm": {
        "squeeze": false,
        "release": false,
        "widthPct": 16.595253188751077
      }
    },
    "fourHour": {
      "sma20": 0.11964500000000003,
      "sma50": 0.10614799999999996,
      "ema20": 0.11820749081631036,
      "ema50": 0.1103084291231832,
      "vwma20": 0.11859028922838225,
      "hma21": 0.12285497835497827,
      "atr14": 0.007978571428571429,
      "atrPercentile": 0.6285714285714286,
      "rvolZ": -0.7313169534601173,
      "rvolPercentile": 0.16666666666666666,
      "mfi14": 56.938441177533086,
      "ppo": {
        "ppo": 4.150926996319713,
        "signal": 4.326877394844472,
        "histogram": -0.17595039852475924
      },
      "stochRsi": {
        "k": 6.528984914947928,
        "d": 58.32183477390823
      },
      "vprofile": {
        "vpBins": [
          0.05042364174060717,
          0.027417588017362576,
          0.05504310120850684,
          0.10658192810476595,
          0.08619490965130319,
          0.09282518321781492,
          0.09271513107561455,
          0.0877529545788002,
          0.07036599338099991,
          0.028696650367874315,
          0.08000938970716469,
          0.02676555442548821,
          0.07520494899893844,
          0.04336808892848628,
          0.02214377362989705,
          0.009644360613289502,
          0.02532543078621664,
          0.019521371566869547,
          0,
          0
        ],
        "currentBinShare": 0.019521371566869547
      },
      "ttm": {
        "squeeze": true,
        "release": false,
        "widthPct": 16.758682072537482
      }
    },
    "daily": {
      "sma20": 0.09595000000000001,
      "sma50": 0.08354400000000001,
      "ema20": 0.09863992198758231,
      "ema50": 0.09389555499972947,
      "vwma20": 0,
      "hma21": 0.12077402597402595,
      "atr14": 0.017542857142857145,
      "atrPercentile": 0.7763157894736842,
      "rvolZ": 0,
      "rvolPercentile": 1,
      "mfi14": 50,
      "ppo": {
        "ppo": 11.200150989048781,
        "signal": 8.680171968277541,
        "histogram": 2.51997902077124
      },
      "stochRsi": {
        "k": 14.543900046754027,
        "d": 64.67526409829178
      },
      "vprofile": {
        "vpBins": [
          0,
          0,
          0,
          0,
          0,
          0,
          0,
          0,
          0,
          0,
          0,
          0,
          0,
          0,
          0,
          0,
          0,
          0,
          0,
          0
        ],
        "currentBinShare": 0
      },
      "ttm": {
        "squeeze": false,
        "release": false,
        "widthPct": 70.36085826787506
      }
    }
  },
  "smaMin5": 0.12669999999999998,
  "emaMin5": 0.1265014928546836,
  "vwmaMin5": 0.12689926935798518,
  "hmaMin5": 0.12642857142857145,
  "keltner15": {
    "upper": 0.1295678142161792,
    "middle": 0.1262078142161792,
    "lower": 0.12284781421617919
  },
  "superTrend15": {
    "isBull": true,
    "finalUpper": 0.13302000000000003,
    "finalLower": 0.11958000000000002
  },
  "mfi15": 54.797749811931666,
  "stochRsi15": {
    "k": 50.618199191110804,
    "d": 41.59847013295996
  },
  "ppo15": {
    "ppo": 0.2724737555371753,
    "signal": 0.3372476184858086,
    "histogram": -0.0647738629486333
  },
  "vpMin15": {
    "vpBins": [
      0.04818670944292674,
      0.09078365263099719,
      0.057181977083652635,
      0.07212308071617729,
      0.009067884451371865,
      0.09227494032494177,
      0.019830929224430437,
      0.03470382117247991,
      0.08868730391470347,
      0.046764734715000034,
      0.039728375854039606,
      0.054474281568819956,
      0.06220219441021342,
      0.0587002546467897,
      0.06463243474745903,
      0.027071211541511896,
      0.07167994196619012,
      0.029923395194746055,
      0.03198287639354896,
      0
    ],
    "currentBinShare": 0.0587002546467897
  },
  "ttm15": {
    "squeeze": false,
    "release": false,
    "widthPct": 5.851508376021275
  },
  "marketCorrelation": {
    "hourly": {
      "btcCorrelation": 0,
      "ethCorrelation": 0,
      "btcBeta": 1,
      "ethBeta": 1,
      "btcTrend": "UNKNOWN",
      "ethTrend": "UNKNOWN",
      "tokenVol": 0,
      "btcVol": 0,
      "ethVol": 0,
      "marketDependence": 0,
      "verdict": "INSUFFICIENT_DATA"
    },
    "min15": {
      "btcCorrelation": 0,
      "ethCorrelation": 0,
      "btcBeta": 1,
      "ethBeta": 1,
      "btcTrend": "UNKNOWN",
      "ethTrend": "UNKNOWN",
      "tokenVol": 0,
      "btcVol": 0,
      "ethVol": 0,
      "marketDependence": 0,
      "verdict": "INSUFFICIENT_DATA"
    },
    "daily": {
      "btcCorrelation": 0,
      "ethCorrelation": 0,
      "btcBeta": 1,
      "ethBeta": 1,
      "btcTrend": "UNKNOWN",
      "ethTrend": "UNKNOWN",
      "tokenVol": 0,
      "btcVol": 0,
      "ethVol": 0,
      "marketDependence": 0,
      "verdict": "INSUFFICIENT_DATA"
    }
  },
  "tradeTape": {
    "totalTrades": 0,
    "totalVolume": 0,
    "buysVolume": 0,
    "sellsVolume": 0,
    "buySellRatio": 0.5,
    "vwap": 0,
    "signedVolume": 0,
    "avgTradeSize": 0,
    "tradesPerSec": 0,
    "cumulativeDelta": 0,
    "tradesLast1m": 0,
    "tradesLast5m": 0,
    "tradesLast15m": 0,
    "tradesLast1h": 0,
    "buyVWAP": 0,
    "sellVWAP": 0,
    "aggressorVWAP": 0,
    "bucketDurationMs": 60000,
    "bucketCount": 15,
    "bucketSignedVolumes": [],
    "bucketVolumes": [],
    "bucketVWAPs": [],
    "latestBucketSignedZ": 0
  },
  "enhancedMetrics": {
    "relativeVolumeZScore": -1,
    "volumePercentile": 40,
    "atrPercentile": 83.21167883211679,
    "volatilityPercentile": 42.405063291139236,
    "relativeVolatilityRatio": 1.0246444615308987,
    "isHighVolume": false,
    "isHighVolatility": false,
    "isLowVolatility": false,
    "isExpandingVolatility": false,
    "isContractingVolatility": false
  },
  "orderBook": {
    "bidAskSpread": 0,
    "spreadPct": 0,
    "midPrice": 0,
    "bestBid": 0,
    "bestAsk": 0,
    "bidDepth": 0,
    "askDepth": 0,
    "orderBookImbalance": 0,
    "liquidityScore": 0,
    "depthAt1Pct": {
      "bidVolume": 0,
      "askVolume": 0,
      "imbalance": 0
    },
    "depthAt2Pct": {
      "bidVolume": 0,
      "askVolume": 0,
      "imbalance": 0
    },
    "depthAt5Pct": {
      "bidVolume": 0,
      "askVolume": 0,
      "imbalance": 0
    },
    "weightedMidPrice": 0,
    "volumeWeightedSpread": 0,
    "totalBidLevels": 0,
    "totalAskLevels": 0
  },
  "marketCap": {
    "marketCap": 0,
    "totalVolume24h": 0,
    "volumeToMarketCapRatio": 0,
    "marketCapRank": 0,
    "normalizedRank": 0,
    "isHighLiquidity": false,
    "isVeryHighLiquidity": false,
    "isLowLiquidity": true,
    "liquidityTier": "VERY_LOW"
  },
  "sweeps": {
    "sweepScore": 0,
    "sweepCount": 0,
    "sweepDirection": "NEUTRAL",
    "buySweeps": 0,
    "sellSweeps": 0,
    "avgSweepSize": 0,
    "avgSweepIntensity": 0,
    "bidLiftRatio": 0,
    "askLiftRatio": 0,
    "sweepFrequency": 0,
    "largestSweep": null,
    "recentSweepClusters": 0,
    "sweepDetails": []
  },
  "absorption": {
    "absorptionScore": 0,
    "absorptionLevel": null,
    "absorptionSide": "NONE",
    "icebergProbability": 0,
    "hiddenLiquidityEstimate": 0,
    "volumeAtPrice": {},
    "topAbsorptionLevels": [],
    "persistenceDuration": 0,
    "refillDetected": false
  },
  "orderArrival": {
    "avgInterArrivalTime": 0,
    "recentInterArrivalTime": 0,
    "accelerationRatio": 1,
    "hawkesIntensity": 0,
    "hawkesDirection": "NEUTRAL",
    "clusteringScore": 0,
    "burstCount": 0,
    "cascadeDetected": false,
    "timeToNextTrade": 0,
    "accelerationTrend": "STABLE"
  },
  "liquidityVacuum": {
    "vacuumScore": 0,
    "vacuumSide": "NONE",
    "bidVacuumSeverity": 0,
    "askVacuumSeverity": 0,
    "depthConcentration": 0,
    "priceImpact10k": 0,
    "priceImpact50k": 0,
    "priceImpact100k": 0,
    "largestGapBid": 0,
    "largestGapAsk": 0,
    "avgGapBid": 0,
    "avgGapAsk": 0,
    "bidCliffDistance": 0,
    "askCliffDistance": 0
  },
  "volatilityRegime": {
    "regime": "ELEVATED",
    "regimeScore": 0.5,
    "currentATR": 0.016846,
    "avgATR": 0.011547,
    "atrPercentile": 75,
    "realizedVolatility": 162.67,
    "volPercentile": 81.4,
    "expanding": true,
    "contracting": false,
    "transitionProbability": 0.7,
    "daysInRegime": 1,
    "regimeStrength": 0.18
  },
  "temporalPatterns": {
    "currentHour": 8,
    "currentDay": 0,
    "currentDayName": "Sunday",
    "dayBias": "NEUTRAL",
    "hourlyProfile": [
      {
        "avgVolume": 1325612.15,
        "avgATR": 0.006264,
        "avgReturn": 0.267
      },
      {
        "avgVolume": 827802.85,
        "avgATR": 0.003914,
        "avgReturn": -0.565
      },
      {
        "avgVolume": 542923.24,
        "avgATR": 0.00335,
        "avgReturn": -0.394
      },
      {
        "avgVolume": 539907.58,
        "avgATR": 0.0039,
        "avgReturn": 0.176
      },
      {
        "avgVolume": 339719.69,
        "avgATR": 0.002714,
        "avgReturn": -0.5
      },
      {
        "avgVolume": 435634.41,
        "avgATR": 0.003893,
        "avgReturn": 1.384
      },
      {
        "avgVolume": 466426.92,
        "avgATR": 0.00395,
        "avgReturn": 0.767
      },
      {
        "avgVolume": 565816.96,
        "avgATR": 0.003921,
        "avgReturn": -0.517
      },
      {
        "avgVolume": 509550.82,
        "avgATR": 0.003586,
        "avgReturn": 0.012
      },
      {
        "avgVolume": 455178.58,
        "avgATR": 0.0042,
        "avgReturn": 1.028
      },
      {
        "avgVolume": 606318.4,
        "avgATR": 0.003293,
        "avgReturn": -0.695
      },
      {
        "avgVolume": 509957.92,
        "avgATR": 0.003829,
        "avgReturn": -0.044
      },
      {
        "avgVolume": 444497.54,
        "avgATR": 0.003243,
        "avgReturn": 0.333
      },
      {
        "avgVolume": 593571.06,
        "avgATR": 0.0038,
        "avgReturn": -0.454
      },
      {
        "avgVolume": 524380.68,
        "avgATR": 0.003546,
        "avgReturn": 1.133
      },
      {
        "avgVolume": 984273.96,
        "avgATR": 0.004486,
        "avgReturn": 0.878
      },
      {
        "avgVolume": 954267.29,
        "avgATR": 0.004993,
        "avgReturn": -0.334
      },
      {
        "avgVolume": 647090.71,
        "avgATR": 0.003371,
        "avgReturn": -1.203
      },
      {
        "avgVolume": 590502.29,
        "avgATR": 0.002857,
        "avgReturn": 0.225
      },
      {
        "avgVolume": 503026.48,
        "avgATR": 0.003007,
        "avgReturn": -0.203
      },
      {
        "avgVolume": 447638.75,
        "avgATR": 0.002714,
        "avgReturn": -0.602
      },
      {
        "avgVolume": 507922.74,
        "avgATR": 0.003707,
        "avgReturn": 1.769
      },
      {
        "avgVolume": 852688.89,
        "avgATR": 0.003657,
        "avgReturn": 0.093
      },
      {
        "avgVolume": 706233.87,
        "avgATR": 0.003514,
        "avgReturn": 0.478
      }
    ],
    "dailyProfile": [
      {
        "avgVolume": 318096.28,
        "avgATR": 0.003375,
        "avgReturn": -0.444
      },
      {
        "avgVolume": 723220.78,
        "avgATR": 0.004372,
        "avgReturn": 0.356
      },
      {
        "avgVolume": 679960.25,
        "avgATR": 0.003077,
        "avgReturn": -0.497
      },
      {
        "avgVolume": 399438.98,
        "avgATR": 0.002321,
        "avgReturn": 0.189
      },
      {
        "avgVolume": 930294.45,
        "avgATR": 0.004092,
        "avgReturn": 0.685
      },
      {
        "avgVolume": 794373.47,
        "avgATR": 0.00434,
        "avgReturn": 0.308
      },
      {
        "avgVolume": 499033.56,
        "avgATR": 0.004606,
        "avgReturn": 0.27
      }
    ],
    "favorableHours": [
      0,
      15,
      16,
      22,
      1,
      23
    ],
    "favorableWindow": false,
    "currentVsAvgVolume": 0,
    "currentVsAvgVolatility": 0,
    "anomalyDetected": true,
    "timeUntilFavorable": 7,
    "temporalScore": 0
  },
  "unifiedMicrostructure": {
    "signalDirections": {
      "vpin": "NEUTRAL",
      "sweeps": "NEUTRAL",
      "absorption": "NEUTRAL",
      "arrival": "NEUTRAL",
      "vacuum": "NONE",
      "volRegime": "NEUTRAL",
      "temporal": "UNFAVORABLE"
    },
    "consensusDirection": "BEARISH",
    "consensusStrength": 50,
    "bullishSignals": 0,
    "bearishSignals": 1,
    "neutralSignals": 1,
    "totalAvailableSignals": 2,
    "dominantPattern": "NONE",
    "clusters": {
      "strongBuyCluster": false,
      "distributionPattern": false,
      "accumulationPattern": false,
      "momentumCascade": false
    },
    "adaptiveWeights": {
      "vpin": 0,
      "sweeps": 0,
      "absorption": 0,
      "arrival": 0,
      "vacuum": 0,
      "volRegime": 0.021,
      "temporal": 0.02
    },
    "convictionLevel": "LOW",
    "convictionScore": 30,
    "riskAdjustment": "REDUCE",
    "timingQuality": "UNFAVORABLE",
    "signalQuality": "LOW"
  },
  "deltaAnalysis": {
    "currentDelta": 0,
    "cumulativeDelta": 0,
    "deltaPerVolume": 0,
    "deltaDirection": "NEUTRAL",
    "deltaDivergence": false,
    "institutionalRatio": 0,
    "aggressionScore": 0
  },
  "volumeProfile": {
    "pointOfControl": 0,
    "valueAreaHigh": 0,
    "valueAreaLow": 0,
    "currentPosition": "ABOVE_VALUE_AREA",
    "volumeNodes": [],
    "airPockets": []
  },
  "momentumCascade": {
    "cascadeDetected": false,
    "alignmentScore": -0.006692153569268333,
    "cascadeStrength": 0,
    "acceleratingTimeframes": [],
    "divergingTimeframes": [
      "1m",
      "5m",
      "15m",
      "1h"
    ]
  },
  "breakoutConfirmation": {
    "breakoutConfirmed": false,
    "volumeConfirmation": false,
    "retestStrength": 0,
    "falseBreakoutRisk": 0,
    "breakoutQuality": "NO_BREAKOUT"
  },
  "liquidityHeatmap": {
    "liquidityScore": 0,
    "magnetDirection": "NONE",
    "magnetStrength": 0,
    "priceTarget5pct": null,
    "message": "No order book data"
  },
  "smartMoneyDivergence": {
    "divergenceDetected": false,
    "divergenceDirection": "NONE",
    "smartMoneyScore": 0.5,
    "message": "Insufficient trade data"
  },
  "microstructure": {
    "raw": -0.047964981982814375,
    "pct": 49,
    "summary": {
      "latestBucketSignedZ": 0,
      "buySellRatio": 0.5,
      "tradesPerSec": 0,
      "vwap": 0,
      "aggressorVWAP": 0,
      "vpinToxicity": "UNKNOWN",
      "sweepDirection": "NEUTRAL",
      "absorptionSide": "NONE",
      "icebergDetected": false,
      "hawkesDirection": "NEUTRAL",
      "cascadeDetected": false,
      "vacuumSide": "NONE",
      "volatilityRegime": "ELEVATED",
      "volExpanding": true,
      "favorableTimeWindow": false,
      "temporalAnomaly": true,
      "consensusDirection": "BEARISH",
      "consensusStrength": 50,
      "dominantPattern": "NONE",
      "convictionLevel": "LOW",
      "riskAdjustment": "REDUCE",
      "timingQuality": "UNFAVORABLE",
      "deltaDirection": "NEUTRAL",
      "deltaDivergence": false,
      "institutionalRatio": 0,
      "volumeProfilePosition": "ABOVE_VALUE_AREA",
      "pointOfControl": 0,
      "momentumCascadeDetected": false,
      "cascadeStrength": 0,
      "breakoutQuality": "NO_BREAKOUT",
      "breakoutConfirmed": false,
      "magnetDirection": "NONE",
      "magnetStrength": 0,
      "priceTarget5pct": null,
      "nearestBidWall": 0,
      "nearestAskWall": 0,
      "divergenceDetected": false,
      "divergenceDirection": "NONE",
      "whaleAccumulation": false,
      "whaleDistribution": false,
      "retailPanic": false,
      "smartMoneyScore": 0.5
    }
  }
}

=== MICROSTRUCTURE ALERTS ===

🔬 VPIN: Insufficient data for VPIN analysis

🌊 SWEEP DETECTION: No significant sweeps detected

🧊 ABSORPTION & ICEBERG: No significant absorption or iceberg orders detected

⚡ ORDER ARRIVAL DYNAMICS: Insufficient trades for analysis

🌪️ LIQUIDITY VACUUM: No significant vacuum detected

📊 VOLATILITY REGIME DETECTION:
   Current Regime: ELEVATED
   Regime Score: 0.50 (-1=low vol, +1=extreme vol)
   Days in Regime: 1
   ATR: $0.016846 (avg: $0.011547)
   ATR Percentile: 75.0%
   Realized Volatility: 162.67% (annualized)
   Vol Percentile: 81.4%

   🟡 ELEVATED VOLATILITY:
   ⚠️ Increased risk - wider stops needed
   ⚠️ Reduce position size
   💡 Good for momentum strategies

   🚀 VOLATILITY EXPANDING:
   💥 Breakout likely imminent!
   📈 Market transitioning to higher vol regime
   ✅ Strong signal when combined with other indicators

   ⚠️ HIGH REGIME TRANSITION PROBABILITY: 70%
   Market near regime boundary - expect volatility shift soon

   ⚠️ NEW REGIME: Only 1 day(s) - conditions still settling

⏰ TEMPORAL PATTERN ANALYSIS:
   Current Time: Sunday 8:00 UTC
   Day Bias: NEUTRAL
   Current vs Avg Volume: 0x
   Current vs Avg Volatility: 0x

   ⏳ NON-FAVORABLE TIME WINDOW:
   This hour typically shows weaker activity
   Next favorable window in 7 hour(s)

   ⚠️ LOW ACTIVITY ANOMALY:
   Volume 0x below typical - Extremely quiet

   📉 LOW VOLATILITY ANOMALY:
   Volatility 0x below typical - Consolidation likely

   🔥 Best Trading Hours (UTC): 0:00, 15:00, 16:00

🎯 UNIFIED MICROSTRUCTURE INTEGRATION:
   Signal Consensus: BEARISH (50% agreement)
   Available Signals: 2 (0 bullish / 1 bearish / 1 neutral)
   Conviction Level: LOW (30%)
   Signal Quality: LOW
   Risk Adjustment: REDUCE
   Timing Quality: UNFAVORABLE

   ⚠️ LOW CONVICTION: Only 50% signal agreement
   Weak alignment - Reduce position size or wait for clarity

   ⚠️ RISK REDUCTION RECOMMENDED: Extreme volatility or unfavorable timing detected

   ⏰ UNFAVORABLE TIMING: Avoid trading during this hour

   Signal Directions Breakdown:
   • VPIN: NEUTRAL
   • Sweeps: NEUTRAL
   • Absorption: NEUTRAL
   • Arrival Dynamics: NEUTRAL
   • Liquidity Vacuum: NONE
   • Vol Regime: NEUTRAL
   • Temporal: UNFAVORABLE

   Adaptive Weights (Total: 4.1%):
   • VPIN: 0.0%
   • Sweeps: 0.0%
   • Absorption: 0.0%
   • Arrival: 0.0%
   • Vacuum: 0.0%
   • Vol Regime: 2.1%
   • Temporal: 2.0%


💹 DELTA ANALYSIS (Order Flow Aggression):
   Direction: NEUTRAL
   Delta Per Volume: 0.00%
   Institutional Ratio: 0.0%
   Aggression Score: 0.0%

📊 VOLUME PROFILE (Support/Resistance Strength):
   Point of Control (POC): $0.000000
   Value Area High: $0.000000
   Value Area Low: $0.000000
   Current Position: ABOVE_VALUE_AREA
   ⚠️ DISTRIBUTION RISK: Price above value area - potential rejection zone

⚡ MOMENTUM CASCADE (Multi-Timeframe Alignment):
   Cascade Detected: NO
   Alignment Score: -0.7%
   Cascade Strength: 0.0%
   Accelerating: None
   Diverging: 1m, 5m, 15m, 1h

💥 BREAKOUT CONFIRMATION:
   Quality: NO_BREAKOUT
   Volume Confirmation: NO
   Retest Strength: 0.0%
   False Breakout Risk: 0.0%
   No breakout detected - price below resistance


levels:
Entry=0.12545040000000002, StopLoss=0.12921391200000001, TakeProfit=0.12483316800000001, 0.12390732000000002, 0.12344439600000001

---

=== Token: XCN (XCN) ===
Contract: XCN-USD
Timestamp: 2025-05-12T13:05:00.000Z

Calculations:
{
  "momentumScore": 17.102915512426907,
  "volumeScore": 0,
  "patternScore": 20,
  "totalScore": 7.9460724644714205,
  "finalScore": 30,
  "weights": "0.23,0.45,0.23",
  "hourlyUptrend": false,
  "rsi": 41.509433962264204,
  "ultraShortVolumeSurge": 1.6587405843374066,
  "baseVolumeSurge": 0.06975645073295901,
  "currentPrice": 0.01779,
  "resistance": 0.01846,
  "support": 0.01773,
  "rocMin5": -0.0072544642857141845,
  "shortROC": -0.002243409983174334,
  "priceAcceleration": -0.0018182270387906048,
  "buySellRatio": 0.11356817485887796,
  "macdHistogram": -0.00005897697865637509,
  "stochasticK": 20.54794520547952,
  "atr": 0.00009500000000000083,
  "bbUpper": 0.018342259598248676,
  "bbLower": 0.01777574040175133,
  "hammerDetected": false,
  "engulfingDetected": false,
  "compressionSpring": {
    "detected": true,
    "confidence": 54,
    "signals": {
      "sidewaysPrice": true,
      "atrCompression": true,
      "bbSqueeze": true,
      "consolidationTime": true,
      "strongBuying": false,
      "obvPositive": false,
      "chaikinPositive": false,
      "rsiNeutral": false,
      "volumeBuilding": false
    },
    "metrics": {
      "priceRange": 4.12,
      "atrRatio": 0.605,
      "bbWidth": 3.14,
      "volumeRatio": 2.641,
      "signalCount": 4,
      "buySellRatio": 0.114
    }
  },
  "riskTier": "LOW",
  "atrPercent": 0.9274873524451938,
  "distanceToResistance": 3.7661607644744266,
  "slPercent": 2.5,
  "tpPercent": 0.23608768971332608,
  "trailingActivation": 0.14165261382799565,
  "shortMomentumScore": 75,
  "overboughtScore": 0,
  "shortPatternScore": 0,
  "shootingStarDetected": false,
  "bearishEngulfingDetected": false,
  "eveningStarDetected": false,
  "bearishPatternsCount": 0,
  "shortTotalScore": 30,
  "chaikin": -0.11083932274297266,
  "obvIncreasing": false,
  "obvTrend": "declining",
  "adx": 21.73913043478229,
  "recentCandles": {
    "redCount": 8,
    "greenCount": 2
  },
  "resistanceDistance": 3.7661607644744266,
  "multiplePatterns": false,
  "bullishPattern": false,
  "priceAboveVWAP": false,
  "breakingResistance": false,
  "atrSufficient": false,
  "macdDivergenceBearish": false,
  "rvolMin1": 3.9670832937556844,
  "rvolMin5": 2.9708596018061626,
  "atrPercentileOld": 0.7560975609756098,
  "vwapDeviation": -0.5282699727102623,
  "bbWidthPercent": 3.137046328685683,
  "bbSqueeze": false,
  "multiTFMomentum": {
    "min1": {
      "roc1": -0.001121704991587167,
      "roc3": -0.003914988814317708
    },
    "min5": {
      "roc1": -0.002243409983174334,
      "roc3": -0.006700167504187526
    },
    "min15": {
      "roc1": 0,
      "roc3": -0.0005589714924538621
    },
    "hourly": {
      "roc1": -0.0005592841163310734,
      "roc3": -0.02615803814713903
    },
    "fourHour": {
      "roc1": -0.01106806862202539,
      "roc3": -0.006117908787541657
    },
    "divergenceShortUpLongDown": false
  },
  "returnZMin5": -0.7109767530995231,
  "wickClosePct": 0.5,
  "wickUpper": 0.000020000000000002655,
  "wickLower": 0.000060000000000001025,
  "wickRatio": 1.5000000000000868,
  "donchianBreakout15": false,
  "bbWidthPercentile15": 0.8181818181818182,
  "signedMin5": -8851954.399999997,
  "signedMin5Z": -2.6248489888415603,
  "signedMin1": -19731237.9,
  "signedMin1Z": -14.902066191100298,
  "streakMin1": {
    "upStreak": 0,
    "downStreak": 4
  },
  "streakMin5": {
    "upStreak": 0,
    "downStreak": 6
  },
  "rvolPercentileMin1": 0.9854166666666667,
  "rvolPercentileMin5": 0.9791666666666666,
  "perTfMetrics": {
    "min1": {
      "sma20": 0.017891999999999998,
      "sma50": 0.017918200000000006,
      "ema20": 0.01788531368832158,
      "ema50": 0.017918759949772062,
      "vwma20": 0.017866889302192615,
      "hma21": 0.017858051948051956,
      "atr14": 0.00004571428571428583,
      "atrPercentile": 0.8705941591137966,
      "rvolZ": 3.9670832937556844,
      "rvolPercentile": 0.9854166666666667,
      "mfi14": 7.613650498741606,
      "ppo": {
        "ppo": -0.1216181851012944,
        "signal": -0.07723657392235596,
        "histogram": -0.044381611178938435
      },
      "stochRsi": {
        "k": 32.25806451612948,
        "d": 34.59262005795201
      },
      "vprofile": {
        "vpBins": [
          0,
          0.046163566457422,
          0.09878950100430596,
          0.07693006522760565,
          0.16646863962230943,
          0.13945891554037346,
          0.060202679723133784,
          0.04653866675580159,
          0.016966448483160812,
          0.05054760245004405,
          0.004287176093657195,
          0.012498871843066051,
          0.02327089361332342,
          0.039351601070296435,
          0.001989375777590052,
          0.049527803023643784,
          0.04301629983260589,
          0.11690426461122667,
          0.007087628870433799,
          0
        ],
        "currentBinShare": 0.046163566457422
      },
      "ttm": {
        "squeeze": false,
        "release": true,
        "widthPct": 0.7230476918755171
      }
    },
    "min5": {
      "sma20": 0.017952000000000003,
      "sma50": 0.0180744,
      "ema20": 0.01795577848059492,
      "ema50": 0.01802394631967775,
      "vwma20": 0.017920752837828388,
      "hma21": 0.017854761904761915,
      "atr14": 0.00009500000000000083,
      "atrPercentile": 0.6970802919708029,
      "rvolZ": 2.9708596018061626,
      "rvolPercentile": 0.9791666666666666,
      "mfi14": 27.632067599031146,
      "ppo": {
        "ppo": -0.4095575779221805,
        "signal": -0.33981444297167956,
        "histogram": -0.06974313495050094
      },
      "stochRsi": {
        "k": 100,
        "d": 39.79721315868292
      },
      "vprofile": {
        "vpBins": [
          0,
          0.04205682339159908,
          0.03619291350652159,
          0.15078003651744828,
          0.1488466081188592,
          0.14119151043714412,
          0.13395244850676033,
          0.0669254019780852,
          0.062238949577199484,
          0.0362604618741031,
          0.02661507976365235,
          0.044230384081116396,
          0.0037457256000335997,
          0.07234262100094994,
          0.03462103564652737,
          0,
          0,
          0,
          0,
          0
        ],
        "currentBinShare": 0.15078003651744828
      },
      "ttm": {
        "squeeze": false,
        "release": false,
        "widthPct": 2.1758566159953343
      }
    },
    "min15": {
      "sma20": 0.018059000000000002,
      "sma50": 0.017978,
      "ema20": 0.01801010908620946,
      "ema50": 0.018003244297909782,
      "vwma20": 0.018020528082572984,
      "hma21": 0.018041991341991335,
      "atr14": 0.00016499999999999997,
      "atrPercentile": 0.7560975609756098,
      "rvolZ": 3.2745855691023844,
      "rvolPercentile": 0.96875,
      "mfi14": 32.423386109020285,
      "ppo": {
        "ppo": -0.1415806487804627,
        "signal": 0.06966636928828707,
        "histogram": -0.21124701806874976
      },
      "stochRsi": {
        "k": 1.5097052480229696,
        "d": 40.55324795200193
      },
      "vprofile": {
        "vpBins": [
          0,
          0.057517146881334726,
          0.0177929734229893,
          0.13113995590911903,
          0.14501858958524183,
          0.14285140759047463,
          0.15270720464724216,
          0.0816727045305804,
          0.08320843035147518,
          0.05398471545462472,
          0.023372045015374186,
          0.059163541516503444,
          0,
          0.051571285095040394,
          0,
          0,
          0,
          0,
          0,
          0
        ],
        "currentBinShare": 0.14501858958524183
      },
      "ttm": {
        "squeeze": false,
        "release": false,
        "widthPct": 3.137046328685683
      }
    },
    "hourly": {
      "sma20": 0.0179725,
      "sma50": 0.0181742,
      "ema20": 0.01800575811744671,
      "ema50": 0.018093325878135034,
      "vwma20": 0.01793540897804177,
      "hma21": 0.017962294372294376,
      "atr14": 0.00033285714285714315,
      "atrPercentile": 0.7981366459627329,
      "rvolZ": 2.7195884046320833,
      "rvolPercentile": 0.9791666666666666,
      "mfi14": 36.98764337518375,
      "ppo": {
        "ppo": -0.26693744702550426,
        "signal": -0.3103800873904348,
        "histogram": 0.04344264036493056
      },
      "stochRsi": {
        "k": 36.18434579069733,
        "d": 47.615256502969366
      },
      "vprofile": {
        "vpBins": [
          0.015342184299432045,
          0.06168524979874908,
          0.02558954315963822,
          0.019923184392008346,
          0.043960795683114645,
          0.05099018923585071,
          0.01781886276533601,
          0.08383022034840641,
          0.10571962664312268,
          0.03712779500077779,
          0.09423976050069036,
          0.08924689151823428,
          0.155484290198583,
          0.08109141180063006,
          0.08040947548495707,
          0.037540519170469265,
          0,
          0,
          0,
          0
        ],
        "currentBinShare": 0.09423976050069036
      },
      "ttm": {
        "squeeze": true,
        "release": false,
        "widthPct": 2.836140861194691
      }
    },
    "fourHour": {
      "sma20": 0.018268,
      "sma50": 0.017456399999999993,
      "ema20": 0.01805282295754983,
      "ema50": 0.017852610407427895,
      "vwma20": 0.01826064256022879,
      "hma21": 0.017971471861471855,
      "atr14": 0.0005907142857142862,
      "atrPercentile": 0.7142857142857143,
      "rvolZ": 1.2862318816580502,
      "rvolPercentile": 0.9285714285714286,
      "mfi14": 45.968992692548504,
      "ppo": {
        "ppo": 0.4336680981321695,
        "signal": 1.010539488593876,
        "histogram": -0.5768713904617067
      },
      "stochRsi": {
        "k": 20.839118340242386,
        "d": 41.407607188944134
      },
      "vprofile": {
        "vpBins": [
          0.019062721443192123,
          0.04421549211402534,
          0.015557540225850952,
          0.01575976036956253,
          0.028294191658521366,
          0.06308009129564343,
          0.08209686020938355,
          0.1101704285395741,
          0.0407832702689162,
          0.07702062530752854,
          0.1299213731022295,
          0.10728323069230453,
          0.12990404444747353,
          0.06474251863640261,
          0.04813914473910855,
          0,
          0.023968706950283147,
          0,
          0,
          0
        ],
        "currentBinShare": 0.07702062530752854
      },
      "ttm": {
        "squeeze": true,
        "release": false,
        "widthPct": 5.741485731201785
      }
    },
    "daily": {
      "sma20": 0.018356,
      "sma50": 0.015551200000000001,
      "ema20": 0.017735794494770907,
      "ema50": 0.016890109929990068,
      "vwma20": 0,
      "hma21": 0.016531212121212113,
      "atr14": 0.0012707142857142865,
      "atrPercentile": 0.2236842105263158,
      "rvolZ": 0,
      "rvolPercentile": 1,
      "mfi14": 50,
      "ppo": {
        "ppo": 1.9082593972504787,
        "signal": 2.7317390539321145,
        "histogram": -0.8234796566816358
      },
      "stochRsi": {
        "k": 78.92634042372578,
        "d": 42.631058262579124
      },
      "vprofile": {
        "vpBins": [
          0,
          0,
          0,
          0,
          0,
          0,
          0,
          0,
          0,
          0,
          0,
          0,
          0,
          0,
          0,
          0,
          0,
          0,
          0,
          0
        ],
        "currentBinShare": 0
      },
      "ttm": {
        "squeeze": false,
        "release": false,
        "widthPct": 32.80340955855287
      }
    }
  },
  "smaMin5": 0.017952000000000003,
  "emaMin5": 0.01795577848059492,
  "vwmaMin5": 0.017920752837828388,
  "hmaMin5": 0.017854761904761915,
  "keltner15": {
    "upper": 0.018286109086209458,
    "middle": 0.01801010908620946,
    "lower": 0.01773410908620946
  },
  "superTrend15": {
    "isBull": true,
    "finalUpper": 0.018387,
    "finalLower": 0.017283
  },
  "mfi15": 32.423386109020285,
  "stochRsi15": {
    "k": 1.5097052480229696,
    "d": 40.55324795200193
  },
  "ppo15": {
    "ppo": -0.1415806487804627,
    "signal": 0.06966636928828707,
    "histogram": -0.21124701806874976
  },
  "vpMin15": {
    "vpBins": [
      0,
      0.057517146881334726,
      0.0177929734229893,
      0.13113995590911903,
      0.14501858958524183,
      0.14285140759047463,
      0.15270720464724216,
      0.0816727045305804,
      0.08320843035147518,
      0.05398471545462472,
      0.023372045015374186,
      0.059163541516503444,
      0,
      0.051571285095040394,
      0,
      0,
      0,
      0,
      0,
      0
    ],
    "currentBinShare": 0.14501858958524183
  },
  "ttm15": {
    "squeeze": false,
    "release": false,
    "widthPct": 3.137046328685683
  },
  "marketCorrelation": {
    "hourly": {
      "btcCorrelation": 0,
      "ethCorrelation": 0,
      "btcBeta": 1,
      "ethBeta": 1,
      "btcTrend": "UNKNOWN",
      "ethTrend": "UNKNOWN",
      "tokenVol": 0,
      "btcVol": 0,
      "ethVol": 0,
      "marketDependence": 0,
      "verdict": "INSUFFICIENT_DATA"
    },
    "min15": {
      "btcCorrelation": 0,
      "ethCorrelation": 0,
      "btcBeta": 1,
      "ethBeta": 1,
      "btcTrend": "UNKNOWN",
      "ethTrend": "UNKNOWN",
      "tokenVol": 0,
      "btcVol": 0,
      "ethVol": 0,
      "marketDependence": 0,
      "verdict": "INSUFFICIENT_DATA"
    },
    "daily": {
      "btcCorrelation": 0,
      "ethCorrelation": 0,
      "btcBeta": 1,
      "ethBeta": 1,
      "btcTrend": "UNKNOWN",
      "ethTrend": "UNKNOWN",
      "tokenVol": 0,
      "btcVol": 0,
      "ethVol": 0,
      "marketDependence": 0,
      "verdict": "INSUFFICIENT_DATA"
    }
  },
  "tradeTape": {
    "totalTrades": 0,
    "totalVolume": 0,
    "buysVolume": 0,
    "sellsVolume": 0,
    "buySellRatio": 0.5,
    "vwap": 0,
    "signedVolume": 0,
    "avgTradeSize": 0,
    "tradesPerSec": 0,
    "cumulativeDelta": 0,
    "tradesLast1m": 0,
    "tradesLast5m": 0,
    "tradesLast15m": 0,
    "tradesLast1h": 0,
    "buyVWAP": 0,
    "sellVWAP": 0,
    "aggressorVWAP": 0,
    "bucketDurationMs": 60000,
    "bucketCount": 15,
    "bucketSignedVolumes": [],
    "bucketVolumes": [],
    "bucketVWAPs": [],
    "latestBucketSignedZ": 0
  },
  "enhancedMetrics": {
    "relativeVolumeZScore": -1,
    "volumePercentile": 40,
    "atrPercentile": 70.07299270072993,
    "volatilityPercentile": 42.08860759493671,
    "relativeVolatilityRatio": 1.0161852539421035,
    "isHighVolume": false,
    "isHighVolatility": false,
    "isLowVolatility": false,
    "isExpandingVolatility": false,
    "isContractingVolatility": false
  },
  "orderBook": {
    "bidAskSpread": 0,
    "spreadPct": 0,
    "midPrice": 0,
    "bestBid": 0,
    "bestAsk": 0,
    "bidDepth": 0,
    "askDepth": 0,
    "orderBookImbalance": 0,
    "liquidityScore": 0,
    "depthAt1Pct": {
      "bidVolume": 0,
      "askVolume": 0,
      "imbalance": 0
    },
    "depthAt2Pct": {
      "bidVolume": 0,
      "askVolume": 0,
      "imbalance": 0
    },
    "depthAt5Pct": {
      "bidVolume": 0,
      "askVolume": 0,
      "imbalance": 0
    },
    "weightedMidPrice": 0,
    "volumeWeightedSpread": 0,
    "totalBidLevels": 0,
    "totalAskLevels": 0
  },
  "marketCap": {
    "marketCap": 0,
    "totalVolume24h": 0,
    "volumeToMarketCapRatio": 0,
    "marketCapRank": 0,
    "normalizedRank": 0,
    "isHighLiquidity": false,
    "isVeryHighLiquidity": false,
    "isLowLiquidity": true,
    "liquidityTier": "VERY_LOW"
  },
  "sweeps": {
    "sweepScore": 0,
    "sweepCount": 0,
    "sweepDirection": "NEUTRAL",
    "buySweeps": 0,
    "sellSweeps": 0,
    "avgSweepSize": 0,
    "avgSweepIntensity": 0,
    "bidLiftRatio": 0,
    "askLiftRatio": 0,
    "sweepFrequency": 0,
    "largestSweep": null,
    "recentSweepClusters": 0,
    "sweepDetails": []
  },
  "absorption": {
    "absorptionScore": 0,
    "absorptionLevel": null,
    "absorptionSide": "NONE",
    "icebergProbability": 0,
    "hiddenLiquidityEstimate": 0,
    "volumeAtPrice": {},
    "topAbsorptionLevels": [],
    "persistenceDuration": 0,
    "refillDetected": false
  },
  "orderArrival": {
    "avgInterArrivalTime": 0,
    "recentInterArrivalTime": 0,
    "accelerationRatio": 1,
    "hawkesIntensity": 0,
    "hawkesDirection": "NEUTRAL",
    "clusteringScore": 0,
    "burstCount": 0,
    "cascadeDetected": false,
    "timeToNextTrade": 0,
    "accelerationTrend": "STABLE"
  },
  "liquidityVacuum": {
    "vacuumScore": 0,
    "vacuumSide": "NONE",
    "bidVacuumSeverity": 0,
    "askVacuumSeverity": 0,
    "depthConcentration": 0,
    "priceImpact10k": 0,
    "priceImpact50k": 0,
    "priceImpact100k": 0,
    "largestGapBid": 0,
    "largestGapAsk": 0,
    "avgGapBid": 0,
    "avgGapAsk": 0,
    "bidCliffDistance": 0,
    "askCliffDistance": 0
  },
  "volatilityRegime": {
    "regime": "LOW",
    "regimeScore": -1,
    "currentATR": 0.001238,
    "avgATR": 0.002611,
    "atrPercentile": 23.7,
    "realizedVolatility": 82.56,
    "volPercentile": 0,
    "expanding": false,
    "contracting": true,
    "transitionProbability": 0.4,
    "daysInRegime": 1,
    "regimeStrength": 0.82
  },
  "temporalPatterns": {
    "currentHour": 8,
    "currentDay": 0,
    "currentDayName": "Sunday",
    "dayBias": "NEUTRAL",
    "hourlyProfile": [
      {
        "avgVolume": 25661444.34,
        "avgATR": 0.000317,
        "avgReturn": 0.035
      },
      {
        "avgVolume": 35504726.77,
        "avgATR": 0.000349,
        "avgReturn": -0.4
      },
      {
        "avgVolume": 33424048.14,
        "avgATR": 0.000316,
        "avgReturn": 0.445
      },
      {
        "avgVolume": 34684973.76,
        "avgATR": 0.000344,
        "avgReturn": 0.137
      },
      {
        "avgVolume": 24601373.81,
        "avgATR": 0.000266,
        "avgReturn": 0.051
      },
      {
        "avgVolume": 19269257.62,
        "avgATR": 0.000281,
        "avgReturn": 0.152
      },
      {
        "avgVolume": 17471944.31,
        "avgATR": 0.000254,
        "avgReturn": 0.051
      },
      {
        "avgVolume": 15283946.8,
        "avgATR": 0.000265,
        "avgReturn": 0.065
      },
      {
        "avgVolume": 15283263.31,
        "avgATR": 0.000257,
        "avgReturn": -0.034
      },
      {
        "avgVolume": 13173882.45,
        "avgATR": 0.000219,
        "avgReturn": -0.235
      },
      {
        "avgVolume": 17131632.35,
        "avgATR": 0.000285,
        "avgReturn": 0.125
      },
      {
        "avgVolume": 21164298.97,
        "avgATR": 0.000289,
        "avgReturn": -0.073
      },
      {
        "avgVolume": 26401051.61,
        "avgATR": 0.000315,
        "avgReturn": -0.368
      },
      {
        "avgVolume": 35266262.05,
        "avgATR": 0.000321,
        "avgReturn": -0.443
      },
      {
        "avgVolume": 32437691.55,
        "avgATR": 0.000369,
        "avgReturn": 0.165
      },
      {
        "avgVolume": 46712566.24,
        "avgATR": 0.000413,
        "avgReturn": -0.545
      },
      {
        "avgVolume": 32859569.31,
        "avgATR": 0.000317,
        "avgReturn": 0.214
      },
      {
        "avgVolume": 33424498.47,
        "avgATR": 0.000349,
        "avgReturn": 0.093
      },
      {
        "avgVolume": 26913293.21,
        "avgATR": 0.000326,
        "avgReturn": -0.005
      },
      {
        "avgVolume": 18862868.05,
        "avgATR": 0.00025,
        "avgReturn": -0.255
      },
      {
        "avgVolume": 18625915.1,
        "avgATR": 0.000259,
        "avgReturn": 0.022
      },
      {
        "avgVolume": 22102468.86,
        "avgATR": 0.000282,
        "avgReturn": -0.032
      },
      {
        "avgVolume": 18845214.53,
        "avgATR": 0.000265,
        "avgReturn": 0.044
      },
      {
        "avgVolume": 17387028.26,
        "avgATR": 0.000199,
        "avgReturn": 0.147
      }
    ],
    "dailyProfile": [
      {
        "avgVolume": 18085951.72,
        "avgATR": 0.000296,
        "avgReturn": -0.104
      },
      {
        "avgVolume": 26620713.95,
        "avgATR": 0.000289,
        "avgReturn": -0.204
      },
      {
        "avgVolume": 19768114.91,
        "avgATR": 0.00025,
        "avgReturn": -0.045
      },
      {
        "avgVolume": 31978484.48,
        "avgATR": 0.000337,
        "avgReturn": 0.006
      },
      {
        "avgVolume": 32675511.97,
        "avgATR": 0.000341,
        "avgReturn": 0.276
      },
      {
        "avgVolume": 22663400.85,
        "avgATR": 0.00028,
        "avgReturn": -0.08
      },
      {
        "avgVolume": 23813824.24,
        "avgATR": 0.000279,
        "avgReturn": -0.044
      }
    ],
    "favorableHours": [
      15,
      1,
      13,
      3,
      2,
      17
    ],
    "favorableWindow": false,
    "currentVsAvgVolume": 0,
    "currentVsAvgVolatility": 0,
    "anomalyDetected": true,
    "timeUntilFavorable": 5,
    "temporalScore": 0
  },
  "unifiedMicrostructure": {
    "signalDirections": {
      "vpin": "NEUTRAL",
      "sweeps": "NEUTRAL",
      "absorption": "NEUTRAL",
      "arrival": "NEUTRAL",
      "vacuum": "NONE",
      "volRegime": "FAVORABLE",
      "temporal": "UNFAVORABLE"
    },
    "consensusDirection": "NEUTRAL",
    "consensusStrength": 50,
    "bullishSignals": 1,
    "bearishSignals": 1,
    "neutralSignals": 0,
    "totalAvailableSignals": 2,
    "dominantPattern": "NONE",
    "clusters": {
      "strongBuyCluster": false,
      "distributionPattern": false,
      "accumulationPattern": false,
      "momentumCascade": false
    },
    "adaptiveWeights": {
      "vpin": 0,
      "sweeps": 0,
      "absorption": 0,
      "arrival": 0,
      "vacuum": 0,
      "volRegime": 0.021,
      "temporal": 0.02
    },
    "convictionLevel": "LOW",
    "convictionScore": 30,
    "riskAdjustment": "REDUCE",
    "timingQuality": "UNFAVORABLE",
    "signalQuality": "LOW"
  },
  "deltaAnalysis": {
    "currentDelta": 0,
    "cumulativeDelta": 0,
    "deltaPerVolume": 0,
    "deltaDirection": "NEUTRAL",
    "deltaDivergence": false,
    "institutionalRatio": 0,
    "aggressionScore": 0
  },
  "volumeProfile": {
    "pointOfControl": 0,
    "valueAreaHigh": 0,
    "valueAreaLow": 0,
    "currentPosition": "ABOVE_VALUE_AREA",
    "volumeNodes": [],
    "airPockets": []
  },
  "momentumCascade": {
    "cascadeDetected": false,
    "alignmentScore": -0.007476243388905937,
    "cascadeStrength": 0,
    "acceleratingTimeframes": [],
    "divergingTimeframes": [
      "1m",
      "5m",
      "15m",
      "1h"
    ]
  },
  "breakoutConfirmation": {
    "breakoutConfirmed": false,
    "volumeConfirmation": false,
    "retestStrength": 0,
    "falseBreakoutRisk": 0,
    "breakoutQuality": "NO_BREAKOUT"
  },
  "liquidityHeatmap": {
    "liquidityScore": 0,
    "magnetDirection": "NONE",
    "magnetStrength": 0,
    "priceTarget5pct": null,
    "message": "No order book data"
  },
  "smartMoneyDivergence": {
    "divergenceDetected": false,
    "divergenceDirection": "NONE",
    "smartMoneyScore": 0.5,
    "message": "Insufficient trade data"
  },
  "microstructure": {
    "raw": -0.04020835258246327,
    "pct": 49,
    "summary": {
      "latestBucketSignedZ": 0,
      "buySellRatio": 0.5,
      "tradesPerSec": 0,
      "vwap": 0,
      "aggressorVWAP": 0,
      "vpinToxicity": "UNKNOWN",
      "sweepDirection": "NEUTRAL",
      "absorptionSide": "NONE",
      "icebergDetected": false,
      "hawkesDirection": "NEUTRAL",
      "cascadeDetected": false,
      "vacuumSide": "NONE",
      "volatilityRegime": "LOW",
      "volExpanding": false,
      "favorableTimeWindow": false,
      "temporalAnomaly": true,
      "consensusDirection": "NEUTRAL",
      "consensusStrength": 50,
      "dominantPattern": "NONE",
      "convictionLevel": "LOW",
      "riskAdjustment": "REDUCE",
      "timingQuality": "UNFAVORABLE",
      "deltaDirection": "NEUTRAL",
      "deltaDivergence": false,
      "institutionalRatio": 0,
      "volumeProfilePosition": "ABOVE_VALUE_AREA",
      "pointOfControl": 0,
      "momentumCascadeDetected": false,
      "cascadeStrength": 0,
      "breakoutQuality": "NO_BREAKOUT",
      "breakoutConfirmed": false,
      "magnetDirection": "NONE",
      "magnetStrength": 0,
      "priceTarget5pct": null,
      "nearestBidWall": 0,
      "nearestAskWall": 0,
      "divergenceDetected": false,
      "divergenceDirection": "NONE",
      "whaleAccumulation": false,
      "whaleDistribution": false,
      "retailPanic": false,
      "smartMoneyScore": 0.5
    }
  }
}

=== MICROSTRUCTURE ALERTS ===

🔬 VPIN: Insufficient data for VPIN analysis

🌊 SWEEP DETECTION: No significant sweeps detected

🧊 ABSORPTION & ICEBERG: No significant absorption or iceberg orders detected

⚡ ORDER ARRIVAL DYNAMICS: Insufficient trades for analysis

🌪️ LIQUIDITY VACUUM: No significant vacuum detected

📊 VOLATILITY REGIME DETECTION:
   Current Regime: LOW
   Regime Score: -1.00 (-1=low vol, +1=extreme vol)
   Days in Regime: 1
   ATR: $0.001238 (avg: $0.002611)
   ATR Percentile: 23.7%
   Realized Volatility: 82.56% (annualized)
   Vol Percentile: 0.0%

   🔵 LOW VOLATILITY REGIME:
   ✅ Ideal for breakout setups - price coiling
   ✅ Tight stops recommended
   ✅ Can increase position size (lower risk)

   📉 VOLATILITY CONTRACTING:
   🔄 Consolidation phase - accumulation likely
   ⏳ Wait for expansion before entering

   📍 MODERATE REGIME TRANSITION PROBABILITY: 40%
   Monitor for potential regime change

   ⚠️ NEW REGIME: Only 1 day(s) - conditions still settling

⏰ TEMPORAL PATTERN ANALYSIS:
   Current Time: Sunday 8:00 UTC
   Day Bias: NEUTRAL
   Current vs Avg Volume: 0x
   Current vs Avg Volatility: 0x

   ⏳ NON-FAVORABLE TIME WINDOW:
   This hour typically shows weaker activity
   Next favorable window in 5 hour(s)

   ⚠️ LOW ACTIVITY ANOMALY:
   Volume 0x below typical - Extremely quiet

   📉 LOW VOLATILITY ANOMALY:
   Volatility 0x below typical - Consolidation likely

   🔥 Best Trading Hours (UTC): 15:00, 1:00, 13:00

🎯 UNIFIED MICROSTRUCTURE INTEGRATION:
   Signal Consensus: NEUTRAL (50% agreement)
   Available Signals: 2 (1 bullish / 1 bearish / 0 neutral)
   Conviction Level: LOW (30%)
   Signal Quality: LOW
   Risk Adjustment: REDUCE
   Timing Quality: UNFAVORABLE

   ⚠️ LOW CONVICTION: Only 50% signal agreement
   Weak alignment - Reduce position size or wait for clarity

   ⚠️ RISK REDUCTION RECOMMENDED: Extreme volatility or unfavorable timing detected

   ⏰ UNFAVORABLE TIMING: Avoid trading during this hour

   Signal Directions Breakdown:
   • VPIN: NEUTRAL
   • Sweeps: NEUTRAL
   • Absorption: NEUTRAL
   • Arrival Dynamics: NEUTRAL
   • Liquidity Vacuum: NONE
   • Vol Regime: FAVORABLE
   • Temporal: UNFAVORABLE

   Adaptive Weights (Total: 4.1%):
   • VPIN: 0.0%
   • Sweeps: 0.0%
   • Absorption: 0.0%
   • Arrival: 0.0%
   • Vacuum: 0.0%
   • Vol Regime: 2.1%
   • Temporal: 2.0%


💹 DELTA ANALYSIS (Order Flow Aggression):
   Direction: NEUTRAL
   Delta Per Volume: 0.00%
   Institutional Ratio: 0.0%
   Aggression Score: 0.0%

📊 VOLUME PROFILE (Support/Resistance Strength):
   Point of Control (POC): $0.000000
   Value Area High: $0.000000
   Value Area Low: $0.000000
   Current Position: ABOVE_VALUE_AREA
   ⚠️ DISTRIBUTION RISK: Price above value area - potential rejection zone

⚡ MOMENTUM CASCADE (Multi-Timeframe Alignment):
   Cascade Detected: NO
   Alignment Score: -0.7%
   Cascade Strength: 0.0%
   Accelerating: None
   Diverging: 1m, 5m, 15m, 1h

💥 BREAKOUT CONFIRMATION:
   Quality: NO_BREAKOUT
   Volume Confirmation: NO
   Retest Strength: 0.0%
   False Breakout Risk: 0.0%
   No breakout detected - price below resistance


levels:
Entry=0.01782558, StopLoss=0.018271219499999998, TakeProfit=0.0178087464, 0.017783496, 0.0177708708

---
