
=== Token: DASH (DASH) ===
Contract: DASH-USD
Timestamp: 2025-04-11T13:45:00.000Z

Calculations:
{
  "momentumScore": 122.10012099286021,
  "volumeScore": 36.575132377303376,
  "patternScore": 10.007982178334338,
  "totalScore": 49.48738417666921,
  "finalScore": 49.48738417666921,
  "weights": "0.27,0.41,0.23",
  "hourlyUptrend": true,
  "rsi": 62.96296296296304,
  "ultraShortVolumeSurge": 0.09574264047621128,
  "baseVolumeSurge": 0.024143084888486058,
  "currentPrice": 20.36,
  "resistance": 20.5,
  "support": 20.17,
  "rocMin5": 0.003944773175542322,
  "shortROC": -0.0014713094654242832,
  "priceAcceleration": 0.0009913128998914884,
  "buySellRatio": 0.962295365200783,
  "macdHistogram": 0.0025851579942187987,
  "stochasticK": 57.57575757575718,
  "atr": 0.08142857142857071,
  "bbUpper": 20.408236770302267,
  "bbLower": 20.176763229697734,
  "hammerDetected": false,
  "engulfingDetected": false,
  "compressionSpring": {
    "detected": true,
    "confidence": 56,
    "signals": {
      "sidewaysPrice": true,
      "atrCompression": false,
      "bbSqueeze": true,
      "consolidationTime": true,
      "strongBuying": true,
      "obvPositive": false,
      "chaikinPositive": false,
      "rsiNeutral": true,
      "volumeBuilding": false
    },
    "metrics": {
      "priceRange": 1.64,
      "atrRatio": 1.118,
      "bbWidth": 1.14,
      "volumeRatio": 2.455,
      "signalCount": 5,
      "buySellRatio": 0.962
    }
  },
  "riskTier": "MEDIUM",
  "atrPercent": 0.4455515015436392,
  "distanceToResistance": 0.6876227897838928,
  "slPercent": 3,
  "tpPercent": 0.5844793713163089,
  "trailingActivation": 0.3506876227897853,
  "shortMomentumScore": 0,
  "overboughtScore": 0,
  "shortPatternScore": 25,
  "shootingStarDetected": false,
  "bearishEngulfingDetected": false,
  "eveningStarDetected": true,
  "bearishPatternsCount": 1,
  "shortTotalScore": 6.25,
  "chaikin": -0.19242933684301616,
  "obvIncreasing": true,
  "obvTrend": "increasing",
  "adx": 35.29411764705912,
  "recentCandles": {
    "redCount": 4,
    "greenCount": 6
  },
  "resistanceDistance": 0.6876227897838928,
  "multiplePatterns": false,
  "bullishPattern": false,
  "priceAboveVWAP": true,
  "breakingResistance": true,
  "atrSufficient": false,
  "macdDivergenceBearish": false,
  "rvolMin1": -0.27846445820374066,
  "rvolMin5": -0.15329950119659072,
  "atrPercentileOld": 0.7195121951219512,
  "vwapDeviation": 1.4746217239470403,
  "bbWidthPercent": 1.1406851822325144,
  "bbSqueeze": true,
  "multiTFMomentum": {
    "min1": {
      "roc1": 0.0004901960784314492,
      "roc3": 0.0004901960784314492
    },
    "min5": {
      "roc1": -0.0014713094654242832,
      "roc3": 0.0029556650246304788
    },
    "min15": {
      "roc1": -0.0014713094654242832,
      "roc3": 0.002461841457410178
    },
    "hourly": {
      "roc1": 0.007396449704141941,
      "roc3": 0.007893438579181063
    },
    "fourHour": {
      "roc1": 0.001961745953898928,
      "roc3": 0.012890431333663757
    },
    "divergenceShortUpLongDown": false
  },
  "returnZMin5": -0.7255822243484369,
  "wickClosePct": 0,
  "wickUpper": 0.03999999999999915,
  "wickLower": 0,
  "wickRatio": 1.3333333333332544,
  "donchianBreakout15": false,
  "bbWidthPercentile15": 0.14285714285714285,
  "signedMin5": -63.713364249999955,
  "signedMin5Z": -0.5215724321891817,
  "signedMin1": 371.80629088000023,
  "signedMin1Z": 3.558867520324936,
  "streakMin1": {
    "upStreak": 2,
    "downStreak": 0
  },
  "streakMin5": {
    "upStreak": 0,
    "downStreak": 2
  },
  "rvolPercentileMin1": 0.15833333333333333,
  "rvolPercentileMin5": 0.5173611111111112,
  "perTfMetrics": {
    "min1": {
      "sma20": 20.310499999999998,
      "sma50": 20.284199999999995,
      "ema20": 20.32898950756323,
      "ema50": 20.282433449701653,
      "vwma20": 20.290631446344307,
      "hma21": 20.37926406926407,
      "atr14": 0.0607142857142848,
      "atrPercentile": 0.6636455186304129,
      "rvolZ": -0.27846445820374066,
      "rvolPercentile": 0.15833333333333333,
      "mfi14": 95.01047767449359,
      "ppo": {
        "ppo": 0.16102351176772142,
        "signal": 0.10418589087035045,
        "histogram": 0.056837620897370975
      },
      "stochRsi": {
        "k": 53.263707571801234,
        "d": 56.75334909377474
      },
      "vprofile": {
        "vpBins": [
          0.006399793051548819,
          0.02335290315774719,
          0.07707216335488767,
          0.019072524833093293,
          0.026282302898940915,
          0.025957990949076075,
          0.04298180250305066,
          0.051313468262316385,
          0.08791684106632912,
          0.016853246578642078,
          0.09359234147787893,
          0.12329875699024166,
          0.08430545001130987,
          0.02600917015477227,
          0.21028716715557874,
          0.0564712407700007,
          0.02823337914257008,
          0.0004921768376868184,
          0.00010728080432882078,
          0
        ],
        "currentBinShare": 0.0004921768376868184
      },
      "ttm": {
        "squeeze": false,
        "release": false,
        "widthPct": 1.2322289071798707
      }
    },
    "min5": {
      "sma20": 20.302,
      "sma50": 20.252799999999997,
      "ema20": 20.313043585327417,
      "ema50": 20.256343298707534,
      "vwma20": 20.287195013756907,
      "hma21": 20.348614718614716,
      "atr14": 0.08142857142857071,
      "atrPercentile": 0.7664233576642335,
      "rvolZ": -0.15329950119659072,
      "rvolPercentile": 0.5173611111111112,
      "mfi14": 95.92242792241747,
      "ppo": {
        "ppo": 0.1465490813944554,
        "signal": 0.10901374827866045,
        "histogram": 0.03753533311579496
      },
      "stochRsi": {
        "k": 86.54970760233866,
        "d": 65.43209876543229
      },
      "vprofile": {
        "vpBins": [
          0.006859966265106148,
          0.008358701098599205,
          0.014222061496418158,
          0.019522536640218798,
          0.013046005635459266,
          0.009335257131116432,
          0.015080087513487382,
          0.03372084163454414,
          0.025994539527693004,
          0.10528129410313662,
          0.33209066009009997,
          0.08883405060062591,
          0.04043956237304012,
          0.021466455836739128,
          0.023776307192933777,
          0.19524250140472246,
          0.04672917145605939,
          0,
          0,
          0
        ],
        "currentBinShare": 0.021466455836739128
      },
      "ttm": {
        "squeeze": false,
        "release": false,
        "widthPct": 1.0784302774823473
      }
    },
    "min15": {
      "sma20": 20.2925,
      "sma50": 20.2202,
      "ema20": 20.293473829480526,
      "ema50": 20.220081980358582,
      "vwma20": 20.287933141578847,
      "hma21": 20.31021645021646,
      "atr14": 0.09071428571428493,
      "atrPercentile": 0.7195121951219512,
      "rvolZ": -0.5158034661660864,
      "rvolPercentile": 0.3229166666666667,
      "mfi14": 58.67401666617025,
      "ppo": {
        "ppo": 0.17997186041382157,
        "signal": 0.1694118051899832,
        "histogram": 0.010560055223838377
      },
      "stochRsi": {
        "k": 4.5184304399532165,
        "d": 53.946360153256876
      },
      "vprofile": {
        "vpBins": [
          0,
          0,
          0.07303432342363929,
          0.00899523538833227,
          0.04443317176785701,
          0.06995146848418257,
          0.02498041710614478,
          0.03716700711268323,
          0.048051082653743186,
          0.07499617147438309,
          0.047586996172241505,
          0.06436963549556184,
          0.10739011160839979,
          0.09487315391758927,
          0.06620094301117826,
          0.18469952799206876,
          0.04259637314749016,
          0.010674381244504738,
          0,
          0
        ],
        "currentBinShare": 0.010674381244504738
      },
      "ttm": {
        "squeeze": false,
        "release": false,
        "widthPct": 1.1406851822325144
      }
    },
    "hourly": {
      "sma20": 20.124499999999998,
      "sma50": 20.2474,
      "ema20": 20.202767157995655,
      "ema50": 20.131073688939477,
      "vwma20": 20.110381030451016,
      "hma21": 20.391948051948052,
      "atr14": 0.16999999999999968,
      "atrPercentile": 0.14285714285714285,
      "rvolZ": -0.2371755224044609,
      "rvolPercentile": 0.5059523809523809,
      "mfi14": 53.04689729727111,
      "ppo": {
        "ppo": 0.2651726927677312,
        "signal": 0.11092314890784385,
        "histogram": 0.15424954385988734
      },
      "stochRsi": {
        "k": 75.34113060428865,
        "d": 65.94526344526359
      },
      "vprofile": {
        "vpBins": [
          0,
          0.054673660856642936,
          0,
          0,
          0.012745944703071084,
          0.029530152158642343,
          0.04699895685826249,
          0.0571351219105241,
          0.07585485999648625,
          0.09247122284828935,
          0.07776637610555251,
          0.16569866444975218,
          0.08944652611498179,
          0.03087301965194363,
          0.04685103371416366,
          0.027979916215803043,
          0.03816761933449731,
          0.030241752149017222,
          0.06405257843518322,
          0.05951259449718671
        ],
        "currentBinShare": 0.08944652611498179
      },
      "ttm": {
        "squeeze": false,
        "release": false,
        "widthPct": 3.5144904901987366
      }
    },
    "fourHour": {
      "sma20": 20.038999999999998,
      "sma50": 20.556800000000003,
      "ema20": 20.193236882559706,
      "ema50": 20.565483850322995,
      "vwma20": 20.100565614712576,
      "hma21": 20.659740259740257,
      "atr14": 0.4942857142857139,
      "atrPercentile": 0.18571428571428572,
      "rvolZ": -0.2059191834859094,
      "rvolPercentile": 0.5714285714285714,
      "mfi14": 28.779556234076736,
      "ppo": {
        "ppo": -0.13849901155195735,
        "signal": -0.5150646905378546,
        "histogram": 0.3765656789858973
      },
      "stochRsi": {
        "k": 74.97037463410653,
        "d": 65.78558817399625
      },
      "vprofile": {
        "vpBins": [
          0,
          0,
          0,
          0.04025712295665444,
          0.020622833733940242,
          0.027775796502557452,
          0.03795407557182496,
          0.09384680226900036,
          0.13547767967249244,
          0.06252363374333211,
          0.027602241663751546,
          0.02627852048912837,
          0.02566659896386982,
          0.0952020898275869,
          0.08765378532360275,
          0.17541620261305807,
          0.06602761852068735,
          0.02332083551582468,
          0.048077236038147675,
          0.006296926594540797
        ],
        "currentBinShare": 0.06252363374333211
      },
      "ttm": {
        "squeeze": false,
        "release": false,
        "widthPct": 10.014792258190644
      }
    },
    "daily": {
      "sma20": 21.829500000000003,
      "sma50": 23.27080000000001,
      "ema20": 21.459537716636614,
      "ema50": 23.527997603949654,
      "vwma20": 0,
      "hma21": 19.672727272727265,
      "atr14": 1.4928571428571424,
      "atrPercentile": 0.3157894736842105,
      "rvolZ": 0,
      "rvolPercentile": 1,
      "mfi14": 50,
      "ppo": {
        "ppo": -4.630106598664737,
        "signal": -4.138311588966715,
        "histogram": -0.4917950096980217
      },
      "stochRsi": {
        "k": 74.0388706688347,
        "d": 34.39726053742704
      },
      "vprofile": {
        "vpBins": [
          0,
          0,
          0,
          0,
          0,
          0,
          0,
          0,
          0,
          0,
          0,
          0,
          0,
          0,
          0,
          0,
          0,
          0,
          0,
          0
        ],
        "currentBinShare": 0
      },
      "ttm": {
        "squeeze": false,
        "release": false,
        "widthPct": 27.83548527458769
      }
    }
  },
  "smaMin5": 20.302,
  "emaMin5": 20.313043585327417,
  "vwmaMin5": 20.287195013756907,
  "hmaMin5": 20.348614718614716,
  "keltner15": {
    "upper": 20.443473829480524,
    "middle": 20.293473829480526,
    "lower": 20.143473829480527
  },
  "superTrend15": {
    "isBull": false,
    "finalUpper": 20.694999999999997,
    "finalLower": 20.095000000000002
  },
  "mfi15": 58.67401666617025,
  "stochRsi15": {
    "k": 4.5184304399532165,
    "d": 53.946360153256876
  },
  "ppo15": {
    "ppo": 0.17997186041382157,
    "signal": 0.1694118051899832,
    "histogram": 0.010560055223838377
  },
  "vpMin15": {
    "vpBins": [
      0,
      0,
      0.07303432342363929,
      0.00899523538833227,
      0.04443317176785701,
      0.06995146848418257,
      0.02498041710614478,
      0.03716700711268323,
      0.048051082653743186,
      0.07499617147438309,
      0.047586996172241505,
      0.06436963549556184,
      0.10739011160839979,
      0.09487315391758927,
      0.06620094301117826,
      0.18469952799206876,
      0.04259637314749016,
      0.010674381244504738,
      0,
      0
    ],
    "currentBinShare": 0.010674381244504738
  },
  "ttm15": {
    "squeeze": false,
    "release": false,
    "widthPct": 1.1406851822325144
  },
  "marketCorrelation": {
    "hourly": {
      "btcCorrelation": 0,
      "ethCorrelation": 0,
      "btcBeta": 1,
      "ethBeta": 1,
      "btcTrend": "UNKNOWN",
      "ethTrend": "UNKNOWN",
      "tokenVol": 0,
      "btcVol": 0,
      "ethVol": 0,
      "marketDependence": 0,
      "verdict": "INSUFFICIENT_DATA"
    },
    "min15": {
      "btcCorrelation": 0,
      "ethCorrelation": 0,
      "btcBeta": 1,
      "ethBeta": 1,
      "btcTrend": "UNKNOWN",
      "ethTrend": "UNKNOWN",
      "tokenVol": 0,
      "btcVol": 0,
      "ethVol": 0,
      "marketDependence": 0,
      "verdict": "INSUFFICIENT_DATA"
    },
    "daily": {
      "btcCorrelation": 0,
      "ethCorrelation": 0,
      "btcBeta": 1,
      "ethBeta": 1,
      "btcTrend": "UNKNOWN",
      "ethTrend": "UNKNOWN",
      "tokenVol": 0,
      "btcVol": 0,
      "ethVol": 0,
      "marketDependence": 0,
      "verdict": "INSUFFICIENT_DATA"
    }
  },
  "tradeTape": {
    "totalTrades": 0,
    "totalVolume": 0,
    "buysVolume": 0,
    "sellsVolume": 0,
    "buySellRatio": 0.5,
    "vwap": 0,
    "signedVolume": 0,
    "avgTradeSize": 0,
    "tradesPerSec": 0,
    "cumulativeDelta": 0,
    "tradesLast1m": 0,
    "tradesLast5m": 0,
    "tradesLast15m": 0,
    "tradesLast1h": 0,
    "buyVWAP": 0,
    "sellVWAP": 0,
    "aggressorVWAP": 0,
    "bucketDurationMs": 60000,
    "bucketCount": 15,
    "bucketSignedVolumes": [],
    "bucketVolumes": [],
    "bucketVWAPs": [],
    "latestBucketSignedZ": 0
  },
  "enhancedMetrics": {
    "relativeVolumeZScore": -1,
    "volumePercentile": 40,
    "atrPercentile": 76.27737226277372,
    "volatilityPercentile": 15.822784810126583,
    "relativeVolatilityRatio": 0.6593848363059014,
    "isHighVolume": false,
    "isHighVolatility": false,
    "isLowVolatility": true,
    "isExpandingVolatility": false,
    "isContractingVolatility": true
  },
  "orderBook": {
    "bidAskSpread": 0,
    "spreadPct": 0,
    "midPrice": 0,
    "bestBid": 0,
    "bestAsk": 0,
    "bidDepth": 0,
    "askDepth": 0,
    "orderBookImbalance": 0,
    "liquidityScore": 0,
    "depthAt1Pct": {
      "bidVolume": 0,
      "askVolume": 0,
      "imbalance": 0
    },
    "depthAt2Pct": {
      "bidVolume": 0,
      "askVolume": 0,
      "imbalance": 0
    },
    "depthAt5Pct": {
      "bidVolume": 0,
      "askVolume": 0,
      "imbalance": 0
    },
    "weightedMidPrice": 0,
    "volumeWeightedSpread": 0,
    "totalBidLevels": 0,
    "totalAskLevels": 0
  },
  "marketCap": {
    "marketCap": 0,
    "totalVolume24h": 0,
    "volumeToMarketCapRatio": 0,
    "marketCapRank": 0,
    "normalizedRank": 0,
    "isHighLiquidity": false,
    "isVeryHighLiquidity": false,
    "isLowLiquidity": true,
    "liquidityTier": "VERY_LOW"
  },
  "sweeps": {
    "sweepScore": 0,
    "sweepCount": 0,
    "sweepDirection": "NEUTRAL",
    "buySweeps": 0,
    "sellSweeps": 0,
    "avgSweepSize": 0,
    "avgSweepIntensity": 0,
    "bidLiftRatio": 0,
    "askLiftRatio": 0,
    "sweepFrequency": 0,
    "largestSweep": null,
    "recentSweepClusters": 0,
    "sweepDetails": []
  },
  "absorption": {
    "absorptionScore": 0,
    "absorptionLevel": null,
    "absorptionSide": "NONE",
    "icebergProbability": 0,
    "hiddenLiquidityEstimate": 0,
    "volumeAtPrice": {},
    "topAbsorptionLevels": [],
    "persistenceDuration": 0,
    "refillDetected": false
  },
  "orderArrival": {
    "avgInterArrivalTime": 0,
    "recentInterArrivalTime": 0,
    "accelerationRatio": 1,
    "hawkesIntensity": 0,
    "hawkesDirection": "NEUTRAL",
    "clusteringScore": 0,
    "burstCount": 0,
    "cascadeDetected": false,
    "timeToNextTrade": 0,
    "accelerationTrend": "STABLE"
  },
  "liquidityVacuum": {
    "vacuumScore": 0,
    "vacuumSide": "NONE",
    "bidVacuumSeverity": 0,
    "askVacuumSeverity": 0,
    "depthConcentration": 0,
    "priceImpact10k": 0,
    "priceImpact50k": 0,
    "priceImpact100k": 0,
    "largestGapBid": 0,
    "largestGapAsk": 0,
    "avgGapBid": 0,
    "avgGapAsk": 0,
    "bidCliffDistance": 0,
    "askCliffDistance": 0
  },
  "volatilityRegime": {
    "regime": "BELOW_NORMAL",
    "regimeScore": -0.5,
    "currentATR": 1.526154,
    "avgATR": 1.386308,
    "atrPercentile": 31.6,
    "realizedVolatility": 53.73,
    "volPercentile": 15.3,
    "expanding": false,
    "contracting": false,
    "transitionProbability": 0.3,
    "daysInRegime": 4,
    "regimeStrength": 0.34
  },
  "temporalPatterns": {
    "currentHour": 7,
    "currentDay": 0,
    "currentDayName": "Sunday",
    "dayBias": "NEUTRAL",
    "hourlyProfile": [
      {
        "avgVolume": 331.69,
        "avgATR": 0.219286,
        "avgReturn": -0.002
      },
      {
        "avgVolume": 239.54,
        "avgATR": 0.238571,
        "avgReturn": 0.431
      },
      {
        "avgVolume": 229.43,
        "avgATR": 0.186429,
        "avgReturn": -0.055
      },
      {
        "avgVolume": 678.39,
        "avgATR": 0.217857,
        "avgReturn": -0.262
      },
      {
        "avgVolume": 217.39,
        "avgATR": 0.182143,
        "avgReturn": 0.246
      },
      {
        "avgVolume": 503.4,
        "avgATR": 0.160714,
        "avgReturn": -0.275
      },
      {
        "avgVolume": 393.1,
        "avgATR": 0.275,
        "avgReturn": -0.63
      },
      {
        "avgVolume": 395.86,
        "avgATR": 0.215714,
        "avgReturn": -0.188
      },
      {
        "avgVolume": 741,
        "avgATR": 0.255,
        "avgReturn": 0.592
      },
      {
        "avgVolume": 271.22,
        "avgATR": 0.195,
        "avgReturn": -0.038
      },
      {
        "avgVolume": 1063.4,
        "avgATR": 0.283571,
        "avgReturn": -0.514
      },
      {
        "avgVolume": 320.58,
        "avgATR": 0.227143,
        "avgReturn": -0.205
      },
      {
        "avgVolume": 446.81,
        "avgATR": 0.303571,
        "avgReturn": 0.067
      },
      {
        "avgVolume": 807.81,
        "avgATR": 0.377143,
        "avgReturn": 0.329
      },
      {
        "avgVolume": 324.54,
        "avgATR": 0.327692,
        "avgReturn": 0.068
      },
      {
        "avgVolume": 330.84,
        "avgATR": 0.296429,
        "avgReturn": 0.057
      },
      {
        "avgVolume": 298.96,
        "avgATR": 0.237143,
        "avgReturn": -0.372
      },
      {
        "avgVolume": 1075.86,
        "avgATR": 0.370714,
        "avgReturn": 0.424
      },
      {
        "avgVolume": 359.15,
        "avgATR": 0.235714,
        "avgReturn": -0.145
      },
      {
        "avgVolume": 462.91,
        "avgATR": 0.257857,
        "avgReturn": -0.205
      },
      {
        "avgVolume": 269.25,
        "avgATR": 0.261429,
        "avgReturn": 0.193
      },
      {
        "avgVolume": 689.23,
        "avgATR": 0.165,
        "avgReturn": -0.074
      },
      {
        "avgVolume": 294.23,
        "avgATR": 0.229286,
        "avgReturn": -0.279
      },
      {
        "avgVolume": 566.4,
        "avgATR": 0.227857,
        "avgReturn": 0.166
      }
    ],
    "dailyProfile": [
      {
        "avgVolume": 340.93,
        "avgATR": 0.213333,
        "avgReturn": -0.093
      },
      {
        "avgVolume": 609.67,
        "avgATR": 0.380833,
        "avgReturn": 0.012
      },
      {
        "avgVolume": 325.31,
        "avgATR": 0.220208,
        "avgReturn": -0.052
      },
      {
        "avgVolume": 424.15,
        "avgATR": 0.285,
        "avgReturn": 0.09
      },
      {
        "avgVolume": 778.8,
        "avgATR": 0.26375,
        "avgReturn": -0.069
      },
      {
        "avgVolume": 387.62,
        "avgATR": 0.199149,
        "avgReturn": 0.069
      },
      {
        "avgVolume": 433.87,
        "avgATR": 0.169375,
        "avgReturn": -0.153
      }
    ],
    "favorableHours": [
      17,
      10,
      13,
      8,
      21,
      3
    ],
    "favorableWindow": false,
    "currentVsAvgVolume": 0,
    "currentVsAvgVolatility": 0,
    "anomalyDetected": true,
    "timeUntilFavorable": 1,
    "temporalScore": 0
  },
  "unifiedMicrostructure": {
    "signalDirections": {
      "vpin": "NEUTRAL",
      "sweeps": "NEUTRAL",
      "absorption": "NEUTRAL",
      "arrival": "NEUTRAL",
      "vacuum": "NONE",
      "volRegime": "FAVORABLE",
      "temporal": "UNFAVORABLE"
    },
    "consensusDirection": "NEUTRAL",
    "consensusStrength": 50,
    "bullishSignals": 1,
    "bearishSignals": 1,
    "neutralSignals": 0,
    "totalAvailableSignals": 2,
    "dominantPattern": "NONE",
    "clusters": {
      "strongBuyCluster": false,
      "distributionPattern": false,
      "accumulationPattern": false,
      "momentumCascade": false
    },
    "adaptiveWeights": {
      "vpin": 0,
      "sweeps": 0,
      "absorption": 0,
      "arrival": 0,
      "vacuum": 0,
      "volRegime": 0.021,
      "temporal": 0.02
    },
    "convictionLevel": "LOW",
    "convictionScore": 30,
    "riskAdjustment": "REDUCE",
    "timingQuality": "UNFAVORABLE",
    "signalQuality": "LOW"
  },
  "deltaAnalysis": {
    "currentDelta": 0,
    "cumulativeDelta": 0,
    "deltaPerVolume": 0,
    "deltaDirection": "NEUTRAL",
    "deltaDivergence": false,
    "institutionalRatio": 0,
    "aggressionScore": 0
  },
  "volumeProfile": {
    "pointOfControl": 0,
    "valueAreaHigh": 0,
    "valueAreaLow": 0,
    "currentPosition": "ABOVE_VALUE_AREA",
    "volumeNodes": [],
    "airPockets": []
  },
  "momentumCascade": {
    "cascadeDetected": false,
    "alignmentScore": 0.0030340739515809663,
    "cascadeStrength": 0,
    "acceleratingTimeframes": [
      "5m",
      "15m"
    ],
    "divergingTimeframes": [
      "1m",
      "1h"
    ]
  },
  "breakoutConfirmation": {
    "breakoutConfirmed": false,
    "volumeConfirmation": false,
    "retestStrength": 0,
    "falseBreakoutRisk": 0,
    "breakoutQuality": "NO_BREAKOUT"
  },
  "liquidityHeatmap": {
    "liquidityScore": 0,
    "magnetDirection": "NONE",
    "magnetStrength": 0,
    "priceTarget5pct": null,
    "message": "No order book data"
  },
  "smartMoneyDivergence": {
    "divergenceDetected": false,
    "divergenceDirection": "NONE",
    "smartMoneyScore": 0.5,
    "message": "Insufficient trade data"
  },
  "microstructure": {
    "raw": -0.0544373094336136,
    "pct": 49,
    "summary": {
      "latestBucketSignedZ": 0,
      "buySellRatio": 0.5,
      "tradesPerSec": 0,
      "vwap": 0,
      "aggressorVWAP": 0,
      "vpinToxicity": "UNKNOWN",
      "sweepDirection": "NEUTRAL",
      "absorptionSide": "NONE",
      "icebergDetected": false,
      "hawkesDirection": "NEUTRAL",
      "cascadeDetected": false,
      "vacuumSide": "NONE",
      "volatilityRegime": "BELOW_NORMAL",
      "volExpanding": false,
      "favorableTimeWindow": false,
      "temporalAnomaly": true,
      "consensusDirection": "NEUTRAL",
      "consensusStrength": 50,
      "dominantPattern": "NONE",
      "convictionLevel": "LOW",
      "riskAdjustment": "REDUCE",
      "timingQuality": "UNFAVORABLE",
      "deltaDirection": "NEUTRAL",
      "deltaDivergence": false,
      "institutionalRatio": 0,
      "volumeProfilePosition": "ABOVE_VALUE_AREA",
      "pointOfControl": 0,
      "momentumCascadeDetected": false,
      "cascadeStrength": 0,
      "breakoutQuality": "NO_BREAKOUT",
      "breakoutConfirmed": false,
      "magnetDirection": "NONE",
      "magnetStrength": 0,
      "priceTarget5pct": null,
      "nearestBidWall": 0,
      "nearestAskWall": 0,
      "divergenceDetected": false,
      "divergenceDirection": "NONE",
      "whaleAccumulation": false,
      "whaleDistribution": false,
      "retailPanic": false,
      "smartMoneyScore": 0.5
    }
  }
}

=== MICROSTRUCTURE ALERTS ===

🔬 VPIN: Insufficient data for VPIN analysis

🌊 SWEEP DETECTION: No significant sweeps detected

🧊 ABSORPTION & ICEBERG: No significant absorption or iceberg orders detected

⚡ ORDER ARRIVAL DYNAMICS: Insufficient trades for analysis

🌪️ LIQUIDITY VACUUM: No significant vacuum detected

📊 VOLATILITY REGIME DETECTION:
   Current Regime: BELOW_NORMAL
   Regime Score: -0.50 (-1=low vol, +1=extreme vol)
   Days in Regime: 4
   ATR: $1.526154 (avg: $1.386308)
   ATR Percentile: 31.6%
   Realized Volatility: 53.73% (annualized)
   Vol Percentile: 15.3%

   🟢 BELOW NORMAL VOLATILITY:
   ⚡ Consolidation phase - watch for expansion
   ✅ Good entry zone for patient trades

   📍 MODERATE REGIME TRANSITION PROBABILITY: 30%
   Monitor for potential regime change

⏰ TEMPORAL PATTERN ANALYSIS:
   Current Time: Sunday 7:00 UTC
   Day Bias: NEUTRAL
   Current vs Avg Volume: 0x
   Current vs Avg Volatility: 0x

   ⏳ NON-FAVORABLE TIME WINDOW:
   This hour typically shows weaker activity
   Next favorable window in 1 hour(s)

   ⚠️ LOW ACTIVITY ANOMALY:
   Volume 0x below typical - Extremely quiet

   📉 LOW VOLATILITY ANOMALY:
   Volatility 0x below typical - Consolidation likely

   🔥 Best Trading Hours (UTC): 17:00, 10:00, 13:00

🎯 UNIFIED MICROSTRUCTURE INTEGRATION:
   Signal Consensus: NEUTRAL (50% agreement)
   Available Signals: 2 (1 bullish / 1 bearish / 0 neutral)
   Conviction Level: LOW (30%)
   Signal Quality: LOW
   Risk Adjustment: REDUCE
   Timing Quality: UNFAVORABLE

   ⚠️ LOW CONVICTION: Only 50% signal agreement
   Weak alignment - Reduce position size or wait for clarity

   ⚠️ RISK REDUCTION RECOMMENDED: Extreme volatility or unfavorable timing detected

   ⏰ UNFAVORABLE TIMING: Avoid trading during this hour

   Signal Directions Breakdown:
   • VPIN: NEUTRAL
   • Sweeps: NEUTRAL
   • Absorption: NEUTRAL
   • Arrival Dynamics: NEUTRAL
   • Liquidity Vacuum: NONE
   • Vol Regime: FAVORABLE
   • Temporal: UNFAVORABLE

   Adaptive Weights (Total: 4.1%):
   • VPIN: 0.0%
   • Sweeps: 0.0%
   • Absorption: 0.0%
   • Arrival: 0.0%
   • Vacuum: 0.0%
   • Vol Regime: 2.1%
   • Temporal: 2.0%


💹 DELTA ANALYSIS (Order Flow Aggression):
   Direction: NEUTRAL
   Delta Per Volume: 0.00%
   Institutional Ratio: 0.0%
   Aggression Score: 0.0%

📊 VOLUME PROFILE (Support/Resistance Strength):
   Point of Control (POC): $0.000000
   Value Area High: $0.000000
   Value Area Low: $0.000000
   Current Position: ABOVE_VALUE_AREA
   ⚠️ DISTRIBUTION RISK: Price above value area - potential rejection zone

⚡ MOMENTUM CASCADE (Multi-Timeframe Alignment):
   Cascade Detected: NO
   Alignment Score: 0.3%
   Cascade Strength: 0.0%
   Accelerating: 5m, 15m
   Diverging: 1m, 1h

💥 BREAKOUT CONFIRMATION:
   Quality: NO_BREAKOUT
   Volume Confirmation: NO
   Retest Strength: 0.0%
   False Breakout Risk: 0.0%
   No breakout detected - price below resistance


levels:
Entry=20.31928, StopLoss=19.7097016, TakeProfit=20.378660999999997, 20.438042, 20.485546799999998

---

=== Token: ZEC (ZEC) ===
Contract: ZEC-USD
Timestamp: 2025-04-11T13:45:00.000Z

Calculations:
{
  "momentumScore": 71.87789163496086,
  "volumeScore": 27.40000000000009,
  "patternScore": 60.03801766132797,
  "totalScore": 44.097307065788016,
  "finalScore": 44.097307065788016,
  "weights": "0.27,0.41,0.23",
  "hourlyUptrend": false,
  "rsi": 48.571428571428356,
  "ultraShortVolumeSurge": 0.5780444584408053,
  "baseVolumeSurge": 0.004845536736189125,
  "currentPrice": 38.41,
  "resistance": 39.26,
  "support": 37.01,
  "rocMin5": 0.003658217925267663,
  "shortROC": -0.0015596568754874518,
  "priceAcceleration": 0.0009210138397897046,
  "buySellRatio": 0.540820477286228,
  "macdHistogram": 0.0498365168140642,
  "stochasticK": 56.00000000000023,
  "atr": 0.245000000000001,
  "bbUpper": 39.58297939677162,
  "bbLower": 37.593020603228396,
  "hammerDetected": false,
  "engulfingDetected": false,
  "compressionSpring": {
    "detected": true,
    "confidence": 44,
    "signals": {
      "sidewaysPrice": true,
      "atrCompression": true,
      "bbSqueeze": false,
      "consolidationTime": true,
      "strongBuying": false,
      "obvPositive": false,
      "chaikinPositive": false,
      "rsiNeutral": true,
      "volumeBuilding": false
    },
    "metrics": {
      "priceRange": 6.08,
      "atrRatio": 0.496,
      "bbWidth": 5.16,
      "volumeRatio": 0.087,
      "signalCount": 4,
      "buySellRatio": 0.541
    }
  },
  "riskTier": "MEDIUM",
  "atrPercent": 1.7945475508610107,
  "distanceToResistance": 2.2129653736006287,
  "slPercent": 3,
  "tpPercent": 1.8810205675605343,
  "trailingActivation": 1.1286123405363204,
  "shortMomentumScore": 0,
  "overboughtScore": 0,
  "shortPatternScore": 0,
  "shootingStarDetected": false,
  "bearishEngulfingDetected": false,
  "eveningStarDetected": false,
  "bearishPatternsCount": 0,
  "shortTotalScore": 0,
  "chaikin": -0.02475407950698117,
  "obvIncreasing": false,
  "obvTrend": "declining",
  "adx": 57.83132530120484,
  "recentCandles": {
    "redCount": 6,
    "greenCount": 4
  },
  "resistanceDistance": 2.2129653736006287,
  "multiplePatterns": false,
  "bullishPattern": false,
  "priceAboveVWAP": true,
  "breakingResistance": false,
  "atrSufficient": true,
  "macdDivergenceBearish": false,
  "rvolMin1": -0.2099596255278276,
  "rvolMin5": -0.19436051459060324,
  "atrPercentileOld": 0.4268292682926829,
  "vwapDeviation": 1.5418856081685393,
  "bbWidthPercent": 5.156936854833687,
  "bbSqueeze": false,
  "multiTFMomentum": {
    "min1": {
      "roc1": -0.0023394853132309933,
      "roc3": -0.0005208333333332298
    },
    "min5": {
      "roc1": -0.0015596568754874518,
      "roc3": 0.003658217925267663
    },
    "min15": {
      "roc1": -0.005198856251624532,
      "roc3": 0.007635597682991213
    },
    "hourly": {
      "roc1": 0.00603991596638666,
      "roc3": -0.011099638616417133
    },
    "fourHour": {
      "roc1": -0.020204603580562638,
      "roc3": -0.03840361445783135
    },
    "divergenceShortUpLongDown": false
  },
  "returnZMin5": -0.19293383866558594,
  "wickClosePct": 0.4705882352941029,
  "wickUpper": 0.030000000000001137,
  "wickLower": 0.0799999999999983,
  "wickRatio": 1.3333333333332544,
  "donchianBreakout15": false,
  "bbWidthPercentile15": 0.2987012987012987,
  "signedMin5": -4406.533830000001,
  "signedMin5Z": -8.349339907745028,
  "signedMin1": -4257.470530000004,
  "signedMin1Z": -13.089857832219598,
  "streakMin1": {
    "upStreak": 0,
    "downStreak": 1
  },
  "streakMin5": {
    "upStreak": 0,
    "downStreak": 2
  },
  "rvolPercentileMin1": 0.4111111111111111,
  "rvolPercentileMin5": 0.5104166666666666,
  "perTfMetrics": {
    "min1": {
      "sma20": 38.297000000000004,
      "sma50": 38.1962,
      "ema20": 38.31063382581517,
      "ema50": 38.24476689720208,
      "vwma20": 38.377327802854836,
      "hma21": 38.43562770562772,
      "atr14": 0.08071428571428337,
      "atrPercentile": 0.03877139979859013,
      "rvolZ": -0.2099596255278276,
      "rvolPercentile": 0.4111111111111111,
      "mfi14": 72.13880101247995,
      "ppo": {
        "ppo": 0.20311555362604625,
        "signal": 0.16342642259542078,
        "histogram": 0.03968913103062546
      },
      "stochRsi": {
        "k": 0,
        "d": 65.7126167263157
      },
      "vprofile": {
        "vpBins": [
          0,
          0,
          0,
          0.10003276776426326,
          0.15661012078988926,
          0.2824572633375858,
          0.003276561222868369,
          0.3811441221073218,
          0.005691256658690818,
          0.011044389445839723,
          0.03065155728606928,
          0.008753314470260978,
          0.005311716249190466,
          0.008892941003981669,
          0.0017021871763929467,
          0,
          0,
          0.0020028390627250996,
          0.0011422404442611525,
          0.0012867229806596112
        ],
        "currentBinShare": 0.011044389445839723
      },
      "ttm": {
        "squeeze": false,
        "release": false,
        "widthPct": 1.1201160965122319
      }
    },
    "min5": {
      "sma20": 38.16749999999999,
      "sma50": 38.5068,
      "ema20": 38.29005999249875,
      "ema50": 38.499010881089326,
      "vwma20": 37.96912968736603,
      "hma21": 38.17437229437228,
      "atr14": 0.245000000000001,
      "atrPercentile": 0.032846715328467155,
      "rvolZ": -0.19436051459060324,
      "rvolPercentile": 0.5104166666666666,
      "mfi14": 46.86995058684614,
      "ppo": {
        "ppo": -0.11025320193906907,
        "signal": -0.2971902147920291,
        "histogram": 0.18693701285296005
      },
      "stochRsi": {
        "k": 39.75227085053599,
        "d": 50.509760509760476
      },
      "vprofile": {
        "vpBins": [
          0,
          0.001105427871031083,
          0.0631555083061519,
          0.0008938850606326001,
          0.3849584905228232,
          0.1029671841871477,
          0.08883329452946881,
          0.023777881633103116,
          0.015719467891226944,
          0.054258652921399156,
          0.05039549553624733,
          0.03716938809690876,
          0.03366186286094798,
          0.0278748600455702,
          0.05937347840178126,
          0.03874665854390022,
          0.010767981141548328,
          0.0044389938383747616,
          0.0007836330327366729,
          0.0011178555789998733
        ],
        "currentBinShare": 0.023777881633103116
      },
      "ttm": {
        "squeeze": false,
        "release": false,
        "widthPct": 3.0451693980921632
      }
    },
    "min15": {
      "sma20": 38.58800000000001,
      "sma50": 39.1446,
      "ema20": 38.515256114580275,
      "ema50": 38.618674983112875,
      "vwma20": 37.98828744531061,
      "hma21": 37.91151515151513,
      "atr14": 0.6892857142857142,
      "atrPercentile": 0.4268292682926829,
      "rvolZ": -0.07979703857049235,
      "rvolPercentile": 0.7291666666666666,
      "mfi14": 19.784989349440565,
      "ppo": {
        "ppo": -0.6291425839234284,
        "signal": -0.608260032015524,
        "histogram": -0.020882551907904334
      },
      "stochRsi": {
        "k": 67.33898077181675,
        "d": 43.27280101047973
      },
      "vprofile": {
        "vpBins": [
          0.003772151767690239,
          0,
          0.05820177836178634,
          0.0029927562573771505,
          0.06819202236071219,
          0.026661067546199135,
          0.019053056710967606,
          0,
          0.0014808026529886762,
          0.06003821301573977,
          0.04135579627093873,
          0.3330246858033971,
          0.02268641016283895,
          0.14591399977928846,
          0.029963098643189807,
          0.05883050227801204,
          0.08391898822867676,
          0.03733633510879609,
          0.002715898622599528,
          0.003862436428801452
        ],
        "currentBinShare": 0.02268641016283895
      },
      "ttm": {
        "squeeze": false,
        "release": false,
        "widthPct": 5.156936854833687
      }
    },
    "hourly": {
      "sma20": 38.830000000000005,
      "sma50": 37.42259999999998,
      "ema20": 38.398521906677615,
      "ema50": 37.68691203493242,
      "vwma20": 38.3872573117694,
      "hma21": 39.267878787878786,
      "atr14": 1.312857142857142,
      "atrPercentile": 0.7950310559006211,
      "rvolZ": -0.5197046567244413,
      "rvolPercentile": 0.3601190476190476,
      "mfi14": 28.580336956743082,
      "ppo": {
        "ppo": 1.0746677400997333,
        "signal": 1.6238227039560278,
        "histogram": -0.5491549638562945
      },
      "stochRsi": {
        "k": 0,
        "d": 45.520088799499774
      },
      "vprofile": {
        "vpBins": [
          0,
          0.07280881161960692,
          0.03485313613720706,
          0.014308911052874273,
          0.02614793457703437,
          0.022235145446350708,
          0.029935532020888205,
          0.01612085410215632,
          0.03687523635303202,
          0.03141885349904329,
          0.0985042937145452,
          0.07237346321960153,
          0.04066883737375472,
          0.12300913356819447,
          0.062771998036198,
          0.12007052579144145,
          0.0623082078417723,
          0.07377289910867794,
          0.049446593084308675,
          0.01236963345331261
        ],
        "currentBinShare": 0.062771998036198
      },
      "ttm": {
        "squeeze": false,
        "release": false,
        "widthPct": 9.543987593377684
      }
    },
    "fourHour": {
      "sma20": 37.331999999999994,
      "sma50": 37.818999999999996,
      "ema20": 37.57083976746573,
      "ema50": 37.56219492591886,
      "vwma20": 37.30213370330014,
      "hma21": 37.893506493506514,
      "atr14": 2.4857142857142867,
      "atrPercentile": 0.8142857142857143,
      "rvolZ": 2.2782974461459706,
      "rvolPercentile": 0.9523809523809523,
      "mfi14": 52.16919690904879,
      "ppo": {
        "ppo": 0.9760685508384094,
        "signal": 0.13162219213536613,
        "histogram": 0.8444463587030433
      },
      "stochRsi": {
        "k": 34.38545683476888,
        "d": 55.69525557946372
      },
      "vprofile": {
        "vpBins": [
          0,
          0.05211935048238992,
          0.020677354580833036,
          0.014712774514654097,
          0.025732710616851676,
          0,
          0.032051912870029266,
          0,
          0.006203426245981843,
          0.09570441925769531,
          0.13677920548031064,
          0.10169401262280024,
          0.09980132702846839,
          0.10181858334645842,
          0.12119195352722595,
          0.0894758163548001,
          0.03473583060493485,
          0.06730132246656631,
          0,
          0
        ],
        "currentBinShare": 0.09980132702846839
      },
      "ttm": {
        "squeeze": false,
        "release": false,
        "widthPct": 15.822216964089527
      }
    },
    "daily": {
      "sma20": 37.5915,
      "sma50": 35.3352,
      "ema20": 37.398888632875085,
      "ema50": 36.700897132193965,
      "vwma20": 0,
      "hma21": 40.08450216450216,
      "atr14": 4.06,
      "atrPercentile": 0.868421052631579,
      "rvolZ": 0,
      "rvolPercentile": 1,
      "mfi14": 50,
      "ppo": {
        "ppo": 2.758958423236264,
        "signal": 3.029184448443832,
        "histogram": -0.2702260252075681
      },
      "stochRsi": {
        "k": 15.37415412670852,
        "d": 52.41582856140466
      },
      "vprofile": {
        "vpBins": [
          0,
          0,
          0,
          0,
          0,
          0,
          0,
          0,
          0,
          0,
          0,
          0,
          0,
          0,
          0,
          0,
          0,
          0,
          0,
          0
        ],
        "currentBinShare": 0
      },
      "ttm": {
        "squeeze": false,
        "release": false,
        "widthPct": 25.345192137689125
      }
    }
  },
  "smaMin5": 38.16749999999999,
  "emaMin5": 38.29005999249875,
  "vwmaMin5": 37.96912968736603,
  "hmaMin5": 38.17437229437228,
  "keltner15": {
    "upper": 39.71675611458028,
    "middle": 38.515256114580275,
    "lower": 37.31375611458027
  },
  "superTrend15": {
    "isBull": true,
    "finalUpper": 40.528,
    "finalLower": 35.722
  },
  "mfi15": 19.784989349440565,
  "stochRsi15": {
    "k": 67.33898077181675,
    "d": 43.27280101047973
  },
  "ppo15": {
    "ppo": -0.6291425839234284,
    "signal": -0.608260032015524,
    "histogram": -0.020882551907904334
  },
  "vpMin15": {
    "vpBins": [
      0.003772151767690239,
      0,
      0.05820177836178634,
      0.0029927562573771505,
      0.06819202236071219,
      0.026661067546199135,
      0.019053056710967606,
      0,
      0.0014808026529886762,
      0.06003821301573977,
      0.04135579627093873,
      0.3330246858033971,
      0.02268641016283895,
      0.14591399977928846,
      0.029963098643189807,
      0.05883050227801204,
      0.08391898822867676,
      0.03733633510879609,
      0.002715898622599528,
      0.003862436428801452
    ],
    "currentBinShare": 0.02268641016283895
  },
  "ttm15": {
    "squeeze": false,
    "release": false,
    "widthPct": 5.156936854833687
  },
  "marketCorrelation": {
    "hourly": {
      "btcCorrelation": 0,
      "ethCorrelation": 0,
      "btcBeta": 1,
      "ethBeta": 1,
      "btcTrend": "UNKNOWN",
      "ethTrend": "UNKNOWN",
      "tokenVol": 0,
      "btcVol": 0,
      "ethVol": 0,
      "marketDependence": 0,
      "verdict": "INSUFFICIENT_DATA"
    },
    "min15": {
      "btcCorrelation": 0,
      "ethCorrelation": 0,
      "btcBeta": 1,
      "ethBeta": 1,
      "btcTrend": "UNKNOWN",
      "ethTrend": "UNKNOWN",
      "tokenVol": 0,
      "btcVol": 0,
      "ethVol": 0,
      "marketDependence": 0,
      "verdict": "INSUFFICIENT_DATA"
    },
    "daily": {
      "btcCorrelation": 0,
      "ethCorrelation": 0,
      "btcBeta": 1,
      "ethBeta": 1,
      "btcTrend": "UNKNOWN",
      "ethTrend": "UNKNOWN",
      "tokenVol": 0,
      "btcVol": 0,
      "ethVol": 0,
      "marketDependence": 0,
      "verdict": "INSUFFICIENT_DATA"
    }
  },
  "tradeTape": {
    "totalTrades": 0,
    "totalVolume": 0,
    "buysVolume": 0,
    "sellsVolume": 0,
    "buySellRatio": 0.5,
    "vwap": 0,
    "signedVolume": 0,
    "avgTradeSize": 0,
    "tradesPerSec": 0,
    "cumulativeDelta": 0,
    "tradesLast1m": 0,
    "tradesLast5m": 0,
    "tradesLast15m": 0,
    "tradesLast1h": 0,
    "buyVWAP": 0,
    "sellVWAP": 0,
    "aggressorVWAP": 0,
    "bucketDurationMs": 60000,
    "bucketCount": 15,
    "bucketSignedVolumes": [],
    "bucketVolumes": [],
    "bucketVWAPs": [],
    "latestBucketSignedZ": 0
  },
  "enhancedMetrics": {
    "relativeVolumeZScore": -1,
    "volumePercentile": 40,
    "atrPercentile": 3.2846715328467155,
    "volatilityPercentile": 63.60759493670886,
    "relativeVolatilityRatio": 0.7390955594638317,
    "isHighVolume": false,
    "isHighVolatility": false,
    "isLowVolatility": false,
    "isExpandingVolatility": false,
    "isContractingVolatility": true
  },
  "orderBook": {
    "bidAskSpread": 0,
    "spreadPct": 0,
    "midPrice": 0,
    "bestBid": 0,
    "bestAsk": 0,
    "bidDepth": 0,
    "askDepth": 0,
    "orderBookImbalance": 0,
    "liquidityScore": 0,
    "depthAt1Pct": {
      "bidVolume": 0,
      "askVolume": 0,
      "imbalance": 0
    },
    "depthAt2Pct": {
      "bidVolume": 0,
      "askVolume": 0,
      "imbalance": 0
    },
    "depthAt5Pct": {
      "bidVolume": 0,
      "askVolume": 0,
      "imbalance": 0
    },
    "weightedMidPrice": 0,
    "volumeWeightedSpread": 0,
    "totalBidLevels": 0,
    "totalAskLevels": 0
  },
  "marketCap": {
    "marketCap": 0,
    "totalVolume24h": 0,
    "volumeToMarketCapRatio": 0,
    "marketCapRank": 0,
    "normalizedRank": 0,
    "isHighLiquidity": false,
    "isVeryHighLiquidity": false,
    "isLowLiquidity": true,
    "liquidityTier": "VERY_LOW"
  },
  "sweeps": {
    "sweepScore": 0,
    "sweepCount": 0,
    "sweepDirection": "NEUTRAL",
    "buySweeps": 0,
    "sellSweeps": 0,
    "avgSweepSize": 0,
    "avgSweepIntensity": 0,
    "bidLiftRatio": 0,
    "askLiftRatio": 0,
    "sweepFrequency": 0,
    "largestSweep": null,
    "recentSweepClusters": 0,
    "sweepDetails": []
  },
  "absorption": {
    "absorptionScore": 0,
    "absorptionLevel": null,
    "absorptionSide": "NONE",
    "icebergProbability": 0,
    "hiddenLiquidityEstimate": 0,
    "volumeAtPrice": {},
    "topAbsorptionLevels": [],
    "persistenceDuration": 0,
    "refillDetected": false
  },
  "orderArrival": {
    "avgInterArrivalTime": 0,
    "recentInterArrivalTime": 0,
    "accelerationRatio": 1,
    "hawkesIntensity": 0,
    "hawkesDirection": "NEUTRAL",
    "clusteringScore": 0,
    "burstCount": 0,
    "cascadeDetected": false,
    "timeToNextTrade": 0,
    "accelerationTrend": "STABLE"
  },
  "liquidityVacuum": {
    "vacuumScore": 0,
    "vacuumSide": "NONE",
    "bidVacuumSeverity": 0,
    "askVacuumSeverity": 0,
    "depthConcentration": 0,
    "priceImpact10k": 0,
    "priceImpact50k": 0,
    "priceImpact100k": 0,
    "largestGapBid": 0,
    "largestGapAsk": 0,
    "avgGapBid": 0,
    "avgGapAsk": 0,
    "bidCliffDistance": 0,
    "askCliffDistance": 0
  },
  "volatilityRegime": {
    "regime": "NORMAL",
    "regimeScore": 0,
    "currentATR": 4.065385,
    "avgATR": 2.74541,
    "atrPercentile": 85.5,
    "realizedVolatility": 69.75,
    "volPercentile": 6.8,
    "expanding": true,
    "contracting": false,
    "transitionProbability": 0.4,
    "daysInRegime": 1,
    "regimeStrength": 0.62
  },
  "temporalPatterns": {
    "currentHour": 7,
    "currentDay": 0,
    "currentDayName": "Sunday",
    "dayBias": "NEUTRAL",
    "hourlyProfile": [
      {
        "avgVolume": 861.98,
        "avgATR": 1.097857,
        "avgReturn": -0.048
      },
      {
        "avgVolume": 432.98,
        "avgATR": 0.931429,
        "avgReturn": -0.069
      },
      {
        "avgVolume": 531.18,
        "avgATR": 0.823571,
        "avgReturn": 0.517
      },
      {
        "avgVolume": 352.53,
        "avgATR": 0.992857,
        "avgReturn": -1.046
      },
      {
        "avgVolume": 373.76,
        "avgATR": 0.9,
        "avgReturn": -0.147
      },
      {
        "avgVolume": 429.75,
        "avgATR": 0.960714,
        "avgReturn": -0.892
      },
      {
        "avgVolume": 872.45,
        "avgATR": 0.890714,
        "avgReturn": -0.104
      },
      {
        "avgVolume": 464.17,
        "avgATR": 0.93,
        "avgReturn": 0.048
      },
      {
        "avgVolume": 607.94,
        "avgATR": 1.034286,
        "avgReturn": 0.194
      },
      {
        "avgVolume": 446.26,
        "avgATR": 0.935714,
        "avgReturn": -0.367
      },
      {
        "avgVolume": 467.66,
        "avgATR": 0.895714,
        "avgReturn": 0.246
      },
      {
        "avgVolume": 1032.77,
        "avgATR": 1.19,
        "avgReturn": -0.44
      },
      {
        "avgVolume": 957.81,
        "avgATR": 1.022143,
        "avgReturn": 0.077
      },
      {
        "avgVolume": 846.83,
        "avgATR": 0.984286,
        "avgReturn": 0.07
      },
      {
        "avgVolume": 1161.38,
        "avgATR": 1.108462,
        "avgReturn": -0.513
      },
      {
        "avgVolume": 886.75,
        "avgATR": 0.997857,
        "avgReturn": 0.428
      },
      {
        "avgVolume": 810.59,
        "avgATR": 1.046429,
        "avgReturn": 0.341
      },
      {
        "avgVolume": 792.2,
        "avgATR": 0.922857,
        "avgReturn": 0.469
      },
      {
        "avgVolume": 897.18,
        "avgATR": 0.830714,
        "avgReturn": 0.056
      },
      {
        "avgVolume": 741.81,
        "avgATR": 0.776429,
        "avgReturn": 0.541
      },
      {
        "avgVolume": 943.67,
        "avgATR": 1.098571,
        "avgReturn": 0.745
      },
      {
        "avgVolume": 559.24,
        "avgATR": 1.100714,
        "avgReturn": 0.903
      },
      {
        "avgVolume": 756.68,
        "avgATR": 0.932857,
        "avgReturn": 0.111
      },
      {
        "avgVolume": 891.73,
        "avgATR": 1.063571,
        "avgReturn": -0.313
      }
    ],
    "dailyProfile": [
      {
        "avgVolume": 527.72,
        "avgATR": 0.753125,
        "avgReturn": -0.036
      },
      {
        "avgVolume": 1307.33,
        "avgATR": 1.177292,
        "avgReturn": 0.092
      },
      {
        "avgVolume": 572.94,
        "avgATR": 0.895833,
        "avgReturn": 0.253
      },
      {
        "avgVolume": 668.29,
        "avgATR": 1.155625,
        "avgReturn": -0.118
      },
      {
        "avgVolume": 682.33,
        "avgATR": 1.095833,
        "avgReturn": 0.104
      },
      {
        "avgVolume": 622.76,
        "avgATR": 0.99766,
        "avgReturn": 0.053
      },
      {
        "avgVolume": 600.54,
        "avgATR": 0.767083,
        "avgReturn": -0.102
      }
    ],
    "favorableHours": [
      14,
      11,
      12,
      20,
      18,
      15
    ],
    "favorableWindow": false,
    "currentVsAvgVolume": 0,
    "currentVsAvgVolatility": 0,
    "anomalyDetected": true,
    "timeUntilFavorable": 4,
    "temporalScore": 0
  },
  "unifiedMicrostructure": {
    "signalDirections": {
      "vpin": "NEUTRAL",
      "sweeps": "NEUTRAL",
      "absorption": "NEUTRAL",
      "arrival": "NEUTRAL",
      "vacuum": "NONE",
      "volRegime": "NEUTRAL",
      "temporal": "UNFAVORABLE"
    },
    "consensusDirection": "BEARISH",
    "consensusStrength": 50,
    "bullishSignals": 0,
    "bearishSignals": 1,
    "neutralSignals": 1,
    "totalAvailableSignals": 2,
    "dominantPattern": "NONE",
    "clusters": {
      "strongBuyCluster": false,
      "distributionPattern": false,
      "accumulationPattern": false,
      "momentumCascade": false
    },
    "adaptiveWeights": {
      "vpin": 0,
      "sweeps": 0,
      "absorption": 0,
      "arrival": 0,
      "vacuum": 0,
      "volRegime": 0.021,
      "temporal": 0.02
    },
    "convictionLevel": "LOW",
    "convictionScore": 30,
    "riskAdjustment": "REDUCE",
    "timingQuality": "UNFAVORABLE",
    "signalQuality": "LOW"
  },
  "deltaAnalysis": {
    "currentDelta": 0,
    "cumulativeDelta": 0,
    "deltaPerVolume": 0,
    "deltaDirection": "NEUTRAL",
    "deltaDivergence": false,
    "institutionalRatio": 0,
    "aggressionScore": 0
  },
  "volumeProfile": {
    "pointOfControl": 0,
    "valueAreaHigh": 0,
    "valueAreaLow": 0,
    "currentPosition": "ABOVE_VALUE_AREA",
    "volumeNodes": [],
    "airPockets": []
  },
  "momentumCascade": {
    "cascadeDetected": false,
    "alignmentScore": -0.0016431466816349983,
    "cascadeStrength": 0,
    "acceleratingTimeframes": [],
    "divergingTimeframes": [
      "1m",
      "5m",
      "15m",
      "1h"
    ]
  },
  "breakoutConfirmation": {
    "breakoutConfirmed": false,
    "volumeConfirmation": false,
    "retestStrength": 0,
    "falseBreakoutRisk": 0,
    "breakoutQuality": "NO_BREAKOUT"
  },
  "liquidityHeatmap": {
    "liquidityScore": 0,
    "magnetDirection": "NONE",
    "magnetStrength": 0,
    "priceTarget5pct": null,
    "message": "No order book data"
  },
  "smartMoneyDivergence": {
    "divergenceDetected": false,
    "divergenceDirection": "NONE",
    "smartMoneyScore": 0.5,
    "message": "Insufficient trade data"
  },
  "microstructure": {
    "raw": 0.008472235054975512,
    "pct": 50,
    "summary": {
      "latestBucketSignedZ": 0,
      "buySellRatio": 0.5,
      "tradesPerSec": 0,
      "vwap": 0,
      "aggressorVWAP": 0,
      "vpinToxicity": "UNKNOWN",
      "sweepDirection": "NEUTRAL",
      "absorptionSide": "NONE",
      "icebergDetected": false,
      "hawkesDirection": "NEUTRAL",
      "cascadeDetected": false,
      "vacuumSide": "NONE",
      "volatilityRegime": "NORMAL",
      "volExpanding": true,
      "favorableTimeWindow": false,
      "temporalAnomaly": true,
      "consensusDirection": "BEARISH",
      "consensusStrength": 50,
      "dominantPattern": "NONE",
      "convictionLevel": "LOW",
      "riskAdjustment": "REDUCE",
      "timingQuality": "UNFAVORABLE",
      "deltaDirection": "NEUTRAL",
      "deltaDivergence": false,
      "institutionalRatio": 0,
      "volumeProfilePosition": "ABOVE_VALUE_AREA",
      "pointOfControl": 0,
      "momentumCascadeDetected": false,
      "cascadeStrength": 0,
      "breakoutQuality": "NO_BREAKOUT",
      "breakoutConfirmed": false,
      "magnetDirection": "NONE",
      "magnetStrength": 0,
      "priceTarget5pct": null,
      "nearestBidWall": 0,
      "nearestAskWall": 0,
      "divergenceDetected": false,
      "divergenceDirection": "NONE",
      "whaleAccumulation": false,
      "whaleDistribution": false,
      "retailPanic": false,
      "smartMoneyScore": 0.5
    }
  }
}

=== MICROSTRUCTURE ALERTS ===

🔬 VPIN: Insufficient data for VPIN analysis

🌊 SWEEP DETECTION: No significant sweeps detected

🧊 ABSORPTION & ICEBERG: No significant absorption or iceberg orders detected

⚡ ORDER ARRIVAL DYNAMICS: Insufficient trades for analysis

🌪️ LIQUIDITY VACUUM: No significant vacuum detected

📊 VOLATILITY REGIME DETECTION:
   Current Regime: NORMAL
   Regime Score: 0.00 (-1=low vol, +1=extreme vol)
   Days in Regime: 1
   ATR: $4.065385 (avg: $2.745410)
   ATR Percentile: 85.5%
   Realized Volatility: 69.75% (annualized)
   Vol Percentile: 6.8%

   ⚪ NORMAL VOLATILITY:
   📊 Balanced market conditions
   ✅ Standard risk management applies

   🚀 VOLATILITY EXPANDING:
   💥 Breakout likely imminent!
   📈 Market transitioning to higher vol regime
   ✅ Strong signal when combined with other indicators

   📍 MODERATE REGIME TRANSITION PROBABILITY: 40%
   Monitor for potential regime change

   ⚠️ NEW REGIME: Only 1 day(s) - conditions still settling

⏰ TEMPORAL PATTERN ANALYSIS:
   Current Time: Sunday 7:00 UTC
   Day Bias: NEUTRAL
   Current vs Avg Volume: 0x
   Current vs Avg Volatility: 0x

   ⏳ NON-FAVORABLE TIME WINDOW:
   This hour typically shows weaker activity
   Next favorable window in 4 hour(s)

   ⚠️ LOW ACTIVITY ANOMALY:
   Volume 0x below typical - Extremely quiet

   📉 LOW VOLATILITY ANOMALY:
   Volatility 0x below typical - Consolidation likely

   🔥 Best Trading Hours (UTC): 14:00, 11:00, 12:00

🎯 UNIFIED MICROSTRUCTURE INTEGRATION:
   Signal Consensus: BEARISH (50% agreement)
   Available Signals: 2 (0 bullish / 1 bearish / 1 neutral)
   Conviction Level: LOW (30%)
   Signal Quality: LOW
   Risk Adjustment: REDUCE
   Timing Quality: UNFAVORABLE

   ⚠️ LOW CONVICTION: Only 50% signal agreement
   Weak alignment - Reduce position size or wait for clarity

   ⚠️ RISK REDUCTION RECOMMENDED: Extreme volatility or unfavorable timing detected

   ⏰ UNFAVORABLE TIMING: Avoid trading during this hour

   Signal Directions Breakdown:
   • VPIN: NEUTRAL
   • Sweeps: NEUTRAL
   • Absorption: NEUTRAL
   • Arrival Dynamics: NEUTRAL
   • Liquidity Vacuum: NONE
   • Vol Regime: NEUTRAL
   • Temporal: UNFAVORABLE

   Adaptive Weights (Total: 4.1%):
   • VPIN: 0.0%
   • Sweeps: 0.0%
   • Absorption: 0.0%
   • Arrival: 0.0%
   • Vacuum: 0.0%
   • Vol Regime: 2.1%
   • Temporal: 2.0%


💹 DELTA ANALYSIS (Order Flow Aggression):
   Direction: NEUTRAL
   Delta Per Volume: 0.00%
   Institutional Ratio: 0.0%
   Aggression Score: 0.0%

📊 VOLUME PROFILE (Support/Resistance Strength):
   Point of Control (POC): $0.000000
   Value Area High: $0.000000
   Value Area Low: $0.000000
   Current Position: ABOVE_VALUE_AREA
   ⚠️ DISTRIBUTION RISK: Price above value area - potential rejection zone

⚡ MOMENTUM CASCADE (Multi-Timeframe Alignment):
   Cascade Detected: NO
   Alignment Score: -0.2%
   Cascade Strength: 0.0%
   Accelerating: None
   Diverging: 1m, 5m, 15m, 1h

💥 BREAKOUT CONFIRMATION:
   Quality: NO_BREAKOUT
   Volume Confirmation: NO
   Retest Strength: 0.0%
   False Breakout Risk: 0.0%
   No breakout detected - price below resistance


levels:
Entry=38.33318, StopLoss=37.1831846, TakeProfit=38.693707499999995, 39.054235000000006, 39.342657

---

=== Token: OMNI (OMNI) ===
Contract: OMNI-USD
Timestamp: 2025-04-11T13:45:00.000Z

Calculations:
{
  "momentumScore": 29.641545693613686,
  "volumeScore": 0.518128459116759,
  "patternScore": 20.00232204482023,
  "totalScore": 11.17891735755337,
  "finalScore": 30,
  "weights": "0.23,0.45,0.23",
  "hourlyUptrend": false,
  "rsi": 49.557522123893854,
  "ultraShortVolumeSurge": 1.3105545617173522,
  "baseVolumeSurge": 0.06378527020162704,
  "currentPrice": 1.973,
  "resistance": 1.989,
  "support": 1.958,
  "rocMin5": -0.007045797684952195,
  "shortROC": 0.004071246819338426,
  "priceAcceleration": -0.001759431243700533,
  "buySellRatio": 0.2140611097507461,
  "macdHistogram": -0.005674219053967573,
  "stochasticK": 45.45454545454564,
  "atr": 0.011857142857142853,
  "bbUpper": 2.0056617072535996,
  "bbLower": 1.9597382927464007,
  "hammerDetected": false,
  "engulfingDetected": false,
  "compressionSpring": {
    "detected": true,
    "confidence": 66,
    "signals": {
      "sidewaysPrice": true,
      "atrCompression": true,
      "bbSqueeze": true,
      "consolidationTime": true,
      "strongBuying": false,
      "obvPositive": false,
      "chaikinPositive": false,
      "rsiNeutral": false,
      "volumeBuilding": true
    },
    "metrics": {
      "priceRange": 1.69,
      "atrRatio": 0.802,
      "bbWidth": 2.32,
      "volumeRatio": 1.135,
      "signalCount": 5,
      "buySellRatio": 0.214
    }
  },
  "riskTier": "LOW",
  "atrPercent": 0.6733762942582007,
  "distanceToResistance": 0.8109477952356824,
  "slPercent": 2.5,
  "tpPercent": 0.5321844906234205,
  "trailingActivation": 0.3193106943740523,
  "shortMomentumScore": 75,
  "overboughtScore": 0,
  "shortPatternScore": 0,
  "shootingStarDetected": false,
  "bearishEngulfingDetected": false,
  "eveningStarDetected": false,
  "bearishPatternsCount": 0,
  "shortTotalScore": 30,
  "chaikin": -0.10339048038056235,
  "obvIncreasing": false,
  "obvTrend": "declining",
  "adx": 19.62616822429911,
  "recentCandles": {
    "redCount": 8,
    "greenCount": 2
  },
  "resistanceDistance": 0.8109477952356824,
  "multiplePatterns": false,
  "bullishPattern": false,
  "priceAboveVWAP": false,
  "breakingResistance": true,
  "atrSufficient": false,
  "macdDivergenceBearish": false,
  "rvolMin1": 0.9979559921056859,
  "rvolMin5": 0.18146649991012645,
  "atrPercentileOld": 0.13414634146341464,
  "vwapDeviation": -0.9157551216773098,
  "bbWidthPercent": 2.316205906450746,
  "bbSqueeze": true,
  "multiTFMomentum": {
    "min1": {
      "roc1": 0.004071246819338426,
      "roc3": 0.0015228426395939663
    },
    "min5": {
      "roc1": 0.004071246819338426,
      "roc3": -0.0010126582278481022
    },
    "min15": {
      "roc1": 0.004071246819338426,
      "roc3": -0.002023267577137078
    },
    "hourly": {
      "roc1": -0.0055443548387096265,
      "roc3": -0.0010126582278481022
    },
    "fourHour": {
      "roc1": 0,
      "roc3": 0.007146503318019404
    },
    "divergenceShortUpLongDown": true
  },
  "returnZMin5": 0.6649955050110005,
  "wickClosePct": 0.42105263157894984,
  "wickUpper": 0.0009999999999998899,
  "wickLower": 0.008000000000000007,
  "wickRatio": 0.8,
  "donchianBreakout15": false,
  "bbWidthPercentile15": 0.025974025974025976,
  "signedMin5": 2099.4000000000033,
  "signedMin5Z": 0.5751231323825202,
  "signedMin1": -2520.5300000000016,
  "signedMin1Z": -1.3942768679184236,
  "streakMin1": {
    "upStreak": 0,
    "downStreak": 1
  },
  "streakMin5": {
    "upStreak": 0,
    "downStreak": 1
  },
  "rvolPercentileMin1": 0.95,
  "rvolPercentileMin5": 0.8680555555555556,
  "perTfMetrics": {
    "min1": {
      "sma20": 1.98,
      "sma50": 1.9643199999999994,
      "ema20": 1.975733069473082,
      "ema50": 1.9647658553684297,
      "vwma20": 1.9792538337229777,
      "hma21": 1.9690822510822514,
      "atr14": 0.009214285714285715,
      "atrPercentile": 0.12896405919661733,
      "rvolZ": 0.9979559921056859,
      "rvolPercentile": 0.95,
      "mfi14": 54.503826634966046,
      "ppo": {
        "ppo": 0.0021092498522327723,
        "signal": 0.17217550086585648,
        "histogram": -0.17006625101362371
      },
      "stochRsi": {
        "k": 42.447995176364714,
        "d": 36.69926275364717
      },
      "vprofile": {
        "vpBins": [
          0.032539224621368754,
          0.011307450223120807,
          0.026352578641656903,
          0.03296923708980619,
          0.043532044521186,
          0.3548137643268929,
          0.02646232106146797,
          0.031258542525121336,
          0.045942197725319656,
          0.01650097374833927,
          0.012225464806256197,
          0.013541378598343803,
          0.22929816073296794,
          0.0655475416901766,
          0,
          0.019469194360593158,
          0,
          0.014538017587450247,
          0.0237019077399325,
          0
        ],
        "currentBinShare": 0.031258542525121336
      },
      "ttm": {
        "squeeze": false,
        "release": false,
        "widthPct": 1.7990009584560245
      }
    },
    "min5": {
      "sma20": 1.9829500000000002,
      "sma50": 1.9421399999999989,
      "ema20": 1.9730562491760393,
      "ema50": 1.9587630124067434,
      "vwma20": 1.9860701730653711,
      "hma21": 1.9672510822510816,
      "atr14": 0.011857142857142853,
      "atrPercentile": 0.11678832116788321,
      "rvolZ": 0.18146649991012645,
      "rvolPercentile": 0.8680555555555556,
      "mfi14": 68.83044779217185,
      "ppo": {
        "ppo": 0.26213684995440034,
        "signal": 0.4703786420534347,
        "histogram": -0.20824179209903437
      },
      "stochRsi": {
        "k": 37.87102510903176,
        "d": 41.79280588209395
      },
      "vprofile": {
        "vpBins": [
          0.0003989908621960724,
          0.0008120892358048874,
          0.016959394601611485,
          0.06279856264946791,
          0.052133576708393296,
          0.049595805163676995,
          0.16887200436361136,
          0.21027930648176346,
          0.02736107935457609,
          0.05350756636764597,
          0.023505631121474573,
          0.008709427294744785,
          0.055530091790142524,
          0.14943238047337787,
          0.12010409353151286,
          0,
          0,
          0,
          0,
          0
        ],
        "currentBinShare": 0.05350756636764597
      },
      "ttm": {
        "squeeze": false,
        "release": false,
        "widthPct": 2.388888016697127
      }
    },
    "min15": {
      "sma20": 1.9827000000000001,
      "sma50": 1.9452799999999995,
      "ema20": 1.9717798631754944,
      "ema50": 1.9586213630224405,
      "vwma20": 1.987313507880021,
      "hma21": 1.967792207792208,
      "atr14": 0.013285714285714298,
      "atrPercentile": 0.13414634146341464,
      "rvolZ": -0.09218386196371248,
      "rvolPercentile": 0.8020833333333334,
      "mfi14": 64.71677139460562,
      "ppo": {
        "ppo": 0.3017213704916076,
        "signal": 0.47663741081468963,
        "histogram": -0.17491604032308206
      },
      "stochRsi": {
        "k": 4.651162790697681,
        "d": 37.43386243386246
      },
      "vprofile": {
        "vpBins": [
          0.02429442365827243,
          0.010138693629299094,
          0.03714500501560697,
          0.01944251239044651,
          0.14373399809226908,
          0.1737058385493214,
          0.1090897360985638,
          0.03450773736596745,
          0.04977420231972741,
          0.01657810523760003,
          0.010746629765755189,
          0.1911167440161222,
          0,
          0.17972637386104828,
          0,
          0,
          0,
          0,
          0,
          0
        ],
        "currentBinShare": 0.03450773736596745
      },
      "ttm": {
        "squeeze": false,
        "release": false,
        "widthPct": 2.316205906450746
      }
    },
    "hourly": {
      "sma20": 1.96095,
      "sma50": 1.9612200000000002,
      "ema20": 1.9668424459145095,
      "ema50": 1.9558254879555148,
      "vwma20": 1.9689648234712014,
      "hma21": 2.0090909090909093,
      "atr14": 0.01771428571428573,
      "atrPercentile": 0.040372670807453416,
      "rvolZ": -0.1492973951087237,
      "rvolPercentile": 0.5952380952380952,
      "mfi14": 59.166159925173204,
      "ppo": {
        "ppo": 0.5101941754697651,
        "signal": 0.47559978485263826,
        "histogram": 0.034594390617126825
      },
      "stochRsi": {
        "k": 42.16170737198865,
        "d": 64.46103567817421
      },
      "vprofile": {
        "vpBins": [
          0.00185576358000507,
          0,
          0.03954269030444101,
          0.17748539443663433,
          0.04186586071996497,
          0.21798468432393814,
          0.054833735682514796,
          0.08654487681777326,
          0.02673477074739001,
          0.1961442897144569,
          0.003954989225876333,
          0.010249353264501854,
          0.04816195322762785,
          0.027400123297457994,
          0.047739990723882825,
          0.011462882567813602,
          0.0021572013781659787,
          0.0003600977161162453,
          0.003135370814224148,
          0.0023859714572146296
        ],
        "currentBinShare": 0.054833735682514796
      },
      "ttm": {
        "squeeze": false,
        "release": false,
        "widthPct": 6.081791503507954
      }
    },
    "fourHour": {
      "sma20": 1.9379499999999996,
      "sma50": 2.0432200000000007,
      "ema20": 1.9640549524888344,
      "ema50": 2.0913499787107335,
      "vwma20": 1.9535455605848455,
      "hma21": 1.9969567099567098,
      "atr14": 0.07100000000000004,
      "atrPercentile": 0.17142857142857143,
      "rvolZ": -0.20162827973053213,
      "rvolPercentile": 0.5595238095238095,
      "mfi14": 47.45114639291673,
      "ppo": {
        "ppo": -1.1430377304337638,
        "signal": -1.9163174480529799,
        "histogram": 0.7732797176192161
      },
      "stochRsi": {
        "k": 76.98934481976885,
        "d": 63.048970656590654
      },
      "vprofile": {
        "vpBins": [
          0,
          0.07041567764136868,
          0.23477460455714294,
          0.17250951299952977,
          0.1801768098649922,
          0.018044521641782274,
          0.0651827337561608,
          0.035243006038697657,
          0,
          0.031022574430390866,
          0.015097503150010082,
          0.021245188261559318,
          0.02317089564410573,
          0.0450336045116589,
          0.03784689818109301,
          0.01395685963433627,
          0.004606034109896347,
          0.005021631352988856,
          0.018475889315974277,
          0.00817605490831195
        ],
        "currentBinShare": 0.17250951299952977
      },
      "ttm": {
        "squeeze": false,
        "release": false,
        "widthPct": 12.980555408292837
      }
    },
    "daily": {
      "sma20": 2.5755999999999997,
      "sma50": 3.346520000000001,
      "ema20": 2.457027142897683,
      "ema50": 3.400234464452244,
      "vwma20": 0,
      "hma21": 1.5870995670995667,
      "atr14": 0.23721428571428574,
      "atrPercentile": 0.013157894736842105,
      "rvolZ": 0,
      "rvolPercentile": 1,
      "mfi14": 50,
      "ppo": {
        "ppo": -16.95641180165673,
        "signal": -15.436604951065588,
        "histogram": -1.5198068505911433
      },
      "stochRsi": {
        "k": 47.207597498697574,
        "d": 16.538736927275817
      },
      "vprofile": {
        "vpBins": [
          0,
          0,
          0,
          0,
          0,
          0,
          0,
          0,
          0,
          0,
          0,
          0,
          0,
          0,
          0,
          0,
          0,
          0,
          0,
          0
        ],
        "currentBinShare": 0
      },
      "ttm": {
        "squeeze": false,
        "release": false,
        "widthPct": 93.45264622710036
      }
    }
  },
  "smaMin5": 1.9829500000000002,
  "emaMin5": 1.9730562491760393,
  "vwmaMin5": 1.9860701730653711,
  "hmaMin5": 1.9672510822510816,
  "keltner15": {
    "upper": 1.9893298631754943,
    "middle": 1.9717798631754944,
    "lower": 1.9542298631754944
  },
  "superTrend15": {
    "isBull": false,
    "finalUpper": 2.0096,
    "finalLower": 1.9394
  },
  "mfi15": 64.71677139460562,
  "stochRsi15": {
    "k": 4.651162790697681,
    "d": 37.43386243386246
  },
  "ppo15": {
    "ppo": 0.3017213704916076,
    "signal": 0.47663741081468963,
    "histogram": -0.17491604032308206
  },
  "vpMin15": {
    "vpBins": [
      0.02429442365827243,
      0.010138693629299094,
      0.03714500501560697,
      0.01944251239044651,
      0.14373399809226908,
      0.1737058385493214,
      0.1090897360985638,
      0.03450773736596745,
      0.04977420231972741,
      0.01657810523760003,
      0.010746629765755189,
      0.1911167440161222,
      0,
      0.17972637386104828,
      0,
      0,
      0,
      0,
      0,
      0
    ],
    "currentBinShare": 0.03450773736596745
  },
  "ttm15": {
    "squeeze": false,
    "release": false,
    "widthPct": 2.316205906450746
  },
  "marketCorrelation": {
    "hourly": {
      "btcCorrelation": 0,
      "ethCorrelation": 0,
      "btcBeta": 1,
      "ethBeta": 1,
      "btcTrend": "UNKNOWN",
      "ethTrend": "UNKNOWN",
      "tokenVol": 0,
      "btcVol": 0,
      "ethVol": 0,
      "marketDependence": 0,
      "verdict": "INSUFFICIENT_DATA"
    },
    "min15": {
      "btcCorrelation": 0,
      "ethCorrelation": 0,
      "btcBeta": 1,
      "ethBeta": 1,
      "btcTrend": "UNKNOWN",
      "ethTrend": "UNKNOWN",
      "tokenVol": 0,
      "btcVol": 0,
      "ethVol": 0,
      "marketDependence": 0,
      "verdict": "INSUFFICIENT_DATA"
    },
    "daily": {
      "btcCorrelation": 0,
      "ethCorrelation": 0,
      "btcBeta": 1,
      "ethBeta": 1,
      "btcTrend": "UNKNOWN",
      "ethTrend": "UNKNOWN",
      "tokenVol": 0,
      "btcVol": 0,
      "ethVol": 0,
      "marketDependence": 0,
      "verdict": "INSUFFICIENT_DATA"
    }
  },
  "tradeTape": {
    "totalTrades": 0,
    "totalVolume": 0,
    "buysVolume": 0,
    "sellsVolume": 0,
    "buySellRatio": 0.5,
    "vwap": 0,
    "signedVolume": 0,
    "avgTradeSize": 0,
    "tradesPerSec": 0,
    "cumulativeDelta": 0,
    "tradesLast1m": 0,
    "tradesLast5m": 0,
    "tradesLast15m": 0,
    "tradesLast1h": 0,
    "buyVWAP": 0,
    "sellVWAP": 0,
    "aggressorVWAP": 0,
    "bucketDurationMs": 60000,
    "bucketCount": 15,
    "bucketSignedVolumes": [],
    "bucketVolumes": [],
    "bucketVWAPs": [],
    "latestBucketSignedZ": 0
  },
  "enhancedMetrics": {
    "relativeVolumeZScore": -1,
    "volumePercentile": 40,
    "atrPercentile": 12.773722627737227,
    "volatilityPercentile": 0.6329113924050633,
    "relativeVolatilityRatio": 0.6437393793909433,
    "isHighVolume": false,
    "isHighVolatility": false,
    "isLowVolatility": true,
    "isExpandingVolatility": false,
    "isContractingVolatility": true
  },
  "orderBook": {
    "bidAskSpread": 0,
    "spreadPct": 0,
    "midPrice": 0,
    "bestBid": 0,
    "bestAsk": 0,
    "bidDepth": 0,
    "askDepth": 0,
    "orderBookImbalance": 0,
    "liquidityScore": 0,
    "depthAt1Pct": {
      "bidVolume": 0,
      "askVolume": 0,
      "imbalance": 0
    },
    "depthAt2Pct": {
      "bidVolume": 0,
      "askVolume": 0,
      "imbalance": 0
    },
    "depthAt5Pct": {
      "bidVolume": 0,
      "askVolume": 0,
      "imbalance": 0
    },
    "weightedMidPrice": 0,
    "volumeWeightedSpread": 0,
    "totalBidLevels": 0,
    "totalAskLevels": 0
  },
  "marketCap": {
    "marketCap": 0,
    "totalVolume24h": 0,
    "volumeToMarketCapRatio": 0,
    "marketCapRank": 0,
    "normalizedRank": 0,
    "isHighLiquidity": false,
    "isVeryHighLiquidity": false,
    "isLowLiquidity": true,
    "liquidityTier": "VERY_LOW"
  },
  "sweeps": {
    "sweepScore": 0,
    "sweepCount": 0,
    "sweepDirection": "NEUTRAL",
    "buySweeps": 0,
    "sellSweeps": 0,
    "avgSweepSize": 0,
    "avgSweepIntensity": 0,
    "bidLiftRatio": 0,
    "askLiftRatio": 0,
    "sweepFrequency": 0,
    "largestSweep": null,
    "recentSweepClusters": 0,
    "sweepDetails": []
  },
  "absorption": {
    "absorptionScore": 0,
    "absorptionLevel": null,
    "absorptionSide": "NONE",
    "icebergProbability": 0,
    "hiddenLiquidityEstimate": 0,
    "volumeAtPrice": {},
    "topAbsorptionLevels": [],
    "persistenceDuration": 0,
    "refillDetected": false
  },
  "orderArrival": {
    "avgInterArrivalTime": 0,
    "recentInterArrivalTime": 0,
    "accelerationRatio": 1,
    "hawkesIntensity": 0,
    "hawkesDirection": "NEUTRAL",
    "clusteringScore": 0,
    "burstCount": 0,
    "cascadeDetected": false,
    "timeToNextTrade": 0,
    "accelerationTrend": "STABLE"
  },
  "liquidityVacuum": {
    "vacuumScore": 0,
    "vacuumSide": "NONE",
    "bidVacuumSeverity": 0,
    "askVacuumSeverity": 0,
    "depthConcentration": 0,
    "priceImpact10k": 0,
    "priceImpact50k": 0,
    "priceImpact100k": 0,
    "largestGapBid": 0,
    "largestGapAsk": 0,
    "avgGapBid": 0,
    "avgGapAsk": 0,
    "bidCliffDistance": 0,
    "askCliffDistance": 0
  },
  "volatilityRegime": {
    "regime": "LOW",
    "regimeScore": -1,
    "currentATR": 0.247846,
    "avgATR": 0.288151,
    "atrPercentile": 5.3,
    "realizedVolatility": 81.54,
    "volPercentile": 10.2,
    "expanding": false,
    "contracting": false,
    "transitionProbability": 0,
    "daysInRegime": 6,
    "regimeStrength": 1.23
  },
  "temporalPatterns": {
    "currentHour": 7,
    "currentDay": 0,
    "currentDayName": "Sunday",
    "dayBias": "NEUTRAL",
    "hourlyProfile": [
      {
        "avgVolume": 740.55,
        "avgATR": 0.026357,
        "avgReturn": -0.386
      },
      {
        "avgVolume": 623.25,
        "avgATR": 0.030857,
        "avgReturn": 0.863
      },
      {
        "avgVolume": 401.28,
        "avgATR": 0.024231,
        "avgReturn": -0.157
      },
      {
        "avgVolume": 408.31,
        "avgATR": 0.028214,
        "avgReturn": -0.445
      },
      {
        "avgVolume": 319.23,
        "avgATR": 0.021385,
        "avgReturn": 0.665
      },
      {
        "avgVolume": 330.26,
        "avgATR": 0.023857,
        "avgReturn": -0.244
      },
      {
        "avgVolume": 538.55,
        "avgATR": 0.029143,
        "avgReturn": -0.848
      },
      {
        "avgVolume": 551.36,
        "avgATR": 0.025,
        "avgReturn": 0.055
      },
      {
        "avgVolume": 644.12,
        "avgATR": 0.025615,
        "avgReturn": 0.339
      },
      {
        "avgVolume": 880.39,
        "avgATR": 0.020533,
        "avgReturn": -0.113
      },
      {
        "avgVolume": 539.46,
        "avgATR": 0.030071,
        "avgReturn": -1.064
      },
      {
        "avgVolume": 965.04,
        "avgATR": 0.028667,
        "avgReturn": -0.308
      },
      {
        "avgVolume": 1033.5,
        "avgATR": 0.032933,
        "avgReturn": 0.282
      },
      {
        "avgVolume": 613.12,
        "avgATR": 0.033,
        "avgReturn": 0.119
      },
      {
        "avgVolume": 2085.18,
        "avgATR": 0.045286,
        "avgReturn": -0.293
      },
      {
        "avgVolume": 3650.77,
        "avgATR": 0.035071,
        "avgReturn": 0.065
      },
      {
        "avgVolume": 900.02,
        "avgATR": 0.036538,
        "avgReturn": -0.976
      },
      {
        "avgVolume": 1050.08,
        "avgATR": 0.047214,
        "avgReturn": 0.461
      },
      {
        "avgVolume": 1600.4,
        "avgATR": 0.025786,
        "avgReturn": -0.225
      },
      {
        "avgVolume": 667.75,
        "avgATR": 0.023615,
        "avgReturn": -0.089
      },
      {
        "avgVolume": 980.94,
        "avgATR": 0.034214,
        "avgReturn": -0.415
      },
      {
        "avgVolume": 881.45,
        "avgATR": 0.020429,
        "avgReturn": 0.044
      },
      {
        "avgVolume": 4443.48,
        "avgATR": 0.039,
        "avgReturn": -0.068
      },
      {
        "avgVolume": 430.25,
        "avgATR": 0.022357,
        "avgReturn": -0.093
      }
    ],
    "dailyProfile": [
      {
        "avgVolume": 394.48,
        "avgATR": 0.023234,
        "avgReturn": -0.268
      },
      {
        "avgVolume": 1203.34,
        "avgATR": 0.041042,
        "avgReturn": 0.017
      },
      {
        "avgVolume": 853.81,
        "avgATR": 0.029085,
        "avgReturn": -0.187
      },
      {
        "avgVolume": 2189.84,
        "avgATR": 0.039587,
        "avgReturn": 0.008
      },
      {
        "avgVolume": 1762,
        "avgATR": 0.025896,
        "avgReturn": -0.22
      },
      {
        "avgVolume": 646.44,
        "avgATR": 0.026288,
        "avgReturn": 0.063
      },
      {
        "avgVolume": 406.56,
        "avgATR": 0.022447,
        "avgReturn": -0.254
      }
    ],
    "favorableHours": [
      22,
      15,
      14,
      18,
      17,
      12
    ],
    "favorableWindow": false,
    "currentVsAvgVolume": 0,
    "currentVsAvgVolatility": 0,
    "anomalyDetected": true,
    "timeUntilFavorable": 5,
    "temporalScore": 0
  },
  "unifiedMicrostructure": {
    "signalDirections": {
      "vpin": "NEUTRAL",
      "sweeps": "NEUTRAL",
      "absorption": "NEUTRAL",
      "arrival": "NEUTRAL",
      "vacuum": "NONE",
      "volRegime": "FAVORABLE",
      "temporal": "UNFAVORABLE"
    },
    "consensusDirection": "NEUTRAL",
    "consensusStrength": 50,
    "bullishSignals": 1,
    "bearishSignals": 1,
    "neutralSignals": 0,
    "totalAvailableSignals": 2,
    "dominantPattern": "NONE",
    "clusters": {
      "strongBuyCluster": false,
      "distributionPattern": false,
      "accumulationPattern": false,
      "momentumCascade": false
    },
    "adaptiveWeights": {
      "vpin": 0,
      "sweeps": 0,
      "absorption": 0,
      "arrival": 0,
      "vacuum": 0,
      "volRegime": 0.021,
      "temporal": 0.02
    },
    "convictionLevel": "LOW",
    "convictionScore": 30,
    "riskAdjustment": "REDUCE",
    "timingQuality": "UNFAVORABLE",
    "signalQuality": "LOW"
  },
  "deltaAnalysis": {
    "currentDelta": 0,
    "cumulativeDelta": 0,
    "deltaPerVolume": 0,
    "deltaDirection": "NEUTRAL",
    "deltaDivergence": false,
    "institutionalRatio": 0,
    "aggressionScore": 0
  },
  "volumeProfile": {
    "pointOfControl": 0,
    "valueAreaHigh": 0,
    "valueAreaLow": 0,
    "currentPosition": "ABOVE_VALUE_AREA",
    "volumeNodes": [],
    "airPockets": []
  },
  "momentumCascade": {
    "cascadeDetected": false,
    "alignmentScore": -0.004906879749061497,
    "cascadeStrength": 0,
    "acceleratingTimeframes": [],
    "divergingTimeframes": [
      "1m",
      "5m",
      "15m",
      "1h"
    ]
  },
  "breakoutConfirmation": {
    "breakoutConfirmed": false,
    "volumeConfirmation": false,
    "retestStrength": 0,
    "falseBreakoutRisk": 0,
    "breakoutQuality": "NO_BREAKOUT"
  },
  "liquidityHeatmap": {
    "liquidityScore": 0,
    "magnetDirection": "NONE",
    "magnetStrength": 0,
    "priceTarget5pct": null,
    "message": "No order book data"
  },
  "smartMoneyDivergence": {
    "divergenceDetected": false,
    "divergenceDirection": "NONE",
    "smartMoneyScore": 0.5,
    "message": "Insufficient trade data"
  },
  "microstructure": {
    "raw": -0.022411069019680315,
    "pct": 50,
    "summary": {
      "latestBucketSignedZ": 0,
      "buySellRatio": 0.5,
      "tradesPerSec": 0,
      "vwap": 0,
      "aggressorVWAP": 0,
      "vpinToxicity": "UNKNOWN",
      "sweepDirection": "NEUTRAL",
      "absorptionSide": "NONE",
      "icebergDetected": false,
      "hawkesDirection": "NEUTRAL",
      "cascadeDetected": false,
      "vacuumSide": "NONE",
      "volatilityRegime": "LOW",
      "volExpanding": false,
      "favorableTimeWindow": false,
      "temporalAnomaly": true,
      "consensusDirection": "NEUTRAL",
      "consensusStrength": 50,
      "dominantPattern": "NONE",
      "convictionLevel": "LOW",
      "riskAdjustment": "REDUCE",
      "timingQuality": "UNFAVORABLE",
      "deltaDirection": "NEUTRAL",
      "deltaDivergence": false,
      "institutionalRatio": 0,
      "volumeProfilePosition": "ABOVE_VALUE_AREA",
      "pointOfControl": 0,
      "momentumCascadeDetected": false,
      "cascadeStrength": 0,
      "breakoutQuality": "NO_BREAKOUT",
      "breakoutConfirmed": false,
      "magnetDirection": "NONE",
      "magnetStrength": 0,
      "priceTarget5pct": null,
      "nearestBidWall": 0,
      "nearestAskWall": 0,
      "divergenceDetected": false,
      "divergenceDirection": "NONE",
      "whaleAccumulation": false,
      "whaleDistribution": false,
      "retailPanic": false,
      "smartMoneyScore": 0.5
    }
  }
}

=== MICROSTRUCTURE ALERTS ===

🔬 VPIN: Insufficient data for VPIN analysis

🌊 SWEEP DETECTION: No significant sweeps detected

🧊 ABSORPTION & ICEBERG: No significant absorption or iceberg orders detected

⚡ ORDER ARRIVAL DYNAMICS: Insufficient trades for analysis

🌪️ LIQUIDITY VACUUM: No significant vacuum detected

📊 VOLATILITY REGIME DETECTION:
   Current Regime: LOW
   Regime Score: -1.00 (-1=low vol, +1=extreme vol)
   Days in Regime: 6
   ATR: $0.247846 (avg: $0.288151)
   ATR Percentile: 5.3%
   Realized Volatility: 81.54% (annualized)
   Vol Percentile: 10.2%

   🔵 LOW VOLATILITY REGIME:
   ✅ Ideal for breakout setups - price coiling
   ✅ Tight stops recommended
   ✅ Can increase position size (lower risk)

⏰ TEMPORAL PATTERN ANALYSIS:
   Current Time: Sunday 7:00 UTC
   Day Bias: NEUTRAL
   Current vs Avg Volume: 0x
   Current vs Avg Volatility: 0x

   ⏳ NON-FAVORABLE TIME WINDOW:
   This hour typically shows weaker activity
   Next favorable window in 5 hour(s)

   ⚠️ LOW ACTIVITY ANOMALY:
   Volume 0x below typical - Extremely quiet

   📉 LOW VOLATILITY ANOMALY:
   Volatility 0x below typical - Consolidation likely

   🔥 Best Trading Hours (UTC): 22:00, 15:00, 14:00

🎯 UNIFIED MICROSTRUCTURE INTEGRATION:
   Signal Consensus: NEUTRAL (50% agreement)
   Available Signals: 2 (1 bullish / 1 bearish / 0 neutral)
   Conviction Level: LOW (30%)
   Signal Quality: LOW
   Risk Adjustment: REDUCE
   Timing Quality: UNFAVORABLE

   ⚠️ LOW CONVICTION: Only 50% signal agreement
   Weak alignment - Reduce position size or wait for clarity

   ⚠️ RISK REDUCTION RECOMMENDED: Extreme volatility or unfavorable timing detected

   ⏰ UNFAVORABLE TIMING: Avoid trading during this hour

   Signal Directions Breakdown:
   • VPIN: NEUTRAL
   • Sweeps: NEUTRAL
   • Absorption: NEUTRAL
   • Arrival Dynamics: NEUTRAL
   • Liquidity Vacuum: NONE
   • Vol Regime: FAVORABLE
   • Temporal: UNFAVORABLE

   Adaptive Weights (Total: 4.1%):
   • VPIN: 0.0%
   • Sweeps: 0.0%
   • Absorption: 0.0%
   • Arrival: 0.0%
   • Vacuum: 0.0%
   • Vol Regime: 2.1%
   • Temporal: 2.0%


💹 DELTA ANALYSIS (Order Flow Aggression):
   Direction: NEUTRAL
   Delta Per Volume: 0.00%
   Institutional Ratio: 0.0%
   Aggression Score: 0.0%

📊 VOLUME PROFILE (Support/Resistance Strength):
   Point of Control (POC): $0.000000
   Value Area High: $0.000000
   Value Area Low: $0.000000
   Current Position: ABOVE_VALUE_AREA
   ⚠️ DISTRIBUTION RISK: Price above value area - potential rejection zone

⚡ MOMENTUM CASCADE (Multi-Timeframe Alignment):
   Cascade Detected: NO
   Alignment Score: -0.5%
   Cascade Strength: 0.0%
   Accelerating: None
   Diverging: 1m, 5m, 15m, 1h

💥 BREAKOUT CONFIRMATION:
   Quality: NO_BREAKOUT
   Volume Confirmation: NO
   Retest Strength: 0.0%
   False Breakout Risk: 0.0%
   No breakout detected - price below resistance


levels:
Entry=1.976946, StopLoss=2.02636965, TakeProfit=1.9727376, 1.9664249999999999, 1.9632687

---

=== Token: ZEN (ZEN) ===
Contract: ZEN-USD
Timestamp: 2025-04-11T13:45:00.000Z

Calculations:
{
  "momentumScore": 96.0104737535676,
  "volumeScore": 64.72716675446833,
  "patternScore": 95.2190796581373,
  "totalScore": 71.801001047027,
  "finalScore": 71.801001047027,
  "weights": "0.23,0.45,0.23",
  "hourlyUptrend": true,
  "rsi": 87.81869688385251,
  "ultraShortVolumeSurge": 3.651462412753414,
  "baseVolumeSurge": 0.04448233660865297,
  "currentPrice": 8.47,
  "resistance": 8.493,
  "support": 8.187,
  "rocMin5": 0.016928802977548327,
  "shortROC": 0.009535160905840294,
  "priceAcceleration": 0.00421503789891965,
  "buySellRatio": 0.44736872418474133,
  "macdHistogram": -0.0018812971752591723,
  "stochasticK": 56.53594771241814,
  "atr": 0.037285714285714304,
  "bbUpper": 8.451821745241341,
  "bbLower": 8.08447825475866,
  "hammerDetected": false,
  "engulfingDetected": false,
  "compressionSpring": {
    "detected": true,
    "confidence": 66,
    "signals": {
      "sidewaysPrice": true,
      "atrCompression": true,
      "bbSqueeze": true,
      "consolidationTime": true,
      "strongBuying": false,
      "obvPositive": false,
      "chaikinPositive": false,
      "rsiNeutral": true,
      "volumeBuilding": false
    },
    "metrics": {
      "priceRange": 3.74,
      "atrRatio": 0.68,
      "bbWidth": 4.44,
      "volumeRatio": 0.678,
      "signalCount": 5,
      "buySellRatio": 0.447
    }
  },
  "riskTier": "HIGH",
  "atrPercent": 0.9394501602293831,
  "distanceToResistance": 0.2715466351829951,
  "slPercent": 4,
  "tpPercent": 0.23081463990554582,
  "trailingActivation": 0.13848878394332748,
  "shortMomentumScore": 0,
  "overboughtScore": 0.43971758515893655,
  "shortPatternScore": 0,
  "shootingStarDetected": false,
  "bearishEngulfingDetected": false,
  "eveningStarDetected": false,
  "bearishPatternsCount": 0,
  "shortTotalScore": 0.15390115480562777,
  "chaikin": 0.3945861477901509,
  "obvIncreasing": true,
  "obvTrend": "increasing",
  "adx": 55.89887640449437,
  "recentCandles": {
    "redCount": 4,
    "greenCount": 6
  },
  "resistanceDistance": 0.2715466351829951,
  "multiplePatterns": false,
  "bullishPattern": false,
  "priceAboveVWAP": true,
  "breakingResistance": true,
  "atrSufficient": false,
  "macdDivergenceBearish": false,
  "rvolMin1": -0.2538695647503812,
  "rvolMin5": -0.32423783127734257,
  "atrPercentileOld": 1,
  "vwapDeviation": 3.234188849531828,
  "bbWidthPercent": 4.442874046584568,
  "bbSqueeze": false,
  "multiTFMomentum": {
    "min1": {
      "roc1": 0.002366863905325604,
      "roc3": 0.009535160905840294
    },
    "min5": {
      "roc1": 0.009535160905840294,
      "roc3": 0.017539644401730035
    },
    "min15": {
      "roc1": -0.012987012987013128,
      "roc3": 0.0037219354064111903
    },
    "hourly": {
      "roc1": 0.011081667068176407,
      "roc3": -0.0007142857142857413
    },
    "fourHour": {
      "roc1": 0.026161369193154087,
      "roc3": 0.057844990548204224
    },
    "divergenceShortUpLongDown": false
  },
  "returnZMin5": 2.0289838988045554,
  "wickClosePct": 0.7261904761904787,
  "wickUpper": 0.022999999999999687,
  "wickLower": 0,
  "wickRatio": 0.37704918032786405,
  "donchianBreakout15": false,
  "bbWidthPercentile15": 0.5584415584415584,
  "signedMin5": 913.3879999999992,
  "signedMin5Z": 1.9395799358991574,
  "signedMin1": 7636.146,
  "signedMin1Z": 22.202556104239875,
  "streakMin1": {
    "upStreak": 0,
    "downStreak": 1
  },
  "streakMin5": {
    "upStreak": 3,
    "downStreak": 0
  },
  "rvolPercentileMin1": 0.4048611111111111,
  "rvolPercentileMin5": 0.4479166666666667,
  "perTfMetrics": {
    "min1": {
      "sma20": 8.34795,
      "sma50": 8.319819999999998,
      "ema20": 8.356606830647808,
      "ema50": 8.30555738581576,
      "vwma20": 8.333724901252522,
      "hma21": 8.391900432900432,
      "atr14": 0.024214285714285362,
      "atrPercentile": 0.32326283987915405,
      "rvolZ": -0.2538695647503812,
      "rvolPercentile": 0.4048611111111111,
      "mfi14": 65.49116091284286,
      "ppo": {
        "ppo": 0.4361279801241483,
        "signal": 0.2714592330736575,
        "histogram": 0.16466874705049078
      },
      "stochRsi": {
        "k": 100,
        "d": 76.8390932286102
      },
      "vprofile": {
        "vpBins": [
          0.015014915319908223,
          0.016562096685883678,
          0.023235535424426055,
          0.022346510811485698,
          0.030725633132089224,
          0.10416810113837983,
          0.05218471878691306,
          0.0467441877611868,
          0.004072527774070637,
          0.019102618423060165,
          0.04313916935398077,
          0.12132870656144948,
          0.007588171685324843,
          0.043635312889343254,
          0.08060202442010836,
          0.08958617033639803,
          0.2365617292010509,
          0.0192589360159362,
          0.02262477719281457,
          0.0015181570861901343
        ],
        "currentBinShare": 0.0015181570861901343
      },
      "ttm": {
        "squeeze": false,
        "release": true,
        "widthPct": 2.2945427171827406
      }
    },
    "min5": {
      "sma20": 8.295399999999999,
      "sma50": 8.233459999999997,
      "ema20": 8.313718243484997,
      "ema50": 8.232040959271501,
      "vwma20": 8.288892690699377,
      "hma21": 8.378047619047619,
      "atr14": 0.037285714285714304,
      "atrPercentile": 0.48905109489051096,
      "rvolZ": -0.32423783127734257,
      "rvolPercentile": 0.4479166666666667,
      "mfi14": 81.89574839431299,
      "ppo": {
        "ppo": 0.5091163086160244,
        "signal": 0.3667070272380114,
        "histogram": 0.142409281378013
      },
      "stochRsi": {
        "k": 100,
        "d": 72.084156712914
      },
      "vprofile": {
        "vpBins": [
          0.011677631244403196,
          0.002648123045492081,
          0.02659440744755614,
          0.018497000430212223,
          0.022323645700517467,
          0.0650465942817628,
          0.09386179662343365,
          0.05057445065214446,
          0.019122297242795343,
          0.050784319898412714,
          0.10265957735861475,
          0.06808024163773665,
          0.08167902804521626,
          0.036172162242497675,
          0.05875692256577707,
          0.06470505963392283,
          0.1948736590476915,
          0.0024327285275876657,
          0.02819631120114942,
          0.0013140431730760678
        ],
        "currentBinShare": 0.0013140431730760678
      },
      "ttm": {
        "squeeze": false,
        "release": true,
        "widthPct": 3.0107041849091094
      }
    },
    "min15": {
      "sma20": 8.26815,
      "sma50": 8.097039999999998,
      "ema20": 8.268951755374891,
      "ema50": 8.133236979896262,
      "vwma20": 8.314622304235554,
      "hma21": 8.340714285714288,
      "atr14": 0.07957142857142875,
      "atrPercentile": 1,
      "rvolZ": -0.20715037382377832,
      "rvolPercentile": 0.6770833333333334,
      "mfi14": 76.5570052441438,
      "ppo": {
        "ppo": 0.9453378420094295,
        "signal": 0.9067014546878528,
        "histogram": 0.038636387321576704
      },
      "stochRsi": {
        "k": 8.690021693826525,
        "d": 62.12318069976229
      },
      "vprofile": {
        "vpBins": [
          0.017380050016758197,
          0,
          0.007642582750479726,
          0.049312877289518955,
          0.04315245535138799,
          0.07855511235354996,
          0.039232990434939545,
          0.09453668202527357,
          0.01757562364415176,
          0.027068826447742066,
          0.10629154098022535,
          0.031590334022076616,
          0.01843493217536067,
          0.04386193459516997,
          0.07127693741275613,
          0.043044245310468535,
          0.26094070546464393,
          0.005913763447988833,
          0.039642811103867644,
          0.0045455951736406534
        ],
        "currentBinShare": 0.005913763447988833
      },
      "ttm": {
        "squeeze": false,
        "release": false,
        "widthPct": 4.442874046584568
      }
    },
    "hourly": {
      "sma20": 7.99965,
      "sma50": 7.892860000000001,
      "ema20": 8.076877450728315,
      "ema50": 7.890382009020846,
      "vwma20": 8.210937455846771,
      "hma21": 8.3501341991342,
      "atr14": 0.1258571428571427,
      "atrPercentile": 0.5496894409937888,
      "rvolZ": 1.0093550708428896,
      "rvolPercentile": 0.9285714285714286,
      "mfi14": 67.26006127568465,
      "ppo": {
        "ppo": 1.7796468931326865,
        "signal": 1.2930078348591973,
        "histogram": 0.4866390582734892
      },
      "stochRsi": {
        "k": 75.0653295560171,
        "d": 80.52249191454617
      },
      "vprofile": {
        "vpBins": [
          0.014214383716052414,
          0,
          0.009750641106975646,
          0,
          0.011050762662676924,
          0.034517062572689286,
          0.07662846279474005,
          0.15426686520519642,
          0.10712054876202846,
          0.03772585627857789,
          0.06140310121345896,
          0.015029541564139343,
          0.020144288614288807,
          0.02235233737175292,
          0.0677711210097448,
          0.10012441440692796,
          0.13302844197871722,
          0.03158657252846606,
          0.04536341326357328,
          0.05792218494999348
        ],
        "currentBinShare": 0.05792218494999348
      },
      "ttm": {
        "squeeze": false,
        "release": false,
        "widthPct": 11.188622445221172
      }
    },
    "fourHour": {
      "sma20": 7.722149999999999,
      "sma50": 7.831200000000001,
      "ema20": 7.853291226935063,
      "ema50": 7.9379802339643275,
      "vwma20": 7.648875917083728,
      "hma21": 8.260155844155847,
      "atr14": 0.2666428571428568,
      "atrPercentile": 0.3,
      "rvolZ": 1.695247990111076,
      "rvolPercentile": 0.9285714285714286,
      "mfi14": 76.88467511304063,
      "ppo": {
        "ppo": 1.4183092290845682,
        "signal": 0.3285375487821903,
        "histogram": 1.0897716803023778
      },
      "stochRsi": {
        "k": 100,
        "d": 74.66072515726519
      },
      "vprofile": {
        "vpBins": [
          0,
          0,
          0,
          0.04446546221260535,
          0.05437782175121647,
          0.16644760118307203,
          0.03357526783103579,
          0.022228074013972057,
          0.02284394170256512,
          0.033078690700067005,
          0.08376279382951246,
          0.09060192779005444,
          0.10690127350901245,
          0,
          0.06562828051620741,
          0.12023862847270303,
          0.051488735534081155,
          0.07900803364847594,
          0.01321621260816773,
          0.012137254697251649
        ],
        "currentBinShare": 0.10690127350901245
      },
      "ttm": {
        "squeeze": false,
        "release": false,
        "widthPct": 19.061543980699483
      }
    },
    "daily": {
      "sma20": 8.63025,
      "sma50": 9.920859999999998,
      "ema20": 8.480733475189242,
      "ema50": 10.245012083022223,
      "vwma20": 0,
      "hma21": 7.334406926406926,
      "atr14": 0.7707142857142854,
      "atrPercentile": 0.09210526315789473,
      "rvolZ": 0,
      "rvolPercentile": 1,
      "mfi14": 50,
      "ppo": {
        "ppo": -7.2349188517373095,
        "signal": -7.623010733791693,
        "histogram": 0.3880918820543835
      },
      "stochRsi": {
        "k": 80.75991767537886,
        "d": 34.358219602681096
      },
      "vprofile": {
        "vpBins": [
          0,
          0,
          0,
          0,
          0,
          0,
          0,
          0,
          0,
          0,
          0,
          0,
          0,
          0,
          0,
          0,
          0,
          0,
          0,
          0
        ],
        "currentBinShare": 0
      },
      "ttm": {
        "squeeze": false,
        "release": false,
        "widthPct": 40.53393137293434
      }
    }
  },
  "smaMin5": 8.295399999999999,
  "emaMin5": 8.313718243484997,
  "vwmaMin5": 8.288892690699377,
  "hmaMin5": 8.378047619047619,
  "keltner15": {
    "upper": 8.38355175537489,
    "middle": 8.268951755374891,
    "lower": 8.154351755374892
  },
  "superTrend15": {
    "isBull": false,
    "finalUpper": 8.6052,
    "finalLower": 8.146799999999999
  },
  "mfi15": 76.5570052441438,
  "stochRsi15": {
    "k": 8.690021693826525,
    "d": 62.12318069976229
  },
  "ppo15": {
    "ppo": 0.9453378420094295,
    "signal": 0.9067014546878528,
    "histogram": 0.038636387321576704
  },
  "vpMin15": {
    "vpBins": [
      0.017380050016758197,
      0,
      0.007642582750479726,
      0.049312877289518955,
      0.04315245535138799,
      0.07855511235354996,
      0.039232990434939545,
      0.09453668202527357,
      0.01757562364415176,
      0.027068826447742066,
      0.10629154098022535,
      0.031590334022076616,
      0.01843493217536067,
      0.04386193459516997,
      0.07127693741275613,
      0.043044245310468535,
      0.26094070546464393,
      0.005913763447988833,
      0.039642811103867644,
      0.0045455951736406534
    ],
    "currentBinShare": 0.005913763447988833
  },
  "ttm15": {
    "squeeze": false,
    "release": false,
    "widthPct": 4.442874046584568
  },
  "marketCorrelation": {
    "hourly": {
      "btcCorrelation": 0,
      "ethCorrelation": 0,
      "btcBeta": 1,
      "ethBeta": 1,
      "btcTrend": "UNKNOWN",
      "ethTrend": "UNKNOWN",
      "tokenVol": 0,
      "btcVol": 0,
      "ethVol": 0,
      "marketDependence": 0,
      "verdict": "INSUFFICIENT_DATA"
    },
    "min15": {
      "btcCorrelation": 0,
      "ethCorrelation": 0,
      "btcBeta": 1,
      "ethBeta": 1,
      "btcTrend": "UNKNOWN",
      "ethTrend": "UNKNOWN",
      "tokenVol": 0,
      "btcVol": 0,
      "ethVol": 0,
      "marketDependence": 0,
      "verdict": "INSUFFICIENT_DATA"
    },
    "daily": {
      "btcCorrelation": 0,
      "ethCorrelation": 0,
      "btcBeta": 1,
      "ethBeta": 1,
      "btcTrend": "UNKNOWN",
      "ethTrend": "UNKNOWN",
      "tokenVol": 0,
      "btcVol": 0,
      "ethVol": 0,
      "marketDependence": 0,
      "verdict": "INSUFFICIENT_DATA"
    }
  },
  "tradeTape": {
    "totalTrades": 0,
    "totalVolume": 0,
    "buysVolume": 0,
    "sellsVolume": 0,
    "buySellRatio": 0.5,
    "vwap": 0,
    "signedVolume": 0,
    "avgTradeSize": 0,
    "tradesPerSec": 0,
    "cumulativeDelta": 0,
    "tradesLast1m": 0,
    "tradesLast5m": 0,
    "tradesLast15m": 0,
    "tradesLast1h": 0,
    "buyVWAP": 0,
    "sellVWAP": 0,
    "aggressorVWAP": 0,
    "bucketDurationMs": 60000,
    "bucketCount": 15,
    "bucketSignedVolumes": [],
    "bucketVolumes": [],
    "bucketVWAPs": [],
    "latestBucketSignedZ": 0
  },
  "enhancedMetrics": {
    "relativeVolumeZScore": -1,
    "volumePercentile": 40,
    "atrPercentile": 49.63503649635037,
    "volatilityPercentile": 23.734177215189874,
    "relativeVolatilityRatio": 0.8051118710198931,
    "isHighVolume": false,
    "isHighVolatility": false,
    "isLowVolatility": true,
    "isExpandingVolatility": false,
    "isContractingVolatility": false
  },
  "orderBook": {
    "bidAskSpread": 0,
    "spreadPct": 0,
    "midPrice": 0,
    "bestBid": 0,
    "bestAsk": 0,
    "bidDepth": 0,
    "askDepth": 0,
    "orderBookImbalance": 0,
    "liquidityScore": 0,
    "depthAt1Pct": {
      "bidVolume": 0,
      "askVolume": 0,
      "imbalance": 0
    },
    "depthAt2Pct": {
      "bidVolume": 0,
      "askVolume": 0,
      "imbalance": 0
    },
    "depthAt5Pct": {
      "bidVolume": 0,
      "askVolume": 0,
      "imbalance": 0
    },
    "weightedMidPrice": 0,
    "volumeWeightedSpread": 0,
    "totalBidLevels": 0,
    "totalAskLevels": 0
  },
  "marketCap": {
    "marketCap": 0,
    "totalVolume24h": 0,
    "volumeToMarketCapRatio": 0,
    "marketCapRank": 0,
    "normalizedRank": 0,
    "isHighLiquidity": false,
    "isVeryHighLiquidity": false,
    "isLowLiquidity": true,
    "liquidityTier": "VERY_LOW"
  },
  "sweeps": {
    "sweepScore": 0,
    "sweepCount": 0,
    "sweepDirection": "NEUTRAL",
    "buySweeps": 0,
    "sellSweeps": 0,
    "avgSweepSize": 0,
    "avgSweepIntensity": 0,
    "bidLiftRatio": 0,
    "askLiftRatio": 0,
    "sweepFrequency": 0,
    "largestSweep": null,
    "recentSweepClusters": 0,
    "sweepDetails": []
  },
  "absorption": {
    "absorptionScore": 0,
    "absorptionLevel": null,
    "absorptionSide": "NONE",
    "icebergProbability": 0,
    "hiddenLiquidityEstimate": 0,
    "volumeAtPrice": {},
    "topAbsorptionLevels": [],
    "persistenceDuration": 0,
    "refillDetected": false
  },
  "orderArrival": {
    "avgInterArrivalTime": 0,
    "recentInterArrivalTime": 0,
    "accelerationRatio": 1,
    "hawkesIntensity": 0,
    "hawkesDirection": "NEUTRAL",
    "clusteringScore": 0,
    "burstCount": 0,
    "cascadeDetected": false,
    "timeToNextTrade": 0,
    "accelerationTrend": "STABLE"
  },
  "liquidityVacuum": {
    "vacuumScore": 0,
    "vacuumSide": "NONE",
    "bidVacuumSeverity": 0,
    "askVacuumSeverity": 0,
    "depthConcentration": 0,
    "priceImpact10k": 0,
    "priceImpact50k": 0,
    "priceImpact100k": 0,
    "largestGapBid": 0,
    "largestGapAsk": 0,
    "avgGapBid": 0,
    "avgGapAsk": 0,
    "bidCliffDistance": 0,
    "askCliffDistance": 0
  },
  "volatilityRegime": {
    "regime": "LOW",
    "regimeScore": -1,
    "currentATR": 0.768,
    "avgATR": 1.142182,
    "atrPercentile": 10.5,
    "realizedVolatility": 81.1,
    "volPercentile": 6.8,
    "expanding": false,
    "contracting": true,
    "transitionProbability": 0.4,
    "daysInRegime": 13,
    "regimeStrength": 1.13
  },
  "temporalPatterns": {
    "currentHour": 7,
    "currentDay": 0,
    "currentDayName": "Sunday",
    "dayBias": "NEUTRAL",
    "hourlyProfile": [
      {
        "avgVolume": 1440.7,
        "avgATR": 0.126357,
        "avgReturn": -0.067
      },
      {
        "avgVolume": 939.28,
        "avgATR": 0.131929,
        "avgReturn": 0.739
      },
      {
        "avgVolume": 702.21,
        "avgATR": 0.089357,
        "avgReturn": -0.082
      },
      {
        "avgVolume": 561.06,
        "avgATR": 0.109143,
        "avgReturn": -0.577
      },
      {
        "avgVolume": 378.8,
        "avgATR": 0.086286,
        "avgReturn": 0.288
      },
      {
        "avgVolume": 454.34,
        "avgATR": 0.084429,
        "avgReturn": -0.288
      },
      {
        "avgVolume": 644.12,
        "avgATR": 0.115929,
        "avgReturn": -0.561
      },
      {
        "avgVolume": 768.1,
        "avgATR": 0.111857,
        "avgReturn": -0.03
      },
      {
        "avgVolume": 474.43,
        "avgATR": 0.114286,
        "avgReturn": 0.819
      },
      {
        "avgVolume": 452.57,
        "avgATR": 0.087143,
        "avgReturn": -0.072
      },
      {
        "avgVolume": 1588.42,
        "avgATR": 0.123143,
        "avgReturn": -0.435
      },
      {
        "avgVolume": 756.74,
        "avgATR": 0.112643,
        "avgReturn": -0.205
      },
      {
        "avgVolume": 1722.71,
        "avgATR": 0.153571,
        "avgReturn": 0.361
      },
      {
        "avgVolume": 2319.61,
        "avgATR": 0.175143,
        "avgReturn": 0.201
      },
      {
        "avgVolume": 2010.29,
        "avgATR": 0.180462,
        "avgReturn": 0.001
      },
      {
        "avgVolume": 893.9,
        "avgATR": 0.141571,
        "avgReturn": 0.089
      },
      {
        "avgVolume": 1645.58,
        "avgATR": 0.128286,
        "avgReturn": -0.671
      },
      {
        "avgVolume": 1467.57,
        "avgATR": 0.175929,
        "avgReturn": 0.511
      },
      {
        "avgVolume": 1816.83,
        "avgATR": 0.108286,
        "avgReturn": 0.093
      },
      {
        "avgVolume": 1349.68,
        "avgATR": 0.083571,
        "avgReturn": -0.095
      },
      {
        "avgVolume": 936.44,
        "avgATR": 0.118286,
        "avgReturn": -0.032
      },
      {
        "avgVolume": 824.8,
        "avgATR": 0.091,
        "avgReturn": 0.128
      },
      {
        "avgVolume": 755.47,
        "avgATR": 0.128143,
        "avgReturn": -0.554
      },
      {
        "avgVolume": 873.27,
        "avgATR": 0.092714,
        "avgReturn": -0.028
      }
    ],
    "dailyProfile": [
      {
        "avgVolume": 665.58,
        "avgATR": 0.106396,
        "avgReturn": -0.293
      },
      {
        "avgVolume": 1600.32,
        "avgATR": 0.164167,
        "avgReturn": 0.084
      },
      {
        "avgVolume": 907.41,
        "avgATR": 0.108396,
        "avgReturn": -0.048
      },
      {
        "avgVolume": 1768.08,
        "avgATR": 0.145,
        "avgReturn": 0.024
      },
      {
        "avgVolume": 787.52,
        "avgATR": 0.107167,
        "avgReturn": -0.007
      },
      {
        "avgVolume": 896.04,
        "avgATR": 0.107915,
        "avgReturn": 0.201
      },
      {
        "avgVolume": 870.12,
        "avgATR": 0.096375,
        "avgReturn": -0.093
      }
    ],
    "favorableHours": [
      13,
      14,
      18,
      12,
      16,
      10
    ],
    "favorableWindow": false,
    "currentVsAvgVolume": 0,
    "currentVsAvgVolatility": 0,
    "anomalyDetected": true,
    "timeUntilFavorable": 3,
    "temporalScore": 0
  },
  "unifiedMicrostructure": {
    "signalDirections": {
      "vpin": "NEUTRAL",
      "sweeps": "NEUTRAL",
      "absorption": "NEUTRAL",
      "arrival": "NEUTRAL",
      "vacuum": "NONE",
      "volRegime": "FAVORABLE",
      "temporal": "UNFAVORABLE"
    },
    "consensusDirection": "NEUTRAL",
    "consensusStrength": 50,
    "bullishSignals": 1,
    "bearishSignals": 1,
    "neutralSignals": 0,
    "totalAvailableSignals": 2,
    "dominantPattern": "NONE",
    "clusters": {
      "strongBuyCluster": false,
      "distributionPattern": false,
      "accumulationPattern": false,
      "momentumCascade": false
    },
    "adaptiveWeights": {
      "vpin": 0,
      "sweeps": 0,
      "absorption": 0,
      "arrival": 0,
      "vacuum": 0,
      "volRegime": 0.021,
      "temporal": 0.02
    },
    "convictionLevel": "LOW",
    "convictionScore": 30,
    "riskAdjustment": "REDUCE",
    "timingQuality": "UNFAVORABLE",
    "signalQuality": "LOW"
  },
  "deltaAnalysis": {
    "currentDelta": 0,
    "cumulativeDelta": 0,
    "deltaPerVolume": 0,
    "deltaDirection": "NEUTRAL",
    "deltaDivergence": false,
    "institutionalRatio": 0,
    "aggressionScore": 0
  },
  "volumeProfile": {
    "pointOfControl": 0,
    "valueAreaHigh": 0,
    "valueAreaLow": 0,
    "currentPosition": "ABOVE_VALUE_AREA",
    "volumeNodes": [],
    "airPockets": []
  },
  "momentumCascade": {
    "cascadeDetected": true,
    "alignmentScore": 0.016556529334906974,
    "cascadeStrength": 0.08278264667453487,
    "acceleratingTimeframes": [
      "1m",
      "5m",
      "15m",
      "1h"
    ],
    "divergingTimeframes": []
  },
  "breakoutConfirmation": {
    "breakoutConfirmed": false,
    "volumeConfirmation": false,
    "retestStrength": 0,
    "falseBreakoutRisk": 0,
    "breakoutQuality": "NO_BREAKOUT"
  },
  "liquidityHeatmap": {
    "liquidityScore": 0,
    "magnetDirection": "NONE",
    "magnetStrength": 0,
    "priceTarget5pct": null,
    "message": "No order book data"
  },
  "smartMoneyDivergence": {
    "divergenceDetected": false,
    "divergenceDirection": "NONE",
    "smartMoneyScore": 0.5,
    "message": "Insufficient trade data"
  },
  "microstructure": {
    "raw": -0.035287351011734275,
    "pct": 49,
    "summary": {
      "latestBucketSignedZ": 0,
      "buySellRatio": 0.5,
      "tradesPerSec": 0,
      "vwap": 0,
      "aggressorVWAP": 0,
      "vpinToxicity": "UNKNOWN",
      "sweepDirection": "NEUTRAL",
      "absorptionSide": "NONE",
      "icebergDetected": false,
      "hawkesDirection": "NEUTRAL",
      "cascadeDetected": false,
      "vacuumSide": "NONE",
      "volatilityRegime": "LOW",
      "volExpanding": false,
      "favorableTimeWindow": false,
      "temporalAnomaly": true,
      "consensusDirection": "NEUTRAL",
      "consensusStrength": 50,
      "dominantPattern": "NONE",
      "convictionLevel": "LOW",
      "riskAdjustment": "REDUCE",
      "timingQuality": "UNFAVORABLE",
      "deltaDirection": "NEUTRAL",
      "deltaDivergence": false,
      "institutionalRatio": 0,
      "volumeProfilePosition": "ABOVE_VALUE_AREA",
      "pointOfControl": 0,
      "momentumCascadeDetected": true,
      "cascadeStrength": 0.08278264667453487,
      "breakoutQuality": "NO_BREAKOUT",
      "breakoutConfirmed": false,
      "magnetDirection": "NONE",
      "magnetStrength": 0,
      "priceTarget5pct": null,
      "nearestBidWall": 0,
      "nearestAskWall": 0,
      "divergenceDetected": false,
      "divergenceDirection": "NONE",
      "whaleAccumulation": false,
      "whaleDistribution": false,
      "retailPanic": false,
      "smartMoneyScore": 0.5
    }
  }
}

=== MICROSTRUCTURE ALERTS ===

🔬 VPIN: Insufficient data for VPIN analysis

🌊 SWEEP DETECTION: No significant sweeps detected

🧊 ABSORPTION & ICEBERG: No significant absorption or iceberg orders detected

⚡ ORDER ARRIVAL DYNAMICS: Insufficient trades for analysis

🌪️ LIQUIDITY VACUUM: No significant vacuum detected

📊 VOLATILITY REGIME DETECTION:
   Current Regime: LOW
   Regime Score: -1.00 (-1=low vol, +1=extreme vol)
   Days in Regime: 13
   ATR: $0.768000 (avg: $1.142182)
   ATR Percentile: 10.5%
   Realized Volatility: 81.10% (annualized)
   Vol Percentile: 6.8%

   🔵 LOW VOLATILITY REGIME:
   ✅ Ideal for breakout setups - price coiling
   ✅ Tight stops recommended
   ✅ Can increase position size (lower risk)

   📉 VOLATILITY CONTRACTING:
   🔄 Consolidation phase - accumulation likely
   ⏳ Wait for expansion before entering

   📍 MODERATE REGIME TRANSITION PROBABILITY: 40%
   Monitor for potential regime change

   ✅ STABLE REGIME: 13 days - predictable conditions

⏰ TEMPORAL PATTERN ANALYSIS:
   Current Time: Sunday 7:00 UTC
   Day Bias: NEUTRAL
   Current vs Avg Volume: 0x
   Current vs Avg Volatility: 0x

   ⏳ NON-FAVORABLE TIME WINDOW:
   This hour typically shows weaker activity
   Next favorable window in 3 hour(s)

   ⚠️ LOW ACTIVITY ANOMALY:
   Volume 0x below typical - Extremely quiet

   📉 LOW VOLATILITY ANOMALY:
   Volatility 0x below typical - Consolidation likely

   🔥 Best Trading Hours (UTC): 13:00, 14:00, 18:00

🎯 UNIFIED MICROSTRUCTURE INTEGRATION:
   Signal Consensus: NEUTRAL (50% agreement)
   Available Signals: 2 (1 bullish / 1 bearish / 0 neutral)
   Conviction Level: LOW (30%)
   Signal Quality: LOW
   Risk Adjustment: REDUCE
   Timing Quality: UNFAVORABLE

   ⚠️ LOW CONVICTION: Only 50% signal agreement
   Weak alignment - Reduce position size or wait for clarity

   ⚠️ RISK REDUCTION RECOMMENDED: Extreme volatility or unfavorable timing detected

   ⏰ UNFAVORABLE TIMING: Avoid trading during this hour

   Signal Directions Breakdown:
   • VPIN: NEUTRAL
   • Sweeps: NEUTRAL
   • Absorption: NEUTRAL
   • Arrival Dynamics: NEUTRAL
   • Liquidity Vacuum: NONE
   • Vol Regime: FAVORABLE
   • Temporal: UNFAVORABLE

   Adaptive Weights (Total: 4.1%):
   • VPIN: 0.0%
   • Sweeps: 0.0%
   • Absorption: 0.0%
   • Arrival: 0.0%
   • Vacuum: 0.0%
   • Vol Regime: 2.1%
   • Temporal: 2.0%


💹 DELTA ANALYSIS (Order Flow Aggression):
   Direction: NEUTRAL
   Delta Per Volume: 0.00%
   Institutional Ratio: 0.0%
   Aggression Score: 0.0%

📊 VOLUME PROFILE (Support/Resistance Strength):
   Point of Control (POC): $0.000000
   Value Area High: $0.000000
   Value Area Low: $0.000000
   Current Position: ABOVE_VALUE_AREA
   ⚠️ DISTRIBUTION RISK: Price above value area - potential rejection zone

⚡ MOMENTUM CASCADE (Multi-Timeframe Alignment):
   Cascade Detected: YES
   Alignment Score: 1.7%
   Cascade Strength: 8.3%
   🚀 MOMENTUM CASCADE ACTIVE: All timeframes accelerating - EXPLOSIVE MOVE INCOMING!
   Accelerating Timeframes: 1m, 5m, 15m, 1h

💥 BREAKOUT CONFIRMATION:
   Quality: NO_BREAKOUT
   Volume Confirmation: NO
   Retest Strength: 0.0%
   False Breakout Risk: 0.0%
   No breakout detected - price below resistance


levels:
Entry=8.45306, StopLoss=8.114937600000001, TakeProfit=8.462815449999999, 8.472570900000001, 8.48037526

---

=== Token: FIS (FIS) ===
Contract: FIS-USD
Timestamp: 2025-04-11T13:45:00.000Z

Calculations:
{
  "momentumScore": 115.79442299645919,
  "volumeScore": 55,
  "patternScore": 76.13325106679818,
  "totalScore": 67.814023254827,
  "finalScore": 67.814023254827,
  "weights": "0.23,0.45,0.23",
  "hourlyUptrend": true,
  "rsi": 60,
  "ultraShortVolumeSurge": 2.3918011315483594,
  "baseVolumeSurge": 0.06270733749001045,
  "currentPrice": 0.1231,
  "resistance": 0.1254,
  "support": 0.1204,
  "rocMin5": -0.004045307443365699,
  "shortROC": 0.0008130081300813241,
  "priceAcceleration": -0.0010081841181320014,
  "buySellRatio": 0.042772985967634174,
  "macdHistogram": -0.00011131587424303871,
  "stochasticK": 46.00000000000004,
  "atr": 0.0009142857142857157,
  "bbUpper": 0.12349804690010983,
  "bbLower": 0.1198519530998902,
  "hammerDetected": false,
  "engulfingDetected": false,
  "compressionSpring": {
    "detected": true,
    "confidence": 66,
    "signals": {
      "sidewaysPrice": true,
      "atrCompression": true,
      "bbSqueeze": true,
      "consolidationTime": true,
      "strongBuying": false,
      "obvPositive": false,
      "chaikinPositive": false,
      "rsiNeutral": true,
      "volumeBuilding": false
    },
    "metrics": {
      "priceRange": 4.15,
      "atrRatio": 0.536,
      "bbWidth": 3,
      "volumeRatio": 0.839,
      "signalCount": 5,
      "buySellRatio": 0.043
    }
  },
  "riskTier": "HIGH",
  "atrPercent": 1.473830799582224,
  "distanceToResistance": 1.8683996750609344,
  "slPercent": 4,
  "tpPercent": 1.5881397238017942,
  "trailingActivation": 0.9528838342810765,
  "shortMomentumScore": 30,
  "overboughtScore": 0,
  "shortPatternScore": 0,
  "shootingStarDetected": false,
  "bearishEngulfingDetected": false,
  "eveningStarDetected": false,
  "bearishPatternsCount": 0,
  "shortTotalScore": 12,
  "chaikin": 0.030097202086035144,
  "obvIncreasing": true,
  "obvTrend": "increasing",
  "adx": 78.9473684210527,
  "recentCandles": {
    "redCount": 4,
    "greenCount": 6
  },
  "resistanceDistance": 1.8683996750609344,
  "multiplePatterns": false,
  "bullishPattern": false,
  "priceAboveVWAP": true,
  "breakingResistance": false,
  "atrSufficient": true,
  "macdDivergenceBearish": true,
  "rvolMin1": -0.3991391473509903,
  "rvolMin5": -0.698645711038703,
  "atrPercentileOld": 0.926829268292683,
  "vwapDeviation": 4.597368224158524,
  "bbWidthPercent": 2.9965841793463155,
  "bbSqueeze": true,
  "multiTFMomentum": {
    "min1": {
      "roc1": 0.0032626427406198823,
      "roc3": 0.004081632653061228
    },
    "min5": {
      "roc1": 0.0008130081300813241,
      "roc3": -0.0024311183144245926
    },
    "min15": {
      "roc1": -0.0024390243902438595,
      "roc3": 0.004914004914004941
    },
    "hourly": {
      "roc1": 0.003246753246753227,
      "roc3": 0.011456628477905061
    },
    "fourHour": {
      "roc1": 0.019801980198019795,
      "roc3": 0.07759372275501313
    },
    "divergenceShortUpLongDown": false
  },
  "returnZMin5": -0.0043217337787161605,
  "wickClosePct": 0.5,
  "wickUpper": 0.00010000000000000286,
  "wickLower": 0,
  "wickRatio": 1,
  "donchianBreakout15": false,
  "bbWidthPercentile15": 0.12987012987012986,
  "signedMin5": 134377.69999999998,
  "signedMin5Z": 14.980701157916453,
  "signedMin1": 67482,
  "signedMin1Z": 13.05600223046732,
  "streakMin1": {
    "upStreak": 1,
    "downStreak": 0
  },
  "streakMin5": {
    "upStreak": 1,
    "downStreak": 0
  },
  "rvolPercentileMin1": 0.32941176470588235,
  "rvolPercentileMin5": 0.1111111111111111,
  "perTfMetrics": {
    "min1": {
      "sma20": 0.12263000000000002,
      "sma50": 0.12224399999999994,
      "ema20": 0.1226756189182932,
      "ema50": 0.12222208389848713,
      "vwma20": 0.12257954040904487,
      "hma21": 0.12283463203463205,
      "atr14": 0.0007714285714285717,
      "atrPercentile": 0.4474034620505992,
      "rvolZ": -0.3991391473509903,
      "rvolPercentile": 0.32941176470588235,
      "mfi14": 76.92213922606079,
      "ppo": {
        "ppo": 0.1625052208846382,
        "signal": 0.14074385932119493,
        "histogram": 0.02176136156344327
      },
      "stochRsi": {
        "k": 62.60080645161239,
        "d": 52.14912280701751
      },
      "vprofile": {
        "vpBins": [
          0.009408513560673485,
          0.03401119886770823,
          0.126711608606075,
          0.05967458568449025,
          0.10986682568969137,
          0.05139328232341009,
          0.009904862681974129,
          0.06278823857339608,
          0.05765033018948997,
          0.025210380437178808,
          0.10128884873457876,
          0.014481108916573443,
          0.04203528547547361,
          0.09058378936623197,
          0.07451245020255258,
          0.11660617365045273,
          0.0130126867194103,
          0.0008598303206391411,
          0,
          0
        ],
        "currentBinShare": 0.0130126867194103
      },
      "ttm": {
        "squeeze": false,
        "release": false,
        "widthPct": 1.7046063939269624
      }
    },
    "min5": {
      "sma20": 0.12239499999999999,
      "sma50": 0.12147599999999997,
      "ema20": 0.12245348430422572,
      "ema50": 0.12125658825500686,
      "vwma20": 0.12216255585800356,
      "hma21": 0.12307835497835498,
      "atr14": 0.0009142857142857157,
      "atrPercentile": 0.20072992700729927,
      "rvolZ": -0.698645711038703,
      "rvolPercentile": 0.1111111111111111,
      "mfi14": 75.2117372457486,
      "ppo": {
        "ppo": 0.3963703429222164,
        "signal": 0.4008289618365971,
        "histogram": -0.0044586189143807076
      },
      "stochRsi": {
        "k": 64.9603460706561,
        "d": 57.33164983164985
      },
      "vprofile": {
        "vpBins": [
          0.015580221286915972,
          0.030891350229905717,
          0.010856369060107946,
          0.058445387654530834,
          0.037248124598354825,
          0.07377196248136368,
          0.11222737075740183,
          0.10755628500945243,
          0.041028859506828795,
          0.15919012138043448,
          0.07147962633651771,
          0.04845365412458114,
          0.035959687412047164,
          0.03245221941070028,
          0.034198272215084174,
          0.06851602042897643,
          0.03550182132017889,
          0.026642646786617447,
          0,
          0
        ],
        "currentBinShare": 0.026642646786617447
      },
      "ttm": {
        "squeeze": false,
        "release": false,
        "widthPct": 2.3532075050440695
      }
    },
    "min15": {
      "sma20": 0.12167500000000002,
      "sma50": 0.11847400000000001,
      "ema20": 0.12143329358443498,
      "ema50": 0.11923838234404492,
      "vwma20": 0.121917581275602,
      "hma21": 0.12272251082251084,
      "atr14": 0.0018142857142857177,
      "atrPercentile": 0.926829268292683,
      "rvolZ": 0.1544277235850104,
      "rvolPercentile": 0.7395833333333334,
      "mfi14": 64.19044080871532,
      "ppo": {
        "ppo": 1.0297104163299937,
        "signal": 1.0791888026103917,
        "histogram": -0.04947838628039802
      },
      "stochRsi": {
        "k": 0,
        "d": 60.97068203232589
      },
      "vprofile": {
        "vpBins": [
          0.0017452910590145725,
          0.006488368086420544,
          0.07466548969870475,
          0.02441448669473306,
          0.1508221974996838,
          0.0821078341529038,
          0.0574742123967442,
          0.02706472651761053,
          0.034244864931242215,
          0.0994127455274912,
          0.111883741346857,
          0.028043674889252596,
          0.03065118738441857,
          0.023200824396868828,
          0.07902734274052392,
          0.0848914107303555,
          0.04999922105676021,
          0.033862380890414594,
          0,
          0
        ],
        "currentBinShare": 0.04999922105676021
      },
      "ttm": {
        "squeeze": false,
        "release": false,
        "widthPct": 2.9965841793463155
      }
    },
    "hourly": {
      "sma20": 0.11708000000000003,
      "sma50": 0.11547399999999997,
      "ema20": 0.11839500624942335,
      "ema50": 0.11598319433919452,
      "vwma20": 0.11811974066507346,
      "hma21": 0.1230298701298701,
      "atr14": 0.002821428571428573,
      "atrPercentile": 0.9782608695652174,
      "rvolZ": 1.8064310365345773,
      "rvolPercentile": 0.9583333333333334,
      "mfi14": 67.90365519493523,
      "ppo": {
        "ppo": 2.020218474681476,
        "signal": 1.3651804841148047,
        "histogram": 0.6550379905666714
      },
      "stochRsi": {
        "k": 97.11442786069642,
        "d": 78.68994967210615
      },
      "vprofile": {
        "vpBins": [
          0.018478685020569725,
          0,
          0.016729306470804454,
          0.012715362579275018,
          0.07093121267480487,
          0.05415626054268916,
          0.11926027259039815,
          0.13128451524136087,
          0.1021346124872115,
          0.08931371576618301,
          0.09704563605169834,
          0.2103862154907647,
          0.010013516950155968,
          0.00034551706409852054,
          0.012977996732045211,
          0.002266324244126725,
          0.0004302875779622748,
          0.023631024841192567,
          0.02734852933454461,
          0.0005510083401144025
        ],
        "currentBinShare": 0.2103862154907647
      },
      "ttm": {
        "squeeze": false,
        "release": false,
        "widthPct": 12.828186703797845
      }
    },
    "fourHour": {
      "sma20": 0.11439500000000002,
      "sma50": 0.11846999999999999,
      "ema20": 0.11600243305271747,
      "ema50": 0.1216312688383367,
      "vwma20": 0.11668155355619983,
      "hma21": 0.11869826839826839,
      "atr14": 0.005242857142857145,
      "atrPercentile": 0.9714285714285714,
      "rvolZ": 3.4038951925798884,
      "rvolPercentile": 0.9880952380952381,
      "mfi14": 80.84829335764573,
      "ppo": {
        "ppo": 0.21501977556475604,
        "signal": -1.1690138301645914,
        "histogram": 1.3840336057293474
      },
      "stochRsi": {
        "k": 100,
        "d": 62.71558302808302
      },
      "vprofile": {
        "vpBins": [
          0,
          0.03043984978433643,
          0.07440177605223011,
          0.11934907394214998,
          0.13325505431026619,
          0.2072727240122407,
          0.06394867459880987,
          0.01153363195288172,
          0.018837610883954237,
          0.05041306183724662,
          0.03216205192388978,
          0.01738500628135362,
          0.14336379053732023,
          0.03015315835785048,
          0.023204217487725803,
          0.016586365878999903,
          0.008338896801441138,
          0.00980249239900389,
          0.0057290850476826955,
          0.003823477910616485
        ],
        "currentBinShare": 0.06394867459880987
      },
      "ttm": {
        "squeeze": false,
        "release": true,
        "widthPct": 12.879602618105194
      }
    },
    "daily": {
      "sma20": 0.13983500000000001,
      "sma50": 0.172868,
      "ema20": 0.13662549626151224,
      "ema50": 0.17501207234859925,
      "vwma20": 0,
      "hma21": 0.0970186147186147,
      "atr14": 0.010278571428571427,
      "atrPercentile": 0.09210526315789473,
      "rvolZ": 0,
      "rvolPercentile": 1,
      "mfi14": 50,
      "ppo": {
        "ppo": -13.482215376130297,
        "signal": -12.663311807154075,
        "histogram": -0.8189035689762214
      },
      "stochRsi": {
        "k": 84.35641447173137,
        "d": 20.54443863168265
      },
      "vprofile": {
        "vpBins": [
          0,
          0,
          0,
          0,
          0,
          0,
          0,
          0,
          0,
          0,
          0,
          0,
          0,
          0,
          0,
          0,
          0,
          0,
          0,
          0
        ],
        "currentBinShare": 0
      },
      "ttm": {
        "squeeze": false,
        "release": false,
        "widthPct": 70.56496405081121
      }
    }
  },
  "smaMin5": 0.12239499999999999,
  "emaMin5": 0.12245348430422572,
  "vwmaMin5": 0.12216255585800356,
  "hmaMin5": 0.12307835497835498,
  "keltner15": {
    "upper": 0.12444829358443499,
    "middle": 0.12143329358443498,
    "lower": 0.11841829358443498
  },
  "superTrend15": {
    "isBull": false,
    "finalUpper": 0.12923,
    "finalLower": 0.11717
  },
  "mfi15": 64.19044080871532,
  "stochRsi15": {
    "k": 0,
    "d": 60.97068203232589
  },
  "ppo15": {
    "ppo": 1.0297104163299937,
    "signal": 1.0791888026103917,
    "histogram": -0.04947838628039802
  },
  "vpMin15": {
    "vpBins": [
      0.0017452910590145725,
      0.006488368086420544,
      0.07466548969870475,
      0.02441448669473306,
      0.1508221974996838,
      0.0821078341529038,
      0.0574742123967442,
      0.02706472651761053,
      0.034244864931242215,
      0.0994127455274912,
      0.111883741346857,
      0.028043674889252596,
      0.03065118738441857,
      0.023200824396868828,
      0.07902734274052392,
      0.0848914107303555,
      0.04999922105676021,
      0.033862380890414594,
      0,
      0
    ],
    "currentBinShare": 0.04999922105676021
  },
  "ttm15": {
    "squeeze": false,
    "release": false,
    "widthPct": 2.9965841793463155
  },
  "marketCorrelation": {
    "hourly": {
      "btcCorrelation": 0,
      "ethCorrelation": 0,
      "btcBeta": 1,
      "ethBeta": 1,
      "btcTrend": "UNKNOWN",
      "ethTrend": "UNKNOWN",
      "tokenVol": 0,
      "btcVol": 0,
      "ethVol": 0,
      "marketDependence": 0,
      "verdict": "INSUFFICIENT_DATA"
    },
    "min15": {
      "btcCorrelation": 0,
      "ethCorrelation": 0,
      "btcBeta": 1,
      "ethBeta": 1,
      "btcTrend": "UNKNOWN",
      "ethTrend": "UNKNOWN",
      "tokenVol": 0,
      "btcVol": 0,
      "ethVol": 0,
      "marketDependence": 0,
      "verdict": "INSUFFICIENT_DATA"
    },
    "daily": {
      "btcCorrelation": 0,
      "ethCorrelation": 0,
      "btcBeta": 1,
      "ethBeta": 1,
      "btcTrend": "UNKNOWN",
      "ethTrend": "UNKNOWN",
      "tokenVol": 0,
      "btcVol": 0,
      "ethVol": 0,
      "marketDependence": 0,
      "verdict": "INSUFFICIENT_DATA"
    }
  },
  "tradeTape": {
    "totalTrades": 0,
    "totalVolume": 0,
    "buysVolume": 0,
    "sellsVolume": 0,
    "buySellRatio": 0.5,
    "vwap": 0,
    "signedVolume": 0,
    "avgTradeSize": 0,
    "tradesPerSec": 0,
    "cumulativeDelta": 0,
    "tradesLast1m": 0,
    "tradesLast5m": 0,
    "tradesLast15m": 0,
    "tradesLast1h": 0,
    "buyVWAP": 0,
    "sellVWAP": 0,
    "aggressorVWAP": 0,
    "bucketDurationMs": 60000,
    "bucketCount": 15,
    "bucketSignedVolumes": [],
    "bucketVolumes": [],
    "bucketVWAPs": [],
    "latestBucketSignedZ": 0
  },
  "enhancedMetrics": {
    "relativeVolumeZScore": -1,
    "volumePercentile": 40,
    "atrPercentile": 21.532846715328464,
    "volatilityPercentile": 39.87341772151899,
    "relativeVolatilityRatio": 0.8545887038467391,
    "isHighVolume": false,
    "isHighVolatility": false,
    "isLowVolatility": false,
    "isExpandingVolatility": false,
    "isContractingVolatility": false
  },
  "orderBook": {
    "bidAskSpread": 0,
    "spreadPct": 0,
    "midPrice": 0,
    "bestBid": 0,
    "bestAsk": 0,
    "bidDepth": 0,
    "askDepth": 0,
    "orderBookImbalance": 0,
    "liquidityScore": 0,
    "depthAt1Pct": {
      "bidVolume": 0,
      "askVolume": 0,
      "imbalance": 0
    },
    "depthAt2Pct": {
      "bidVolume": 0,
      "askVolume": 0,
      "imbalance": 0
    },
    "depthAt5Pct": {
      "bidVolume": 0,
      "askVolume": 0,
      "imbalance": 0
    },
    "weightedMidPrice": 0,
    "volumeWeightedSpread": 0,
    "totalBidLevels": 0,
    "totalAskLevels": 0
  },
  "marketCap": {
    "marketCap": 0,
    "totalVolume24h": 0,
    "volumeToMarketCapRatio": 0,
    "marketCapRank": 0,
    "normalizedRank": 0,
    "isHighLiquidity": false,
    "isVeryHighLiquidity": false,
    "isLowLiquidity": true,
    "liquidityTier": "VERY_LOW"
  },
  "sweeps": {
    "sweepScore": 0,
    "sweepCount": 0,
    "sweepDirection": "NEUTRAL",
    "buySweeps": 0,
    "sellSweeps": 0,
    "avgSweepSize": 0,
    "avgSweepIntensity": 0,
    "bidLiftRatio": 0,
    "askLiftRatio": 0,
    "sweepFrequency": 0,
    "largestSweep": null,
    "recentSweepClusters": 0,
    "sweepDetails": []
  },
  "absorption": {
    "absorptionScore": 0,
    "absorptionLevel": null,
    "absorptionSide": "NONE",
    "icebergProbability": 0,
    "hiddenLiquidityEstimate": 0,
    "volumeAtPrice": {},
    "topAbsorptionLevels": [],
    "persistenceDuration": 0,
    "refillDetected": false
  },
  "orderArrival": {
    "avgInterArrivalTime": 0,
    "recentInterArrivalTime": 0,
    "accelerationRatio": 1,
    "hawkesIntensity": 0,
    "hawkesDirection": "NEUTRAL",
    "clusteringScore": 0,
    "burstCount": 0,
    "cascadeDetected": false,
    "timeToNextTrade": 0,
    "accelerationTrend": "STABLE"
  },
  "liquidityVacuum": {
    "vacuumScore": 0,
    "vacuumSide": "NONE",
    "bidVacuumSeverity": 0,
    "askVacuumSeverity": 0,
    "depthConcentration": 0,
    "priceImpact10k": 0,
    "priceImpact50k": 0,
    "priceImpact100k": 0,
    "largestGapBid": 0,
    "largestGapAsk": 0,
    "avgGapBid": 0,
    "avgGapAsk": 0,
    "bidCliffDistance": 0,
    "askCliffDistance": 0
  },
  "volatilityRegime": {
    "regime": "LOW",
    "regimeScore": -1,
    "currentATR": 0.009862,
    "avgATR": 0.012579,
    "atrPercentile": 6.6,
    "realizedVolatility": 70.14,
    "volPercentile": 28.8,
    "expanding": false,
    "contracting": true,
    "transitionProbability": 0.7,
    "daysInRegime": 13,
    "regimeStrength": 0.23
  },
  "temporalPatterns": {
    "currentHour": 7,
    "currentDay": 0,
    "currentDayName": "Sunday",
    "dayBias": "NEUTRAL",
    "hourlyProfile": [
      {
        "avgVolume": 4865.21,
        "avgATR": 0.001173,
        "avgReturn": -0.416
      },
      {
        "avgVolume": 8162.82,
        "avgATR": 0.001423,
        "avgReturn": 0.092
      },
      {
        "avgVolume": 8997.55,
        "avgATR": 0.001027,
        "avgReturn": -0.096
      },
      {
        "avgVolume": 5258.2,
        "avgATR": 0.00088,
        "avgReturn": -0.442
      },
      {
        "avgVolume": 3348.46,
        "avgATR": 0.001071,
        "avgReturn": -0.198
      },
      {
        "avgVolume": 4023.51,
        "avgATR": 0.000771,
        "avgReturn": -0.111
      },
      {
        "avgVolume": 15569.15,
        "avgATR": 0.001675,
        "avgReturn": -0.102
      },
      {
        "avgVolume": 15888.18,
        "avgATR": 0.001273,
        "avgReturn": 0.417
      },
      {
        "avgVolume": 12934.37,
        "avgATR": 0.001608,
        "avgReturn": 0.624
      },
      {
        "avgVolume": 13489.88,
        "avgATR": 0.001433,
        "avgReturn": -0.142
      },
      {
        "avgVolume": 6233.02,
        "avgATR": 0.001125,
        "avgReturn": -0.699
      },
      {
        "avgVolume": 12544.33,
        "avgATR": 0.001633,
        "avgReturn": -0.602
      },
      {
        "avgVolume": 13724.33,
        "avgATR": 0.001593,
        "avgReturn": 0.187
      },
      {
        "avgVolume": 13235.02,
        "avgATR": 0.001887,
        "avgReturn": 0.217
      },
      {
        "avgVolume": 6595.29,
        "avgATR": 0.001057,
        "avgReturn": -0.207
      },
      {
        "avgVolume": 8667.44,
        "avgATR": 0.001143,
        "avgReturn": -0.082
      },
      {
        "avgVolume": 17975.12,
        "avgATR": 0.001114,
        "avgReturn": -0.542
      },
      {
        "avgVolume": 11932.09,
        "avgATR": 0.00156,
        "avgReturn": 0.072
      },
      {
        "avgVolume": 10884.35,
        "avgATR": 0.001207,
        "avgReturn": 0.169
      },
      {
        "avgVolume": 8019.75,
        "avgATR": 0.000858,
        "avgReturn": 0.124
      },
      {
        "avgVolume": 5747.13,
        "avgATR": 0.001147,
        "avgReturn": -0.059
      },
      {
        "avgVolume": 11509.62,
        "avgATR": 0.001123,
        "avgReturn": 0.189
      },
      {
        "avgVolume": 19945.28,
        "avgATR": 0.001771,
        "avgReturn": -0.426
      },
      {
        "avgVolume": 8465.1,
        "avgATR": 0.000907,
        "avgReturn": -0.262
      }
    ],
    "dailyProfile": [
      {
        "avgVolume": 3566.22,
        "avgATR": 0.000713,
        "avgReturn": -0.255
      },
      {
        "avgVolume": 8211.73,
        "avgATR": 0.00152,
        "avgReturn": 0.103
      },
      {
        "avgVolume": 9015.16,
        "avgATR": 0.001066,
        "avgReturn": -0.327
      },
      {
        "avgVolume": 14134.7,
        "avgATR": 0.001857,
        "avgReturn": 0.056
      },
      {
        "avgVolume": 8471.11,
        "avgATR": 0.001209,
        "avgReturn": -0.182
      },
      {
        "avgVolume": 15667.79,
        "avgATR": 0.001557,
        "avgReturn": -0.032
      },
      {
        "avgVolume": 11224.9,
        "avgATR": 0.00083,
        "avgReturn": -0.046
      }
    ],
    "favorableHours": [
      22,
      16,
      7,
      6,
      12,
      9
    ],
    "favorableWindow": true,
    "currentVsAvgVolume": 0,
    "currentVsAvgVolatility": 0,
    "anomalyDetected": true,
    "timeUntilFavorable": null,
    "temporalScore": 0.5
  },
  "unifiedMicrostructure": {
    "signalDirections": {
      "vpin": "NEUTRAL",
      "sweeps": "NEUTRAL",
      "absorption": "NEUTRAL",
      "arrival": "NEUTRAL",
      "vacuum": "NONE",
      "volRegime": "FAVORABLE",
      "temporal": "FAVORABLE"
    },
    "consensusDirection": "BULLISH",
    "consensusStrength": 100,
    "bullishSignals": 2,
    "bearishSignals": 0,
    "neutralSignals": 0,
    "totalAvailableSignals": 2,
    "dominantPattern": "NONE",
    "clusters": {
      "strongBuyCluster": false,
      "distributionPattern": false,
      "accumulationPattern": false,
      "momentumCascade": false
    },
    "adaptiveWeights": {
      "vpin": 0,
      "sweeps": 0,
      "absorption": 0,
      "arrival": 0,
      "vacuum": 0,
      "volRegime": 0.03,
      "temporal": 0.02
    },
    "convictionLevel": "HIGH",
    "convictionScore": 100,
    "riskAdjustment": "INCREASE",
    "timingQuality": "FAVORABLE",
    "signalQuality": "LOW"
  },
  "deltaAnalysis": {
    "currentDelta": 0,
    "cumulativeDelta": 0,
    "deltaPerVolume": 0,
    "deltaDirection": "NEUTRAL",
    "deltaDivergence": false,
    "institutionalRatio": 0,
    "aggressionScore": 0
  },
  "volumeProfile": {
    "pointOfControl": 0,
    "valueAreaHigh": 0,
    "valueAreaLow": 0,
    "currentPosition": "ABOVE_VALUE_AREA",
    "volumeNodes": [],
    "airPockets": []
  },
  "momentumCascade": {
    "cascadeDetected": false,
    "alignmentScore": 0.0065243590757323305,
    "cascadeStrength": 0,
    "acceleratingTimeframes": [],
    "divergingTimeframes": [
      "1m",
      "5m",
      "15m",
      "1h"
    ]
  },
  "breakoutConfirmation": {
    "breakoutConfirmed": false,
    "volumeConfirmation": false,
    "retestStrength": 0,
    "falseBreakoutRisk": 0,
    "breakoutQuality": "NO_BREAKOUT"
  },
  "liquidityHeatmap": {
    "liquidityScore": 0,
    "magnetDirection": "NONE",
    "magnetStrength": 0,
    "priceTarget5pct": null,
    "message": "No order book data"
  },
  "smartMoneyDivergence": {
    "divergenceDetected": false,
    "divergenceDirection": "NONE",
    "smartMoneyScore": 0.5,
    "message": "Insufficient trade data"
  },
  "microstructure": {
    "raw": -0.011970340940589484,
    "pct": 50,
    "summary": {
      "latestBucketSignedZ": 0,
      "buySellRatio": 0.5,
      "tradesPerSec": 0,
      "vwap": 0,
      "aggressorVWAP": 0,
      "vpinToxicity": "UNKNOWN",
      "sweepDirection": "NEUTRAL",
      "absorptionSide": "NONE",
      "icebergDetected": false,
      "hawkesDirection": "NEUTRAL",
      "cascadeDetected": false,
      "vacuumSide": "NONE",
      "volatilityRegime": "LOW",
      "volExpanding": false,
      "favorableTimeWindow": true,
      "temporalAnomaly": true,
      "consensusDirection": "BULLISH",
      "consensusStrength": 100,
      "dominantPattern": "NONE",
      "convictionLevel": "HIGH",
      "riskAdjustment": "INCREASE",
      "timingQuality": "FAVORABLE",
      "deltaDirection": "NEUTRAL",
      "deltaDivergence": false,
      "institutionalRatio": 0,
      "volumeProfilePosition": "ABOVE_VALUE_AREA",
      "pointOfControl": 0,
      "momentumCascadeDetected": false,
      "cascadeStrength": 0,
      "breakoutQuality": "NO_BREAKOUT",
      "breakoutConfirmed": false,
      "magnetDirection": "NONE",
      "magnetStrength": 0,
      "priceTarget5pct": null,
      "nearestBidWall": 0,
      "nearestAskWall": 0,
      "divergenceDetected": false,
      "divergenceDirection": "NONE",
      "whaleAccumulation": false,
      "whaleDistribution": false,
      "retailPanic": false,
      "smartMoneyScore": 0.5
    }
  }
}

=== MICROSTRUCTURE ALERTS ===

🔬 VPIN: Insufficient data for VPIN analysis

🌊 SWEEP DETECTION: No significant sweeps detected

🧊 ABSORPTION & ICEBERG: No significant absorption or iceberg orders detected

⚡ ORDER ARRIVAL DYNAMICS: Insufficient trades for analysis

🌪️ LIQUIDITY VACUUM: No significant vacuum detected

📊 VOLATILITY REGIME DETECTION:
   Current Regime: LOW
   Regime Score: -1.00 (-1=low vol, +1=extreme vol)
   Days in Regime: 13
   ATR: $0.009862 (avg: $0.012579)
   ATR Percentile: 6.6%
   Realized Volatility: 70.14% (annualized)
   Vol Percentile: 28.8%

   🔵 LOW VOLATILITY REGIME:
   ✅ Ideal for breakout setups - price coiling
   ✅ Tight stops recommended
   ✅ Can increase position size (lower risk)

   📉 VOLATILITY CONTRACTING:
   🔄 Consolidation phase - accumulation likely
   ⏳ Wait for expansion before entering

   ⚠️ HIGH REGIME TRANSITION PROBABILITY: 70%
   Market near regime boundary - expect volatility shift soon

   ✅ STABLE REGIME: 13 days - predictable conditions

⏰ TEMPORAL PATTERN ANALYSIS:
   Current Time: Sunday 7:00 UTC
   Day Bias: NEUTRAL
   Current vs Avg Volume: 0x
   Current vs Avg Volatility: 0x

   ✅ FAVORABLE TIME WINDOW:
   This hour historically shows strong volume and positive returns
   GOOD time to trade - patterns favor entry

   ⚠️ LOW ACTIVITY ANOMALY:
   Volume 0x below typical - Extremely quiet

   📉 LOW VOLATILITY ANOMALY:
   Volatility 0x below typical - Consolidation likely

   🔥 Best Trading Hours (UTC): 22:00, 16:00, 7:00

🎯 UNIFIED MICROSTRUCTURE INTEGRATION:
   Signal Consensus: BULLISH (100% agreement)
   Available Signals: 2 (2 bullish / 0 bearish / 0 neutral)
   Conviction Level: HIGH (100%)
   Signal Quality: LOW
   Risk Adjustment: INCREASE
   Timing Quality: FAVORABLE

   ✅ HIGH CONVICTION: 100% of signals agree on direction
   Strong institutional alignment - Follow the smart money

   💰 RISK INCREASE OPPORTUNITY: Low vol + Favorable timing = Lower risk

   ⏰ FAVORABLE TIMING: Good time window for trading

   Signal Directions Breakdown:
   • VPIN: NEUTRAL
   • Sweeps: NEUTRAL
   • Absorption: NEUTRAL
   • Arrival Dynamics: NEUTRAL
   • Liquidity Vacuum: NONE
   • Vol Regime: FAVORABLE
   • Temporal: FAVORABLE

   Adaptive Weights (Total: 5.0%):
   • VPIN: 0.0%
   • Sweeps: 0.0%
   • Absorption: 0.0%
   • Arrival: 0.0%
   • Vacuum: 0.0%
   • Vol Regime: 3.0%
   • Temporal: 2.0%


💹 DELTA ANALYSIS (Order Flow Aggression):
   Direction: NEUTRAL
   Delta Per Volume: 0.00%
   Institutional Ratio: 0.0%
   Aggression Score: 0.0%

📊 VOLUME PROFILE (Support/Resistance Strength):
   Point of Control (POC): $0.000000
   Value Area High: $0.000000
   Value Area Low: $0.000000
   Current Position: ABOVE_VALUE_AREA
   ⚠️ DISTRIBUTION RISK: Price above value area - potential rejection zone

⚡ MOMENTUM CASCADE (Multi-Timeframe Alignment):
   Cascade Detected: NO
   Alignment Score: 0.7%
   Cascade Strength: 0.0%
   Accelerating: None
   Diverging: 1m, 5m, 15m, 1h

💥 BREAKOUT CONFIRMATION:
   Quality: NO_BREAKOUT
   Volume Confirmation: NO
   Retest Strength: 0.0%
   False Breakout Risk: 0.0%
   No breakout detected - price below resistance


levels:
Entry=0.1228538, StopLoss=0.117939648, TakeProfit=0.123829345, 0.12480489, 0.12558532600000002

---

=== Token: ELA (ELA) ===
Contract: ELA-USD
Timestamp: 2025-04-11T13:45:00.000Z

Calculations:
{
  "momentumScore": 70.37948974826608,
  "volumeScore": 27.632114023607805,
  "patternScore": 70.03553612619059,
  "totalScore": 44.1128131912324,
  "finalScore": 44.1128131912324,
  "weights": "0.23,0.45,0.23",
  "hourlyUptrend": true,
  "rsi": 57.89473684210526,
  "ultraShortVolumeSurge": 1.0379222777991537,
  "baseVolumeSurge": 0.03441762232168614,
  "currentPrice": 1.123,
  "resistance": 1.123,
  "support": 1.101,
  "rocMin5": 0.010801080108010811,
  "shortROC": 0.003574620196604114,
  "priceAcceleration": 0.002701061388304995,
  "buySellRatio": 0.420729491365174,
  "macdHistogram": -0.002114290037360909,
  "stochasticK": 84.00000000000082,
  "atr": 0.007642857142857141,
  "bbUpper": 1.1276684725007777,
  "bbLower": 1.1061315274992227,
  "hammerDetected": false,
  "engulfingDetected": false,
  "compressionSpring": {
    "detected": true,
    "confidence": 66,
    "signals": {
      "sidewaysPrice": true,
      "atrCompression": true,
      "bbSqueeze": true,
      "consolidationTime": true,
      "strongBuying": false,
      "obvPositive": false,
      "chaikinPositive": false,
      "rsiNeutral": true,
      "volumeBuilding": false
    },
    "metrics": {
      "priceRange": 2.09,
      "atrRatio": 0.637,
      "bbWidth": 1.93,
      "volumeRatio": 0.778,
      "signalCount": 5,
      "buySellRatio": 0.421
    }
  },
  "riskTier": "MEDIUM",
  "atrPercent": 0.979519145146926,
  "distanceToResistance": 2,
  "slPercent": 3,
  "tpPercent": 1.7,
  "trailingActivation": 1.02,
  "shortMomentumScore": 20,
  "overboughtScore": 15,
  "shortPatternScore": 0,
  "shootingStarDetected": false,
  "bearishEngulfingDetected": false,
  "eveningStarDetected": false,
  "bearishPatternsCount": 0,
  "shortTotalScore": 13.25,
  "chaikin": 0.29010370527132784,
  "obvIncreasing": false,
  "obvTrend": "declining",
  "adx": 73.0769230769219,
  "recentCandles": {
    "redCount": 4,
    "greenCount": 6
  },
  "resistanceDistance": 100,
  "multiplePatterns": false,
  "bullishPattern": true,
  "priceAboveVWAP": true,
  "breakingResistance": false,
  "atrSufficient": false,
  "macdDivergenceBearish": false,
  "rvolMin1": -0.1249293414641038,
  "rvolMin5": -0.34321574989327647,
  "atrPercentileOld": 0.2073170731707317,
  "vwapDeviation": 4.778455138502637,
  "bbWidthPercent": 1.9282787180190708,
  "bbSqueeze": true,
  "multiTFMomentum": {
    "min1": {
      "roc1": 0.0026785714285713315,
      "roc3": 0.017210144927536145
    },
    "min5": {
      "roc1": 0.003574620196604114,
      "roc3": 0.003574620196604114
    },
    "min15": {
      "roc1": -0.0008904719501334728,
      "roc3": 0.00990099009901001
    },
    "hourly": {
      "roc1": 0.005371530886302601,
      "roc3": 0.013537906137184027
    },
    "fourHour": {
      "roc1": -0.0053144375553587295,
      "roc3": 0.049532710280373766
    },
    "divergenceShortUpLongDown": true
  },
  "returnZMin5": 0.32322491044332047,
  "wickClosePct": 1,
  "wickUpper": 0,
  "wickLower": 0,
  "wickRatio": 0,
  "donchianBreakout15": false,
  "bbWidthPercentile15": 0.025974025974025976,
  "signedMin5": 43159.31000000001,
  "signedMin5Z": 11.527275117707289,
  "signedMin1": 29631.669999999995,
  "signedMin1Z": 10.574674316190778,
  "streakMin1": {
    "upStreak": 1,
    "downStreak": 0
  },
  "streakMin5": {
    "upStreak": 2,
    "downStreak": 0
  },
  "rvolPercentileMin1": 0.734009360374415,
  "rvolPercentileMin5": 0.5763888888888888,
  "perTfMetrics": {
    "min1": {
      "sma20": 1.11545,
      "sma50": 1.1190399999999996,
      "ema20": 1.1163157601882001,
      "ema50": 1.1132517446172037,
      "vwma20": 1.1137898019239822,
      "hma21": 1.1165627705627703,
      "atr14": 0.0050000000000000044,
      "atrPercentile": 0.22476340694006308,
      "rvolZ": -0.1249293414641038,
      "rvolPercentile": 0.734009360374415,
      "mfi14": 46.83134618829451,
      "ppo": {
        "ppo": 0.03949131642640161,
        "signal": -0.015063082681973369,
        "histogram": 0.05455439910837498
      },
      "stochRsi": {
        "k": 100,
        "d": 56.89655172413796
      },
      "vprofile": {
        "vpBins": [
          0,
          0,
          0.06322396943962957,
          0.030341060717536887,
          0.18703433053584573,
          0.08124856072792876,
          0.07101877600561994,
          0.06062288785524561,
          0.04155470480893535,
          0.0011226945667219515,
          0.08548569457087872,
          0.028420271601551306,
          0.0691836989188313,
          0.15062292942267014,
          0.024273255934789028,
          0.029547663287235067,
          0.011925403100098523,
          0.05161609989483443,
          0.007696956848856689,
          0.005061041762791337
        ],
        "currentBinShare": 0.05161609989483443
      },
      "ttm": {
        "squeeze": false,
        "release": false,
        "widthPct": 1.645167579893126
      }
    },
    "min5": {
      "sma20": 1.11525,
      "sma50": 1.1107399999999998,
      "ema20": 1.1156889968100174,
      "ema50": 1.108978977779083,
      "vwma20": 1.1141375478319488,
      "hma21": 1.117116883116883,
      "atr14": 0.007642857142857141,
      "atrPercentile": 0.24087591240875914,
      "rvolZ": -0.34321574989327647,
      "rvolPercentile": 0.5763888888888888,
      "mfi14": 47.78775912878317,
      "ppo": {
        "ppo": 0.17952819256999078,
        "signal": 0.16627705217837582,
        "histogram": 0.013251140391614957
      },
      "stochRsi": {
        "k": 100,
        "d": 50.52187430601817
      },
      "vprofile": {
        "vpBins": [
          0,
          0,
          0.14259340388266584,
          0.07890361660224458,
          0.03620265770486819,
          0.09800489467413905,
          0.10822586736265519,
          0.11564697002492928,
          0.14019817029269233,
          0.07843419681621282,
          0.07515823124562222,
          0.004514786855553992,
          0.04242961374530496,
          0.0027779906354171977,
          0.0004799625994710887,
          0,
          0.001425722164911787,
          0.047759636879453435,
          0.02724427851385815,
          0
        ],
        "currentBinShare": 0.07515823124562222
      },
      "ttm": {
        "squeeze": false,
        "release": false,
        "widthPct": 1.9965538548347008
      }
    },
    "min15": {
      "sma20": 1.1169000000000002,
      "sma50": 1.0947999999999996,
      "ema20": 1.1132795564341555,
      "ema50": 1.1112452373672652,
      "vwma20": 1.1195850274642623,
      "hma21": 1.1131601731601728,
      "atr14": 0.010999999999999979,
      "atrPercentile": 0.2073170731707317,
      "rvolZ": -0.4359112761343442,
      "rvolPercentile": 0.4270833333333333,
      "mfi14": 14.561154276136818,
      "ppo": {
        "ppo": 0.44987154950771063,
        "signal": 0.47131128113138976,
        "histogram": -0.021439731623679126
      },
      "stochRsi": {
        "k": 42.59746909516483,
        "d": 49.795707541512684
      },
      "vprofile": {
        "vpBins": [
          0,
          0,
          0.07682302825189369,
          0.15294667540630916,
          0.07566210056507466,
          0,
          0.12629029500187838,
          0.049064199846720315,
          0.18827542421470264,
          0.12105605283259828,
          0.03567800070599296,
          0.1009515798256167,
          0,
          0.042101479608809625,
          0.0029205820827870785,
          0.0005045985938727453,
          0,
          0,
          0.011830121668773582,
          0.01589586139497011
        ],
        "currentBinShare": 0.03567800070599296
      },
      "ttm": {
        "squeeze": true,
        "release": false,
        "widthPct": 1.9282787180190708
      }
    },
    "hourly": {
      "sma20": 1.0962500000000002,
      "sma50": 1.17084,
      "ema20": 1.1175666065396603,
      "ema50": 1.1518567092558987,
      "vwma20": 1.0587321031528294,
      "hma21": 1.1080865800865802,
      "atr14": 0.031071428571428576,
      "atrPercentile": 0.9006211180124224,
      "rvolZ": 0.00952542827093513,
      "rvolPercentile": 0.8065476190476191,
      "mfi14": 52.42648523137476,
      "ppo": {
        "ppo": -1.351853112586396,
        "signal": -2.118859779947253,
        "histogram": 0.7670066673608571
      },
      "stochRsi": {
        "k": 100,
        "d": 64.95211617089375
      },
      "vprofile": {
        "vpBins": [
          0,
          0.22879780626093488,
          0,
          0,
          0.11461533909701131,
          0.1100994087486321,
          0.10875958601254843,
          0.08507182363054568,
          0.05862365500678883,
          0.00606896730806943,
          0.02960230322523255,
          0.07958555740183011,
          0.03484839877445381,
          0.01866675444608972,
          0.005968670951158425,
          0,
          0.02465037573245179,
          0.05104097530918957,
          0.03781566021911037,
          0.005784717875952906
        ],
        "currentBinShare": 0.10875958601254843
      },
      "ttm": {
        "squeeze": false,
        "release": false,
        "widthPct": 14.311902566830067
      }
    },
    "fourHour": {
      "sma20": 1.1732500000000001,
      "sma50": 1.2775800000000002,
      "ema20": 1.1755733348663064,
      "ema50": 1.2607246234930753,
      "vwma20": 1.1079887822024588,
      "hma21": 1.1571818181818174,
      "atr14": 0.05435714285714285,
      "atrPercentile": 0.8285714285714286,
      "rvolZ": -0.04348100056706655,
      "rvolPercentile": 0.7738095238095238,
      "mfi14": 30.6738396070118,
      "ppo": {
        "ppo": -3.7575402699991813,
        "signal": -3.5125167238894988,
        "histogram": -0.24502354610968258
      },
      "stochRsi": {
        "k": 71.59495831137072,
        "d": 47.3148548963679
      },
      "vprofile": {
        "vpBins": [
          0,
          0,
          0,
          0.3202673773184519,
          0.12544000477799772,
          0.09603276873060713,
          0.0300846010161012,
          0.05761729411268686,
          0.03650974381314305,
          0.005357813799836649,
          0.005167146182624745,
          0,
          0.05098037976277339,
          0.05266262387428645,
          0.04004329522912863,
          0.09162618911107911,
          0.04320332459372118,
          0.04500743767756163,
          0,
          0
        ],
        "currentBinShare": 0.12544000477799772
      },
      "ttm": {
        "squeeze": false,
        "release": false,
        "widthPct": 22.55908946055813
      }
    },
    "daily": {
      "sma20": 1.42135,
      "sma50": 1.6755200000000006,
      "ema20": 1.3773322793942226,
      "ema50": 1.580794628006607,
      "vwma20": 0,
      "hma21": 1.150025974025974,
      "atr14": 0.1296428571428571,
      "atrPercentile": 0.21052631578947367,
      "rvolZ": 0,
      "rvolPercentile": 1,
      "mfi14": 50,
      "ppo": {
        "ppo": -10.214430126194287,
        "signal": -7.9755272164663555,
        "histogram": -2.2389029097279316
      },
      "stochRsi": {
        "k": 69.94296504666309,
        "d": 26.37154046202595
      },
      "vprofile": {
        "vpBins": [
          0,
          0,
          0,
          0,
          0,
          0,
          0,
          0,
          0,
          0,
          0,
          0,
          0,
          0,
          0,
          0,
          0,
          0,
          0,
          0
        ],
        "currentBinShare": 0
      },
      "ttm": {
        "squeeze": false,
        "release": false,
        "widthPct": 52.032919550966625
      }
    }
  },
  "smaMin5": 1.11525,
  "emaMin5": 1.1156889968100174,
  "vwmaMin5": 1.1141375478319488,
  "hmaMin5": 1.117116883116883,
  "keltner15": {
    "upper": 1.1294795564341555,
    "middle": 1.1132795564341555,
    "lower": 1.0970795564341556
  },
  "superTrend15": {
    "isBull": true,
    "finalUpper": 1.1494,
    "finalLower": 1.0846
  },
  "mfi15": 14.561154276136818,
  "stochRsi15": {
    "k": 42.59746909516483,
    "d": 49.795707541512684
  },
  "ppo15": {
    "ppo": 0.44987154950771063,
    "signal": 0.47131128113138976,
    "histogram": -0.021439731623679126
  },
  "vpMin15": {
    "vpBins": [
      0,
      0,
      0.07682302825189369,
      0.15294667540630916,
      0.07566210056507466,
      0,
      0.12629029500187838,
      0.049064199846720315,
      0.18827542421470264,
      0.12105605283259828,
      0.03567800070599296,
      0.1009515798256167,
      0,
      0.042101479608809625,
      0.0029205820827870785,
      0.0005045985938727453,
      0,
      0,
      0.011830121668773582,
      0.01589586139497011
    ],
    "currentBinShare": 0.03567800070599296
  },
  "ttm15": {
    "squeeze": true,
    "release": false,
    "widthPct": 1.9282787180190708
  },
  "marketCorrelation": {
    "hourly": {
      "btcCorrelation": 0,
      "ethCorrelation": 0,
      "btcBeta": 1,
      "ethBeta": 1,
      "btcTrend": "UNKNOWN",
      "ethTrend": "UNKNOWN",
      "tokenVol": 0,
      "btcVol": 0,
      "ethVol": 0,
      "marketDependence": 0,
      "verdict": "INSUFFICIENT_DATA"
    },
    "min15": {
      "btcCorrelation": 0,
      "ethCorrelation": 0,
      "btcBeta": 1,
      "ethBeta": 1,
      "btcTrend": "UNKNOWN",
      "ethTrend": "UNKNOWN",
      "tokenVol": 0,
      "btcVol": 0,
      "ethVol": 0,
      "marketDependence": 0,
      "verdict": "INSUFFICIENT_DATA"
    },
    "daily": {
      "btcCorrelation": 0,
      "ethCorrelation": 0,
      "btcBeta": 1,
      "ethBeta": 1,
      "btcTrend": "UNKNOWN",
      "ethTrend": "UNKNOWN",
      "tokenVol": 0,
      "btcVol": 0,
      "ethVol": 0,
      "marketDependence": 0,
      "verdict": "INSUFFICIENT_DATA"
    }
  },
  "tradeTape": {
    "totalTrades": 0,
    "totalVolume": 0,
    "buysVolume": 0,
    "sellsVolume": 0,
    "buySellRatio": 0.5,
    "vwap": 0,
    "signedVolume": 0,
    "avgTradeSize": 0,
    "tradesPerSec": 0,
    "cumulativeDelta": 0,
    "tradesLast1m": 0,
    "tradesLast5m": 0,
    "tradesLast15m": 0,
    "tradesLast1h": 0,
    "buyVWAP": 0,
    "sellVWAP": 0,
    "aggressorVWAP": 0,
    "bucketDurationMs": 60000,
    "bucketCount": 15,
    "bucketSignedVolumes": [],
    "bucketVolumes": [],
    "bucketVWAPs": [],
    "latestBucketSignedZ": 0
  },
  "enhancedMetrics": {
    "relativeVolumeZScore": -1,
    "volumePercentile": 40,
    "atrPercentile": 25.18248175182482,
    "volatilityPercentile": 96.51898734177216,
    "relativeVolatilityRatio": 1.2445388863966969,
    "isHighVolume": false,
    "isHighVolatility": true,
    "isLowVolatility": false,
    "isExpandingVolatility": true,
    "isContractingVolatility": false
  },
  "orderBook": {
    "bidAskSpread": 0,
    "spreadPct": 0,
    "midPrice": 0,
    "bestBid": 0,
    "bestAsk": 0,
    "bidDepth": 0,
    "askDepth": 0,
    "orderBookImbalance": 0,
    "liquidityScore": 0,
    "depthAt1Pct": {
      "bidVolume": 0,
      "askVolume": 0,
      "imbalance": 0
    },
    "depthAt2Pct": {
      "bidVolume": 0,
      "askVolume": 0,
      "imbalance": 0
    },
    "depthAt5Pct": {
      "bidVolume": 0,
      "askVolume": 0,
      "imbalance": 0
    },
    "weightedMidPrice": 0,
    "volumeWeightedSpread": 0,
    "totalBidLevels": 0,
    "totalAskLevels": 0
  },
  "marketCap": {
    "marketCap": 0,
    "totalVolume24h": 0,
    "volumeToMarketCapRatio": 0,
    "marketCapRank": 0,
    "normalizedRank": 0,
    "isHighLiquidity": false,
    "isVeryHighLiquidity": false,
    "isLowLiquidity": true,
    "liquidityTier": "VERY_LOW"
  },
  "sweeps": {
    "sweepScore": 0,
    "sweepCount": 0,
    "sweepDirection": "NEUTRAL",
    "buySweeps": 0,
    "sellSweeps": 0,
    "avgSweepSize": 0,
    "avgSweepIntensity": 0,
    "bidLiftRatio": 0,
    "askLiftRatio": 0,
    "sweepFrequency": 0,
    "largestSweep": null,
    "recentSweepClusters": 0,
    "sweepDetails": []
  },
  "absorption": {
    "absorptionScore": 0,
    "absorptionLevel": null,
    "absorptionSide": "NONE",
    "icebergProbability": 0,
    "hiddenLiquidityEstimate": 0,
    "volumeAtPrice": {},
    "topAbsorptionLevels": [],
    "persistenceDuration": 0,
    "refillDetected": false
  },
  "orderArrival": {
    "avgInterArrivalTime": 0,
    "recentInterArrivalTime": 0,
    "accelerationRatio": 1,
    "hawkesIntensity": 0,
    "hawkesDirection": "NEUTRAL",
    "clusteringScore": 0,
    "burstCount": 0,
    "cascadeDetected": false,
    "timeToNextTrade": 0,
    "accelerationTrend": "STABLE"
  },
  "liquidityVacuum": {
    "vacuumScore": 0,
    "vacuumSide": "NONE",
    "bidVacuumSeverity": 0,
    "askVacuumSeverity": 0,
    "depthConcentration": 0,
    "priceImpact10k": 0,
    "priceImpact50k": 0,
    "priceImpact100k": 0,
    "largestGapBid": 0,
    "largestGapAsk": 0,
    "avgGapBid": 0,
    "avgGapAsk": 0,
    "bidCliffDistance": 0,
    "askCliffDistance": 0
  },
  "volatilityRegime": {
    "regime": "BELOW_NORMAL",
    "regimeScore": -0.5,
    "currentATR": 0.121,
    "avgATR": 0.138241,
    "atrPercentile": 19.7,
    "realizedVolatility": 101.35,
    "volPercentile": 35.6,
    "expanding": false,
    "contracting": true,
    "transitionProbability": 0.4,
    "daysInRegime": 1,
    "regimeStrength": 0.77
  },
  "temporalPatterns": {
    "currentHour": 7,
    "currentDay": 0,
    "currentDayName": "Sunday",
    "dayBias": "NEUTRAL",
    "hourlyProfile": [
      {
        "avgVolume": 8212.36,
        "avgATR": 0.013929,
        "avgReturn": -0.132
      },
      {
        "avgVolume": 3945.38,
        "avgATR": 0.018308,
        "avgReturn": 0.63
      },
      {
        "avgVolume": 2028.48,
        "avgATR": 0.012462,
        "avgReturn": 0.157
      },
      {
        "avgVolume": 2059.75,
        "avgATR": 0.016615,
        "avgReturn": -0.407
      },
      {
        "avgVolume": 1302.93,
        "avgATR": 0.014143,
        "avgReturn": -0.018
      },
      {
        "avgVolume": 3921.87,
        "avgATR": 0.016857,
        "avgReturn": -0.07
      },
      {
        "avgVolume": 2132.52,
        "avgATR": 0.017857,
        "avgReturn": -0.439
      },
      {
        "avgVolume": 4111.56,
        "avgATR": 0.018429,
        "avgReturn": -0.29
      },
      {
        "avgVolume": 1704.08,
        "avgATR": 0.016077,
        "avgReturn": 0.262
      },
      {
        "avgVolume": 1735.65,
        "avgATR": 0.012857,
        "avgReturn": 0.177
      },
      {
        "avgVolume": 1096.26,
        "avgATR": 0.010667,
        "avgReturn": -0.017
      },
      {
        "avgVolume": 2521.55,
        "avgATR": 0.014,
        "avgReturn": 0.041
      },
      {
        "avgVolume": 854.79,
        "avgATR": 0.012533,
        "avgReturn": -0.199
      },
      {
        "avgVolume": 2626.97,
        "avgATR": 0.0148,
        "avgReturn": 0.119
      },
      {
        "avgVolume": 4293.11,
        "avgATR": 0.022429,
        "avgReturn": -0.154
      },
      {
        "avgVolume": 1749.47,
        "avgATR": 0.015214,
        "avgReturn": 0.053
      },
      {
        "avgVolume": 3630.96,
        "avgATR": 0.023429,
        "avgReturn": -0.999
      },
      {
        "avgVolume": 3791.81,
        "avgATR": 0.025857,
        "avgReturn": 0.185
      },
      {
        "avgVolume": 2695.62,
        "avgATR": 0.021,
        "avgReturn": 0.077
      },
      {
        "avgVolume": 2329.75,
        "avgATR": 0.014857,
        "avgReturn": -0.63
      },
      {
        "avgVolume": 4371.51,
        "avgATR": 0.017,
        "avgReturn": -0.27
      },
      {
        "avgVolume": 3257.53,
        "avgATR": 0.015786,
        "avgReturn": 0.297
      },
      {
        "avgVolume": 5653.79,
        "avgATR": 0.011231,
        "avgReturn": -0.254
      },
      {
        "avgVolume": 6793.32,
        "avgATR": 0.018571,
        "avgReturn": -0.48
      }
    ],
    "dailyProfile": [
      {
        "avgVolume": 1778.71,
        "avgATR": 0.015333,
        "avgReturn": -0.138
      },
      {
        "avgVolume": 2443.37,
        "avgATR": 0.022562,
        "avgReturn": -0.14
      },
      {
        "avgVolume": 2152.3,
        "avgATR": 0.016638,
        "avgReturn": -0.158
      },
      {
        "avgVolume": 2595.02,
        "avgATR": 0.017319,
        "avgReturn": 0.128
      },
      {
        "avgVolume": 5774.02,
        "avgATR": 0.01634,
        "avgReturn": -0.493
      },
      {
        "avgVolume": 5572.54,
        "avgATR": 0.014727,
        "avgReturn": 0.093
      },
      {
        "avgVolume": 1477.91,
        "avgATR": 0.01193,
        "avgReturn": -0.017
      }
    ],
    "favorableHours": [
      0,
      23,
      22,
      20,
      14,
      7
    ],
    "favorableWindow": true,
    "currentVsAvgVolume": 0,
    "currentVsAvgVolatility": 0,
    "anomalyDetected": true,
    "timeUntilFavorable": null,
    "temporalScore": 0.5
  },
  "unifiedMicrostructure": {
    "signalDirections": {
      "vpin": "NEUTRAL",
      "sweeps": "NEUTRAL",
      "absorption": "NEUTRAL",
      "arrival": "NEUTRAL",
      "vacuum": "NONE",
      "volRegime": "FAVORABLE",
      "temporal": "FAVORABLE"
    },
    "consensusDirection": "BULLISH",
    "consensusStrength": 100,
    "bullishSignals": 2,
    "bearishSignals": 0,
    "neutralSignals": 0,
    "totalAvailableSignals": 2,
    "dominantPattern": "NONE",
    "clusters": {
      "strongBuyCluster": false,
      "distributionPattern": false,
      "accumulationPattern": false,
      "momentumCascade": false
    },
    "adaptiveWeights": {
      "vpin": 0,
      "sweeps": 0,
      "absorption": 0,
      "arrival": 0,
      "vacuum": 0,
      "volRegime": 0.03,
      "temporal": 0.02
    },
    "convictionLevel": "HIGH",
    "convictionScore": 100,
    "riskAdjustment": "NORMAL",
    "timingQuality": "FAVORABLE",
    "signalQuality": "LOW"
  },
  "deltaAnalysis": {
    "currentDelta": 0,
    "cumulativeDelta": 0,
    "deltaPerVolume": 0,
    "deltaDirection": "NEUTRAL",
    "deltaDivergence": false,
    "institutionalRatio": 0,
    "aggressionScore": 0
  },
  "volumeProfile": {
    "pointOfControl": 0,
    "valueAreaHigh": 0,
    "valueAreaLow": 0,
    "currentPosition": "ABOVE_VALUE_AREA",
    "volumeNodes": [],
    "airPockets": []
  },
  "momentumCascade": {
    "cascadeDetected": false,
    "alignmentScore": 0.006928289340655299,
    "cascadeStrength": 0,
    "acceleratingTimeframes": [
      "1m",
      "5m"
    ],
    "divergingTimeframes": [
      "15m",
      "1h"
    ]
  },
  "breakoutConfirmation": {
    "breakoutConfirmed": false,
    "volumeConfirmation": false,
    "retestStrength": 0,
    "falseBreakoutRisk": 0,
    "breakoutQuality": "NO_BREAKOUT"
  },
  "liquidityHeatmap": {
    "liquidityScore": 0,
    "magnetDirection": "NONE",
    "magnetStrength": 0,
    "priceTarget5pct": null,
    "message": "No order book data"
  },
  "smartMoneyDivergence": {
    "divergenceDetected": false,
    "divergenceDirection": "NONE",
    "smartMoneyScore": 0.5,
    "message": "Insufficient trade data"
  },
  "microstructure": {
    "raw": 0.008498105885613972,
    "pct": 50,
    "summary": {
      "latestBucketSignedZ": 0,
      "buySellRatio": 0.5,
      "tradesPerSec": 0,
      "vwap": 0,
      "aggressorVWAP": 0,
      "vpinToxicity": "UNKNOWN",
      "sweepDirection": "NEUTRAL",
      "absorptionSide": "NONE",
      "icebergDetected": false,
      "hawkesDirection": "NEUTRAL",
      "cascadeDetected": false,
      "vacuumSide": "NONE",
      "volatilityRegime": "BELOW_NORMAL",
      "volExpanding": false,
      "favorableTimeWindow": true,
      "temporalAnomaly": true,
      "consensusDirection": "BULLISH",
      "consensusStrength": 100,
      "dominantPattern": "NONE",
      "convictionLevel": "HIGH",
      "riskAdjustment": "NORMAL",
      "timingQuality": "FAVORABLE",
      "deltaDirection": "NEUTRAL",
      "deltaDivergence": false,
      "institutionalRatio": 0,
      "volumeProfilePosition": "ABOVE_VALUE_AREA",
      "pointOfControl": 0,
      "momentumCascadeDetected": false,
      "cascadeStrength": 0,
      "breakoutQuality": "NO_BREAKOUT",
      "breakoutConfirmed": false,
      "magnetDirection": "NONE",
      "magnetStrength": 0,
      "priceTarget5pct": null,
      "nearestBidWall": 0,
      "nearestAskWall": 0,
      "divergenceDetected": false,
      "divergenceDirection": "NONE",
      "whaleAccumulation": false,
      "whaleDistribution": false,
      "retailPanic": false,
      "smartMoneyScore": 0.5
    }
  }
}

=== MICROSTRUCTURE ALERTS ===

🔬 VPIN: Insufficient data for VPIN analysis

🌊 SWEEP DETECTION: No significant sweeps detected

🧊 ABSORPTION & ICEBERG: No significant absorption or iceberg orders detected

⚡ ORDER ARRIVAL DYNAMICS: Insufficient trades for analysis

🌪️ LIQUIDITY VACUUM: No significant vacuum detected

📊 VOLATILITY REGIME DETECTION:
   Current Regime: BELOW_NORMAL
   Regime Score: -0.50 (-1=low vol, +1=extreme vol)
   Days in Regime: 1
   ATR: $0.121000 (avg: $0.138241)
   ATR Percentile: 19.7%
   Realized Volatility: 101.35% (annualized)
   Vol Percentile: 35.6%

   🟢 BELOW NORMAL VOLATILITY:
   ⚡ Consolidation phase - watch for expansion
   ✅ Good entry zone for patient trades

   📉 VOLATILITY CONTRACTING:
   🔄 Consolidation phase - accumulation likely
   ⏳ Wait for expansion before entering

   📍 MODERATE REGIME TRANSITION PROBABILITY: 40%
   Monitor for potential regime change

   ⚠️ NEW REGIME: Only 1 day(s) - conditions still settling

⏰ TEMPORAL PATTERN ANALYSIS:
   Current Time: Sunday 7:00 UTC
   Day Bias: NEUTRAL
   Current vs Avg Volume: 0x
   Current vs Avg Volatility: 0x

   ✅ FAVORABLE TIME WINDOW:
   This hour historically shows strong volume and positive returns
   GOOD time to trade - patterns favor entry

   ⚠️ LOW ACTIVITY ANOMALY:
   Volume 0x below typical - Extremely quiet

   📉 LOW VOLATILITY ANOMALY:
   Volatility 0x below typical - Consolidation likely

   🔥 Best Trading Hours (UTC): 0:00, 23:00, 22:00

🎯 UNIFIED MICROSTRUCTURE INTEGRATION:
   Signal Consensus: BULLISH (100% agreement)
   Available Signals: 2 (2 bullish / 0 bearish / 0 neutral)
   Conviction Level: HIGH (100%)
   Signal Quality: LOW
   Risk Adjustment: NORMAL
   Timing Quality: FAVORABLE

   ✅ HIGH CONVICTION: 100% of signals agree on direction
   Strong institutional alignment - Follow the smart money

   📊 NORMAL RISK LEVEL: Standard position sizing applies

   ⏰ FAVORABLE TIMING: Good time window for trading

   Signal Directions Breakdown:
   • VPIN: NEUTRAL
   • Sweeps: NEUTRAL
   • Absorption: NEUTRAL
   • Arrival Dynamics: NEUTRAL
   • Liquidity Vacuum: NONE
   • Vol Regime: FAVORABLE
   • Temporal: FAVORABLE

   Adaptive Weights (Total: 5.0%):
   • VPIN: 0.0%
   • Sweeps: 0.0%
   • Absorption: 0.0%
   • Arrival: 0.0%
   • Vacuum: 0.0%
   • Vol Regime: 3.0%
   • Temporal: 2.0%


💹 DELTA ANALYSIS (Order Flow Aggression):
   Direction: NEUTRAL
   Delta Per Volume: 0.00%
   Institutional Ratio: 0.0%
   Aggression Score: 0.0%

📊 VOLUME PROFILE (Support/Resistance Strength):
   Point of Control (POC): $0.000000
   Value Area High: $0.000000
   Value Area Low: $0.000000
   Current Position: ABOVE_VALUE_AREA
   ⚠️ DISTRIBUTION RISK: Price above value area - potential rejection zone

⚡ MOMENTUM CASCADE (Multi-Timeframe Alignment):
   Cascade Detected: NO
   Alignment Score: 0.7%
   Cascade Strength: 0.0%
   Accelerating: 1m, 5m
   Diverging: 15m, 1h

💥 BREAKOUT CONFIRMATION:
   Quality: NO_BREAKOUT
   Volume Confirmation: NO
   Retest Strength: 0.0%
   False Breakout Risk: 0.0%
   No breakout detected - price below resistance


levels:
Entry=1.120754, StopLoss=1.08713138, TakeProfit=1.130280409, 1.1398068179999998, 1.1474279452

---

=== Token: EDGE (EDGE) ===
Contract: EDGE-USD
Timestamp: 2025-04-11T13:45:00.000Z

Calculations:
{
  "momentumScore": 119.58577917702368,
  "volumeScore": 30.906373776621294,
  "patternScore": 80,
  "totalScore": 58.53172959767525,
  "finalScore": 58.53172959767525,
  "weights": "0.23,0.45,0.23",
  "hourlyUptrend": true,
  "rsi": 75.25252525252527,
  "ultraShortVolumeSurge": 1.5384111879130156,
  "baseVolumeSurge": 0.022760960630724376,
  "currentPrice": 0.07802,
  "resistance": 0.08216,
  "support": 0.07132,
  "rocMin5": -0.01775147928994076,
  "shortROC": -0.010024108615657898,
  "priceAcceleration": -0.00434844683741561,
  "buySellRatio": 0.6223559160738086,
  "macdHistogram": 0.0009063737766212964,
  "stochasticK": 43.726937269372755,
  "atr": 0.0014628571428571457,
  "bbUpper": 0.07823024465653594,
  "bbLower": 0.06876775534346405,
  "hammerDetected": false,
  "engulfingDetected": false,
  "compressionSpring": {
    "detected": false,
    "confidence": 0,
    "signals": {
      "sidewaysPrice": false,
      "atrCompression": false,
      "bbSqueeze": false,
      "consolidationTime": true,
      "strongBuying": false,
      "obvPositive": false,
      "chaikinPositive": false,
      "rsiNeutral": false,
      "volumeBuilding": false
    },
    "metrics": {
      "priceRange": 15.2,
      "atrRatio": 0.967,
      "bbWidth": 12.87,
      "volumeRatio": 2.354,
      "signalCount": 1,
      "buySellRatio": 0.622
    }
  },
  "riskTier": "HIGH",
  "atrPercent": 2.5533745925953086,
  "distanceToResistance": 5.306331709817983,
  "slPercent": 5,
  "tpPercent": 4.510381953345286,
  "trailingActivation": 2.7062291720071716,
  "shortMomentumScore": 0,
  "overboughtScore": 0,
  "shortPatternScore": 0,
  "shootingStarDetected": false,
  "bearishEngulfingDetected": false,
  "eveningStarDetected": false,
  "bearishPatternsCount": 0,
  "shortTotalScore": 0,
  "chaikin": -0.02718684106021321,
  "obvIncreasing": true,
  "obvTrend": "increasing",
  "adx": 41.87380497131935,
  "recentCandles": {
    "redCount": 2,
    "greenCount": 8
  },
  "resistanceDistance": 5.306331709817983,
  "multiplePatterns": false,
  "bullishPattern": false,
  "priceAboveVWAP": false,
  "breakingResistance": false,
  "atrSufficient": true,
  "macdDivergenceBearish": false,
  "rvolMin1": -0.5088364440209296,
  "rvolMin5": -0.6689886993343065,
  "atrPercentileOld": 0.45121951219512196,
  "vwapDeviation": -2.8364614582224017,
  "bbWidthPercent": 12.874310280509793,
  "bbSqueeze": false,
  "multiTFMomentum": {
    "min1": {
      "roc1": -0.007359472148204683,
      "roc3": -0.0006387327542157431
    },
    "min5": {
      "roc1": -0.010024108615657898,
      "roc3": -0.023162639288844256
    },
    "min15": {
      "roc1": -0.03489404897855605,
      "roc3": 0.0050211416490486965
    },
    "hourly": {
      "roc1": 0.01426856914255236,
      "roc3": 0.02479116141201844
    },
    "fourHour": {
      "roc1": 0.06243888811286495,
      "roc3": -0.07660556027679977
    },
    "divergenceShortUpLongDown": false
  },
  "returnZMin5": -1.1123107098952358,
  "wickClosePct": 0.01388888888890281,
  "wickUpper": 0.0003599999999999992,
  "wickLower": 0.000010000000000010001,
  "wickRatio": 1.028571428571458,
  "donchianBreakout15": false,
  "bbWidthPercentile15": 0.42857142857142855,
  "signedMin5": -1040232.0999999994,
  "signedMin5Z": -4.533214427845263,
  "signedMin1": 1176858.5000000002,
  "signedMin1Z": 17.4249018114768,
  "streakMin1": {
    "upStreak": 0,
    "downStreak": 1
  },
  "streakMin5": {
    "upStreak": 0,
    "downStreak": 2
  },
  "rvolPercentileMin1": 0.2465277777777778,
  "rvolPercentileMin5": 0.1875,
  "perTfMetrics": {
    "min1": {
      "sma20": 0.07961,
      "sma50": 0.07722559999999999,
      "ema20": 0.07908881920416315,
      "ema50": 0.0775345146002588,
      "vwma20": 0.0801909165568418,
      "hma21": 0.08036264069264068,
      "atr14": 0.0009414285714285722,
      "atrPercentile": 0.824773413897281,
      "rvolZ": -0.5088364440209296,
      "rvolPercentile": 0.2465277777777778,
      "mfi14": 62.43949186319815,
      "ppo": {
        "ppo": 0.5882867566473073,
        "signal": 1.124819030486356,
        "histogram": -0.5365322738390486
      },
      "stochRsi": {
        "k": 7.22830153385695,
        "d": 44.569836354568935
      },
      "vprofile": {
        "vpBins": [
          0.06655994468794443,
          0.1278946425633204,
          0.09261374924637185,
          0.06938767167943066,
          0.1190524796318255,
          0.13853527654066497,
          0.028731494089580388,
          0.03832460130568546,
          0.012199605942206001,
          0.008317694180404586,
          0.008979194048517512,
          0.02529787106804994,
          0.048691775194508485,
          0.047638209773874736,
          0.03743512914232249,
          0.03355345823873053,
          0.006814549707663508,
          0.01314201529917583,
          0.019056426265629027,
          0.0577742113940935
        ],
        "currentBinShare": 0.048691775194508485
      },
      "ttm": {
        "squeeze": false,
        "release": false,
        "widthPct": 5.4333350185489575
      }
    },
    "min5": {
      "sma20": 0.07530700000000001,
      "sma50": 0.073821,
      "ema20": 0.07628906725465816,
      "ema50": 0.07470482536696756,
      "vwma20": 0.07707265839001759,
      "hma21": 0.08010510822510823,
      "atr14": 0.0014628571428571457,
      "atrPercentile": 0.6934306569343066,
      "rvolZ": -0.6689886993343065,
      "rvolPercentile": 0.1875,
      "mfi14": 89.47533602523582,
      "ppo": {
        "ppo": 2.2894898707071767,
        "signal": 1.7286255696299735,
        "histogram": 0.5608643010772032
      },
      "stochRsi": {
        "k": 46.25895811300908,
        "d": 84.94573502832031
      },
      "vprofile": {
        "vpBins": [
          0.004583703733790853,
          0.0655584179029675,
          0.07164246222019578,
          0.01986370190740064,
          0.020343439948478977,
          0.03936573183370459,
          0.04908293492048191,
          0.06649063684297908,
          0.10600888910889764,
          0.08941446142143303,
          0.07588274553567975,
          0.06065017504469883,
          0.0466857041593231,
          0.091474269101446,
          0.084114142912196,
          0.09008975647983718,
          0,
          0.018748826926489097,
          0,
          0
        ],
        "currentBinShare": 0.04908293492048191
      },
      "ttm": {
        "squeeze": false,
        "release": false,
        "widthPct": 15.870134164487364
      }
    },
    "min15": {
      "sma20": 0.073499,
      "sma50": 0.07590780000000001,
      "ema20": 0.07470198813457958,
      "ema50": 0.07530754607521235,
      "vwma20": 0.07493372310011769,
      "hma21": 0.07546502164502164,
      "atr14": 0.00199214285714286,
      "atrPercentile": 0.45121951219512196,
      "rvolZ": -0.41535038038636607,
      "rvolPercentile": 0.46875,
      "mfi14": 70.4661589111469,
      "ppo": {
        "ppo": 0.6276938529430715,
        "signal": -0.4659483310172425,
        "histogram": 1.0936421839603139
      },
      "stochRsi": {
        "k": 56.57516763929264,
        "d": 71.83364913405104
      },
      "vprofile": {
        "vpBins": [
          0.02682073178136892,
          0.05755441477575711,
          0.026028425880892415,
          0.06885668320078572,
          0.07084978634474683,
          0.1345765250781685,
          0.019867970553737017,
          0.04807204432148332,
          0.05520010968969665,
          0.04807257323899163,
          0.0745114655522193,
          0.13732683627026424,
          0,
          0.03816666513048608,
          0.032845416767913777,
          0.052447418368813455,
          0.07800633531267163,
          0,
          0.030796597732003397,
          0
        ],
        "currentBinShare": 0.04807204432148332
      },
      "ttm": {
        "squeeze": false,
        "release": false,
        "widthPct": 12.874310280509793
      }
    },
    "hourly": {
      "sma20": 0.077186,
      "sma50": 0.07502920000000002,
      "ema20": 0.07597007537885929,
      "ema50": 0.07293915925474777,
      "vwma20": 0.0802368959551192,
      "hma21": 0.07414043290043289,
      "atr14": 0.004432142857142858,
      "atrPercentile": 0.5255102040816326,
      "rvolZ": -0.016028889677246232,
      "rvolPercentile": 0.6238095238095238,
      "mfi14": 39.48439930755533,
      "ppo": {
        "ppo": -0.27667755259654875,
        "signal": 0.7509217464649811,
        "histogram": -1.02759929906153
      },
      "stochRsi": {
        "k": 8.484984277673654,
        "d": 31.82744141024798
      },
      "vprofile": {
        "vpBins": [
          0.03194055372951994,
          0.03716105045055681,
          0.01261675804039768,
          0.03769866441600696,
          0.08727080362293364,
          0.0659227162343886,
          0.03168774168160738,
          0.06521735965063848,
          0.02509557890653353,
          0.08176845995749477,
          0.05216951797434266,
          0.06859756273265993,
          0.12817605392997858,
          0.04827512761805413,
          0.09527493703262195,
          0.06625558723500183,
          0.04900410118584159,
          0.015867425601421726,
          0,
          0
        ],
        "currentBinShare": 0.08176845995749477
      },
      "ttm": {
        "squeeze": false,
        "release": false,
        "widthPct": 29.553285246809974
      }
    },
    "fourHour": {
      "sma20": 0.065725,
      "sma50": 0.07043500000000001,
      "ema20": 0.07043252749149521,
      "ema50": 0.06890530730323062,
      "vwma20": 0.0725286912644714,
      "hma21": 0.09044658008658009,
      "atr14": 0.01519,
      "atrPercentile": 0.9743589743589743,
      "rvolZ": -0.7617266824300375,
      "rvolPercentile": 0.2641509433962264,
      "mfi14": 64.37487341773297,
      "ppo": {
        "ppo": 5.261101104182373,
        "signal": 3.509483809520335,
        "histogram": 1.7516172946620379
      },
      "stochRsi": {
        "k": 60.95078271743123,
        "d": 60.948129480321285
      },
      "vprofile": {
        "vpBins": [
          0.024692812637250105,
          0.04563221840593099,
          0.04929416656621533,
          0.044712682060168006,
          0.0674213915888186,
          0.05519649521852235,
          0.09604678549970287,
          0.01407914297812482,
          0.10838058821158549,
          0.05808954355611263,
          0.05276526988684039,
          0.09735706548346112,
          0.128541865282883,
          0.11467859504509377,
          0,
          0,
          0,
          0,
          0.04311137757929047,
          0
        ],
        "currentBinShare": 0.10838058821158549
      },
      "ttm": {
        "squeeze": false,
        "release": false,
        "widthPct": 93.45020888270811
      }
    },
    "daily": {
      "sma20": 0,
      "sma50": 0,
      "ema20": 0.07076475537521738,
      "ema50": 0.0693476812259218,
      "vwma20": 0,
      "hma21": 0,
      "atr14": 0,
      "atrPercentile": 0.5,
      "rvolZ": 0,
      "rvolPercentile": 1,
      "mfi14": 50,
      "ppo": {
        "ppo": 0,
        "signal": 0,
        "histogram": 0
      },
      "stochRsi": {
        "k": 50,
        "d": 50
      },
      "vprofile": {
        "vpBins": [
          0,
          0,
          0,
          0,
          0,
          0,
          0,
          0,
          0,
          0,
          0,
          0,
          0,
          0,
          0,
          0,
          0,
          0,
          0,
          0
        ],
        "currentBinShare": 0
      },
      "ttm": {
        "squeeze": false,
        "release": false
      }
    }
  },
  "smaMin5": 0.07530700000000001,
  "emaMin5": 0.07628906725465816,
  "vwmaMin5": 0.07707265839001759,
  "hmaMin5": 0.08010510822510823,
  "keltner15": {
    "upper": 0.07783998813457958,
    "middle": 0.07470198813457958,
    "lower": 0.07156398813457958
  },
  "superTrend15": {
    "isBull": false,
    "finalUpper": 0.083736,
    "finalLower": 0.071184
  },
  "mfi15": 70.4661589111469,
  "stochRsi15": {
    "k": 56.57516763929264,
    "d": 71.83364913405104
  },
  "ppo15": {
    "ppo": 0.6276938529430715,
    "signal": -0.4659483310172425,
    "histogram": 1.0936421839603139
  },
  "vpMin15": {
    "vpBins": [
      0.02682073178136892,
      0.05755441477575711,
      0.026028425880892415,
      0.06885668320078572,
      0.07084978634474683,
      0.1345765250781685,
      0.019867970553737017,
      0.04807204432148332,
      0.05520010968969665,
      0.04807257323899163,
      0.0745114655522193,
      0.13732683627026424,
      0,
      0.03816666513048608,
      0.032845416767913777,
      0.052447418368813455,
      0.07800633531267163,
      0,
      0.030796597732003397,
      0
    ],
    "currentBinShare": 0.04807204432148332
  },
  "ttm15": {
    "squeeze": false,
    "release": false,
    "widthPct": 12.874310280509793
  },
  "marketCorrelation": {
    "hourly": {
      "btcCorrelation": 0,
      "ethCorrelation": 0,
      "btcBeta": 1,
      "ethBeta": 1,
      "btcTrend": "UNKNOWN",
      "ethTrend": "UNKNOWN",
      "tokenVol": 0,
      "btcVol": 0,
      "ethVol": 0,
      "marketDependence": 0,
      "verdict": "INSUFFICIENT_DATA"
    },
    "min15": {
      "btcCorrelation": 0,
      "ethCorrelation": 0,
      "btcBeta": 1,
      "ethBeta": 1,
      "btcTrend": "UNKNOWN",
      "ethTrend": "UNKNOWN",
      "tokenVol": 0,
      "btcVol": 0,
      "ethVol": 0,
      "marketDependence": 0,
      "verdict": "INSUFFICIENT_DATA"
    },
    "daily": {
      "btcCorrelation": 0,
      "ethCorrelation": 0,
      "btcBeta": 1,
      "ethBeta": 1,
      "btcTrend": "UNKNOWN",
      "ethTrend": "UNKNOWN",
      "tokenVol": 0,
      "btcVol": 0,
      "ethVol": 0,
      "marketDependence": 0,
      "verdict": "INSUFFICIENT_DATA"
    }
  },
  "tradeTape": {
    "totalTrades": 0,
    "totalVolume": 0,
    "buysVolume": 0,
    "sellsVolume": 0,
    "buySellRatio": 0.5,
    "vwap": 0,
    "signedVolume": 0,
    "avgTradeSize": 0,
    "tradesPerSec": 0,
    "cumulativeDelta": 0,
    "tradesLast1m": 0,
    "tradesLast5m": 0,
    "tradesLast15m": 0,
    "tradesLast1h": 0,
    "buyVWAP": 0,
    "sellVWAP": 0,
    "aggressorVWAP": 0,
    "bucketDurationMs": 60000,
    "bucketCount": 15,
    "bucketSignedVolumes": [],
    "bucketVolumes": [],
    "bucketVWAPs": [],
    "latestBucketSignedZ": 0
  },
  "enhancedMetrics": {
    "relativeVolumeZScore": -1,
    "volumePercentile": 40,
    "atrPercentile": 64.96350364963503,
    "volatilityPercentile": 64.21052631578948,
    "relativeVolatilityRatio": 0.8061007749049414,
    "isHighVolume": false,
    "isHighVolatility": false,
    "isLowVolatility": false,
    "isExpandingVolatility": false,
    "isContractingVolatility": false
  },
  "orderBook": {
    "bidAskSpread": 0,
    "spreadPct": 0,
    "midPrice": 0,
    "bestBid": 0,
    "bestAsk": 0,
    "bidDepth": 0,
    "askDepth": 0,
    "orderBookImbalance": 0,
    "liquidityScore": 0,
    "depthAt1Pct": {
      "bidVolume": 0,
      "askVolume": 0,
      "imbalance": 0
    },
    "depthAt2Pct": {
      "bidVolume": 0,
      "askVolume": 0,
      "imbalance": 0
    },
    "depthAt5Pct": {
      "bidVolume": 0,
      "askVolume": 0,
      "imbalance": 0
    },
    "weightedMidPrice": 0,
    "volumeWeightedSpread": 0,
    "totalBidLevels": 0,
    "totalAskLevels": 0
  },
  "marketCap": {
    "marketCap": 0,
    "totalVolume24h": 0,
    "volumeToMarketCapRatio": 0,
    "marketCapRank": 0,
    "normalizedRank": 0,
    "isHighLiquidity": false,
    "isVeryHighLiquidity": false,
    "isLowLiquidity": true,
    "liquidityTier": "VERY_LOW"
  },
  "sweeps": {
    "sweepScore": 0,
    "sweepCount": 0,
    "sweepDirection": "NEUTRAL",
    "buySweeps": 0,
    "sellSweeps": 0,
    "avgSweepSize": 0,
    "avgSweepIntensity": 0,
    "bidLiftRatio": 0,
    "askLiftRatio": 0,
    "sweepFrequency": 0,
    "largestSweep": null,
    "recentSweepClusters": 0,
    "sweepDetails": []
  },
  "absorption": {
    "absorptionScore": 0,
    "absorptionLevel": null,
    "absorptionSide": "NONE",
    "icebergProbability": 0,
    "hiddenLiquidityEstimate": 0,
    "volumeAtPrice": {},
    "topAbsorptionLevels": [],
    "persistenceDuration": 0,
    "refillDetected": false
  },
  "orderArrival": {
    "avgInterArrivalTime": 0,
    "recentInterArrivalTime": 0,
    "accelerationRatio": 1,
    "hawkesIntensity": 0,
    "hawkesDirection": "NEUTRAL",
    "clusteringScore": 0,
    "burstCount": 0,
    "cascadeDetected": false,
    "timeToNextTrade": 0,
    "accelerationTrend": "STABLE"
  },
  "liquidityVacuum": {
    "vacuumScore": 0,
    "vacuumSide": "NONE",
    "bidVacuumSeverity": 0,
    "askVacuumSeverity": 0,
    "depthConcentration": 0,
    "priceImpact10k": 0,
    "priceImpact50k": 0,
    "priceImpact100k": 0,
    "largestGapBid": 0,
    "largestGapAsk": 0,
    "avgGapBid": 0,
    "avgGapAsk": 0,
    "bidCliffDistance": 0,
    "askCliffDistance": 0
  },
  "volatilityRegime": {
    "regime": "UNKNOWN",
    "regimeScore": 0,
    "currentATR": 0,
    "avgATR": 0,
    "atrPercentile": 0,
    "realizedVolatility": 0,
    "volPercentile": 0,
    "expanding": false,
    "contracting": false,
    "transitionProbability": 0,
    "daysInRegime": 0,
    "regimeStrength": 0
  },
  "temporalPatterns": {
    "currentHour": 8,
    "currentDay": 0,
    "currentDayName": "Sunday",
    "dayBias": "NEUTRAL",
    "hourlyProfile": [
      {
        "avgVolume": 2387017.44,
        "avgATR": 0.005228,
        "avgReturn": 1.552
      },
      {
        "avgVolume": 3201610.64,
        "avgATR": 0.005709,
        "avgReturn": 0.373
      },
      {
        "avgVolume": 4035687.09,
        "avgATR": 0.008149,
        "avgReturn": 2.423
      },
      {
        "avgVolume": 3110444.19,
        "avgATR": 0.006788,
        "avgReturn": 2.07
      },
      {
        "avgVolume": 2367996.21,
        "avgATR": 0.006969,
        "avgReturn": -2.614
      },
      {
        "avgVolume": 2005604.72,
        "avgATR": 0.004689,
        "avgReturn": -1.624
      },
      {
        "avgVolume": 1229699.91,
        "avgATR": 0.00353,
        "avgReturn": -2.265
      },
      {
        "avgVolume": 1553277.57,
        "avgATR": 0.004104,
        "avgReturn": -0.31
      },
      {
        "avgVolume": 431147.49,
        "avgATR": 0.00226,
        "avgReturn": -0.43
      },
      {
        "avgVolume": 854558.52,
        "avgATR": 0.00327,
        "avgReturn": 0.282
      },
      {
        "avgVolume": 754001.54,
        "avgATR": 0.003284,
        "avgReturn": 0.055
      },
      {
        "avgVolume": 872876.96,
        "avgATR": 0.002619,
        "avgReturn": -1.785
      },
      {
        "avgVolume": 1378158.92,
        "avgATR": 0.004474,
        "avgReturn": -0.903
      },
      {
        "avgVolume": 1940621.84,
        "avgATR": 0.004841,
        "avgReturn": -0.264
      },
      {
        "avgVolume": 2786253.31,
        "avgATR": 0.006663,
        "avgReturn": -0.983
      },
      {
        "avgVolume": 4188278.95,
        "avgATR": 0.007687,
        "avgReturn": 1.556
      },
      {
        "avgVolume": 4614359.64,
        "avgATR": 0.007406,
        "avgReturn": 3.499
      },
      {
        "avgVolume": 3627865.23,
        "avgATR": 0.007902,
        "avgReturn": 0.987
      },
      {
        "avgVolume": 3769599.2,
        "avgATR": 0.007531,
        "avgReturn": -0.942
      },
      {
        "avgVolume": 2652388.7,
        "avgATR": 0.005664,
        "avgReturn": -1.623
      },
      {
        "avgVolume": 1903554.72,
        "avgATR": 0.003955,
        "avgReturn": 0.292
      },
      {
        "avgVolume": 3586753.06,
        "avgATR": 0.006452,
        "avgReturn": 3.087
      },
      {
        "avgVolume": 4224072.4,
        "avgATR": 0.008813,
        "avgReturn": 1.61
      },
      {
        "avgVolume": 3156030.11,
        "avgATR": 0.006769,
        "avgReturn": -0.59
      }
    ],
    "dailyProfile": [
      {
        "avgVolume": 1266093.98,
        "avgATR": 0.003918,
        "avgReturn": -1.675
      },
      {
        "avgVolume": 1746597.86,
        "avgATR": 0.003793,
        "avgReturn": 0.492
      },
      {
        "avgVolume": 1671084.41,
        "avgATR": 0.003178,
        "avgReturn": -0.81
      },
      {
        "avgVolume": 3519719.51,
        "avgATR": 0.00634,
        "avgReturn": 1.469
      },
      {
        "avgVolume": 4256829.38,
        "avgATR": 0.009706,
        "avgReturn": 1.219
      },
      {
        "avgVolume": 2326536.22,
        "avgATR": 0.0053,
        "avgReturn": -0.432
      },
      {
        "avgVolume": 915215.92,
        "avgATR": 0.002759,
        "avgReturn": -0.235
      }
    ],
    "favorableHours": [
      16,
      22,
      15,
      2,
      18,
      21
    ],
    "favorableWindow": false,
    "currentVsAvgVolume": 0,
    "currentVsAvgVolatility": 0,
    "anomalyDetected": true,
    "timeUntilFavorable": 7,
    "temporalScore": 0
  },
  "unifiedMicrostructure": {
    "signalDirections": {
      "vpin": "NEUTRAL",
      "sweeps": "NEUTRAL",
      "absorption": "NEUTRAL",
      "arrival": "NEUTRAL",
      "vacuum": "NONE",
      "volRegime": "NEUTRAL",
      "temporal": "UNFAVORABLE"
    },
    "consensusDirection": "BEARISH",
    "consensusStrength": 100,
    "bullishSignals": 0,
    "bearishSignals": 1,
    "neutralSignals": 0,
    "totalAvailableSignals": 1,
    "dominantPattern": "NONE",
    "clusters": {
      "strongBuyCluster": false,
      "distributionPattern": false,
      "accumulationPattern": false,
      "momentumCascade": false
    },
    "adaptiveWeights": {
      "vpin": 0,
      "sweeps": 0,
      "absorption": 0,
      "arrival": 0,
      "vacuum": 0,
      "volRegime": 0,
      "temporal": 0.02
    },
    "convictionLevel": "HIGH",
    "convictionScore": 100,
    "riskAdjustment": "REDUCE",
    "timingQuality": "UNFAVORABLE",
    "signalQuality": "LOW"
  },
  "deltaAnalysis": {
    "currentDelta": 0,
    "cumulativeDelta": 0,
    "deltaPerVolume": 0,
    "deltaDirection": "NEUTRAL",
    "deltaDivergence": false,
    "institutionalRatio": 0,
    "aggressionScore": 0
  },
  "volumeProfile": {
    "pointOfControl": 0,
    "valueAreaHigh": 0,
    "valueAreaLow": 0,
    "currentPosition": "ABOVE_VALUE_AREA",
    "volumeNodes": [],
    "airPockets": []
  },
  "momentumCascade": {
    "cascadeDetected": false,
    "alignmentScore": 0.009466424043579533,
    "cascadeStrength": 0,
    "acceleratingTimeframes": [],
    "divergingTimeframes": [
      "1m",
      "5m",
      "15m",
      "1h"
    ]
  },
  "breakoutConfirmation": {
    "breakoutConfirmed": false,
    "volumeConfirmation": false,
    "retestStrength": 0,
    "falseBreakoutRisk": 0,
    "breakoutQuality": "NO_BREAKOUT"
  },
  "liquidityHeatmap": {
    "liquidityScore": 0,
    "magnetDirection": "NONE",
    "magnetStrength": 0,
    "priceTarget5pct": null,
    "message": "No order book data"
  },
  "smartMoneyDivergence": {
    "divergenceDetected": false,
    "divergenceDirection": "NONE",
    "smartMoneyScore": 0.5,
    "message": "Insufficient trade data"
  },
  "microstructure": {
    "raw": -0.02829389166346523,
    "pct": 50,
    "summary": {
      "latestBucketSignedZ": 0,
      "buySellRatio": 0.5,
      "tradesPerSec": 0,
      "vwap": 0,
      "aggressorVWAP": 0,
      "vpinToxicity": "UNKNOWN",
      "sweepDirection": "NEUTRAL",
      "absorptionSide": "NONE",
      "icebergDetected": false,
      "hawkesDirection": "NEUTRAL",
      "cascadeDetected": false,
      "vacuumSide": "NONE",
      "volatilityRegime": "UNKNOWN",
      "volExpanding": false,
      "favorableTimeWindow": false,
      "temporalAnomaly": true,
      "consensusDirection": "BEARISH",
      "consensusStrength": 100,
      "dominantPattern": "NONE",
      "convictionLevel": "HIGH",
      "riskAdjustment": "REDUCE",
      "timingQuality": "UNFAVORABLE",
      "deltaDirection": "NEUTRAL",
      "deltaDivergence": false,
      "institutionalRatio": 0,
      "volumeProfilePosition": "ABOVE_VALUE_AREA",
      "pointOfControl": 0,
      "momentumCascadeDetected": false,
      "cascadeStrength": 0,
      "breakoutQuality": "NO_BREAKOUT",
      "breakoutConfirmed": false,
      "magnetDirection": "NONE",
      "magnetStrength": 0,
      "priceTarget5pct": null,
      "nearestBidWall": 0,
      "nearestAskWall": 0,
      "divergenceDetected": false,
      "divergenceDirection": "NONE",
      "whaleAccumulation": false,
      "whaleDistribution": false,
      "retailPanic": false,
      "smartMoneyScore": 0.5
    }
  }
}

=== MICROSTRUCTURE ALERTS ===

🔬 VPIN: Insufficient data for VPIN analysis

🌊 SWEEP DETECTION: No significant sweeps detected

🧊 ABSORPTION & ICEBERG: No significant absorption or iceberg orders detected

⚡ ORDER ARRIVAL DYNAMICS: Insufficient trades for analysis

🌪️ LIQUIDITY VACUUM: No significant vacuum detected

📊 VOLATILITY REGIME: Insufficient data for classification

⏰ TEMPORAL PATTERN ANALYSIS:
   Current Time: Sunday 8:00 UTC
   Day Bias: NEUTRAL
   Current vs Avg Volume: 0x
   Current vs Avg Volatility: 0x

   ⏳ NON-FAVORABLE TIME WINDOW:
   This hour typically shows weaker activity
   Next favorable window in 7 hour(s)

   ⚠️ LOW ACTIVITY ANOMALY:
   Volume 0x below typical - Extremely quiet

   📉 LOW VOLATILITY ANOMALY:
   Volatility 0x below typical - Consolidation likely

   🔥 Best Trading Hours (UTC): 16:00, 22:00, 15:00

🎯 UNIFIED MICROSTRUCTURE INTEGRATION:
   Signal Consensus: BEARISH (100% agreement)
   Available Signals: 1 (0 bullish / 1 bearish / 0 neutral)
   Conviction Level: HIGH (100%)
   Signal Quality: LOW
   Risk Adjustment: REDUCE
   Timing Quality: UNFAVORABLE

   ✅ HIGH CONVICTION: 100% of signals agree on direction
   Strong institutional alignment - Follow the smart money

   ⚠️ RISK REDUCTION RECOMMENDED: Extreme volatility or unfavorable timing detected

   ⏰ UNFAVORABLE TIMING: Avoid trading during this hour

   Signal Directions Breakdown:
   • VPIN: NEUTRAL
   • Sweeps: NEUTRAL
   • Absorption: NEUTRAL
   • Arrival Dynamics: NEUTRAL
   • Liquidity Vacuum: NONE
   • Vol Regime: NEUTRAL
   • Temporal: UNFAVORABLE

   Adaptive Weights (Total: 2.0%):
   • VPIN: 0.0%
   • Sweeps: 0.0%
   • Absorption: 0.0%
   • Arrival: 0.0%
   • Vacuum: 0.0%
   • Vol Regime: 0.0%
   • Temporal: 2.0%


💹 DELTA ANALYSIS (Order Flow Aggression):
   Direction: NEUTRAL
   Delta Per Volume: 0.00%
   Institutional Ratio: 0.0%
   Aggression Score: 0.0%

📊 VOLUME PROFILE (Support/Resistance Strength):
   Point of Control (POC): $0.000000
   Value Area High: $0.000000
   Value Area Low: $0.000000
   Current Position: ABOVE_VALUE_AREA
   ⚠️ DISTRIBUTION RISK: Price above value area - potential rejection zone

⚡ MOMENTUM CASCADE (Multi-Timeframe Alignment):
   Cascade Detected: NO
   Alignment Score: 0.9%
   Cascade Strength: 0.0%
   Accelerating: None
   Diverging: 1m, 5m, 15m, 1h

💥 BREAKOUT CONFIRMATION:
   Quality: NO_BREAKOUT
   Volume Confirmation: NO
   Retest Strength: 0.0%
   False Breakout Risk: 0.0%
   No breakout detected - price below resistance


levels:
Entry=0.07786396000000001, StopLoss=0.07397076200000001, TakeProfit=0.079619941, 0.08137592199999999, 0.08278070679999999

---

=== Token: HONEY (HONEY) ===
Contract: HONEY-USD
Timestamp: 2025-04-11T13:45:00.000Z

Calculations:
{
  "momentumScore": 36.75873426699262,
  "volumeScore": 15,
  "patternScore": 30,
  "totalScore": 21.58901420295886,
  "finalScore": 0,
  "weights": "0.23,0.45,0.23",
  "hourlyUptrend": false,
  "rsi": 25.000000000000426,
  "ultraShortVolumeSurge": 2.2561423638828177,
  "baseVolumeSurge": 0.03834934756846326,
  "currentPrice": 0.0244,
  "resistance": 0.0249,
  "support": 0.0243,
  "rocMin5": 0,
  "shortROC": 0,
  "priceAcceleration": 0,
  "buySellRatio": 0,
  "macdHistogram": -0.00005642526568255639,
  "stochasticK": 10.000000000000279,
  "atr": 0.00007142857142857175,
  "bbUpper": 0.025410216498526286,
  "bbLower": 0.024139783501473704,
  "hammerDetected": false,
  "engulfingDetected": false,
  "compressionSpring": {
    "detected": false,
    "confidence": 0,
    "signals": {
      "sidewaysPrice": true,
      "atrCompression": true,
      "bbSqueeze": false,
      "consolidationTime": true,
      "strongBuying": false,
      "obvPositive": false,
      "chaikinPositive": false,
      "rsiNeutral": false,
      "volumeBuilding": false
    },
    "metrics": {
      "priceRange": 3.7,
      "atrRatio": 0.357,
      "bbWidth": 5.13,
      "volumeRatio": 0.752,
      "signalCount": 3,
      "buySellRatio": 0
    }
  },
  "riskTier": "LOW",
  "atrPercent": 0.8782201405152243,
  "distanceToResistance": 2.04918032786884,
  "slPercent": 2.5,
  "tpPercent": 1.7418032786885138,
  "trailingActivation": 1.0450819672131082,
  "shortMomentumScore": 25,
  "overboughtScore": 0,
  "shortPatternScore": 25,
  "shootingStarDetected": true,
  "bearishEngulfingDetected": false,
  "eveningStarDetected": false,
  "bearishPatternsCount": 1,
  "shortTotalScore": 16.25,
  "chaikin": -0.38585445066257085,
  "obvIncreasing": true,
  "obvTrend": "increasing",
  "adx": 2.5122761014375115e-13,
  "recentCandles": {
    "redCount": 1,
    "greenCount": 9
  },
  "resistanceDistance": 2.04918032786884,
  "multiplePatterns": false,
  "bullishPattern": false,
  "priceAboveVWAP": false,
  "breakingResistance": false,
  "atrSufficient": false,
  "macdDivergenceBearish": true,
  "rvolMin1": -0.12069368725733148,
  "rvolMin5": -0.18795414896848162,
  "atrPercentileOld": 0.6097560975609756,
  "vwapDeviation": -1.4652536235886877,
  "bbWidthPercent": 5.1278829346219235,
  "bbSqueeze": false,
  "multiTFMomentum": {
    "min1": {
      "roc1": 0,
      "roc3": 0
    },
    "min5": {
      "roc1": 0,
      "roc3": 0
    },
    "min15": {
      "roc1": 0,
      "roc3": 0.004115226337448678
    },
    "hourly": {
      "roc1": 0.004115226337448678,
      "roc3": -0.023999999999999994
    },
    "fourHour": {
      "roc1": -0.03174603174603169,
      "roc3": 0
    },
    "divergenceShortUpLongDown": false
  },
  "returnZMin5": 0.06350866874926236,
  "wickClosePct": 0,
  "wickUpper": 0.0001999999999999988,
  "wickLower": 0,
  "wickRatio": 1,
  "donchianBreakout15": false,
  "bbWidthPercentile15": 1,
  "signedMin5": 389602.2999999999,
  "signedMin5Z": 8.560823291983311,
  "signedMin1": 331319.4,
  "signedMin1Z": 29.142223468545332,
  "streakMin1": {
    "upStreak": 0,
    "downStreak": 0
  },
  "streakMin5": {
    "upStreak": 0,
    "downStreak": 0
  },
  "rvolPercentileMin1": 0.46875,
  "rvolPercentileMin5": 0.6944444444444444,
  "perTfMetrics": {
    "min1": {
      "sma20": 0.02439999999999999,
      "sma50": 0.02434599999999999,
      "ema20": 0.02438954407187769,
      "ema50": 0.02440206528371544,
      "vwma20": 0.024399999999999998,
      "hma21": 0.02440000000000001,
      "atr14": 0.0000071428571428570995,
      "atrPercentile": 0.24823766364551864,
      "rvolZ": -0.12069368725733148,
      "rvolPercentile": 0.46875,
      "mfi14": 1.6498512487308687,
      "ppo": {
        "ppo": 0.04497708213990161,
        "signal": 0.047967239173649326,
        "histogram": -0.002990157033747713
      },
      "stochRsi": {
        "k": 50,
        "d": 0
      },
      "vprofile": {
        "vpBins": [
          0.06017376486750784,
          0,
          0.15489122154922008,
          0,
          0.0012647865622582167,
          0,
          0.10966214111450705,
          0,
          0.08205521487027176,
          0,
          0.112821022364579,
          0.21659477830103852,
          0,
          0,
          0.03521441099704658,
          0,
          0.18847927847307572,
          0,
          0.0388433809004952,
          0
        ],
        "currentBinShare": 0.15489122154922008
      },
      "ttm": {
        "squeeze": true,
        "release": false,
        "widthPct": 1.706285386206696e-13
      }
    },
    "min5": {
      "sma20": 0.02443999999999999,
      "sma50": 0.02474399999999999,
      "ema20": 0.024460520408057414,
      "ema50": 0.02465571159514862,
      "vwma20": 0.024432679074822248,
      "hma21": 0.024251948051948066,
      "atr14": 0.00007142857142857175,
      "atrPercentile": 0.3248175182481752,
      "rvolZ": -0.18795414896848162,
      "rvolPercentile": 0.6944444444444444,
      "mfi14": 31.982646283205554,
      "ppo": {
        "ppo": -0.42326361753129516,
        "signal": -0.5127647359508392,
        "histogram": 0.089501118419544
      },
      "stochRsi": {
        "k": 56.25000000000184,
        "d": 25.000000000000426
      },
      "vprofile": {
        "vpBins": [
          0.02288770921157964,
          0.1304550045883042,
          0,
          0.04876038095723788,
          0,
          0.035430119774012205,
          0.13990988437154778,
          0,
          0.1503875580609975,
          0,
          0.13606124691311666,
          0.10365473641181167,
          0,
          0.13897394602225951,
          0,
          0.08489968830608456,
          0,
          0,
          0.008579725383048445,
          0
        ],
        "currentBinShare": 0.1304550045883042
      },
      "ttm": {
        "squeeze": false,
        "release": false,
        "widthPct": 2.2200752808920647
      }
    },
    "min15": {
      "sma20": 0.024774999999999995,
      "sma50": 0.024857999999999998,
      "ema20": 0.024661836574037522,
      "ema50": 0.024759885071622974,
      "vwma20": 0.024784425158819817,
      "hma21": 0.024264069264069266,
      "atr14": 0.00021428571428571474,
      "atrPercentile": 0.6097560975609756,
      "rvolZ": -0.38044138345037515,
      "rvolPercentile": 0.3854166666666667,
      "mfi14": 29.08685814737356,
      "ppo": {
        "ppo": -0.6580603028305513,
        "signal": -0.43759818025449476,
        "histogram": -0.22046212257605652
      },
      "stochRsi": {
        "k": 22.70270270270311,
        "d": 18.28282828282843
      },
      "vprofile": {
        "vpBins": [
          0.014541214855308815,
          0.13829846956624708,
          0,
          0.1067986184704562,
          0,
          0.08103753680888343,
          0.15749930107118024,
          0,
          0.18136674003367623,
          0,
          0.10889648394579192,
          0.10548186940040084,
          0,
          0.08608500652242382,
          0,
          0.01999475932563141,
          0,
          0,
          0,
          0
        ],
        "currentBinShare": 0.13829846956624708
      },
      "ttm": {
        "squeeze": false,
        "release": false,
        "widthPct": 5.1278829346219235
      }
    },
    "hourly": {
      "sma20": 0.024714999999999997,
      "sma50": 0.025245999999999987,
      "ema20": 0.024809469542091827,
      "ema50": 0.025199024312492484,
      "vwma20": 0.02475385441690943,
      "hma21": 0.025058874458874458,
      "atr14": 0.00042857142857142795,
      "atrPercentile": 0.6055900621118012,
      "rvolZ": -0.01037130436167894,
      "rvolPercentile": 0.7470238095238095,
      "mfi14": 33.32959556692465,
      "ppo": {
        "ppo": -0.47256649999664924,
        "signal": -0.4379908153541182,
        "histogram": -0.034575684642531024
      },
      "stochRsi": {
        "k": 52.94117647058832,
        "d": 50.33670033670031
      },
      "vprofile": {
        "vpBins": [
          0.0481825997764793,
          0.14865367636096435,
          0.051236909047243075,
          0.03279969435793397,
          0.10316723698371877,
          0.061081864218507455,
          0.06783023246414063,
          0.035086850136851755,
          0.002179493286100286,
          0.01610898588918116,
          0.04247183446439729,
          0.07196873302219439,
          0.04003022575440989,
          0.13711809002483463,
          0.036236019468591035,
          0.04275991906048086,
          0,
          0.06308763568397102,
          0,
          0
        ],
        "currentBinShare": 0.14865367636096435
      },
      "ttm": {
        "squeeze": false,
        "release": false,
        "widthPct": 4.7812814069908685
      }
    },
    "fourHour": {
      "sma20": 0.025370000000000004,
      "sma50": 0.029003999999999985,
      "ema20": 0.025772020120092786,
      "ema50": 0.028402098209096595,
      "vwma20": 0.025342088447375486,
      "hma21": 0.02488658008658008,
      "atr14": 0.0010214285714285714,
      "atrPercentile": 0.32857142857142857,
      "rvolZ": 0.18861313384721543,
      "rvolPercentile": 0.75,
      "mfi14": 42.97420068366118,
      "ppo": {
        "ppo": -4.6519638058971395,
        "signal": -5.181015827057103,
        "histogram": 0.5290520211599636
      },
      "stochRsi": {
        "k": 85.5213004484305,
        "d": 52.255010970764395
      },
      "vprofile": {
        "vpBins": [
          0.05074005136724777,
          0.08828325819173762,
          0.035896587678356386,
          0,
          0.08216507979160073,
          0.08931193040550081,
          0.006814414984701352,
          0.023769448973231393,
          0.00790348269197521,
          0,
          0.07780760302041485,
          0.05764473599173653,
          0.057413816134439695,
          0.16202773179737426,
          0.07736213739977392,
          0.08790737885979076,
          0.029044984364175495,
          0.05083379440910408,
          0.015073563938839322,
          0
        ],
        "currentBinShare": 0.08828325819173762
      },
      "ttm": {
        "squeeze": false,
        "release": false,
        "widthPct": 17.915109404357267
      }
    },
    "daily": {
      "sma20": 0.03353,
      "sma50": 0.037602,
      "ema20": 0.03200815297780857,
      "ema50": 0.03787447259923488,
      "vwma20": 0,
      "hma21": 0.02639307359307358,
      "atr14": 0.0034999999999999983,
      "atrPercentile": 0.3684210526315789,
      "rvolZ": 0,
      "rvolPercentile": 1,
      "mfi14": 50,
      "ppo": {
        "ppo": -11.118221979917944,
        "signal": -7.972015334381893,
        "histogram": -3.1462066455360516
      },
      "stochRsi": {
        "k": 37.997565693426615,
        "d": 28.554142413858028
      },
      "vprofile": {
        "vpBins": [
          0,
          0,
          0,
          0,
          0,
          0,
          0,
          0,
          0,
          0,
          0,
          0,
          0,
          0,
          0,
          0,
          0,
          0,
          0,
          0
        ],
        "currentBinShare": 0
      },
      "ttm": {
        "squeeze": false,
        "release": false,
        "widthPct": 62.15215066896831
      }
    }
  },
  "smaMin5": 0.02443999999999999,
  "emaMin5": 0.024460520408057414,
  "vwmaMin5": 0.024432679074822248,
  "hmaMin5": 0.024251948051948066,
  "keltner15": {
    "upper": 0.02493183657403752,
    "middle": 0.024661836574037522,
    "lower": 0.024391836574037522
  },
  "superTrend15": {
    "isBull": false,
    "finalUpper": 0.02504,
    "finalLower": 0.023960000000000002
  },
  "mfi15": 29.08685814737356,
  "stochRsi15": {
    "k": 22.70270270270311,
    "d": 18.28282828282843
  },
  "ppo15": {
    "ppo": -0.6580603028305513,
    "signal": -0.43759818025449476,
    "histogram": -0.22046212257605652
  },
  "vpMin15": {
    "vpBins": [
      0.014541214855308815,
      0.13829846956624708,
      0,
      0.1067986184704562,
      0,
      0.08103753680888343,
      0.15749930107118024,
      0,
      0.18136674003367623,
      0,
      0.10889648394579192,
      0.10548186940040084,
      0,
      0.08608500652242382,
      0,
      0.01999475932563141,
      0,
      0,
      0,
      0
    ],
    "currentBinShare": 0.13829846956624708
  },
  "ttm15": {
    "squeeze": false,
    "release": false,
    "widthPct": 5.1278829346219235
  },
  "marketCorrelation": {
    "hourly": {
      "btcCorrelation": 0,
      "ethCorrelation": 0,
      "btcBeta": 1,
      "ethBeta": 1,
      "btcTrend": "UNKNOWN",
      "ethTrend": "UNKNOWN",
      "tokenVol": 0,
      "btcVol": 0,
      "ethVol": 0,
      "marketDependence": 0,
      "verdict": "INSUFFICIENT_DATA"
    },
    "min15": {
      "btcCorrelation": 0,
      "ethCorrelation": 0,
      "btcBeta": 1,
      "ethBeta": 1,
      "btcTrend": "UNKNOWN",
      "ethTrend": "UNKNOWN",
      "tokenVol": 0,
      "btcVol": 0,
      "ethVol": 0,
      "marketDependence": 0,
      "verdict": "INSUFFICIENT_DATA"
    },
    "daily": {
      "btcCorrelation": 0,
      "ethCorrelation": 0,
      "btcBeta": 1,
      "ethBeta": 1,
      "btcTrend": "UNKNOWN",
      "ethTrend": "UNKNOWN",
      "tokenVol": 0,
      "btcVol": 0,
      "ethVol": 0,
      "marketDependence": 0,
      "verdict": "INSUFFICIENT_DATA"
    }
  },
  "tradeTape": {
    "totalTrades": 0,
    "totalVolume": 0,
    "buysVolume": 0,
    "sellsVolume": 0,
    "buySellRatio": 0.5,
    "vwap": 0,
    "signedVolume": 0,
    "avgTradeSize": 0,
    "tradesPerSec": 0,
    "cumulativeDelta": 0,
    "tradesLast1m": 0,
    "tradesLast5m": 0,
    "tradesLast15m": 0,
    "tradesLast1h": 0,
    "buyVWAP": 0,
    "sellVWAP": 0,
    "aggressorVWAP": 0,
    "bucketDurationMs": 60000,
    "bucketCount": 15,
    "bucketSignedVolumes": [],
    "bucketVolumes": [],
    "bucketVWAPs": [],
    "latestBucketSignedZ": 0
  },
  "enhancedMetrics": {
    "relativeVolumeZScore": -1,
    "volumePercentile": 40,
    "atrPercentile": 31.02189781021898,
    "volatilityPercentile": 38.607594936708864,
    "relativeVolatilityRatio": 1.3213212531423413,
    "isHighVolume": false,
    "isHighVolatility": false,
    "isLowVolatility": false,
    "isExpandingVolatility": true,
    "isContractingVolatility": false
  },
  "orderBook": {
    "bidAskSpread": 0,
    "spreadPct": 0,
    "midPrice": 0,
    "bestBid": 0,
    "bestAsk": 0,
    "bidDepth": 0,
    "askDepth": 0,
    "orderBookImbalance": 0,
    "liquidityScore": 0,
    "depthAt1Pct": {
      "bidVolume": 0,
      "askVolume": 0,
      "imbalance": 0
    },
    "depthAt2Pct": {
      "bidVolume": 0,
      "askVolume": 0,
      "imbalance": 0
    },
    "depthAt5Pct": {
      "bidVolume": 0,
      "askVolume": 0,
      "imbalance": 0
    },
    "weightedMidPrice": 0,
    "volumeWeightedSpread": 0,
    "totalBidLevels": 0,
    "totalAskLevels": 0
  },
  "marketCap": {
    "marketCap": 0,
    "totalVolume24h": 0,
    "volumeToMarketCapRatio": 0,
    "marketCapRank": 0,
    "normalizedRank": 0,
    "isHighLiquidity": false,
    "isVeryHighLiquidity": false,
    "isLowLiquidity": true,
    "liquidityTier": "VERY_LOW"
  },
  "sweeps": {
    "sweepScore": 0,
    "sweepCount": 0,
    "sweepDirection": "NEUTRAL",
    "buySweeps": 0,
    "sellSweeps": 0,
    "avgSweepSize": 0,
    "avgSweepIntensity": 0,
    "bidLiftRatio": 0,
    "askLiftRatio": 0,
    "sweepFrequency": 0,
    "largestSweep": null,
    "recentSweepClusters": 0,
    "sweepDetails": []
  },
  "absorption": {
    "absorptionScore": 0,
    "absorptionLevel": null,
    "absorptionSide": "NONE",
    "icebergProbability": 0,
    "hiddenLiquidityEstimate": 0,
    "volumeAtPrice": {},
    "topAbsorptionLevels": [],
    "persistenceDuration": 0,
    "refillDetected": false
  },
  "orderArrival": {
    "avgInterArrivalTime": 0,
    "recentInterArrivalTime": 0,
    "accelerationRatio": 1,
    "hawkesIntensity": 0,
    "hawkesDirection": "NEUTRAL",
    "clusteringScore": 0,
    "burstCount": 0,
    "cascadeDetected": false,
    "timeToNextTrade": 0,
    "accelerationTrend": "STABLE"
  },
  "liquidityVacuum": {
    "vacuumScore": 0,
    "vacuumSide": "NONE",
    "bidVacuumSeverity": 0,
    "askVacuumSeverity": 0,
    "depthConcentration": 0,
    "priceImpact10k": 0,
    "priceImpact50k": 0,
    "priceImpact100k": 0,
    "largestGapBid": 0,
    "largestGapAsk": 0,
    "avgGapBid": 0,
    "avgGapAsk": 0,
    "bidCliffDistance": 0,
    "askCliffDistance": 0
  },
  "volatilityRegime": {
    "regime": "NORMAL",
    "regimeScore": 0,
    "currentATR": 0.003654,
    "avgATR": 0.002484,
    "atrPercentile": 38.2,
    "realizedVolatility": 95.88,
    "volPercentile": 47.5,
    "expanding": false,
    "contracting": false,
    "transitionProbability": 0.3,
    "daysInRegime": 1,
    "regimeStrength": 0.28
  },
  "temporalPatterns": {
    "currentHour": 8,
    "currentDay": 0,
    "currentDayName": "Sunday",
    "dayBias": "NEUTRAL",
    "hourlyProfile": [
      {
        "avgVolume": 379841.46,
        "avgATR": 0.000614,
        "avgReturn": -0.896
      },
      {
        "avgVolume": 619955.21,
        "avgATR": 0.000643,
        "avgReturn": -0.445
      },
      {
        "avgVolume": 232103.59,
        "avgATR": 0.000357,
        "avgReturn": -0.046
      },
      {
        "avgVolume": 192436.81,
        "avgATR": 0.000321,
        "avgReturn": -0.224
      },
      {
        "avgVolume": 154905.96,
        "avgATR": 0.000314,
        "avgReturn": -0.033
      },
      {
        "avgVolume": 118225.26,
        "avgATR": 0.000279,
        "avgReturn": -0.033
      },
      {
        "avgVolume": 240607.01,
        "avgATR": 0.000393,
        "avgReturn": -0.55
      },
      {
        "avgVolume": 124083.42,
        "avgATR": 0.000238,
        "avgReturn": 0.066
      },
      {
        "avgVolume": 275354.38,
        "avgATR": 0.000364,
        "avgReturn": 0.511
      },
      {
        "avgVolume": 146373.76,
        "avgATR": 0.000271,
        "avgReturn": -0.006
      },
      {
        "avgVolume": 478622.63,
        "avgATR": 0.000393,
        "avgReturn": -0.435
      },
      {
        "avgVolume": 294278.47,
        "avgATR": 0.000357,
        "avgReturn": -0.687
      },
      {
        "avgVolume": 275248.6,
        "avgATR": 0.000436,
        "avgReturn": -0.337
      },
      {
        "avgVolume": 319544.19,
        "avgATR": 0.000414,
        "avgReturn": -0.177
      },
      {
        "avgVolume": 428086.32,
        "avgATR": 0.000421,
        "avgReturn": 0.157
      },
      {
        "avgVolume": 529935.01,
        "avgATR": 0.0004,
        "avgReturn": 0.076
      },
      {
        "avgVolume": 347870.29,
        "avgATR": 0.000471,
        "avgReturn": -0.348
      },
      {
        "avgVolume": 334415.46,
        "avgATR": 0.000514,
        "avgReturn": 0.345
      },
      {
        "avgVolume": 270608.06,
        "avgATR": 0.000529,
        "avgReturn": 0.203
      },
      {
        "avgVolume": 332063.81,
        "avgATR": 0.000436,
        "avgReturn": 0.257
      },
      {
        "avgVolume": 276890.01,
        "avgATR": 0.000421,
        "avgReturn": -0.251
      },
      {
        "avgVolume": 333951.67,
        "avgATR": 0.000393,
        "avgReturn": -0.186
      },
      {
        "avgVolume": 639298.4,
        "avgATR": 0.000557,
        "avgReturn": -0.022
      },
      {
        "avgVolume": 572838.16,
        "avgATR": 0.000636,
        "avgReturn": 0.173
      }
    ],
    "dailyProfile": [
      {
        "avgVolume": 187388.8,
        "avgATR": 0.000336,
        "avgReturn": -0.467
      },
      {
        "avgVolume": 402105.95,
        "avgATR": 0.000427,
        "avgReturn": -0.187
      },
      {
        "avgVolume": 290644.03,
        "avgATR": 0.000367,
        "avgReturn": -0.182
      },
      {
        "avgVolume": 432157.81,
        "avgATR": 0.000556,
        "avgReturn": 0.019
      },
      {
        "avgVolume": 291958.64,
        "avgATR": 0.00041,
        "avgReturn": -0.179
      },
      {
        "avgVolume": 313620.49,
        "avgATR": 0.000398,
        "avgReturn": 0.248
      },
      {
        "avgVolume": 392725.05,
        "avgATR": 0.000475,
        "avgReturn": -0.107
      }
    ],
    "favorableHours": [
      22,
      1,
      23,
      15,
      10,
      14
    ],
    "favorableWindow": false,
    "currentVsAvgVolume": 0,
    "currentVsAvgVolatility": 0,
    "anomalyDetected": true,
    "timeUntilFavorable": 2,
    "temporalScore": 0
  },
  "unifiedMicrostructure": {
    "signalDirections": {
      "vpin": "NEUTRAL",
      "sweeps": "NEUTRAL",
      "absorption": "NEUTRAL",
      "arrival": "NEUTRAL",
      "vacuum": "NONE",
      "volRegime": "NEUTRAL",
      "temporal": "UNFAVORABLE"
    },
    "consensusDirection": "BEARISH",
    "consensusStrength": 50,
    "bullishSignals": 0,
    "bearishSignals": 1,
    "neutralSignals": 1,
    "totalAvailableSignals": 2,
    "dominantPattern": "NONE",
    "clusters": {
      "strongBuyCluster": false,
      "distributionPattern": false,
      "accumulationPattern": false,
      "momentumCascade": false
    },
    "adaptiveWeights": {
      "vpin": 0,
      "sweeps": 0,
      "absorption": 0,
      "arrival": 0,
      "vacuum": 0,
      "volRegime": 0.021,
      "temporal": 0.02
    },
    "convictionLevel": "LOW",
    "convictionScore": 30,
    "riskAdjustment": "REDUCE",
    "timingQuality": "UNFAVORABLE",
    "signalQuality": "LOW"
  },
  "deltaAnalysis": {
    "currentDelta": 0,
    "cumulativeDelta": 0,
    "deltaPerVolume": 0,
    "deltaDirection": "NEUTRAL",
    "deltaDivergence": false,
    "institutionalRatio": 0,
    "aggressionScore": 0
  },
  "volumeProfile": {
    "pointOfControl": 0,
    "valueAreaHigh": 0,
    "valueAreaLow": 0,
    "currentPosition": "ABOVE_VALUE_AREA",
    "volumeNodes": [],
    "airPockets": []
  },
  "momentumCascade": {
    "cascadeDetected": false,
    "alignmentScore": -0.005373532057812982,
    "cascadeStrength": 0,
    "acceleratingTimeframes": [],
    "divergingTimeframes": [
      "5m",
      "15m",
      "1h"
    ]
  },
  "breakoutConfirmation": {
    "breakoutConfirmed": false,
    "volumeConfirmation": false,
    "retestStrength": 0,
    "falseBreakoutRisk": 0,
    "breakoutQuality": "NO_BREAKOUT"
  },
  "liquidityHeatmap": {
    "liquidityScore": 0,
    "magnetDirection": "NONE",
    "magnetStrength": 0,
    "priceTarget5pct": null,
    "message": "No order book data"
  },
  "smartMoneyDivergence": {
    "divergenceDetected": false,
    "divergenceDirection": "NONE",
    "smartMoneyScore": 0.5,
    "message": "Insufficient trade data"
  },
  "microstructure": {
    "raw": -0.018170100711447847,
    "pct": 50,
    "summary": {
      "latestBucketSignedZ": 0,
      "buySellRatio": 0.5,
      "tradesPerSec": 0,
      "vwap": 0,
      "aggressorVWAP": 0,
      "vpinToxicity": "UNKNOWN",
      "sweepDirection": "NEUTRAL",
      "absorptionSide": "NONE",
      "icebergDetected": false,
      "hawkesDirection": "NEUTRAL",
      "cascadeDetected": false,
      "vacuumSide": "NONE",
      "volatilityRegime": "NORMAL",
      "volExpanding": false,
      "favorableTimeWindow": false,
      "temporalAnomaly": true,
      "consensusDirection": "BEARISH",
      "consensusStrength": 50,
      "dominantPattern": "NONE",
      "convictionLevel": "LOW",
      "riskAdjustment": "REDUCE",
      "timingQuality": "UNFAVORABLE",
      "deltaDirection": "NEUTRAL",
      "deltaDivergence": false,
      "institutionalRatio": 0,
      "volumeProfilePosition": "ABOVE_VALUE_AREA",
      "pointOfControl": 0,
      "momentumCascadeDetected": false,
      "cascadeStrength": 0,
      "breakoutQuality": "NO_BREAKOUT",
      "breakoutConfirmed": false,
      "magnetDirection": "NONE",
      "magnetStrength": 0,
      "priceTarget5pct": null,
      "nearestBidWall": 0,
      "nearestAskWall": 0,
      "divergenceDetected": false,
      "divergenceDirection": "NONE",
      "whaleAccumulation": false,
      "whaleDistribution": false,
      "retailPanic": false,
      "smartMoneyScore": 0.5
    }
  }
}

=== MICROSTRUCTURE ALERTS ===

🔬 VPIN: Insufficient data for VPIN analysis

🌊 SWEEP DETECTION: No significant sweeps detected

🧊 ABSORPTION & ICEBERG: No significant absorption or iceberg orders detected

⚡ ORDER ARRIVAL DYNAMICS: Insufficient trades for analysis

🌪️ LIQUIDITY VACUUM: No significant vacuum detected

📊 VOLATILITY REGIME DETECTION:
   Current Regime: NORMAL
   Regime Score: 0.00 (-1=low vol, +1=extreme vol)
   Days in Regime: 1
   ATR: $0.003654 (avg: $0.002484)
   ATR Percentile: 38.2%
   Realized Volatility: 95.88% (annualized)
   Vol Percentile: 47.5%

   ⚪ NORMAL VOLATILITY:
   📊 Balanced market conditions
   ✅ Standard risk management applies

   📍 MODERATE REGIME TRANSITION PROBABILITY: 30%
   Monitor for potential regime change

   ⚠️ NEW REGIME: Only 1 day(s) - conditions still settling

⏰ TEMPORAL PATTERN ANALYSIS:
   Current Time: Sunday 8:00 UTC
   Day Bias: NEUTRAL
   Current vs Avg Volume: 0x
   Current vs Avg Volatility: 0x

   ⏳ NON-FAVORABLE TIME WINDOW:
   This hour typically shows weaker activity
   Next favorable window in 2 hour(s)

   ⚠️ LOW ACTIVITY ANOMALY:
   Volume 0x below typical - Extremely quiet

   📉 LOW VOLATILITY ANOMALY:
   Volatility 0x below typical - Consolidation likely

   🔥 Best Trading Hours (UTC): 22:00, 1:00, 23:00

🎯 UNIFIED MICROSTRUCTURE INTEGRATION:
   Signal Consensus: BEARISH (50% agreement)
   Available Signals: 2 (0 bullish / 1 bearish / 1 neutral)
   Conviction Level: LOW (30%)
   Signal Quality: LOW
   Risk Adjustment: REDUCE
   Timing Quality: UNFAVORABLE

   ⚠️ LOW CONVICTION: Only 50% signal agreement
   Weak alignment - Reduce position size or wait for clarity

   ⚠️ RISK REDUCTION RECOMMENDED: Extreme volatility or unfavorable timing detected

   ⏰ UNFAVORABLE TIMING: Avoid trading during this hour

   Signal Directions Breakdown:
   • VPIN: NEUTRAL
   • Sweeps: NEUTRAL
   • Absorption: NEUTRAL
   • Arrival Dynamics: NEUTRAL
   • Liquidity Vacuum: NONE
   • Vol Regime: NEUTRAL
   • Temporal: UNFAVORABLE

   Adaptive Weights (Total: 4.1%):
   • VPIN: 0.0%
   • Sweeps: 0.0%
   • Absorption: 0.0%
   • Arrival: 0.0%
   • Vacuum: 0.0%
   • Vol Regime: 2.1%
   • Temporal: 2.0%


💹 DELTA ANALYSIS (Order Flow Aggression):
   Direction: NEUTRAL
   Delta Per Volume: 0.00%
   Institutional Ratio: 0.0%
   Aggression Score: 0.0%

📊 VOLUME PROFILE (Support/Resistance Strength):
   Point of Control (POC): $0.000000
   Value Area High: $0.000000
   Value Area Low: $0.000000
   Current Position: ABOVE_VALUE_AREA
   ⚠️ DISTRIBUTION RISK: Price above value area - potential rejection zone

⚡ MOMENTUM CASCADE (Multi-Timeframe Alignment):
   Cascade Detected: NO
   Alignment Score: -0.5%
   Cascade Strength: 0.0%
   Accelerating: None
   Diverging: 5m, 15m, 1h

💥 BREAKOUT CONFIRMATION:
   Quality: NO_BREAKOUT
   Volume Confirmation: NO
   Retest Strength: 0.0%
   False Breakout Risk: 0.0%
   No breakout detected - price below resistance


levels:
Entry=0.0243512, StopLoss=0.02374242, TakeProfit=0.024563274999999996, 0.024775349999999998, 0.024945009999999997

---

=== Token: STRK (STRK) ===
Contract: STRK-USD
Timestamp: 2025-04-11T13:45:00.000Z

Calculations:
{
  "momentumScore": 74.81399394007407,
  "volumeScore": 28.243484575679577,
  "patternScore": 13.310147050598056,
  "totalScore": 31.951243660733716,
  "finalScore": 31.951243660733716,
  "weights": "0.23,0.45,0.23",
  "hourlyUptrend": true,
  "rsi": 50,
  "ultraShortVolumeSurge": 0.20519197655242777,
  "baseVolumeSurge": 0.039580566066988586,
  "currentPrice": 0.133,
  "resistance": 0.134,
  "support": 0.131,
  "rocMin5": 0.015267175572519097,
  "shortROC": 0.007575757575757582,
  "priceAcceleration": 0.0038023363405042827,
  "buySellRatio": 0.33526015606144316,
  "macdHistogram": -0.00010173174585794266,
  "stochasticK": 40,
  "atr": 0.0011428571428571438,
  "bbUpper": 0.13327613602842583,
  "bbLower": 0.1294238639715742,
  "hammerDetected": false,
  "engulfingDetected": false,
  "compressionSpring": {
    "detected": true,
    "confidence": 44,
    "signals": {
      "sidewaysPrice": true,
      "atrCompression": false,
      "bbSqueeze": true,
      "consolidationTime": true,
      "strongBuying": false,
      "obvPositive": false,
      "chaikinPositive": false,
      "rsiNeutral": true,
      "volumeBuilding": false
    },
    "metrics": {
      "priceRange": 2.29,
      "atrRatio": 1,
      "bbWidth": 2.93,
      "volumeRatio": 0.663,
      "signalCount": 4,
      "buySellRatio": 0.335
    }
  },
  "riskTier": "LOW",
  "atrPercent": 0.9667024704618699,
  "distanceToResistance": 0.7518796992481209,
  "slPercent": 2.5,
  "tpPercent": 0.6390977443609027,
  "trailingActivation": 0.3834586466165416,
  "shortMomentumScore": 30,
  "overboughtScore": 0,
  "shortPatternScore": 0,
  "shootingStarDetected": false,
  "bearishEngulfingDetected": false,
  "eveningStarDetected": false,
  "bearishPatternsCount": 0,
  "shortTotalScore": 12,
  "chaikin": -0.029355480058129126,
  "obvIncreasing": true,
  "obvTrend": "increasing",
  "adx": 0,
  "recentCandles": {
    "redCount": 1,
    "greenCount": 9
  },
  "resistanceDistance": 0.7518796992481209,
  "multiplePatterns": false,
  "bullishPattern": false,
  "priceAboveVWAP": true,
  "breakingResistance": true,
  "atrSufficient": false,
  "macdDivergenceBearish": false,
  "rvolMin1": -0.10350033758543177,
  "rvolMin5": -0.37265118625063826,
  "atrPercentileOld": 0.7682926829268293,
  "vwapDeviation": 1.2132462336930698,
  "bbWidthPercent": 2.932829887210981,
  "bbSqueeze": true,
  "multiTFMomentum": {
    "min1": {
      "roc1": 0,
      "roc3": 0.007575757575757582
    },
    "min5": {
      "roc1": 0.007575757575757582,
      "roc3": 0.015267175572519097
    },
    "min15": {
      "roc1": -0.015037593984962419,
      "roc3": -0.007575757575757582
    },
    "hourly": {
      "roc1": 0.007633587786259549,
      "roc3": 0
    },
    "fourHour": {
      "roc1": 0.007633587786259549,
      "roc3": 0.023255813953488393
    },
    "divergenceShortUpLongDown": false
  },
  "returnZMin5": 1.2784882482556188,
  "wickClosePct": 0,
  "wickUpper": 0,
  "wickLower": 0,
  "wickRatio": 0,
  "donchianBreakout15": false,
  "bbWidthPercentile15": 0.38961038961038963,
  "signedMin5": 779822.6900000001,
  "signedMin5Z": 41.30989838144497,
  "signedMin1": 290713.28999999975,
  "signedMin1Z": 17.16426837311378,
  "streakMin1": {
    "upStreak": 0,
    "downStreak": 0
  },
  "streakMin5": {
    "upStreak": 0,
    "downStreak": 0
  },
  "rvolPercentileMin1": 0.6923611111111111,
  "rvolPercentileMin5": 0.5277777777777778,
  "perTfMetrics": {
    "min1": {
      "sma20": 0.13195,
      "sma50": 0.13126,
      "ema20": 0.13193013704348594,
      "ema50": 0.13124220305743783,
      "vwma20": 0.1320947733380284,
      "hma21": 0.13218181818181818,
      "atr14": 0.0008571428571428579,
      "atrPercentile": 0.905337361530715,
      "rvolZ": -0.10350033758543177,
      "rvolPercentile": 0.6923611111111111,
      "mfi14": 83.6535289490902,
      "ppo": {
        "ppo": 0.19391549889287288,
        "signal": 0.18299180374306775,
        "histogram": 0.010923695149805124
      },
      "stochRsi": {
        "k": 72.72727272727273,
        "d": 51.178451178451176
      },
      "vprofile": {
        "vpBins": [
          0.019838599362412366,
          0,
          0.05882044331823807,
          0,
          0.20904993013734052,
          0,
          0.10465361674748558,
          0,
          0.2342482616206024,
          0,
          0,
          0.19560822863867272,
          0,
          0.043392210845479194,
          0,
          0.06977631578036458,
          0,
          0.06454563265295309,
          0,
          0.00006676089645135133
        ],
        "currentBinShare": 0.06454563265295309
      },
      "ttm": {
        "squeeze": false,
        "release": false,
        "widthPct": 2.0279027147040054
      }
    },
    "min5": {
      "sma20": 0.13175000000000006,
      "sma50": 0.13047999999999998,
      "ema20": 0.13155603431648358,
      "ema50": 0.13065413891363925,
      "vwma20": 0.13201441137877334,
      "hma21": 0.13192207792207794,
      "atr14": 0.0011428571428571438,
      "atrPercentile": 0.9562043795620438,
      "rvolZ": -0.37265118625063826,
      "rvolPercentile": 0.5277777777777778,
      "mfi14": 70.32100044746943,
      "ppo": {
        "ppo": 0.3270223282409411,
        "signal": 0.35485068159129723,
        "histogram": -0.02782835335035616
      },
      "stochRsi": {
        "k": 0,
        "d": 50
      },
      "vprofile": {
        "vpBins": [
          0.012590710252387024,
          0.057683481957261674,
          0.08347387213932311,
          0.17182848087050626,
          0,
          0.19894299469211468,
          0.09809845219200204,
          0.07458898473359267,
          0.07987821572996076,
          0,
          0.08749007089705106,
          0.022489925311688586,
          0.0056682748714469156,
          0.01727732175126263,
          0,
          0.011882723197764965,
          0.06653364151519443,
          0.011162586712393759,
          0.0004102631760491901,
          0
        ],
        "currentBinShare": 0.08749007089705106
      },
      "ttm": {
        "squeeze": false,
        "release": false,
        "widthPct": 2.3270906590900875
      }
    },
    "min15": {
      "sma20": 0.13135000000000002,
      "sma50": 0.1298,
      "ema20": 0.13126275179339228,
      "ema50": 0.13036305142528737,
      "vwma20": 0.13123102146947313,
      "hma21": 0.13266666666666663,
      "atr14": 0.001285714285714287,
      "atrPercentile": 0.7682926829268293,
      "rvolZ": 0.04269286885830117,
      "rvolPercentile": 0.78125,
      "mfi14": 18.68401165174508,
      "ppo": {
        "ppo": 0.46521042077386193,
        "signal": 0.5399829651007222,
        "histogram": -0.07477254432686026
      },
      "stochRsi": {
        "k": 15.384615384615415,
        "d": 57.67935767935768
      },
      "vprofile": {
        "vpBins": [
          0.01645822158504085,
          0,
          0.013829088988314411,
          0,
          0.08401065051428147,
          0,
          0.22163249958135667,
          0,
          0.24421057129210766,
          0,
          0.1481170776594095,
          0,
          0.10042123876333857,
          0,
          0.05609942501657633,
          0,
          0.09359760145172576,
          0,
          0.01549181740450903,
          0.006131807743339757
        ],
        "currentBinShare": 0.10042123876333857
      },
      "ttm": {
        "squeeze": false,
        "release": false,
        "widthPct": 2.932829887210981
      }
    },
    "hourly": {
      "sma20": 0.12960000000000005,
      "sma50": 0.13085999999999992,
      "ema20": 0.13026526866448207,
      "ema50": 0.12944192665109566,
      "vwma20": 0.12968042267013938,
      "hma21": 0.13179653679653675,
      "atr14": 0.0022142857142857164,
      "atrPercentile": 0.5434782608695652,
      "rvolZ": -0.42532902552554985,
      "rvolPercentile": 0.43452380952380953,
      "mfi14": 80.26842748510175,
      "ppo": {
        "ppo": 0.45144898229810027,
        "signal": 0.17839588276101037,
        "histogram": 0.2730530995370899
      },
      "stochRsi": {
        "k": 65.9090909090909,
        "d": 61.169386169386165
      },
      "vprofile": {
        "vpBins": [
          0,
          0.020707268491562958,
          0.007988428305039078,
          0,
          0.020999655209181727,
          0.05743013496670299,
          0.08126543719359008,
          0.06752412294156886,
          0.034122038663516104,
          0.09728493305684084,
          0.08615673272446227,
          0.03431659393790253,
          0.13244711856972272,
          0.07341241528194319,
          0.01908385007230474,
          0.05663611433285491,
          0.10992775751059444,
          0.05054550363166942,
          0.04656035131425045,
          0.0035915437962928485
        ],
        "currentBinShare": 0.07341241528194319
      },
      "ttm": {
        "squeeze": false,
        "release": false,
        "widthPct": 4.82114177525102
      }
    },
    "fourHour": {
      "sma20": 0.12825,
      "sma50": 0.13055999999999995,
      "ema20": 0.12964834884790685,
      "ema50": 0.13244932128432668,
      "vwma20": 0.12846868598636396,
      "hma21": 0.13535930735930735,
      "atr14": 0.004785714285714288,
      "atrPercentile": 0.24285714285714285,
      "rvolZ": -0.195013931876872,
      "rvolPercentile": 0.5952380952380952,
      "mfi14": 56.02289324842637,
      "ppo": {
        "ppo": 0.21828273198952505,
        "signal": -0.1778166010582642,
        "histogram": 0.3960993330477892
      },
      "stochRsi": {
        "k": 89.45054945054945,
        "d": 64.42728442728443
      },
      "vprofile": {
        "vpBins": [
          0,
          0,
          0,
          0.08521904049872844,
          0.07101639591881004,
          0.023604312220850618,
          0.12284809766348441,
          0.08639582120680082,
          0.09153991045871365,
          0.012653933379537075,
          0.09940777789625829,
          0.12792391363114802,
          0.038447016190330564,
          0.04152758137816435,
          0.05098750316616505,
          0.028582705531862904,
          0.08070042059685735,
          0.0037858739889519715,
          0.03535969627333645,
          0
        ],
        "currentBinShare": 0.09153991045871365
      },
      "ttm": {
        "squeeze": false,
        "release": false,
        "widthPct": 17.940502151270586
      }
    },
    "daily": {
      "sma20": 0.14734999999999998,
      "sma50": 0.17194000000000004,
      "ema20": 0.1444970521929388,
      "ema50": 0.1786986472081904,
      "vwma20": 0,
      "hma21": 0.11880519480519477,
      "atr14": 0.013928571428571429,
      "atrPercentile": 0.2236842105263158,
      "rvolZ": 0,
      "rvolPercentile": 1,
      "mfi14": 50,
      "ppo": {
        "ppo": -9.291269248954858,
        "signal": -9.140308466939914,
        "histogram": -0.15096078201494478
      },
      "stochRsi": {
        "k": 100,
        "d": 31.91427108477801
      },
      "vprofile": {
        "vpBins": [
          0,
          0,
          0,
          0,
          0,
          0,
          0,
          0,
          0,
          0,
          0,
          0,
          0,
          0,
          0,
          0,
          0,
          0,
          0,
          0
        ],
        "currentBinShare": 0
      },
      "ttm": {
        "squeeze": false,
        "release": false,
        "widthPct": 50.03514961579194
      }
    }
  },
  "smaMin5": 0.13175000000000006,
  "emaMin5": 0.13155603431648358,
  "vwmaMin5": 0.13201441137877334,
  "hmaMin5": 0.13192207792207794,
  "keltner15": {
    "upper": 0.13336275179339227,
    "middle": 0.13126275179339228,
    "lower": 0.1291627517933923
  },
  "superTrend15": {
    "isBull": false,
    "finalUpper": 0.13620000000000002,
    "finalLower": 0.1278
  },
  "mfi15": 18.68401165174508,
  "stochRsi15": {
    "k": 15.384615384615415,
    "d": 57.67935767935768
  },
  "ppo15": {
    "ppo": 0.46521042077386193,
    "signal": 0.5399829651007222,
    "histogram": -0.07477254432686026
  },
  "vpMin15": {
    "vpBins": [
      0.01645822158504085,
      0,
      0.013829088988314411,
      0,
      0.08401065051428147,
      0,
      0.22163249958135667,
      0,
      0.24421057129210766,
      0,
      0.1481170776594095,
      0,
      0.10042123876333857,
      0,
      0.05609942501657633,
      0,
      0.09359760145172576,
      0,
      0.01549181740450903,
      0.006131807743339757
    ],
    "currentBinShare": 0.10042123876333857
  },
  "ttm15": {
    "squeeze": false,
    "release": false,
    "widthPct": 2.932829887210981
  },
  "marketCorrelation": {
    "hourly": {
      "btcCorrelation": 0,
      "ethCorrelation": 0,
      "btcBeta": 1,
      "ethBeta": 1,
      "btcTrend": "UNKNOWN",
      "ethTrend": "UNKNOWN",
      "tokenVol": 0,
      "btcVol": 0,
      "ethVol": 0,
      "marketDependence": 0,
      "verdict": "INSUFFICIENT_DATA"
    },
    "min15": {
      "btcCorrelation": 0,
      "ethCorrelation": 0,
      "btcBeta": 1,
      "ethBeta": 1,
      "btcTrend": "UNKNOWN",
      "ethTrend": "UNKNOWN",
      "tokenVol": 0,
      "btcVol": 0,
      "ethVol": 0,
      "marketDependence": 0,
      "verdict": "INSUFFICIENT_DATA"
    },
    "daily": {
      "btcCorrelation": 0,
      "ethCorrelation": 0,
      "btcBeta": 1,
      "ethBeta": 1,
      "btcTrend": "UNKNOWN",
      "ethTrend": "UNKNOWN",
      "tokenVol": 0,
      "btcVol": 0,
      "ethVol": 0,
      "marketDependence": 0,
      "verdict": "INSUFFICIENT_DATA"
    }
  },
  "tradeTape": {
    "totalTrades": 0,
    "totalVolume": 0,
    "buysVolume": 0,
    "sellsVolume": 0,
    "buySellRatio": 0.5,
    "vwap": 0,
    "signedVolume": 0,
    "avgTradeSize": 0,
    "tradesPerSec": 0,
    "cumulativeDelta": 0,
    "tradesLast1m": 0,
    "tradesLast5m": 0,
    "tradesLast15m": 0,
    "tradesLast1h": 0,
    "buyVWAP": 0,
    "sellVWAP": 0,
    "aggressorVWAP": 0,
    "bucketDurationMs": 60000,
    "bucketCount": 15,
    "bucketSignedVolumes": [],
    "bucketVolumes": [],
    "bucketVWAPs": [],
    "latestBucketSignedZ": 0
  },
  "enhancedMetrics": {
    "relativeVolumeZScore": -1,
    "volumePercentile": 40,
    "atrPercentile": 88.32116788321169,
    "volatilityPercentile": 23.417721518987342,
    "relativeVolatilityRatio": 0.7545269029901215,
    "isHighVolume": false,
    "isHighVolatility": false,
    "isLowVolatility": true,
    "isExpandingVolatility": false,
    "isContractingVolatility": true
  },
  "orderBook": {
    "bidAskSpread": 0,
    "spreadPct": 0,
    "midPrice": 0,
    "bestBid": 0,
    "bestAsk": 0,
    "bidDepth": 0,
    "askDepth": 0,
    "orderBookImbalance": 0,
    "liquidityScore": 0,
    "depthAt1Pct": {
      "bidVolume": 0,
      "askVolume": 0,
      "imbalance": 0
    },
    "depthAt2Pct": {
      "bidVolume": 0,
      "askVolume": 0,
      "imbalance": 0
    },
    "depthAt5Pct": {
      "bidVolume": 0,
      "askVolume": 0,
      "imbalance": 0
    },
    "weightedMidPrice": 0,
    "volumeWeightedSpread": 0,
    "totalBidLevels": 0,
    "totalAskLevels": 0
  },
  "marketCap": {
    "marketCap": 0,
    "totalVolume24h": 0,
    "volumeToMarketCapRatio": 0,
    "marketCapRank": 0,
    "normalizedRank": 0,
    "isHighLiquidity": false,
    "isVeryHighLiquidity": false,
    "isLowLiquidity": true,
    "liquidityTier": "VERY_LOW"
  },
  "sweeps": {
    "sweepScore": 0,
    "sweepCount": 0,
    "sweepDirection": "NEUTRAL",
    "buySweeps": 0,
    "sellSweeps": 0,
    "avgSweepSize": 0,
    "avgSweepIntensity": 0,
    "bidLiftRatio": 0,
    "askLiftRatio": 0,
    "sweepFrequency": 0,
    "largestSweep": null,
    "recentSweepClusters": 0,
    "sweepDetails": []
  },
  "absorption": {
    "absorptionScore": 0,
    "absorptionLevel": null,
    "absorptionSide": "NONE",
    "icebergProbability": 0,
    "hiddenLiquidityEstimate": 0,
    "volumeAtPrice": {},
    "topAbsorptionLevels": [],
    "persistenceDuration": 0,
    "refillDetected": false
  },
  "orderArrival": {
    "avgInterArrivalTime": 0,
    "recentInterArrivalTime": 0,
    "accelerationRatio": 1,
    "hawkesIntensity": 0,
    "hawkesDirection": "NEUTRAL",
    "clusteringScore": 0,
    "burstCount": 0,
    "cascadeDetected": false,
    "timeToNextTrade": 0,
    "accelerationTrend": "STABLE"
  },
  "liquidityVacuum": {
    "vacuumScore": 0,
    "vacuumSide": "NONE",
    "bidVacuumSeverity": 0,
    "askVacuumSeverity": 0,
    "depthConcentration": 0,
    "priceImpact10k": 0,
    "priceImpact50k": 0,
    "priceImpact100k": 0,
    "largestGapBid": 0,
    "largestGapAsk": 0,
    "avgGapBid": 0,
    "avgGapAsk": 0,
    "bidCliffDistance": 0,
    "askCliffDistance": 0
  },
  "volatilityRegime": {
    "regime": "LOW",
    "regimeScore": -1,
    "currentATR": 0.014231,
    "avgATR": 0.014721,
    "atrPercentile": 23.7,
    "realizedVolatility": 85.61,
    "volPercentile": 8.5,
    "expanding": false,
    "contracting": true,
    "transitionProbability": 0.7,
    "daysInRegime": 1,
    "regimeStrength": 0.39
  },
  "temporalPatterns": {
    "currentHour": 8,
    "currentDay": 0,
    "currentDayName": "Sunday",
    "dayBias": "NEUTRAL",
    "hourlyProfile": [
      {
        "avgVolume": 25928.66,
        "avgATR": 0.001857,
        "avgReturn": -0.415
      },
      {
        "avgVolume": 56286.78,
        "avgATR": 0.002071,
        "avgReturn": 0.391
      },
      {
        "avgVolume": 27070.91,
        "avgATR": 0.001857,
        "avgReturn": -0.018
      },
      {
        "avgVolume": 37853.57,
        "avgATR": 0.002357,
        "avgReturn": -0.403
      },
      {
        "avgVolume": 38199.84,
        "avgATR": 0.001615,
        "avgReturn": 0.306
      },
      {
        "avgVolume": 36632.91,
        "avgATR": 0.001786,
        "avgReturn": 0.023
      },
      {
        "avgVolume": 35942.58,
        "avgATR": 0.002286,
        "avgReturn": -0.692
      },
      {
        "avgVolume": 31078.68,
        "avgATR": 0.001714,
        "avgReturn": 0.061
      },
      {
        "avgVolume": 40954.23,
        "avgATR": 0.001786,
        "avgReturn": 0.594
      },
      {
        "avgVolume": 32809.07,
        "avgATR": 0.001571,
        "avgReturn": -0.336
      },
      {
        "avgVolume": 42108.31,
        "avgATR": 0.002429,
        "avgReturn": -0.889
      },
      {
        "avgVolume": 61026.51,
        "avgATR": 0.002071,
        "avgReturn": 0.146
      },
      {
        "avgVolume": 44208.26,
        "avgATR": 0.002429,
        "avgReturn": 0.021
      },
      {
        "avgVolume": 52382.02,
        "avgATR": 0.002929,
        "avgReturn": 0.329
      },
      {
        "avgVolume": 49943.2,
        "avgATR": 0.002571,
        "avgReturn": 0.077
      },
      {
        "avgVolume": 30363.27,
        "avgATR": 0.002214,
        "avgReturn": 0
      },
      {
        "avgVolume": 31965.18,
        "avgATR": 0.002071,
        "avgReturn": -0.771
      },
      {
        "avgVolume": 54104.08,
        "avgATR": 0.003214,
        "avgReturn": 0.549
      },
      {
        "avgVolume": 41966.8,
        "avgATR": 0.002071,
        "avgReturn": 0.258
      },
      {
        "avgVolume": 30687.19,
        "avgATR": 0.001786,
        "avgReturn": -0.157
      },
      {
        "avgVolume": 49966.6,
        "avgATR": 0.002357,
        "avgReturn": 0.145
      },
      {
        "avgVolume": 34212.56,
        "avgATR": 0.002071,
        "avgReturn": 0.215
      },
      {
        "avgVolume": 56147.64,
        "avgATR": 0.002214,
        "avgReturn": -0.622
      },
      {
        "avgVolume": 33993.72,
        "avgATR": 0.001357,
        "avgReturn": 0.102
      }
    ],
    "dailyProfile": [
      {
        "avgVolume": 38784.48,
        "avgATR": 0.002,
        "avgReturn": -0.193
      },
      {
        "avgVolume": 40622.36,
        "avgATR": 0.002813,
        "avgReturn": 0.039
      },
      {
        "avgVolume": 21948.58,
        "avgATR": 0.002042,
        "avgReturn": -0.063
      },
      {
        "avgVolume": 81949.53,
        "avgATR": 0.002417,
        "avgReturn": 0.101
      },
      {
        "avgVolume": 49895.33,
        "avgATR": 0.002229,
        "avgReturn": -0.1
      },
      {
        "avgVolume": 36455.55,
        "avgATR": 0.001917,
        "avgReturn": 0.07
      },
      {
        "avgVolume": 14467.58,
        "avgATR": 0.001362,
        "avgReturn": -0.18
      }
    ],
    "favorableHours": [
      11,
      1,
      22,
      17,
      13,
      20
    ],
    "favorableWindow": false,
    "currentVsAvgVolume": 0,
    "currentVsAvgVolatility": 0,
    "anomalyDetected": true,
    "timeUntilFavorable": 3,
    "temporalScore": 0
  },
  "unifiedMicrostructure": {
    "signalDirections": {
      "vpin": "NEUTRAL",
      "sweeps": "NEUTRAL",
      "absorption": "NEUTRAL",
      "arrival": "NEUTRAL",
      "vacuum": "NONE",
      "volRegime": "FAVORABLE",
      "temporal": "UNFAVORABLE"
    },
    "consensusDirection": "NEUTRAL",
    "consensusStrength": 50,
    "bullishSignals": 1,
    "bearishSignals": 1,
    "neutralSignals": 0,
    "totalAvailableSignals": 2,
    "dominantPattern": "NONE",
    "clusters": {
      "strongBuyCluster": false,
      "distributionPattern": false,
      "accumulationPattern": false,
      "momentumCascade": false
    },
    "adaptiveWeights": {
      "vpin": 0,
      "sweeps": 0,
      "absorption": 0,
      "arrival": 0,
      "vacuum": 0,
      "volRegime": 0.021,
      "temporal": 0.02
    },
    "convictionLevel": "LOW",
    "convictionScore": 30,
    "riskAdjustment": "REDUCE",
    "timingQuality": "UNFAVORABLE",
    "signalQuality": "LOW"
  },
  "deltaAnalysis": {
    "currentDelta": 0,
    "cumulativeDelta": 0,
    "deltaPerVolume": 0,
    "deltaDirection": "NEUTRAL",
    "deltaDivergence": false,
    "institutionalRatio": 0,
    "aggressionScore": 0
  },
  "volumeProfile": {
    "pointOfControl": 0,
    "valueAreaHigh": 0,
    "valueAreaLow": 0,
    "currentPosition": "ABOVE_VALUE_AREA",
    "volumeNodes": [],
    "airPockets": []
  },
  "momentumCascade": {
    "cascadeDetected": false,
    "alignmentScore": 0.005432633983163293,
    "cascadeStrength": 0,
    "acceleratingTimeframes": [
      "5m"
    ],
    "divergingTimeframes": [
      "15m",
      "1h"
    ]
  },
  "breakoutConfirmation": {
    "breakoutConfirmed": false,
    "volumeConfirmation": false,
    "retestStrength": 0,
    "falseBreakoutRisk": 0,
    "breakoutQuality": "NO_BREAKOUT"
  },
  "liquidityHeatmap": {
    "liquidityScore": 0,
    "magnetDirection": "NONE",
    "magnetStrength": 0,
    "priceTarget5pct": null,
    "message": "No order book data"
  },
  "smartMoneyDivergence": {
    "divergenceDetected": false,
    "divergenceDirection": "NONE",
    "smartMoneyScore": 0.5,
    "message": "Insufficient trade data"
  },
  "microstructure": {
    "raw": -0.058625612122332076,
    "pct": 49,
    "summary": {
      "latestBucketSignedZ": 0,
      "buySellRatio": 0.5,
      "tradesPerSec": 0,
      "vwap": 0,
      "aggressorVWAP": 0,
      "vpinToxicity": "UNKNOWN",
      "sweepDirection": "NEUTRAL",
      "absorptionSide": "NONE",
      "icebergDetected": false,
      "hawkesDirection": "NEUTRAL",
      "cascadeDetected": false,
      "vacuumSide": "NONE",
      "volatilityRegime": "LOW",
      "volExpanding": false,
      "favorableTimeWindow": false,
      "temporalAnomaly": true,
      "consensusDirection": "NEUTRAL",
      "consensusStrength": 50,
      "dominantPattern": "NONE",
      "convictionLevel": "LOW",
      "riskAdjustment": "REDUCE",
      "timingQuality": "UNFAVORABLE",
      "deltaDirection": "NEUTRAL",
      "deltaDivergence": false,
      "institutionalRatio": 0,
      "volumeProfilePosition": "ABOVE_VALUE_AREA",
      "pointOfControl": 0,
      "momentumCascadeDetected": false,
      "cascadeStrength": 0,
      "breakoutQuality": "NO_BREAKOUT",
      "breakoutConfirmed": false,
      "magnetDirection": "NONE",
      "magnetStrength": 0,
      "priceTarget5pct": null,
      "nearestBidWall": 0,
      "nearestAskWall": 0,
      "divergenceDetected": false,
      "divergenceDirection": "NONE",
      "whaleAccumulation": false,
      "whaleDistribution": false,
      "retailPanic": false,
      "smartMoneyScore": 0.5
    }
  }
}

=== MICROSTRUCTURE ALERTS ===

🔬 VPIN: Insufficient data for VPIN analysis

🌊 SWEEP DETECTION: No significant sweeps detected

🧊 ABSORPTION & ICEBERG: No significant absorption or iceberg orders detected

⚡ ORDER ARRIVAL DYNAMICS: Insufficient trades for analysis

🌪️ LIQUIDITY VACUUM: No significant vacuum detected

📊 VOLATILITY REGIME DETECTION:
   Current Regime: LOW
   Regime Score: -1.00 (-1=low vol, +1=extreme vol)
   Days in Regime: 1
   ATR: $0.014231 (avg: $0.014721)
   ATR Percentile: 23.7%
   Realized Volatility: 85.61% (annualized)
   Vol Percentile: 8.5%

   🔵 LOW VOLATILITY REGIME:
   ✅ Ideal for breakout setups - price coiling
   ✅ Tight stops recommended
   ✅ Can increase position size (lower risk)

   📉 VOLATILITY CONTRACTING:
   🔄 Consolidation phase - accumulation likely
   ⏳ Wait for expansion before entering

   ⚠️ HIGH REGIME TRANSITION PROBABILITY: 70%
   Market near regime boundary - expect volatility shift soon

   ⚠️ NEW REGIME: Only 1 day(s) - conditions still settling

⏰ TEMPORAL PATTERN ANALYSIS:
   Current Time: Sunday 8:00 UTC
   Day Bias: NEUTRAL
   Current vs Avg Volume: 0x
   Current vs Avg Volatility: 0x

   ⏳ NON-FAVORABLE TIME WINDOW:
   This hour typically shows weaker activity
   Next favorable window in 3 hour(s)

   ⚠️ LOW ACTIVITY ANOMALY:
   Volume 0x below typical - Extremely quiet

   📉 LOW VOLATILITY ANOMALY:
   Volatility 0x below typical - Consolidation likely

   🔥 Best Trading Hours (UTC): 11:00, 1:00, 22:00

🎯 UNIFIED MICROSTRUCTURE INTEGRATION:
   Signal Consensus: NEUTRAL (50% agreement)
   Available Signals: 2 (1 bullish / 1 bearish / 0 neutral)
   Conviction Level: LOW (30%)
   Signal Quality: LOW
   Risk Adjustment: REDUCE
   Timing Quality: UNFAVORABLE

   ⚠️ LOW CONVICTION: Only 50% signal agreement
   Weak alignment - Reduce position size or wait for clarity

   ⚠️ RISK REDUCTION RECOMMENDED: Extreme volatility or unfavorable timing detected

   ⏰ UNFAVORABLE TIMING: Avoid trading during this hour

   Signal Directions Breakdown:
   • VPIN: NEUTRAL
   • Sweeps: NEUTRAL
   • Absorption: NEUTRAL
   • Arrival Dynamics: NEUTRAL
   • Liquidity Vacuum: NONE
   • Vol Regime: FAVORABLE
   • Temporal: UNFAVORABLE

   Adaptive Weights (Total: 4.1%):
   • VPIN: 0.0%
   • Sweeps: 0.0%
   • Absorption: 0.0%
   • Arrival: 0.0%
   • Vacuum: 0.0%
   • Vol Regime: 2.1%
   • Temporal: 2.0%


💹 DELTA ANALYSIS (Order Flow Aggression):
   Direction: NEUTRAL
   Delta Per Volume: 0.00%
   Institutional Ratio: 0.0%
   Aggression Score: 0.0%

📊 VOLUME PROFILE (Support/Resistance Strength):
   Point of Control (POC): $0.000000
   Value Area High: $0.000000
   Value Area Low: $0.000000
   Current Position: ABOVE_VALUE_AREA
   ⚠️ DISTRIBUTION RISK: Price above value area - potential rejection zone

⚡ MOMENTUM CASCADE (Multi-Timeframe Alignment):
   Cascade Detected: NO
   Alignment Score: 0.5%
   Cascade Strength: 0.0%
   Accelerating: 5m
   Diverging: 15m, 1h

💥 BREAKOUT CONFIRMATION:
   Quality: NO_BREAKOUT
   Volume Confirmation: NO
   Retest Strength: 0.0%
   False Breakout Risk: 0.0%
   No breakout detected - price below resistance


levels:
Entry=0.13273400000000002, StopLoss=0.12941565000000002, TakeProfit=0.13315815, 0.13358230000000001, 0.13392162000000002

---

=== Token: NEON (NEON) ===
Contract: NEON-USD
Timestamp: 2025-04-11T13:45:00.000Z

Calculations:
{
  "momentumScore": 48.79972215860535,
  "volumeScore": 16.479118091097877,
  "patternScore": 20.031821256422496,
  "totalScore": 22.674163959222856,
  "finalScore": 22.674163959222856,
  "weights": "0.23,0.45,0.23",
  "hourlyUptrend": true,
  "rsi": 41.300191204588984,
  "ultraShortVolumeSurge": 1.2491736253803427,
  "baseVolumeSurge": 0.016109781517088428,
  "currentPrice": 0.11049,
  "resistance": 0.11084,
  "support": 0.10975,
  "rocMin5": 0.005826126536185723,
  "shortROC": 0.006192514342956015,
  "priceAcceleration": 0.0014622432851733173,
  "buySellRatio": 0.45578111104347585,
  "macdHistogram": -0.0005254868796857469,
  "stochasticK": 57.95454545454513,
  "atr": 0.00044857142857142914,
  "bbUpper": 0.11162397738630271,
  "bbLower": 0.10882702261369732,
  "hammerDetected": false,
  "engulfingDetected": false,
  "compressionSpring": {
    "detected": true,
    "confidence": 77,
    "signals": {
      "sidewaysPrice": true,
      "atrCompression": true,
      "bbSqueeze": true,
      "consolidationTime": true,
      "strongBuying": false,
      "obvPositive": false,
      "chaikinPositive": false,
      "rsiNeutral": true,
      "volumeBuilding": true
    },
    "metrics": {
      "priceRange": 1.6,
      "atrRatio": 0.511,
      "bbWidth": 2.54,
      "volumeRatio": 1.248,
      "signalCount": 6,
      "buySellRatio": 0.456
    }
  },
  "riskTier": "LOW",
  "atrPercent": 0.6147938404251178,
  "distanceToResistance": 0.31677074848401593,
  "slPercent": 2.5,
  "tpPercent": 0.26925513621141356,
  "trailingActivation": 0.16155308172684812,
  "shortMomentumScore": 30,
  "overboughtScore": 0,
  "shortPatternScore": 0,
  "shootingStarDetected": false,
  "bearishEngulfingDetected": false,
  "eveningStarDetected": false,
  "bearishPatternsCount": 0,
  "shortTotalScore": 12,
  "chaikin": 0.6436624789957414,
  "obvIncreasing": false,
  "obvTrend": "declining",
  "adx": 21.53846153846152,
  "recentCandles": {
    "redCount": 3,
    "greenCount": 7
  },
  "resistanceDistance": 0.31677074848401593,
  "multiplePatterns": false,
  "bullishPattern": false,
  "priceAboveVWAP": true,
  "breakingResistance": true,
  "atrSufficient": false,
  "macdDivergenceBearish": true,
  "rvolMin1": -0.19906465349271185,
  "rvolMin5": -0.2503255411225497,
  "atrPercentileOld": 0.4146341463414634,
  "vwapDeviation": 4.176455674384069,
  "bbWidthPercent": 2.5374843140701437,
  "bbSqueeze": true,
  "multiTFMomentum": {
    "min1": {
      "roc1": 0.005919315180766759,
      "roc3": 0.005827718084137695
    },
    "min5": {
      "roc1": 0.006192514342956015,
      "roc3": 0.006009287080032849
    },
    "min15": {
      "roc1": 0.0025341659878721024,
      "roc3": 0.008375056895766866
    },
    "hourly": {
      "roc1": 0.003624173235480634,
      "roc3": -0.005655296229802563
    },
    "fourHour": {
      "roc1": -0.0003609782510604841,
      "roc3": 0.06993142084419972
    },
    "divergenceShortUpLongDown": true
  },
  "returnZMin5": 1.3407465245293062,
  "wickClosePct": 1,
  "wickUpper": 0,
  "wickLower": 0,
  "wickRatio": 0,
  "donchianBreakout15": false,
  "bbWidthPercentile15": 0.23376623376623376,
  "signedMin5": -88940.56999999995,
  "signedMin5Z": -4.192635968213679,
  "signedMin1": 111340.96000000004,
  "signedMin1Z": 18.29747012860528,
  "streakMin1": {
    "upStreak": 3,
    "downStreak": 0
  },
  "streakMin5": {
    "upStreak": 4,
    "downStreak": 0
  },
  "rvolPercentileMin1": 0.5979166666666667,
  "rvolPercentileMin5": 0.5381944444444444,
  "perTfMetrics": {
    "min1": {
      "sma20": 0.11034600000000001,
      "sma50": 0.10936419999999998,
      "ema20": 0.1101187027898619,
      "ema50": 0.10899852998082465,
      "vwma20": 0.11047032169069303,
      "hma21": 0.10997857142857144,
      "atr14": 0.000351428571428571,
      "atrPercentile": 0.23039480800432666,
      "rvolZ": -0.19906465349271185,
      "rvolPercentile": 0.5979166666666667,
      "mfi14": 48.68897326347822,
      "ppo": {
        "ppo": 0.18071067449050676,
        "signal": 0.30362061957566117,
        "histogram": -0.1229099450851544
      },
      "stochRsi": {
        "k": 31.67162629757857,
        "d": 43.48160572805609
      },
      "vprofile": {
        "vpBins": [
          0.017879373392309255,
          0.13657739389180368,
          0.1998031939207602,
          0.0049405825179676,
          0.03147456030466683,
          0.0070436791005735345,
          0.016097511449598978,
          0.3670838693314193,
          0,
          0.00716444126435679,
          0.032361068706473685,
          0.02375643067627436,
          0.0445042653341933,
          0.0015391929500842094,
          0.03607444887672631,
          0.003950083029841003,
          0.030450015702723415,
          0.01844728335253943,
          0.02085260619768838,
          0
        ],
        "currentBinShare": 0.01844728335253943
      },
      "ttm": {
        "squeeze": false,
        "release": false,
        "widthPct": 1.3200734121384068
      }
    },
    "min5": {
      "sma20": 0.11043750000000001,
      "sma50": 0.1077832,
      "ema20": 0.11000427906846512,
      "ema50": 0.1083830944772426,
      "vwma20": 0.11047258407468445,
      "hma21": 0.1102317748917749,
      "atr14": 0.00044857142857142914,
      "atrPercentile": 0.3029197080291971,
      "rvolZ": -0.2503255411225497,
      "rvolPercentile": 0.5381944444444444,
      "mfi14": 52.89802181946282,
      "ppo": {
        "ppo": 0.5097648897314028,
        "signal": 0.7428819616114437,
        "histogram": -0.23311707188004094
      },
      "stochRsi": {
        "k": 1.0263798028807498,
        "d": 46.32212452701248
      },
      "vprofile": {
        "vpBins": [
          0,
          0.028072213261670736,
          0.0014805023113116421,
          0.023970212018831736,
          0.036184281450012665,
          0,
          0.006497536232669641,
          0.08895966210572476,
          0.1099768743352105,
          0.017044995643663376,
          0.029830356404565883,
          0.20064174319220418,
          0.010137533578199754,
          0.06563999672977369,
          0.04252227146604501,
          0.16395770078162725,
          0.04772109347179444,
          0.06018993678075629,
          0.0075784592847356795,
          0.059594630951202876
        ],
        "currentBinShare": 0.06018993678075629
      },
      "ttm": {
        "squeeze": false,
        "release": false,
        "widthPct": 1.4671333653489098
      }
    },
    "min15": {
      "sma20": 0.11022550000000002,
      "sma50": 0.10635059999999999,
      "ema20": 0.10967036368718194,
      "ema50": 0.10800976414618818,
      "vwma20": 0.10999159044083323,
      "hma21": 0.11109021645021644,
      "atr14": 0.0006792857142857127,
      "atrPercentile": 0.4146341463414634,
      "rvolZ": 0.01761913155772273,
      "rvolPercentile": 0.7708333333333334,
      "mfi14": 84.87549365841616,
      "ppo": {
        "ppo": 1.0205152535099875,
        "signal": 1.2198971201443085,
        "histogram": -0.199381866634321
      },
      "stochRsi": {
        "k": 9.188019589475257,
        "d": 54.01911525228326
      },
      "vprofile": {
        "vpBins": [
          0.019355794749140707,
          0.1895052501201894,
          0.06789961391702795,
          0.00006936121811595092,
          0.008183541801748432,
          0.05064469107919969,
          0.2506113231321722,
          0.0014511889361387836,
          0.004568233325975734,
          0.05432173508006111,
          0.034364683765312765,
          0.0012671294736698443,
          0.14449724972537403,
          0.017868563007497205,
          0.026315614868297307,
          0.028505922471677683,
          0.024666327373295886,
          0.03276193255083642,
          0.028398328505444072,
          0.014743514898824845
        ],
        "currentBinShare": 0.028505922471677683
      },
      "ttm": {
        "squeeze": false,
        "release": false,
        "widthPct": 2.5374843140701437
      }
    },
    "hourly": {
      "sma20": 0.106572,
      "sma50": 0.10649099999999997,
      "ema20": 0.1079888891875186,
      "ema50": 0.10608825027631107,
      "vwma20": 0.10614937003443495,
      "hma21": 0.11214722943722939,
      "atr14": 0.001172857142857141,
      "atrPercentile": 0.35403726708074534,
      "rvolZ": -0.3263757455726181,
      "rvolPercentile": 0.45535714285714285,
      "mfi14": 90.44514869672963,
      "ppo": {
        "ppo": 1.4732912492239185,
        "signal": 0.9742218875764677,
        "histogram": 0.49906936164745086
      },
      "stochRsi": {
        "k": 91.26680506324013,
        "d": 89.69124026138643
      },
      "vprofile": {
        "vpBins": [
          0,
          0.02485028979310537,
          0.009141902796140373,
          0.05507388043680472,
          0.044871673322774495,
          0.07073639428572451,
          0.044162532471481705,
          0.08343624062042723,
          0.08565521958265605,
          0.04732555020108298,
          0.16868107888842757,
          0.053358504106159624,
          0.026488641213788473,
          0.042400581086323885,
          0.062245133353548227,
          0.09952278057446247,
          0.058786918177861115,
          0.006549004356187516,
          0.0027266353579760956,
          0.013987039375067511
        ],
        "currentBinShare": 0.053358504106159624
      },
      "ttm": {
        "squeeze": false,
        "release": false,
        "widthPct": 12.45474702080067
      }
    },
    "fourHour": {
      "sma20": 0.1036885,
      "sma50": 0.1077868,
      "ema20": 0.10579958298000731,
      "ema50": 0.10933645436352442,
      "vwma20": 0.10367456324930405,
      "hma21": 0.11176670995670998,
      "atr14": 0.0032350000000000026,
      "atrPercentile": 0.4714285714285714,
      "rvolZ": -0.533036855749279,
      "rvolPercentile": 0.27380952380952384,
      "mfi14": 50.82119846617338,
      "ppo": {
        "ppo": 0.5085894550592145,
        "signal": -0.624609954063871,
        "histogram": 1.1331994091230855
      },
      "stochRsi": {
        "k": 99.60032294486967,
        "d": 69.17377668256803
      },
      "vprofile": {
        "vpBins": [
          0.02062666994758283,
          0.0147442476794406,
          0.05012532830727653,
          0.05745523779425656,
          0.04893940003466166,
          0.027351115969290126,
          0.08214288636504447,
          0.16294942074493415,
          0.021427323155723585,
          0.080303931186346,
          0.048108183198041575,
          0.03247663294719171,
          0.050538780032977355,
          0.09592912543060358,
          0.026902427958804362,
          0.0422380145259697,
          0.035228137753340695,
          0.05298609736563091,
          0.024804607833993478,
          0.02472243176889023
        ],
        "currentBinShare": 0.16294942074493415
      },
      "ttm": {
        "squeeze": false,
        "release": false,
        "widthPct": 20.61907901809776
      }
    },
    "daily": {
      "sma20": 0.12350099999999997,
      "sma50": 0.13872520000000002,
      "ema20": 0.12021497995808948,
      "ema50": 0.14494612223658865,
      "vwma20": 0,
      "hma21": 0.09806562770562777,
      "atr14": 0.011708571428571426,
      "atrPercentile": 0.19736842105263158,
      "rvolZ": 0,
      "rvolPercentile": 1,
      "mfi14": 50,
      "ppo": {
        "ppo": -9.355288852971269,
        "signal": -8.614277451845133,
        "histogram": -0.7410114011261353
      },
      "stochRsi": {
        "k": 68.07161368085637,
        "d": 34.22005249697979
      },
      "vprofile": {
        "vpBins": [
          0,
          0,
          0,
          0,
          0,
          0,
          0,
          0,
          0,
          0,
          0,
          0,
          0,
          0,
          0,
          0,
          0,
          0,
          0,
          0
        ],
        "currentBinShare": 0
      },
      "ttm": {
        "squeeze": false,
        "release": false,
        "widthPct": 54.326760606201915
      }
    }
  },
  "smaMin5": 0.11043750000000001,
  "emaMin5": 0.11000427906846512,
  "vwmaMin5": 0.11047258407468445,
  "hmaMin5": 0.1102317748917749,
  "keltner15": {
    "upper": 0.11053136368718194,
    "middle": 0.10967036368718194,
    "lower": 0.10880936368718194
  },
  "superTrend15": {
    "isBull": true,
    "finalUpper": 0.11222199999999999,
    "finalLower": 0.10877799999999999
  },
  "mfi15": 84.87549365841616,
  "stochRsi15": {
    "k": 9.188019589475257,
    "d": 54.01911525228326
  },
  "ppo15": {
    "ppo": 1.0205152535099875,
    "signal": 1.2198971201443085,
    "histogram": -0.199381866634321
  },
  "vpMin15": {
    "vpBins": [
      0.019355794749140707,
      0.1895052501201894,
      0.06789961391702795,
      0.00006936121811595092,
      0.008183541801748432,
      0.05064469107919969,
      0.2506113231321722,
      0.0014511889361387836,
      0.004568233325975734,
      0.05432173508006111,
      0.034364683765312765,
      0.0012671294736698443,
      0.14449724972537403,
      0.017868563007497205,
      0.026315614868297307,
      0.028505922471677683,
      0.024666327373295886,
      0.03276193255083642,
      0.028398328505444072,
      0.014743514898824845
    ],
    "currentBinShare": 0.028505922471677683
  },
  "ttm15": {
    "squeeze": false,
    "release": false,
    "widthPct": 2.5374843140701437
  },
  "marketCorrelation": {
    "hourly": {
      "btcCorrelation": 0,
      "ethCorrelation": 0,
      "btcBeta": 1,
      "ethBeta": 1,
      "btcTrend": "UNKNOWN",
      "ethTrend": "UNKNOWN",
      "tokenVol": 0,
      "btcVol": 0,
      "ethVol": 0,
      "marketDependence": 0,
      "verdict": "INSUFFICIENT_DATA"
    },
    "min15": {
      "btcCorrelation": 0,
      "ethCorrelation": 0,
      "btcBeta": 1,
      "ethBeta": 1,
      "btcTrend": "UNKNOWN",
      "ethTrend": "UNKNOWN",
      "tokenVol": 0,
      "btcVol": 0,
      "ethVol": 0,
      "marketDependence": 0,
      "verdict": "INSUFFICIENT_DATA"
    },
    "daily": {
      "btcCorrelation": 0,
      "ethCorrelation": 0,
      "btcBeta": 1,
      "ethBeta": 1,
      "btcTrend": "UNKNOWN",
      "ethTrend": "UNKNOWN",
      "tokenVol": 0,
      "btcVol": 0,
      "ethVol": 0,
      "marketDependence": 0,
      "verdict": "INSUFFICIENT_DATA"
    }
  },
  "tradeTape": {
    "totalTrades": 0,
    "totalVolume": 0,
    "buysVolume": 0,
    "sellsVolume": 0,
    "buySellRatio": 0.5,
    "vwap": 0,
    "signedVolume": 0,
    "avgTradeSize": 0,
    "tradesPerSec": 0,
    "cumulativeDelta": 0,
    "tradesLast1m": 0,
    "tradesLast5m": 0,
    "tradesLast15m": 0,
    "tradesLast1h": 0,
    "buyVWAP": 0,
    "sellVWAP": 0,
    "aggressorVWAP": 0,
    "bucketDurationMs": 60000,
    "bucketCount": 15,
    "bucketSignedVolumes": [],
    "bucketVolumes": [],
    "bucketVWAPs": [],
    "latestBucketSignedZ": 0
  },
  "enhancedMetrics": {
    "relativeVolumeZScore": -1,
    "volumePercentile": 40,
    "atrPercentile": 31.02189781021898,
    "volatilityPercentile": 26.89873417721519,
    "relativeVolatilityRatio": 0.7871240583378264,
    "isHighVolume": false,
    "isHighVolatility": false,
    "isLowVolatility": false,
    "isExpandingVolatility": false,
    "isContractingVolatility": true
  },
  "orderBook": {
    "bidAskSpread": 0,
    "spreadPct": 0,
    "midPrice": 0,
    "bestBid": 0,
    "bestAsk": 0,
    "bidDepth": 0,
    "askDepth": 0,
    "orderBookImbalance": 0,
    "liquidityScore": 0,
    "depthAt1Pct": {
      "bidVolume": 0,
      "askVolume": 0,
      "imbalance": 0
    },
    "depthAt2Pct": {
      "bidVolume": 0,
      "askVolume": 0,
      "imbalance": 0
    },
    "depthAt5Pct": {
      "bidVolume": 0,
      "askVolume": 0,
      "imbalance": 0
    },
    "weightedMidPrice": 0,
    "volumeWeightedSpread": 0,
    "totalBidLevels": 0,
    "totalAskLevels": 0
  },
  "marketCap": {
    "marketCap": 0,
    "totalVolume24h": 0,
    "volumeToMarketCapRatio": 0,
    "marketCapRank": 0,
    "normalizedRank": 0,
    "isHighLiquidity": false,
    "isVeryHighLiquidity": false,
    "isLowLiquidity": true,
    "liquidityTier": "VERY_LOW"
  },
  "sweeps": {
    "sweepScore": 0,
    "sweepCount": 0,
    "sweepDirection": "NEUTRAL",
    "buySweeps": 0,
    "sellSweeps": 0,
    "avgSweepSize": 0,
    "avgSweepIntensity": 0,
    "bidLiftRatio": 0,
    "askLiftRatio": 0,
    "sweepFrequency": 0,
    "largestSweep": null,
    "recentSweepClusters": 0,
    "sweepDetails": []
  },
  "absorption": {
    "absorptionScore": 0,
    "absorptionLevel": null,
    "absorptionSide": "NONE",
    "icebergProbability": 0,
    "hiddenLiquidityEstimate": 0,
    "volumeAtPrice": {},
    "topAbsorptionLevels": [],
    "persistenceDuration": 0,
    "refillDetected": false
  },
  "orderArrival": {
    "avgInterArrivalTime": 0,
    "recentInterArrivalTime": 0,
    "accelerationRatio": 1,
    "hawkesIntensity": 0,
    "hawkesDirection": "NEUTRAL",
    "clusteringScore": 0,
    "burstCount": 0,
    "cascadeDetected": false,
    "timeToNextTrade": 0,
    "accelerationTrend": "STABLE"
  },
  "liquidityVacuum": {
    "vacuumScore": 0,
    "vacuumSide": "NONE",
    "bidVacuumSeverity": 0,
    "askVacuumSeverity": 0,
    "depthConcentration": 0,
    "priceImpact10k": 0,
    "priceImpact50k": 0,
    "priceImpact100k": 0,
    "largestGapBid": 0,
    "largestGapAsk": 0,
    "avgGapBid": 0,
    "avgGapAsk": 0,
    "bidCliffDistance": 0,
    "askCliffDistance": 0
  },
  "volatilityRegime": {
    "regime": "NORMAL",
    "regimeScore": 0,
    "currentATR": 0.011765,
    "avgATR": 0.017479,
    "atrPercentile": 23.7,
    "realizedVolatility": 148.25,
    "volPercentile": 66.1,
    "expanding": false,
    "contracting": true,
    "transitionProbability": 0.7,
    "daysInRegime": 1,
    "regimeStrength": 0.49
  },
  "temporalPatterns": {
    "currentHour": 8,
    "currentDay": 0,
    "currentDayName": "Sunday",
    "dayBias": "NEUTRAL",
    "hourlyProfile": [
      {
        "avgVolume": 32731.03,
        "avgATR": 0.001352,
        "avgReturn": 0.163
      },
      {
        "avgVolume": 12529.27,
        "avgATR": 0.001036,
        "avgReturn": 0.14
      },
      {
        "avgVolume": 11115.76,
        "avgATR": 0.001026,
        "avgReturn": 0.086
      },
      {
        "avgVolume": 13058.6,
        "avgATR": 0.001054,
        "avgReturn": -0.513
      },
      {
        "avgVolume": 24609.27,
        "avgATR": 0.001651,
        "avgReturn": 0.601
      },
      {
        "avgVolume": 47088.75,
        "avgATR": 0.002532,
        "avgReturn": -0.215
      },
      {
        "avgVolume": 12325.47,
        "avgATR": 0.001271,
        "avgReturn": -0.733
      },
      {
        "avgVolume": 24183.33,
        "avgATR": 0.001201,
        "avgReturn": 0.263
      },
      {
        "avgVolume": 24686.19,
        "avgATR": 0.001471,
        "avgReturn": -0.094
      },
      {
        "avgVolume": 18786.28,
        "avgATR": 0.001449,
        "avgReturn": 0.408
      },
      {
        "avgVolume": 27986.22,
        "avgATR": 0.001361,
        "avgReturn": -0.422
      },
      {
        "avgVolume": 27760.4,
        "avgATR": 0.001408,
        "avgReturn": -0.554
      },
      {
        "avgVolume": 18158.27,
        "avgATR": 0.001203,
        "avgReturn": -0.197
      },
      {
        "avgVolume": 57260.66,
        "avgATR": 0.001358,
        "avgReturn": -0.488
      },
      {
        "avgVolume": 32576.73,
        "avgATR": 0.001638,
        "avgReturn": 0.218
      },
      {
        "avgVolume": 67745.2,
        "avgATR": 0.003101,
        "avgReturn": -0.085
      },
      {
        "avgVolume": 45642.42,
        "avgATR": 0.001629,
        "avgReturn": 0.045
      },
      {
        "avgVolume": 46510.52,
        "avgATR": 0.001988,
        "avgReturn": 0.236
      },
      {
        "avgVolume": 22899.14,
        "avgATR": 0.001366,
        "avgReturn": 0.287
      },
      {
        "avgVolume": 18838.05,
        "avgATR": 0.001369,
        "avgReturn": -0.053
      },
      {
        "avgVolume": 22428.4,
        "avgATR": 0.001556,
        "avgReturn": -0.245
      },
      {
        "avgVolume": 23989.74,
        "avgATR": 0.001222,
        "avgReturn": 0.046
      },
      {
        "avgVolume": 12658.11,
        "avgATR": 0.001264,
        "avgReturn": -0.348
      },
      {
        "avgVolume": 24876.05,
        "avgATR": 0.001189,
        "avgReturn": 0.024
      }
    ],
    "dailyProfile": [
      {
        "avgVolume": 10970.01,
        "avgATR": 0.000893,
        "avgReturn": -0.312
      },
      {
        "avgVolume": 21333.61,
        "avgATR": 0.001619,
        "avgReturn": -0.021
      },
      {
        "avgVolume": 25737.61,
        "avgATR": 0.001466,
        "avgReturn": 0.127
      },
      {
        "avgVolume": 34519.48,
        "avgATR": 0.002074,
        "avgReturn": 0.087
      },
      {
        "avgVolume": 54818.95,
        "avgATR": 0.001667,
        "avgReturn": -0.336
      },
      {
        "avgVolume": 27443.03,
        "avgATR": 0.00144,
        "avgReturn": 0.228
      },
      {
        "avgVolume": 20999.48,
        "avgATR": 0.001249,
        "avgReturn": -0.23
      }
    ],
    "favorableHours": [
      15,
      13,
      5,
      17,
      16,
      0
    ],
    "favorableWindow": false,
    "currentVsAvgVolume": 0,
    "currentVsAvgVolatility": 0,
    "anomalyDetected": true,
    "timeUntilFavorable": 5,
    "temporalScore": 0
  },
  "unifiedMicrostructure": {
    "signalDirections": {
      "vpin": "NEUTRAL",
      "sweeps": "NEUTRAL",
      "absorption": "NEUTRAL",
      "arrival": "NEUTRAL",
      "vacuum": "NONE",
      "volRegime": "NEUTRAL",
      "temporal": "UNFAVORABLE"
    },
    "consensusDirection": "BEARISH",
    "consensusStrength": 50,
    "bullishSignals": 0,
    "bearishSignals": 1,
    "neutralSignals": 1,
    "totalAvailableSignals": 2,
    "dominantPattern": "NONE",
    "clusters": {
      "strongBuyCluster": false,
      "distributionPattern": false,
      "accumulationPattern": false,
      "momentumCascade": false
    },
    "adaptiveWeights": {
      "vpin": 0,
      "sweeps": 0,
      "absorption": 0,
      "arrival": 0,
      "vacuum": 0,
      "volRegime": 0.021,
      "temporal": 0.02
    },
    "convictionLevel": "LOW",
    "convictionScore": 30,
    "riskAdjustment": "REDUCE",
    "timingQuality": "UNFAVORABLE",
    "signalQuality": "LOW"
  },
  "deltaAnalysis": {
    "currentDelta": 0,
    "cumulativeDelta": 0,
    "deltaPerVolume": 0,
    "deltaDirection": "NEUTRAL",
    "deltaDivergence": false,
    "institutionalRatio": 0,
    "aggressionScore": 0
  },
  "volumeProfile": {
    "pointOfControl": 0,
    "valueAreaHigh": 0,
    "valueAreaLow": 0,
    "currentPosition": "ABOVE_VALUE_AREA",
    "volumeNodes": [],
    "airPockets": []
  },
  "momentumCascade": {
    "cascadeDetected": false,
    "alignmentScore": 0.003489441055339026,
    "cascadeStrength": 0,
    "acceleratingTimeframes": [
      "1m"
    ],
    "divergingTimeframes": [
      "5m",
      "15m",
      "1h"
    ]
  },
  "breakoutConfirmation": {
    "breakoutConfirmed": false,
    "volumeConfirmation": false,
    "retestStrength": 0,
    "falseBreakoutRisk": 0,
    "breakoutQuality": "NO_BREAKOUT"
  },
  "liquidityHeatmap": {
    "liquidityScore": 0,
    "magnetDirection": "NONE",
    "magnetStrength": 0,
    "priceTarget5pct": null,
    "message": "No order book data"
  },
  "smartMoneyDivergence": {
    "divergenceDetected": false,
    "divergenceDirection": "NONE",
    "smartMoneyScore": 0.5,
    "message": "Insufficient trade data"
  },
  "microstructure": {
    "raw": -0.022853645015245318,
    "pct": 50,
    "summary": {
      "latestBucketSignedZ": 0,
      "buySellRatio": 0.5,
      "tradesPerSec": 0,
      "vwap": 0,
      "aggressorVWAP": 0,
      "vpinToxicity": "UNKNOWN",
      "sweepDirection": "NEUTRAL",
      "absorptionSide": "NONE",
      "icebergDetected": false,
      "hawkesDirection": "NEUTRAL",
      "cascadeDetected": false,
      "vacuumSide": "NONE",
      "volatilityRegime": "NORMAL",
      "volExpanding": false,
      "favorableTimeWindow": false,
      "temporalAnomaly": true,
      "consensusDirection": "BEARISH",
      "consensusStrength": 50,
      "dominantPattern": "NONE",
      "convictionLevel": "LOW",
      "riskAdjustment": "REDUCE",
      "timingQuality": "UNFAVORABLE",
      "deltaDirection": "NEUTRAL",
      "deltaDivergence": false,
      "institutionalRatio": 0,
      "volumeProfilePosition": "ABOVE_VALUE_AREA",
      "pointOfControl": 0,
      "momentumCascadeDetected": false,
      "cascadeStrength": 0,
      "breakoutQuality": "NO_BREAKOUT",
      "breakoutConfirmed": false,
      "magnetDirection": "NONE",
      "magnetStrength": 0,
      "priceTarget5pct": null,
      "nearestBidWall": 0,
      "nearestAskWall": 0,
      "divergenceDetected": false,
      "divergenceDirection": "NONE",
      "whaleAccumulation": false,
      "whaleDistribution": false,
      "retailPanic": false,
      "smartMoneyScore": 0.5
    }
  }
}

=== MICROSTRUCTURE ALERTS ===

🔬 VPIN: Insufficient data for VPIN analysis

🌊 SWEEP DETECTION: No significant sweeps detected

🧊 ABSORPTION & ICEBERG: No significant absorption or iceberg orders detected

⚡ ORDER ARRIVAL DYNAMICS: Insufficient trades for analysis

🌪️ LIQUIDITY VACUUM: No significant vacuum detected

📊 VOLATILITY REGIME DETECTION:
   Current Regime: NORMAL
   Regime Score: 0.00 (-1=low vol, +1=extreme vol)
   Days in Regime: 1
   ATR: $0.011765 (avg: $0.017479)
   ATR Percentile: 23.7%
   Realized Volatility: 148.25% (annualized)
   Vol Percentile: 66.1%

   ⚪ NORMAL VOLATILITY:
   📊 Balanced market conditions
   ✅ Standard risk management applies

   📉 VOLATILITY CONTRACTING:
   🔄 Consolidation phase - accumulation likely
   ⏳ Wait for expansion before entering

   ⚠️ HIGH REGIME TRANSITION PROBABILITY: 70%
   Market near regime boundary - expect volatility shift soon

   ⚠️ NEW REGIME: Only 1 day(s) - conditions still settling

⏰ TEMPORAL PATTERN ANALYSIS:
   Current Time: Sunday 8:00 UTC
   Day Bias: NEUTRAL
   Current vs Avg Volume: 0x
   Current vs Avg Volatility: 0x

   ⏳ NON-FAVORABLE TIME WINDOW:
   This hour typically shows weaker activity
   Next favorable window in 5 hour(s)

   ⚠️ LOW ACTIVITY ANOMALY:
   Volume 0x below typical - Extremely quiet

   📉 LOW VOLATILITY ANOMALY:
   Volatility 0x below typical - Consolidation likely

   🔥 Best Trading Hours (UTC): 15:00, 13:00, 5:00

🎯 UNIFIED MICROSTRUCTURE INTEGRATION:
   Signal Consensus: BEARISH (50% agreement)
   Available Signals: 2 (0 bullish / 1 bearish / 1 neutral)
   Conviction Level: LOW (30%)
   Signal Quality: LOW
   Risk Adjustment: REDUCE
   Timing Quality: UNFAVORABLE

   ⚠️ LOW CONVICTION: Only 50% signal agreement
   Weak alignment - Reduce position size or wait for clarity

   ⚠️ RISK REDUCTION RECOMMENDED: Extreme volatility or unfavorable timing detected

   ⏰ UNFAVORABLE TIMING: Avoid trading during this hour

   Signal Directions Breakdown:
   • VPIN: NEUTRAL
   • Sweeps: NEUTRAL
   • Absorption: NEUTRAL
   • Arrival Dynamics: NEUTRAL
   • Liquidity Vacuum: NONE
   • Vol Regime: NEUTRAL
   • Temporal: UNFAVORABLE

   Adaptive Weights (Total: 4.1%):
   • VPIN: 0.0%
   • Sweeps: 0.0%
   • Absorption: 0.0%
   • Arrival: 0.0%
   • Vacuum: 0.0%
   • Vol Regime: 2.1%
   • Temporal: 2.0%


💹 DELTA ANALYSIS (Order Flow Aggression):
   Direction: NEUTRAL
   Delta Per Volume: 0.00%
   Institutional Ratio: 0.0%
   Aggression Score: 0.0%

📊 VOLUME PROFILE (Support/Resistance Strength):
   Point of Control (POC): $0.000000
   Value Area High: $0.000000
   Value Area Low: $0.000000
   Current Position: ABOVE_VALUE_AREA
   ⚠️ DISTRIBUTION RISK: Price above value area - potential rejection zone

⚡ MOMENTUM CASCADE (Multi-Timeframe Alignment):
   Cascade Detected: NO
   Alignment Score: 0.3%
   Cascade Strength: 0.0%
   Accelerating: 1m
   Diverging: 5m, 15m, 1h

💥 BREAKOUT CONFIRMATION:
   Quality: NO_BREAKOUT
   Volume Confirmation: NO
   Retest Strength: 0.0%
   False Breakout Risk: 0.0%
   No breakout detected - price below resistance


levels:
Entry=0.11026902000000001, StopLoss=0.10751229450000001, TakeProfit=0.11041747250000002, 0.110565925, 0.11068468699999999

---

=== Token: PRCL (PRCL) ===
Contract: PRCL-USD
Timestamp: 2025-04-11T13:45:00.000Z

Calculations:
{
  "momentumScore": 108.63100345055881,
  "volumeScore": 19.058573266213614,
  "patternScore": 60.297298462588564,
  "totalScore": 46.14816131557352,
  "finalScore": 46.14816131557352,
  "weights": "0.23,0.45,0.23",
  "hourlyUptrend": true,
  "rsi": 56.790123456790106,
  "ultraShortVolumeSurge": 1.0644931792705106,
  "baseVolumeSurge": 0.079570388428988,
  "currentPrice": 0.062,
  "resistance": 0.0625,
  "support": 0.0592,
  "rocMin5": 0.026490066225165518,
  "shortROC": 0.0016155088852989154,
  "priceAcceleration": 0.006604243269398205,
  "buySellRatio": 0.48803581583932376,
  "macdHistogram": 0.00027478948242979284,
  "stochasticK": 59.45945945945955,
  "atr": 0.0007642857142857154,
  "bbUpper": 0.06254430802552557,
  "bbLower": 0.05936569197447442,
  "hammerDetected": false,
  "engulfingDetected": false,
  "compressionSpring": {
    "detected": true,
    "confidence": 44,
    "signals": {
      "sidewaysPrice": true,
      "atrCompression": true,
      "bbSqueeze": false,
      "consolidationTime": true,
      "strongBuying": false,
      "obvPositive": false,
      "chaikinPositive": false,
      "rsiNeutral": true,
      "volumeBuilding": false
    },
    "metrics": {
      "priceRange": 6.25,
      "atrRatio": 0.673,
      "bbWidth": 5.21,
      "volumeRatio": 1.745,
      "signalCount": 4,
      "buySellRatio": 0.488
    }
  },
  "riskTier": "MEDIUM",
  "atrPercent": 1.543778801843318,
  "distanceToResistance": 0.8064516129032264,
  "slPercent": 3,
  "tpPercent": 0.6854838709677424,
  "trailingActivation": 0.41129032258064546,
  "shortMomentumScore": 0,
  "overboughtScore": 0,
  "shortPatternScore": 0,
  "shootingStarDetected": false,
  "bearishEngulfingDetected": false,
  "eveningStarDetected": false,
  "bearishPatternsCount": 0,
  "shortTotalScore": 0,
  "chaikin": -0.2591480874947321,
  "obvIncreasing": true,
  "obvTrend": "increasing",
  "adx": 23.287671232876615,
  "recentCandles": {
    "redCount": 2,
    "greenCount": 8
  },
  "resistanceDistance": 0.8064516129032264,
  "multiplePatterns": false,
  "bullishPattern": false,
  "priceAboveVWAP": true,
  "breakingResistance": true,
  "atrSufficient": true,
  "macdDivergenceBearish": false,
  "rvolMin1": 0.014714273386486414,
  "rvolMin5": 0.7179456005311207,
  "atrPercentileOld": 0.8414634146341463,
  "vwapDeviation": 2.3660219381947547,
  "bbWidthPercent": 5.214692889920682,
  "bbSqueeze": false,
  "multiTFMomentum": {
    "min1": {
      "roc1": -0.006420545746388516,
      "roc3": 0.004870129870129784
    },
    "min5": {
      "roc1": 0.0016155088852989154,
      "roc3": 0.018062397372742147
    },
    "min15": {
      "roc1": -0.008077544426494242,
      "roc3": 0.025041736227045096
    },
    "hourly": {
      "roc1": 0.04054054054054053,
      "roc3": -0.004846526655896522
    },
    "fourHour": {
      "roc1": 0.0048939641109298805,
      "roc3": 0.04230118443316416
    },
    "divergenceShortUpLongDown": false
  },
  "returnZMin5": 0.11308845653427807,
  "wickClosePct": 0.39999999999999725,
  "wickUpper": 0.00030000000000000165,
  "wickLower": 0,
  "wickRatio": 1.5000000000000173,
  "donchianBreakout15": false,
  "bbWidthPercentile15": 0.7532467532467533,
  "signedMin5": 134206.80000000002,
  "signedMin5Z": 2.4802601918452765,
  "signedMin1": 338378.2000000003,
  "signedMin1Z": 6.700103563487665,
  "streakMin1": {
    "upStreak": 0,
    "downStreak": 1
  },
  "streakMin5": {
    "upStreak": 6,
    "downStreak": 0
  },
  "rvolPercentileMin1": 0.8145833333333333,
  "rvolPercentileMin5": 0.9236111111111112,
  "perTfMetrics": {
    "min1": {
      "sma20": 0.060520000000000004,
      "sma50": 0.060896,
      "ema20": 0.06094423845362685,
      "ema50": 0.06068388007157871,
      "vwma20": 0.060240175677156796,
      "hma21": 0.061328571428571434,
      "atr14": 0.0005785714285714293,
      "atrPercentile": 0.9838872104733132,
      "rvolZ": 0.014714273386486414,
      "rvolPercentile": 0.8145833333333333,
      "mfi14": 57.60052612488505,
      "ppo": {
        "ppo": 0.5694766598749756,
        "signal": 0.13469576749492337,
        "histogram": 0.43478089238005224
      },
      "stochRsi": {
        "k": 83.48623853211005,
        "d": 67.60828625235402
      },
      "vprofile": {
        "vpBins": [
          0.0008789046677959411,
          0.024356384704074682,
          0.03690944963250088,
          0.030192741541105704,
          0.0245210475865811,
          0.004363029082837665,
          0.13643018310314145,
          0.13767565280732033,
          0.08840851009519038,
          0.26894073657212225,
          0.07424927943456486,
          0.0396056390093643,
          0.04475953763456148,
          0.025131217801049544,
          0.007763334139013167,
          0.038011789928517135,
          0.005542865087864841,
          0.010220299428540443,
          0,
          0.002039397743853991
        ],
        "currentBinShare": 0.005542865087864841
      },
      "ttm": {
        "squeeze": false,
        "release": false,
        "widthPct": 6.052551605257414
      }
    },
    "min5": {
      "sma20": 0.06098,
      "sma50": 0.06053799999999999,
      "ema20": 0.060960275362553024,
      "ema50": 0.06066028391823695,
      "vwma20": 0.06059789033802764,
      "hma21": 0.060271861471861476,
      "atr14": 0.0007642857142857154,
      "atrPercentile": 0.9525547445255474,
      "rvolZ": 0.7179456005311207,
      "rvolPercentile": 0.9236111111111112,
      "mfi14": 35.66477049039602,
      "ppo": {
        "ppo": 0.26643171179724917,
        "signal": 0.009158959329747848,
        "histogram": 0.2572727524675013
      },
      "stochRsi": {
        "k": 100,
        "d": 55.29501323571913
      },
      "vprofile": {
        "vpBins": [
          0.0007042571408577536,
          0.02806937467695329,
          0.02472080004670981,
          0.024811046964595417,
          0.022493340522618078,
          0.11851112655078563,
          0.11891579704239817,
          0.15695002112440243,
          0.07183548685662101,
          0.15192884820392238,
          0.0945083939072302,
          0.04568474509484818,
          0.04716539067460217,
          0.023770077745153103,
          0.0033810635206822917,
          0.030995262550142098,
          0.016542210371228792,
          0.01737860887075207,
          0,
          0.0016341481354970205
        ],
        "currentBinShare": 0.016542210371228792
      },
      "ttm": {
        "squeeze": false,
        "release": false,
        "widthPct": 6.193806039547573
      }
    },
    "min15": {
      "sma20": 0.060954999999999995,
      "sma50": 0.060108000000000016,
      "ema20": 0.0607153963981438,
      "ema50": 0.06029822349927426,
      "vwma20": 0.06063535310432503,
      "hma21": 0.060426406926406925,
      "atr14": 0.0009571428571428573,
      "atrPercentile": 0.8414634146341463,
      "rvolZ": 0.4307385043726059,
      "rvolPercentile": 0.8645833333333334,
      "mfi14": 40.1761187606612,
      "ppo": {
        "ppo": 0.3067519897869774,
        "signal": 0.32610667131115306,
        "histogram": -0.019354681524175688
      },
      "stochRsi": {
        "k": 27.134495054834147,
        "d": 50.27653726852325
      },
      "vprofile": {
        "vpBins": [
          0.0016932086124981786,
          0.04349640714169326,
          0.018613436595165955,
          0.0193309953735246,
          0.07095192402064715,
          0.0020802922580341653,
          0.05756475189784098,
          0.097058083122119,
          0.1013071802004598,
          0.3127639385139793,
          0.053192556008811884,
          0.06692629645758116,
          0.052154827387974896,
          0.005331505485396645,
          0.02115227898143216,
          0.03797245388832545,
          0.03550137231528217,
          0.0029084917392333807,
          0,
          0
        ],
        "currentBinShare": 0.02115227898143216
      },
      "ttm": {
        "squeeze": false,
        "release": false,
        "widthPct": 5.214692889920682
      }
    },
    "hourly": {
      "sma20": 0.05971,
      "sma50": 0.06013999999999998,
      "ema20": 0.060147184407069454,
      "ema50": 0.05987598633374333,
      "vwma20": 0.05994716164562639,
      "hma21": 0.061227272727272755,
      "atr14": 0.0018071428571428568,
      "atrPercentile": 0.7018633540372671,
      "rvolZ": 1.0501605937533098,
      "rvolPercentile": 0.9136904761904762,
      "mfi14": 57.20864596783028,
      "ppo": {
        "ppo": 0.48642066072290774,
        "signal": 0.21027758666066174,
        "histogram": 0.27614307406224603
      },
      "stochRsi": {
        "k": 88.85488916088687,
        "d": 60.23626670424388
      },
      "vprofile": {
        "vpBins": [
          0.054445230731651306,
          0.0029447202759857356,
          0.004451412550566721,
          0.08415369791468619,
          0.1421107182839589,
          0.13088970685136028,
          0.17191058902378958,
          0.022441271293447466,
          0.07637878987895506,
          0.01804831746282216,
          0.025595917426088948,
          0.026807032919108232,
          0.03490575536071688,
          0.019208512557060187,
          0.11359960096399868,
          0.04932034773314856,
          0.014226857660600471,
          0.004096693288298702,
          0.0029822480052395734,
          0.0014825798185162174
        ],
        "currentBinShare": 0.022441271293447466
      },
      "ttm": {
        "squeeze": false,
        "release": false,
        "widthPct": 7.24271839149028
      }
    },
    "fourHour": {
      "sma20": 0.05963,
      "sma50": 0.06452200000000001,
      "ema20": 0.06058138024258116,
      "ema50": 0.0664945100507173,
      "vwma20": 0.06035629583717968,
      "hma21": 0.061890909090909094,
      "atr14": 0.0027,
      "atrPercentile": 0.15714285714285714,
      "rvolZ": 1.319584638431076,
      "rvolPercentile": 0.9047619047619048,
      "mfi14": 68.30846126207013,
      "ppo": {
        "ppo": -1.738973929598231,
        "signal": -2.912001593666136,
        "histogram": 1.173027664067905
      },
      "stochRsi": {
        "k": 70.06581337887434,
        "d": 61.93306693306693
      },
      "vprofile": {
        "vpBins": [
          0,
          0.040700819884015624,
          0.15729505728947824,
          0.17973032410410703,
          0.07255771421366067,
          0.016624045966765984,
          0.05751363840515863,
          0.007941676276405968,
          0.10000801140649337,
          0.025777523252836783,
          0,
          0.055687103925422185,
          0,
          0.04276919537328611,
          0.029939839622137428,
          0.05008489149040645,
          0.09975142399393894,
          0.03154695208790267,
          0.00888505927881074,
          0.023186723429173266
        ],
        "currentBinShare": 0.07255771421366067
      },
      "ttm": {
        "squeeze": false,
        "release": false,
        "widthPct": 12.763079243864633
      }
    },
    "daily": {
      "sma20": 0.086255,
      "sma50": 0.10789000000000003,
      "ema20": 0.08029022051697962,
      "ema50": 0.10933122398585446,
      "vwma20": 0,
      "hma21": 0.049434199134199164,
      "atr14": 0.0093,
      "atrPercentile": 0.013157894736842105,
      "rvolZ": 0,
      "rvolPercentile": 1,
      "mfi14": 50,
      "ppo": {
        "ppo": -18.12504897387448,
        "signal": -15.084021957230412,
        "histogram": -3.041027016644069
      },
      "stochRsi": {
        "k": 35.508650318963326,
        "d": 19.599218485194445
      },
      "vprofile": {
        "vpBins": [
          0,
          0,
          0,
          0,
          0,
          0,
          0,
          0,
          0,
          0,
          0,
          0,
          0,
          0,
          0,
          0,
          0,
          0,
          0,
          0
        ],
        "currentBinShare": 0
      },
      "ttm": {
        "squeeze": false,
        "release": false,
        "widthPct": 105.02868467060983
      }
    }
  },
  "smaMin5": 0.06098,
  "emaMin5": 0.060960275362553024,
  "vwmaMin5": 0.06059789033802764,
  "hmaMin5": 0.060271861471861476,
  "keltner15": {
    "upper": 0.0623503963981438,
    "middle": 0.0607153963981438,
    "lower": 0.0590803963981438
  },
  "superTrend15": {
    "isBull": false,
    "finalUpper": 0.06512000000000001,
    "finalLower": 0.05858
  },
  "mfi15": 40.1761187606612,
  "stochRsi15": {
    "k": 27.134495054834147,
    "d": 50.27653726852325
  },
  "ppo15": {
    "ppo": 0.3067519897869774,
    "signal": 0.32610667131115306,
    "histogram": -0.019354681524175688
  },
  "vpMin15": {
    "vpBins": [
      0.0016932086124981786,
      0.04349640714169326,
      0.018613436595165955,
      0.0193309953735246,
      0.07095192402064715,
      0.0020802922580341653,
      0.05756475189784098,
      0.097058083122119,
      0.1013071802004598,
      0.3127639385139793,
      0.053192556008811884,
      0.06692629645758116,
      0.052154827387974896,
      0.005331505485396645,
      0.02115227898143216,
      0.03797245388832545,
      0.03550137231528217,
      0.0029084917392333807,
      0,
      0
    ],
    "currentBinShare": 0.02115227898143216
  },
  "ttm15": {
    "squeeze": false,
    "release": false,
    "widthPct": 5.214692889920682
  },
  "marketCorrelation": {
    "hourly": {
      "btcCorrelation": 0,
      "ethCorrelation": 0,
      "btcBeta": 1,
      "ethBeta": 1,
      "btcTrend": "UNKNOWN",
      "ethTrend": "UNKNOWN",
      "tokenVol": 0,
      "btcVol": 0,
      "ethVol": 0,
      "marketDependence": 0,
      "verdict": "INSUFFICIENT_DATA"
    },
    "min15": {
      "btcCorrelation": 0,
      "ethCorrelation": 0,
      "btcBeta": 1,
      "ethBeta": 1,
      "btcTrend": "UNKNOWN",
      "ethTrend": "UNKNOWN",
      "tokenVol": 0,
      "btcVol": 0,
      "ethVol": 0,
      "marketDependence": 0,
      "verdict": "INSUFFICIENT_DATA"
    },
    "daily": {
      "btcCorrelation": 0,
      "ethCorrelation": 0,
      "btcBeta": 1,
      "ethBeta": 1,
      "btcTrend": "UNKNOWN",
      "ethTrend": "UNKNOWN",
      "tokenVol": 0,
      "btcVol": 0,
      "ethVol": 0,
      "marketDependence": 0,
      "verdict": "INSUFFICIENT_DATA"
    }
  },
  "tradeTape": {
    "totalTrades": 0,
    "totalVolume": 0,
    "buysVolume": 0,
    "sellsVolume": 0,
    "buySellRatio": 0.5,
    "vwap": 0,
    "signedVolume": 0,
    "avgTradeSize": 0,
    "tradesPerSec": 0,
    "cumulativeDelta": 0,
    "tradesLast1m": 0,
    "tradesLast5m": 0,
    "tradesLast15m": 0,
    "tradesLast1h": 0,
    "buyVWAP": 0,
    "sellVWAP": 0,
    "aggressorVWAP": 0,
    "bucketDurationMs": 60000,
    "bucketCount": 15,
    "bucketSignedVolumes": [],
    "bucketVolumes": [],
    "bucketVWAPs": [],
    "latestBucketSignedZ": 0
  },
  "enhancedMetrics": {
    "relativeVolumeZScore": -1,
    "volumePercentile": 40,
    "atrPercentile": 94.8905109489051,
    "volatilityPercentile": 70.56962025316456,
    "relativeVolatilityRatio": 1.3901884312612285,
    "isHighVolume": false,
    "isHighVolatility": false,
    "isLowVolatility": false,
    "isExpandingVolatility": true,
    "isContractingVolatility": false
  },
  "orderBook": {
    "bidAskSpread": 0,
    "spreadPct": 0,
    "midPrice": 0,
    "bestBid": 0,
    "bestAsk": 0,
    "bidDepth": 0,
    "askDepth": 0,
    "orderBookImbalance": 0,
    "liquidityScore": 0,
    "depthAt1Pct": {
      "bidVolume": 0,
      "askVolume": 0,
      "imbalance": 0
    },
    "depthAt2Pct": {
      "bidVolume": 0,
      "askVolume": 0,
      "imbalance": 0
    },
    "depthAt5Pct": {
      "bidVolume": 0,
      "askVolume": 0,
      "imbalance": 0
    },
    "weightedMidPrice": 0,
    "volumeWeightedSpread": 0,
    "totalBidLevels": 0,
    "totalAskLevels": 0
  },
  "marketCap": {
    "marketCap": 0,
    "totalVolume24h": 0,
    "volumeToMarketCapRatio": 0,
    "marketCapRank": 0,
    "normalizedRank": 0,
    "isHighLiquidity": false,
    "isVeryHighLiquidity": false,
    "isLowLiquidity": true,
    "liquidityTier": "VERY_LOW"
  },
  "sweeps": {
    "sweepScore": 0,
    "sweepCount": 0,
    "sweepDirection": "NEUTRAL",
    "buySweeps": 0,
    "sellSweeps": 0,
    "avgSweepSize": 0,
    "avgSweepIntensity": 0,
    "bidLiftRatio": 0,
    "askLiftRatio": 0,
    "sweepFrequency": 0,
    "largestSweep": null,
    "recentSweepClusters": 0,
    "sweepDetails": []
  },
  "absorption": {
    "absorptionScore": 0,
    "absorptionLevel": null,
    "absorptionSide": "NONE",
    "icebergProbability": 0,
    "hiddenLiquidityEstimate": 0,
    "volumeAtPrice": {},
    "topAbsorptionLevels": [],
    "persistenceDuration": 0,
    "refillDetected": false
  },
  "orderArrival": {
    "avgInterArrivalTime": 0,
    "recentInterArrivalTime": 0,
    "accelerationRatio": 1,
    "hawkesIntensity": 0,
    "hawkesDirection": "NEUTRAL",
    "clusteringScore": 0,
    "burstCount": 0,
    "cascadeDetected": false,
    "timeToNextTrade": 0,
    "accelerationTrend": "STABLE"
  },
  "liquidityVacuum": {
    "vacuumScore": 0,
    "vacuumSide": "NONE",
    "bidVacuumSeverity": 0,
    "askVacuumSeverity": 0,
    "depthConcentration": 0,
    "priceImpact10k": 0,
    "priceImpact50k": 0,
    "priceImpact100k": 0,
    "largestGapBid": 0,
    "largestGapAsk": 0,
    "avgGapBid": 0,
    "avgGapAsk": 0,
    "bidCliffDistance": 0,
    "askCliffDistance": 0
  },
  "volatilityRegime": {
    "regime": "BELOW_NORMAL",
    "regimeScore": -0.5,
    "currentATR": 0.009546,
    "avgATR": 0.012508,
    "atrPercentile": 1.3,
    "realizedVolatility": 126.47,
    "volPercentile": 61,
    "expanding": false,
    "contracting": true,
    "transitionProbability": 0.4,
    "daysInRegime": 1,
    "regimeStrength": 0.88
  },
  "temporalPatterns": {
    "currentHour": 8,
    "currentDay": 0,
    "currentDayName": "Sunday",
    "dayBias": "NEUTRAL",
    "hourlyProfile": [
      {
        "avgVolume": 50517.69,
        "avgATR": 0.001657,
        "avgReturn": 0.018
      },
      {
        "avgVolume": 88561.25,
        "avgATR": 0.0018,
        "avgReturn": 0.527
      },
      {
        "avgVolume": 66362.53,
        "avgATR": 0.001429,
        "avgReturn": -0.297
      },
      {
        "avgVolume": 64556.57,
        "avgATR": 0.001671,
        "avgReturn": -0.472
      },
      {
        "avgVolume": 71020.44,
        "avgATR": 0.001107,
        "avgReturn": 0.195
      },
      {
        "avgVolume": 24862.71,
        "avgATR": 0.001221,
        "avgReturn": -0.26
      },
      {
        "avgVolume": 97888.37,
        "avgATR": 0.00185,
        "avgReturn": -1.461
      },
      {
        "avgVolume": 68325.06,
        "avgATR": 0.001536,
        "avgReturn": 0.186
      },
      {
        "avgVolume": 77142.66,
        "avgATR": 0.001421,
        "avgReturn": 0.703
      },
      {
        "avgVolume": 32785.99,
        "avgATR": 0.001164,
        "avgReturn": -0.132
      },
      {
        "avgVolume": 31042.62,
        "avgATR": 0.001364,
        "avgReturn": -0.403
      },
      {
        "avgVolume": 59364.53,
        "avgATR": 0.001586,
        "avgReturn": -1.144
      },
      {
        "avgVolume": 107331.03,
        "avgATR": 0.001786,
        "avgReturn": -0.21
      },
      {
        "avgVolume": 113982.25,
        "avgATR": 0.002014,
        "avgReturn": 0.464
      },
      {
        "avgVolume": 151575.53,
        "avgATR": 0.001862,
        "avgReturn": -0.315
      },
      {
        "avgVolume": 113321.53,
        "avgATR": 0.001914,
        "avgReturn": 0.207
      },
      {
        "avgVolume": 115943.44,
        "avgATR": 0.001793,
        "avgReturn": -0.932
      },
      {
        "avgVolume": 82878.47,
        "avgATR": 0.002079,
        "avgReturn": 0.426
      },
      {
        "avgVolume": 91269.16,
        "avgATR": 0.001493,
        "avgReturn": 0.107
      },
      {
        "avgVolume": 67460.69,
        "avgATR": 0.001093,
        "avgReturn": 0.198
      },
      {
        "avgVolume": 116169.67,
        "avgATR": 0.001614,
        "avgReturn": 0.238
      },
      {
        "avgVolume": 79379.08,
        "avgATR": 0.001271,
        "avgReturn": -0.324
      },
      {
        "avgVolume": 82565.64,
        "avgATR": 0.001521,
        "avgReturn": -0.42
      },
      {
        "avgVolume": 76183.89,
        "avgATR": 0.00115,
        "avgReturn": -0.32
      }
    ],
    "dailyProfile": [
      {
        "avgVolume": 68644.91,
        "avgATR": 0.00169,
        "avgReturn": -0.308
      },
      {
        "avgVolume": 90243.59,
        "avgATR": 0.001694,
        "avgReturn": 0.04
      },
      {
        "avgVolume": 72783.51,
        "avgATR": 0.00126,
        "avgReturn": -0.034
      },
      {
        "avgVolume": 112751.27,
        "avgATR": 0.001879,
        "avgReturn": -0.114
      },
      {
        "avgVolume": 58336.86,
        "avgATR": 0.001381,
        "avgReturn": -0.333
      },
      {
        "avgVolume": 94944.02,
        "avgATR": 0.001411,
        "avgReturn": 0.098
      },
      {
        "avgVolume": 64175.83,
        "avgATR": 0.001583,
        "avgReturn": -0.338
      }
    ],
    "favorableHours": [
      14,
      20,
      16,
      13,
      15,
      12
    ],
    "favorableWindow": false,
    "currentVsAvgVolume": 0,
    "currentVsAvgVolatility": 0,
    "anomalyDetected": true,
    "timeUntilFavorable": 4,
    "temporalScore": 0
  },
  "unifiedMicrostructure": {
    "signalDirections": {
      "vpin": "NEUTRAL",
      "sweeps": "NEUTRAL",
      "absorption": "NEUTRAL",
      "arrival": "NEUTRAL",
      "vacuum": "NONE",
      "volRegime": "FAVORABLE",
      "temporal": "UNFAVORABLE"
    },
    "consensusDirection": "NEUTRAL",
    "consensusStrength": 50,
    "bullishSignals": 1,
    "bearishSignals": 1,
    "neutralSignals": 0,
    "totalAvailableSignals": 2,
    "dominantPattern": "NONE",
    "clusters": {
      "strongBuyCluster": false,
      "distributionPattern": false,
      "accumulationPattern": false,
      "momentumCascade": false
    },
    "adaptiveWeights": {
      "vpin": 0,
      "sweeps": 0,
      "absorption": 0,
      "arrival": 0,
      "vacuum": 0,
      "volRegime": 0.021,
      "temporal": 0.02
    },
    "convictionLevel": "LOW",
    "convictionScore": 30,
    "riskAdjustment": "REDUCE",
    "timingQuality": "UNFAVORABLE",
    "signalQuality": "LOW"
  },
  "deltaAnalysis": {
    "currentDelta": 0,
    "cumulativeDelta": 0,
    "deltaPerVolume": 0,
    "deltaDirection": "NEUTRAL",
    "deltaDivergence": false,
    "institutionalRatio": 0,
    "aggressionScore": 0
  },
  "volumeProfile": {
    "pointOfControl": 0,
    "valueAreaHigh": 0,
    "valueAreaLow": 0,
    "currentPosition": "ABOVE_VALUE_AREA",
    "volumeNodes": [],
    "airPockets": []
  },
  "momentumCascade": {
    "cascadeDetected": false,
    "alignmentScore": 0.02327024301611029,
    "cascadeStrength": 0,
    "acceleratingTimeframes": [
      "5m",
      "15m"
    ],
    "divergingTimeframes": [
      "1m",
      "1h"
    ]
  },
  "breakoutConfirmation": {
    "breakoutConfirmed": false,
    "volumeConfirmation": false,
    "retestStrength": 0,
    "falseBreakoutRisk": 0,
    "breakoutQuality": "NO_BREAKOUT"
  },
  "liquidityHeatmap": {
    "liquidityScore": 0,
    "magnetDirection": "NONE",
    "magnetStrength": 0,
    "priceTarget5pct": null,
    "message": "No order book data"
  },
  "smartMoneyDivergence": {
    "divergenceDetected": false,
    "divergenceDirection": "NONE",
    "smartMoneyScore": 0.5,
    "message": "Insufficient trade data"
  },
  "microstructure": {
    "raw": -0.04370645846807723,
    "pct": 49,
    "summary": {
      "latestBucketSignedZ": 0,
      "buySellRatio": 0.5,
      "tradesPerSec": 0,
      "vwap": 0,
      "aggressorVWAP": 0,
      "vpinToxicity": "UNKNOWN",
      "sweepDirection": "NEUTRAL",
      "absorptionSide": "NONE",
      "icebergDetected": false,
      "hawkesDirection": "NEUTRAL",
      "cascadeDetected": false,
      "vacuumSide": "NONE",
      "volatilityRegime": "BELOW_NORMAL",
      "volExpanding": false,
      "favorableTimeWindow": false,
      "temporalAnomaly": true,
      "consensusDirection": "NEUTRAL",
      "consensusStrength": 50,
      "dominantPattern": "NONE",
      "convictionLevel": "LOW",
      "riskAdjustment": "REDUCE",
      "timingQuality": "UNFAVORABLE",
      "deltaDirection": "NEUTRAL",
      "deltaDivergence": false,
      "institutionalRatio": 0,
      "volumeProfilePosition": "ABOVE_VALUE_AREA",
      "pointOfControl": 0,
      "momentumCascadeDetected": false,
      "cascadeStrength": 0,
      "breakoutQuality": "NO_BREAKOUT",
      "breakoutConfirmed": false,
      "magnetDirection": "NONE",
      "magnetStrength": 0,
      "priceTarget5pct": null,
      "nearestBidWall": 0,
      "nearestAskWall": 0,
      "divergenceDetected": false,
      "divergenceDirection": "NONE",
      "whaleAccumulation": false,
      "whaleDistribution": false,
      "retailPanic": false,
      "smartMoneyScore": 0.5
    }
  }
}

=== MICROSTRUCTURE ALERTS ===

🔬 VPIN: Insufficient data for VPIN analysis

🌊 SWEEP DETECTION: No significant sweeps detected

🧊 ABSORPTION & ICEBERG: No significant absorption or iceberg orders detected

⚡ ORDER ARRIVAL DYNAMICS: Insufficient trades for analysis

🌪️ LIQUIDITY VACUUM: No significant vacuum detected

📊 VOLATILITY REGIME DETECTION:
   Current Regime: BELOW_NORMAL
   Regime Score: -0.50 (-1=low vol, +1=extreme vol)
   Days in Regime: 1
   ATR: $0.009546 (avg: $0.012508)
   ATR Percentile: 1.3%
   Realized Volatility: 126.47% (annualized)
   Vol Percentile: 61.0%

   🟢 BELOW NORMAL VOLATILITY:
   ⚡ Consolidation phase - watch for expansion
   ✅ Good entry zone for patient trades

   📉 VOLATILITY CONTRACTING:
   🔄 Consolidation phase - accumulation likely
   ⏳ Wait for expansion before entering

   📍 MODERATE REGIME TRANSITION PROBABILITY: 40%
   Monitor for potential regime change

   ⚠️ NEW REGIME: Only 1 day(s) - conditions still settling

⏰ TEMPORAL PATTERN ANALYSIS:
   Current Time: Sunday 8:00 UTC
   Day Bias: NEUTRAL
   Current vs Avg Volume: 0x
   Current vs Avg Volatility: 0x

   ⏳ NON-FAVORABLE TIME WINDOW:
   This hour typically shows weaker activity
   Next favorable window in 4 hour(s)

   ⚠️ LOW ACTIVITY ANOMALY:
   Volume 0x below typical - Extremely quiet

   📉 LOW VOLATILITY ANOMALY:
   Volatility 0x below typical - Consolidation likely

   🔥 Best Trading Hours (UTC): 14:00, 20:00, 16:00

🎯 UNIFIED MICROSTRUCTURE INTEGRATION:
   Signal Consensus: NEUTRAL (50% agreement)
   Available Signals: 2 (1 bullish / 1 bearish / 0 neutral)
   Conviction Level: LOW (30%)
   Signal Quality: LOW
   Risk Adjustment: REDUCE
   Timing Quality: UNFAVORABLE

   ⚠️ LOW CONVICTION: Only 50% signal agreement
   Weak alignment - Reduce position size or wait for clarity

   ⚠️ RISK REDUCTION RECOMMENDED: Extreme volatility or unfavorable timing detected

   ⏰ UNFAVORABLE TIMING: Avoid trading during this hour

   Signal Directions Breakdown:
   • VPIN: NEUTRAL
   • Sweeps: NEUTRAL
   • Absorption: NEUTRAL
   • Arrival Dynamics: NEUTRAL
   • Liquidity Vacuum: NONE
   • Vol Regime: FAVORABLE
   • Temporal: UNFAVORABLE

   Adaptive Weights (Total: 4.1%):
   • VPIN: 0.0%
   • Sweeps: 0.0%
   • Absorption: 0.0%
   • Arrival: 0.0%
   • Vacuum: 0.0%
   • Vol Regime: 2.1%
   • Temporal: 2.0%


💹 DELTA ANALYSIS (Order Flow Aggression):
   Direction: NEUTRAL
   Delta Per Volume: 0.00%
   Institutional Ratio: 0.0%
   Aggression Score: 0.0%

📊 VOLUME PROFILE (Support/Resistance Strength):
   Point of Control (POC): $0.000000
   Value Area High: $0.000000
   Value Area Low: $0.000000
   Current Position: ABOVE_VALUE_AREA
   ⚠️ DISTRIBUTION RISK: Price above value area - potential rejection zone

⚡ MOMENTUM CASCADE (Multi-Timeframe Alignment):
   Cascade Detected: NO
   Alignment Score: 2.3%
   Cascade Strength: 0.0%
   Accelerating: 5m, 15m
   Diverging: 1m, 1h

💥 BREAKOUT CONFIRMATION:
   Quality: NO_BREAKOUT
   Volume Confirmation: NO
   Retest Strength: 0.0%
   False Breakout Risk: 0.0%
   No breakout detected - price below resistance


levels:
Entry=0.061876, StopLoss=0.06001972, TakeProfit=0.062088075, 0.06230015, 0.062469809999999994

---

=== Token: XCN (XCN) ===
Contract: XCN-USD
Timestamp: 2025-04-11T13:45:00.000Z

Calculations:
{
  "momentumScore": 104.2309846959282,
  "volumeScore": 33.223648975137635,
  "patternScore": 60.37968347798002,
  "totalScore": 51.82314817115944,
  "finalScore": 51.82314817115944,
  "weights": "0.23,0.45,0.23",
  "hourlyUptrend": true,
  "rsi": 49.180327868852494,
  "ultraShortVolumeSurge": 0.8198927656709069,
  "baseVolumeSurge": 0.03176860075713235,
  "currentPrice": 0.02219,
  "resistance": 0.0228,
  "support": 0.0206,
  "rocMin5": 0.039344262295081985,
  "shortROC": -0.0022482014388488293,
  "priceAcceleration": 0.00972172897773915,
  "buySellRatio": 0.4704270742251634,
  "macdHistogram": -0.0003087450906206532,
  "stochasticK": 83.91304347826078,
  "atr": 0.0005921428571428563,
  "bbUpper": 0.02309650541550637,
  "bbLower": 0.02055749458449363,
  "hammerDetected": false,
  "engulfingDetected": false,
  "compressionSpring": {
    "detected": false,
    "confidence": 0,
    "signals": {
      "sidewaysPrice": false,
      "atrCompression": true,
      "bbSqueeze": false,
      "consolidationTime": true,
      "strongBuying": false,
      "obvPositive": false,
      "chaikinPositive": false,
      "rsiNeutral": false,
      "volumeBuilding": true
    },
    "metrics": {
      "priceRange": 10.68,
      "atrRatio": 0.453,
      "bbWidth": 11.63,
      "volumeRatio": 1.211,
      "signalCount": 3,
      "buySellRatio": 0.47
    }
  },
  "riskTier": "HIGH",
  "atrPercent": 4.036567308311336,
  "distanceToResistance": 2.748986029743125,
  "slPercent": 6,
  "tpPercent": 2.336638125281656,
  "trailingActivation": 1.4019828751689936,
  "shortMomentumScore": 0,
  "overboughtScore": 15,
  "shortPatternScore": 0,
  "shootingStarDetected": false,
  "bearishEngulfingDetected": false,
  "eveningStarDetected": false,
  "bearishPatternsCount": 0,
  "shortTotalScore": 5.25,
  "chaikin": -0.05621884414672465,
  "obvIncreasing": true,
  "obvTrend": "increasing",
  "adx": 14.223194748358893,
  "recentCandles": {
    "redCount": 4,
    "greenCount": 6
  },
  "resistanceDistance": 2.748986029743125,
  "multiplePatterns": false,
  "bullishPattern": false,
  "priceAboveVWAP": true,
  "breakingResistance": false,
  "atrSufficient": true,
  "macdDivergenceBearish": true,
  "rvolMin1": -0.10693970484968802,
  "rvolMin5": -0.14835689427256457,
  "atrPercentileOld": 0.573170731707317,
  "vwapDeviation": 24.213839213711257,
  "bbWidthPercent": 11.632431534396568,
  "bbSqueeze": false,
  "multiTFMomentum": {
    "min1": {
      "roc1": -0.009442446043165395,
      "roc3": -0.006314839873703102
    },
    "min5": {
      "roc1": -0.0022482014388488293,
      "roc3": 0.021168890934192455
    },
    "min15": {
      "roc1": 0.008543165467625864,
      "roc3": 0.05752003771805747
    },
    "hourly": {
      "roc1": 0.0322135296824666,
      "roc3": 0.05255748474894414
    },
    "fourHour": {
      "roc1": 0.020937642239417326,
      "roc3": 0.26723163841807895
    },
    "divergenceShortUpLongDown": false
  },
  "returnZMin5": -0.24951925852364257,
  "wickClosePct": 0.48888888888889315,
  "wickUpper": 0.0001799999999999996,
  "wickLower": 0.00022000000000000144,
  "wickRatio": 4.400000000000208,
  "donchianBreakout15": false,
  "bbWidthPercentile15": 0.11688311688311688,
  "signedMin5": 540940171.1000001,
  "signedMin5Z": 20.06221226365308,
  "signedMin1": 34041372.900000006,
  "signedMin1Z": 5.909424464176261,
  "streakMin1": {
    "upStreak": 0,
    "downStreak": 2
  },
  "streakMin5": {
    "upStreak": 0,
    "downStreak": 1
  },
  "rvolPercentileMin1": 0.525,
  "rvolPercentileMin5": 0.5590277777777778,
  "perTfMetrics": {
    "min1": {
      "sma20": 0.021771999999999993,
      "sma50": 0.021539600000000002,
      "ema20": 0.021873223859544835,
      "ema50": 0.0217348588705463,
      "vwma20": 0.02187112172208028,
      "hma21": 0.022357532467532477,
      "atr14": 0.00024285714285714262,
      "atrPercentile": 0.769889224572004,
      "rvolZ": -0.10693970484968802,
      "rvolPercentile": 0.525,
      "mfi14": 81.5412343954744,
      "ppo": {
        "ppo": 0.9257744686713256,
        "signal": 0.7492812150592649,
        "histogram": 0.1764932536120607
      },
      "stochRsi": {
        "k": 53.89345650083299,
        "d": 70.32047317761592
      },
      "vprofile": {
        "vpBins": [
          0,
          0.02921526483314687,
          0.03437664047215322,
          0.015491254751678459,
          0.012325148768454924,
          0.06004709563158174,
          0.04457860718703568,
          0.09705978965942927,
          0.07433062526579964,
          0.08964712301968168,
          0.054501745622996096,
          0.044527241205862,
          0.05762791741899266,
          0.07859604161740927,
          0.061646303503690804,
          0.06561093830283456,
          0.11494231845118809,
          0.035729179494635215,
          0.029746764793429848,
          0
        ],
        "currentBinShare": 0.07859604161740927
      },
      "ttm": {
        "squeeze": false,
        "release": false,
        "widthPct": 7.038407293866333
      }
    },
    "min5": {
      "sma20": 0.021879999999999997,
      "sma50": 0.0216728,
      "ema20": 0.021795223368863824,
      "ema50": 0.021703623862144573,
      "vwma20": 0.021802398943352973,
      "hma21": 0.021230043290043302,
      "atr14": 0.0005921428571428563,
      "atrPercentile": 0.6970802919708029,
      "rvolZ": -0.14835689427256457,
      "rvolPercentile": 0.5590277777777778,
      "mfi14": 53.65443857970531,
      "ppo": {
        "ppo": 0.016488088885162747,
        "signal": -0.24425067245385956,
        "histogram": 0.2607387613390223
      },
      "stochRsi": {
        "k": 88.05620608899319,
        "d": 48.77666270389844
      },
      "vprofile": {
        "vpBins": [
          0.022835419824255365,
          0.07798000829426185,
          0.05420575589292453,
          0.0049704237091271015,
          0.06114277025528605,
          0.028508329270552985,
          0.04330433358475277,
          0.07679294429916911,
          0.10135598876172251,
          0.045123920920325605,
          0.018560638250328006,
          0.03435559640881399,
          0.026648605296225834,
          0.07321161739859836,
          0.047144874200650416,
          0.08666179139942906,
          0.09896149564497453,
          0.07002922552245505,
          0.02820626106614713,
          0
        ],
        "currentBinShare": 0.08666179139942906
      },
      "ttm": {
        "squeeze": false,
        "release": false,
        "widthPct": 9.269117177992769
      }
    },
    "min15": {
      "sma20": 0.021827,
      "sma50": 0.0205096,
      "ema20": 0.021726543027483135,
      "ema50": 0.020500922647841518,
      "vwma20": 0.021657608346503543,
      "hma21": 0.022197922077922084,
      "atr14": 0.0008957142857142856,
      "atrPercentile": 0.573170731707317,
      "rvolZ": -0.3819230825575024,
      "rvolPercentile": 0.4375,
      "mfi14": 67.9043498390696,
      "ppo": {
        "ppo": 1.847573936929551,
        "signal": 2.30582213024206,
        "histogram": -0.4582481933125089
      },
      "stochRsi": {
        "k": 83.29305818538259,
        "d": 58.91222038829803
      },
      "vprofile": {
        "vpBins": [
          0.00902934686686739,
          0.05893943643133525,
          0.048192731385006356,
          0.07337104322051861,
          0.07065156819241299,
          0.08748250561751039,
          0.13803515918128434,
          0.06157888095172853,
          0.026742206305577696,
          0.05746896865588662,
          0.08630077034541285,
          0.005499833238638205,
          0.026705475967745036,
          0.008094342706496557,
          0.0351625357826036,
          0.02576788087405561,
          0.07142462921469085,
          0.10027819565558908,
          0.009274489406639988,
          0
        ],
        "currentBinShare": 0.10027819565558908
      },
      "ttm": {
        "squeeze": false,
        "release": false,
        "widthPct": 11.632431534396568
      }
    },
    "hourly": {
      "sma20": 0.019123499999999995,
      "sma50": 0.014620600000000004,
      "ema20": 0.019337517290502884,
      "ema50": 0.01584482338085769,
      "vwma20": 0.019258899291529106,
      "hma21": 0.023038917748917743,
      "atr14": 0.0018892857142857142,
      "atrPercentile": 1,
      "rvolZ": 2.261669547533241,
      "rvolPercentile": 0.9583333333333334,
      "mfi14": 69.52662237171414,
      "ppo": {
        "ppo": 12.282947897857282,
        "signal": 12.572093581388126,
        "histogram": -0.2891456835308439
      },
      "stochRsi": {
        "k": 53.55103911263394,
        "d": 73.76783602795197
      },
      "vprofile": {
        "vpBins": [
          0.029530681289344423,
          0.18933399059017886,
          0.07535664167773296,
          0.01604478879806066,
          0.06107289432007002,
          0.09095253900060087,
          0,
          0.021516622115100116,
          0.04824514310326191,
          0.061030523917647246,
          0.10825972389061991,
          0.06606632952433925,
          0.01982713040997653,
          0.025856873584742524,
          0.05747684929904673,
          0,
          0.021382830933812165,
          0.03608223187145622,
          0.07196420567400982,
          0
        ],
        "currentBinShare": 0.07196420567400982
      },
      "ttm": {
        "squeeze": false,
        "release": false,
        "widthPct": 51.48307907015971
      }
    },
    "fourHour": {
      "sma20": 0.012654999999999996,
      "sma50": 0.0104346,
      "ema20": 0.014294367225136353,
      "ema50": 0.011600168780448863,
      "vwma20": 0.01596025358739651,
      "hma21": 0.019136666666666663,
      "atr14": 0.002389285714285715,
      "atrPercentile": 1,
      "rvolZ": 2.1756046032936696,
      "rvolPercentile": 0.9404761904761905,
      "mfi14": 87.95136418778775,
      "ppo": {
        "ppo": 22.29607299543666,
        "signal": 14.527814822292038,
        "histogram": 7.768258173144622
      },
      "stochRsi": {
        "k": 100,
        "d": 93.041270752579
      },
      "vprofile": {
        "vpBins": [
          0.02291759785363982,
          0.2090636718078062,
          0.16193034230575362,
          0.08400605353326972,
          0.06554246788013299,
          0.05928621762259259,
          0,
          0,
          0.04555573778063287,
          0.09169442002679659,
          0.07403957149828165,
          0,
          0.031330383147580264,
          0.0532306036915502,
          0,
          0,
          0,
          0.0532374853330345,
          0.04816544751892898,
          0
        ],
        "currentBinShare": 0.04816544751892898
      },
      "ttm": {
        "squeeze": false,
        "release": true,
        "widthPct": 142.77478285812654
      }
    },
    "daily": {
      "sma20": 0.010825500000000002,
      "sma50": 0.013023199999999999,
      "ema20": 0.011852315722447111,
      "ema50": 0.012976853956139397,
      "vwma20": 0,
      "hma21": 0.011108138528138524,
      "atr14": 0.002710714285714286,
      "atrPercentile": 0.4473684210526316,
      "rvolZ": 0,
      "rvolPercentile": 1,
      "mfi14": 50,
      "ppo": {
        "ppo": 3.2280528390852132,
        "signal": -7.622502948188529,
        "histogram": 10.850555787273743
      },
      "stochRsi": {
        "k": 100,
        "d": 68.40712080408197
      },
      "vprofile": {
        "vpBins": [
          0,
          0,
          0,
          0,
          0,
          0,
          0,
          0,
          0,
          0,
          0,
          0,
          0,
          0,
          0,
          0,
          0,
          0,
          0,
          0
        ],
        "currentBinShare": 0
      },
      "ttm": {
        "squeeze": false,
        "release": true,
        "widthPct": 106.13312951797947
      }
    }
  },
  "smaMin5": 0.021879999999999997,
  "emaMin5": 0.021795223368863824,
  "vwmaMin5": 0.021802398943352973,
  "hmaMin5": 0.021230043290043302,
  "keltner15": {
    "upper": 0.023034543027483135,
    "middle": 0.021726543027483135,
    "lower": 0.020418543027483135
  },
  "superTrend15": {
    "isBull": true,
    "finalUpper": 0.024946,
    "finalLower": 0.019714
  },
  "mfi15": 67.9043498390696,
  "stochRsi15": {
    "k": 83.29305818538259,
    "d": 58.91222038829803
  },
  "ppo15": {
    "ppo": 1.847573936929551,
    "signal": 2.30582213024206,
    "histogram": -0.4582481933125089
  },
  "vpMin15": {
    "vpBins": [
      0.00902934686686739,
      0.05893943643133525,
      0.048192731385006356,
      0.07337104322051861,
      0.07065156819241299,
      0.08748250561751039,
      0.13803515918128434,
      0.06157888095172853,
      0.026742206305577696,
      0.05746896865588662,
      0.08630077034541285,
      0.005499833238638205,
      0.026705475967745036,
      0.008094342706496557,
      0.0351625357826036,
      0.02576788087405561,
      0.07142462921469085,
      0.10027819565558908,
      0.009274489406639988,
      0
    ],
    "currentBinShare": 0.10027819565558908
  },
  "ttm15": {
    "squeeze": false,
    "release": false,
    "widthPct": 11.632431534396568
  },
  "marketCorrelation": {
    "hourly": {
      "btcCorrelation": 0,
      "ethCorrelation": 0,
      "btcBeta": 1,
      "ethBeta": 1,
      "btcTrend": "UNKNOWN",
      "ethTrend": "UNKNOWN",
      "tokenVol": 0,
      "btcVol": 0,
      "ethVol": 0,
      "marketDependence": 0,
      "verdict": "INSUFFICIENT_DATA"
    },
    "min15": {
      "btcCorrelation": 0,
      "ethCorrelation": 0,
      "btcBeta": 1,
      "ethBeta": 1,
      "btcTrend": "UNKNOWN",
      "ethTrend": "UNKNOWN",
      "tokenVol": 0,
      "btcVol": 0,
      "ethVol": 0,
      "marketDependence": 0,
      "verdict": "INSUFFICIENT_DATA"
    },
    "daily": {
      "btcCorrelation": 0,
      "ethCorrelation": 0,
      "btcBeta": 1,
      "ethBeta": 1,
      "btcTrend": "UNKNOWN",
      "ethTrend": "UNKNOWN",
      "tokenVol": 0,
      "btcVol": 0,
      "ethVol": 0,
      "marketDependence": 0,
      "verdict": "INSUFFICIENT_DATA"
    }
  },
  "tradeTape": {
    "totalTrades": 0,
    "totalVolume": 0,
    "buysVolume": 0,
    "sellsVolume": 0,
    "buySellRatio": 0.5,
    "vwap": 0,
    "signedVolume": 0,
    "avgTradeSize": 0,
    "tradesPerSec": 0,
    "cumulativeDelta": 0,
    "tradesLast1m": 0,
    "tradesLast5m": 0,
    "tradesLast15m": 0,
    "tradesLast1h": 0,
    "buyVWAP": 0,
    "sellVWAP": 0,
    "aggressorVWAP": 0,
    "bucketDurationMs": 60000,
    "bucketCount": 15,
    "bucketSignedVolumes": [],
    "bucketVolumes": [],
    "bucketVWAPs": [],
    "latestBucketSignedZ": 0
  },
  "enhancedMetrics": {
    "relativeVolumeZScore": -1,
    "volumePercentile": 40,
    "atrPercentile": 67.88321167883211,
    "volatilityPercentile": 98.10126582278481,
    "relativeVolatilityRatio": 1.1315311612850356,
    "isHighVolume": false,
    "isHighVolatility": true,
    "isLowVolatility": false,
    "isExpandingVolatility": false,
    "isContractingVolatility": false
  },
  "orderBook": {
    "bidAskSpread": 0,
    "spreadPct": 0,
    "midPrice": 0,
    "bestBid": 0,
    "bestAsk": 0,
    "bidDepth": 0,
    "askDepth": 0,
    "orderBookImbalance": 0,
    "liquidityScore": 0,
    "depthAt1Pct": {
      "bidVolume": 0,
      "askVolume": 0,
      "imbalance": 0
    },
    "depthAt2Pct": {
      "bidVolume": 0,
      "askVolume": 0,
      "imbalance": 0
    },
    "depthAt5Pct": {
      "bidVolume": 0,
      "askVolume": 0,
      "imbalance": 0
    },
    "weightedMidPrice": 0,
    "volumeWeightedSpread": 0,
    "totalBidLevels": 0,
    "totalAskLevels": 0
  },
  "marketCap": {
    "marketCap": 0,
    "totalVolume24h": 0,
    "volumeToMarketCapRatio": 0,
    "marketCapRank": 0,
    "normalizedRank": 0,
    "isHighLiquidity": false,
    "isVeryHighLiquidity": false,
    "isLowLiquidity": true,
    "liquidityTier": "VERY_LOW"
  },
  "sweeps": {
    "sweepScore": 0,
    "sweepCount": 0,
    "sweepDirection": "NEUTRAL",
    "buySweeps": 0,
    "sellSweeps": 0,
    "avgSweepSize": 0,
    "avgSweepIntensity": 0,
    "bidLiftRatio": 0,
    "askLiftRatio": 0,
    "sweepFrequency": 0,
    "largestSweep": null,
    "recentSweepClusters": 0,
    "sweepDetails": []
  },
  "absorption": {
    "absorptionScore": 0,
    "absorptionLevel": null,
    "absorptionSide": "NONE",
    "icebergProbability": 0,
    "hiddenLiquidityEstimate": 0,
    "volumeAtPrice": {},
    "topAbsorptionLevels": [],
    "persistenceDuration": 0,
    "refillDetected": false
  },
  "orderArrival": {
    "avgInterArrivalTime": 0,
    "recentInterArrivalTime": 0,
    "accelerationRatio": 1,
    "hawkesIntensity": 0,
    "hawkesDirection": "NEUTRAL",
    "clusteringScore": 0,
    "burstCount": 0,
    "cascadeDetected": false,
    "timeToNextTrade": 0,
    "accelerationTrend": "STABLE"
  },
  "liquidityVacuum": {
    "vacuumScore": 0,
    "vacuumSide": "NONE",
    "bidVacuumSeverity": 0,
    "askVacuumSeverity": 0,
    "depthConcentration": 0,
    "priceImpact10k": 0,
    "priceImpact50k": 0,
    "priceImpact100k": 0,
    "largestGapBid": 0,
    "largestGapAsk": 0,
    "avgGapBid": 0,
    "avgGapAsk": 0,
    "bidCliffDistance": 0,
    "askCliffDistance": 0
  },
  "volatilityRegime": {
    "regime": "NORMAL",
    "regimeScore": 0,
    "currentATR": 0.002031,
    "avgATR": 0.001367,
    "atrPercentile": 34.2,
    "realizedVolatility": 171.35,
    "volPercentile": 78,
    "expanding": false,
    "contracting": true,
    "transitionProbability": 0.7,
    "daysInRegime": 1,
    "regimeStrength": 0.39
  },
  "temporalPatterns": {
    "currentHour": 8,
    "currentDay": 0,
    "currentDayName": "Sunday",
    "dayBias": "NEUTRAL",
    "hourlyProfile": [
      {
        "avgVolume": 63091605.03,
        "avgATR": 0.000376,
        "avgReturn": -1.105
      },
      {
        "avgVolume": 66863090.08,
        "avgATR": 0.000436,
        "avgReturn": 1.178
      },
      {
        "avgVolume": 63369298.21,
        "avgATR": 0.000426,
        "avgReturn": -0.053
      },
      {
        "avgVolume": 57042892.61,
        "avgATR": 0.000342,
        "avgReturn": -0.663
      },
      {
        "avgVolume": 53606238.36,
        "avgATR": 0.00034,
        "avgReturn": -0.268
      },
      {
        "avgVolume": 34483757.87,
        "avgATR": 0.000247,
        "avgReturn": -0.381
      },
      {
        "avgVolume": 35124733.15,
        "avgATR": 0.000306,
        "avgReturn": -0.187
      },
      {
        "avgVolume": 62167689.34,
        "avgATR": 0.000602,
        "avgReturn": 1.702
      },
      {
        "avgVolume": 45151847.34,
        "avgATR": 0.000371,
        "avgReturn": 0.828
      },
      {
        "avgVolume": 33514611.87,
        "avgATR": 0.00026,
        "avgReturn": -0.48
      },
      {
        "avgVolume": 47730388.31,
        "avgATR": 0.000447,
        "avgReturn": -0.609
      },
      {
        "avgVolume": 40820042.92,
        "avgATR": 0.000327,
        "avgReturn": 0.394
      },
      {
        "avgVolume": 57263743.82,
        "avgATR": 0.000351,
        "avgReturn": 0.532
      },
      {
        "avgVolume": 82682184.36,
        "avgATR": 0.000477,
        "avgReturn": 0.823
      },
      {
        "avgVolume": 58583189.28,
        "avgATR": 0.00036,
        "avgReturn": 0.362
      },
      {
        "avgVolume": 98582408.49,
        "avgATR": 0.000454,
        "avgReturn": 1.085
      },
      {
        "avgVolume": 102059652.59,
        "avgATR": 0.000399,
        "avgReturn": -0.851
      },
      {
        "avgVolume": 64347688.66,
        "avgATR": 0.000398,
        "avgReturn": 1.602
      },
      {
        "avgVolume": 65859563.73,
        "avgATR": 0.000362,
        "avgReturn": 0.022
      },
      {
        "avgVolume": 81539683.12,
        "avgATR": 0.00039,
        "avgReturn": 0.331
      },
      {
        "avgVolume": 106429515.92,
        "avgATR": 0.000419,
        "avgReturn": 0.226
      },
      {
        "avgVolume": 111164047.94,
        "avgATR": 0.0006,
        "avgReturn": 1.484
      },
      {
        "avgVolume": 79384930.44,
        "avgATR": 0.000389,
        "avgReturn": 0.107
      },
      {
        "avgVolume": 62700662.79,
        "avgATR": 0.000389,
        "avgReturn": 0.545
      }
    ],
    "dailyProfile": [
      {
        "avgVolume": 41360405.55,
        "avgATR": 0.000296,
        "avgReturn": -0.378
      },
      {
        "avgVolume": 44728078.28,
        "avgATR": 0.000288,
        "avgReturn": -0.1
      },
      {
        "avgVolume": 21094925.35,
        "avgATR": 0.000203,
        "avgReturn": -0.197
      },
      {
        "avgVolume": 70134363.42,
        "avgATR": 0.000411,
        "avgReturn": 0.786
      },
      {
        "avgVolume": 138930468.48,
        "avgATR": 0.000636,
        "avgReturn": 0.699
      },
      {
        "avgVolume": 98556164.51,
        "avgATR": 0.000703,
        "avgReturn": 0.737
      },
      {
        "avgVolume": 44984375.71,
        "avgATR": 0.000232,
        "avgReturn": 0.393
      }
    ],
    "favorableHours": [
      21,
      20,
      16,
      15,
      13,
      19
    ],
    "favorableWindow": false,
    "currentVsAvgVolume": 0,
    "currentVsAvgVolatility": 0,
    "anomalyDetected": true,
    "timeUntilFavorable": 5,
    "temporalScore": 0
  },
  "unifiedMicrostructure": {
    "signalDirections": {
      "vpin": "NEUTRAL",
      "sweeps": "NEUTRAL",
      "absorption": "NEUTRAL",
      "arrival": "NEUTRAL",
      "vacuum": "NONE",
      "volRegime": "NEUTRAL",
      "temporal": "UNFAVORABLE"
    },
    "consensusDirection": "BEARISH",
    "consensusStrength": 50,
    "bullishSignals": 0,
    "bearishSignals": 1,
    "neutralSignals": 1,
    "totalAvailableSignals": 2,
    "dominantPattern": "NONE",
    "clusters": {
      "strongBuyCluster": false,
      "distributionPattern": false,
      "accumulationPattern": false,
      "momentumCascade": false
    },
    "adaptiveWeights": {
      "vpin": 0,
      "sweeps": 0,
      "absorption": 0,
      "arrival": 0,
      "vacuum": 0,
      "volRegime": 0.021,
      "temporal": 0.02
    },
    "convictionLevel": "LOW",
    "convictionScore": 30,
    "riskAdjustment": "REDUCE",
    "timingQuality": "UNFAVORABLE",
    "signalQuality": "LOW"
  },
  "deltaAnalysis": {
    "currentDelta": 0,
    "cumulativeDelta": 0,
    "deltaPerVolume": 0,
    "deltaDirection": "NEUTRAL",
    "deltaDivergence": false,
    "institutionalRatio": 0,
    "aggressionScore": 0
  },
  "volumeProfile": {
    "pointOfControl": 0,
    "valueAreaHigh": 0,
    "valueAreaLow": 0,
    "currentPosition": "ABOVE_VALUE_AREA",
    "volumeNodes": [],
    "airPockets": []
  },
  "momentumCascade": {
    "cascadeDetected": false,
    "alignmentScore": 0.033241058687331584,
    "cascadeStrength": 0,
    "acceleratingTimeframes": [
      "5m",
      "15m"
    ],
    "divergingTimeframes": [
      "1m",
      "1h"
    ]
  },
  "breakoutConfirmation": {
    "breakoutConfirmed": false,
    "volumeConfirmation": false,
    "retestStrength": 0,
    "falseBreakoutRisk": 0,
    "breakoutQuality": "NO_BREAKOUT"
  },
  "liquidityHeatmap": {
    "liquidityScore": 0,
    "magnetDirection": "NONE",
    "magnetStrength": 0,
    "priceTarget5pct": null,
    "message": "No order book data"
  },
  "smartMoneyDivergence": {
    "divergenceDetected": false,
    "divergenceDirection": "NONE",
    "smartMoneyScore": 0.5,
    "message": "Insufficient trade data"
  },
  "microstructure": {
    "raw": -0.016489420678185342,
    "pct": 50,
    "summary": {
      "latestBucketSignedZ": 0,
      "buySellRatio": 0.5,
      "tradesPerSec": 0,
      "vwap": 0,
      "aggressorVWAP": 0,
      "vpinToxicity": "UNKNOWN",
      "sweepDirection": "NEUTRAL",
      "absorptionSide": "NONE",
      "icebergDetected": false,
      "hawkesDirection": "NEUTRAL",
      "cascadeDetected": false,
      "vacuumSide": "NONE",
      "volatilityRegime": "NORMAL",
      "volExpanding": false,
      "favorableTimeWindow": false,
      "temporalAnomaly": true,
      "consensusDirection": "BEARISH",
      "consensusStrength": 50,
      "dominantPattern": "NONE",
      "convictionLevel": "LOW",
      "riskAdjustment": "REDUCE",
      "timingQuality": "UNFAVORABLE",
      "deltaDirection": "NEUTRAL",
      "deltaDivergence": false,
      "institutionalRatio": 0,
      "volumeProfilePosition": "ABOVE_VALUE_AREA",
      "pointOfControl": 0,
      "momentumCascadeDetected": false,
      "cascadeStrength": 0,
      "breakoutQuality": "NO_BREAKOUT",
      "breakoutConfirmed": false,
      "magnetDirection": "NONE",
      "magnetStrength": 0,
      "priceTarget5pct": null,
      "nearestBidWall": 0,
      "nearestAskWall": 0,
      "divergenceDetected": false,
      "divergenceDirection": "NONE",
      "whaleAccumulation": false,
      "whaleDistribution": false,
      "retailPanic": false,
      "smartMoneyScore": 0.5
    }
  }
}

=== MICROSTRUCTURE ALERTS ===

🔬 VPIN: Insufficient data for VPIN analysis

🌊 SWEEP DETECTION: No significant sweeps detected

🧊 ABSORPTION & ICEBERG: No significant absorption or iceberg orders detected

⚡ ORDER ARRIVAL DYNAMICS: Insufficient trades for analysis

🌪️ LIQUIDITY VACUUM: No significant vacuum detected

📊 VOLATILITY REGIME DETECTION:
   Current Regime: NORMAL
   Regime Score: 0.00 (-1=low vol, +1=extreme vol)
   Days in Regime: 1
   ATR: $0.002031 (avg: $0.001367)
   ATR Percentile: 34.2%
   Realized Volatility: 171.35% (annualized)
   Vol Percentile: 78.0%

   ⚪ NORMAL VOLATILITY:
   📊 Balanced market conditions
   ✅ Standard risk management applies

   📉 VOLATILITY CONTRACTING:
   🔄 Consolidation phase - accumulation likely
   ⏳ Wait for expansion before entering

   ⚠️ HIGH REGIME TRANSITION PROBABILITY: 70%
   Market near regime boundary - expect volatility shift soon

   ⚠️ NEW REGIME: Only 1 day(s) - conditions still settling

⏰ TEMPORAL PATTERN ANALYSIS:
   Current Time: Sunday 8:00 UTC
   Day Bias: NEUTRAL
   Current vs Avg Volume: 0x
   Current vs Avg Volatility: 0x

   ⏳ NON-FAVORABLE TIME WINDOW:
   This hour typically shows weaker activity
   Next favorable window in 5 hour(s)

   ⚠️ LOW ACTIVITY ANOMALY:
   Volume 0x below typical - Extremely quiet

   📉 LOW VOLATILITY ANOMALY:
   Volatility 0x below typical - Consolidation likely

   🔥 Best Trading Hours (UTC): 21:00, 20:00, 16:00

🎯 UNIFIED MICROSTRUCTURE INTEGRATION:
   Signal Consensus: BEARISH (50% agreement)
   Available Signals: 2 (0 bullish / 1 bearish / 1 neutral)
   Conviction Level: LOW (30%)
   Signal Quality: LOW
   Risk Adjustment: REDUCE
   Timing Quality: UNFAVORABLE

   ⚠️ LOW CONVICTION: Only 50% signal agreement
   Weak alignment - Reduce position size or wait for clarity

   ⚠️ RISK REDUCTION RECOMMENDED: Extreme volatility or unfavorable timing detected

   ⏰ UNFAVORABLE TIMING: Avoid trading during this hour

   Signal Directions Breakdown:
   • VPIN: NEUTRAL
   • Sweeps: NEUTRAL
   • Absorption: NEUTRAL
   • Arrival Dynamics: NEUTRAL
   • Liquidity Vacuum: NONE
   • Vol Regime: NEUTRAL
   • Temporal: UNFAVORABLE

   Adaptive Weights (Total: 4.1%):
   • VPIN: 0.0%
   • Sweeps: 0.0%
   • Absorption: 0.0%
   • Arrival: 0.0%
   • Vacuum: 0.0%
   • Vol Regime: 2.1%
   • Temporal: 2.0%


💹 DELTA ANALYSIS (Order Flow Aggression):
   Direction: NEUTRAL
   Delta Per Volume: 0.00%
   Institutional Ratio: 0.0%
   Aggression Score: 0.0%

📊 VOLUME PROFILE (Support/Resistance Strength):
   Point of Control (POC): $0.000000
   Value Area High: $0.000000
   Value Area Low: $0.000000
   Current Position: ABOVE_VALUE_AREA
   ⚠️ DISTRIBUTION RISK: Price above value area - potential rejection zone

⚡ MOMENTUM CASCADE (Multi-Timeframe Alignment):
   Cascade Detected: NO
   Alignment Score: 3.3%
   Cascade Strength: 0.0%
   Accelerating: 5m, 15m
   Diverging: 1m, 1h

💥 BREAKOUT CONFIRMATION:
   Quality: NO_BREAKOUT
   Volume Confirmation: NO
   Retest Strength: 0.0%
   False Breakout Risk: 0.0%
   No breakout detected - price below resistance


levels:
Entry=0.02214562, StopLoss=0.0208168828, TakeProfit=0.022404351500000003, 0.022663083000000004, 0.0228700682

---
