
=== Token: DASH (DASH) ===
Contract: DASH-USD
Timestamp: 2025-04-16T13:25:00.000Z

Calculations:
{
  "momentumScore": 5.055653118328118,
  "volumeScore": 49.202110981158974,
  "patternScore": 35,
  "totalScore": 28.58763801111415,
  "finalScore": 28.58763801111415,
  "weights": "0.27,0.41,0.23",
  "hourlyUptrend": false,
  "rsi": 46.73913043478249,
  "ultraShortVolumeSurge": 1.2915396081769093,
  "baseVolumeSurge": 0.02323738211968538,
  "currentPrice": 20.15,
  "resistance": 20.3,
  "support": 19.99,
  "rocMin5": 0.0004965243296920561,
  "shortROC": 0.005489021956087796,
  "priceAcceleration": 0.00012927492472387427,
  "buySellRatio": 0.7391523294189519,
  "macdHistogram": -0.0059571259254187665,
  "stochasticK": 51.612903225806114,
  "atr": 0.084285714285714,
  "bbUpper": 20.30769019053004,
  "bbLower": 19.972309809469962,
  "hammerDetected": false,
  "engulfingDetected": false,
  "compressionSpring": {
    "detected": true,
    "confidence": 77,
    "signals": {
      "sidewaysPrice": true,
      "atrCompression": true,
      "bbSqueeze": true,
      "consolidationTime": true,
      "strongBuying": true,
      "obvPositive": false,
      "chaikinPositive": false,
      "rsiNeutral": true,
      "volumeBuilding": false
    },
    "metrics": {
      "priceRange": 1.55,
      "atrRatio": 0.761,
      "bbWidth": 1.67,
      "volumeRatio": 1.4,
      "signalCount": 6,
      "buySellRatio": 0.739
    }
  },
  "riskTier": "LOW",
  "atrPercent": 0.48918823112371473,
  "distanceToResistance": 0.7444168734491422,
  "slPercent": 2.5,
  "tpPercent": 0.6327543424317709,
  "trailingActivation": 0.3796526054590625,
  "shortMomentumScore": 5,
  "overboughtScore": 0,
  "shortPatternScore": 0,
  "shootingStarDetected": false,
  "bearishEngulfingDetected": false,
  "eveningStarDetected": false,
  "bearishPatternsCount": 0,
  "shortTotalScore": 2,
  "chaikin": 0.030511923158122876,
  "obvIncreasing": false,
  "obvTrend": "declining",
  "adx": 22.105263157895045,
  "recentCandles": {
    "redCount": 4,
    "greenCount": 6
  },
  "resistanceDistance": 0.7444168734491422,
  "multiplePatterns": false,
  "bullishPattern": false,
  "priceAboveVWAP": false,
  "breakingResistance": true,
  "atrSufficient": false,
  "macdDivergenceBearish": false,
  "rvolMin1": 0.5639318793119581,
  "rvolMin5": 0.8987870122325746,
  "atrPercentileOld": 0.8414634146341463,
  "vwapDeviation": -1.2761648084753223,
  "bbWidthPercent": 1.6652451889775401,
  "bbSqueeze": true,
  "multiTFMomentum": {
    "min1": {
      "roc1": 0.0024950099800399557,
      "roc3": 0.0004980079681275679
    },
    "min5": {
      "roc1": 0.005489021956087796,
      "roc3": 0.0034860557768924445
    },
    "min15": {
      "roc1": 0.006493506493506444,
      "roc3": 0.0004965243296920561
    },
    "hourly": {
      "roc1": 0.005489021956087796,
      "roc3": -0.003954522985664946
    },
    "fourHour": {
      "roc1": 0.002487562189054585,
      "roc3": -0.01273885350318479
    },
    "divergenceShortUpLongDown": false
  },
  "returnZMin5": 1.631229780916929,
  "wickClosePct": 1,
  "wickUpper": 0,
  "wickLower": 0,
  "wickRatio": 0,
  "donchianBreakout15": false,
  "bbWidthPercentile15": 0.6103896103896104,
  "signedMin5": -1684.9946317899994,
  "signedMin5Z": -14.65755008638877,
  "signedMin1": -1958.2851341700007,
  "signedMin1Z": -19.192749876598327,
  "streakMin1": {
    "upStreak": 2,
    "downStreak": 0
  },
  "streakMin5": {
    "upStreak": 2,
    "downStreak": 0
  },
  "rvolPercentileMin1": 0.9444444444444444,
  "rvolPercentileMin5": 0.9444444444444444,
  "perTfMetrics": {
    "min1": {
      "sma20": 20.1545,
      "sma50": 20.1602,
      "ema20": 20.13895196170483,
      "ema50": 20.175979969460254,
      "vwma20": 20.14570846788863,
      "hma21": 20.144978354978356,
      "atr14": 0.055714285714285286,
      "atrPercentile": 0.716012084592145,
      "rvolZ": 0.5639318793119581,
      "rvolPercentile": 0.9444444444444444,
      "mfi14": 74.42447715077964,
      "ppo": {
        "ppo": -0.12891713395396234,
        "signal": -0.053164626304307586,
        "histogram": -0.07575250764965476
      },
      "stochRsi": {
        "k": 79.82857987291312,
        "d": 50.318143627214916
      },
      "vprofile": {
        "vpBins": [
          0.026416115761086826,
          0.00903577292412695,
          0.02846101842794441,
          0.16031286723420904,
          0.0671792615882761,
          0.05400854825613312,
          0.07990858787831878,
          0.03393691316986962,
          0.06073100875933335,
          0.02259513265234327,
          0.10304698291614825,
          0.01863643183809982,
          0.0324767486355437,
          0.012558876621363376,
          0.04929947577488205,
          0.07439421420531375,
          0.044701936004468035,
          0.025043648796390094,
          0.09687716656750305,
          0.0003792919886462218
        ],
        "currentBinShare": 0.16031286723420904
      },
      "ttm": {
        "squeeze": false,
        "release": false,
        "widthPct": 1.8097248951920089
      }
    },
    "min5": {
      "sma20": 20.147,
      "sma50": 20.19740000000001,
      "ema20": 20.144410477415008,
      "ema50": 20.194591123063375,
      "vwma20": 20.156440886233842,
      "hma21": 20.134112554112555,
      "atr14": 0.084285714285714,
      "atrPercentile": 0.8868613138686131,
      "rvolZ": 0.8987870122325746,
      "rvolPercentile": 0.9444444444444444,
      "mfi14": 62.556543219925,
      "ppo": {
        "ppo": -0.09565685346070212,
        "signal": -0.07655092745862192,
        "histogram": -0.019105926002080192
      },
      "stochRsi": {
        "k": 0,
        "d": 47.84150477952512
      },
      "vprofile": {
        "vpBins": [
          0.00019031627652289548,
          0.006629576990432518,
          0.022073680162955436,
          0.13039940262233268,
          0.0556816878238314,
          0.056424660449256474,
          0.013299330698943535,
          0.05970270769152129,
          0.04496601541713868,
          0.0734847867686268,
          0.006884947900614409,
          0.027320482173990124,
          0.04959690294546854,
          0.060243834056815555,
          0.19749632076573828,
          0.10548762387738003,
          0.07470200035320701,
          0.012756107989923814,
          0.0026596150353007165,
          0
        ],
        "currentBinShare": 0.0556816878238314
      },
      "ttm": {
        "squeeze": false,
        "release": false,
        "widthPct": 1.4068400248618325
      }
    },
    "min15": {
      "sma20": 20.14,
      "sma50": 20.233600000000003,
      "ema20": 20.159535333969824,
      "ema50": 20.240499885860615,
      "vwma20": 20.158275199692806,
      "hma21": 20.188311688311693,
      "atr14": 0.0985714285714285,
      "atrPercentile": 0.8414634146341463,
      "rvolZ": 0.47171277272628553,
      "rvolPercentile": 0.8854166666666666,
      "mfi14": 50.9893357865997,
      "ppo": {
        "ppo": -0.15753655824020904,
        "signal": -0.15706606609940818,
        "histogram": -0.00047049214080086
      },
      "stochRsi": {
        "k": 37.16981132075452,
        "d": 42.824650112070024
      },
      "vprofile": {
        "vpBins": [
          0.0007312804787269881,
          0.0027723802547358354,
          0.03184561050549203,
          0.007865666065033253,
          0.23353128368556278,
          0.039451180760103,
          0.022233573722454197,
          0.09001354575380592,
          0.13014992745445944,
          0.01914194486777457,
          0.027247812083754958,
          0.035448903930326806,
          0.0008154604578166467,
          0.023789310218919942,
          0.17149746407035119,
          0.07060091344607684,
          0.025567683271618517,
          0.06393150697855446,
          0.003364551994432586,
          0
        ],
        "currentBinShare": 0.23353128368556278
      },
      "ttm": {
        "squeeze": false,
        "release": false,
        "widthPct": 1.6652451889775401
      }
    },
    "hourly": {
      "sma20": 20.2685,
      "sma50": 20.511400000000002,
      "ema20": 20.27501686625727,
      "ema50": 20.449988989777605,
      "vwma20": 20.266330733358537,
      "hma21": 20.11454545454545,
      "atr14": 0.20785714285714338,
      "atrPercentile": 0.453416149068323,
      "rvolZ": -0.1753293583437534,
      "rvolPercentile": 0.5952380952380952,
      "mfi14": 33.72483999225783,
      "ppo": {
        "ppo": -0.5670212147616949,
        "signal": -0.5457962787508842,
        "histogram": -0.021224936010810658
      },
      "stochRsi": {
        "k": 98.24895170057427,
        "d": 43.27933986070942
      },
      "vprofile": {
        "vpBins": [
          0,
          0,
          0.030587291755572527,
          0.009410366885885198,
          0.021668655950287306,
          0.024308679881097965,
          0.0269855668566118,
          0.022702826775802907,
          0.022522741392701596,
          0.023977547266136132,
          0.1982326316589402,
          0.08225068579680088,
          0.1321235359848657,
          0.0527133598106662,
          0.1790975617821012,
          0.07131201398146164,
          0.0379250624929949,
          0.02314548522213975,
          0.03724695357155243,
          0.003789032934381449
        ],
        "currentBinShare": 0.1982326316589402
      },
      "ttm": {
        "squeeze": false,
        "release": false,
        "widthPct": 2.4075758332706467
      }
    },
    "fourHour": {
      "sma20": 20.616500000000006,
      "sma50": 20.430799999999998,
      "ema20": 20.517570807440336,
      "ema50": 20.607758078858534,
      "vwma20": 20.64759502146218,
      "hma21": 20.334761904761898,
      "atr14": 0.32500000000000007,
      "atrPercentile": 0.014285714285714285,
      "rvolZ": -0.5000399001823354,
      "rvolPercentile": 0.2857142857142857,
      "mfi14": 45.798758203685416,
      "ppo": {
        "ppo": -0.46631475855288096,
        "signal": -0.0861922220493978,
        "histogram": -0.38012253650348315
      },
      "stochRsi": {
        "k": 5.944365041342444,
        "d": 34.731884764522434
      },
      "vprofile": {
        "vpBins": [
          0,
          0,
          0,
          0,
          0.04704493827604415,
          0.05655919760020377,
          0.02162195490009345,
          0.10999014105427932,
          0.1385531330251481,
          0.05287701620281916,
          0.1412823510965542,
          0.1086728657471895,
          0.0961189844667549,
          0.04069747740776238,
          0.013893047629940784,
          0.107390795055777,
          0.051726578845702934,
          0.013571518691730289,
          0,
          0
        ],
        "currentBinShare": 0.05287701620281916
      },
      "ttm": {
        "squeeze": false,
        "release": false,
        "widthPct": 5.026664776635096
      }
    },
    "daily": {
      "sma20": 21.004,
      "sma50": 22.712000000000003,
      "ema20": 21.08391810118355,
      "ema50": 23.1656957416025,
      "vwma20": 0,
      "hma21": 19.331298701298703,
      "atr14": 1.2835714285714288,
      "atrPercentile": 0.18421052631578946,
      "rvolZ": 0,
      "rvolPercentile": 1,
      "mfi14": 50,
      "ppo": {
        "ppo": -3.7480561895197257,
        "signal": -3.9791646867293644,
        "histogram": 0.23110849720963866
      },
      "stochRsi": {
        "k": 77.23634533098414,
        "d": 39.8718506310704
      },
      "vprofile": {
        "vpBins": [
          0,
          0,
          0,
          0,
          0,
          0,
          0,
          0,
          0,
          0,
          0,
          0,
          0,
          0,
          0,
          0,
          0,
          0,
          0,
          0
        ],
        "currentBinShare": 0
      },
      "ttm": {
        "squeeze": false,
        "release": false,
        "widthPct": 19.3158467074568
      }
    }
  },
  "smaMin5": 20.147,
  "emaMin5": 20.144410477415008,
  "vwmaMin5": 20.156440886233842,
  "hmaMin5": 20.134112554112555,
  "keltner15": {
    "upper": 20.320035333969823,
    "middle": 20.159535333969824,
    "lower": 19.999035333969825
  },
  "superTrend15": {
    "isBull": true,
    "finalUpper": 20.400999999999996,
    "finalLower": 19.759
  },
  "mfi15": 50.9893357865997,
  "stochRsi15": {
    "k": 37.16981132075452,
    "d": 42.824650112070024
  },
  "ppo15": {
    "ppo": -0.15753655824020904,
    "signal": -0.15706606609940818,
    "histogram": -0.00047049214080086
  },
  "vpMin15": {
    "vpBins": [
      0.0007312804787269881,
      0.0027723802547358354,
      0.03184561050549203,
      0.007865666065033253,
      0.23353128368556278,
      0.039451180760103,
      0.022233573722454197,
      0.09001354575380592,
      0.13014992745445944,
      0.01914194486777457,
      0.027247812083754958,
      0.035448903930326806,
      0.0008154604578166467,
      0.023789310218919942,
      0.17149746407035119,
      0.07060091344607684,
      0.025567683271618517,
      0.06393150697855446,
      0.003364551994432586,
      0
    ],
    "currentBinShare": 0.23353128368556278
  },
  "ttm15": {
    "squeeze": false,
    "release": false,
    "widthPct": 1.6652451889775401
  },
  "marketCorrelation": {
    "hourly": {
      "btcCorrelation": 0,
      "ethCorrelation": 0,
      "btcBeta": 1,
      "ethBeta": 1,
      "btcTrend": "UNKNOWN",
      "ethTrend": "UNKNOWN",
      "tokenVol": 0,
      "btcVol": 0,
      "ethVol": 0,
      "marketDependence": 0,
      "verdict": "INSUFFICIENT_DATA"
    },
    "min15": {
      "btcCorrelation": 0,
      "ethCorrelation": 0,
      "btcBeta": 1,
      "ethBeta": 1,
      "btcTrend": "UNKNOWN",
      "ethTrend": "UNKNOWN",
      "tokenVol": 0,
      "btcVol": 0,
      "ethVol": 0,
      "marketDependence": 0,
      "verdict": "INSUFFICIENT_DATA"
    },
    "daily": {
      "btcCorrelation": 0,
      "ethCorrelation": 0,
      "btcBeta": 1,
      "ethBeta": 1,
      "btcTrend": "UNKNOWN",
      "ethTrend": "UNKNOWN",
      "tokenVol": 0,
      "btcVol": 0,
      "ethVol": 0,
      "marketDependence": 0,
      "verdict": "INSUFFICIENT_DATA"
    }
  },
  "tradeTape": {
    "totalTrades": 0,
    "totalVolume": 0,
    "buysVolume": 0,
    "sellsVolume": 0,
    "buySellRatio": 0.5,
    "vwap": 0,
    "signedVolume": 0,
    "avgTradeSize": 0,
    "tradesPerSec": 0,
    "cumulativeDelta": 0,
    "tradesLast1m": 0,
    "tradesLast5m": 0,
    "tradesLast15m": 0,
    "tradesLast1h": 0,
    "buyVWAP": 0,
    "sellVWAP": 0,
    "aggressorVWAP": 0,
    "bucketDurationMs": 60000,
    "bucketCount": 15,
    "bucketSignedVolumes": [],
    "bucketVolumes": [],
    "bucketVWAPs": [],
    "latestBucketSignedZ": 0
  },
  "enhancedMetrics": {
    "relativeVolumeZScore": -1,
    "volumePercentile": 40,
    "atrPercentile": 89.05109489051095,
    "volatilityPercentile": 26.265822784810126,
    "relativeVolatilityRatio": 1.3525561989562094,
    "isHighVolume": false,
    "isHighVolatility": false,
    "isLowVolatility": false,
    "isExpandingVolatility": true,
    "isContractingVolatility": false
  },
  "orderBook": {
    "bidAskSpread": 0,
    "spreadPct": 0,
    "midPrice": 0,
    "bestBid": 0,
    "bestAsk": 0,
    "bidDepth": 0,
    "askDepth": 0,
    "orderBookImbalance": 0,
    "liquidityScore": 0,
    "depthAt1Pct": {
      "bidVolume": 0,
      "askVolume": 0,
      "imbalance": 0
    },
    "depthAt2Pct": {
      "bidVolume": 0,
      "askVolume": 0,
      "imbalance": 0
    },
    "depthAt5Pct": {
      "bidVolume": 0,
      "askVolume": 0,
      "imbalance": 0
    },
    "weightedMidPrice": 0,
    "volumeWeightedSpread": 0,
    "totalBidLevels": 0,
    "totalAskLevels": 0
  },
  "marketCap": {
    "marketCap": 0,
    "totalVolume24h": 0,
    "volumeToMarketCapRatio": 0,
    "marketCapRank": 0,
    "normalizedRank": 0,
    "isHighLiquidity": false,
    "isVeryHighLiquidity": false,
    "isLowLiquidity": true,
    "liquidityTier": "VERY_LOW"
  },
  "sweeps": {
    "sweepScore": 0,
    "sweepCount": 0,
    "sweepDirection": "NEUTRAL",
    "buySweeps": 0,
    "sellSweeps": 0,
    "avgSweepSize": 0,
    "avgSweepIntensity": 0,
    "bidLiftRatio": 0,
    "askLiftRatio": 0,
    "sweepFrequency": 0,
    "largestSweep": null,
    "recentSweepClusters": 0,
    "sweepDetails": []
  },
  "absorption": {
    "absorptionScore": 0,
    "absorptionLevel": null,
    "absorptionSide": "NONE",
    "icebergProbability": 0,
    "hiddenLiquidityEstimate": 0,
    "volumeAtPrice": {},
    "topAbsorptionLevels": [],
    "persistenceDuration": 0,
    "refillDetected": false
  },
  "orderArrival": {
    "avgInterArrivalTime": 0,
    "recentInterArrivalTime": 0,
    "accelerationRatio": 1,
    "hawkesIntensity": 0,
    "hawkesDirection": "NEUTRAL",
    "clusteringScore": 0,
    "burstCount": 0,
    "cascadeDetected": false,
    "timeToNextTrade": 0,
    "accelerationTrend": "STABLE"
  },
  "liquidityVacuum": {
    "vacuumScore": 0,
    "vacuumSide": "NONE",
    "bidVacuumSeverity": 0,
    "askVacuumSeverity": 0,
    "depthConcentration": 0,
    "priceImpact10k": 0,
    "priceImpact50k": 0,
    "priceImpact100k": 0,
    "largestGapBid": 0,
    "largestGapAsk": 0,
    "avgGapBid": 0,
    "avgGapAsk": 0,
    "bidCliffDistance": 0,
    "askCliffDistance": 0
  },
  "volatilityRegime": {
    "regime": "LOW",
    "regimeScore": -1,
    "currentATR": 1.339231,
    "avgATR": 1.316103,
    "atrPercentile": 23.7,
    "realizedVolatility": 53.7,
    "volPercentile": 15.3,
    "expanding": false,
    "contracting": false,
    "transitionProbability": 0.3,
    "daysInRegime": 1,
    "regimeStrength": 0.05
  },
  "temporalPatterns": {
    "currentHour": 8,
    "currentDay": 0,
    "currentDayName": "Sunday",
    "dayBias": "NEUTRAL",
    "hourlyProfile": [
      {
        "avgVolume": 375.84,
        "avgATR": 0.200714,
        "avgReturn": 0.092
      },
      {
        "avgVolume": 196.08,
        "avgATR": 0.211429,
        "avgReturn": 0.335
      },
      {
        "avgVolume": 240.41,
        "avgATR": 0.177857,
        "avgReturn": -0.12
      },
      {
        "avgVolume": 612.58,
        "avgATR": 0.181429,
        "avgReturn": -0.225
      },
      {
        "avgVolume": 173.91,
        "avgATR": 0.166429,
        "avgReturn": 0.081
      },
      {
        "avgVolume": 315.1,
        "avgATR": 0.146429,
        "avgReturn": -0.035
      },
      {
        "avgVolume": 401.33,
        "avgATR": 0.260714,
        "avgReturn": -0.564
      },
      {
        "avgVolume": 310.6,
        "avgATR": 0.175714,
        "avgReturn": -0.091
      },
      {
        "avgVolume": 672.6,
        "avgATR": 0.226429,
        "avgReturn": 0.484
      },
      {
        "avgVolume": 291.42,
        "avgATR": 0.195714,
        "avgReturn": -0.004
      },
      {
        "avgVolume": 964.58,
        "avgATR": 0.228571,
        "avgReturn": -0.293
      },
      {
        "avgVolume": 216.89,
        "avgATR": 0.191429,
        "avgReturn": -0.011
      },
      {
        "avgVolume": 363.79,
        "avgATR": 0.273571,
        "avgReturn": -0.155
      },
      {
        "avgVolume": 585.24,
        "avgATR": 0.335714,
        "avgReturn": 0.368
      },
      {
        "avgVolume": 326.98,
        "avgATR": 0.306923,
        "avgReturn": 0.106
      },
      {
        "avgVolume": 429.09,
        "avgATR": 0.281429,
        "avgReturn": -0.057
      },
      {
        "avgVolume": 264.36,
        "avgATR": 0.225,
        "avgReturn": -0.027
      },
      {
        "avgVolume": 457.25,
        "avgATR": 0.335,
        "avgReturn": 0.496
      },
      {
        "avgVolume": 389.66,
        "avgATR": 0.243571,
        "avgReturn": -0.228
      },
      {
        "avgVolume": 373.1,
        "avgATR": 0.265,
        "avgReturn": -0.523
      },
      {
        "avgVolume": 246.9,
        "avgATR": 0.250714,
        "avgReturn": 0.221
      },
      {
        "avgVolume": 669.43,
        "avgATR": 0.167143,
        "avgReturn": -0.001
      },
      {
        "avgVolume": 274.3,
        "avgATR": 0.196429,
        "avgReturn": -0.45
      },
      {
        "avgVolume": 550.31,
        "avgATR": 0.213571,
        "avgReturn": 0.05
      }
    ],
    "dailyProfile": [
      {
        "avgVolume": 261.02,
        "avgATR": 0.200833,
        "avgReturn": -0.225
      },
      {
        "avgVolume": 549.55,
        "avgATR": 0.336667,
        "avgReturn": -0.017
      },
      {
        "avgVolume": 318.53,
        "avgATR": 0.194792,
        "avgReturn": -0.108
      },
      {
        "avgVolume": 362.71,
        "avgATR": 0.268936,
        "avgReturn": 0.131
      },
      {
        "avgVolume": 778.8,
        "avgATR": 0.26375,
        "avgReturn": -0.069
      },
      {
        "avgVolume": 387.19,
        "avgATR": 0.201458,
        "avgReturn": 0.074
      },
      {
        "avgVolume": 172.62,
        "avgATR": 0.124375,
        "avgReturn": 0.054
      }
    ],
    "favorableHours": [
      10,
      8,
      21,
      3,
      13,
      23
    ],
    "favorableWindow": true,
    "currentVsAvgVolume": 0,
    "currentVsAvgVolatility": 0,
    "anomalyDetected": true,
    "timeUntilFavorable": null,
    "temporalScore": 0.5
  },
  "unifiedMicrostructure": {
    "signalDirections": {
      "vpin": "NEUTRAL",
      "sweeps": "NEUTRAL",
      "absorption": "NEUTRAL",
      "arrival": "NEUTRAL",
      "vacuum": "NONE",
      "volRegime": "FAVORABLE",
      "temporal": "FAVORABLE"
    },
    "consensusDirection": "BULLISH",
    "consensusStrength": 100,
    "bullishSignals": 2,
    "bearishSignals": 0,
    "neutralSignals": 0,
    "totalAvailableSignals": 2,
    "dominantPattern": "NONE",
    "clusters": {
      "strongBuyCluster": false,
      "distributionPattern": false,
      "accumulationPattern": false,
      "momentumCascade": false
    },
    "adaptiveWeights": {
      "vpin": 0,
      "sweeps": 0,
      "absorption": 0,
      "arrival": 0,
      "vacuum": 0,
      "volRegime": 0.03,
      "temporal": 0.02
    },
    "convictionLevel": "HIGH",
    "convictionScore": 100,
    "riskAdjustment": "INCREASE",
    "timingQuality": "FAVORABLE",
    "signalQuality": "LOW"
  },
  "deltaAnalysis": {
    "currentDelta": 0,
    "cumulativeDelta": 0,
    "deltaPerVolume": 0,
    "deltaDirection": "NEUTRAL",
    "deltaDivergence": false,
    "institutionalRatio": 0,
    "aggressionScore": 0
  },
  "volumeProfile": {
    "pointOfControl": 0,
    "valueAreaHigh": 0,
    "valueAreaLow": 0,
    "currentPosition": "ABOVE_VALUE_AREA",
    "volumeNodes": [],
    "airPockets": []
  },
  "momentumCascade": {
    "cascadeDetected": false,
    "alignmentScore": -0.0019049885440820295,
    "cascadeStrength": 0,
    "acceleratingTimeframes": [],
    "divergingTimeframes": [
      "1m",
      "5m",
      "15m",
      "1h"
    ]
  },
  "breakoutConfirmation": {
    "breakoutConfirmed": false,
    "volumeConfirmation": false,
    "retestStrength": 0,
    "falseBreakoutRisk": 0,
    "breakoutQuality": "NO_BREAKOUT"
  },
  "liquidityHeatmap": {
    "liquidityScore": 0,
    "magnetDirection": "NONE",
    "magnetStrength": 0,
    "priceTarget5pct": null,
    "message": "No order book data"
  },
  "smartMoneyDivergence": {
    "divergenceDetected": false,
    "divergenceDirection": "NONE",
    "smartMoneyScore": 0.5,
    "message": "Insufficient trade data"
  },
  "microstructure": {
    "raw": -0.057924327820382523,
    "pct": 49,
    "summary": {
      "latestBucketSignedZ": 0,
      "buySellRatio": 0.5,
      "tradesPerSec": 0,
      "vwap": 0,
      "aggressorVWAP": 0,
      "vpinToxicity": "UNKNOWN",
      "sweepDirection": "NEUTRAL",
      "absorptionSide": "NONE",
      "icebergDetected": false,
      "hawkesDirection": "NEUTRAL",
      "cascadeDetected": false,
      "vacuumSide": "NONE",
      "volatilityRegime": "LOW",
      "volExpanding": false,
      "favorableTimeWindow": true,
      "temporalAnomaly": true,
      "consensusDirection": "BULLISH",
      "consensusStrength": 100,
      "dominantPattern": "NONE",
      "convictionLevel": "HIGH",
      "riskAdjustment": "INCREASE",
      "timingQuality": "FAVORABLE",
      "deltaDirection": "NEUTRAL",
      "deltaDivergence": false,
      "institutionalRatio": 0,
      "volumeProfilePosition": "ABOVE_VALUE_AREA",
      "pointOfControl": 0,
      "momentumCascadeDetected": false,
      "cascadeStrength": 0,
      "breakoutQuality": "NO_BREAKOUT",
      "breakoutConfirmed": false,
      "magnetDirection": "NONE",
      "magnetStrength": 0,
      "priceTarget5pct": null,
      "nearestBidWall": 0,
      "nearestAskWall": 0,
      "divergenceDetected": false,
      "divergenceDirection": "NONE",
      "whaleAccumulation": false,
      "whaleDistribution": false,
      "retailPanic": false,
      "smartMoneyScore": 0.5
    }
  }
}

=== MICROSTRUCTURE ALERTS ===

🔬 VPIN: Insufficient data for VPIN analysis

🌊 SWEEP DETECTION: No significant sweeps detected

🧊 ABSORPTION & ICEBERG: No significant absorption or iceberg orders detected

⚡ ORDER ARRIVAL DYNAMICS: Insufficient trades for analysis

🌪️ LIQUIDITY VACUUM: No significant vacuum detected

📊 VOLATILITY REGIME DETECTION:
   Current Regime: LOW
   Regime Score: -1.00 (-1=low vol, +1=extreme vol)
   Days in Regime: 1
   ATR: $1.339231 (avg: $1.316103)
   ATR Percentile: 23.7%
   Realized Volatility: 53.70% (annualized)
   Vol Percentile: 15.3%

   🔵 LOW VOLATILITY REGIME:
   ✅ Ideal for breakout setups - price coiling
   ✅ Tight stops recommended
   ✅ Can increase position size (lower risk)

   📍 MODERATE REGIME TRANSITION PROBABILITY: 30%
   Monitor for potential regime change

   ⚠️ NEW REGIME: Only 1 day(s) - conditions still settling

⏰ TEMPORAL PATTERN ANALYSIS:
   Current Time: Sunday 8:00 UTC
   Day Bias: NEUTRAL
   Current vs Avg Volume: 0x
   Current vs Avg Volatility: 0x

   ✅ FAVORABLE TIME WINDOW:
   This hour historically shows strong volume and positive returns
   GOOD time to trade - patterns favor entry

   ⚠️ LOW ACTIVITY ANOMALY:
   Volume 0x below typical - Extremely quiet

   📉 LOW VOLATILITY ANOMALY:
   Volatility 0x below typical - Consolidation likely

   🔥 Best Trading Hours (UTC): 10:00, 8:00, 21:00

🎯 UNIFIED MICROSTRUCTURE INTEGRATION:
   Signal Consensus: BULLISH (100% agreement)
   Available Signals: 2 (2 bullish / 0 bearish / 0 neutral)
   Conviction Level: HIGH (100%)
   Signal Quality: LOW
   Risk Adjustment: INCREASE
   Timing Quality: FAVORABLE

   ✅ HIGH CONVICTION: 100% of signals agree on direction
   Strong institutional alignment - Follow the smart money

   💰 RISK INCREASE OPPORTUNITY: Low vol + Favorable timing = Lower risk

   ⏰ FAVORABLE TIMING: Good time window for trading

   Signal Directions Breakdown:
   • VPIN: NEUTRAL
   • Sweeps: NEUTRAL
   • Absorption: NEUTRAL
   • Arrival Dynamics: NEUTRAL
   • Liquidity Vacuum: NONE
   • Vol Regime: FAVORABLE
   • Temporal: FAVORABLE

   Adaptive Weights (Total: 5.0%):
   • VPIN: 0.0%
   • Sweeps: 0.0%
   • Absorption: 0.0%
   • Arrival: 0.0%
   • Vacuum: 0.0%
   • Vol Regime: 3.0%
   • Temporal: 2.0%


💹 DELTA ANALYSIS (Order Flow Aggression):
   Direction: NEUTRAL
   Delta Per Volume: 0.00%
   Institutional Ratio: 0.0%
   Aggression Score: 0.0%

📊 VOLUME PROFILE (Support/Resistance Strength):
   Point of Control (POC): $0.000000
   Value Area High: $0.000000
   Value Area Low: $0.000000
   Current Position: ABOVE_VALUE_AREA
   ⚠️ DISTRIBUTION RISK: Price above value area - potential rejection zone

⚡ MOMENTUM CASCADE (Multi-Timeframe Alignment):
   Cascade Detected: NO
   Alignment Score: -0.2%
   Cascade Strength: 0.0%
   Accelerating: None
   Diverging: 1m, 5m, 15m, 1h

💥 BREAKOUT CONFIRMATION:
   Quality: NO_BREAKOUT
   Volume Confirmation: NO
   Retest Strength: 0.0%
   False Breakout Risk: 0.0%
   No breakout detected - price below resistance


levels:
Entry=20.1097, StopLoss=19.6069575, TakeProfit=20.1733225, 20.236945000000002, 20.287843000000002

---

=== Token: ZEC (ZEC) ===
Contract: ZEC-USD
Timestamp: 2025-04-16T13:25:00.000Z

Calculations:
{
  "momentumScore": 46.88485011667564,
  "volumeScore": 13.335374834879941,
  "patternScore": 20,
  "totalScore": 22.319576494853784,
  "finalScore": 0,
  "weights": "0.27,0.41,0.23",
  "hourlyUptrend": false,
  "rsi": 26.31578947368419,
  "ultraShortVolumeSurge": 0.8736373554616406,
  "baseVolumeSurge": 0.009824442728572044,
  "currentPrice": 30.95,
  "resistance": 31.5,
  "support": 30.87,
  "rocMin5": -0.006101477199743137,
  "shortROC": 0.00032320620555908243,
  "priceAcceleration": -0.00152803342688231,
  "buySellRatio": 0.3255309609079211,
  "macdHistogram": 0.019725378841619984,
  "stochasticK": 12.698412698412447,
  "atr": 0.1057142857142855,
  "bbUpper": 31.546205804493578,
  "bbLower": 31.00179419550641,
  "hammerDetected": false,
  "engulfingDetected": false,
  "compressionSpring": {
    "detected": true,
    "confidence": 54,
    "signals": {
      "sidewaysPrice": true,
      "atrCompression": true,
      "bbSqueeze": true,
      "consolidationTime": true,
      "strongBuying": false,
      "obvPositive": false,
      "chaikinPositive": false,
      "rsiNeutral": false,
      "volumeBuilding": false
    },
    "metrics": {
      "priceRange": 2.04,
      "atrRatio": 0.476,
      "bbWidth": 1.74,
      "volumeRatio": 4.272,
      "signalCount": 4,
      "buySellRatio": 0.326
    }
  },
  "riskTier": "LOW",
  "atrPercent": 0.47542118624509627,
  "distanceToResistance": 1.7770597738287583,
  "slPercent": 2.5,
  "tpPercent": 1.5105008077544446,
  "trailingActivation": 0.9063004846526668,
  "shortMomentumScore": 55,
  "overboughtScore": 0,
  "shortPatternScore": 25,
  "shootingStarDetected": true,
  "bearishEngulfingDetected": false,
  "eveningStarDetected": false,
  "bearishPatternsCount": 1,
  "shortTotalScore": 28.25,
  "chaikin": -0.41220455975969744,
  "obvIncreasing": false,
  "obvTrend": "declining",
  "adx": 27.906976744185467,
  "recentCandles": {
    "redCount": 6,
    "greenCount": 4
  },
  "resistanceDistance": 1.7770597738287583,
  "multiplePatterns": false,
  "bullishPattern": false,
  "priceAboveVWAP": false,
  "breakingResistance": false,
  "atrSufficient": false,
  "macdDivergenceBearish": false,
  "rvolMin1": -0.1861462497763525,
  "rvolMin5": -0.30136621655552603,
  "atrPercentileOld": 0.024390243902439025,
  "vwapDeviation": -0.7726223389943597,
  "bbWidthPercent": 1.7407802295426507,
  "bbSqueeze": true,
  "multiTFMomentum": {
    "min1": {
      "roc1": 0.0016160310277956419,
      "roc3": 0.0019398642095052932
    },
    "min5": {
      "roc1": 0.00032320620555908243,
      "roc3": -0.0035415325177076446
    },
    "min15": {
      "roc1": -0.0035415325177076446,
      "roc3": -0.009600000000000023
    },
    "hourly": {
      "roc1": -0.005772931366260415,
      "roc3": -0.008317338451695508
    },
    "fourHour": {
      "roc1": -0.008,
      "roc3": -0.024850581944007525
    },
    "divergenceShortUpLongDown": true
  },
  "returnZMin5": 0.28218866462662234,
  "wickClosePct": 0.16666666666663707,
  "wickUpper": 0.05000000000000071,
  "wickLower": 0,
  "wickRatio": 5.000000000001066,
  "donchianBreakout15": false,
  "bbWidthPercentile15": 0.1038961038961039,
  "signedMin5": 15.783210000000022,
  "signedMin5Z": 0.6951208526784941,
  "signedMin1": -30.176180000000013,
  "signedMin1Z": -2.4870700702934725,
  "streakMin1": {
    "upStreak": 2,
    "downStreak": 0
  },
  "streakMin5": {
    "upStreak": 1,
    "downStreak": 0
  },
  "rvolPercentileMin1": 0.5354166666666667,
  "rvolPercentileMin5": 0.15625,
  "perTfMetrics": {
    "min1": {
      "sma20": 31.0225,
      "sma50": 31.117400000000004,
      "ema20": 31.00800741678963,
      "ema50": 31.098137192090995,
      "vwma20": 31.05814274391767,
      "hma21": 30.875151515151508,
      "atr14": 0.038571428571428,
      "atrPercentile": 0.1878147029204431,
      "rvolZ": -0.1861462497763525,
      "rvolPercentile": 0.5354166666666667,
      "mfi14": 2.2091931105985765,
      "ppo": {
        "ppo": -0.18871985000240188,
        "signal": -0.18457139072709658,
        "histogram": -0.0041484592753052996
      },
      "stochRsi": {
        "k": 83.18042813455557,
        "d": 23.40067340067291
      },
      "vprofile": {
        "vpBins": [
          0.037488852110289655,
          0.0007345748888202318,
          0.0023086334129443294,
          0.01285330851418875,
          0,
          0,
          0.062267144247176116,
          0.07045143665156921,
          0.01235393433438926,
          0.25437894663072,
          0.06105601443339235,
          0.16103270375265638,
          0.14366577654479737,
          0.07161152227078078,
          0.019411878575924666,
          0.06426122235141737,
          0.008311080286599585,
          0.017812970994334074,
          0,
          0
        ],
        "currentBinShare": 0.01285330851418875
      },
      "ttm": {
        "squeeze": false,
        "release": false,
        "widthPct": 1.1098279763026249
      }
    },
    "min5": {
      "sma20": 31.203500000000002,
      "sma50": 31.235799999999998,
      "ema20": 31.15166754926516,
      "ema50": 31.24959508411479,
      "vwma20": 31.1906642585262,
      "hma21": 30.99939393939393,
      "atr14": 0.1057142857142855,
      "atrPercentile": 0.18248175182481752,
      "rvolZ": -0.30136621655552603,
      "rvolPercentile": 0.15625,
      "mfi14": 66.10030055518473,
      "ppo": {
        "ppo": -0.26664320962624594,
        "signal": -0.16203257481159417,
        "histogram": -0.10461063481465177
      },
      "stochRsi": {
        "k": 8.63952333664336,
        "d": 24.808254610886237
      },
      "vprofile": {
        "vpBins": [
          0.024904157808645983,
          0.0007065986866764139,
          0.306459480010013,
          0.0420045855494955,
          0.005127045829771434,
          0.09273410249905722,
          0.03531659061217841,
          0.041384818992218325,
          0.06770176695531045,
          0.06974195773286647,
          0.02256601853104102,
          0.011993095086252164,
          0.00979950477473017,
          0.0567702279844946,
          0.06509057623233035,
          0.050327373674324834,
          0.0007333943780247782,
          0.03937844456614848,
          0.057260260096420185,
          0
        ],
        "currentBinShare": 0.09273410249905722
      },
      "ttm": {
        "squeeze": false,
        "release": false,
        "widthPct": 1.7694386752488134
      }
    },
    "min15": {
      "sma20": 31.273999999999994,
      "sma50": 31.481200000000005,
      "ema20": 31.26693297020074,
      "ema50": 31.35345419316768,
      "vwma20": 31.226224212144082,
      "hma21": 31.176580086580078,
      "atr14": 0.1471428571428573,
      "atrPercentile": 0.024390243902439025,
      "rvolZ": -0.35555329653175993,
      "rvolPercentile": 0.40625,
      "mfi14": 17.964121975676292,
      "ppo": {
        "ppo": -0.28910881588858245,
        "signal": -0.2093972710451889,
        "histogram": -0.07971154484339354
      },
      "stochRsi": {
        "k": 0,
        "d": 37.690506335864086
      },
      "vprofile": {
        "vpBins": [
          0.03349053835887032,
          0.10462528103045307,
          0.12020176825219256,
          0.03344879776115099,
          0.020164251421189557,
          0.029956360641123173,
          0.08935566360064184,
          0.0840608129699289,
          0.06743840634206727,
          0.04173534981308446,
          0.2088631081942632,
          0.006874019665634886,
          0.004154193906298918,
          0.02595258980173122,
          0.032545987295072666,
          0.019698631913857467,
          0.03223686377852036,
          0.01564756447568275,
          0.02954981077823647,
          0
        ],
        "currentBinShare": 0.029956360641123173
      },
      "ttm": {
        "squeeze": false,
        "release": true,
        "widthPct": 1.7407802295426507
      }
    },
    "hourly": {
      "sma20": 31.341500000000003,
      "sma50": 31.6288,
      "ema20": 31.37110572156204,
      "ema50": 32.19340104289433,
      "vwma20": 31.258753830403073,
      "hma21": 31.554935064935062,
      "atr14": 0.47357142857142775,
      "atrPercentile": 0.015527950310559006,
      "rvolZ": -0.6196562835360894,
      "rvolPercentile": 0.20833333333333334,
      "mfi14": 54.96273737712275,
      "ppo": {
        "ppo": -0.5011585908715671,
        "signal": -0.5460825050115811,
        "histogram": 0.044923914140013954
      },
      "stochRsi": {
        "k": 49.036842022578185,
        "d": 56.10593430515603
      },
      "vprofile": {
        "vpBins": [
          0.07437632972674417,
          0.08571055484641286,
          0.07773182189544335,
          0.09830667331414408,
          0.035492472069744714,
          0,
          0.0124839819076968,
          0.021820145952865497,
          0.03265016168866474,
          0.044841623000277185,
          0.040701247793491845,
          0.10789535523329605,
          0.03040876007451012,
          0.058594262133016946,
          0.13955461374997563,
          0.05648688844765936,
          0.05077972084632416,
          0.02430063390415242,
          0.006206191688864503,
          0.0016585617267154613
        ],
        "currentBinShare": 0.08571055484641286
      },
      "ttm": {
        "squeeze": false,
        "release": false,
        "widthPct": 4.25749491653172
      }
    },
    "fourHour": {
      "sma20": 33.5315,
      "sma50": 35.903999999999996,
      "ema20": 33.07101762068453,
      "ema50": 35.15097626348179,
      "vwma20": 32.47584235128707,
      "hma21": 29.056233766233767,
      "atr14": 1.3821428571428567,
      "atrPercentile": 0.02857142857142857,
      "rvolZ": -0.9846242078982251,
      "rvolPercentile": 0.08333333333333333,
      "mfi14": 21.49288498673488,
      "ppo": {
        "ppo": -4.7529944832561535,
        "signal": -4.3575158998209,
        "histogram": -0.39547858343525366
      },
      "stochRsi": {
        "k": 37.89467260667899,
        "d": 21.28449374115057
      },
      "vprofile": {
        "vpBins": [
          0,
          0.1520490496174266,
          0.0285811564064829,
          0.09576799698794872,
          0.013573295302308526,
          0.023739756208694212,
          0,
          0.029569547059628724,
          0.01660827420227615,
          0.01672665614841275,
          0.04571353261408488,
          0.06072443808831937,
          0.06439445162900453,
          0.11009955738279496,
          0.11327887101326828,
          0.08840593951554854,
          0.07968512223172172,
          0.023658787442896543,
          0.037423568149182594,
          0
        ],
        "currentBinShare": 0.1520490496174266
      },
      "ttm": {
        "squeeze": false,
        "release": false,
        "widthPct": 31.85588096197054
      }
    },
    "daily": {
      "sma20": 37.195,
      "sma50": 35.2354,
      "ema20": 35.757599550378586,
      "ema50": 36.284551962605796,
      "vwma20": 0,
      "hma21": 34.657965367965375,
      "atr14": 4.186428571428572,
      "atrPercentile": 0.9342105263157895,
      "rvolZ": 0,
      "rvolPercentile": 1,
      "mfi14": 50,
      "ppo": {
        "ppo": -1.8619013065313317,
        "signal": 0.9734714163536811,
        "histogram": -2.8353727228850127
      },
      "stochRsi": {
        "k": 7.143753508671426,
        "d": 28.383081556898684
      },
      "vprofile": {
        "vpBins": [
          0,
          0,
          0,
          0,
          0,
          0,
          0,
          0,
          0,
          0,
          0,
          0,
          0,
          0,
          0,
          0,
          0,
          0,
          0,
          0
        ],
        "currentBinShare": 0
      },
      "ttm": {
        "squeeze": false,
        "release": true,
        "widthPct": 31.113634062058544
      }
    }
  },
  "smaMin5": 31.203500000000002,
  "emaMin5": 31.15166754926516,
  "vwmaMin5": 31.1906642585262,
  "hmaMin5": 30.99939393939393,
  "keltner15": {
    "upper": 31.494932970200743,
    "middle": 31.26693297020074,
    "lower": 31.03893297020074
  },
  "superTrend15": {
    "isBull": false,
    "finalUpper": 31.410999999999998,
    "finalLower": 30.499
  },
  "mfi15": 17.964121975676292,
  "stochRsi15": {
    "k": 0,
    "d": 37.690506335864086
  },
  "ppo15": {
    "ppo": -0.28910881588858245,
    "signal": -0.2093972710451889,
    "histogram": -0.07971154484339354
  },
  "vpMin15": {
    "vpBins": [
      0.03349053835887032,
      0.10462528103045307,
      0.12020176825219256,
      0.03344879776115099,
      0.020164251421189557,
      0.029956360641123173,
      0.08935566360064184,
      0.0840608129699289,
      0.06743840634206727,
      0.04173534981308446,
      0.2088631081942632,
      0.006874019665634886,
      0.004154193906298918,
      0.02595258980173122,
      0.032545987295072666,
      0.019698631913857467,
      0.03223686377852036,
      0.01564756447568275,
      0.02954981077823647,
      0
    ],
    "currentBinShare": 0.029956360641123173
  },
  "ttm15": {
    "squeeze": false,
    "release": true,
    "widthPct": 1.7407802295426507
  },
  "marketCorrelation": {
    "hourly": {
      "btcCorrelation": 0,
      "ethCorrelation": 0,
      "btcBeta": 1,
      "ethBeta": 1,
      "btcTrend": "UNKNOWN",
      "ethTrend": "UNKNOWN",
      "tokenVol": 0,
      "btcVol": 0,
      "ethVol": 0,
      "marketDependence": 0,
      "verdict": "INSUFFICIENT_DATA"
    },
    "min15": {
      "btcCorrelation": 0,
      "ethCorrelation": 0,
      "btcBeta": 1,
      "ethBeta": 1,
      "btcTrend": "UNKNOWN",
      "ethTrend": "UNKNOWN",
      "tokenVol": 0,
      "btcVol": 0,
      "ethVol": 0,
      "marketDependence": 0,
      "verdict": "INSUFFICIENT_DATA"
    },
    "daily": {
      "btcCorrelation": 0,
      "ethCorrelation": 0,
      "btcBeta": 1,
      "ethBeta": 1,
      "btcTrend": "UNKNOWN",
      "ethTrend": "UNKNOWN",
      "tokenVol": 0,
      "btcVol": 0,
      "ethVol": 0,
      "marketDependence": 0,
      "verdict": "INSUFFICIENT_DATA"
    }
  },
  "tradeTape": {
    "totalTrades": 0,
    "totalVolume": 0,
    "buysVolume": 0,
    "sellsVolume": 0,
    "buySellRatio": 0.5,
    "vwap": 0,
    "signedVolume": 0,
    "avgTradeSize": 0,
    "tradesPerSec": 0,
    "cumulativeDelta": 0,
    "tradesLast1m": 0,
    "tradesLast5m": 0,
    "tradesLast15m": 0,
    "tradesLast1h": 0,
    "buyVWAP": 0,
    "sellVWAP": 0,
    "aggressorVWAP": 0,
    "bucketDurationMs": 60000,
    "bucketCount": 15,
    "bucketSignedVolumes": [],
    "bucketVolumes": [],
    "bucketVWAPs": [],
    "latestBucketSignedZ": 0
  },
  "enhancedMetrics": {
    "relativeVolumeZScore": -1,
    "volumePercentile": 40,
    "atrPercentile": 18.613138686131386,
    "volatilityPercentile": 5.379746835443038,
    "relativeVolatilityRatio": 0.7026815189758315,
    "isHighVolume": false,
    "isHighVolatility": false,
    "isLowVolatility": true,
    "isExpandingVolatility": false,
    "isContractingVolatility": true
  },
  "orderBook": {
    "bidAskSpread": 0,
    "spreadPct": 0,
    "midPrice": 0,
    "bestBid": 0,
    "bestAsk": 0,
    "bidDepth": 0,
    "askDepth": 0,
    "orderBookImbalance": 0,
    "liquidityScore": 0,
    "depthAt1Pct": {
      "bidVolume": 0,
      "askVolume": 0,
      "imbalance": 0
    },
    "depthAt2Pct": {
      "bidVolume": 0,
      "askVolume": 0,
      "imbalance": 0
    },
    "depthAt5Pct": {
      "bidVolume": 0,
      "askVolume": 0,
      "imbalance": 0
    },
    "weightedMidPrice": 0,
    "volumeWeightedSpread": 0,
    "totalBidLevels": 0,
    "totalAskLevels": 0
  },
  "marketCap": {
    "marketCap": 0,
    "totalVolume24h": 0,
    "volumeToMarketCapRatio": 0,
    "marketCapRank": 0,
    "normalizedRank": 0,
    "isHighLiquidity": false,
    "isVeryHighLiquidity": false,
    "isLowLiquidity": true,
    "liquidityTier": "VERY_LOW"
  },
  "sweeps": {
    "sweepScore": 0,
    "sweepCount": 0,
    "sweepDirection": "NEUTRAL",
    "buySweeps": 0,
    "sellSweeps": 0,
    "avgSweepSize": 0,
    "avgSweepIntensity": 0,
    "bidLiftRatio": 0,
    "askLiftRatio": 0,
    "sweepFrequency": 0,
    "largestSweep": null,
    "recentSweepClusters": 0,
    "sweepDetails": []
  },
  "absorption": {
    "absorptionScore": 0,
    "absorptionLevel": null,
    "absorptionSide": "NONE",
    "icebergProbability": 0,
    "hiddenLiquidityEstimate": 0,
    "volumeAtPrice": {},
    "topAbsorptionLevels": [],
    "persistenceDuration": 0,
    "refillDetected": false
  },
  "orderArrival": {
    "avgInterArrivalTime": 0,
    "recentInterArrivalTime": 0,
    "accelerationRatio": 1,
    "hawkesIntensity": 0,
    "hawkesDirection": "NEUTRAL",
    "clusteringScore": 0,
    "burstCount": 0,
    "cascadeDetected": false,
    "timeToNextTrade": 0,
    "accelerationTrend": "STABLE"
  },
  "liquidityVacuum": {
    "vacuumScore": 0,
    "vacuumSide": "NONE",
    "bidVacuumSeverity": 0,
    "askVacuumSeverity": 0,
    "depthConcentration": 0,
    "priceImpact10k": 0,
    "priceImpact50k": 0,
    "priceImpact100k": 0,
    "largestGapBid": 0,
    "largestGapAsk": 0,
    "avgGapBid": 0,
    "avgGapAsk": 0,
    "bidCliffDistance": 0,
    "askCliffDistance": 0
  },
  "volatilityRegime": {
    "regime": "EXTREME",
    "regimeScore": 1,
    "currentATR": 4.372308,
    "avgATR": 2.984308,
    "atrPercentile": 96.1,
    "realizedVolatility": 83.88,
    "volPercentile": 67.8,
    "expanding": true,
    "contracting": false,
    "transitionProbability": 0.7,
    "daysInRegime": 5,
    "regimeStrength": 0.19
  },
  "temporalPatterns": {
    "currentHour": 8,
    "currentDay": 0,
    "currentDayName": "Sunday",
    "dayBias": "NEUTRAL",
    "hourlyProfile": [
      {
        "avgVolume": 851.13,
        "avgATR": 1.043571,
        "avgReturn": 0.056
      },
      {
        "avgVolume": 527.78,
        "avgATR": 0.987143,
        "avgReturn": -0.216
      },
      {
        "avgVolume": 1059.01,
        "avgATR": 0.840714,
        "avgReturn": 0.2
      },
      {
        "avgVolume": 403.3,
        "avgATR": 0.995,
        "avgReturn": -0.553
      },
      {
        "avgVolume": 441.85,
        "avgATR": 1.008571,
        "avgReturn": -0.458
      },
      {
        "avgVolume": 503.93,
        "avgATR": 1.118571,
        "avgReturn": -0.963
      },
      {
        "avgVolume": 772.29,
        "avgATR": 1.031429,
        "avgReturn": 0.074
      },
      {
        "avgVolume": 486.58,
        "avgATR": 0.956429,
        "avgReturn": 0.437
      },
      {
        "avgVolume": 607.76,
        "avgATR": 1.068571,
        "avgReturn": 0.001
      },
      {
        "avgVolume": 350.14,
        "avgATR": 0.921429,
        "avgReturn": -0.243
      },
      {
        "avgVolume": 431.78,
        "avgATR": 0.788571,
        "avgReturn": -0.028
      },
      {
        "avgVolume": 974.1,
        "avgATR": 1.202143,
        "avgReturn": -0.277
      },
      {
        "avgVolume": 947.7,
        "avgATR": 1.007143,
        "avgReturn": 0.095
      },
      {
        "avgVolume": 823.85,
        "avgATR": 1.067857,
        "avgReturn": -0.146
      },
      {
        "avgVolume": 933.67,
        "avgATR": 1.285385,
        "avgReturn": -0.231
      },
      {
        "avgVolume": 1200.01,
        "avgATR": 1.167143,
        "avgReturn": -0.558
      },
      {
        "avgVolume": 1027.44,
        "avgATR": 1.068571,
        "avgReturn": 0.507
      },
      {
        "avgVolume": 838.25,
        "avgATR": 1.055,
        "avgReturn": 0.19
      },
      {
        "avgVolume": 1115.32,
        "avgATR": 0.875,
        "avgReturn": 0.087
      },
      {
        "avgVolume": 771.97,
        "avgATR": 0.858571,
        "avgReturn": 0.225
      },
      {
        "avgVolume": 850.96,
        "avgATR": 1.117143,
        "avgReturn": 0.631
      },
      {
        "avgVolume": 742.24,
        "avgATR": 1.189286,
        "avgReturn": 0.36
      },
      {
        "avgVolume": 952.51,
        "avgATR": 0.950714,
        "avgReturn": -0.143
      },
      {
        "avgVolume": 872.04,
        "avgATR": 1.023571,
        "avgReturn": -0.476
      }
    ],
    "dailyProfile": [
      {
        "avgVolume": 573.15,
        "avgATR": 0.960833,
        "avgReturn": -0.159
      },
      {
        "avgVolume": 1409.65,
        "avgATR": 1.253125,
        "avgReturn": -0.349
      },
      {
        "avgVolume": 914.19,
        "avgATR": 0.871458,
        "avgReturn": 0.133
      },
      {
        "avgVolume": 613.38,
        "avgATR": 1.144894,
        "avgReturn": -0.031
      },
      {
        "avgVolume": 682.33,
        "avgATR": 1.095833,
        "avgReturn": 0.104
      },
      {
        "avgVolume": 662.42,
        "avgATR": 1.07,
        "avgReturn": -0.059
      },
      {
        "avgVolume": 529.85,
        "avgATR": 0.783958,
        "avgReturn": -0.052
      }
    ],
    "favorableHours": [
      15,
      18,
      2,
      16,
      11,
      22
    ],
    "favorableWindow": false,
    "currentVsAvgVolume": 0,
    "currentVsAvgVolatility": 0,
    "anomalyDetected": true,
    "timeUntilFavorable": 3,
    "temporalScore": 0
  },
  "unifiedMicrostructure": {
    "signalDirections": {
      "vpin": "NEUTRAL",
      "sweeps": "NEUTRAL",
      "absorption": "NEUTRAL",
      "arrival": "NEUTRAL",
      "vacuum": "NONE",
      "volRegime": "UNFAVORABLE",
      "temporal": "UNFAVORABLE"
    },
    "consensusDirection": "BEARISH",
    "consensusStrength": 100,
    "bullishSignals": 0,
    "bearishSignals": 2,
    "neutralSignals": 0,
    "totalAvailableSignals": 2,
    "dominantPattern": "NONE",
    "clusters": {
      "strongBuyCluster": false,
      "distributionPattern": false,
      "accumulationPattern": false,
      "momentumCascade": false
    },
    "adaptiveWeights": {
      "vpin": 0,
      "sweeps": 0,
      "absorption": 0,
      "arrival": 0,
      "vacuum": 0,
      "volRegime": 0.021,
      "temporal": 0.012
    },
    "convictionLevel": "HIGH",
    "convictionScore": 100,
    "riskAdjustment": "REDUCE",
    "timingQuality": "UNFAVORABLE",
    "signalQuality": "LOW"
  },
  "deltaAnalysis": {
    "currentDelta": 0,
    "cumulativeDelta": 0,
    "deltaPerVolume": 0,
    "deltaDirection": "NEUTRAL",
    "deltaDivergence": false,
    "institutionalRatio": 0,
    "aggressionScore": 0
  },
  "volumeProfile": {
    "pointOfControl": 0,
    "valueAreaHigh": 0,
    "valueAreaLow": 0,
    "currentPosition": "ABOVE_VALUE_AREA",
    "volumeNodes": [],
    "airPockets": []
  },
  "momentumCascade": {
    "cascadeDetected": false,
    "alignmentScore": -0.008370665906888279,
    "cascadeStrength": 0,
    "acceleratingTimeframes": [
      "1m"
    ],
    "divergingTimeframes": [
      "5m",
      "15m",
      "1h"
    ]
  },
  "breakoutConfirmation": {
    "breakoutConfirmed": false,
    "volumeConfirmation": false,
    "retestStrength": 0,
    "falseBreakoutRisk": 0,
    "breakoutQuality": "NO_BREAKOUT"
  },
  "liquidityHeatmap": {
    "liquidityScore": 0,
    "magnetDirection": "NONE",
    "magnetStrength": 0,
    "priceTarget5pct": null,
    "message": "No order book data"
  },
  "smartMoneyDivergence": {
    "divergenceDetected": false,
    "divergenceDirection": "NONE",
    "smartMoneyScore": 0.5,
    "message": "Insufficient trade data"
  },
  "microstructure": {
    "raw": -0.02401598447750162,
    "pct": 50,
    "summary": {
      "latestBucketSignedZ": 0,
      "buySellRatio": 0.5,
      "tradesPerSec": 0,
      "vwap": 0,
      "aggressorVWAP": 0,
      "vpinToxicity": "UNKNOWN",
      "sweepDirection": "NEUTRAL",
      "absorptionSide": "NONE",
      "icebergDetected": false,
      "hawkesDirection": "NEUTRAL",
      "cascadeDetected": false,
      "vacuumSide": "NONE",
      "volatilityRegime": "EXTREME",
      "volExpanding": true,
      "favorableTimeWindow": false,
      "temporalAnomaly": true,
      "consensusDirection": "BEARISH",
      "consensusStrength": 100,
      "dominantPattern": "NONE",
      "convictionLevel": "HIGH",
      "riskAdjustment": "REDUCE",
      "timingQuality": "UNFAVORABLE",
      "deltaDirection": "NEUTRAL",
      "deltaDivergence": false,
      "institutionalRatio": 0,
      "volumeProfilePosition": "ABOVE_VALUE_AREA",
      "pointOfControl": 0,
      "momentumCascadeDetected": false,
      "cascadeStrength": 0,
      "breakoutQuality": "NO_BREAKOUT",
      "breakoutConfirmed": false,
      "magnetDirection": "NONE",
      "magnetStrength": 0,
      "priceTarget5pct": null,
      "nearestBidWall": 0,
      "nearestAskWall": 0,
      "divergenceDetected": false,
      "divergenceDirection": "NONE",
      "whaleAccumulation": false,
      "whaleDistribution": false,
      "retailPanic": false,
      "smartMoneyScore": 0.5
    }
  }
}

=== MICROSTRUCTURE ALERTS ===

🔬 VPIN: Insufficient data for VPIN analysis

🌊 SWEEP DETECTION: No significant sweeps detected

🧊 ABSORPTION & ICEBERG: No significant absorption or iceberg orders detected

⚡ ORDER ARRIVAL DYNAMICS: Insufficient trades for analysis

🌪️ LIQUIDITY VACUUM: No significant vacuum detected

📊 VOLATILITY REGIME DETECTION:
   Current Regime: EXTREME
   Regime Score: 1.00 (-1=low vol, +1=extreme vol)
   Days in Regime: 5
   ATR: $4.372308 (avg: $2.984308)
   ATR Percentile: 96.1%
   Realized Volatility: 83.88% (annualized)
   Vol Percentile: 67.8%

   🔴 EXTREME VOLATILITY:
   🚨 HIGH RISK ENVIRONMENT!
   ⚠️ Significantly reduce position size
   ⚠️ Wide stops or avoid trading
   💡 Only for experienced traders

   🚀 VOLATILITY EXPANDING:
   💥 Breakout likely imminent!
   📈 Market transitioning to higher vol regime
   ✅ Strong signal when combined with other indicators

   ⚠️ HIGH REGIME TRANSITION PROBABILITY: 70%
   Market near regime boundary - expect volatility shift soon

⏰ TEMPORAL PATTERN ANALYSIS:
   Current Time: Sunday 8:00 UTC
   Day Bias: NEUTRAL
   Current vs Avg Volume: 0x
   Current vs Avg Volatility: 0x

   ⏳ NON-FAVORABLE TIME WINDOW:
   This hour typically shows weaker activity
   Next favorable window in 3 hour(s)

   ⚠️ LOW ACTIVITY ANOMALY:
   Volume 0x below typical - Extremely quiet

   📉 LOW VOLATILITY ANOMALY:
   Volatility 0x below typical - Consolidation likely

   🔥 Best Trading Hours (UTC): 15:00, 18:00, 2:00

🎯 UNIFIED MICROSTRUCTURE INTEGRATION:
   Signal Consensus: BEARISH (100% agreement)
   Available Signals: 2 (0 bullish / 2 bearish / 0 neutral)
   Conviction Level: HIGH (100%)
   Signal Quality: LOW
   Risk Adjustment: REDUCE
   Timing Quality: UNFAVORABLE

   ✅ HIGH CONVICTION: 100% of signals agree on direction
   Strong institutional alignment - Follow the smart money

   ⚠️ RISK REDUCTION RECOMMENDED: Extreme volatility or unfavorable timing detected

   ⏰ UNFAVORABLE TIMING: Avoid trading during this hour

   Signal Directions Breakdown:
   • VPIN: NEUTRAL
   • Sweeps: NEUTRAL
   • Absorption: NEUTRAL
   • Arrival Dynamics: NEUTRAL
   • Liquidity Vacuum: NONE
   • Vol Regime: UNFAVORABLE
   • Temporal: UNFAVORABLE

   Adaptive Weights (Total: 3.3%):
   • VPIN: 0.0%
   • Sweeps: 0.0%
   • Absorption: 0.0%
   • Arrival: 0.0%
   • Vacuum: 0.0%
   • Vol Regime: 2.1%
   • Temporal: 1.2%


💹 DELTA ANALYSIS (Order Flow Aggression):
   Direction: NEUTRAL
   Delta Per Volume: 0.00%
   Institutional Ratio: 0.0%
   Aggression Score: 0.0%

📊 VOLUME PROFILE (Support/Resistance Strength):
   Point of Control (POC): $0.000000
   Value Area High: $0.000000
   Value Area Low: $0.000000
   Current Position: ABOVE_VALUE_AREA
   ⚠️ DISTRIBUTION RISK: Price above value area - potential rejection zone

⚡ MOMENTUM CASCADE (Multi-Timeframe Alignment):
   Cascade Detected: NO
   Alignment Score: -0.8%
   Cascade Strength: 0.0%
   Accelerating: 1m
   Diverging: 5m, 15m, 1h

💥 BREAKOUT CONFIRMATION:
   Quality: NO_BREAKOUT
   Volume Confirmation: NO
   Retest Strength: 0.0%
   False Breakout Risk: 0.0%
   No breakout detected - price below resistance


levels:
Entry=30.888099999999998, StopLoss=30.115897499999996, TakeProfit=31.1213825, 31.354665, 31.541290999999994

---

=== Token: OMNI (OMNI) ===
Contract: OMNI-USD
Timestamp: 2025-04-16T13:25:00.000Z

Calculations:
{
  "momentumScore": 38.390748394011,
  "volumeScore": 7.486417941437779,
  "patternScore": 46.01746499324808,
  "totalScore": 21.838667343287458,
  "finalScore": 21.838667343287458,
  "weights": "0.23,0.45,0.23",
  "hourlyUptrend": false,
  "rsi": 44.60784313725489,
  "ultraShortVolumeSurge": 0.058557955971742175,
  "baseVolumeSurge": 0.0982821825233599,
  "currentPrice": 1.752,
  "resistance": 1.794,
  "support": 1.717,
  "rocMin5": 0.005163511187607514,
  "shortROC": 0.020384391380314455,
  "priceAcceleration": 0.0013565026960253935,
  "buySellRatio": 0.4280355056381381,
  "macdHistogram": 0.0006994361741467052,
  "stochasticK": 38.46153846153839,
  "atr": 0.0167142857142857,
  "bbUpper": 1.8133372159971086,
  "bbLower": 1.7335627840028913,
  "hammerDetected": false,
  "engulfingDetected": false,
  "compressionSpring": {
    "detected": false,
    "confidence": 0,
    "signals": {
      "sidewaysPrice": true,
      "atrCompression": false,
      "bbSqueeze": true,
      "consolidationTime": true,
      "strongBuying": false,
      "obvPositive": false,
      "chaikinPositive": false,
      "rsiNeutral": false,
      "volumeBuilding": false
    },
    "metrics": {
      "priceRange": 4.83,
      "atrRatio": 0.944,
      "bbWidth": 4.5,
      "volumeRatio": 0.088,
      "signalCount": 3,
      "buySellRatio": 0.428
    }
  },
  "riskTier": "LOW",
  "atrPercent": 1.1333985649054135,
  "distanceToResistance": 2.397260273972605,
  "slPercent": 2.5,
  "tpPercent": 2.0376712328767144,
  "trailingActivation": 1.2226027397260286,
  "shortMomentumScore": 10,
  "overboughtScore": 0,
  "shortPatternScore": 0,
  "shootingStarDetected": false,
  "bearishEngulfingDetected": false,
  "eveningStarDetected": false,
  "bearishPatternsCount": 0,
  "shortTotalScore": 4,
  "chaikin": -0.02930547667069899,
  "obvIncreasing": false,
  "obvTrend": "declining",
  "adx": 10.891089108910794,
  "recentCandles": {
    "redCount": 2,
    "greenCount": 8
  },
  "resistanceDistance": 2.397260273972605,
  "multiplePatterns": false,
  "bullishPattern": false,
  "priceAboveVWAP": false,
  "breakingResistance": false,
  "atrSufficient": true,
  "macdDivergenceBearish": false,
  "rvolMin1": -0.2813762957577453,
  "rvolMin5": -0.42928474846222003,
  "atrPercentileOld": 0.6951219512195121,
  "vwapDeviation": -4.399704246150337,
  "bbWidthPercent": 4.498262256856258,
  "bbSqueeze": false,
  "multiTFMomentum": {
    "min1": {
      "roc1": -0.004637681159420294,
      "roc3": -0.014351320321469524
    },
    "min5": {
      "roc1": 0.020384391380314455,
      "roc3": 0.01624129930394433
    },
    "min15": {
      "roc1": 0.015652173913043427,
      "roc3": -0.010169491525423738
    },
    "hourly": {
      "roc1": -0.0017211703958692562,
      "roc3": -0.016949152542372895
    },
    "fourHour": {
      "roc1": -0.02027027027027029,
      "roc3": -0.02684563758389264
    },
    "divergenceShortUpLongDown": true
  },
  "returnZMin5": 2.6956851885077464,
  "wickClosePct": 1,
  "wickUpper": 0,
  "wickLower": 0,
  "wickRatio": 0,
  "donchianBreakout15": false,
  "bbWidthPercentile15": 0.5844155844155844,
  "signedMin5": -11650.749999999995,
  "signedMin5Z": -7.4103601397942604,
  "signedMin1": -7038.98,
  "signedMin1Z": -4.66498656762104,
  "streakMin1": {
    "upStreak": 0,
    "downStreak": 0
  },
  "streakMin5": {
    "upStreak": 1,
    "downStreak": 0
  },
  "rvolPercentileMin1": 0.4678543764523625,
  "rvolPercentileMin5": 0.09375,
  "perTfMetrics": {
    "min1": {
      "sma20": 1.76695,
      "sma50": 1.7989199999999996,
      "ema20": 1.7617989149556819,
      "ema50": 1.7908908673752442,
      "vwma20": 1.774890350344191,
      "hma21": 1.7389090909090903,
      "atr14": 0.013571428571428552,
      "atrPercentile": 0.5755677368833203,
      "rvolZ": -0.2813762957577453,
      "rvolPercentile": 0.4678543764523625,
      "mfi14": 41.42623678748454,
      "ppo": {
        "ppo": -1.1031783993601438,
        "signal": -0.84117053075014,
        "histogram": -0.2620078686100038
      },
      "stochRsi": {
        "k": 0,
        "d": 32.90992432393103
      },
      "vprofile": {
        "vpBins": [
          0.00427891007531386,
          0,
          0.0012815864727170896,
          0.10259396279565064,
          0.0006701320341223988,
          0.015199509650187269,
          0.012879308553382263,
          0.09461974111317756,
          0.06318772074929807,
          0.01174897046769327,
          0.04036838514702711,
          0.0682326170535946,
          0.08515093540454656,
          0.07704993198588815,
          0.12282184581709775,
          0.06073311194721389,
          0.1464467803211444,
          0.06768651293348472,
          0.005358620199518654,
          0.019691417278941963
        ],
        "currentBinShare": 0.00427891007531386
      },
      "ttm": {
        "squeeze": false,
        "release": true,
        "widthPct": 5.442268016523128
      }
    },
    "min5": {
      "sma20": 1.7673999999999999,
      "sma50": 1.8028399999999993,
      "ema20": 1.763270189071724,
      "ema50": 1.792705051262247,
      "vwma20": 1.7751648985428303,
      "hma21": 1.7382554112554112,
      "atr14": 0.0167142857142857,
      "atrPercentile": 0.7846715328467153,
      "rvolZ": -0.42928474846222003,
      "rvolPercentile": 0.09375,
      "mfi14": 41.90123690006025,
      "ppo": {
        "ppo": -1.0537519310707348,
        "signal": -0.9175460290380056,
        "histogram": -0.1362059020327292
      },
      "stochRsi": {
        "k": 62.91449625206443,
        "d": 36.09866168689701
      },
      "vprofile": {
        "vpBins": [
          0.0035736935422998554,
          0.0011543756369383614,
          0.08549774353183,
          0.0050684167431941304,
          0.026705327043830367,
          0.11801933424769204,
          0.024436372697966117,
          0.03319231455138936,
          0.11238828953774059,
          0.1253777950613513,
          0.10998864949257153,
          0.16676792381720845,
          0.026239852996677797,
          0.009764718973242787,
          0.02043647258737301,
          0.0054212063622492875,
          0.005580835281926821,
          0.016978198960461887,
          0.061378863842708443,
          0.04202961509134807
        ],
        "currentBinShare": 0.08549774353183
      },
      "ttm": {
        "squeeze": false,
        "release": false,
        "widthPct": 5.438963883074262
      }
    },
    "min15": {
      "sma20": 1.77345,
      "sma50": 1.8203599999999998,
      "ema20": 1.7742173679716036,
      "ema50": 1.8029906670719407,
      "vwma20": 1.7727313663609996,
      "hma21": 1.749008658008658,
      "atr14": 0.019857142857142844,
      "atrPercentile": 0.6951219512195121,
      "rvolZ": -0.47832748698491867,
      "rvolPercentile": 0.23958333333333334,
      "mfi14": 41.25197365950353,
      "ppo": {
        "ppo": -1.098153224608389,
        "signal": -1.009811242822549,
        "histogram": -0.08834198178583996
      },
      "stochRsi": {
        "k": 52.131273075345185,
        "d": 37.1145881870782
      },
      "vprofile": {
        "vpBins": [
          0.00360178987235691,
          0,
          0.0015262567216603054,
          0.11325897028963328,
          0.0007325615443745072,
          0.019910923202378833,
          0.1057307339034739,
          0.03580902547778886,
          0.019240537341476606,
          0.029980257773205097,
          0.014274124367808184,
          0.024408297640207025,
          0.12747045584038652,
          0.05958375637691523,
          0.21907341558817323,
          0.08776115089621556,
          0.09002436893128565,
          0.005879712398676502,
          0.038831435238236484,
          0.0029022265957470202
        ],
        "currentBinShare": 0.11325897028963328
      },
      "ttm": {
        "squeeze": false,
        "release": false,
        "widthPct": 4.498262256856258
      }
    },
    "hourly": {
      "sma20": 1.7890000000000001,
      "sma50": 1.8246,
      "ema20": 1.7870020130246909,
      "ema50": 1.8219935703741443,
      "vwma20": 1.7876959005731532,
      "hma21": 1.7600865800865797,
      "atr14": 0.021928571428571426,
      "atrPercentile": 0.2732919254658385,
      "rvolZ": 0.6342657813205274,
      "rvolPercentile": 0.9494047619047619,
      "mfi14": 35.15227300767951,
      "ppo": {
        "ppo": -1.2377052325974125,
        "signal": -1.0202402651934257,
        "histogram": -0.2174649674039868
      },
      "stochRsi": {
        "k": 21.83657619639972,
        "d": 37.462304893332224
      },
      "vprofile": {
        "vpBins": [
          0.011330984649908341,
          0.0018658308008667373,
          0.0765136438318226,
          0.010510900517261588,
          0.06280774586653354,
          0.25662762189943983,
          0.0578457642489059,
          0.041800227648413596,
          0.09399798782251247,
          0.024094634184421215,
          0.07486974831798963,
          0.044629388197795716,
          0.0810983384432917,
          0.16200718357083707,
          0,
          0,
          0,
          0,
          0,
          0
        ],
        "currentBinShare": 0.011330984649908341
      },
      "ttm": {
        "squeeze": false,
        "release": false,
        "widthPct": 6.2372803365633525
      }
    },
    "fourHour": {
      "sma20": 1.8423000000000003,
      "sma50": 1.9077799999999991,
      "ema20": 1.8405033381784806,
      "ema50": 1.920905138306062,
      "vwma20": 1.835873077955543,
      "hma21": 1.7749610389610386,
      "atr14": 0.058142857142857114,
      "atrPercentile": 0.21428571428571427,
      "rvolZ": -0.09114734908329333,
      "rvolPercentile": 0.6904761904761905,
      "mfi14": 43.238107773639165,
      "ppo": {
        "ppo": -2.4631371356993457,
        "signal": -2.110558960842296,
        "histogram": -0.35257817485704956
      },
      "stochRsi": {
        "k": 64.38369487935702,
        "d": 41.00443468430219
      },
      "vprofile": {
        "vpBins": [
          0.010077500176145537,
          0.058714898928792184,
          0.10233178089870304,
          0.24367161821629363,
          0.05437741584199939,
          0.05153640347529979,
          0.15121829246934745,
          0.19830760866749123,
          0,
          0,
          0.01963901824708817,
          0.027922206773993097,
          0.04061329118949656,
          0.02000625018633507,
          0.003641143392185433,
          0.0034312446692275193,
          0,
          0.009272419137504713,
          0.005238907730097218,
          0
        ],
        "currentBinShare": 0.010077500176145537
      },
      "ttm": {
        "squeeze": false,
        "release": false,
        "widthPct": 12.846839987676736
      }
    },
    "daily": {
      "sma20": 2.1682,
      "sma50": 3.0516199999999993,
      "ema20": 2.211577202095517,
      "ema50": 3.1413844897543624,
      "vwma20": 0,
      "hma21": 1.579064935064935,
      "atr14": 0.2059285714285714,
      "atrPercentile": 0.013157894736842105,
      "rvolZ": 0,
      "rvolPercentile": 1,
      "mfi14": 50,
      "ppo": {
        "ppo": -16.76661787383333,
        "signal": -16.3369040677586,
        "histogram": -0.4297138060747301
      },
      "stochRsi": {
        "k": 100,
        "d": 26.05095063334829
      },
      "vprofile": {
        "vpBins": [
          0,
          0,
          0,
          0,
          0,
          0,
          0,
          0,
          0,
          0,
          0,
          0,
          0,
          0,
          0,
          0,
          0,
          0,
          0,
          0
        ],
        "currentBinShare": 0
      },
      "ttm": {
        "squeeze": false,
        "release": false,
        "widthPct": 65.65984722886841
      }
    }
  },
  "smaMin5": 1.7673999999999999,
  "emaMin5": 1.763270189071724,
  "vwmaMin5": 1.7751648985428303,
  "hmaMin5": 1.7382554112554112,
  "keltner15": {
    "upper": 1.8048173679716035,
    "middle": 1.7742173679716036,
    "lower": 1.7436173679716036
  },
  "superTrend15": {
    "isBull": true,
    "finalUpper": 1.7957,
    "finalLower": 1.6733000000000002
  },
  "mfi15": 41.25197365950353,
  "stochRsi15": {
    "k": 52.131273075345185,
    "d": 37.1145881870782
  },
  "ppo15": {
    "ppo": -1.098153224608389,
    "signal": -1.009811242822549,
    "histogram": -0.08834198178583996
  },
  "vpMin15": {
    "vpBins": [
      0.00360178987235691,
      0,
      0.0015262567216603054,
      0.11325897028963328,
      0.0007325615443745072,
      0.019910923202378833,
      0.1057307339034739,
      0.03580902547778886,
      0.019240537341476606,
      0.029980257773205097,
      0.014274124367808184,
      0.024408297640207025,
      0.12747045584038652,
      0.05958375637691523,
      0.21907341558817323,
      0.08776115089621556,
      0.09002436893128565,
      0.005879712398676502,
      0.038831435238236484,
      0.0029022265957470202
    ],
    "currentBinShare": 0.11325897028963328
  },
  "ttm15": {
    "squeeze": false,
    "release": false,
    "widthPct": 4.498262256856258
  },
  "marketCorrelation": {
    "hourly": {
      "btcCorrelation": 0,
      "ethCorrelation": 0,
      "btcBeta": 1,
      "ethBeta": 1,
      "btcTrend": "UNKNOWN",
      "ethTrend": "UNKNOWN",
      "tokenVol": 0,
      "btcVol": 0,
      "ethVol": 0,
      "marketDependence": 0,
      "verdict": "INSUFFICIENT_DATA"
    },
    "min15": {
      "btcCorrelation": 0,
      "ethCorrelation": 0,
      "btcBeta": 1,
      "ethBeta": 1,
      "btcTrend": "UNKNOWN",
      "ethTrend": "UNKNOWN",
      "tokenVol": 0,
      "btcVol": 0,
      "ethVol": 0,
      "marketDependence": 0,
      "verdict": "INSUFFICIENT_DATA"
    },
    "daily": {
      "btcCorrelation": 0,
      "ethCorrelation": 0,
      "btcBeta": 1,
      "ethBeta": 1,
      "btcTrend": "UNKNOWN",
      "ethTrend": "UNKNOWN",
      "tokenVol": 0,
      "btcVol": 0,
      "ethVol": 0,
      "marketDependence": 0,
      "verdict": "INSUFFICIENT_DATA"
    }
  },
  "tradeTape": {
    "totalTrades": 0,
    "totalVolume": 0,
    "buysVolume": 0,
    "sellsVolume": 0,
    "buySellRatio": 0.5,
    "vwap": 0,
    "signedVolume": 0,
    "avgTradeSize": 0,
    "tradesPerSec": 0,
    "cumulativeDelta": 0,
    "tradesLast1m": 0,
    "tradesLast5m": 0,
    "tradesLast15m": 0,
    "tradesLast1h": 0,
    "buyVWAP": 0,
    "sellVWAP": 0,
    "aggressorVWAP": 0,
    "bucketDurationMs": 60000,
    "bucketCount": 15,
    "bucketSignedVolumes": [],
    "bucketVolumes": [],
    "bucketVWAPs": [],
    "latestBucketSignedZ": 0
  },
  "enhancedMetrics": {
    "relativeVolumeZScore": -1,
    "volumePercentile": 40,
    "atrPercentile": 78.46715328467153,
    "volatilityPercentile": 24.68354430379747,
    "relativeVolatilityRatio": 0.9109769689243045,
    "isHighVolume": false,
    "isHighVolatility": false,
    "isLowVolatility": true,
    "isExpandingVolatility": false,
    "isContractingVolatility": false
  },
  "orderBook": {
    "bidAskSpread": 0,
    "spreadPct": 0,
    "midPrice": 0,
    "bestBid": 0,
    "bestAsk": 0,
    "bidDepth": 0,
    "askDepth": 0,
    "orderBookImbalance": 0,
    "liquidityScore": 0,
    "depthAt1Pct": {
      "bidVolume": 0,
      "askVolume": 0,
      "imbalance": 0
    },
    "depthAt2Pct": {
      "bidVolume": 0,
      "askVolume": 0,
      "imbalance": 0
    },
    "depthAt5Pct": {
      "bidVolume": 0,
      "askVolume": 0,
      "imbalance": 0
    },
    "weightedMidPrice": 0,
    "volumeWeightedSpread": 0,
    "totalBidLevels": 0,
    "totalAskLevels": 0
  },
  "marketCap": {
    "marketCap": 0,
    "totalVolume24h": 0,
    "volumeToMarketCapRatio": 0,
    "marketCapRank": 0,
    "normalizedRank": 0,
    "isHighLiquidity": false,
    "isVeryHighLiquidity": false,
    "isLowLiquidity": true,
    "liquidityTier": "VERY_LOW"
  },
  "sweeps": {
    "sweepScore": 0,
    "sweepCount": 0,
    "sweepDirection": "NEUTRAL",
    "buySweeps": 0,
    "sellSweeps": 0,
    "avgSweepSize": 0,
    "avgSweepIntensity": 0,
    "bidLiftRatio": 0,
    "askLiftRatio": 0,
    "sweepFrequency": 0,
    "largestSweep": null,
    "recentSweepClusters": 0,
    "sweepDetails": []
  },
  "absorption": {
    "absorptionScore": 0,
    "absorptionLevel": null,
    "absorptionSide": "NONE",
    "icebergProbability": 0,
    "hiddenLiquidityEstimate": 0,
    "volumeAtPrice": {},
    "topAbsorptionLevels": [],
    "persistenceDuration": 0,
    "refillDetected": false
  },
  "orderArrival": {
    "avgInterArrivalTime": 0,
    "recentInterArrivalTime": 0,
    "accelerationRatio": 1,
    "hawkesIntensity": 0,
    "hawkesDirection": "NEUTRAL",
    "clusteringScore": 0,
    "burstCount": 0,
    "cascadeDetected": false,
    "timeToNextTrade": 0,
    "accelerationTrend": "STABLE"
  },
  "liquidityVacuum": {
    "vacuumScore": 0,
    "vacuumSide": "NONE",
    "bidVacuumSeverity": 0,
    "askVacuumSeverity": 0,
    "depthConcentration": 0,
    "priceImpact10k": 0,
    "priceImpact50k": 0,
    "priceImpact100k": 0,
    "largestGapBid": 0,
    "largestGapAsk": 0,
    "avgGapBid": 0,
    "avgGapAsk": 0,
    "bidCliffDistance": 0,
    "askCliffDistance": 0
  },
  "volatilityRegime": {
    "regime": "LOW",
    "regimeScore": -1,
    "currentATR": 0.213692,
    "avgATR": 0.260879,
    "atrPercentile": 1.3,
    "realizedVolatility": 81.81,
    "volPercentile": 13.6,
    "expanding": false,
    "contracting": false,
    "transitionProbability": 0,
    "daysInRegime": 6,
    "regimeStrength": 1.26
  },
  "temporalPatterns": {
    "currentHour": 8,
    "currentDay": 0,
    "currentDayName": "Sunday",
    "dayBias": "NEUTRAL",
    "hourlyProfile": [
      {
        "avgVolume": 803.47,
        "avgATR": 0.023786,
        "avgReturn": -0.228
      },
      {
        "avgVolume": 514.81,
        "avgATR": 0.025143,
        "avgReturn": 0.653
      },
      {
        "avgVolume": 476.79,
        "avgATR": 0.016667,
        "avgReturn": -0.14
      },
      {
        "avgVolume": 368.47,
        "avgATR": 0.016643,
        "avgReturn": -0.354
      },
      {
        "avgVolume": 560.38,
        "avgATR": 0.014214,
        "avgReturn": 0.421
      },
      {
        "avgVolume": 1183.21,
        "avgATR": 0.0225,
        "avgReturn": -0.044
      },
      {
        "avgVolume": 792.27,
        "avgATR": 0.023857,
        "avgReturn": -1.009
      },
      {
        "avgVolume": 588.59,
        "avgATR": 0.018429,
        "avgReturn": 0.306
      },
      {
        "avgVolume": 1515.14,
        "avgATR": 0.024933,
        "avgReturn": 0.432
      },
      {
        "avgVolume": 1293.72,
        "avgATR": 0.015133,
        "avgReturn": -0.018
      },
      {
        "avgVolume": 871.01,
        "avgATR": 0.025846,
        "avgReturn": -0.685
      },
      {
        "avgVolume": 947.03,
        "avgATR": 0.018571,
        "avgReturn": -0.106
      },
      {
        "avgVolume": 1192.84,
        "avgATR": 0.031333,
        "avgReturn": 0.081
      },
      {
        "avgVolume": 1446.49,
        "avgATR": 0.037733,
        "avgReturn": -0.026
      },
      {
        "avgVolume": 2525.87,
        "avgATR": 0.040857,
        "avgReturn": 0.023
      },
      {
        "avgVolume": 3635.87,
        "avgATR": 0.035714,
        "avgReturn": -0.155
      },
      {
        "avgVolume": 702.5,
        "avgATR": 0.027923,
        "avgReturn": -0.562
      },
      {
        "avgVolume": 2603.64,
        "avgATR": 0.047143,
        "avgReturn": 1.103
      },
      {
        "avgVolume": 1615.18,
        "avgATR": 0.023643,
        "avgReturn": -0.775
      },
      {
        "avgVolume": 801.09,
        "avgATR": 0.029077,
        "avgReturn": -0.612
      },
      {
        "avgVolume": 800.83,
        "avgATR": 0.031143,
        "avgReturn": -0.275
      },
      {
        "avgVolume": 983.14,
        "avgATR": 0.019571,
        "avgReturn": -0.011
      },
      {
        "avgVolume": 4479.44,
        "avgATR": 0.033071,
        "avgReturn": -0.27
      },
      {
        "avgVolume": 594.29,
        "avgATR": 0.018214,
        "avgReturn": -0.135
      }
    ],
    "dailyProfile": [
      {
        "avgVolume": 814.58,
        "avgATR": 0.026149,
        "avgReturn": -0.438
      },
      {
        "avgVolume": 1320.47,
        "avgATR": 0.034229,
        "avgReturn": 0.037
      },
      {
        "avgVolume": 1438.3,
        "avgATR": 0.024319,
        "avgReturn": -0.16
      },
      {
        "avgVolume": 2329.1,
        "avgATR": 0.034574,
        "avgReturn": 0.034
      },
      {
        "avgVolume": 1762,
        "avgATR": 0.025896,
        "avgReturn": -0.22
      },
      {
        "avgVolume": 666.96,
        "avgATR": 0.022894,
        "avgReturn": 0.104
      },
      {
        "avgVolume": 665.98,
        "avgATR": 0.011091,
        "avgReturn": -0.012
      }
    ],
    "favorableHours": [
      22,
      15,
      17,
      14,
      18,
      8
    ],
    "favorableWindow": true,
    "currentVsAvgVolume": 0,
    "currentVsAvgVolatility": 0,
    "anomalyDetected": true,
    "timeUntilFavorable": null,
    "temporalScore": 0.5
  },
  "unifiedMicrostructure": {
    "signalDirections": {
      "vpin": "NEUTRAL",
      "sweeps": "NEUTRAL",
      "absorption": "NEUTRAL",
      "arrival": "NEUTRAL",
      "vacuum": "NONE",
      "volRegime": "FAVORABLE",
      "temporal": "FAVORABLE"
    },
    "consensusDirection": "BULLISH",
    "consensusStrength": 100,
    "bullishSignals": 2,
    "bearishSignals": 0,
    "neutralSignals": 0,
    "totalAvailableSignals": 2,
    "dominantPattern": "NONE",
    "clusters": {
      "strongBuyCluster": false,
      "distributionPattern": false,
      "accumulationPattern": false,
      "momentumCascade": false
    },
    "adaptiveWeights": {
      "vpin": 0,
      "sweeps": 0,
      "absorption": 0,
      "arrival": 0,
      "vacuum": 0,
      "volRegime": 0.03,
      "temporal": 0.02
    },
    "convictionLevel": "HIGH",
    "convictionScore": 100,
    "riskAdjustment": "INCREASE",
    "timingQuality": "FAVORABLE",
    "signalQuality": "LOW"
  },
  "deltaAnalysis": {
    "currentDelta": 0,
    "cumulativeDelta": 0,
    "deltaPerVolume": 0,
    "deltaDirection": "NEUTRAL",
    "deltaDivergence": false,
    "institutionalRatio": 0,
    "aggressionScore": 0
  },
  "volumeProfile": {
    "pointOfControl": 0,
    "valueAreaHigh": 0,
    "valueAreaLow": 0,
    "currentPosition": "ABOVE_VALUE_AREA",
    "volumeNodes": [],
    "airPockets": []
  },
  "momentumCascade": {
    "cascadeDetected": false,
    "alignmentScore": -0.011096561765529,
    "cascadeStrength": 0,
    "acceleratingTimeframes": [],
    "divergingTimeframes": [
      "1m",
      "5m",
      "15m",
      "1h"
    ]
  },
  "breakoutConfirmation": {
    "breakoutConfirmed": false,
    "volumeConfirmation": false,
    "retestStrength": 0,
    "falseBreakoutRisk": 0,
    "breakoutQuality": "NO_BREAKOUT"
  },
  "liquidityHeatmap": {
    "liquidityScore": 0,
    "magnetDirection": "NONE",
    "magnetStrength": 0,
    "priceTarget5pct": null,
    "message": "No order book data"
  },
  "smartMoneyDivergence": {
    "divergenceDetected": false,
    "divergenceDirection": "NONE",
    "smartMoneyScore": 0.5,
    "message": "Insufficient trade data"
  },
  "microstructure": {
    "raw": -0.05220687424928393,
    "pct": 49,
    "summary": {
      "latestBucketSignedZ": 0,
      "buySellRatio": 0.5,
      "tradesPerSec": 0,
      "vwap": 0,
      "aggressorVWAP": 0,
      "vpinToxicity": "UNKNOWN",
      "sweepDirection": "NEUTRAL",
      "absorptionSide": "NONE",
      "icebergDetected": false,
      "hawkesDirection": "NEUTRAL",
      "cascadeDetected": false,
      "vacuumSide": "NONE",
      "volatilityRegime": "LOW",
      "volExpanding": false,
      "favorableTimeWindow": true,
      "temporalAnomaly": true,
      "consensusDirection": "BULLISH",
      "consensusStrength": 100,
      "dominantPattern": "NONE",
      "convictionLevel": "HIGH",
      "riskAdjustment": "INCREASE",
      "timingQuality": "FAVORABLE",
      "deltaDirection": "NEUTRAL",
      "deltaDivergence": false,
      "institutionalRatio": 0,
      "volumeProfilePosition": "ABOVE_VALUE_AREA",
      "pointOfControl": 0,
      "momentumCascadeDetected": false,
      "cascadeStrength": 0,
      "breakoutQuality": "NO_BREAKOUT",
      "breakoutConfirmed": false,
      "magnetDirection": "NONE",
      "magnetStrength": 0,
      "priceTarget5pct": null,
      "nearestBidWall": 0,
      "nearestAskWall": 0,
      "divergenceDetected": false,
      "divergenceDirection": "NONE",
      "whaleAccumulation": false,
      "whaleDistribution": false,
      "retailPanic": false,
      "smartMoneyScore": 0.5
    }
  }
}

=== MICROSTRUCTURE ALERTS ===

🔬 VPIN: Insufficient data for VPIN analysis

🌊 SWEEP DETECTION: No significant sweeps detected

🧊 ABSORPTION & ICEBERG: No significant absorption or iceberg orders detected

⚡ ORDER ARRIVAL DYNAMICS: Insufficient trades for analysis

🌪️ LIQUIDITY VACUUM: No significant vacuum detected

📊 VOLATILITY REGIME DETECTION:
   Current Regime: LOW
   Regime Score: -1.00 (-1=low vol, +1=extreme vol)
   Days in Regime: 6
   ATR: $0.213692 (avg: $0.260879)
   ATR Percentile: 1.3%
   Realized Volatility: 81.81% (annualized)
   Vol Percentile: 13.6%

   🔵 LOW VOLATILITY REGIME:
   ✅ Ideal for breakout setups - price coiling
   ✅ Tight stops recommended
   ✅ Can increase position size (lower risk)

⏰ TEMPORAL PATTERN ANALYSIS:
   Current Time: Sunday 8:00 UTC
   Day Bias: NEUTRAL
   Current vs Avg Volume: 0x
   Current vs Avg Volatility: 0x

   ✅ FAVORABLE TIME WINDOW:
   This hour historically shows strong volume and positive returns
   GOOD time to trade - patterns favor entry

   ⚠️ LOW ACTIVITY ANOMALY:
   Volume 0x below typical - Extremely quiet

   📉 LOW VOLATILITY ANOMALY:
   Volatility 0x below typical - Consolidation likely

   🔥 Best Trading Hours (UTC): 22:00, 15:00, 17:00

🎯 UNIFIED MICROSTRUCTURE INTEGRATION:
   Signal Consensus: BULLISH (100% agreement)
   Available Signals: 2 (2 bullish / 0 bearish / 0 neutral)
   Conviction Level: HIGH (100%)
   Signal Quality: LOW
   Risk Adjustment: INCREASE
   Timing Quality: FAVORABLE

   ✅ HIGH CONVICTION: 100% of signals agree on direction
   Strong institutional alignment - Follow the smart money

   💰 RISK INCREASE OPPORTUNITY: Low vol + Favorable timing = Lower risk

   ⏰ FAVORABLE TIMING: Good time window for trading

   Signal Directions Breakdown:
   • VPIN: NEUTRAL
   • Sweeps: NEUTRAL
   • Absorption: NEUTRAL
   • Arrival Dynamics: NEUTRAL
   • Liquidity Vacuum: NONE
   • Vol Regime: FAVORABLE
   • Temporal: FAVORABLE

   Adaptive Weights (Total: 5.0%):
   • VPIN: 0.0%
   • Sweeps: 0.0%
   • Absorption: 0.0%
   • Arrival: 0.0%
   • Vacuum: 0.0%
   • Vol Regime: 3.0%
   • Temporal: 2.0%


💹 DELTA ANALYSIS (Order Flow Aggression):
   Direction: NEUTRAL
   Delta Per Volume: 0.00%
   Institutional Ratio: 0.0%
   Aggression Score: 0.0%

📊 VOLUME PROFILE (Support/Resistance Strength):
   Point of Control (POC): $0.000000
   Value Area High: $0.000000
   Value Area Low: $0.000000
   Current Position: ABOVE_VALUE_AREA
   ⚠️ DISTRIBUTION RISK: Price above value area - potential rejection zone

⚡ MOMENTUM CASCADE (Multi-Timeframe Alignment):
   Cascade Detected: NO
   Alignment Score: -1.1%
   Cascade Strength: 0.0%
   Accelerating: None
   Diverging: 1m, 5m, 15m, 1h

💥 BREAKOUT CONFIRMATION:
   Quality: NO_BREAKOUT
   Volume Confirmation: NO
   Retest Strength: 0.0%
   False Breakout Risk: 0.0%
   No breakout detected - price below resistance


levels:
Entry=1.748496, StopLoss=1.7047836, TakeProfit=1.7663103000000002, 1.7841246000000002, 1.79837604

---

=== Token: ZEN (ZEN) ===
Contract: ZEN-USD
Timestamp: 2025-04-16T13:25:00.000Z

Calculations:
{
  "momentumScore": 36.891982407002324,
  "volumeScore": 59.50495086748272,
  "patternScore": 0,
  "totalScore": 34.65210391900733,
  "finalScore": 34.65210391900733,
  "weights": "0.23,0.45,0.23",
  "hourlyUptrend": false,
  "rsi": 33.33333333333333,
  "ultraShortVolumeSurge": 0.2633237887293085,
  "baseVolumeSurge": 0.014128717074763038,
  "currentPrice": 8.06,
  "resistance": 8.202,
  "support": 8.029,
  "rocMin5": -0.0028454781640479634,
  "shortROC": 0.0017399950285857722,
  "priceAcceleration": -0.0007105813769432757,
  "buySellRatio": 0.3837548824489199,
  "macdHistogram": -0.009634069754550601,
  "stochasticK": 22.31404958677689,
  "atr": 0.0444999999999997,
  "bbUpper": 8.329697236947778,
  "bbLower": 8.028402763052222,
  "hammerDetected": false,
  "engulfingDetected": false,
  "compressionSpring": {
    "detected": true,
    "confidence": 44,
    "signals": {
      "sidewaysPrice": true,
      "atrCompression": false,
      "bbSqueeze": true,
      "consolidationTime": true,
      "strongBuying": false,
      "obvPositive": false,
      "chaikinPositive": false,
      "rsiNeutral": true,
      "volumeBuilding": false
    },
    "metrics": {
      "priceRange": 2.44,
      "atrRatio": 0.904,
      "bbWidth": 3.68,
      "volumeRatio": 0.343,
      "signalCount": 4,
      "buySellRatio": 0.384
    }
  },
  "riskTier": "LOW",
  "atrPercent": 0.6345267635590177,
  "distanceToResistance": 1.761786600496271,
  "slPercent": 2.5,
  "tpPercent": 1.4975186104218303,
  "trailingActivation": 0.8985111662530981,
  "shortMomentumScore": 0,
  "overboughtScore": 0,
  "shortPatternScore": 0,
  "shootingStarDetected": false,
  "bearishEngulfingDetected": false,
  "eveningStarDetected": false,
  "bearishPatternsCount": 0,
  "shortTotalScore": 0,
  "chaikin": 0.48395250293143577,
  "obvIncreasing": true,
  "obvTrend": "increasing",
  "adx": 26.033057851239555,
  "recentCandles": {
    "redCount": 4,
    "greenCount": 6
  },
  "resistanceDistance": 1.761786600496271,
  "multiplePatterns": false,
  "bullishPattern": false,
  "priceAboveVWAP": false,
  "breakingResistance": false,
  "atrSufficient": false,
  "macdDivergenceBearish": false,
  "rvolMin1": -0.22709387979079348,
  "rvolMin5": -0.21745978344450342,
  "atrPercentileOld": 0.6097560975609756,
  "vwapDeviation": -1.8984340622826685,
  "bbWidthPercent": 3.6837343443988737,
  "bbSqueeze": false,
  "multiTFMomentum": {
    "min1": {
      "roc1": 0.0038610038610039335,
      "roc3": -0.001486620416253553
    },
    "min5": {
      "roc1": 0.0017399950285857722,
      "roc3": -0.0023517762099269867
    },
    "min15": {
      "roc1": 0.004598558289833559,
      "roc3": 0
    },
    "hourly": {
      "roc1": -0.007559796753005541,
      "roc3": -0.019468593118648306
    },
    "fourHour": {
      "roc1": -0.023652767617654332,
      "roc3": -0.03132938187976295
    },
    "divergenceShortUpLongDown": true
  },
  "returnZMin5": 0.3700871489838264,
  "wickClosePct": 1,
  "wickUpper": 0,
  "wickLower": 0,
  "wickRatio": 0,
  "donchianBreakout15": false,
  "bbWidthPercentile15": 0.6883116883116883,
  "signedMin5": 201.46299999999945,
  "signedMin5Z": 0.4230083082228715,
  "signedMin1": 71.05900000000034,
  "signedMin1Z": 0.35837291686485834,
  "streakMin1": {
    "upStreak": 1,
    "downStreak": 0
  },
  "streakMin5": {
    "upStreak": 1,
    "downStreak": 0
  },
  "rvolPercentileMin1": 0.35694444444444445,
  "rvolPercentileMin5": 0.4097222222222222,
  "perTfMetrics": {
    "min1": {
      "sma20": 8.141850000000002,
      "sma50": 8.202800000000002,
      "ema20": 8.126515861496626,
      "ema50": 8.168829531534776,
      "vwma20": 8.119002645908681,
      "hma21": 8.051203463203462,
      "atr14": 0.036999999999999665,
      "atrPercentile": 0.7658610271903323,
      "rvolZ": -0.22709387979079348,
      "rvolPercentile": 0.35694444444444445,
      "mfi14": 47.15540787425736,
      "ppo": {
        "ppo": -0.5297705828842267,
        "signal": -0.4187578186899638,
        "histogram": -0.11101276419426293
      },
      "stochRsi": {
        "k": 73.45326731162292,
        "d": 39.226514873669316
      },
      "vprofile": {
        "vpBins": [
          0.008936578100260115,
          0.009104881768202686,
          0.009607753551497985,
          0.059342439064776764,
          0.04435070147656901,
          0.01665903828252497,
          0.0060713373041715295,
          0.011993097782289897,
          0.014278452232975374,
          0.10119156074020581,
          0.015037654037196133,
          0.30052835864124966,
          0.022373953824637985,
          0.1452707739898917,
          0.009833767160508102,
          0.15560173710321312,
          0.014787645599921179,
          0.014734048086927354,
          0.031825231187281436,
          0.008470990065699268
        ],
        "currentBinShare": 0.009607753551497985
      },
      "ttm": {
        "squeeze": false,
        "release": false,
        "widthPct": 3.3564871533789593
      }
    },
    "min5": {
      "sma20": 8.15185,
      "sma50": 8.19048,
      "ema20": 8.139483176419988,
      "ema50": 8.172218226334902,
      "vwma20": 8.137973383784242,
      "hma21": 8.063805194805196,
      "atr14": 0.0444999999999997,
      "atrPercentile": 0.6240875912408759,
      "rvolZ": -0.21745978344450342,
      "rvolPercentile": 0.4097222222222222,
      "mfi14": 12.59347784850641,
      "ppo": {
        "ppo": -0.48869184088451795,
        "signal": -0.3273345898570529,
        "histogram": -0.16135725102746507
      },
      "stochRsi": {
        "k": 30.709842257275877,
        "d": 36.08108108108102
      },
      "vprofile": {
        "vpBins": [
          0.006670746108887858,
          0.0032041871829197395,
          0.028604053615396332,
          0.051521200309648886,
          0.1005441038538687,
          0.008053323065009006,
          0.03188510209217759,
          0.013622585646103403,
          0.10922457899854002,
          0.026665798513517698,
          0.25160506760917356,
          0.020965752284606287,
          0.21046679694489395,
          0.018938057256569094,
          0.022184026950646037,
          0.0537047874957084,
          0.02103681180620677,
          0.014816044328270325,
          0.006093225996971184,
          0.0001937499408853037
        ],
        "currentBinShare": 0.028604053615396332
      },
      "ttm": {
        "squeeze": false,
        "release": false,
        "widthPct": 3.163890007541593
      }
    },
    "min15": {
      "sma20": 8.17905,
      "sma50": 8.162820000000004,
      "ema20": 8.151979591246693,
      "ema50": 8.180283285939936,
      "vwma20": 8.16635844864669,
      "hma21": 8.077731601731601,
      "atr14": 0.05114285714285684,
      "atrPercentile": 0.6097560975609756,
      "rvolZ": -0.24050532552339873,
      "rvolPercentile": 0.53125,
      "mfi14": 24.06238730089703,
      "ppo": {
        "ppo": -0.3882146006795907,
        "signal": -0.19412783143086337,
        "histogram": -0.1940867692487273
      },
      "stochRsi": {
        "k": 62.80440659010137,
        "d": 39.58939333381294
      },
      "vprofile": {
        "vpBins": [
          0,
          0.005216912480720029,
          0.021933910425838858,
          0.10494664709483134,
          0.0077756448977955835,
          0.05794435757779456,
          0.03316987909488305,
          0.012494965778398941,
          0.002038272906351918,
          0.1323061081350295,
          0.03148987012137358,
          0.42018084529288036,
          0.03202067824506504,
          0.013819184389970467,
          0.021575091201568867,
          0.009244289761566946,
          0.005813850765327885,
          0.04695660417686173,
          0.03536519851315167,
          0.005707689140589592
        ],
        "currentBinShare": 0.10494664709483134
      },
      "ttm": {
        "squeeze": false,
        "release": false,
        "widthPct": 3.6837343443988737
      }
    },
    "hourly": {
      "sma20": 8.145700000000001,
      "sma50": 8.2461,
      "ema20": 8.167545875274072,
      "ema50": 8.227140656736882,
      "vwma20": 8.160165179925267,
      "hma21": 8.205372294372294,
      "atr14": 0.10207142857142859,
      "atrPercentile": 0.4161490683229814,
      "rvolZ": -0.360496318773236,
      "rvolPercentile": 0.2767857142857143,
      "mfi14": 39.46689836964596,
      "ppo": {
        "ppo": -0.48131518424346287,
        "signal": -0.3327305138006916,
        "histogram": -0.1485846704427713
      },
      "stochRsi": {
        "k": 52.00601181436612,
        "d": 50.36810672953347
      },
      "vprofile": {
        "vpBins": [
          0,
          0,
          0.06540227779878968,
          0.09424438358182746,
          0.0038753744049867278,
          0.01132368216767562,
          0.0019455118064556065,
          0.009499958774051158,
          0.005938013309498335,
          0.008044400966040763,
          0.037294108480992516,
          0.20446788231004287,
          0.09562110112153795,
          0.13813230610385863,
          0.17928958773154477,
          0.028019711084736058,
          0.0484019753328346,
          0.06342398734217482,
          0.0050757376829525126,
          0
        ],
        "currentBinShare": 0.20446788231004287
      },
      "ttm": {
        "squeeze": false,
        "release": false,
        "widthPct": 4.434681839703504
      }
    },
    "fourHour": {
      "sma20": 8.29315,
      "sma50": 8.108579999999996,
      "ema20": 8.251614333347607,
      "ema50": 8.202790762608059,
      "vwma20": 8.261103521713128,
      "hma21": 8.2147316017316,
      "atr14": 0.2182142857142857,
      "atrPercentile": 0.3,
      "rvolZ": -0.5054956826145125,
      "rvolPercentile": 0.30952380952380953,
      "mfi14": 27.821463310963807,
      "ppo": {
        "ppo": -0.2283567708216182,
        "signal": 0.3001150878422818,
        "histogram": -0.5284718586639
      },
      "stochRsi": {
        "k": 11.837898273067756,
        "d": 48.615381395740464
      },
      "vprofile": {
        "vpBins": [
          0,
          0,
          0,
          0.03577018251412891,
          0,
          0.050017760450189706,
          0.1327813251291697,
          0.021853215050867833,
          0.017881344865272666,
          0.018376778816238854,
          0.0067665985392442105,
          0.086174108819754,
          0.20949766731553357,
          0.10503286343760093,
          0.14586142969921223,
          0.047438355826018436,
          0.07024652225946601,
          0.052301847277302936,
          0,
          0
        ],
        "currentBinShare": 0.086174108819754
      },
      "ttm": {
        "squeeze": false,
        "release": false,
        "widthPct": 8.068090252572494
      }
    },
    "daily": {
      "sma20": 8.250150000000001,
      "sma50": 9.473439999999997,
      "ema20": 8.375823441487292,
      "ema50": 10.047460169960523,
      "vwma20": 0,
      "hma21": 7.546432900432899,
      "atr14": 0.7351428571428567,
      "atrPercentile": 0.07894736842105263,
      "rvolZ": 0,
      "rvolPercentile": 1,
      "mfi14": 50,
      "ppo": {
        "ppo": -5.018838605981889,
        "signal": -6.194848919434103,
        "histogram": 1.1760103134522142
      },
      "stochRsi": {
        "k": 100,
        "d": 45.98733986645585
      },
      "vprofile": {
        "vpBins": [
          0,
          0,
          0,
          0,
          0,
          0,
          0,
          0,
          0,
          0,
          0,
          0,
          0,
          0,
          0,
          0,
          0,
          0,
          0,
          0
        ],
        "currentBinShare": 0
      },
      "ttm": {
        "squeeze": false,
        "release": false,
        "widthPct": 26.970843694591334
      }
    }
  },
  "smaMin5": 8.15185,
  "emaMin5": 8.139483176419988,
  "vwmaMin5": 8.137973383784242,
  "hmaMin5": 8.063805194805196,
  "keltner15": {
    "upper": 8.226979591246693,
    "middle": 8.151979591246693,
    "lower": 8.076979591246694
  },
  "superTrend15": {
    "isBull": true,
    "finalUpper": 8.206,
    "finalLower": 7.906000000000002
  },
  "mfi15": 24.06238730089703,
  "stochRsi15": {
    "k": 62.80440659010137,
    "d": 39.58939333381294
  },
  "ppo15": {
    "ppo": -0.3882146006795907,
    "signal": -0.19412783143086337,
    "histogram": -0.1940867692487273
  },
  "vpMin15": {
    "vpBins": [
      0,
      0.005216912480720029,
      0.021933910425838858,
      0.10494664709483134,
      0.0077756448977955835,
      0.05794435757779456,
      0.03316987909488305,
      0.012494965778398941,
      0.002038272906351918,
      0.1323061081350295,
      0.03148987012137358,
      0.42018084529288036,
      0.03202067824506504,
      0.013819184389970467,
      0.021575091201568867,
      0.009244289761566946,
      0.005813850765327885,
      0.04695660417686173,
      0.03536519851315167,
      0.005707689140589592
    ],
    "currentBinShare": 0.10494664709483134
  },
  "ttm15": {
    "squeeze": false,
    "release": false,
    "widthPct": 3.6837343443988737
  },
  "marketCorrelation": {
    "hourly": {
      "btcCorrelation": 0,
      "ethCorrelation": 0,
      "btcBeta": 1,
      "ethBeta": 1,
      "btcTrend": "UNKNOWN",
      "ethTrend": "UNKNOWN",
      "tokenVol": 0,
      "btcVol": 0,
      "ethVol": 0,
      "marketDependence": 0,
      "verdict": "INSUFFICIENT_DATA"
    },
    "min15": {
      "btcCorrelation": 0,
      "ethCorrelation": 0,
      "btcBeta": 1,
      "ethBeta": 1,
      "btcTrend": "UNKNOWN",
      "ethTrend": "UNKNOWN",
      "tokenVol": 0,
      "btcVol": 0,
      "ethVol": 0,
      "marketDependence": 0,
      "verdict": "INSUFFICIENT_DATA"
    },
    "daily": {
      "btcCorrelation": 0,
      "ethCorrelation": 0,
      "btcBeta": 1,
      "ethBeta": 1,
      "btcTrend": "UNKNOWN",
      "ethTrend": "UNKNOWN",
      "tokenVol": 0,
      "btcVol": 0,
      "ethVol": 0,
      "marketDependence": 0,
      "verdict": "INSUFFICIENT_DATA"
    }
  },
  "tradeTape": {
    "totalTrades": 0,
    "totalVolume": 0,
    "buysVolume": 0,
    "sellsVolume": 0,
    "buySellRatio": 0.5,
    "vwap": 0,
    "signedVolume": 0,
    "avgTradeSize": 0,
    "tradesPerSec": 0,
    "cumulativeDelta": 0,
    "tradesLast1m": 0,
    "tradesLast5m": 0,
    "tradesLast15m": 0,
    "tradesLast1h": 0,
    "buyVWAP": 0,
    "sellVWAP": 0,
    "aggressorVWAP": 0,
    "bucketDurationMs": 60000,
    "bucketCount": 15,
    "bucketSignedVolumes": [],
    "bucketVolumes": [],
    "bucketVWAPs": [],
    "latestBucketSignedZ": 0
  },
  "enhancedMetrics": {
    "relativeVolumeZScore": -1,
    "volumePercentile": 40,
    "atrPercentile": 60.94890510948905,
    "volatilityPercentile": 22.468354430379748,
    "relativeVolatilityRatio": 0.8948553348726417,
    "isHighVolume": false,
    "isHighVolatility": false,
    "isLowVolatility": true,
    "isExpandingVolatility": false,
    "isContractingVolatility": false
  },
  "orderBook": {
    "bidAskSpread": 0,
    "spreadPct": 0,
    "midPrice": 0,
    "bestBid": 0,
    "bestAsk": 0,
    "bidDepth": 0,
    "askDepth": 0,
    "orderBookImbalance": 0,
    "liquidityScore": 0,
    "depthAt1Pct": {
      "bidVolume": 0,
      "askVolume": 0,
      "imbalance": 0
    },
    "depthAt2Pct": {
      "bidVolume": 0,
      "askVolume": 0,
      "imbalance": 0
    },
    "depthAt5Pct": {
      "bidVolume": 0,
      "askVolume": 0,
      "imbalance": 0
    },
    "weightedMidPrice": 0,
    "volumeWeightedSpread": 0,
    "totalBidLevels": 0,
    "totalAskLevels": 0
  },
  "marketCap": {
    "marketCap": 0,
    "totalVolume24h": 0,
    "volumeToMarketCapRatio": 0,
    "marketCapRank": 0,
    "normalizedRank": 0,
    "isHighLiquidity": false,
    "isVeryHighLiquidity": false,
    "isLowLiquidity": true,
    "liquidityTier": "VERY_LOW"
  },
  "sweeps": {
    "sweepScore": 0,
    "sweepCount": 0,
    "sweepDirection": "NEUTRAL",
    "buySweeps": 0,
    "sellSweeps": 0,
    "avgSweepSize": 0,
    "avgSweepIntensity": 0,
    "bidLiftRatio": 0,
    "askLiftRatio": 0,
    "sweepFrequency": 0,
    "largestSweep": null,
    "recentSweepClusters": 0,
    "sweepDetails": []
  },
  "absorption": {
    "absorptionScore": 0,
    "absorptionLevel": null,
    "absorptionSide": "NONE",
    "icebergProbability": 0,
    "hiddenLiquidityEstimate": 0,
    "volumeAtPrice": {},
    "topAbsorptionLevels": [],
    "persistenceDuration": 0,
    "refillDetected": false
  },
  "orderArrival": {
    "avgInterArrivalTime": 0,
    "recentInterArrivalTime": 0,
    "accelerationRatio": 1,
    "hawkesIntensity": 0,
    "hawkesDirection": "NEUTRAL",
    "clusteringScore": 0,
    "burstCount": 0,
    "cascadeDetected": false,
    "timeToNextTrade": 0,
    "accelerationTrend": "STABLE"
  },
  "liquidityVacuum": {
    "vacuumScore": 0,
    "vacuumSide": "NONE",
    "bidVacuumSeverity": 0,
    "askVacuumSeverity": 0,
    "depthConcentration": 0,
    "priceImpact10k": 0,
    "priceImpact50k": 0,
    "priceImpact100k": 0,
    "largestGapBid": 0,
    "largestGapAsk": 0,
    "avgGapBid": 0,
    "avgGapAsk": 0,
    "bidCliffDistance": 0,
    "askCliffDistance": 0
  },
  "volatilityRegime": {
    "regime": "LOW",
    "regimeScore": -1,
    "currentATR": 0.749846,
    "avgATR": 1.045349,
    "atrPercentile": 10.5,
    "realizedVolatility": 83.43,
    "volPercentile": 13.6,
    "expanding": false,
    "contracting": true,
    "transitionProbability": 0.4,
    "daysInRegime": 2,
    "regimeStrength": 0.8
  },
  "temporalPatterns": {
    "currentHour": 8,
    "currentDay": 0,
    "currentDayName": "Sunday",
    "dayBias": "NEUTRAL",
    "hourlyProfile": [
      {
        "avgVolume": 1926.99,
        "avgATR": 0.105857,
        "avgReturn": 0.248
      },
      {
        "avgVolume": 777.85,
        "avgATR": 0.140786,
        "avgReturn": 0.535
      },
      {
        "avgVolume": 647.93,
        "avgATR": 0.090286,
        "avgReturn": 0.023
      },
      {
        "avgVolume": 1373.36,
        "avgATR": 0.092786,
        "avgReturn": -0.585
      },
      {
        "avgVolume": 514.14,
        "avgATR": 0.083143,
        "avgReturn": 0.148
      },
      {
        "avgVolume": 367.82,
        "avgATR": 0.0715,
        "avgReturn": -0.022
      },
      {
        "avgVolume": 597.41,
        "avgATR": 0.094857,
        "avgReturn": -0.623
      },
      {
        "avgVolume": 603.33,
        "avgATR": 0.093071,
        "avgReturn": 0.325
      },
      {
        "avgVolume": 493.37,
        "avgATR": 0.101786,
        "avgReturn": 0.611
      },
      {
        "avgVolume": 338.43,
        "avgATR": 0.057286,
        "avgReturn": -0.025
      },
      {
        "avgVolume": 1337.24,
        "avgATR": 0.109929,
        "avgReturn": -0.254
      },
      {
        "avgVolume": 747.69,
        "avgATR": 0.099143,
        "avgReturn": -0.359
      },
      {
        "avgVolume": 1715.33,
        "avgATR": 0.130857,
        "avgReturn": 0.049
      },
      {
        "avgVolume": 2442.19,
        "avgATR": 0.168857,
        "avgReturn": 0.276
      },
      {
        "avgVolume": 1071.09,
        "avgATR": 0.177538,
        "avgReturn": -0.056
      },
      {
        "avgVolume": 2081.68,
        "avgATR": 0.1525,
        "avgReturn": -0.141
      },
      {
        "avgVolume": 1981.79,
        "avgATR": 0.106,
        "avgReturn": -0.321
      },
      {
        "avgVolume": 1839.35,
        "avgATR": 0.205429,
        "avgReturn": 0.817
      },
      {
        "avgVolume": 1593.65,
        "avgATR": 0.1115,
        "avgReturn": -0.048
      },
      {
        "avgVolume": 2014.66,
        "avgATR": 0.0885,
        "avgReturn": -0.272
      },
      {
        "avgVolume": 3876.44,
        "avgATR": 0.135214,
        "avgReturn": 0.056
      },
      {
        "avgVolume": 1573.36,
        "avgATR": 0.112286,
        "avgReturn": 0.061
      },
      {
        "avgVolume": 615.24,
        "avgATR": 0.103857,
        "avgReturn": -0.789
      },
      {
        "avgVolume": 940.77,
        "avgATR": 0.075429,
        "avgReturn": 0.032
      }
    ],
    "dailyProfile": [
      {
        "avgVolume": 2381.08,
        "avgATR": 0.116854,
        "avgReturn": -0.399
      },
      {
        "avgVolume": 1898.99,
        "avgATR": 0.154021,
        "avgReturn": 0.135
      },
      {
        "avgVolume": 930.69,
        "avgATR": 0.094125,
        "avgReturn": -0.139
      },
      {
        "avgVolume": 1238.73,
        "avgATR": 0.139617,
        "avgReturn": 0.097
      },
      {
        "avgVolume": 787.52,
        "avgATR": 0.107167,
        "avgReturn": -0.007
      },
      {
        "avgVolume": 920.76,
        "avgATR": 0.113792,
        "avgReturn": 0.193
      },
      {
        "avgVolume": 1024.8,
        "avgATR": 0.063583,
        "avgReturn": 0.031
      }
    ],
    "favorableHours": [
      20,
      13,
      15,
      19,
      16,
      0
    ],
    "favorableWindow": false,
    "currentVsAvgVolume": 0,
    "currentVsAvgVolatility": 0,
    "anomalyDetected": true,
    "timeUntilFavorable": 5,
    "temporalScore": 0
  },
  "unifiedMicrostructure": {
    "signalDirections": {
      "vpin": "NEUTRAL",
      "sweeps": "NEUTRAL",
      "absorption": "NEUTRAL",
      "arrival": "NEUTRAL",
      "vacuum": "NONE",
      "volRegime": "FAVORABLE",
      "temporal": "UNFAVORABLE"
    },
    "consensusDirection": "NEUTRAL",
    "consensusStrength": 50,
    "bullishSignals": 1,
    "bearishSignals": 1,
    "neutralSignals": 0,
    "totalAvailableSignals": 2,
    "dominantPattern": "NONE",
    "clusters": {
      "strongBuyCluster": false,
      "distributionPattern": false,
      "accumulationPattern": false,
      "momentumCascade": false
    },
    "adaptiveWeights": {
      "vpin": 0,
      "sweeps": 0,
      "absorption": 0,
      "arrival": 0,
      "vacuum": 0,
      "volRegime": 0.021,
      "temporal": 0.02
    },
    "convictionLevel": "LOW",
    "convictionScore": 30,
    "riskAdjustment": "REDUCE",
    "timingQuality": "UNFAVORABLE",
    "signalQuality": "LOW"
  },
  "deltaAnalysis": {
    "currentDelta": 0,
    "cumulativeDelta": 0,
    "deltaPerVolume": 0,
    "deltaDirection": "NEUTRAL",
    "deltaDivergence": false,
    "institutionalRatio": 0,
    "aggressionScore": 0
  },
  "volumeProfile": {
    "pointOfControl": 0,
    "valueAreaHigh": 0,
    "valueAreaLow": 0,
    "currentPosition": "ABOVE_VALUE_AREA",
    "volumeNodes": [],
    "airPockets": []
  },
  "momentumCascade": {
    "cascadeDetected": false,
    "alignmentScore": -0.010590434900807282,
    "cascadeStrength": 0,
    "acceleratingTimeframes": [],
    "divergingTimeframes": [
      "1m",
      "5m",
      "15m",
      "1h"
    ]
  },
  "breakoutConfirmation": {
    "breakoutConfirmed": false,
    "volumeConfirmation": false,
    "retestStrength": 0,
    "falseBreakoutRisk": 0,
    "breakoutQuality": "NO_BREAKOUT"
  },
  "liquidityHeatmap": {
    "liquidityScore": 0,
    "magnetDirection": "NONE",
    "magnetStrength": 0,
    "priceTarget5pct": null,
    "message": "No order book data"
  },
  "smartMoneyDivergence": {
    "divergenceDetected": false,
    "divergenceDirection": "NONE",
    "smartMoneyScore": 0.5,
    "message": "Insufficient trade data"
  },
  "microstructure": {
    "raw": -0.04258200129354153,
    "pct": 49,
    "summary": {
      "latestBucketSignedZ": 0,
      "buySellRatio": 0.5,
      "tradesPerSec": 0,
      "vwap": 0,
      "aggressorVWAP": 0,
      "vpinToxicity": "UNKNOWN",
      "sweepDirection": "NEUTRAL",
      "absorptionSide": "NONE",
      "icebergDetected": false,
      "hawkesDirection": "NEUTRAL",
      "cascadeDetected": false,
      "vacuumSide": "NONE",
      "volatilityRegime": "LOW",
      "volExpanding": false,
      "favorableTimeWindow": false,
      "temporalAnomaly": true,
      "consensusDirection": "NEUTRAL",
      "consensusStrength": 50,
      "dominantPattern": "NONE",
      "convictionLevel": "LOW",
      "riskAdjustment": "REDUCE",
      "timingQuality": "UNFAVORABLE",
      "deltaDirection": "NEUTRAL",
      "deltaDivergence": false,
      "institutionalRatio": 0,
      "volumeProfilePosition": "ABOVE_VALUE_AREA",
      "pointOfControl": 0,
      "momentumCascadeDetected": false,
      "cascadeStrength": 0,
      "breakoutQuality": "NO_BREAKOUT",
      "breakoutConfirmed": false,
      "magnetDirection": "NONE",
      "magnetStrength": 0,
      "priceTarget5pct": null,
      "nearestBidWall": 0,
      "nearestAskWall": 0,
      "divergenceDetected": false,
      "divergenceDirection": "NONE",
      "whaleAccumulation": false,
      "whaleDistribution": false,
      "retailPanic": false,
      "smartMoneyScore": 0.5
    }
  }
}

=== MICROSTRUCTURE ALERTS ===

🔬 VPIN: Insufficient data for VPIN analysis

🌊 SWEEP DETECTION: No significant sweeps detected

🧊 ABSORPTION & ICEBERG: No significant absorption or iceberg orders detected

⚡ ORDER ARRIVAL DYNAMICS: Insufficient trades for analysis

🌪️ LIQUIDITY VACUUM: No significant vacuum detected

📊 VOLATILITY REGIME DETECTION:
   Current Regime: LOW
   Regime Score: -1.00 (-1=low vol, +1=extreme vol)
   Days in Regime: 2
   ATR: $0.749846 (avg: $1.045349)
   ATR Percentile: 10.5%
   Realized Volatility: 83.43% (annualized)
   Vol Percentile: 13.6%

   🔵 LOW VOLATILITY REGIME:
   ✅ Ideal for breakout setups - price coiling
   ✅ Tight stops recommended
   ✅ Can increase position size (lower risk)

   📉 VOLATILITY CONTRACTING:
   🔄 Consolidation phase - accumulation likely
   ⏳ Wait for expansion before entering

   📍 MODERATE REGIME TRANSITION PROBABILITY: 40%
   Monitor for potential regime change

   ⚠️ NEW REGIME: Only 2 day(s) - conditions still settling

⏰ TEMPORAL PATTERN ANALYSIS:
   Current Time: Sunday 8:00 UTC
   Day Bias: NEUTRAL
   Current vs Avg Volume: 0x
   Current vs Avg Volatility: 0x

   ⏳ NON-FAVORABLE TIME WINDOW:
   This hour typically shows weaker activity
   Next favorable window in 5 hour(s)

   ⚠️ LOW ACTIVITY ANOMALY:
   Volume 0x below typical - Extremely quiet

   📉 LOW VOLATILITY ANOMALY:
   Volatility 0x below typical - Consolidation likely

   🔥 Best Trading Hours (UTC): 20:00, 13:00, 15:00

🎯 UNIFIED MICROSTRUCTURE INTEGRATION:
   Signal Consensus: NEUTRAL (50% agreement)
   Available Signals: 2 (1 bullish / 1 bearish / 0 neutral)
   Conviction Level: LOW (30%)
   Signal Quality: LOW
   Risk Adjustment: REDUCE
   Timing Quality: UNFAVORABLE

   ⚠️ LOW CONVICTION: Only 50% signal agreement
   Weak alignment - Reduce position size or wait for clarity

   ⚠️ RISK REDUCTION RECOMMENDED: Extreme volatility or unfavorable timing detected

   ⏰ UNFAVORABLE TIMING: Avoid trading during this hour

   Signal Directions Breakdown:
   • VPIN: NEUTRAL
   • Sweeps: NEUTRAL
   • Absorption: NEUTRAL
   • Arrival Dynamics: NEUTRAL
   • Liquidity Vacuum: NONE
   • Vol Regime: FAVORABLE
   • Temporal: UNFAVORABLE

   Adaptive Weights (Total: 4.1%):
   • VPIN: 0.0%
   • Sweeps: 0.0%
   • Absorption: 0.0%
   • Arrival: 0.0%
   • Vacuum: 0.0%
   • Vol Regime: 2.1%
   • Temporal: 2.0%


💹 DELTA ANALYSIS (Order Flow Aggression):
   Direction: NEUTRAL
   Delta Per Volume: 0.00%
   Institutional Ratio: 0.0%
   Aggression Score: 0.0%

📊 VOLUME PROFILE (Support/Resistance Strength):
   Point of Control (POC): $0.000000
   Value Area High: $0.000000
   Value Area Low: $0.000000
   Current Position: ABOVE_VALUE_AREA
   ⚠️ DISTRIBUTION RISK: Price above value area - potential rejection zone

⚡ MOMENTUM CASCADE (Multi-Timeframe Alignment):
   Cascade Detected: NO
   Alignment Score: -1.1%
   Cascade Strength: 0.0%
   Accelerating: None
   Diverging: 1m, 5m, 15m, 1h

💥 BREAKOUT CONFIRMATION:
   Quality: NO_BREAKOUT
   Volume Confirmation: NO
   Retest Strength: 0.0%
   False Breakout Risk: 0.0%
   No breakout detected - price below resistance


levels:
Entry=8.04388, StopLoss=7.842783, TakeProfit=8.1041093, 8.164338599999999, 8.21252204

---

=== Token: FIS (FIS) ===
Contract: FIS-USD
Timestamp: 2025-04-16T13:25:00.000Z

Calculations:
{
  "momentumScore": 38.994567882435526,
  "volumeScore": 19.54254731488053,
  "patternScore": 57.55996691480584,
  "totalScore": 30.377564870174687,
  "finalScore": 0,
  "weights": "0.23,0.45,0.23",
  "hourlyUptrend": false,
  "rsi": 74.07407407407413,
  "ultraShortVolumeSurge": 0.732376434834391,
  "baseVolumeSurge": 0.04574346966733372,
  "currentPrice": 0.1232,
  "resistance": 0.1258,
  "support": 0.1209,
  "rocMin5": -0.006451612903225767,
  "shortROC": -0.0096463022508038,
  "priceAcceleration": -0.0016010988356787103,
  "buySellRatio": 0.5839591554889284,
  "macdHistogram": 0.0006194703918035937,
  "stochasticK": 72.30769230769234,
  "atr": 0.0007428571428571433,
  "bbUpper": 0.12561516115273216,
  "bbLower": 0.11956483884726778,
  "hammerDetected": false,
  "engulfingDetected": false,
  "compressionSpring": {
    "detected": true,
    "confidence": 54,
    "signals": {
      "sidewaysPrice": true,
      "atrCompression": true,
      "bbSqueeze": true,
      "consolidationTime": true,
      "strongBuying": false,
      "obvPositive": false,
      "chaikinPositive": false,
      "rsiNeutral": false,
      "volumeBuilding": false
    },
    "metrics": {
      "priceRange": 5.45,
      "atrRatio": 0.813,
      "bbWidth": 4.94,
      "volumeRatio": 0.668,
      "signalCount": 4,
      "buySellRatio": 0.584
    }
  },
  "riskTier": "LOW",
  "atrPercent": 0.8986549165120585,
  "distanceToResistance": 2.110389610389603,
  "slPercent": 2.5,
  "tpPercent": 1.7938311688311623,
  "trailingActivation": 1.0762987012986973,
  "shortMomentumScore": 40,
  "overboughtScore": 0,
  "shortPatternScore": 25,
  "shootingStarDetected": false,
  "bearishEngulfingDetected": false,
  "eveningStarDetected": true,
  "bearishPatternsCount": 1,
  "shortTotalScore": 22.25,
  "chaikin": -0.11036826023774796,
  "obvIncreasing": false,
  "obvTrend": "declining",
  "adx": 19.587628865979546,
  "recentCandles": {
    "redCount": 4,
    "greenCount": 6
  },
  "resistanceDistance": 2.110389610389603,
  "multiplePatterns": false,
  "bullishPattern": false,
  "priceAboveVWAP": false,
  "breakingResistance": false,
  "atrSufficient": false,
  "macdDivergenceBearish": false,
  "rvolMin1": -0.4755208610339313,
  "rvolMin5": -0.44863672018754214,
  "atrPercentileOld": 0.3170731707317073,
  "vwapDeviation": -3.194989436544186,
  "bbWidthPercent": 4.93541259928574,
  "bbSqueeze": false,
  "multiTFMomentum": {
    "min1": {
      "roc1": -0.01669316375198721,
      "roc3": -0.006425702811244941
    },
    "min5": {
      "roc1": -0.0096463022508038,
      "roc3": -0.010441767068273057
    },
    "min15": {
      "roc1": -0.0032154340836012666,
      "roc3": -0.004016064257028116
    },
    "hourly": {
      "roc1": -0.014308426073131925,
      "roc3": 0.018898931799506954
    },
    "fourHour": {
      "roc1": 0.023102310231023077,
      "roc3": 0.0073111291632818685
    },
    "divergenceShortUpLongDown": false
  },
  "returnZMin5": -0.9671553573304142,
  "wickClosePct": 0,
  "wickUpper": 0,
  "wickLower": 0,
  "wickRatio": 0,
  "donchianBreakout15": false,
  "bbWidthPercentile15": 0.18181818181818182,
  "signedMin5": -10880.799999999988,
  "signedMin5Z": -1.2090485475764514,
  "signedMin1": -79919.79999999996,
  "signedMin1Z": -9.793999190073139,
  "streakMin1": {
    "upStreak": 0,
    "downStreak": 1
  },
  "streakMin5": {
    "upStreak": 0,
    "downStreak": 2
  },
  "rvolPercentileMin1": 0.15,
  "rvolPercentileMin5": 0.1388888888888889,
  "perTfMetrics": {
    "min1": {
      "sma20": 0.12318,
      "sma50": 0.12325800000000005,
      "ema20": 0.1236158601518749,
      "ema50": 0.12410856476647036,
      "vwma20": 0.12303257488595898,
      "hma21": 0.12542424242424244,
      "atr14": 0.00048571428571428474,
      "atrPercentile": 0.06101477199743096,
      "rvolZ": -0.4755208610339313,
      "rvolPercentile": 0.15,
      "mfi14": 67.30253630072497,
      "ppo": {
        "ppo": 0.3759488218877018,
        "signal": 0.19675040959171863,
        "histogram": 0.17919841229598316
      },
      "stochRsi": {
        "k": 18.476887263053083,
        "d": 80.75105897686548
      },
      "vprofile": {
        "vpBins": [
          0.03553259076054589,
          0.010976033959478004,
          0.003105309596528462,
          0.11603964347364627,
          0.008006127804384049,
          0.01566698912017375,
          0.059387924839048686,
          0.07577960497336103,
          0.014005286632006501,
          0.01838464185851176,
          0.053132580734301965,
          0.09212606871343756,
          0.12682117321552824,
          0.05024770105967324,
          0.10228820757667036,
          0.0919923854609142,
          0.037432170800997366,
          0.06921683853606517,
          0.005625140610084657,
          0.014233580274642905
        ],
        "currentBinShare": 0.008006127804384049
      },
      "ttm": {
        "squeeze": false,
        "release": false,
        "widthPct": 4.888855869080121
      }
    },
    "min5": {
      "sma20": 0.12244,
      "sma50": 0.12448000000000001,
      "ema20": 0.12334345748341137,
      "ema50": 0.12448891799007178,
      "vwma20": 0.12177012414501746,
      "hma21": 0.12522121212121212,
      "atr14": 0.0007428571428571433,
      "atrPercentile": 0.072992700729927,
      "rvolZ": -0.44863672018754214,
      "rvolPercentile": 0.1388888888888889,
      "mfi14": 71.06626707536029,
      "ppo": {
        "ppo": 0.08895601364124406,
        "signal": -0.21058978405479672,
        "histogram": 0.2995457976960408
      },
      "stochRsi": {
        "k": 83.96226415094338,
        "d": 76.85185185185192
      },
      "vprofile": {
        "vpBins": [
          0.018194545842097506,
          0.013492004831482265,
          0.006705708273269628,
          0.08811923632824513,
          0.012137454049179833,
          0.02476444616535667,
          0.04116354224137479,
          0.03933843217160631,
          0.022900329458260756,
          0.07856299166602689,
          0.13285145671669976,
          0.05471420008497533,
          0.13262056412753162,
          0.05687034203289431,
          0.0967802357469604,
          0.11199930951575975,
          0.01668053516343447,
          0.03619701499085156,
          0.01590765059399288,
          0
        ],
        "currentBinShare": 0.012137454049179833
      },
      "ttm": {
        "squeeze": false,
        "release": false,
        "widthPct": 5.655051503195002
      }
    },
    "min15": {
      "sma20": 0.12258999999999998,
      "sma50": 0.12598799999999996,
      "ema20": 0.12349095424403829,
      "ema50": 0.12509400116281158,
      "vwma20": 0.12215761998389363,
      "hma21": 0.12376753246753254,
      "atr14": 0.0011071428571428562,
      "atrPercentile": 0.3170731707317073,
      "rvolZ": -0.04926660702974541,
      "rvolPercentile": 0.6770833333333334,
      "mfi14": 49.478970547870574,
      "ppo": {
        "ppo": -0.18553329667403493,
        "signal": -0.6296953233459397,
        "histogram": 0.44416202667190474
      },
      "stochRsi": {
        "k": 98.66619224317607,
        "d": 61.56470149382077
      },
      "vprofile": {
        "vpBins": [
          0.03000052677881693,
          0.02927092234554735,
          0.002693511567526578,
          0.14442950327281054,
          0.006081140971373831,
          0.042697946603554145,
          0.03866808865403597,
          0.07457737040215935,
          0.046698626684469904,
          0.029167932355291176,
          0.05303337853537193,
          0.02887962346985737,
          0.09568306336707556,
          0.06320967279464997,
          0.05282235157218242,
          0.04484212565031161,
          0.08034717562963475,
          0.12153907105867719,
          0.014611014850431092,
          0.000746953436222384
        ],
        "currentBinShare": 0.042697946603554145
      },
      "ttm": {
        "squeeze": false,
        "release": false,
        "widthPct": 4.93541259928574
      }
    },
    "hourly": {
      "sma20": 0.12349500000000002,
      "sma50": 0.127142,
      "ema20": 0.12398747911139599,
      "ema50": 0.1260946497528375,
      "vwma20": 0.12348758963085421,
      "hma21": 0.12077445887445884,
      "atr14": 0.001492857142857144,
      "atrPercentile": 0.2795031055900621,
      "rvolZ": -0.38448713694019726,
      "rvolPercentile": 0.4732142857142857,
      "mfi14": 39.88898413856144,
      "ppo": {
        "ppo": -0.9817738758840273,
        "signal": -1.329181959962386,
        "histogram": 0.34740808407835866
      },
      "stochRsi": {
        "k": 100,
        "d": 50.51594202898551
      },
      "vprofile": {
        "vpBins": [
          0,
          0.004278873495766811,
          0.02381498852286225,
          0.020187765857959547,
          0.05275652557910308,
          0.05553109356753808,
          0.04243987096412668,
          0.029427723372755274,
          0.038974558880448255,
          0.09058556089866904,
          0.11040295320271776,
          0.17129844021181118,
          0.032703271957459264,
          0.05754580172640153,
          0.09420115063130663,
          0.07278888951243424,
          0.029254489795294283,
          0.021308783810198156,
          0.05249925801314807,
          0
        ],
        "currentBinShare": 0.11040295320271776
      },
      "ttm": {
        "squeeze": false,
        "release": false,
        "widthPct": 6.775217166593834
      }
    },
    "fourHour": {
      "sma20": 0.12834,
      "sma50": 0.12216799999999997,
      "ema20": 0.1263978677524836,
      "ema50": 0.12523995554451328,
      "vwma20": 0.12876313066810047,
      "hma21": 0.12443939393939399,
      "atr14": 0.004464285714285714,
      "atrPercentile": 0.44285714285714284,
      "rvolZ": -0.4290510606549057,
      "rvolPercentile": 0.44047619047619047,
      "mfi14": 22.84294688313149,
      "ppo": {
        "ppo": -0.1885977214289107,
        "signal": 0.8907232864821705,
        "histogram": -1.079321007911081
      },
      "stochRsi": {
        "k": 0,
        "d": 37.38694094177793
      },
      "vprofile": {
        "vpBins": [
          0,
          0,
          0.020162394761631983,
          0.008373416547077786,
          0.052687593305162934,
          0.06428632915179741,
          0.04426400801790083,
          0.039322106929527575,
          0.1894411513837945,
          0.14195007706027268,
          0.10669069865788568,
          0.06539669983632368,
          0.08224553501096571,
          0.09175335181654763,
          0.06674748162895396,
          0.005631474048068345,
          0.007910641233137087,
          0.013137040610952413,
          0,
          0
        ],
        "currentBinShare": 0.14195007706027268
      },
      "ttm": {
        "squeeze": false,
        "release": false,
        "widthPct": 12.393190322350732
      }
    },
    "daily": {
      "sma20": 0.12802,
      "sma50": 0.1636819999999999,
      "ema20": 0.13333177823726197,
      "ema50": 0.16731888844325712,
      "vwma20": 0,
      "hma21": 0.111582683982684,
      "atr14": 0.011221428571428568,
      "atrPercentile": 0.23684210526315788,
      "rvolZ": 0,
      "rvolPercentile": 1,
      "mfi14": 50,
      "ppo": {
        "ppo": -9.085552760992526,
        "signal": -11.001977139976775,
        "histogram": 1.9164243789842494
      },
      "stochRsi": {
        "k": 100,
        "d": 42.85430301362512
      },
      "vprofile": {
        "vpBins": [
          0,
          0,
          0,
          0,
          0,
          0,
          0,
          0,
          0,
          0,
          0,
          0,
          0,
          0,
          0,
          0,
          0,
          0,
          0,
          0
        ],
        "currentBinShare": 0
      },
      "ttm": {
        "squeeze": false,
        "release": false,
        "widthPct": 41.366294197462224
      }
    }
  },
  "smaMin5": 0.12244,
  "emaMin5": 0.12334345748341137,
  "vwmaMin5": 0.12177012414501746,
  "hmaMin5": 0.12522121212121212,
  "keltner15": {
    "upper": 0.12496095424403829,
    "middle": 0.12349095424403829,
    "lower": 0.12202095424403829
  },
  "superTrend15": {
    "isBull": true,
    "finalUpper": 0.12684,
    "finalLower": 0.12096000000000001
  },
  "mfi15": 49.478970547870574,
  "stochRsi15": {
    "k": 98.66619224317607,
    "d": 61.56470149382077
  },
  "ppo15": {
    "ppo": -0.18553329667403493,
    "signal": -0.6296953233459397,
    "histogram": 0.44416202667190474
  },
  "vpMin15": {
    "vpBins": [
      0.03000052677881693,
      0.02927092234554735,
      0.002693511567526578,
      0.14442950327281054,
      0.006081140971373831,
      0.042697946603554145,
      0.03866808865403597,
      0.07457737040215935,
      0.046698626684469904,
      0.029167932355291176,
      0.05303337853537193,
      0.02887962346985737,
      0.09568306336707556,
      0.06320967279464997,
      0.05282235157218242,
      0.04484212565031161,
      0.08034717562963475,
      0.12153907105867719,
      0.014611014850431092,
      0.000746953436222384
    ],
    "currentBinShare": 0.042697946603554145
  },
  "ttm15": {
    "squeeze": false,
    "release": false,
    "widthPct": 4.93541259928574
  },
  "marketCorrelation": {
    "hourly": {
      "btcCorrelation": 0,
      "ethCorrelation": 0,
      "btcBeta": 1,
      "ethBeta": 1,
      "btcTrend": "UNKNOWN",
      "ethTrend": "UNKNOWN",
      "tokenVol": 0,
      "btcVol": 0,
      "ethVol": 0,
      "marketDependence": 0,
      "verdict": "INSUFFICIENT_DATA"
    },
    "min15": {
      "btcCorrelation": 0,
      "ethCorrelation": 0,
      "btcBeta": 1,
      "ethBeta": 1,
      "btcTrend": "UNKNOWN",
      "ethTrend": "UNKNOWN",
      "tokenVol": 0,
      "btcVol": 0,
      "ethVol": 0,
      "marketDependence": 0,
      "verdict": "INSUFFICIENT_DATA"
    },
    "daily": {
      "btcCorrelation": 0,
      "ethCorrelation": 0,
      "btcBeta": 1,
      "ethBeta": 1,
      "btcTrend": "UNKNOWN",
      "ethTrend": "UNKNOWN",
      "tokenVol": 0,
      "btcVol": 0,
      "ethVol": 0,
      "marketDependence": 0,
      "verdict": "INSUFFICIENT_DATA"
    }
  },
  "tradeTape": {
    "totalTrades": 0,
    "totalVolume": 0,
    "buysVolume": 0,
    "sellsVolume": 0,
    "buySellRatio": 0.5,
    "vwap": 0,
    "signedVolume": 0,
    "avgTradeSize": 0,
    "tradesPerSec": 0,
    "cumulativeDelta": 0,
    "tradesLast1m": 0,
    "tradesLast5m": 0,
    "tradesLast15m": 0,
    "tradesLast1h": 0,
    "buyVWAP": 0,
    "sellVWAP": 0,
    "aggressorVWAP": 0,
    "bucketDurationMs": 60000,
    "bucketCount": 15,
    "bucketSignedVolumes": [],
    "bucketVolumes": [],
    "bucketVWAPs": [],
    "latestBucketSignedZ": 0
  },
  "enhancedMetrics": {
    "relativeVolumeZScore": -1,
    "volumePercentile": 40,
    "atrPercentile": 10.583941605839415,
    "volatilityPercentile": 18.037974683544302,
    "relativeVolatilityRatio": 0.7988851534235489,
    "isHighVolume": false,
    "isHighVolatility": false,
    "isLowVolatility": true,
    "isExpandingVolatility": false,
    "isContractingVolatility": true
  },
  "orderBook": {
    "bidAskSpread": 0,
    "spreadPct": 0,
    "midPrice": 0,
    "bestBid": 0,
    "bestAsk": 0,
    "bidDepth": 0,
    "askDepth": 0,
    "orderBookImbalance": 0,
    "liquidityScore": 0,
    "depthAt1Pct": {
      "bidVolume": 0,
      "askVolume": 0,
      "imbalance": 0
    },
    "depthAt2Pct": {
      "bidVolume": 0,
      "askVolume": 0,
      "imbalance": 0
    },
    "depthAt5Pct": {
      "bidVolume": 0,
      "askVolume": 0,
      "imbalance": 0
    },
    "weightedMidPrice": 0,
    "volumeWeightedSpread": 0,
    "totalBidLevels": 0,
    "totalAskLevels": 0
  },
  "marketCap": {
    "marketCap": 0,
    "totalVolume24h": 0,
    "volumeToMarketCapRatio": 0,
    "marketCapRank": 0,
    "normalizedRank": 0,
    "isHighLiquidity": false,
    "isVeryHighLiquidity": false,
    "isLowLiquidity": true,
    "liquidityTier": "VERY_LOW"
  },
  "sweeps": {
    "sweepScore": 0,
    "sweepCount": 0,
    "sweepDirection": "NEUTRAL",
    "buySweeps": 0,
    "sellSweeps": 0,
    "avgSweepSize": 0,
    "avgSweepIntensity": 0,
    "bidLiftRatio": 0,
    "askLiftRatio": 0,
    "sweepFrequency": 0,
    "largestSweep": null,
    "recentSweepClusters": 0,
    "sweepDetails": []
  },
  "absorption": {
    "absorptionScore": 0,
    "absorptionLevel": null,
    "absorptionSide": "NONE",
    "icebergProbability": 0,
    "hiddenLiquidityEstimate": 0,
    "volumeAtPrice": {},
    "topAbsorptionLevels": [],
    "persistenceDuration": 0,
    "refillDetected": false
  },
  "orderArrival": {
    "avgInterArrivalTime": 0,
    "recentInterArrivalTime": 0,
    "accelerationRatio": 1,
    "hawkesIntensity": 0,
    "hawkesDirection": "NEUTRAL",
    "clusteringScore": 0,
    "burstCount": 0,
    "cascadeDetected": false,
    "timeToNextTrade": 0,
    "accelerationTrend": "STABLE"
  },
  "liquidityVacuum": {
    "vacuumScore": 0,
    "vacuumSide": "NONE",
    "bidVacuumSeverity": 0,
    "askVacuumSeverity": 0,
    "depthConcentration": 0,
    "priceImpact10k": 0,
    "priceImpact50k": 0,
    "priceImpact100k": 0,
    "largestGapBid": 0,
    "largestGapAsk": 0,
    "avgGapBid": 0,
    "avgGapAsk": 0,
    "bidCliffDistance": 0,
    "askCliffDistance": 0
  },
  "volatilityRegime": {
    "regime": "NORMAL",
    "regimeScore": 0,
    "currentATR": 0.011254,
    "avgATR": 0.011775,
    "atrPercentile": 23.7,
    "realizedVolatility": 76.03,
    "volPercentile": 66.1,
    "expanding": false,
    "contracting": false,
    "transitionProbability": 0.3,
    "daysInRegime": 1,
    "regimeStrength": 0.49
  },
  "temporalPatterns": {
    "currentHour": 8,
    "currentDay": 0,
    "currentDayName": "Sunday",
    "dayBias": "NEUTRAL",
    "hourlyProfile": [
      {
        "avgVolume": 12749.64,
        "avgATR": 0.001264,
        "avgReturn": -0.346
      },
      {
        "avgVolume": 24263.06,
        "avgATR": 0.002157,
        "avgReturn": 0.13
      },
      {
        "avgVolume": 20240.42,
        "avgATR": 0.001536,
        "avgReturn": -0.044
      },
      {
        "avgVolume": 14295.61,
        "avgATR": 0.001264,
        "avgReturn": -0.263
      },
      {
        "avgVolume": 12380.21,
        "avgATR": 0.0012,
        "avgReturn": 0.116
      },
      {
        "avgVolume": 11341.69,
        "avgATR": 0.00125,
        "avgReturn": -0.119
      },
      {
        "avgVolume": 26443.01,
        "avgATR": 0.001842,
        "avgReturn": -0.391
      },
      {
        "avgVolume": 14763.58,
        "avgATR": 0.00154,
        "avgReturn": 0.379
      },
      {
        "avgVolume": 12574.55,
        "avgATR": 0.001721,
        "avgReturn": 0.938
      },
      {
        "avgVolume": 10512.69,
        "avgATR": 0.0015,
        "avgReturn": -0.041
      },
      {
        "avgVolume": 11690.21,
        "avgATR": 0.001508,
        "avgReturn": -0.212
      },
      {
        "avgVolume": 14497.39,
        "avgATR": 0.001663,
        "avgReturn": -0.435
      },
      {
        "avgVolume": 20648.31,
        "avgATR": 0.001894,
        "avgReturn": 0.288
      },
      {
        "avgVolume": 15633.51,
        "avgATR": 0.001993,
        "avgReturn": 0.157
      },
      {
        "avgVolume": 26750.64,
        "avgATR": 0.001571,
        "avgReturn": -0.123
      },
      {
        "avgVolume": 17930.46,
        "avgATR": 0.001786,
        "avgReturn": -0.393
      },
      {
        "avgVolume": 18452.13,
        "avgATR": 0.001493,
        "avgReturn": -0.061
      },
      {
        "avgVolume": 14811.42,
        "avgATR": 0.00208,
        "avgReturn": 0.775
      },
      {
        "avgVolume": 25331.58,
        "avgATR": 0.001373,
        "avgReturn": -0.365
      },
      {
        "avgVolume": 14978.88,
        "avgATR": 0.001108,
        "avgReturn": -0.044
      },
      {
        "avgVolume": 30202.33,
        "avgATR": 0.001807,
        "avgReturn": -0.093
      },
      {
        "avgVolume": 16138.16,
        "avgATR": 0.001329,
        "avgReturn": -0.009
      },
      {
        "avgVolume": 24161.46,
        "avgATR": 0.002014,
        "avgReturn": -0.698
      },
      {
        "avgVolume": 17432.47,
        "avgATR": 0.001267,
        "avgReturn": -0.439
      }
    ],
    "dailyProfile": [
      {
        "avgVolume": 12949.63,
        "avgATR": 0.001282,
        "avgReturn": -0.262
      },
      {
        "avgVolume": 12774.19,
        "avgATR": 0.002023,
        "avgReturn": 0.04
      },
      {
        "avgVolume": 10848.31,
        "avgATR": 0.001176,
        "avgReturn": -0.302
      },
      {
        "avgVolume": 13261.18,
        "avgATR": 0.001727,
        "avgReturn": 0.074
      },
      {
        "avgVolume": 10387.39,
        "avgATR": 0.001312,
        "avgReturn": -0.194
      },
      {
        "avgVolume": 39246.53,
        "avgATR": 0.002187,
        "avgReturn": 0.102
      },
      {
        "avgVolume": 28114.3,
        "avgATR": 0.001564,
        "avgReturn": 0.256
      }
    ],
    "favorableHours": [
      20,
      14,
      6,
      18,
      1,
      22
    ],
    "favorableWindow": false,
    "currentVsAvgVolume": 0,
    "currentVsAvgVolatility": 0,
    "anomalyDetected": true,
    "timeUntilFavorable": 6,
    "temporalScore": 0
  },
  "unifiedMicrostructure": {
    "signalDirections": {
      "vpin": "NEUTRAL",
      "sweeps": "NEUTRAL",
      "absorption": "NEUTRAL",
      "arrival": "NEUTRAL",
      "vacuum": "NONE",
      "volRegime": "NEUTRAL",
      "temporal": "UNFAVORABLE"
    },
    "consensusDirection": "BEARISH",
    "consensusStrength": 50,
    "bullishSignals": 0,
    "bearishSignals": 1,
    "neutralSignals": 1,
    "totalAvailableSignals": 2,
    "dominantPattern": "NONE",
    "clusters": {
      "strongBuyCluster": false,
      "distributionPattern": false,
      "accumulationPattern": false,
      "momentumCascade": false
    },
    "adaptiveWeights": {
      "vpin": 0,
      "sweeps": 0,
      "absorption": 0,
      "arrival": 0,
      "vacuum": 0,
      "volRegime": 0.021,
      "temporal": 0.02
    },
    "convictionLevel": "LOW",
    "convictionScore": 30,
    "riskAdjustment": "REDUCE",
    "timingQuality": "UNFAVORABLE",
    "signalQuality": "LOW"
  },
  "deltaAnalysis": {
    "currentDelta": 0,
    "cumulativeDelta": 0,
    "deltaPerVolume": 0,
    "deltaDirection": "NEUTRAL",
    "deltaDivergence": false,
    "institutionalRatio": 0,
    "aggressionScore": 0
  },
  "volumeProfile": {
    "pointOfControl": 0,
    "valueAreaHigh": 0,
    "valueAreaLow": 0,
    "currentPosition": "ABOVE_VALUE_AREA",
    "volumeNodes": [],
    "airPockets": []
  },
  "momentumCascade": {
    "cascadeDetected": false,
    "alignmentScore": 0.003811267001047665,
    "cascadeStrength": 0,
    "acceleratingTimeframes": [
      "1h"
    ],
    "divergingTimeframes": [
      "1m",
      "5m",
      "15m"
    ]
  },
  "breakoutConfirmation": {
    "breakoutConfirmed": false,
    "volumeConfirmation": false,
    "retestStrength": 0,
    "falseBreakoutRisk": 0,
    "breakoutQuality": "NO_BREAKOUT"
  },
  "liquidityHeatmap": {
    "liquidityScore": 0,
    "magnetDirection": "NONE",
    "magnetStrength": 0,
    "priceTarget5pct": null,
    "message": "No order book data"
  },
  "smartMoneyDivergence": {
    "divergenceDetected": false,
    "divergenceDirection": "NONE",
    "smartMoneyScore": 0.5,
    "message": "Insufficient trade data"
  },
  "microstructure": {
    "raw": -0.014135175090085932,
    "pct": 50,
    "summary": {
      "latestBucketSignedZ": 0,
      "buySellRatio": 0.5,
      "tradesPerSec": 0,
      "vwap": 0,
      "aggressorVWAP": 0,
      "vpinToxicity": "UNKNOWN",
      "sweepDirection": "NEUTRAL",
      "absorptionSide": "NONE",
      "icebergDetected": false,
      "hawkesDirection": "NEUTRAL",
      "cascadeDetected": false,
      "vacuumSide": "NONE",
      "volatilityRegime": "NORMAL",
      "volExpanding": false,
      "favorableTimeWindow": false,
      "temporalAnomaly": true,
      "consensusDirection": "BEARISH",
      "consensusStrength": 50,
      "dominantPattern": "NONE",
      "convictionLevel": "LOW",
      "riskAdjustment": "REDUCE",
      "timingQuality": "UNFAVORABLE",
      "deltaDirection": "NEUTRAL",
      "deltaDivergence": false,
      "institutionalRatio": 0,
      "volumeProfilePosition": "ABOVE_VALUE_AREA",
      "pointOfControl": 0,
      "momentumCascadeDetected": false,
      "cascadeStrength": 0,
      "breakoutQuality": "NO_BREAKOUT",
      "breakoutConfirmed": false,
      "magnetDirection": "NONE",
      "magnetStrength": 0,
      "priceTarget5pct": null,
      "nearestBidWall": 0,
      "nearestAskWall": 0,
      "divergenceDetected": false,
      "divergenceDirection": "NONE",
      "whaleAccumulation": false,
      "whaleDistribution": false,
      "retailPanic": false,
      "smartMoneyScore": 0.5
    }
  }
}

=== MICROSTRUCTURE ALERTS ===

🔬 VPIN: Insufficient data for VPIN analysis

🌊 SWEEP DETECTION: No significant sweeps detected

🧊 ABSORPTION & ICEBERG: No significant absorption or iceberg orders detected

⚡ ORDER ARRIVAL DYNAMICS: Insufficient trades for analysis

🌪️ LIQUIDITY VACUUM: No significant vacuum detected

📊 VOLATILITY REGIME DETECTION:
   Current Regime: NORMAL
   Regime Score: 0.00 (-1=low vol, +1=extreme vol)
   Days in Regime: 1
   ATR: $0.011254 (avg: $0.011775)
   ATR Percentile: 23.7%
   Realized Volatility: 76.03% (annualized)
   Vol Percentile: 66.1%

   ⚪ NORMAL VOLATILITY:
   📊 Balanced market conditions
   ✅ Standard risk management applies

   📍 MODERATE REGIME TRANSITION PROBABILITY: 30%
   Monitor for potential regime change

   ⚠️ NEW REGIME: Only 1 day(s) - conditions still settling

⏰ TEMPORAL PATTERN ANALYSIS:
   Current Time: Sunday 8:00 UTC
   Day Bias: NEUTRAL
   Current vs Avg Volume: 0x
   Current vs Avg Volatility: 0x

   ⏳ NON-FAVORABLE TIME WINDOW:
   This hour typically shows weaker activity
   Next favorable window in 6 hour(s)

   ⚠️ LOW ACTIVITY ANOMALY:
   Volume 0x below typical - Extremely quiet

   📉 LOW VOLATILITY ANOMALY:
   Volatility 0x below typical - Consolidation likely

   🔥 Best Trading Hours (UTC): 20:00, 14:00, 6:00

🎯 UNIFIED MICROSTRUCTURE INTEGRATION:
   Signal Consensus: BEARISH (50% agreement)
   Available Signals: 2 (0 bullish / 1 bearish / 1 neutral)
   Conviction Level: LOW (30%)
   Signal Quality: LOW
   Risk Adjustment: REDUCE
   Timing Quality: UNFAVORABLE

   ⚠️ LOW CONVICTION: Only 50% signal agreement
   Weak alignment - Reduce position size or wait for clarity

   ⚠️ RISK REDUCTION RECOMMENDED: Extreme volatility or unfavorable timing detected

   ⏰ UNFAVORABLE TIMING: Avoid trading during this hour

   Signal Directions Breakdown:
   • VPIN: NEUTRAL
   • Sweeps: NEUTRAL
   • Absorption: NEUTRAL
   • Arrival Dynamics: NEUTRAL
   • Liquidity Vacuum: NONE
   • Vol Regime: NEUTRAL
   • Temporal: UNFAVORABLE

   Adaptive Weights (Total: 4.1%):
   • VPIN: 0.0%
   • Sweeps: 0.0%
   • Absorption: 0.0%
   • Arrival: 0.0%
   • Vacuum: 0.0%
   • Vol Regime: 2.1%
   • Temporal: 2.0%


💹 DELTA ANALYSIS (Order Flow Aggression):
   Direction: NEUTRAL
   Delta Per Volume: 0.00%
   Institutional Ratio: 0.0%
   Aggression Score: 0.0%

📊 VOLUME PROFILE (Support/Resistance Strength):
   Point of Control (POC): $0.000000
   Value Area High: $0.000000
   Value Area Low: $0.000000
   Current Position: ABOVE_VALUE_AREA
   ⚠️ DISTRIBUTION RISK: Price above value area - potential rejection zone

⚡ MOMENTUM CASCADE (Multi-Timeframe Alignment):
   Cascade Detected: NO
   Alignment Score: 0.4%
   Cascade Strength: 0.0%
   Accelerating: 1h
   Diverging: 1m, 5m, 15m

💥 BREAKOUT CONFIRMATION:
   Quality: NO_BREAKOUT
   Volume Confirmation: NO
   Retest Strength: 0.0%
   False Breakout Risk: 0.0%
   No breakout detected - price below resistance


levels:
Entry=0.12295360000000001, StopLoss=0.11987976, TakeProfit=0.12405639, 0.12515918, 0.126041412

---

=== Token: ELA (ELA) ===
Contract: ELA-USD
Timestamp: 2025-04-16T13:25:00.000Z

Calculations:
{
  "momentumScore": 57.40254395366465,
  "volumeScore": 50,
  "patternScore": 60.38877722223239,
  "totalScore": 48.607080342281726,
  "finalScore": 48.607080342281726,
  "weights": "0.23,0.45,0.23",
  "hourlyUptrend": true,
  "rsi": 41.0526315789473,
  "ultraShortVolumeSurge": 3.427946846968905,
  "baseVolumeSurge": 0.04450374018178419,
  "currentPrice": 1.071,
  "resistance": 1.082,
  "support": 1.054,
  "rocMin5": 0.005633802816901414,
  "shortROC": 0.0018709073900841926,
  "priceAcceleration": 0.0014104582753295563,
  "buySellRatio": 0.8809689328467075,
  "macdHistogram": -0.0012825486075916364,
  "stochasticK": 32.69230769230747,
  "atr": 0.011214285714285701,
  "bbUpper": 1.0965432243187083,
  "bbLower": 1.0548567756812914,
  "hammerDetected": false,
  "engulfingDetected": false,
  "compressionSpring": {
    "detected": true,
    "confidence": 56,
    "signals": {
      "sidewaysPrice": true,
      "atrCompression": false,
      "bbSqueeze": true,
      "consolidationTime": true,
      "strongBuying": true,
      "obvPositive": false,
      "chaikinPositive": false,
      "rsiNeutral": true,
      "volumeBuilding": false
    },
    "metrics": {
      "priceRange": 3.7,
      "atrRatio": 1.09,
      "bbWidth": 3.88,
      "volumeRatio": 2.221,
      "signalCount": 5,
      "buySellRatio": 0.881
    }
  },
  "riskTier": "MEDIUM",
  "atrPercent": 1.2271575296785364,
  "distanceToResistance": 1.0270774976657442,
  "slPercent": 3,
  "tpPercent": 0.8730158730158826,
  "trailingActivation": 0.5238095238095295,
  "shortMomentumScore": 0,
  "overboughtScore": 0,
  "shortPatternScore": 0,
  "shootingStarDetected": false,
  "bearishEngulfingDetected": false,
  "eveningStarDetected": false,
  "bearishPatternsCount": 0,
  "shortTotalScore": 0,
  "chaikin": -0.04983355317078303,
  "obvIncreasing": true,
  "obvTrend": "increasing",
  "adx": 22.857142857142545,
  "recentCandles": {
    "redCount": 4,
    "greenCount": 6
  },
  "resistanceDistance": 1.0270774976657442,
  "multiplePatterns": false,
  "bullishPattern": false,
  "priceAboveVWAP": false,
  "breakingResistance": false,
  "atrSufficient": true,
  "macdDivergenceBearish": true,
  "rvolMin1": 0.18638473472062106,
  "rvolMin5": 0.1745861355346082,
  "atrPercentileOld": 0.8780487804878049,
  "vwapDeviation": -1.0531802412853353,
  "bbWidthPercent": 3.875285733700556,
  "bbSqueeze": false,
  "multiTFMomentum": {
    "min1": {
      "roc1": 0.003748828491096536,
      "roc3": 0.004690431519699712
    },
    "min5": {
      "roc1": 0.0018709073900841926,
      "roc3": 0.00942507068803017
    },
    "min15": {
      "roc1": 0.0018709073900841926,
      "roc3": 0.00942507068803017
    },
    "hourly": {
      "roc1": 0.0055917986952469766,
      "roc3": 0.011246485473289608
    },
    "fourHour": {
      "roc1": 0.0131455399061033,
      "roc3": 0.020813623462630104
    },
    "divergenceShortUpLongDown": false
  },
  "returnZMin5": 0.28813742951710286,
  "wickClosePct": 0.4,
  "wickUpper": 0.006000000000000005,
  "wickLower": 0.0040000000000000036,
  "wickRatio": 0.6,
  "donchianBreakout15": false,
  "bbWidthPercentile15": 0.5844155844155844,
  "signedMin5": 24053.369999999995,
  "signedMin5Z": 11.471346329198443,
  "signedMin1": 22975.68,
  "signedMin1Z": 12.779417800402534,
  "streakMin1": {
    "upStreak": 1,
    "downStreak": 0
  },
  "streakMin5": {
    "upStreak": 0,
    "downStreak": 0
  },
  "rvolPercentileMin1": 0.8493055555555555,
  "rvolPercentileMin5": 0.8298611111111112,
  "perTfMetrics": {
    "min1": {
      "sma20": 1.0729,
      "sma50": 1.0729800000000003,
      "ema20": 1.0714622250629144,
      "ema50": 1.0729485039107978,
      "vwma20": 1.0696469352558007,
      "hma21": 1.0577229437229436,
      "atr14": 0.010428571428571438,
      "atrPercentile": 0.8418756815703381,
      "rvolZ": 0.18638473472062106,
      "rvolPercentile": 0.8493055555555555,
      "mfi14": 93.40827740803266,
      "ppo": {
        "ppo": -0.35090029540764356,
        "signal": -0.30275368463156266,
        "histogram": -0.0481466107760809
      },
      "stochRsi": {
        "k": 100,
        "d": 44.357324904106825
      },
      "vprofile": {
        "vpBins": [
          0.0009927548430745386,
          0.022763482630363593,
          0.11973844697631429,
          0.02317012937099587,
          0.03584748642922712,
          0.18327563041758912,
          0.10595494090480291,
          0.013097979550933678,
          0.03172733942972579,
          0.0542498991522436,
          0.12301512557530868,
          0.06212118565198472,
          0.023227223494509758,
          0.06555509146176838,
          0.009556079293335157,
          0.031349438270056006,
          0.035322601649774014,
          0.0590351648979929,
          0,
          0
        ],
        "currentBinShare": 0.18327563041758912
      },
      "ttm": {
        "squeeze": false,
        "release": false,
        "widthPct": 3.9046693576757248
      }
    },
    "min5": {
      "sma20": 1.07855,
      "sma50": 1.0662200000000002,
      "ema20": 1.0716353158327314,
      "ema50": 1.0714245668917657,
      "vwma20": 1.0742696220635723,
      "hma21": 1.0579264069264072,
      "atr14": 0.011214285714285701,
      "atrPercentile": 0.8102189781021898,
      "rvolZ": 0.1745861355346082,
      "rvolPercentile": 0.8298611111111112,
      "mfi14": 72.94537923728137,
      "ppo": {
        "ppo": -0.12126874196528449,
        "signal": 0.050786011983132304,
        "histogram": -0.1720547539484168
      },
      "stochRsi": {
        "k": 25.917790936070812,
        "d": 36.451971352329004
      },
      "vprofile": {
        "vpBins": [
          0.0011282943892602995,
          0.014917635714061595,
          0.10670358631397876,
          0.021069685713853824,
          0.0839689512173926,
          0.0712169662232563,
          0.06681261321713015,
          0.020341759677932326,
          0.0912566429197886,
          0.025065660590619203,
          0.03021040597579879,
          0.12383065550862707,
          0.09774251388566943,
          0.04963585932159365,
          0.04157525434501743,
          0.024924315144577363,
          0.06761991432671298,
          0.05361611576571441,
          0.0030480510076990814,
          0.0053151187413160925
        ],
        "currentBinShare": 0.0712169662232563
      },
      "ttm": {
        "squeeze": false,
        "release": false,
        "widthPct": 5.0572553215941705
      }
    },
    "min15": {
      "sma20": 1.0756999999999999,
      "sma50": 1.0640600000000004,
      "ema20": 1.0699129467788895,
      "ema50": 1.071146823446104,
      "vwma20": 1.0742375370346515,
      "hma21": 1.0616147186147187,
      "atr14": 0.013142857142857123,
      "atrPercentile": 0.8780487804878049,
      "rvolZ": -0.03090404226834051,
      "rvolPercentile": 0.75,
      "mfi14": 76.26255623106444,
      "ppo": {
        "ppo": 0.006153227942085186,
        "signal": 0.1383692794589418,
        "histogram": -0.13221605151685661
      },
      "stochRsi": {
        "k": 0,
        "d": 43.556183535361036
      },
      "vprofile": {
        "vpBins": [
          0.000848972127393812,
          0.009035074092457383,
          0.1055994860531721,
          0.060305480092769745,
          0.004841995450762269,
          0.13802031959173894,
          0.14348193082009625,
          0.05002957467616255,
          0.03261347940065919,
          0.12328981540771163,
          0.021808976640426237,
          0.034697894156759675,
          0.11818015335048451,
          0.01453280641995703,
          0.1120808236957778,
          0.00283428540636026,
          0.026834608728086844,
          0,
          0.0009643238892235773,
          0
        ],
        "currentBinShare": 0.14348193082009625
      },
      "ttm": {
        "squeeze": false,
        "release": false,
        "widthPct": 3.875285733700556
      }
    },
    "hourly": {
      "sma20": 1.064,
      "sma50": 1.0798999999999999,
      "ema20": 1.0689471283496077,
      "ema50": 1.081323221637252,
      "vwma20": 1.069195864850176,
      "hma21": 1.0804199134199135,
      "atr14": 0.01592857142857142,
      "atrPercentile": 0.43478260869565216,
      "rvolZ": -0.23267197531093664,
      "rvolPercentile": 0.5595238095238095,
      "mfi14": 79.92149260531832,
      "ppo": {
        "ppo": -0.15053223981491515,
        "signal": -0.36862759436375564,
        "histogram": 0.2180953545488405
      },
      "stochRsi": {
        "k": 95.90726107052348,
        "d": 58.63966258278652
      },
      "vprofile": {
        "vpBins": [
          0,
          0,
          0.19113299422038169,
          0,
          0.0062648122178721455,
          0.07253538801661642,
          0.0865162296592936,
          0.13969050987974102,
          0.0946670325462289,
          0.10702239277875268,
          0.07434936668499659,
          0.09999153576750089,
          0.009540511523296036,
          0.027286822780633525,
          0.01983760265679124,
          0.027852909279283546,
          0.031311128363034256,
          0.002977813157021935,
          0.004023993100314903,
          0.0049989573682403905
        ],
        "currentBinShare": 0.0865162296592936
      },
      "ttm": {
        "squeeze": false,
        "release": false,
        "widthPct": 5.343109174267631
      }
    },
    "fourHour": {
      "sma20": 1.0940000000000003,
      "sma50": 1.1450400000000003,
      "ema20": 1.0938774031213692,
      "ema50": 1.1524455502760023,
      "vwma20": 1.095508839576271,
      "hma21": 1.0488008658008652,
      "atr14": 0.028857142857142883,
      "atrPercentile": 0.21428571428571427,
      "rvolZ": 0.04512831820561359,
      "rvolPercentile": 0.7857142857142857,
      "mfi14": 46.466886718307926,
      "ppo": {
        "ppo": -2.4471699663281554,
        "signal": -2.501394327145294,
        "histogram": 0.05422436081713844
      },
      "stochRsi": {
        "k": 82.56215616870637,
        "d": 34.61284468446033
      },
      "vprofile": {
        "vpBins": [
          0,
          0.16768537862563904,
          0,
          0.039745441672117944,
          0.18224538393176318,
          0.0940118582746282,
          0.13317383507843003,
          0.10854958478655999,
          0.015063928486057929,
          0.03390631780799453,
          0.07992045216127851,
          0.019090895392426508,
          0.011197315487034589,
          0.004711289243634694,
          0,
          0.034331063464362044,
          0.04929706398510153,
          0.00429966970574884,
          0.022770521897222295,
          0
        ],
        "currentBinShare": 0.18224538393176318
      },
      "ttm": {
        "squeeze": false,
        "release": false,
        "widthPct": 10.282612200849133
      }
    },
    "daily": {
      "sma20": 1.28405,
      "sma50": 1.5698000000000005,
      "ema20": 1.2651037497896866,
      "ema50": 1.4953598252895726,
      "vwma20": 0,
      "hma21": 0.9894545454545458,
      "atr14": 0.12857142857142853,
      "atrPercentile": 0.21052631578947367,
      "rvolZ": 0,
      "rvolPercentile": 1,
      "mfi14": 50,
      "ppo": {
        "ppo": -11.339474908006586,
        "signal": -9.931958621637566,
        "histogram": -1.4075162863690203
      },
      "stochRsi": {
        "k": 81.71048991248985,
        "d": 31.667546152841666
      },
      "vprofile": {
        "vpBins": [
          0,
          0,
          0,
          0,
          0,
          0,
          0,
          0,
          0,
          0,
          0,
          0,
          0,
          0,
          0,
          0,
          0,
          0,
          0,
          0
        ],
        "currentBinShare": 0
      },
      "ttm": {
        "squeeze": false,
        "release": false,
        "widthPct": 53.08331334579838
      }
    }
  },
  "smaMin5": 1.07855,
  "emaMin5": 1.0716353158327314,
  "vwmaMin5": 1.0742696220635723,
  "hmaMin5": 1.0579264069264072,
  "keltner15": {
    "upper": 1.0886629467788895,
    "middle": 1.0699129467788895,
    "lower": 1.0511629467788894
  },
  "superTrend15": {
    "isBull": false,
    "finalUpper": 1.1095,
    "finalLower": 1.0345000000000002
  },
  "mfi15": 76.26255623106444,
  "stochRsi15": {
    "k": 0,
    "d": 43.556183535361036
  },
  "ppo15": {
    "ppo": 0.006153227942085186,
    "signal": 0.1383692794589418,
    "histogram": -0.13221605151685661
  },
  "vpMin15": {
    "vpBins": [
      0.000848972127393812,
      0.009035074092457383,
      0.1055994860531721,
      0.060305480092769745,
      0.004841995450762269,
      0.13802031959173894,
      0.14348193082009625,
      0.05002957467616255,
      0.03261347940065919,
      0.12328981540771163,
      0.021808976640426237,
      0.034697894156759675,
      0.11818015335048451,
      0.01453280641995703,
      0.1120808236957778,
      0.00283428540636026,
      0.026834608728086844,
      0,
      0.0009643238892235773,
      0
    ],
    "currentBinShare": 0.14348193082009625
  },
  "ttm15": {
    "squeeze": false,
    "release": false,
    "widthPct": 3.875285733700556
  },
  "marketCorrelation": {
    "hourly": {
      "btcCorrelation": 0,
      "ethCorrelation": 0,
      "btcBeta": 1,
      "ethBeta": 1,
      "btcTrend": "UNKNOWN",
      "ethTrend": "UNKNOWN",
      "tokenVol": 0,
      "btcVol": 0,
      "ethVol": 0,
      "marketDependence": 0,
      "verdict": "INSUFFICIENT_DATA"
    },
    "min15": {
      "btcCorrelation": 0,
      "ethCorrelation": 0,
      "btcBeta": 1,
      "ethBeta": 1,
      "btcTrend": "UNKNOWN",
      "ethTrend": "UNKNOWN",
      "tokenVol": 0,
      "btcVol": 0,
      "ethVol": 0,
      "marketDependence": 0,
      "verdict": "INSUFFICIENT_DATA"
    },
    "daily": {
      "btcCorrelation": 0,
      "ethCorrelation": 0,
      "btcBeta": 1,
      "ethBeta": 1,
      "btcTrend": "UNKNOWN",
      "ethTrend": "UNKNOWN",
      "tokenVol": 0,
      "btcVol": 0,
      "ethVol": 0,
      "marketDependence": 0,
      "verdict": "INSUFFICIENT_DATA"
    }
  },
  "tradeTape": {
    "totalTrades": 0,
    "totalVolume": 0,
    "buysVolume": 0,
    "sellsVolume": 0,
    "buySellRatio": 0.5,
    "vwap": 0,
    "signedVolume": 0,
    "avgTradeSize": 0,
    "tradesPerSec": 0,
    "cumulativeDelta": 0,
    "tradesLast1m": 0,
    "tradesLast5m": 0,
    "tradesLast15m": 0,
    "tradesLast1h": 0,
    "buyVWAP": 0,
    "sellVWAP": 0,
    "aggressorVWAP": 0,
    "bucketDurationMs": 60000,
    "bucketCount": 15,
    "bucketSignedVolumes": [],
    "bucketVolumes": [],
    "bucketVWAPs": [],
    "latestBucketSignedZ": 0
  },
  "enhancedMetrics": {
    "relativeVolumeZScore": -1,
    "volumePercentile": 40,
    "atrPercentile": 80.65693430656934,
    "volatilityPercentile": 59.49367088607595,
    "relativeVolatilityRatio": 1.1863363902862383,
    "isHighVolume": false,
    "isHighVolatility": false,
    "isLowVolatility": false,
    "isExpandingVolatility": false,
    "isContractingVolatility": false
  },
  "orderBook": {
    "bidAskSpread": 0,
    "spreadPct": 0,
    "midPrice": 0,
    "bestBid": 0,
    "bestAsk": 0,
    "bidDepth": 0,
    "askDepth": 0,
    "orderBookImbalance": 0,
    "liquidityScore": 0,
    "depthAt1Pct": {
      "bidVolume": 0,
      "askVolume": 0,
      "imbalance": 0
    },
    "depthAt2Pct": {
      "bidVolume": 0,
      "askVolume": 0,
      "imbalance": 0
    },
    "depthAt5Pct": {
      "bidVolume": 0,
      "askVolume": 0,
      "imbalance": 0
    },
    "weightedMidPrice": 0,
    "volumeWeightedSpread": 0,
    "totalBidLevels": 0,
    "totalAskLevels": 0
  },
  "marketCap": {
    "marketCap": 0,
    "totalVolume24h": 0,
    "volumeToMarketCapRatio": 0,
    "marketCapRank": 0,
    "normalizedRank": 0,
    "isHighLiquidity": false,
    "isVeryHighLiquidity": false,
    "isLowLiquidity": true,
    "liquidityTier": "VERY_LOW"
  },
  "sweeps": {
    "sweepScore": 0,
    "sweepCount": 0,
    "sweepDirection": "NEUTRAL",
    "buySweeps": 0,
    "sellSweeps": 0,
    "avgSweepSize": 0,
    "avgSweepIntensity": 0,
    "bidLiftRatio": 0,
    "askLiftRatio": 0,
    "sweepFrequency": 0,
    "largestSweep": null,
    "recentSweepClusters": 0,
    "sweepDetails": []
  },
  "absorption": {
    "absorptionScore": 0,
    "absorptionLevel": null,
    "absorptionSide": "NONE",
    "icebergProbability": 0,
    "hiddenLiquidityEstimate": 0,
    "volumeAtPrice": {},
    "topAbsorptionLevels": [],
    "persistenceDuration": 0,
    "refillDetected": false
  },
  "orderArrival": {
    "avgInterArrivalTime": 0,
    "recentInterArrivalTime": 0,
    "accelerationRatio": 1,
    "hawkesIntensity": 0,
    "hawkesDirection": "NEUTRAL",
    "clusteringScore": 0,
    "burstCount": 0,
    "cascadeDetected": false,
    "timeToNextTrade": 0,
    "accelerationTrend": "STABLE"
  },
  "liquidityVacuum": {
    "vacuumScore": 0,
    "vacuumSide": "NONE",
    "bidVacuumSeverity": 0,
    "askVacuumSeverity": 0,
    "depthConcentration": 0,
    "priceImpact10k": 0,
    "priceImpact50k": 0,
    "priceImpact100k": 0,
    "largestGapBid": 0,
    "largestGapAsk": 0,
    "avgGapBid": 0,
    "avgGapAsk": 0,
    "bidCliffDistance": 0,
    "askCliffDistance": 0
  },
  "volatilityRegime": {
    "regime": "BELOW_NORMAL",
    "regimeScore": -0.5,
    "currentATR": 0.133462,
    "avgATR": 0.122972,
    "atrPercentile": 23.7,
    "realizedVolatility": 102.72,
    "volPercentile": 40.7,
    "expanding": false,
    "contracting": false,
    "transitionProbability": 0,
    "daysInRegime": 5,
    "regimeStrength": 0.78
  },
  "temporalPatterns": {
    "currentHour": 8,
    "currentDay": 0,
    "currentDayName": "Sunday",
    "dayBias": "NEUTRAL",
    "hourlyProfile": [
      {
        "avgVolume": 8644.64,
        "avgATR": 0.014214,
        "avgReturn": -0.09
      },
      {
        "avgVolume": 4932.43,
        "avgATR": 0.019538,
        "avgReturn": 0.275
      },
      {
        "avgVolume": 2962.5,
        "avgATR": 0.0135,
        "avgReturn": 0.12
      },
      {
        "avgVolume": 2030.38,
        "avgATR": 0.017538,
        "avgReturn": 0.031
      },
      {
        "avgVolume": 2693.34,
        "avgATR": 0.0165,
        "avgReturn": -0.228
      },
      {
        "avgVolume": 4350.32,
        "avgATR": 0.015643,
        "avgReturn": -0.092
      },
      {
        "avgVolume": 2401.87,
        "avgATR": 0.015692,
        "avgReturn": -0.366
      },
      {
        "avgVolume": 1672.22,
        "avgATR": 0.013643,
        "avgReturn": -0.065
      },
      {
        "avgVolume": 1820.42,
        "avgATR": 0.014846,
        "avgReturn": -0.036
      },
      {
        "avgVolume": 1768.51,
        "avgATR": 0.011231,
        "avgReturn": 0.34
      },
      {
        "avgVolume": 1369.89,
        "avgATR": 0.0108,
        "avgReturn": -0.007
      },
      {
        "avgVolume": 1920.71,
        "avgATR": 0.012667,
        "avgReturn": 0.106
      },
      {
        "avgVolume": 3155.39,
        "avgATR": 0.0174,
        "avgReturn": 0.268
      },
      {
        "avgVolume": 1939.43,
        "avgATR": 0.013667,
        "avgReturn": 0.173
      },
      {
        "avgVolume": 6884.73,
        "avgATR": 0.024929,
        "avgReturn": -0.171
      },
      {
        "avgVolume": 2839.68,
        "avgATR": 0.016643,
        "avgReturn": -0.017
      },
      {
        "avgVolume": 5439.81,
        "avgATR": 0.027214,
        "avgReturn": -1.124
      },
      {
        "avgVolume": 4588.31,
        "avgATR": 0.028429,
        "avgReturn": 0.136
      },
      {
        "avgVolume": 3189.76,
        "avgATR": 0.023571,
        "avgReturn": 0.147
      },
      {
        "avgVolume": 2711.12,
        "avgATR": 0.018429,
        "avgReturn": -0.571
      },
      {
        "avgVolume": 4346.8,
        "avgATR": 0.017643,
        "avgReturn": -0.192
      },
      {
        "avgVolume": 3649.3,
        "avgATR": 0.017571,
        "avgReturn": 0.067
      },
      {
        "avgVolume": 5597.84,
        "avgATR": 0.012643,
        "avgReturn": -0.34
      },
      {
        "avgVolume": 7680.99,
        "avgATR": 0.0215,
        "avgReturn": -0.359
      }
    ],
    "dailyProfile": [
      {
        "avgVolume": 2817.89,
        "avgATR": 0.0165,
        "avgReturn": -0.379
      },
      {
        "avgVolume": 2815.61,
        "avgATR": 0.023106,
        "avgReturn": -0.029
      },
      {
        "avgVolume": 2560.06,
        "avgATR": 0.016213,
        "avgReturn": -0.281
      },
      {
        "avgVolume": 2915.48,
        "avgATR": 0.017182,
        "avgReturn": 0.164
      },
      {
        "avgVolume": 5774.02,
        "avgATR": 0.01634,
        "avgReturn": -0.493
      },
      {
        "avgVolume": 7333.34,
        "avgATR": 0.019894,
        "avgReturn": 0.355
      },
      {
        "avgVolume": 1622.38,
        "avgATR": 0.011455,
        "avgReturn": 0.06
      }
    ],
    "favorableHours": [
      0,
      23,
      14,
      22,
      16,
      1
    ],
    "favorableWindow": false,
    "currentVsAvgVolume": 0,
    "currentVsAvgVolatility": 0,
    "anomalyDetected": true,
    "timeUntilFavorable": 6,
    "temporalScore": 0
  },
  "unifiedMicrostructure": {
    "signalDirections": {
      "vpin": "NEUTRAL",
      "sweeps": "NEUTRAL",
      "absorption": "NEUTRAL",
      "arrival": "NEUTRAL",
      "vacuum": "NONE",
      "volRegime": "FAVORABLE",
      "temporal": "UNFAVORABLE"
    },
    "consensusDirection": "NEUTRAL",
    "consensusStrength": 50,
    "bullishSignals": 1,
    "bearishSignals": 1,
    "neutralSignals": 0,
    "totalAvailableSignals": 2,
    "dominantPattern": "NONE",
    "clusters": {
      "strongBuyCluster": false,
      "distributionPattern": false,
      "accumulationPattern": false,
      "momentumCascade": false
    },
    "adaptiveWeights": {
      "vpin": 0,
      "sweeps": 0,
      "absorption": 0,
      "arrival": 0,
      "vacuum": 0,
      "volRegime": 0.021,
      "temporal": 0.02
    },
    "convictionLevel": "LOW",
    "convictionScore": 30,
    "riskAdjustment": "REDUCE",
    "timingQuality": "UNFAVORABLE",
    "signalQuality": "LOW"
  },
  "deltaAnalysis": {
    "currentDelta": 0,
    "cumulativeDelta": 0,
    "deltaPerVolume": 0,
    "deltaDirection": "NEUTRAL",
    "deltaDivergence": false,
    "institutionalRatio": 0,
    "aggressionScore": 0
  },
  "volumeProfile": {
    "pointOfControl": 0,
    "valueAreaHigh": 0,
    "valueAreaLow": 0,
    "currentPosition": "ABOVE_VALUE_AREA",
    "volumeNodes": [],
    "airPockets": []
  },
  "momentumCascade": {
    "cascadeDetected": false,
    "alignmentScore": 0.005794226554609966,
    "cascadeStrength": 0,
    "acceleratingTimeframes": [
      "5m"
    ],
    "divergingTimeframes": [
      "1m",
      "15m",
      "1h"
    ]
  },
  "breakoutConfirmation": {
    "breakoutConfirmed": false,
    "volumeConfirmation": false,
    "retestStrength": 0,
    "falseBreakoutRisk": 0,
    "breakoutQuality": "NO_BREAKOUT"
  },
  "liquidityHeatmap": {
    "liquidityScore": 0,
    "magnetDirection": "NONE",
    "magnetStrength": 0,
    "priceTarget5pct": null,
    "message": "No order book data"
  },
  "smartMoneyDivergence": {
    "divergenceDetected": false,
    "divergenceDirection": "NONE",
    "smartMoneyScore": 0.5,
    "message": "Insufficient trade data"
  },
  "microstructure": {
    "raw": -0.039596692229511225,
    "pct": 49,
    "summary": {
      "latestBucketSignedZ": 0,
      "buySellRatio": 0.5,
      "tradesPerSec": 0,
      "vwap": 0,
      "aggressorVWAP": 0,
      "vpinToxicity": "UNKNOWN",
      "sweepDirection": "NEUTRAL",
      "absorptionSide": "NONE",
      "icebergDetected": false,
      "hawkesDirection": "NEUTRAL",
      "cascadeDetected": false,
      "vacuumSide": "NONE",
      "volatilityRegime": "BELOW_NORMAL",
      "volExpanding": false,
      "favorableTimeWindow": false,
      "temporalAnomaly": true,
      "consensusDirection": "NEUTRAL",
      "consensusStrength": 50,
      "dominantPattern": "NONE",
      "convictionLevel": "LOW",
      "riskAdjustment": "REDUCE",
      "timingQuality": "UNFAVORABLE",
      "deltaDirection": "NEUTRAL",
      "deltaDivergence": false,
      "institutionalRatio": 0,
      "volumeProfilePosition": "ABOVE_VALUE_AREA",
      "pointOfControl": 0,
      "momentumCascadeDetected": false,
      "cascadeStrength": 0,
      "breakoutQuality": "NO_BREAKOUT",
      "breakoutConfirmed": false,
      "magnetDirection": "NONE",
      "magnetStrength": 0,
      "priceTarget5pct": null,
      "nearestBidWall": 0,
      "nearestAskWall": 0,
      "divergenceDetected": false,
      "divergenceDirection": "NONE",
      "whaleAccumulation": false,
      "whaleDistribution": false,
      "retailPanic": false,
      "smartMoneyScore": 0.5
    }
  }
}

=== MICROSTRUCTURE ALERTS ===

🔬 VPIN: Insufficient data for VPIN analysis

🌊 SWEEP DETECTION: No significant sweeps detected

🧊 ABSORPTION & ICEBERG: No significant absorption or iceberg orders detected

⚡ ORDER ARRIVAL DYNAMICS: Insufficient trades for analysis

🌪️ LIQUIDITY VACUUM: No significant vacuum detected

📊 VOLATILITY REGIME DETECTION:
   Current Regime: BELOW_NORMAL
   Regime Score: -0.50 (-1=low vol, +1=extreme vol)
   Days in Regime: 5
   ATR: $0.133462 (avg: $0.122972)
   ATR Percentile: 23.7%
   Realized Volatility: 102.72% (annualized)
   Vol Percentile: 40.7%

   🟢 BELOW NORMAL VOLATILITY:
   ⚡ Consolidation phase - watch for expansion
   ✅ Good entry zone for patient trades

⏰ TEMPORAL PATTERN ANALYSIS:
   Current Time: Sunday 8:00 UTC
   Day Bias: NEUTRAL
   Current vs Avg Volume: 0x
   Current vs Avg Volatility: 0x

   ⏳ NON-FAVORABLE TIME WINDOW:
   This hour typically shows weaker activity
   Next favorable window in 6 hour(s)

   ⚠️ LOW ACTIVITY ANOMALY:
   Volume 0x below typical - Extremely quiet

   📉 LOW VOLATILITY ANOMALY:
   Volatility 0x below typical - Consolidation likely

   🔥 Best Trading Hours (UTC): 0:00, 23:00, 14:00

🎯 UNIFIED MICROSTRUCTURE INTEGRATION:
   Signal Consensus: NEUTRAL (50% agreement)
   Available Signals: 2 (1 bullish / 1 bearish / 0 neutral)
   Conviction Level: LOW (30%)
   Signal Quality: LOW
   Risk Adjustment: REDUCE
   Timing Quality: UNFAVORABLE

   ⚠️ LOW CONVICTION: Only 50% signal agreement
   Weak alignment - Reduce position size or wait for clarity

   ⚠️ RISK REDUCTION RECOMMENDED: Extreme volatility or unfavorable timing detected

   ⏰ UNFAVORABLE TIMING: Avoid trading during this hour

   Signal Directions Breakdown:
   • VPIN: NEUTRAL
   • Sweeps: NEUTRAL
   • Absorption: NEUTRAL
   • Arrival Dynamics: NEUTRAL
   • Liquidity Vacuum: NONE
   • Vol Regime: FAVORABLE
   • Temporal: UNFAVORABLE

   Adaptive Weights (Total: 4.1%):
   • VPIN: 0.0%
   • Sweeps: 0.0%
   • Absorption: 0.0%
   • Arrival: 0.0%
   • Vacuum: 0.0%
   • Vol Regime: 2.1%
   • Temporal: 2.0%


💹 DELTA ANALYSIS (Order Flow Aggression):
   Direction: NEUTRAL
   Delta Per Volume: 0.00%
   Institutional Ratio: 0.0%
   Aggression Score: 0.0%

📊 VOLUME PROFILE (Support/Resistance Strength):
   Point of Control (POC): $0.000000
   Value Area High: $0.000000
   Value Area Low: $0.000000
   Current Position: ABOVE_VALUE_AREA
   ⚠️ DISTRIBUTION RISK: Price above value area - potential rejection zone

⚡ MOMENTUM CASCADE (Multi-Timeframe Alignment):
   Cascade Detected: NO
   Alignment Score: 0.6%
   Cascade Strength: 0.0%
   Accelerating: 5m
   Diverging: 1m, 15m, 1h

💥 BREAKOUT CONFIRMATION:
   Quality: NO_BREAKOUT
   Volume Confirmation: NO
   Retest Strength: 0.0%
   False Breakout Risk: 0.0%
   No breakout detected - price below resistance


levels:
Entry=1.0688579999999999, StopLoss=1.03679226, TakeProfit=1.0735236499999998, 1.0781893, 1.08192182

---

=== Token: EDGE (EDGE) ===
Contract: EDGE-USD
Timestamp: 2025-04-16T13:25:00.000Z

Calculations:
{
  "momentumScore": 36.69801304591485,
  "volumeScore": 21.761249862516692,
  "patternScore": 0,
  "totalScore": 17.879182126465473,
  "finalScore": 0,
  "weights": "0.23,0.45,0.23",
  "hourlyUptrend": false,
  "rsi": 24.781341107871597,
  "ultraShortVolumeSurge": 0.5890985965014224,
  "baseVolumeSurge": 0.015783647309277508,
  "currentPrice": 0.06582,
  "resistance": 0.06905,
  "support": 0.06565,
  "rocMin5": -0.009033423667570059,
  "shortROC": 0.0004559963520292179,
  "priceAcceleration": -0.002261325096267597,
  "buySellRatio": 0.3946150353761945,
  "macdHistogram": -0.00030935986325475825,
  "stochasticK": 5.000000000000102,
  "atr": 0.0006285714285714278,
  "bbUpper": 0.06886933019023618,
  "bbLower": 0.0661826698097638,
  "hammerDetected": false,
  "engulfingDetected": false,
  "compressionSpring": {
    "detected": true,
    "confidence": 54,
    "signals": {
      "sidewaysPrice": true,
      "atrCompression": true,
      "bbSqueeze": true,
      "consolidationTime": true,
      "strongBuying": false,
      "obvPositive": false,
      "chaikinPositive": false,
      "rsiNeutral": false,
      "volumeBuilding": false
    },
    "metrics": {
      "priceRange": 5.18,
      "atrRatio": 0.516,
      "bbWidth": 3.98,
      "volumeRatio": 1.592,
      "signalCount": 4,
      "buySellRatio": 0.395
    }
  },
  "riskTier": "LOW",
  "atrPercent": 1.5876633242175648,
  "distanceToResistance": 4.907323002127008,
  "slPercent": 2.5,
  "tpPercent": 4.171224551807956,
  "trailingActivation": 2.502734731084774,
  "shortMomentumScore": 60,
  "overboughtScore": 0,
  "shortPatternScore": 0,
  "shootingStarDetected": false,
  "bearishEngulfingDetected": false,
  "eveningStarDetected": false,
  "bearishPatternsCount": 0,
  "shortTotalScore": 24,
  "chaikin": -0.12454710046245215,
  "obvIncreasing": true,
  "obvTrend": "increasing",
  "adx": 3.9451114922814376,
  "recentCandles": {
    "redCount": 7,
    "greenCount": 3
  },
  "resistanceDistance": 4.907323002127008,
  "multiplePatterns": false,
  "bullishPattern": false,
  "priceAboveVWAP": false,
  "breakingResistance": false,
  "atrSufficient": true,
  "macdDivergenceBearish": false,
  "rvolMin1": -0.3460228343576885,
  "rvolMin5": -0.41691894406812735,
  "atrPercentileOld": 0.3780487804878049,
  "vwapDeviation": -6.535120720529163,
  "bbWidthPercent": 3.978705062453549,
  "bbSqueeze": false,
  "multiTFMomentum": {
    "min1": {
      "roc1": -0.0003039975680195489,
      "roc3": -0.0004559270516717667
    },
    "min5": {
      "roc1": 0.0004559963520292179,
      "roc3": -0.008734939759036102
    },
    "min15": {
      "roc1": -0.008734939759036102,
      "roc3": -0.01540762902019451
    },
    "hourly": {
      "roc1": -0.0317863005521565,
      "roc3": -0.04756312389900186
    },
    "fourHour": {
      "roc1": -0.04405481066745258,
      "roc3": -0.05436525287858929
    },
    "divergenceShortUpLongDown": true
  },
  "returnZMin5": 0.11307798322711957,
  "wickClosePct": 0.15909090909091195,
  "wickUpper": 0.00036999999999999533,
  "wickLower": 0.00003999999999999837,
  "wickRatio": 12.333333333332254,
  "donchianBreakout15": false,
  "bbWidthPercentile15": 0.16883116883116883,
  "signedMin5": -68440.60000000002,
  "signedMin5Z": -0.7354066733826132,
  "signedMin1": -510922.00000000006,
  "signedMin1Z": -14.755762525416944,
  "streakMin1": {
    "upStreak": 0,
    "downStreak": 1
  },
  "streakMin5": {
    "upStreak": 1,
    "downStreak": 0
  },
  "rvolPercentileMin1": 0.11180555555555556,
  "rvolPercentileMin5": 0.2986111111111111,
  "perTfMetrics": {
    "min1": {
      "sma20": 0.06618750000000002,
      "sma50": 0.0667334,
      "ema20": 0.06616540543057628,
      "ema50": 0.06666224688505615,
      "vwma20": 0.06620290127500741,
      "hma21": 0.06570874458874458,
      "atr14": 0.00025071428571428765,
      "atrPercentile": 0.5644511581067473,
      "rvolZ": -0.3460228343576885,
      "rvolPercentile": 0.11180555555555556,
      "mfi14": 15.28495179326137,
      "ppo": {
        "ppo": -0.47487184767342433,
        "signal": -0.4424753224037439,
        "histogram": -0.032396525269680454
      },
      "stochRsi": {
        "k": 88.39157108562246,
        "d": 30.73940414611653
      },
      "vprofile": {
        "vpBins": [
          0.020410413432383503,
          0.0013337142624079022,
          0.006407978652827593,
          0.0022849613641373907,
          0.0402911229155814,
          0.01345788776161877,
          0.017797742924244596,
          0.01416335300534712,
          0.1355985641718781,
          0.12833410818454555,
          0.11408314880602355,
          0.13250313898636557,
          0.14138555400269812,
          0.06610060580371732,
          0.02273322462183733,
          0.0196415747385942,
          0.029148205331010764,
          0.049445295160230295,
          0.029489628179837076,
          0.015389777694713959
        ],
        "currentBinShare": 0.020410413432383503
      },
      "ttm": {
        "squeeze": false,
        "release": false,
        "widthPct": 1.9540849335018455
      }
    },
    "min5": {
      "sma20": 0.06708099999999999,
      "sma50": 0.06750419999999999,
      "ema20": 0.0668384683968169,
      "ema50": 0.06728709049058797,
      "vwma20": 0.06716520231752188,
      "hma21": 0.06603471861471863,
      "atr14": 0.0006285714285714278,
      "atrPercentile": 0.5766423357664233,
      "rvolZ": -0.41691894406812735,
      "rvolPercentile": 0.2986111111111111,
      "mfi14": 14.662679800416512,
      "ppo": {
        "ppo": -0.688934463054276,
        "signal": -0.46396413537347375,
        "histogram": -0.22497032768080222
      },
      "stochRsi": {
        "k": 15.117585017162988,
        "d": 21.72549205013698
      },
      "vprofile": {
        "vpBins": [
          0.009615507426245375,
          0.0008063521807760904,
          0,
          0,
          0.02448107983871256,
          0,
          0.05900901953386003,
          0.0370539848635026,
          0.12478361922882832,
          0.09062128835165556,
          0.10762684580262208,
          0.023177038926549105,
          0.12543955119606703,
          0.07999390734615917,
          0.11537336401163925,
          0.13684753428927138,
          0.0651709070041115,
          0,
          0,
          0
        ],
        "currentBinShare": 0.0370539848635026
      },
      "ttm": {
        "squeeze": false,
        "release": false,
        "widthPct": 4.502114720248293
      }
    },
    "min15": {
      "sma20": 0.06752599999999999,
      "sma50": 0.0679498,
      "ema20": 0.06733963711779697,
      "ema50": 0.06679329657095,
      "vwma20": 0.06750916457215204,
      "hma21": 0.06714541125541125,
      "atr14": 0.0010450000000000012,
      "atrPercentile": 0.3780487804878049,
      "rvolZ": -0.3965344811939975,
      "rvolPercentile": 0.4791666666666667,
      "mfi14": 53.86278794479582,
      "ppo": {
        "ppo": -0.3911695706331594,
        "signal": -0.06013926052937838,
        "histogram": -0.331030310103781
      },
      "stochRsi": {
        "k": 0,
        "d": 39.582808443482456
      },
      "vprofile": {
        "vpBins": [
          0.04374791937289495,
          0.0318732094061787,
          0,
          0,
          0,
          0,
          0.07798927711306711,
          0.002484511807694267,
          0.13100016131632355,
          0.0860096904712851,
          0.07402864650134319,
          0.06337350867459313,
          0.13509236834607802,
          0,
          0.16914609977285025,
          0.18525460721769177,
          0,
          0,
          0,
          0
        ],
        "currentBinShare": 0.002484511807694267
      },
      "ttm": {
        "squeeze": false,
        "release": true,
        "widthPct": 3.978705062453549
      }
    },
    "hourly": {
      "sma20": 0.065583,
      "sma50": 0.0617936,
      "ema20": 0.06559004735793503,
      "ema50": 0.0640930113397788,
      "vwma20": 0.06971464039065696,
      "hma21": 0.0698461471861472,
      "atr14": 0.003737857142857143,
      "atrPercentile": 0.5221518987341772,
      "rvolZ": -0.5913420294892603,
      "rvolPercentile": 0.3212121212121212,
      "mfi14": 57.757374269779824,
      "ppo": {
        "ppo": 2.7132321915960436,
        "signal": 3.1538958418719814,
        "histogram": -0.4406636502759378
      },
      "stochRsi": {
        "k": 0,
        "d": 52.02305891171603
      },
      "vprofile": {
        "vpBins": [
          0.03490047981319745,
          0.04230907611410629,
          0.017345430771233652,
          0.004589683353712723,
          0.028478192122184928,
          0.0751780960517044,
          0.03655438442826268,
          0.05443077481911816,
          0.13257271989004896,
          0.10272369349059507,
          0.10946464602936484,
          0.06816587389608071,
          0.05729495293080805,
          0.07392674206211525,
          0.05482545847319982,
          0.04007114570619698,
          0.021196435959374375,
          0.03518525357087976,
          0.010786960517815941,
          0
        ],
        "currentBinShare": 0.05443077481911816
      },
      "ttm": {
        "squeeze": false,
        "release": false,
        "widthPct": 35.7445085547989
      }
    },
    "fourHour": {
      "sma20": 0.06380000000000001,
      "sma50": 0.0664388,
      "ema20": 0.06494905758975936,
      "ema50": 0.06664980616443376,
      "vwma20": 0.06599894769746006,
      "hma21": 0.06025787878787879,
      "atr14": 0.006122142857142859,
      "atrPercentile": 0.30434782608695654,
      "rvolZ": -0.859660143524561,
      "rvolPercentile": 0.13253012048192772,
      "mfi14": 58.62693116276835,
      "ppo": {
        "ppo": -1.1853368249670155,
        "signal": -2.5987689434912844,
        "histogram": 1.4134321185242689
      },
      "stochRsi": {
        "k": 86.27812339307117,
        "d": 53.25594967626561
      },
      "vprofile": {
        "vpBins": [
          0.019687934386821305,
          0.036383223535491054,
          0.03930294743113423,
          0.04686363843871908,
          0.07237654008444777,
          0.06538992106087106,
          0.11974662891300987,
          0.07495182392950993,
          0.1309905294858205,
          0.0463156279073645,
          0.042070507993402936,
          0.07762418747066256,
          0.10248827652105232,
          0.09143489192538147,
          0,
          0,
          0,
          0,
          0.0343733209163115,
          0
        ],
        "currentBinShare": 0.06538992106087106
      },
      "ttm": {
        "squeeze": false,
        "release": false,
        "widthPct": 31.165664297528135
      }
    },
    "daily": {
      "sma20": 0,
      "sma50": 0,
      "ema20": 0.06844880830317869,
      "ema50": 0.06857255830902906,
      "vwma20": 0,
      "hma21": 0,
      "atr14": 0.024542142857142853,
      "atrPercentile": 0.5,
      "rvolZ": 0,
      "rvolPercentile": 1,
      "mfi14": 50,
      "ppo": {
        "ppo": 0,
        "signal": 0,
        "histogram": 0
      },
      "stochRsi": {
        "k": 50,
        "d": 50
      },
      "vprofile": {
        "vpBins": [
          0,
          0,
          0,
          0,
          0,
          0,
          0,
          0,
          0,
          0,
          0,
          0,
          0,
          0,
          0,
          0,
          0,
          0,
          0,
          0
        ],
        "currentBinShare": 0
      },
      "ttm": {
        "squeeze": false,
        "release": false
      }
    }
  },
  "smaMin5": 0.06708099999999999,
  "emaMin5": 0.0668384683968169,
  "vwmaMin5": 0.06716520231752188,
  "hmaMin5": 0.06603471861471863,
  "keltner15": {
    "upper": 0.06907813711779698,
    "middle": 0.06733963711779697,
    "lower": 0.06560113711779697
  },
  "superTrend15": {
    "isBull": false,
    "finalUpper": 0.06951200000000002,
    "finalLower": 0.062558
  },
  "mfi15": 53.86278794479582,
  "stochRsi15": {
    "k": 0,
    "d": 39.582808443482456
  },
  "ppo15": {
    "ppo": -0.3911695706331594,
    "signal": -0.06013926052937838,
    "histogram": -0.331030310103781
  },
  "vpMin15": {
    "vpBins": [
      0.04374791937289495,
      0.0318732094061787,
      0,
      0,
      0,
      0,
      0.07798927711306711,
      0.002484511807694267,
      0.13100016131632355,
      0.0860096904712851,
      0.07402864650134319,
      0.06337350867459313,
      0.13509236834607802,
      0,
      0.16914609977285025,
      0.18525460721769177,
      0,
      0,
      0,
      0
    ],
    "currentBinShare": 0.002484511807694267
  },
  "ttm15": {
    "squeeze": false,
    "release": true,
    "widthPct": 3.978705062453549
  },
  "marketCorrelation": {
    "hourly": {
      "btcCorrelation": 0,
      "ethCorrelation": 0,
      "btcBeta": 1,
      "ethBeta": 1,
      "btcTrend": "UNKNOWN",
      "ethTrend": "UNKNOWN",
      "tokenVol": 0,
      "btcVol": 0,
      "ethVol": 0,
      "marketDependence": 0,
      "verdict": "INSUFFICIENT_DATA"
    },
    "min15": {
      "btcCorrelation": 0,
      "ethCorrelation": 0,
      "btcBeta": 1,
      "ethBeta": 1,
      "btcTrend": "UNKNOWN",
      "ethTrend": "UNKNOWN",
      "tokenVol": 0,
      "btcVol": 0,
      "ethVol": 0,
      "marketDependence": 0,
      "verdict": "INSUFFICIENT_DATA"
    },
    "daily": {
      "btcCorrelation": 0,
      "ethCorrelation": 0,
      "btcBeta": 1,
      "ethBeta": 1,
      "btcTrend": "UNKNOWN",
      "ethTrend": "UNKNOWN",
      "tokenVol": 0,
      "btcVol": 0,
      "ethVol": 0,
      "marketDependence": 0,
      "verdict": "INSUFFICIENT_DATA"
    }
  },
  "tradeTape": {
    "totalTrades": 0,
    "totalVolume": 0,
    "buysVolume": 0,
    "sellsVolume": 0,
    "buySellRatio": 0.5,
    "vwap": 0,
    "signedVolume": 0,
    "avgTradeSize": 0,
    "tradesPerSec": 0,
    "cumulativeDelta": 0,
    "tradesLast1m": 0,
    "tradesLast5m": 0,
    "tradesLast15m": 0,
    "tradesLast1h": 0,
    "buyVWAP": 0,
    "sellVWAP": 0,
    "aggressorVWAP": 0,
    "bucketDurationMs": 60000,
    "bucketCount": 15,
    "bucketSignedVolumes": [],
    "bucketVolumes": [],
    "bucketVWAPs": [],
    "latestBucketSignedZ": 0
  },
  "enhancedMetrics": {
    "relativeVolumeZScore": -1,
    "volumePercentile": 40,
    "atrPercentile": 58.02919708029197,
    "volatilityPercentile": 81.93548387096774,
    "relativeVolatilityRatio": 1.3208596652676294,
    "isHighVolume": false,
    "isHighVolatility": true,
    "isLowVolatility": false,
    "isExpandingVolatility": true,
    "isContractingVolatility": false
  },
  "orderBook": {
    "bidAskSpread": 0,
    "spreadPct": 0,
    "midPrice": 0,
    "bestBid": 0,
    "bestAsk": 0,
    "bidDepth": 0,
    "askDepth": 0,
    "orderBookImbalance": 0,
    "liquidityScore": 0,
    "depthAt1Pct": {
      "bidVolume": 0,
      "askVolume": 0,
      "imbalance": 0
    },
    "depthAt2Pct": {
      "bidVolume": 0,
      "askVolume": 0,
      "imbalance": 0
    },
    "depthAt5Pct": {
      "bidVolume": 0,
      "askVolume": 0,
      "imbalance": 0
    },
    "weightedMidPrice": 0,
    "volumeWeightedSpread": 0,
    "totalBidLevels": 0,
    "totalAskLevels": 0
  },
  "marketCap": {
    "marketCap": 0,
    "totalVolume24h": 0,
    "volumeToMarketCapRatio": 0,
    "marketCapRank": 0,
    "normalizedRank": 0,
    "isHighLiquidity": false,
    "isVeryHighLiquidity": false,
    "isLowLiquidity": true,
    "liquidityTier": "VERY_LOW"
  },
  "sweeps": {
    "sweepScore": 0,
    "sweepCount": 0,
    "sweepDirection": "NEUTRAL",
    "buySweeps": 0,
    "sellSweeps": 0,
    "avgSweepSize": 0,
    "avgSweepIntensity": 0,
    "bidLiftRatio": 0,
    "askLiftRatio": 0,
    "sweepFrequency": 0,
    "largestSweep": null,
    "recentSweepClusters": 0,
    "sweepDetails": []
  },
  "absorption": {
    "absorptionScore": 0,
    "absorptionLevel": null,
    "absorptionSide": "NONE",
    "icebergProbability": 0,
    "hiddenLiquidityEstimate": 0,
    "volumeAtPrice": {},
    "topAbsorptionLevels": [],
    "persistenceDuration": 0,
    "refillDetected": false
  },
  "orderArrival": {
    "avgInterArrivalTime": 0,
    "recentInterArrivalTime": 0,
    "accelerationRatio": 1,
    "hawkesIntensity": 0,
    "hawkesDirection": "NEUTRAL",
    "clusteringScore": 0,
    "burstCount": 0,
    "cascadeDetected": false,
    "timeToNextTrade": 0,
    "accelerationTrend": "STABLE"
  },
  "liquidityVacuum": {
    "vacuumScore": 0,
    "vacuumSide": "NONE",
    "bidVacuumSeverity": 0,
    "askVacuumSeverity": 0,
    "depthConcentration": 0,
    "priceImpact10k": 0,
    "priceImpact50k": 0,
    "priceImpact100k": 0,
    "largestGapBid": 0,
    "largestGapAsk": 0,
    "avgGapBid": 0,
    "avgGapAsk": 0,
    "bidCliffDistance": 0,
    "askCliffDistance": 0
  },
  "volatilityRegime": {
    "regime": "UNKNOWN",
    "regimeScore": 0,
    "currentATR": 0,
    "avgATR": 0,
    "atrPercentile": 0,
    "realizedVolatility": 0,
    "volPercentile": 0,
    "expanding": false,
    "contracting": false,
    "transitionProbability": 0,
    "daysInRegime": 0,
    "regimeStrength": 0
  },
  "temporalPatterns": {
    "currentHour": 8,
    "currentDay": 0,
    "currentDayName": "Sunday",
    "dayBias": "NEUTRAL",
    "hourlyProfile": [
      {
        "avgVolume": 2212224.22,
        "avgATR": 0.004761,
        "avgReturn": 1.635
      },
      {
        "avgVolume": 2648397.34,
        "avgATR": 0.005135,
        "avgReturn": 0.016
      },
      {
        "avgVolume": 3034089.27,
        "avgATR": 0.006292,
        "avgReturn": 0.978
      },
      {
        "avgVolume": 2622284.76,
        "avgATR": 0.005254,
        "avgReturn": 1.167
      },
      {
        "avgVolume": 1843388.76,
        "avgATR": 0.005304,
        "avgReturn": -1.697
      },
      {
        "avgVolume": 1492844.18,
        "avgATR": 0.003557,
        "avgReturn": -1.398
      },
      {
        "avgVolume": 1069587.06,
        "avgATR": 0.002777,
        "avgReturn": -1.286
      },
      {
        "avgVolume": 1211536.47,
        "avgATR": 0.003359,
        "avgReturn": 0.267
      },
      {
        "avgVolume": 414990.54,
        "avgATR": 0.002008,
        "avgReturn": -0.667
      },
      {
        "avgVolume": 659963.03,
        "avgATR": 0.002556,
        "avgReturn": 0.238
      },
      {
        "avgVolume": 589731.59,
        "avgATR": 0.002419,
        "avgReturn": 0.006
      },
      {
        "avgVolume": 723951.84,
        "avgATR": 0.00209,
        "avgReturn": -1.073
      },
      {
        "avgVolume": 1271484.12,
        "avgATR": 0.003725,
        "avgReturn": -0.593
      },
      {
        "avgVolume": 1518131.58,
        "avgATR": 0.003874,
        "avgReturn": -0.893
      },
      {
        "avgVolume": 2021424.4,
        "avgATR": 0.004823,
        "avgReturn": -0.444
      },
      {
        "avgVolume": 3253607.65,
        "avgATR": 0.005769,
        "avgReturn": 1.022
      },
      {
        "avgVolume": 3525372.04,
        "avgATR": 0.005552,
        "avgReturn": 1.447
      },
      {
        "avgVolume": 2988053.37,
        "avgATR": 0.006152,
        "avgReturn": 1.093
      },
      {
        "avgVolume": 2762262.69,
        "avgATR": 0.005617,
        "avgReturn": -0.553
      },
      {
        "avgVolume": 1779467.55,
        "avgATR": 0.004065,
        "avgReturn": -1.141
      },
      {
        "avgVolume": 1307438.52,
        "avgATR": 0.003138,
        "avgReturn": -0.533
      },
      {
        "avgVolume": 2558187.79,
        "avgATR": 0.004814,
        "avgReturn": 1.677
      },
      {
        "avgVolume": 3307310.43,
        "avgATR": 0.007039,
        "avgReturn": 2.352
      },
      {
        "avgVolume": 3238671.58,
        "avgATR": 0.006255,
        "avgReturn": -0.307
      }
    ],
    "dailyProfile": [
      {
        "avgVolume": 1017131.41,
        "avgATR": 0.002873,
        "avgReturn": -1.065
      },
      {
        "avgVolume": 1347313.44,
        "avgATR": 0.002699,
        "avgReturn": -0.021
      },
      {
        "avgVolume": 1451359.45,
        "avgATR": 0.002768,
        "avgReturn": 0.094
      },
      {
        "avgVolume": 2864180.67,
        "avgATR": 0.005449,
        "avgReturn": 0.79
      },
      {
        "avgVolume": 4256829.38,
        "avgATR": 0.009706,
        "avgReturn": 1.219
      },
      {
        "avgVolume": 2198656.31,
        "avgATR": 0.004974,
        "avgReturn": -0.41
      },
      {
        "avgVolume": 930638.7,
        "avgATR": 0.002608,
        "avgReturn": -0.127
      }
    ],
    "favorableHours": [
      16,
      22,
      15,
      23,
      2,
      17
    ],
    "favorableWindow": false,
    "currentVsAvgVolume": 0,
    "currentVsAvgVolatility": 0,
    "anomalyDetected": true,
    "timeUntilFavorable": 7,
    "temporalScore": 0
  },
  "unifiedMicrostructure": {
    "signalDirections": {
      "vpin": "NEUTRAL",
      "sweeps": "NEUTRAL",
      "absorption": "NEUTRAL",
      "arrival": "NEUTRAL",
      "vacuum": "NONE",
      "volRegime": "NEUTRAL",
      "temporal": "UNFAVORABLE"
    },
    "consensusDirection": "BEARISH",
    "consensusStrength": 100,
    "bullishSignals": 0,
    "bearishSignals": 1,
    "neutralSignals": 0,
    "totalAvailableSignals": 1,
    "dominantPattern": "NONE",
    "clusters": {
      "strongBuyCluster": false,
      "distributionPattern": false,
      "accumulationPattern": false,
      "momentumCascade": false
    },
    "adaptiveWeights": {
      "vpin": 0,
      "sweeps": 0,
      "absorption": 0,
      "arrival": 0,
      "vacuum": 0,
      "volRegime": 0,
      "temporal": 0.02
    },
    "convictionLevel": "HIGH",
    "convictionScore": 100,
    "riskAdjustment": "REDUCE",
    "timingQuality": "UNFAVORABLE",
    "signalQuality": "LOW"
  },
  "deltaAnalysis": {
    "currentDelta": 0,
    "cumulativeDelta": 0,
    "deltaPerVolume": 0,
    "deltaDirection": "NEUTRAL",
    "deltaDivergence": false,
    "institutionalRatio": 0,
    "aggressionScore": 0
  },
  "volumeProfile": {
    "pointOfControl": 0,
    "valueAreaHigh": 0,
    "valueAreaLow": 0,
    "currentPosition": "ABOVE_VALUE_AREA",
    "volumeNodes": [],
    "airPockets": []
  },
  "momentumCascade": {
    "cascadeDetected": false,
    "alignmentScore": -0.022307917133984514,
    "cascadeStrength": 0,
    "acceleratingTimeframes": [],
    "divergingTimeframes": [
      "1m",
      "5m",
      "15m",
      "1h"
    ]
  },
  "breakoutConfirmation": {
    "breakoutConfirmed": false,
    "volumeConfirmation": false,
    "retestStrength": 0,
    "falseBreakoutRisk": 0,
    "breakoutQuality": "NO_BREAKOUT"
  },
  "liquidityHeatmap": {
    "liquidityScore": 0,
    "magnetDirection": "NONE",
    "magnetStrength": 0,
    "priceTarget5pct": null,
    "message": "No order book data"
  },
  "smartMoneyDivergence": {
    "divergenceDetected": false,
    "divergenceDirection": "NONE",
    "smartMoneyScore": 0.5,
    "message": "Insufficient trade data"
  },
  "microstructure": {
    "raw": -0.017043324699788084,
    "pct": 50,
    "summary": {
      "latestBucketSignedZ": 0,
      "buySellRatio": 0.5,
      "tradesPerSec": 0,
      "vwap": 0,
      "aggressorVWAP": 0,
      "vpinToxicity": "UNKNOWN",
      "sweepDirection": "NEUTRAL",
      "absorptionSide": "NONE",
      "icebergDetected": false,
      "hawkesDirection": "NEUTRAL",
      "cascadeDetected": false,
      "vacuumSide": "NONE",
      "volatilityRegime": "UNKNOWN",
      "volExpanding": false,
      "favorableTimeWindow": false,
      "temporalAnomaly": true,
      "consensusDirection": "BEARISH",
      "consensusStrength": 100,
      "dominantPattern": "NONE",
      "convictionLevel": "HIGH",
      "riskAdjustment": "REDUCE",
      "timingQuality": "UNFAVORABLE",
      "deltaDirection": "NEUTRAL",
      "deltaDivergence": false,
      "institutionalRatio": 0,
      "volumeProfilePosition": "ABOVE_VALUE_AREA",
      "pointOfControl": 0,
      "momentumCascadeDetected": false,
      "cascadeStrength": 0,
      "breakoutQuality": "NO_BREAKOUT",
      "breakoutConfirmed": false,
      "magnetDirection": "NONE",
      "magnetStrength": 0,
      "priceTarget5pct": null,
      "nearestBidWall": 0,
      "nearestAskWall": 0,
      "divergenceDetected": false,
      "divergenceDirection": "NONE",
      "whaleAccumulation": false,
      "whaleDistribution": false,
      "retailPanic": false,
      "smartMoneyScore": 0.5
    }
  }
}

=== MICROSTRUCTURE ALERTS ===

🔬 VPIN: Insufficient data for VPIN analysis

🌊 SWEEP DETECTION: No significant sweeps detected

🧊 ABSORPTION & ICEBERG: No significant absorption or iceberg orders detected

⚡ ORDER ARRIVAL DYNAMICS: Insufficient trades for analysis

🌪️ LIQUIDITY VACUUM: No significant vacuum detected

📊 VOLATILITY REGIME: Insufficient data for classification

⏰ TEMPORAL PATTERN ANALYSIS:
   Current Time: Sunday 8:00 UTC
   Day Bias: NEUTRAL
   Current vs Avg Volume: 0x
   Current vs Avg Volatility: 0x

   ⏳ NON-FAVORABLE TIME WINDOW:
   This hour typically shows weaker activity
   Next favorable window in 7 hour(s)

   ⚠️ LOW ACTIVITY ANOMALY:
   Volume 0x below typical - Extremely quiet

   📉 LOW VOLATILITY ANOMALY:
   Volatility 0x below typical - Consolidation likely

   🔥 Best Trading Hours (UTC): 16:00, 22:00, 15:00

🎯 UNIFIED MICROSTRUCTURE INTEGRATION:
   Signal Consensus: BEARISH (100% agreement)
   Available Signals: 1 (0 bullish / 1 bearish / 0 neutral)
   Conviction Level: HIGH (100%)
   Signal Quality: LOW
   Risk Adjustment: REDUCE
   Timing Quality: UNFAVORABLE

   ✅ HIGH CONVICTION: 100% of signals agree on direction
   Strong institutional alignment - Follow the smart money

   ⚠️ RISK REDUCTION RECOMMENDED: Extreme volatility or unfavorable timing detected

   ⏰ UNFAVORABLE TIMING: Avoid trading during this hour

   Signal Directions Breakdown:
   • VPIN: NEUTRAL
   • Sweeps: NEUTRAL
   • Absorption: NEUTRAL
   • Arrival Dynamics: NEUTRAL
   • Liquidity Vacuum: NONE
   • Vol Regime: NEUTRAL
   • Temporal: UNFAVORABLE

   Adaptive Weights (Total: 2.0%):
   • VPIN: 0.0%
   • Sweeps: 0.0%
   • Absorption: 0.0%
   • Arrival: 0.0%
   • Vacuum: 0.0%
   • Vol Regime: 0.0%
   • Temporal: 2.0%


💹 DELTA ANALYSIS (Order Flow Aggression):
   Direction: NEUTRAL
   Delta Per Volume: 0.00%
   Institutional Ratio: 0.0%
   Aggression Score: 0.0%

📊 VOLUME PROFILE (Support/Resistance Strength):
   Point of Control (POC): $0.000000
   Value Area High: $0.000000
   Value Area Low: $0.000000
   Current Position: ABOVE_VALUE_AREA
   ⚠️ DISTRIBUTION RISK: Price above value area - potential rejection zone

⚡ MOMENTUM CASCADE (Multi-Timeframe Alignment):
   Cascade Detected: NO
   Alignment Score: -2.2%
   Cascade Strength: 0.0%
   Accelerating: None
   Diverging: 1m, 5m, 15m, 1h

💥 BREAKOUT CONFIRMATION:
   Quality: NO_BREAKOUT
   Volume Confirmation: NO
   Retest Strength: 0.0%
   False Breakout Risk: 0.0%
   No breakout detected - price below resistance


levels:
Entry=0.06568836, StopLoss=0.064046151, TakeProfit=0.0670583645, 0.068428369, 0.0695243726

---

=== Token: HONEY (HONEY) ===
Contract: HONEY-USD
Timestamp: 2025-04-16T13:25:00.000Z

Calculations:
{
  "momentumScore": 61.17647058823529,
  "volumeScore": 20.006169107917707,
  "patternScore": 5,
  "totalScore": 23.69810426678859,
  "finalScore": 0,
  "weights": "0.23,0.45,0.23",
  "hourlyUptrend": false,
  "rsi": 0,
  "ultraShortVolumeSurge": 0.2699737742286516,
  "baseVolumeSurge": 0.01586009927724585,
  "currentPrice": 0.0255,
  "resistance": 0.0255,
  "support": 0.0254,
  "rocMin5": 0,
  "shortROC": 0,
  "priceAcceleration": 0,
  "buySellRatio": 0,
  "macdHistogram": 0.000006169107917706279,
  "stochasticK": 100,
  "atr": 0.000014285714285714199,
  "bbUpper": 0.025560000000000003,
  "bbLower": 0.025400000000000002,
  "hammerDetected": true,
  "engulfingDetected": false,
  "compressionSpring": {
    "detected": true,
    "confidence": 66,
    "signals": {
      "sidewaysPrice": true,
      "atrCompression": true,
      "bbSqueeze": true,
      "consolidationTime": true,
      "strongBuying": false,
      "obvPositive": false,
      "chaikinPositive": false,
      "rsiNeutral": true,
      "volumeBuilding": false
    },
    "metrics": {
      "priceRange": 0.39,
      "atrRatio": 0.25,
      "bbWidth": 0.63,
      "volumeRatio": 0.588,
      "signalCount": 5,
      "buySellRatio": 0
    }
  },
  "riskTier": "LOW",
  "atrPercent": 0.22408963585434039,
  "distanceToResistance": 2,
  "slPercent": 2.5,
  "tpPercent": 1.7,
  "trailingActivation": 1.02,
  "shortMomentumScore": 25,
  "overboughtScore": 55,
  "shortPatternScore": 0,
  "shootingStarDetected": false,
  "bearishEngulfingDetected": false,
  "eveningStarDetected": false,
  "bearishPatternsCount": 0,
  "shortTotalScore": 29.25,
  "chaikin": -0.2710508841911683,
  "obvIncreasing": false,
  "obvTrend": "declining",
  "adx": 100,
  "recentCandles": {
    "redCount": 0,
    "greenCount": 10
  },
  "resistanceDistance": 100,
  "multiplePatterns": false,
  "bullishPattern": true,
  "priceAboveVWAP": false,
  "breakingResistance": false,
  "atrSufficient": false,
  "macdDivergenceBearish": false,
  "rvolMin1": -0.1911301529202738,
  "rvolMin5": -0.22772054099432606,
  "atrPercentileOld": 0.2073170731707317,
  "vwapDeviation": -0.40188102796948977,
  "bbWidthPercent": 0.6279434850863438,
  "bbSqueeze": true,
  "multiTFMomentum": {
    "min1": {
      "roc1": 0,
      "roc3": 0
    },
    "min5": {
      "roc1": 0,
      "roc3": 0
    },
    "min15": {
      "roc1": 0,
      "roc3": 0
    },
    "hourly": {
      "roc1": 0,
      "roc3": 0
    },
    "fourHour": {
      "roc1": 0.0039370078740157246,
      "roc3": 0.0039370078740157246
    },
    "divergenceShortUpLongDown": false
  },
  "returnZMin5": -0.000834250851876389,
  "wickClosePct": 1,
  "wickUpper": 0,
  "wickLower": 0.0000999999999999994,
  "wickRatio": 1,
  "donchianBreakout15": false,
  "bbWidthPercentile15": 0.5454545454545454,
  "signedMin5": 400869.1,
  "signedMin5Z": 24.600034315528067,
  "signedMin1": 352768.5,
  "signedMin1Z": 33.52865714409665,
  "streakMin1": {
    "upStreak": 0,
    "downStreak": 0
  },
  "streakMin5": {
    "upStreak": 0,
    "downStreak": 0
  },
  "rvolPercentileMin1": 0.5472222222222223,
  "rvolPercentileMin5": 0.6354166666666666,
  "perTfMetrics": {
    "min1": {
      "sma20": 0.025500000000000012,
      "sma50": 0.02550000000000001,
      "ema20": 0.02549995696036228,
      "ema50": 0.025499278875444786,
      "vwma20": 0.025499999999999984,
      "hma21": 0.025499999999999995,
      "atr14": 0,
      "atrPercentile": 0.07804632426988922,
      "rvolZ": -0.1911301529202738,
      "rvolPercentile": 0.5472222222222223,
      "mfi14": 0,
      "ppo": {
        "ppo": 0.0005151439094212993,
        "signal": 0.0007458336217013509,
        "histogram": -0.00023068971228005163
      },
      "stochRsi": {
        "k": 50,
        "d": 0
      },
      "vprofile": {
        "vpBins": [
          0,
          0,
          0,
          0,
          0,
          0,
          0.015083870930954675,
          0,
          0,
          0,
          0,
          0,
          0,
          0.9849161290690454,
          0,
          0,
          0,
          0,
          0,
          0
        ],
        "currentBinShare": 0.9849161290690454
      },
      "ttm": {
        "squeeze": false,
        "release": false,
        "widthPct": 2.1769078914218745e-13
      }
    },
    "min5": {
      "sma20": 0.025490000000000006,
      "sma50": 0.02549000000000001,
      "ema20": 0.025493165654598558,
      "ema50": 0.025490897008847452,
      "vwma20": 0.025466642210036857,
      "hma21": 0.02551428571428571,
      "atr14": 0.000014285714285714199,
      "atrPercentile": 0.11678832116788321,
      "rvolZ": -0.22772054099432606,
      "rvolPercentile": 0.6354166666666666,
      "mfi14": 0.2185716792792931,
      "ppo": {
        "ppo": 0.01728696340806946,
        "signal": 0.010865639952098372,
        "histogram": 0.006421323455971087
      },
      "stochRsi": {
        "k": 0,
        "d": 16.666666666666668
      },
      "vprofile": {
        "vpBins": [
          0.011373781620332849,
          0,
          0,
          0.12401197777305026,
          0,
          0,
          0.6012859406030198,
          0,
          0,
          0,
          0.24107750475974377,
          0,
          0,
          0.022250795243853348,
          0,
          0,
          0,
          0,
          0,
          0
        ],
        "currentBinShare": 0.6012859406030198
      },
      "ttm": {
        "squeeze": false,
        "release": false,
        "widthPct": 0.4707728520988702
      }
    },
    "min15": {
      "sma20": 0.025480000000000003,
      "sma50": 0.02549000000000001,
      "ema20": 0.025484066240929023,
      "ema50": 0.025502573351831644,
      "vwma20": 0.025460377305873416,
      "hma21": 0.025464502164502162,
      "atr14": 0.000057142857142856796,
      "atrPercentile": 0.2073170731707317,
      "rvolZ": -0.38328069545773913,
      "rvolPercentile": 0.3541666666666667,
      "mfi14": 4.580571828169013,
      "ppo": {
        "ppo": -0.006518333680494187,
        "signal": -0.02371728209032032,
        "histogram": 0.017198948409826133
      },
      "stochRsi": {
        "k": 100,
        "d": 50
      },
      "vprofile": {
        "vpBins": [
          0.008459147232230303,
          0,
          0.10221233380990516,
          0,
          0,
          0.38065220695827123,
          0,
          0,
          0.06313229829256736,
          0,
          0,
          0.36961615445767176,
          0,
          0,
          0.07592785924935436,
          0,
          0,
          0,
          0,
          0
        ],
        "currentBinShare": 0.38065220695827123
      },
      "ttm": {
        "squeeze": false,
        "release": false,
        "widthPct": 0.6279434850863438
      }
    },
    "hourly": {
      "sma20": 0.025505000000000007,
      "sma50": 0.025506000000000018,
      "ema20": 0.0255144542276388,
      "ema50": 0.025632851828889667,
      "vwma20": 0.02550617054294395,
      "hma21": 0.025462770562770565,
      "atr14": 0.00013571428571428564,
      "atrPercentile": 0.009316770186335404,
      "rvolZ": 0.10912353171924774,
      "rvolPercentile": 0.8214285714285714,
      "mfi14": 23.952702376402385,
      "ppo": {
        "ppo": -0.12936311979324833,
        "signal": -0.15090875989472474,
        "histogram": 0.021545640101476415
      },
      "stochRsi": {
        "k": 100,
        "d": 53.333333333333336
      },
      "vprofile": {
        "vpBins": [
          0,
          0.09872080632590699,
          0.13240291190491346,
          0.0937132127181315,
          0.14155431397324772,
          0.059337280576342424,
          0.06611241564007675,
          0.11925307502982616,
          0.05962733522824037,
          0.22927864860331468,
          0,
          0,
          0,
          0,
          0,
          0,
          0,
          0,
          0,
          0
        ],
        "currentBinShare": 0.14155431397324772
      },
      "ttm": {
        "squeeze": true,
        "release": false,
        "widthPct": 1.1604507811761593
      }
    },
    "fourHour": {
      "sma20": 0.025869999999999997,
      "sma50": 0.025804000000000014,
      "ema20": 0.025758485494246947,
      "ema50": 0.0266923213713966,
      "vwma20": 0.025892225464675553,
      "hma21": 0.025107792207792207,
      "atr14": 0.000414285714285714,
      "atrPercentile": 0.014285714285714285,
      "rvolZ": -0.3683711472685285,
      "rvolPercentile": 0.2976190476190476,
      "mfi14": 23.806543157796114,
      "ppo": {
        "ppo": -1.0250981456811372,
        "signal": -1.002780472733978,
        "histogram": -0.02231767294715925
      },
      "stochRsi": {
        "k": 59.86070381231659,
        "d": 33.86752136752136
      },
      "vprofile": {
        "vpBins": [
          0.04443996097389427,
          0.07732165110147105,
          0.1328243224105573,
          0.03153271875352888,
          0.20532904938549734,
          0.10884726021918363,
          0.04263269992947744,
          0.02081813786698716,
          0.006922154253394058,
          0,
          0.06814669572706523,
          0.05048733197532359,
          0.02068551505409214,
          0.12462580867245376,
          0.03667249608315038,
          0.013338903762905476,
          0.015375293831018252,
          0,
          0,
          0
        ],
        "currentBinShare": 0.1328243224105573
      },
      "ttm": {
        "squeeze": false,
        "release": false,
        "widthPct": 9.718899191228607
      }
    },
    "daily": {
      "sma20": 0.03027,
      "sma50": 0.03602999999999999,
      "ema20": 0.029711438375379113,
      "ema50": 0.03572924496738932,
      "vwma20": 0,
      "hma21": 0.02194199134199134,
      "atr14": 0.0036571428571428566,
      "atrPercentile": 0.4342105263157895,
      "rvolZ": 0,
      "rvolPercentile": 1,
      "mfi14": 50,
      "ppo": {
        "ppo": -10.949975037003616,
        "signal": -10.06177872737511,
        "histogram": -0.8881963096285066
      },
      "stochRsi": {
        "k": 79.152617884093,
        "d": 36.90452555227582
      },
      "vprofile": {
        "vpBins": [
          0,
          0,
          0,
          0,
          0,
          0,
          0,
          0,
          0,
          0,
          0,
          0,
          0,
          0,
          0,
          0,
          0,
          0,
          0,
          0
        ],
        "currentBinShare": 0
      },
      "ttm": {
        "squeeze": false,
        "release": false,
        "widthPct": 61.473400331382464
      }
    }
  },
  "smaMin5": 0.025490000000000006,
  "emaMin5": 0.025493165654598558,
  "vwmaMin5": 0.025466642210036857,
  "hmaMin5": 0.02551428571428571,
  "keltner15": {
    "upper": 0.02555906624092902,
    "middle": 0.025484066240929023,
    "lower": 0.025409066240929024
  },
  "superTrend15": {
    "isBull": true,
    "finalUpper": 0.025599999999999998,
    "finalLower": 0.025300000000000003
  },
  "mfi15": 4.580571828169013,
  "stochRsi15": {
    "k": 100,
    "d": 50
  },
  "ppo15": {
    "ppo": -0.006518333680494187,
    "signal": -0.02371728209032032,
    "histogram": 0.017198948409826133
  },
  "vpMin15": {
    "vpBins": [
      0.008459147232230303,
      0,
      0.10221233380990516,
      0,
      0,
      0.38065220695827123,
      0,
      0,
      0.06313229829256736,
      0,
      0,
      0.36961615445767176,
      0,
      0,
      0.07592785924935436,
      0,
      0,
      0,
      0,
      0
    ],
    "currentBinShare": 0.38065220695827123
  },
  "ttm15": {
    "squeeze": false,
    "release": false,
    "widthPct": 0.6279434850863438
  },
  "marketCorrelation": {
    "hourly": {
      "btcCorrelation": 0,
      "ethCorrelation": 0,
      "btcBeta": 1,
      "ethBeta": 1,
      "btcTrend": "UNKNOWN",
      "ethTrend": "UNKNOWN",
      "tokenVol": 0,
      "btcVol": 0,
      "ethVol": 0,
      "marketDependence": 0,
      "verdict": "INSUFFICIENT_DATA"
    },
    "min15": {
      "btcCorrelation": 0,
      "ethCorrelation": 0,
      "btcBeta": 1,
      "ethBeta": 1,
      "btcTrend": "UNKNOWN",
      "ethTrend": "UNKNOWN",
      "tokenVol": 0,
      "btcVol": 0,
      "ethVol": 0,
      "marketDependence": 0,
      "verdict": "INSUFFICIENT_DATA"
    },
    "daily": {
      "btcCorrelation": 0,
      "ethCorrelation": 0,
      "btcBeta": 1,
      "ethBeta": 1,
      "btcTrend": "UNKNOWN",
      "ethTrend": "UNKNOWN",
      "tokenVol": 0,
      "btcVol": 0,
      "ethVol": 0,
      "marketDependence": 0,
      "verdict": "INSUFFICIENT_DATA"
    }
  },
  "tradeTape": {
    "totalTrades": 0,
    "totalVolume": 0,
    "buysVolume": 0,
    "sellsVolume": 0,
    "buySellRatio": 0.5,
    "vwap": 0,
    "signedVolume": 0,
    "avgTradeSize": 0,
    "tradesPerSec": 0,
    "cumulativeDelta": 0,
    "tradesLast1m": 0,
    "tradesLast5m": 0,
    "tradesLast15m": 0,
    "tradesLast1h": 0,
    "buyVWAP": 0,
    "sellVWAP": 0,
    "aggressorVWAP": 0,
    "bucketDurationMs": 60000,
    "bucketCount": 15,
    "bucketSignedVolumes": [],
    "bucketVolumes": [],
    "bucketVWAPs": [],
    "latestBucketSignedZ": 0
  },
  "enhancedMetrics": {
    "relativeVolumeZScore": -1,
    "volumePercentile": 40,
    "atrPercentile": 8.02919708029197,
    "volatilityPercentile": 0.949367088607595,
    "relativeVolatilityRatio": 0.9503954763836929,
    "isHighVolume": false,
    "isHighVolatility": false,
    "isLowVolatility": true,
    "isExpandingVolatility": false,
    "isContractingVolatility": false
  },
  "orderBook": {
    "bidAskSpread": 0,
    "spreadPct": 0,
    "midPrice": 0,
    "bestBid": 0,
    "bestAsk": 0,
    "bidDepth": 0,
    "askDepth": 0,
    "orderBookImbalance": 0,
    "liquidityScore": 0,
    "depthAt1Pct": {
      "bidVolume": 0,
      "askVolume": 0,
      "imbalance": 0
    },
    "depthAt2Pct": {
      "bidVolume": 0,
      "askVolume": 0,
      "imbalance": 0
    },
    "depthAt5Pct": {
      "bidVolume": 0,
      "askVolume": 0,
      "imbalance": 0
    },
    "weightedMidPrice": 0,
    "volumeWeightedSpread": 0,
    "totalBidLevels": 0,
    "totalAskLevels": 0
  },
  "marketCap": {
    "marketCap": 0,
    "totalVolume24h": 0,
    "volumeToMarketCapRatio": 0,
    "marketCapRank": 0,
    "normalizedRank": 0,
    "isHighLiquidity": false,
    "isVeryHighLiquidity": false,
    "isLowLiquidity": true,
    "liquidityTier": "VERY_LOW"
  },
  "sweeps": {
    "sweepScore": 0,
    "sweepCount": 0,
    "sweepDirection": "NEUTRAL",
    "buySweeps": 0,
    "sellSweeps": 0,
    "avgSweepSize": 0,
    "avgSweepIntensity": 0,
    "bidLiftRatio": 0,
    "askLiftRatio": 0,
    "sweepFrequency": 0,
    "largestSweep": null,
    "recentSweepClusters": 0,
    "sweepDetails": []
  },
  "absorption": {
    "absorptionScore": 0,
    "absorptionLevel": null,
    "absorptionSide": "NONE",
    "icebergProbability": 0,
    "hiddenLiquidityEstimate": 0,
    "volumeAtPrice": {},
    "topAbsorptionLevels": [],
    "persistenceDuration": 0,
    "refillDetected": false
  },
  "orderArrival": {
    "avgInterArrivalTime": 0,
    "recentInterArrivalTime": 0,
    "accelerationRatio": 1,
    "hawkesIntensity": 0,
    "hawkesDirection": "NEUTRAL",
    "clusteringScore": 0,
    "burstCount": 0,
    "cascadeDetected": false,
    "timeToNextTrade": 0,
    "accelerationTrend": "STABLE"
  },
  "liquidityVacuum": {
    "vacuumScore": 0,
    "vacuumSide": "NONE",
    "bidVacuumSeverity": 0,
    "askVacuumSeverity": 0,
    "depthConcentration": 0,
    "priceImpact10k": 0,
    "priceImpact50k": 0,
    "priceImpact100k": 0,
    "largestGapBid": 0,
    "largestGapAsk": 0,
    "avgGapBid": 0,
    "avgGapAsk": 0,
    "bidCliffDistance": 0,
    "askCliffDistance": 0
  },
  "volatilityRegime": {
    "regime": "NORMAL",
    "regimeScore": 0,
    "currentATR": 0.003831,
    "avgATR": 0.002614,
    "atrPercentile": 44.7,
    "realizedVolatility": 102.56,
    "volPercentile": 54.2,
    "expanding": true,
    "contracting": false,
    "transitionProbability": 0.4,
    "daysInRegime": 5,
    "regimeStrength": 0.95
  },
  "temporalPatterns": {
    "currentHour": 8,
    "currentDay": 0,
    "currentDayName": "Sunday",
    "dayBias": "NEUTRAL",
    "hourlyProfile": [
      {
        "avgVolume": 432872.95,
        "avgATR": 0.00065,
        "avgReturn": -0.913
      },
      {
        "avgVolume": 592777.64,
        "avgATR": 0.000636,
        "avgReturn": -0.451
      },
      {
        "avgVolume": 264558.53,
        "avgATR": 0.000364,
        "avgReturn": -0.059
      },
      {
        "avgVolume": 210856.16,
        "avgATR": 0.000364,
        "avgReturn": 0.004
      },
      {
        "avgVolume": 154153.46,
        "avgATR": 0.000314,
        "avgReturn": -0.122
      },
      {
        "avgVolume": 99980.98,
        "avgATR": 0.000271,
        "avgReturn": 0.02
      },
      {
        "avgVolume": 386156.4,
        "avgATR": 0.000414,
        "avgReturn": -0.542
      },
      {
        "avgVolume": 156119.01,
        "avgATR": 0.0003,
        "avgReturn": 0.078
      },
      {
        "avgVolume": 257225.78,
        "avgATR": 0.000364,
        "avgReturn": 0.237
      },
      {
        "avgVolume": 138758.49,
        "avgATR": 0.0003,
        "avgReturn": 0.023
      },
      {
        "avgVolume": 461933.39,
        "avgATR": 0.0004,
        "avgReturn": -0.44
      },
      {
        "avgVolume": 224526.95,
        "avgATR": 0.00035,
        "avgReturn": -0.351
      },
      {
        "avgVolume": 316333.17,
        "avgATR": 0.00045,
        "avgReturn": -0.457
      },
      {
        "avgVolume": 272410.71,
        "avgATR": 0.000386,
        "avgReturn": 0.037
      },
      {
        "avgVolume": 381500.7,
        "avgATR": 0.000392,
        "avgReturn": 0.377
      },
      {
        "avgVolume": 612729.96,
        "avgATR": 0.000429,
        "avgReturn": 0.041
      },
      {
        "avgVolume": 371475.19,
        "avgATR": 0.000557,
        "avgReturn": -0.019
      },
      {
        "avgVolume": 299695.1,
        "avgATR": 0.000621,
        "avgReturn": 0.625
      },
      {
        "avgVolume": 301414.84,
        "avgATR": 0.000593,
        "avgReturn": -0.082
      },
      {
        "avgVolume": 267165.91,
        "avgATR": 0.000421,
        "avgReturn": -0.084
      },
      {
        "avgVolume": 384405.87,
        "avgATR": 0.00055,
        "avgReturn": -0.499
      },
      {
        "avgVolume": 430311.52,
        "avgATR": 0.000536,
        "avgReturn": 0.506
      },
      {
        "avgVolume": 1426120.54,
        "avgATR": 0.000921,
        "avgReturn": -0.239
      },
      {
        "avgVolume": 598669.31,
        "avgATR": 0.000614,
        "avgReturn": 0.111
      }
    ],
    "dailyProfile": [
      {
        "avgVolume": 232717.93,
        "avgATR": 0.000427,
        "avgReturn": -0.541
      },
      {
        "avgVolume": 396428.75,
        "avgATR": 0.000406,
        "avgReturn": -0.137
      },
      {
        "avgVolume": 190609.07,
        "avgATR": 0.000277,
        "avgReturn": -0.257
      },
      {
        "avgVolume": 402808.09,
        "avgATR": 0.000491,
        "avgReturn": -0.008
      },
      {
        "avgVolume": 291958.64,
        "avgATR": 0.00041,
        "avgReturn": -0.179
      },
      {
        "avgVolume": 334674.63,
        "avgATR": 0.000458,
        "avgReturn": 0.346
      },
      {
        "avgVolume": 788541.29,
        "avgATR": 0.000798,
        "avgReturn": 0.127
      }
    ],
    "favorableHours": [
      22,
      15,
      23,
      1,
      10,
      21
    ],
    "favorableWindow": false,
    "currentVsAvgVolume": 0,
    "currentVsAvgVolatility": 0,
    "anomalyDetected": true,
    "timeUntilFavorable": 2,
    "temporalScore": 0
  },
  "unifiedMicrostructure": {
    "signalDirections": {
      "vpin": "NEUTRAL",
      "sweeps": "NEUTRAL",
      "absorption": "NEUTRAL",
      "arrival": "NEUTRAL",
      "vacuum": "NONE",
      "volRegime": "NEUTRAL",
      "temporal": "UNFAVORABLE"
    },
    "consensusDirection": "BEARISH",
    "consensusStrength": 50,
    "bullishSignals": 0,
    "bearishSignals": 1,
    "neutralSignals": 1,
    "totalAvailableSignals": 2,
    "dominantPattern": "NONE",
    "clusters": {
      "strongBuyCluster": false,
      "distributionPattern": false,
      "accumulationPattern": false,
      "momentumCascade": false
    },
    "adaptiveWeights": {
      "vpin": 0,
      "sweeps": 0,
      "absorption": 0,
      "arrival": 0,
      "vacuum": 0,
      "volRegime": 0.021,
      "temporal": 0.02
    },
    "convictionLevel": "LOW",
    "convictionScore": 30,
    "riskAdjustment": "REDUCE",
    "timingQuality": "UNFAVORABLE",
    "signalQuality": "LOW"
  },
  "deltaAnalysis": {
    "currentDelta": 0,
    "cumulativeDelta": 0,
    "deltaPerVolume": 0,
    "deltaDirection": "NEUTRAL",
    "deltaDivergence": false,
    "institutionalRatio": 0,
    "aggressionScore": 0
  },
  "volumeProfile": {
    "pointOfControl": 0,
    "valueAreaHigh": 0,
    "valueAreaLow": 0,
    "currentPosition": "ABOVE_VALUE_AREA",
    "volumeNodes": [],
    "airPockets": []
  },
  "momentumCascade": {
    "cascadeDetected": false,
    "alignmentScore": 0.0006286861201173346,
    "cascadeStrength": 0,
    "acceleratingTimeframes": [],
    "divergingTimeframes": []
  },
  "breakoutConfirmation": {
    "breakoutConfirmed": false,
    "volumeConfirmation": false,
    "retestStrength": 0,
    "falseBreakoutRisk": 0,
    "breakoutQuality": "NO_BREAKOUT"
  },
  "liquidityHeatmap": {
    "liquidityScore": 0,
    "magnetDirection": "NONE",
    "magnetStrength": 0,
    "priceTarget5pct": null,
    "message": "No order book data"
  },
  "smartMoneyDivergence": {
    "divergenceDetected": false,
    "divergenceDirection": "NONE",
    "smartMoneyScore": 0.5,
    "message": "Insufficient trade data"
  },
  "microstructure": {
    "raw": -0.019437771412732147,
    "pct": 50,
    "summary": {
      "latestBucketSignedZ": 0,
      "buySellRatio": 0.5,
      "tradesPerSec": 0,
      "vwap": 0,
      "aggressorVWAP": 0,
      "vpinToxicity": "UNKNOWN",
      "sweepDirection": "NEUTRAL",
      "absorptionSide": "NONE",
      "icebergDetected": false,
      "hawkesDirection": "NEUTRAL",
      "cascadeDetected": false,
      "vacuumSide": "NONE",
      "volatilityRegime": "NORMAL",
      "volExpanding": true,
      "favorableTimeWindow": false,
      "temporalAnomaly": true,
      "consensusDirection": "BEARISH",
      "consensusStrength": 50,
      "dominantPattern": "NONE",
      "convictionLevel": "LOW",
      "riskAdjustment": "REDUCE",
      "timingQuality": "UNFAVORABLE",
      "deltaDirection": "NEUTRAL",
      "deltaDivergence": false,
      "institutionalRatio": 0,
      "volumeProfilePosition": "ABOVE_VALUE_AREA",
      "pointOfControl": 0,
      "momentumCascadeDetected": false,
      "cascadeStrength": 0,
      "breakoutQuality": "NO_BREAKOUT",
      "breakoutConfirmed": false,
      "magnetDirection": "NONE",
      "magnetStrength": 0,
      "priceTarget5pct": null,
      "nearestBidWall": 0,
      "nearestAskWall": 0,
      "divergenceDetected": false,
      "divergenceDirection": "NONE",
      "whaleAccumulation": false,
      "whaleDistribution": false,
      "retailPanic": false,
      "smartMoneyScore": 0.5
    }
  }
}

=== MICROSTRUCTURE ALERTS ===

🔬 VPIN: Insufficient data for VPIN analysis

🌊 SWEEP DETECTION: No significant sweeps detected

🧊 ABSORPTION & ICEBERG: No significant absorption or iceberg orders detected

⚡ ORDER ARRIVAL DYNAMICS: Insufficient trades for analysis

🌪️ LIQUIDITY VACUUM: No significant vacuum detected

📊 VOLATILITY REGIME DETECTION:
   Current Regime: NORMAL
   Regime Score: 0.00 (-1=low vol, +1=extreme vol)
   Days in Regime: 5
   ATR: $0.003831 (avg: $0.002614)
   ATR Percentile: 44.7%
   Realized Volatility: 102.56% (annualized)
   Vol Percentile: 54.2%

   ⚪ NORMAL VOLATILITY:
   📊 Balanced market conditions
   ✅ Standard risk management applies

   🚀 VOLATILITY EXPANDING:
   💥 Breakout likely imminent!
   📈 Market transitioning to higher vol regime
   ✅ Strong signal when combined with other indicators

   📍 MODERATE REGIME TRANSITION PROBABILITY: 40%
   Monitor for potential regime change

⏰ TEMPORAL PATTERN ANALYSIS:
   Current Time: Sunday 8:00 UTC
   Day Bias: NEUTRAL
   Current vs Avg Volume: 0x
   Current vs Avg Volatility: 0x

   ⏳ NON-FAVORABLE TIME WINDOW:
   This hour typically shows weaker activity
   Next favorable window in 2 hour(s)

   ⚠️ LOW ACTIVITY ANOMALY:
   Volume 0x below typical - Extremely quiet

   📉 LOW VOLATILITY ANOMALY:
   Volatility 0x below typical - Consolidation likely

   🔥 Best Trading Hours (UTC): 22:00, 15:00, 23:00

🎯 UNIFIED MICROSTRUCTURE INTEGRATION:
   Signal Consensus: BEARISH (50% agreement)
   Available Signals: 2 (0 bullish / 1 bearish / 1 neutral)
   Conviction Level: LOW (30%)
   Signal Quality: LOW
   Risk Adjustment: REDUCE
   Timing Quality: UNFAVORABLE

   ⚠️ LOW CONVICTION: Only 50% signal agreement
   Weak alignment - Reduce position size or wait for clarity

   ⚠️ RISK REDUCTION RECOMMENDED: Extreme volatility or unfavorable timing detected

   ⏰ UNFAVORABLE TIMING: Avoid trading during this hour

   Signal Directions Breakdown:
   • VPIN: NEUTRAL
   • Sweeps: NEUTRAL
   • Absorption: NEUTRAL
   • Arrival Dynamics: NEUTRAL
   • Liquidity Vacuum: NONE
   • Vol Regime: NEUTRAL
   • Temporal: UNFAVORABLE

   Adaptive Weights (Total: 4.1%):
   • VPIN: 0.0%
   • Sweeps: 0.0%
   • Absorption: 0.0%
   • Arrival: 0.0%
   • Vacuum: 0.0%
   • Vol Regime: 2.1%
   • Temporal: 2.0%


💹 DELTA ANALYSIS (Order Flow Aggression):
   Direction: NEUTRAL
   Delta Per Volume: 0.00%
   Institutional Ratio: 0.0%
   Aggression Score: 0.0%

📊 VOLUME PROFILE (Support/Resistance Strength):
   Point of Control (POC): $0.000000
   Value Area High: $0.000000
   Value Area Low: $0.000000
   Current Position: ABOVE_VALUE_AREA
   ⚠️ DISTRIBUTION RISK: Price above value area - potential rejection zone

⚡ MOMENTUM CASCADE (Multi-Timeframe Alignment):
   Cascade Detected: NO
   Alignment Score: 0.1%
   Cascade Strength: 0.0%
   Accelerating: None
   Diverging: None

💥 BREAKOUT CONFIRMATION:
   Quality: NO_BREAKOUT
   Volume Confirmation: NO
   Retest Strength: 0.0%
   False Breakout Risk: 0.0%
   No breakout detected - price below resistance


levels:
Entry=0.025449, StopLoss=0.024812775, TakeProfit=0.025665316499999997, 0.025881632999999998, 0.0260546862

---

=== Token: STRK (STRK) ===
Contract: STRK-USD
Timestamp: 2025-04-16T13:25:00.000Z

Calculations:
{
  "momentumScore": 55.19979976561352,
  "volumeScore": 4.815540823913782,
  "patternScore": 35,
  "totalScore": 22.437772950750844,
  "finalScore": 22.437772950750844,
  "weights": "0.23,0.45,0.23",
  "hourlyUptrend": false,
  "rsi": 0,
  "ultraShortVolumeSurge": 2.862613123788485,
  "baseVolumeSurge": 0.008775458347081733,
  "currentPrice": 0.12,
  "resistance": 0.124,
  "support": 0.119,
  "rocMin5": 0,
  "shortROC": 0,
  "priceAcceleration": 0,
  "buySellRatio": 0.22677908573405958,
  "macdHistogram": 0.000029656228665048568,
  "stochasticK": 16.666666666666664,
  "atr": 0.0005714285714285719,
  "bbUpper": 0.1255240998703627,
  "bbLower": 0.11927590012963736,
  "hammerDetected": false,
  "engulfingDetected": false,
  "compressionSpring": {
    "detected": false,
    "confidence": 0,
    "signals": {
      "sidewaysPrice": true,
      "atrCompression": true,
      "bbSqueeze": false,
      "consolidationTime": true,
      "strongBuying": false,
      "obvPositive": false,
      "chaikinPositive": false,
      "rsiNeutral": false,
      "volumeBuilding": false
    },
    "metrics": {
      "priceRange": 5.04,
      "atrRatio": 0.533,
      "bbWidth": 5.1,
      "volumeRatio": 1.864,
      "signalCount": 3,
      "buySellRatio": 0.227
    }
  },
  "riskTier": "LOW",
  "atrPercent": 0.8928571428571437,
  "distanceToResistance": 3.3333333333333366,
  "slPercent": 2.5,
  "tpPercent": 2.833333333333336,
  "trailingActivation": 1.7000000000000017,
  "shortMomentumScore": 30,
  "overboughtScore": 0,
  "shortPatternScore": 0,
  "shootingStarDetected": false,
  "bearishEngulfingDetected": false,
  "eveningStarDetected": false,
  "bearishPatternsCount": 0,
  "shortTotalScore": 12,
  "chaikin": -0.036527221267094394,
  "obvIncreasing": false,
  "obvTrend": "declining",
  "adx": 0,
  "recentCandles": {
    "redCount": 1,
    "greenCount": 9
  },
  "resistanceDistance": 3.3333333333333366,
  "multiplePatterns": false,
  "bullishPattern": false,
  "priceAboveVWAP": false,
  "breakingResistance": false,
  "atrSufficient": false,
  "macdDivergenceBearish": false,
  "rvolMin1": -0.4341523703691268,
  "rvolMin5": -0.38432684716127047,
  "atrPercentileOld": 0.0975609756097561,
  "vwapDeviation": -2.6619086524450792,
  "bbWidthPercent": 5.104738350265798,
  "bbSqueeze": false,
  "multiTFMomentum": {
    "min1": {
      "roc1": 0,
      "roc3": 0
    },
    "min5": {
      "roc1": 0,
      "roc3": 0
    },
    "min15": {
      "roc1": 0,
      "roc3": 0
    },
    "hourly": {
      "roc1": 0,
      "roc3": -0.024390243902439046
    },
    "fourHour": {
      "roc1": -0.016393442622950834,
      "roc3": -0.05511811023622052
    },
    "divergenceShortUpLongDown": false
  },
  "returnZMin5": 0.06366135233457115,
  "wickClosePct": 0,
  "wickUpper": 0,
  "wickLower": 0,
  "wickRatio": 0,
  "donchianBreakout15": false,
  "bbWidthPercentile15": 0.8181818181818182,
  "signedMin5": 194796.08,
  "signedMin5Z": 44.69206284916419,
  "signedMin1": 115462.97999999998,
  "signedMin1Z": 37.790948291026396,
  "streakMin1": {
    "upStreak": 0,
    "downStreak": 0
  },
  "streakMin5": {
    "upStreak": 0,
    "downStreak": 0
  },
  "rvolPercentileMin1": 0.02361111111111111,
  "rvolPercentileMin5": 0.10069444444444445,
  "perTfMetrics": {
    "min1": {
      "sma20": 0.12080000000000005,
      "sma50": 0.12212000000000005,
      "ema20": 0.12076992586023574,
      "ema50": 0.1218530150200836,
      "vwma20": 0.12043119419845022,
      "hma21": 0.1194588744588744,
      "atr14": 0.00035714285714285747,
      "atrPercentile": 0.08056394763343404,
      "rvolZ": -0.4341523703691268,
      "rvolPercentile": 0.02361111111111111,
      "mfi14": 22.21877731831789,
      "ppo": {
        "ppo": -0.5518650218848044,
        "signal": -0.5409847517357225,
        "histogram": -0.010880270149081883
      },
      "stochRsi": {
        "k": 25.00000000000001,
        "d": 30
      },
      "vprofile": {
        "vpBins": [
          0,
          0,
          0.08761169977327127,
          0,
          0.015383624874227134,
          0,
          0.056289396926602356,
          0,
          0.0645613293760435,
          0,
          0,
          0.16406613596925865,
          0,
          0.12440995455900643,
          0,
          0.2900967610239526,
          0,
          0.14068723481573545,
          0,
          0.05689386268190269
        ],
        "currentBinShare": 0.08761169977327127
      },
      "ttm": {
        "squeeze": false,
        "release": false,
        "widthPct": 2.690078941932442
      }
    },
    "min5": {
      "sma20": 0.12130000000000003,
      "sma50": 0.12266000000000002,
      "ema20": 0.12109957316579817,
      "ema50": 0.1224510818112554,
      "vwma20": 0.12094095254752504,
      "hma21": 0.11948051948051948,
      "atr14": 0.0005714285714285719,
      "atrPercentile": 0.0948905109489051,
      "rvolZ": -0.38432684716127047,
      "rvolPercentile": 0.10069444444444445,
      "mfi14": 4.46108552131345,
      "ppo": {
        "ppo": -0.7226199800564304,
        "signal": -0.6490346489752276,
        "histogram": -0.0735853310812028
      },
      "stochRsi": {
        "k": 0,
        "d": 0
      },
      "vprofile": {
        "vpBins": [
          0,
          0,
          0.046009909891074834,
          0,
          0.06106274256864784,
          0,
          0.2863649285091759,
          0,
          0.05866479939579976,
          0,
          0,
          0.058689128420742566,
          0,
          0.1606648657571418,
          0,
          0.178990498366398,
          0,
          0.09306888026468813,
          0,
          0.05648424682633123
        ],
        "currentBinShare": 0.046009909891074834
      },
      "ttm": {
        "squeeze": false,
        "release": false,
        "widthPct": 3.7742862793931
      }
    },
    "min15": {
      "sma20": 0.12240000000000002,
      "sma50": 0.12437999999999999,
      "ema20": 0.122114003496809,
      "ema50": 0.12330601879483051,
      "vwma20": 0.12209227986580633,
      "hma21": 0.12061471861471865,
      "atr14": 0.0010714285714285723,
      "atrPercentile": 0.0975609756097561,
      "rvolZ": 0.8045258031820177,
      "rvolPercentile": 0.9270833333333334,
      "mfi14": 15.188431451307864,
      "ppo": {
        "ppo": -0.9835500504671428,
        "signal": -0.7787351667948617,
        "histogram": -0.20481488367228118
      },
      "stochRsi": {
        "k": 45.000000000000014,
        "d": 33.61111111111111
      },
      "vprofile": {
        "vpBins": [
          0.06685023702380605,
          0,
          0,
          0.0415060059532587,
          0,
          0.06384691161965428,
          0,
          0.06971637767397065,
          0,
          0.0628911819713081,
          0.26147595394025624,
          0,
          0.10058199360920035,
          0,
          0.12169474695261275,
          0,
          0.10439559577746509,
          0,
          0.10304422545625833,
          0.003996770022209428
        ],
        "currentBinShare": 0.06384691161965428
      },
      "ttm": {
        "squeeze": false,
        "release": false,
        "widthPct": 5.104738350265798
      }
    },
    "hourly": {
      "sma20": 0.12389999999999998,
      "sma50": 0.12286000000000001,
      "ema20": 0.12317656155276761,
      "ema50": 0.12385438769324338,
      "vwma20": 0.12369821304456703,
      "hma21": 0.12387445887445889,
      "atr14": 0.002928571428571431,
      "atrPercentile": 0.8757763975155279,
      "rvolZ": 0.22940640550162883,
      "rvolPercentile": 0.75,
      "mfi14": 26.847635193004308,
      "ppo": {
        "ppo": -0.34472850855774506,
        "signal": 0.18094654210670405,
        "histogram": -0.5256750506644491
      },
      "stochRsi": {
        "k": 0,
        "d": 37.03703703703703
      },
      "vprofile": {
        "vpBins": [
          0,
          0.02038671642515554,
          0.049274993891160496,
          0.07677081786765896,
          0.0790001281024772,
          0.06945992821788859,
          0.0644761614975715,
          0.08704341238786491,
          0.044074335072318366,
          0.04584616047596801,
          0.12409160481596083,
          0.032732120445840174,
          0.022558235218133837,
          0.08702598688148967,
          0.03199266827396565,
          0.0660749318829597,
          0.06648144808599135,
          0.014226556211829361,
          0.018483794245765798,
          0
        ],
        "currentBinShare": 0.07677081786765896
      },
      "ttm": {
        "squeeze": false,
        "release": false,
        "widthPct": 7.4951972663398845
      }
    },
    "fourHour": {
      "sma20": 0.12464999999999997,
      "sma50": 0.12732,
      "ema20": 0.12456317756421485,
      "ema50": 0.12747821687699817,
      "vwma20": 0.12391869800870052,
      "hma21": 0.1198225108225108,
      "atr14": 0.004642857142857146,
      "atrPercentile": 0.4142857142857143,
      "rvolZ": -0.4646817673860787,
      "rvolPercentile": 0.38095238095238093,
      "mfi14": 57.224665938192075,
      "ppo": {
        "ppo": -1.4548613744240702,
        "signal": -1.4402997379363205,
        "histogram": -0.014561636487749663
      },
      "stochRsi": {
        "k": 23.06748466257666,
        "d": 45
      },
      "vprofile": {
        "vpBins": [
          0,
          0,
          0,
          0,
          0.03113172127005736,
          0.11003234075613164,
          0.12713785087756277,
          0.07154784294700095,
          0.11490813583511875,
          0.028777629377325267,
          0.13567719100675454,
          0.048672497901322914,
          0.09331992432832661,
          0.09380383777145357,
          0.03747628113803248,
          0.07734504200917391,
          0,
          0.010279949940931251,
          0.01988975484080817,
          0
        ],
        "currentBinShare": 0.11003234075613164
      },
      "ttm": {
        "squeeze": false,
        "release": false,
        "widthPct": 12.604205810504851
      }
    },
    "daily": {
      "sma20": 0.13489999999999996,
      "sma50": 0.16260000000000002,
      "ema20": 0.13653060202692693,
      "ema50": 0.16960520216513925,
      "vwma20": 0,
      "hma21": 0.11614718614718611,
      "atr14": 0.013142857142857147,
      "atrPercentile": 0.18421052631578946,
      "rvolZ": 0,
      "rvolPercentile": 1,
      "mfi14": 50,
      "ppo": {
        "ppo": -9.020317186377142,
        "signal": -9.037768461931396,
        "histogram": 0.01745127555425441
      },
      "stochRsi": {
        "k": 93.0034982508745,
        "d": 37.30279068503574
      },
      "vprofile": {
        "vpBins": [
          0,
          0,
          0,
          0,
          0,
          0,
          0,
          0,
          0,
          0,
          0,
          0,
          0,
          0,
          0,
          0,
          0,
          0,
          0,
          0
        ],
        "currentBinShare": 0
      },
      "ttm": {
        "squeeze": false,
        "release": false,
        "widthPct": 33.754663789185884
      }
    }
  },
  "smaMin5": 0.12130000000000003,
  "emaMin5": 0.12109957316579817,
  "vwmaMin5": 0.12094095254752504,
  "hmaMin5": 0.11948051948051948,
  "keltner15": {
    "upper": 0.123764003496809,
    "middle": 0.122114003496809,
    "lower": 0.120464003496809
  },
  "superTrend15": {
    "isBull": true,
    "finalUpper": 0.12279999999999999,
    "finalLower": 0.1162
  },
  "mfi15": 15.188431451307864,
  "stochRsi15": {
    "k": 45.000000000000014,
    "d": 33.61111111111111
  },
  "ppo15": {
    "ppo": -0.9835500504671428,
    "signal": -0.7787351667948617,
    "histogram": -0.20481488367228118
  },
  "vpMin15": {
    "vpBins": [
      0.06685023702380605,
      0,
      0,
      0.0415060059532587,
      0,
      0.06384691161965428,
      0,
      0.06971637767397065,
      0,
      0.0628911819713081,
      0.26147595394025624,
      0,
      0.10058199360920035,
      0,
      0.12169474695261275,
      0,
      0.10439559577746509,
      0,
      0.10304422545625833,
      0.003996770022209428
    ],
    "currentBinShare": 0.06384691161965428
  },
  "ttm15": {
    "squeeze": false,
    "release": false,
    "widthPct": 5.104738350265798
  },
  "marketCorrelation": {
    "hourly": {
      "btcCorrelation": 0,
      "ethCorrelation": 0,
      "btcBeta": 1,
      "ethBeta": 1,
      "btcTrend": "UNKNOWN",
      "ethTrend": "UNKNOWN",
      "tokenVol": 0,
      "btcVol": 0,
      "ethVol": 0,
      "marketDependence": 0,
      "verdict": "INSUFFICIENT_DATA"
    },
    "min15": {
      "btcCorrelation": 0,
      "ethCorrelation": 0,
      "btcBeta": 1,
      "ethBeta": 1,
      "btcTrend": "UNKNOWN",
      "ethTrend": "UNKNOWN",
      "tokenVol": 0,
      "btcVol": 0,
      "ethVol": 0,
      "marketDependence": 0,
      "verdict": "INSUFFICIENT_DATA"
    },
    "daily": {
      "btcCorrelation": 0,
      "ethCorrelation": 0,
      "btcBeta": 1,
      "ethBeta": 1,
      "btcTrend": "UNKNOWN",
      "ethTrend": "UNKNOWN",
      "tokenVol": 0,
      "btcVol": 0,
      "ethVol": 0,
      "marketDependence": 0,
      "verdict": "INSUFFICIENT_DATA"
    }
  },
  "tradeTape": {
    "totalTrades": 0,
    "totalVolume": 0,
    "buysVolume": 0,
    "sellsVolume": 0,
    "buySellRatio": 0.5,
    "vwap": 0,
    "signedVolume": 0,
    "avgTradeSize": 0,
    "tradesPerSec": 0,
    "cumulativeDelta": 0,
    "tradesLast1m": 0,
    "tradesLast5m": 0,
    "tradesLast15m": 0,
    "tradesLast1h": 0,
    "buyVWAP": 0,
    "sellVWAP": 0,
    "aggressorVWAP": 0,
    "bucketDurationMs": 60000,
    "bucketCount": 15,
    "bucketSignedVolumes": [],
    "bucketVolumes": [],
    "bucketVWAPs": [],
    "latestBucketSignedZ": 0
  },
  "enhancedMetrics": {
    "relativeVolumeZScore": -1,
    "volumePercentile": 40,
    "atrPercentile": 7.2992700729927,
    "volatilityPercentile": 42.405063291139236,
    "relativeVolatilityRatio": 1.0365209077669921,
    "isHighVolume": false,
    "isHighVolatility": false,
    "isLowVolatility": false,
    "isExpandingVolatility": false,
    "isContractingVolatility": false
  },
  "orderBook": {
    "bidAskSpread": 0,
    "spreadPct": 0,
    "midPrice": 0,
    "bestBid": 0,
    "bestAsk": 0,
    "bidDepth": 0,
    "askDepth": 0,
    "orderBookImbalance": 0,
    "liquidityScore": 0,
    "depthAt1Pct": {
      "bidVolume": 0,
      "askVolume": 0,
      "imbalance": 0
    },
    "depthAt2Pct": {
      "bidVolume": 0,
      "askVolume": 0,
      "imbalance": 0
    },
    "depthAt5Pct": {
      "bidVolume": 0,
      "askVolume": 0,
      "imbalance": 0
    },
    "weightedMidPrice": 0,
    "volumeWeightedSpread": 0,
    "totalBidLevels": 0,
    "totalAskLevels": 0
  },
  "marketCap": {
    "marketCap": 0,
    "totalVolume24h": 0,
    "volumeToMarketCapRatio": 0,
    "marketCapRank": 0,
    "normalizedRank": 0,
    "isHighLiquidity": false,
    "isVeryHighLiquidity": false,
    "isLowLiquidity": true,
    "liquidityTier": "VERY_LOW"
  },
  "sweeps": {
    "sweepScore": 0,
    "sweepCount": 0,
    "sweepDirection": "NEUTRAL",
    "buySweeps": 0,
    "sellSweeps": 0,
    "avgSweepSize": 0,
    "avgSweepIntensity": 0,
    "bidLiftRatio": 0,
    "askLiftRatio": 0,
    "sweepFrequency": 0,
    "largestSweep": null,
    "recentSweepClusters": 0,
    "sweepDetails": []
  },
  "absorption": {
    "absorptionScore": 0,
    "absorptionLevel": null,
    "absorptionSide": "NONE",
    "icebergProbability": 0,
    "hiddenLiquidityEstimate": 0,
    "volumeAtPrice": {},
    "topAbsorptionLevels": [],
    "persistenceDuration": 0,
    "refillDetected": false
  },
  "orderArrival": {
    "avgInterArrivalTime": 0,
    "recentInterArrivalTime": 0,
    "accelerationRatio": 1,
    "hawkesIntensity": 0,
    "hawkesDirection": "NEUTRAL",
    "clusteringScore": 0,
    "burstCount": 0,
    "cascadeDetected": false,
    "timeToNextTrade": 0,
    "accelerationTrend": "STABLE"
  },
  "liquidityVacuum": {
    "vacuumScore": 0,
    "vacuumSide": "NONE",
    "bidVacuumSeverity": 0,
    "askVacuumSeverity": 0,
    "depthConcentration": 0,
    "priceImpact10k": 0,
    "priceImpact50k": 0,
    "priceImpact100k": 0,
    "largestGapBid": 0,
    "largestGapAsk": 0,
    "avgGapBid": 0,
    "avgGapAsk": 0,
    "bidCliffDistance": 0,
    "askCliffDistance": 0
  },
  "volatilityRegime": {
    "regime": "LOW",
    "regimeScore": -1,
    "currentATR": 0.013308,
    "avgATR": 0.013444,
    "atrPercentile": 19.7,
    "realizedVolatility": 83.62,
    "volPercentile": 6.8,
    "expanding": false,
    "contracting": false,
    "transitionProbability": 0,
    "daysInRegime": 1,
    "regimeStrength": 0.67
  },
  "temporalPatterns": {
    "currentHour": 8,
    "currentDay": 0,
    "currentDayName": "Sunday",
    "dayBias": "NEUTRAL",
    "hourlyProfile": [
      {
        "avgVolume": 56455.56,
        "avgATR": 0.001929,
        "avgReturn": -0.335
      },
      {
        "avgVolume": 59944.39,
        "avgATR": 0.002,
        "avgReturn": 0.257
      },
      {
        "avgVolume": 35792.01,
        "avgATR": 0.001714,
        "avgReturn": -0.062
      },
      {
        "avgVolume": 28030.98,
        "avgATR": 0.001929,
        "avgReturn": -0.441
      },
      {
        "avgVolume": 48589.61,
        "avgATR": 0.001846,
        "avgReturn": 0.255
      },
      {
        "avgVolume": 35763.59,
        "avgATR": 0.001571,
        "avgReturn": 0.119
      },
      {
        "avgVolume": 32398.77,
        "avgATR": 0.002071,
        "avgReturn": -0.696
      },
      {
        "avgVolume": 31749.6,
        "avgATR": 0.001857,
        "avgReturn": 0.03
      },
      {
        "avgVolume": 48956.51,
        "avgATR": 0.001714,
        "avgReturn": 0.368
      },
      {
        "avgVolume": 29927.35,
        "avgATR": 0.001308,
        "avgReturn": -0.221
      },
      {
        "avgVolume": 43924.36,
        "avgATR": 0.002214,
        "avgReturn": -0.348
      },
      {
        "avgVolume": 58760.85,
        "avgATR": 0.002071,
        "avgReturn": -0.109
      },
      {
        "avgVolume": 51556.41,
        "avgATR": 0.002357,
        "avgReturn": -0.148
      },
      {
        "avgVolume": 71187.45,
        "avgATR": 0.003133,
        "avgReturn": 0.176
      },
      {
        "avgVolume": 83664.25,
        "avgATR": 0.002786,
        "avgReturn": 0.282
      },
      {
        "avgVolume": 40346.63,
        "avgATR": 0.002571,
        "avgReturn": 0.057
      },
      {
        "avgVolume": 27022.97,
        "avgATR": 0.001857,
        "avgReturn": -0.457
      },
      {
        "avgVolume": 53441.99,
        "avgATR": 0.003214,
        "avgReturn": 0.704
      },
      {
        "avgVolume": 52666.45,
        "avgATR": 0.002143,
        "avgReturn": 0.01
      },
      {
        "avgVolume": 37777.21,
        "avgATR": 0.001786,
        "avgReturn": -0.448
      },
      {
        "avgVolume": 60721.71,
        "avgATR": 0.002429,
        "avgReturn": 0.33
      },
      {
        "avgVolume": 43693.69,
        "avgATR": 0.002286,
        "avgReturn": 0.176
      },
      {
        "avgVolume": 53144.85,
        "avgATR": 0.002143,
        "avgReturn": -0.516
      },
      {
        "avgVolume": 37249.17,
        "avgATR": 0.001643,
        "avgReturn": -0.007
      }
    ],
    "dailyProfile": [
      {
        "avgVolume": 39197,
        "avgATR": 0.001979,
        "avgReturn": -0.408
      },
      {
        "avgVolume": 50268.23,
        "avgATR": 0.002708,
        "avgReturn": 0.018
      },
      {
        "avgVolume": 49951.49,
        "avgATR": 0.002063,
        "avgReturn": 0.007
      },
      {
        "avgVolume": 77785.91,
        "avgATR": 0.002694,
        "avgReturn": 0.098
      },
      {
        "avgVolume": 49895.33,
        "avgATR": 0.002229,
        "avgReturn": -0.1
      },
      {
        "avgVolume": 35434.58,
        "avgATR": 0.001937,
        "avgReturn": 0.099
      },
      {
        "avgVolume": 24175.04,
        "avgATR": 0.00113,
        "avgReturn": -0.012
      }
    ],
    "favorableHours": [
      14,
      13,
      20,
      1,
      11,
      0
    ],
    "favorableWindow": false,
    "currentVsAvgVolume": 0,
    "currentVsAvgVolatility": 0,
    "anomalyDetected": true,
    "timeUntilFavorable": 3,
    "temporalScore": 0
  },
  "unifiedMicrostructure": {
    "signalDirections": {
      "vpin": "NEUTRAL",
      "sweeps": "NEUTRAL",
      "absorption": "NEUTRAL",
      "arrival": "NEUTRAL",
      "vacuum": "NONE",
      "volRegime": "FAVORABLE",
      "temporal": "UNFAVORABLE"
    },
    "consensusDirection": "NEUTRAL",
    "consensusStrength": 50,
    "bullishSignals": 1,
    "bearishSignals": 1,
    "neutralSignals": 0,
    "totalAvailableSignals": 2,
    "dominantPattern": "NONE",
    "clusters": {
      "strongBuyCluster": false,
      "distributionPattern": false,
      "accumulationPattern": false,
      "momentumCascade": false
    },
    "adaptiveWeights": {
      "vpin": 0,
      "sweeps": 0,
      "absorption": 0,
      "arrival": 0,
      "vacuum": 0,
      "volRegime": 0.021,
      "temporal": 0.02
    },
    "convictionLevel": "LOW",
    "convictionScore": 30,
    "riskAdjustment": "REDUCE",
    "timingQuality": "UNFAVORABLE",
    "signalQuality": "LOW"
  },
  "deltaAnalysis": {
    "currentDelta": 0,
    "cumulativeDelta": 0,
    "deltaPerVolume": 0,
    "deltaDirection": "NEUTRAL",
    "deltaDivergence": false,
    "institutionalRatio": 0,
    "aggressionScore": 0
  },
  "volumeProfile": {
    "pointOfControl": 0,
    "valueAreaHigh": 0,
    "valueAreaLow": 0,
    "currentPosition": "ABOVE_VALUE_AREA",
    "volumeNodes": [],
    "airPockets": []
  },
  "momentumCascade": {
    "cascadeDetected": false,
    "alignmentScore": -0.010013806709398273,
    "cascadeStrength": 0,
    "acceleratingTimeframes": [],
    "divergingTimeframes": [
      "5m",
      "15m",
      "1h"
    ]
  },
  "breakoutConfirmation": {
    "breakoutConfirmed": false,
    "volumeConfirmation": false,
    "retestStrength": 0,
    "falseBreakoutRisk": 0,
    "breakoutQuality": "NO_BREAKOUT"
  },
  "liquidityHeatmap": {
    "liquidityScore": 0,
    "magnetDirection": "NONE",
    "magnetStrength": 0,
    "priceTarget5pct": null,
    "message": "No order book data"
  },
  "smartMoneyDivergence": {
    "divergenceDetected": false,
    "divergenceDirection": "NONE",
    "smartMoneyScore": 0.5,
    "message": "Insufficient trade data"
  },
  "microstructure": {
    "raw": -0.002417536727339928,
    "pct": 50,
    "summary": {
      "latestBucketSignedZ": 0,
      "buySellRatio": 0.5,
      "tradesPerSec": 0,
      "vwap": 0,
      "aggressorVWAP": 0,
      "vpinToxicity": "UNKNOWN",
      "sweepDirection": "NEUTRAL",
      "absorptionSide": "NONE",
      "icebergDetected": false,
      "hawkesDirection": "NEUTRAL",
      "cascadeDetected": false,
      "vacuumSide": "NONE",
      "volatilityRegime": "LOW",
      "volExpanding": false,
      "favorableTimeWindow": false,
      "temporalAnomaly": true,
      "consensusDirection": "NEUTRAL",
      "consensusStrength": 50,
      "dominantPattern": "NONE",
      "convictionLevel": "LOW",
      "riskAdjustment": "REDUCE",
      "timingQuality": "UNFAVORABLE",
      "deltaDirection": "NEUTRAL",
      "deltaDivergence": false,
      "institutionalRatio": 0,
      "volumeProfilePosition": "ABOVE_VALUE_AREA",
      "pointOfControl": 0,
      "momentumCascadeDetected": false,
      "cascadeStrength": 0,
      "breakoutQuality": "NO_BREAKOUT",
      "breakoutConfirmed": false,
      "magnetDirection": "NONE",
      "magnetStrength": 0,
      "priceTarget5pct": null,
      "nearestBidWall": 0,
      "nearestAskWall": 0,
      "divergenceDetected": false,
      "divergenceDirection": "NONE",
      "whaleAccumulation": false,
      "whaleDistribution": false,
      "retailPanic": false,
      "smartMoneyScore": 0.5
    }
  }
}

=== MICROSTRUCTURE ALERTS ===

🔬 VPIN: Insufficient data for VPIN analysis

🌊 SWEEP DETECTION: No significant sweeps detected

🧊 ABSORPTION & ICEBERG: No significant absorption or iceberg orders detected

⚡ ORDER ARRIVAL DYNAMICS: Insufficient trades for analysis

🌪️ LIQUIDITY VACUUM: No significant vacuum detected

📊 VOLATILITY REGIME DETECTION:
   Current Regime: LOW
   Regime Score: -1.00 (-1=low vol, +1=extreme vol)
   Days in Regime: 1
   ATR: $0.013308 (avg: $0.013444)
   ATR Percentile: 19.7%
   Realized Volatility: 83.62% (annualized)
   Vol Percentile: 6.8%

   🔵 LOW VOLATILITY REGIME:
   ✅ Ideal for breakout setups - price coiling
   ✅ Tight stops recommended
   ✅ Can increase position size (lower risk)

   ⚠️ NEW REGIME: Only 1 day(s) - conditions still settling

⏰ TEMPORAL PATTERN ANALYSIS:
   Current Time: Sunday 8:00 UTC
   Day Bias: NEUTRAL
   Current vs Avg Volume: 0x
   Current vs Avg Volatility: 0x

   ⏳ NON-FAVORABLE TIME WINDOW:
   This hour typically shows weaker activity
   Next favorable window in 3 hour(s)

   ⚠️ LOW ACTIVITY ANOMALY:
   Volume 0x below typical - Extremely quiet

   📉 LOW VOLATILITY ANOMALY:
   Volatility 0x below typical - Consolidation likely

   🔥 Best Trading Hours (UTC): 14:00, 13:00, 20:00

🎯 UNIFIED MICROSTRUCTURE INTEGRATION:
   Signal Consensus: NEUTRAL (50% agreement)
   Available Signals: 2 (1 bullish / 1 bearish / 0 neutral)
   Conviction Level: LOW (30%)
   Signal Quality: LOW
   Risk Adjustment: REDUCE
   Timing Quality: UNFAVORABLE

   ⚠️ LOW CONVICTION: Only 50% signal agreement
   Weak alignment - Reduce position size or wait for clarity

   ⚠️ RISK REDUCTION RECOMMENDED: Extreme volatility or unfavorable timing detected

   ⏰ UNFAVORABLE TIMING: Avoid trading during this hour

   Signal Directions Breakdown:
   • VPIN: NEUTRAL
   • Sweeps: NEUTRAL
   • Absorption: NEUTRAL
   • Arrival Dynamics: NEUTRAL
   • Liquidity Vacuum: NONE
   • Vol Regime: FAVORABLE
   • Temporal: UNFAVORABLE

   Adaptive Weights (Total: 4.1%):
   • VPIN: 0.0%
   • Sweeps: 0.0%
   • Absorption: 0.0%
   • Arrival: 0.0%
   • Vacuum: 0.0%
   • Vol Regime: 2.1%
   • Temporal: 2.0%


💹 DELTA ANALYSIS (Order Flow Aggression):
   Direction: NEUTRAL
   Delta Per Volume: 0.00%
   Institutional Ratio: 0.0%
   Aggression Score: 0.0%

📊 VOLUME PROFILE (Support/Resistance Strength):
   Point of Control (POC): $0.000000
   Value Area High: $0.000000
   Value Area Low: $0.000000
   Current Position: ABOVE_VALUE_AREA
   ⚠️ DISTRIBUTION RISK: Price above value area - potential rejection zone

⚡ MOMENTUM CASCADE (Multi-Timeframe Alignment):
   Cascade Detected: NO
   Alignment Score: -1.0%
   Cascade Strength: 0.0%
   Accelerating: None
   Diverging: 5m, 15m, 1h

💥 BREAKOUT CONFIRMATION:
   Quality: NO_BREAKOUT
   Volume Confirmation: NO
   Retest Strength: 0.0%
   False Breakout Risk: 0.0%
   No breakout detected - price below resistance


levels:
Entry=0.11975999999999999, StopLoss=0.116766, TakeProfit=0.12145659999999998, 0.12315319999999999, 0.12451048

---

=== Token: NEON (NEON) ===
Contract: NEON-USD
Timestamp: 2025-04-16T13:25:00.000Z

Calculations:
{
  "momentumScore": 25.151802063445963,
  "volumeScore": 0.8473905988401489,
  "patternScore": 20,
  "totalScore": 10.041225020134265,
  "finalScore": 36,
  "weights": "0.23,0.45,0.23",
  "hourlyUptrend": false,
  "rsi": 26.272727272727323,
  "ultraShortVolumeSurge": 1.989910342756639,
  "baseVolumeSurge": 0.013410860066632804,
  "currentPrice": 0.10734,
  "resistance": 0.11219,
  "support": 0.10734,
  "rocMin5": -0.03419111031131904,
  "shortROC": -0.011420151040707231,
  "priceAcceleration": -0.008607764450852774,
  "buySellRatio": 0.10392303043624328,
  "macdHistogram": -0.0005326508394675107,
  "stochasticK": 0,
  "atr": 0.0009371428571428546,
  "bbUpper": 0.11644925614830859,
  "bbLower": 0.10848974385169141,
  "hammerDetected": false,
  "engulfingDetected": false,
  "compressionSpring": {
    "detected": false,
    "confidence": 0,
    "signals": {
      "sidewaysPrice": true,
      "atrCompression": false,
      "bbSqueeze": false,
      "consolidationTime": true,
      "strongBuying": false,
      "obvPositive": false,
      "chaikinPositive": false,
      "rsiNeutral": false,
      "volumeBuilding": true
    },
    "metrics": {
      "priceRange": 5.68,
      "atrRatio": 1.545,
      "bbWidth": 7.08,
      "volumeRatio": 1.228,
      "signalCount": 3,
      "buySellRatio": 0.104
    }
  },
  "riskTier": "MEDIUM",
  "atrPercent": 1.0434134525805832,
  "distanceToResistance": 4.5183528973355624,
  "slPercent": 3,
  "tpPercent": 1.4,
  "trailingActivation": 0.84,
  "shortMomentumScore": 90,
  "overboughtScore": 0,
  "shortPatternScore": 0,
  "shootingStarDetected": false,
  "bearishEngulfingDetected": false,
  "eveningStarDetected": false,
  "bearishPatternsCount": 0,
  "shortTotalScore": 36,
  "chaikin": -0.3082325663618737,
  "obvIncreasing": false,
  "obvTrend": "declining",
  "adx": 93.40400471142549,
  "recentCandles": {
    "redCount": 8,
    "greenCount": 2
  },
  "resistanceDistance": 4.5183528973355624,
  "multiplePatterns": false,
  "bullishPattern": false,
  "priceAboveVWAP": false,
  "breakingResistance": false,
  "atrSufficient": true,
  "macdDivergenceBearish": false,
  "rvolMin1": -0.12512617252945177,
  "rvolMin5": -0.15712628770587223,
  "atrPercentileOld": 0.9512195121951219,
  "vwapDeviation": -6.989612980823622,
  "bbWidthPercent": 7.077040705806621,
  "bbSqueeze": false,
  "multiTFMomentum": {
    "min1": {
      "roc1": -0.002373778873367994,
      "roc3": -0.011131221719456968
    },
    "min5": {
      "roc1": -0.011420151040707231,
      "roc3": -0.02859728506787327
    },
    "min15": {
      "roc1": -0.033843384338433834,
      "roc3": -0.03419111031131904
    },
    "hourly": {
      "roc1": -0.02597285067873301,
      "roc3": -0.03227836720014382
    },
    "fourHour": {
      "roc1": -0.03123312331233124,
      "roc3": -0.04878479893946087
    },
    "divergenceShortUpLongDown": false
  },
  "returnZMin5": -1.5355502393954228,
  "wickClosePct": 0,
  "wickUpper": 0.000009999999999996123,
  "wickLower": 0,
  "wickRatio": 0.00813008130080989,
  "donchianBreakout15": false,
  "bbWidthPercentile15": 0.7662337662337663,
  "signedMin5": -32157.17,
  "signedMin5Z": -4.4103702574019605,
  "signedMin1": -28042.919999999995,
  "signedMin1Z": -7.154773574817022,
  "streakMin1": {
    "upStreak": 0,
    "downStreak": 5
  },
  "streakMin5": {
    "upStreak": 0,
    "downStreak": 7
  },
  "rvolPercentileMin1": 0.7166666666666667,
  "rvolPercentileMin5": 0.7222222222222222,
  "perTfMetrics": {
    "min1": {
      "sma20": 0.11148499999999999,
      "sma50": 0.11296720000000007,
      "ema20": 0.11146650274901089,
      "ema50": 0.11269294301338252,
      "vwma20": 0.11053045251526543,
      "hma21": 0.11027086580086579,
      "atr14": 0.0007657142857142843,
      "atrPercentile": 0.8590130916414904,
      "rvolZ": -0.12512617252945177,
      "rvolPercentile": 0.7166666666666667,
      "mfi14": 22.561890143768068,
      "ppo": {
        "ppo": -0.8198529999102132,
        "signal": -0.6711000405438435,
        "histogram": -0.14875295936636967
      },
      "stochRsi": {
        "k": 66.94149459614425,
        "d": 39.148369747193414
      },
      "vprofile": {
        "vpBins": [
          0,
          0.016555828360680792,
          0.0018228342458927328,
          0.030359265323363405,
          0.017406022885215287,
          0.04574434574950135,
          0.0054763111336884,
          0.02906706102817276,
          0.045904059840819196,
          0.07640897391334235,
          0.07588570908726125,
          0.05822190684031175,
          0.0876093678383966,
          0.0729873620599108,
          0.22484325753187992,
          0.031842979907599045,
          0.17459859900326682,
          0.0052661152506975895,
          0,
          0
        ],
        "currentBinShare": 0.016555828360680792
      },
      "ttm": {
        "squeeze": false,
        "release": true,
        "widthPct": 3.624063433206495
      }
    },
    "min5": {
      "sma20": 0.1117795,
      "sma50": 0.11313280000000005,
      "ema20": 0.11135521171204243,
      "ema50": 0.1128488914824289,
      "vwma20": 0.11099137727807967,
      "hma21": 0.10948406926406928,
      "atr14": 0.0009371428571428546,
      "atrPercentile": 0.8941605839416058,
      "rvolZ": -0.15712628770587223,
      "rvolPercentile": 0.7222222222222222,
      "mfi14": 16.80449022528275,
      "ppo": {
        "ppo": -1.0990755127773113,
        "signal": -0.7686208036719766,
        "histogram": -0.3304547091053347
      },
      "stochRsi": {
        "k": 33.86693357033749,
        "d": 28.305647647298354
      },
      "vprofile": {
        "vpBins": [
          0.002906477490504565,
          0.008823462377168679,
          0,
          0,
          0.01742175323111699,
          0.001873280733618537,
          0.010744473426915762,
          0.020109445901121535,
          0.004041637866871346,
          0.07923338922383992,
          0.009834314619495278,
          0.09624693017856217,
          0.14419615635707342,
          0.1650849946691606,
          0.1247938186306666,
          0.1788462995802237,
          0.09789798228139032,
          0.03794558343227057,
          0,
          0
        ],
        "currentBinShare": 0.002906477490504565
      },
      "ttm": {
        "squeeze": false,
        "release": true,
        "widthPct": 6.437976265488059
      }
    },
    "min15": {
      "sma20": 0.1124695,
      "sma50": 0.11390880000000005,
      "ema20": 0.11178988656569838,
      "ema50": 0.11328838832374584,
      "vwma20": 0.11252126944444414,
      "hma21": 0.10945575757575758,
      "atr14": 0.001119999999999998,
      "atrPercentile": 0.9512195121951219,
      "rvolZ": 0.42264942666443905,
      "rvolPercentile": 0.8958333333333334,
      "mfi14": 11.742528420510425,
      "ppo": {
        "ppo": -1.0370677269979818,
        "signal": -0.7334936723580859,
        "histogram": -0.30357405463989584
      },
      "stochRsi": {
        "k": 0,
        "d": 27.20764495819566
      },
      "vprofile": {
        "vpBins": [
          0.021383721722434645,
          0,
          0,
          0,
          0.026464399268298945,
          0.010558374240584896,
          0.018237621773927935,
          0.004961899565814628,
          0.05325320396426237,
          0.09662613137085933,
          0.060667288299693874,
          0.004065993332713461,
          0.0732102527769571,
          0.1165888875274609,
          0.03729260042210212,
          0.2881651310052306,
          0.02905356029167984,
          0.1594709344379794,
          0,
          0
        ],
        "currentBinShare": 0.021383721722434645
      },
      "ttm": {
        "squeeze": false,
        "release": true,
        "widthPct": 7.077040705806621
      }
    },
    "hourly": {
      "sma20": 0.11332899999999999,
      "sma50": 0.115073,
      "ema20": 0.11270983730392577,
      "ema50": 0.11432183150614604,
      "vwma20": 0.11330113113660345,
      "hma21": 0.11083748917748919,
      "atr14": 0.0013842857142857148,
      "atrPercentile": 0.43788819875776397,
      "rvolZ": -0.22438068327848865,
      "rvolPercentile": 0.5952380952380952,
      "mfi14": 39.68549368436322,
      "ppo": {
        "ppo": -1.28763376130045,
        "signal": -0.8721084539089189,
        "histogram": -0.41552530739153115
      },
      "stochRsi": {
        "k": 3.5669771006014726,
        "d": 29.515616273421085
      },
      "vprofile": {
        "vpBins": [
          0.0522049291810472,
          0.0371298697644778,
          0.014652684891360542,
          0.06309504709414507,
          0.016992416646976132,
          0.03938024834816683,
          0.04938711240277891,
          0.10353137015373635,
          0.20210069572924294,
          0.09518985961011582,
          0.018172643424605228,
          0.05648247740517174,
          0.0026280480524061194,
          0.10287690862547749,
          0.012346304778158812,
          0.0862252826226656,
          0.04760410126946733,
          0,
          0,
          0
        ],
        "currentBinShare": 0.03938024834816683
      },
      "ttm": {
        "squeeze": false,
        "release": true,
        "widthPct": 7.878695421331955
      }
    },
    "fourHour": {
      "sma20": 0.115586,
      "sma50": 0.1112466,
      "ema20": 0.11441507443024342,
      "ema50": 0.11350793119604603,
      "vwma20": 0.11938971866009045,
      "hma21": 0.1133298701298701,
      "atr14": 0.003635714285714284,
      "atrPercentile": 0.5428571428571428,
      "rvolZ": -0.4926069260470363,
      "rvolPercentile": 0.32142857142857145,
      "mfi14": 65.62639992356765,
      "ppo": {
        "ppo": -0.41941721488774186,
        "signal": 0.618497727728619,
        "histogram": -1.0379149426163607
      },
      "stochRsi": {
        "k": 52.49607611914582,
        "d": 45.67008748767622
      },
      "vprofile": {
        "vpBins": [
          0.01672239831428115,
          0.011953416773845973,
          0.040637471182623834,
          0.0421996344507374,
          0.044056339819474405,
          0.022174023084718233,
          0.0700796718711683,
          0.1261849485777456,
          0.0697508155453822,
          0.19192216311966231,
          0.11384960519531509,
          0.05674319096119714,
          0.011161818834951487,
          0,
          0.05790779166668317,
          0.08726155600070917,
          0.03739515460150467,
          0,
          0,
          0
        ],
        "currentBinShare": 0.0700796718711683
      },
      "ttm": {
        "squeeze": false,
        "release": false,
        "widthPct": 14.625205474811267
      }
    },
    "daily": {
      "sma20": 0.115784,
      "sma50": 0.132609,
      "ema20": 0.11816339320159303,
      "ema50": 0.1401885532256975,
      "vwma20": 0,
      "hma21": 0.10151519480519482,
      "atr14": 0.01243357142857143,
      "atrPercentile": 0.34210526315789475,
      "rvolZ": 0,
      "rvolPercentile": 1,
      "mfi14": 50,
      "ppo": {
        "ppo": -6.368921801011386,
        "signal": -7.5028642987128285,
        "histogram": 1.133942497701442
      },
      "stochRsi": {
        "k": 89.84606996068838,
        "d": 44.43499327391455
      },
      "vprofile": {
        "vpBins": [
          0,
          0,
          0,
          0,
          0,
          0,
          0,
          0,
          0,
          0,
          0,
          0,
          0,
          0,
          0,
          0,
          0,
          0,
          0,
          0
        ],
        "currentBinShare": 0
      },
      "ttm": {
        "squeeze": false,
        "release": false,
        "widthPct": 36.44706518379592
      }
    }
  },
  "smaMin5": 0.1117795,
  "emaMin5": 0.11135521171204243,
  "vwmaMin5": 0.11099137727807967,
  "hmaMin5": 0.10948406926406928,
  "keltner15": {
    "upper": 0.11348938656569837,
    "middle": 0.11178988656569838,
    "lower": 0.11009038656569839
  },
  "superTrend15": {
    "isBull": false,
    "finalUpper": 0.11211900000000001,
    "finalLower": 0.10532100000000001
  },
  "mfi15": 11.742528420510425,
  "stochRsi15": {
    "k": 0,
    "d": 27.20764495819566
  },
  "ppo15": {
    "ppo": -1.0370677269979818,
    "signal": -0.7334936723580859,
    "histogram": -0.30357405463989584
  },
  "vpMin15": {
    "vpBins": [
      0.021383721722434645,
      0,
      0,
      0,
      0.026464399268298945,
      0.010558374240584896,
      0.018237621773927935,
      0.004961899565814628,
      0.05325320396426237,
      0.09662613137085933,
      0.060667288299693874,
      0.004065993332713461,
      0.0732102527769571,
      0.1165888875274609,
      0.03729260042210212,
      0.2881651310052306,
      0.02905356029167984,
      0.1594709344379794,
      0,
      0
    ],
    "currentBinShare": 0.021383721722434645
  },
  "ttm15": {
    "squeeze": false,
    "release": true,
    "widthPct": 7.077040705806621
  },
  "marketCorrelation": {
    "hourly": {
      "btcCorrelation": 0,
      "ethCorrelation": 0,
      "btcBeta": 1,
      "ethBeta": 1,
      "btcTrend": "UNKNOWN",
      "ethTrend": "UNKNOWN",
      "tokenVol": 0,
      "btcVol": 0,
      "ethVol": 0,
      "marketDependence": 0,
      "verdict": "INSUFFICIENT_DATA"
    },
    "min15": {
      "btcCorrelation": 0,
      "ethCorrelation": 0,
      "btcBeta": 1,
      "ethBeta": 1,
      "btcTrend": "UNKNOWN",
      "ethTrend": "UNKNOWN",
      "tokenVol": 0,
      "btcVol": 0,
      "ethVol": 0,
      "marketDependence": 0,
      "verdict": "INSUFFICIENT_DATA"
    },
    "daily": {
      "btcCorrelation": 0,
      "ethCorrelation": 0,
      "btcBeta": 1,
      "ethBeta": 1,
      "btcTrend": "UNKNOWN",
      "ethTrend": "UNKNOWN",
      "tokenVol": 0,
      "btcVol": 0,
      "ethVol": 0,
      "marketDependence": 0,
      "verdict": "INSUFFICIENT_DATA"
    }
  },
  "tradeTape": {
    "totalTrades": 0,
    "totalVolume": 0,
    "buysVolume": 0,
    "sellsVolume": 0,
    "buySellRatio": 0.5,
    "vwap": 0,
    "signedVolume": 0,
    "avgTradeSize": 0,
    "tradesPerSec": 0,
    "cumulativeDelta": 0,
    "tradesLast1m": 0,
    "tradesLast5m": 0,
    "tradesLast15m": 0,
    "tradesLast1h": 0,
    "buyVWAP": 0,
    "sellVWAP": 0,
    "aggressorVWAP": 0,
    "bucketDurationMs": 60000,
    "bucketCount": 15,
    "bucketSignedVolumes": [],
    "bucketVolumes": [],
    "bucketVWAPs": [],
    "latestBucketSignedZ": 0
  },
  "enhancedMetrics": {
    "relativeVolumeZScore": -1,
    "volumePercentile": 40,
    "atrPercentile": 87.95620437956204,
    "volatilityPercentile": 44.620253164556964,
    "relativeVolatilityRatio": 0.6809390580197132,
    "isHighVolume": false,
    "isHighVolatility": false,
    "isLowVolatility": false,
    "isExpandingVolatility": false,
    "isContractingVolatility": true
  },
  "orderBook": {
    "bidAskSpread": 0,
    "spreadPct": 0,
    "midPrice": 0,
    "bestBid": 0,
    "bestAsk": 0,
    "bidDepth": 0,
    "askDepth": 0,
    "orderBookImbalance": 0,
    "liquidityScore": 0,
    "depthAt1Pct": {
      "bidVolume": 0,
      "askVolume": 0,
      "imbalance": 0
    },
    "depthAt2Pct": {
      "bidVolume": 0,
      "askVolume": 0,
      "imbalance": 0
    },
    "depthAt5Pct": {
      "bidVolume": 0,
      "askVolume": 0,
      "imbalance": 0
    },
    "weightedMidPrice": 0,
    "volumeWeightedSpread": 0,
    "totalBidLevels": 0,
    "totalAskLevels": 0
  },
  "marketCap": {
    "marketCap": 0,
    "totalVolume24h": 0,
    "volumeToMarketCapRatio": 0,
    "marketCapRank": 0,
    "normalizedRank": 0,
    "isHighLiquidity": false,
    "isVeryHighLiquidity": false,
    "isLowLiquidity": true,
    "liquidityTier": "VERY_LOW"
  },
  "sweeps": {
    "sweepScore": 0,
    "sweepCount": 0,
    "sweepDirection": "NEUTRAL",
    "buySweeps": 0,
    "sellSweeps": 0,
    "avgSweepSize": 0,
    "avgSweepIntensity": 0,
    "bidLiftRatio": 0,
    "askLiftRatio": 0,
    "sweepFrequency": 0,
    "largestSweep": null,
    "recentSweepClusters": 0,
    "sweepDetails": []
  },
  "absorption": {
    "absorptionScore": 0,
    "absorptionLevel": null,
    "absorptionSide": "NONE",
    "icebergProbability": 0,
    "hiddenLiquidityEstimate": 0,
    "volumeAtPrice": {},
    "topAbsorptionLevels": [],
    "persistenceDuration": 0,
    "refillDetected": false
  },
  "orderArrival": {
    "avgInterArrivalTime": 0,
    "recentInterArrivalTime": 0,
    "accelerationRatio": 1,
    "hawkesIntensity": 0,
    "hawkesDirection": "NEUTRAL",
    "clusteringScore": 0,
    "burstCount": 0,
    "cascadeDetected": false,
    "timeToNextTrade": 0,
    "accelerationTrend": "STABLE"
  },
  "liquidityVacuum": {
    "vacuumScore": 0,
    "vacuumSide": "NONE",
    "bidVacuumSeverity": 0,
    "askVacuumSeverity": 0,
    "depthConcentration": 0,
    "priceImpact10k": 0,
    "priceImpact50k": 0,
    "priceImpact100k": 0,
    "largestGapBid": 0,
    "largestGapAsk": 0,
    "avgGapBid": 0,
    "avgGapAsk": 0,
    "bidCliffDistance": 0,
    "askCliffDistance": 0
  },
  "volatilityRegime": {
    "regime": "BELOW_NORMAL",
    "regimeScore": -0.5,
    "currentATR": 0.012685,
    "avgATR": 0.017376,
    "atrPercentile": 38.2,
    "realizedVolatility": 113.78,
    "volPercentile": 23.7,
    "expanding": false,
    "contracting": true,
    "transitionProbability": 0.4,
    "daysInRegime": 1,
    "regimeStrength": 0.91
  },
  "temporalPatterns": {
    "currentHour": 8,
    "currentDay": 0,
    "currentDayName": "Sunday",
    "dayBias": "NEUTRAL",
    "hourlyProfile": [
      {
        "avgVolume": 23423.8,
        "avgATR": 0.001246,
        "avgReturn": 0.318
      },
      {
        "avgVolume": 15271.73,
        "avgATR": 0.001139,
        "avgReturn": -0.074
      },
      {
        "avgVolume": 14534.02,
        "avgATR": 0.001129,
        "avgReturn": 0.312
      },
      {
        "avgVolume": 13745.42,
        "avgATR": 0.001109,
        "avgReturn": -0.361
      },
      {
        "avgVolume": 30941.4,
        "avgATR": 0.001804,
        "avgReturn": 0.716
      },
      {
        "avgVolume": 42836.51,
        "avgATR": 0.001632,
        "avgReturn": 0.319
      },
      {
        "avgVolume": 40625.22,
        "avgATR": 0.001796,
        "avgReturn": -0.695
      },
      {
        "avgVolume": 28305.16,
        "avgATR": 0.001499,
        "avgReturn": 0.048
      },
      {
        "avgVolume": 43582.95,
        "avgATR": 0.001546,
        "avgReturn": 0.25
      },
      {
        "avgVolume": 14270.6,
        "avgATR": 0.001348,
        "avgReturn": 0.237
      },
      {
        "avgVolume": 47821.45,
        "avgATR": 0.002139,
        "avgReturn": -0.364
      },
      {
        "avgVolume": 31241.97,
        "avgATR": 0.001785,
        "avgReturn": -1.031
      },
      {
        "avgVolume": 36910.4,
        "avgATR": 0.001362,
        "avgReturn": -0.447
      },
      {
        "avgVolume": 69319.52,
        "avgATR": 0.001951,
        "avgReturn": -0.52
      },
      {
        "avgVolume": 36892.07,
        "avgATR": 0.001801,
        "avgReturn": 0.153
      },
      {
        "avgVolume": 70439.67,
        "avgATR": 0.003309,
        "avgReturn": -0.264
      },
      {
        "avgVolume": 50867.9,
        "avgATR": 0.002073,
        "avgReturn": 0.38
      },
      {
        "avgVolume": 61319.78,
        "avgATR": 0.002492,
        "avgReturn": 0.59
      },
      {
        "avgVolume": 28502.47,
        "avgATR": 0.001767,
        "avgReturn": 0.325
      },
      {
        "avgVolume": 22891.44,
        "avgATR": 0.001595,
        "avgReturn": -0.157
      },
      {
        "avgVolume": 22951.78,
        "avgATR": 0.001767,
        "avgReturn": -0.137
      },
      {
        "avgVolume": 28731.5,
        "avgATR": 0.001689,
        "avgReturn": 0.062
      },
      {
        "avgVolume": 25183.14,
        "avgATR": 0.001585,
        "avgReturn": -0.252
      },
      {
        "avgVolume": 23924.6,
        "avgATR": 0.001303,
        "avgReturn": -0.025
      }
    ],
    "dailyProfile": [
      {
        "avgVolume": 66826.88,
        "avgATR": 0.002526,
        "avgReturn": -0.437
      },
      {
        "avgVolume": 32066.57,
        "avgATR": 0.002015,
        "avgReturn": 0.094
      },
      {
        "avgVolume": 20480.04,
        "avgATR": 0.001253,
        "avgReturn": -0.135
      },
      {
        "avgVolume": 29015.72,
        "avgATR": 0.001826,
        "avgReturn": 0.149
      },
      {
        "avgVolume": 54818.95,
        "avgATR": 0.001667,
        "avgReturn": -0.336
      },
      {
        "avgVolume": 26658.78,
        "avgATR": 0.001532,
        "avgReturn": 0.323
      },
      {
        "avgVolume": 11078.06,
        "avgATR": 0.001082,
        "avgReturn": 0.128
      }
    ],
    "favorableHours": [
      15,
      13,
      17,
      16,
      10,
      8
    ],
    "favorableWindow": true,
    "currentVsAvgVolume": 0,
    "currentVsAvgVolatility": 0,
    "anomalyDetected": true,
    "timeUntilFavorable": null,
    "temporalScore": 0.5
  },
  "unifiedMicrostructure": {
    "signalDirections": {
      "vpin": "NEUTRAL",
      "sweeps": "NEUTRAL",
      "absorption": "NEUTRAL",
      "arrival": "NEUTRAL",
      "vacuum": "NONE",
      "volRegime": "FAVORABLE",
      "temporal": "FAVORABLE"
    },
    "consensusDirection": "BULLISH",
    "consensusStrength": 100,
    "bullishSignals": 2,
    "bearishSignals": 0,
    "neutralSignals": 0,
    "totalAvailableSignals": 2,
    "dominantPattern": "NONE",
    "clusters": {
      "strongBuyCluster": false,
      "distributionPattern": false,
      "accumulationPattern": false,
      "momentumCascade": false
    },
    "adaptiveWeights": {
      "vpin": 0,
      "sweeps": 0,
      "absorption": 0,
      "arrival": 0,
      "vacuum": 0,
      "volRegime": 0.03,
      "temporal": 0.02
    },
    "convictionLevel": "HIGH",
    "convictionScore": 100,
    "riskAdjustment": "NORMAL",
    "timingQuality": "FAVORABLE",
    "signalQuality": "LOW"
  },
  "deltaAnalysis": {
    "currentDelta": 0,
    "cumulativeDelta": 0,
    "deltaPerVolume": 0,
    "deltaDirection": "NEUTRAL",
    "deltaDivergence": false,
    "institutionalRatio": 0,
    "aggressionScore": 0
  },
  "volumeProfile": {
    "pointOfControl": 0,
    "valueAreaHigh": 0,
    "valueAreaLow": 0,
    "currentPosition": "ABOVE_VALUE_AREA",
    "volumeNodes": [],
    "airPockets": []
  },
  "momentumCascade": {
    "cascadeDetected": false,
    "alignmentScore": -0.033493347882532776,
    "cascadeStrength": 0,
    "acceleratingTimeframes": [],
    "divergingTimeframes": [
      "1m",
      "5m",
      "15m",
      "1h"
    ]
  },
  "breakoutConfirmation": {
    "breakoutConfirmed": false,
    "volumeConfirmation": false,
    "retestStrength": 0,
    "falseBreakoutRisk": 0,
    "breakoutQuality": "NO_BREAKOUT"
  },
  "liquidityHeatmap": {
    "liquidityScore": 0,
    "magnetDirection": "NONE",
    "magnetStrength": 0,
    "priceTarget5pct": null,
    "message": "No order book data"
  },
  "smartMoneyDivergence": {
    "divergenceDetected": false,
    "divergenceDirection": "NONE",
    "smartMoneyScore": 0.5,
    "message": "Insufficient trade data"
  },
  "microstructure": {
    "raw": -0.04992562136191443,
    "pct": 49,
    "summary": {
      "latestBucketSignedZ": 0,
      "buySellRatio": 0.5,
      "tradesPerSec": 0,
      "vwap": 0,
      "aggressorVWAP": 0,
      "vpinToxicity": "UNKNOWN",
      "sweepDirection": "NEUTRAL",
      "absorptionSide": "NONE",
      "icebergDetected": false,
      "hawkesDirection": "NEUTRAL",
      "cascadeDetected": false,
      "vacuumSide": "NONE",
      "volatilityRegime": "BELOW_NORMAL",
      "volExpanding": false,
      "favorableTimeWindow": true,
      "temporalAnomaly": true,
      "consensusDirection": "BULLISH",
      "consensusStrength": 100,
      "dominantPattern": "NONE",
      "convictionLevel": "HIGH",
      "riskAdjustment": "NORMAL",
      "timingQuality": "FAVORABLE",
      "deltaDirection": "NEUTRAL",
      "deltaDivergence": false,
      "institutionalRatio": 0,
      "volumeProfilePosition": "ABOVE_VALUE_AREA",
      "pointOfControl": 0,
      "momentumCascadeDetected": false,
      "cascadeStrength": 0,
      "breakoutQuality": "NO_BREAKOUT",
      "breakoutConfirmed": false,
      "magnetDirection": "NONE",
      "magnetStrength": 0,
      "priceTarget5pct": null,
      "nearestBidWall": 0,
      "nearestAskWall": 0,
      "divergenceDetected": false,
      "divergenceDirection": "NONE",
      "whaleAccumulation": false,
      "whaleDistribution": false,
      "retailPanic": false,
      "smartMoneyScore": 0.5
    }
  }
}

=== MICROSTRUCTURE ALERTS ===

🔬 VPIN: Insufficient data for VPIN analysis

🌊 SWEEP DETECTION: No significant sweeps detected

🧊 ABSORPTION & ICEBERG: No significant absorption or iceberg orders detected

⚡ ORDER ARRIVAL DYNAMICS: Insufficient trades for analysis

🌪️ LIQUIDITY VACUUM: No significant vacuum detected

📊 VOLATILITY REGIME DETECTION:
   Current Regime: BELOW_NORMAL
   Regime Score: -0.50 (-1=low vol, +1=extreme vol)
   Days in Regime: 1
   ATR: $0.012685 (avg: $0.017376)
   ATR Percentile: 38.2%
   Realized Volatility: 113.78% (annualized)
   Vol Percentile: 23.7%

   🟢 BELOW NORMAL VOLATILITY:
   ⚡ Consolidation phase - watch for expansion
   ✅ Good entry zone for patient trades

   📉 VOLATILITY CONTRACTING:
   🔄 Consolidation phase - accumulation likely
   ⏳ Wait for expansion before entering

   📍 MODERATE REGIME TRANSITION PROBABILITY: 40%
   Monitor for potential regime change

   ⚠️ NEW REGIME: Only 1 day(s) - conditions still settling

⏰ TEMPORAL PATTERN ANALYSIS:
   Current Time: Sunday 8:00 UTC
   Day Bias: NEUTRAL
   Current vs Avg Volume: 0x
   Current vs Avg Volatility: 0x

   ✅ FAVORABLE TIME WINDOW:
   This hour historically shows strong volume and positive returns
   GOOD time to trade - patterns favor entry

   ⚠️ LOW ACTIVITY ANOMALY:
   Volume 0x below typical - Extremely quiet

   📉 LOW VOLATILITY ANOMALY:
   Volatility 0x below typical - Consolidation likely

   🔥 Best Trading Hours (UTC): 15:00, 13:00, 17:00

🎯 UNIFIED MICROSTRUCTURE INTEGRATION:
   Signal Consensus: BULLISH (100% agreement)
   Available Signals: 2 (2 bullish / 0 bearish / 0 neutral)
   Conviction Level: HIGH (100%)
   Signal Quality: LOW
   Risk Adjustment: NORMAL
   Timing Quality: FAVORABLE

   ✅ HIGH CONVICTION: 100% of signals agree on direction
   Strong institutional alignment - Follow the smart money

   📊 NORMAL RISK LEVEL: Standard position sizing applies

   ⏰ FAVORABLE TIMING: Good time window for trading

   Signal Directions Breakdown:
   • VPIN: NEUTRAL
   • Sweeps: NEUTRAL
   • Absorption: NEUTRAL
   • Arrival Dynamics: NEUTRAL
   • Liquidity Vacuum: NONE
   • Vol Regime: FAVORABLE
   • Temporal: FAVORABLE

   Adaptive Weights (Total: 5.0%):
   • VPIN: 0.0%
   • Sweeps: 0.0%
   • Absorption: 0.0%
   • Arrival: 0.0%
   • Vacuum: 0.0%
   • Vol Regime: 3.0%
   • Temporal: 2.0%


💹 DELTA ANALYSIS (Order Flow Aggression):
   Direction: NEUTRAL
   Delta Per Volume: 0.00%
   Institutional Ratio: 0.0%
   Aggression Score: 0.0%

📊 VOLUME PROFILE (Support/Resistance Strength):
   Point of Control (POC): $0.000000
   Value Area High: $0.000000
   Value Area Low: $0.000000
   Current Position: ABOVE_VALUE_AREA
   ⚠️ DISTRIBUTION RISK: Price above value area - potential rejection zone

⚡ MOMENTUM CASCADE (Multi-Timeframe Alignment):
   Cascade Detected: NO
   Alignment Score: -3.3%
   Cascade Strength: 0.0%
   Accelerating: None
   Diverging: 1m, 5m, 15m, 1h

💥 BREAKOUT CONFIRMATION:
   Quality: NO_BREAKOUT
   Volume Confirmation: NO
   Retest Strength: 0.0%
   False Breakout Risk: 0.0%
   No breakout detected - price below resistance


levels:
Entry=0.10755468, StopLoss=0.11078132040000001, TakeProfit=0.106952373792, 0.10604891447999999, 0.105597184824

---

=== Token: PRCL (PRCL) ===
Contract: PRCL-USD
Timestamp: 2025-04-16T13:25:00.000Z

Calculations:
{
  "momentumScore": 24.96260263471128,
  "volumeScore": 0.11666645630079596,
  "patternScore": 0,
  "totalScore": 5.437980444093839,
  "finalScore": 30,
  "weights": "0.23,0.45,0.23",
  "hourlyUptrend": false,
  "rsi": 46.3414634146342,
  "ultraShortVolumeSurge": 0.5631495520592061,
  "baseVolumeSurge": 0.02871019122015468,
  "currentPrice": 0.0546,
  "resistance": 0.0558,
  "support": 0.0542,
  "rocMin5": -0.014440433212996304,
  "shortROC": 0.0036764705882353995,
  "priceAcceleration": -0.003618981013958896,
  "buySellRatio": 0.3096540100915871,
  "macdHistogram": 0.00011666645630079595,
  "stochasticK": 47.61904761904756,
  "atr": 0.00034285714285714225,
  "bbUpper": 0.05571713480453401,
  "bbLower": 0.05337286519546597,
  "hammerDetected": false,
  "engulfingDetected": false,
  "compressionSpring": {
    "detected": true,
    "confidence": 66,
    "signals": {
      "sidewaysPrice": true,
      "atrCompression": true,
      "bbSqueeze": true,
      "consolidationTime": true,
      "strongBuying": false,
      "obvPositive": false,
      "chaikinPositive": false,
      "rsiNeutral": true,
      "volumeBuilding": false
    },
    "metrics": {
      "priceRange": 2.95,
      "atrRatio": 0.762,
      "bbWidth": 4.3,
      "volumeRatio": 3.132,
      "signalCount": 5,
      "buySellRatio": 0.31
    }
  },
  "riskTier": "LOW",
  "atrPercent": 1.007326007326008,
  "distanceToResistance": 2.197802197802197,
  "slPercent": 2.5,
  "tpPercent": 0.5128205128205185,
  "trailingActivation": 0.3076923076923111,
  "shortMomentumScore": 75,
  "overboughtScore": 0,
  "shortPatternScore": 0,
  "shootingStarDetected": false,
  "bearishEngulfingDetected": false,
  "eveningStarDetected": false,
  "bearishPatternsCount": 0,
  "shortTotalScore": 30,
  "chaikin": -0.5399114164672135,
  "obvIncreasing": false,
  "obvTrend": "declining",
  "adx": 2.8571428571425384,
  "recentCandles": {
    "redCount": 6,
    "greenCount": 4
  },
  "resistanceDistance": 2.197802197802197,
  "multiplePatterns": false,
  "bullishPattern": false,
  "priceAboveVWAP": false,
  "breakingResistance": false,
  "atrSufficient": true,
  "macdDivergenceBearish": false,
  "rvolMin1": -0.23093474657884028,
  "rvolMin5": -0.32667223940548684,
  "atrPercentileOld": 0.36585365853658536,
  "vwapDeviation": -0.2294497118034604,
  "bbWidthPercent": 4.297863432153346,
  "bbSqueeze": false,
  "multiTFMomentum": {
    "min1": {
      "roc1": 0.0036764705882353995,
      "roc3": -0.010869565217391238
    },
    "min5": {
      "roc1": 0.0036764705882353995,
      "roc3": -0.00907441016333939
    },
    "min15": {
      "roc1": -0.003642987249544605,
      "roc3": -0.009057971014492763
    },
    "hourly": {
      "roc1": -0.007207207207207163,
      "roc3": 0.012867647058823643
    },
    "fourHour": {
      "roc1": 0.0260707635009312,
      "roc3": -0.012544802867383499
    },
    "divergenceShortUpLongDown": true
  },
  "returnZMin5": 0.5287653666091428,
  "wickClosePct": 0,
  "wickUpper": 0,
  "wickLower": 0,
  "wickRatio": 0,
  "donchianBreakout15": false,
  "bbWidthPercentile15": 0.4155844155844156,
  "signedMin5": -190961.5,
  "signedMin5Z": -6.895710612901878,
  "signedMin1": 13788.60000000001,
  "signedMin1Z": 0.8135527413422494,
  "streakMin1": {
    "upStreak": 0,
    "downStreak": 3
  },
  "streakMin5": {
    "upStreak": 0,
    "downStreak": 5
  },
  "rvolPercentileMin1": 0.5597222222222222,
  "rvolPercentileMin5": 0.4375,
  "perTfMetrics": {
    "min1": {
      "sma20": 0.055279999999999996,
      "sma50": 0.054922,
      "ema20": 0.0551147063955178,
      "ema50": 0.05496729445192835,
      "vwma20": 0.05529870015922158,
      "hma21": 0.05498701298701301,
      "atr14": 0.00021428571428571446,
      "atrPercentile": 0.10221550855991944,
      "rvolZ": -0.23093474657884028,
      "rvolPercentile": 0.5597222222222222,
      "mfi14": 39.70631681166678,
      "ppo": {
        "ppo": -0.1182064875624362,
        "signal": 0.1290025073367994,
        "histogram": -0.2472089948992356
      },
      "stochRsi": {
        "k": 15.16966067864314,
        "d": 33.14285714285716
      },
      "vprofile": {
        "vpBins": [
          0.01279259470049432,
          0.009701085576358555,
          0.10553047371117766,
          0.023208113375745684,
          0.01523226632592173,
          0.006330004393367875,
          0.06023156220650204,
          0.042078319225755334,
          0.04164540416292525,
          0.0069772364126844235,
          0.06959002606247272,
          0.0501033994989368,
          0.06270918038748166,
          0.14043883991476874,
          0.04597157095950752,
          0.01694453167107095,
          0.09158800107859029,
          0.16360290933971108,
          0.025113549391723194,
          0.01021093160480394
        ],
        "currentBinShare": 0.06270918038748166
      },
      "ttm": {
        "squeeze": false,
        "release": true,
        "widthPct": 2.3845523955548518
      }
    },
    "min5": {
      "sma20": 0.054955,
      "sma50": 0.054484000000000005,
      "ema20": 0.054904223011526254,
      "ema50": 0.054681540879864994,
      "vwma20": 0.055265353848281865,
      "hma21": 0.05533463203463205,
      "atr14": 0.00034285714285714225,
      "atrPercentile": 0.3284671532846715,
      "rvolZ": -0.32667223940548684,
      "rvolPercentile": 0.4375,
      "mfi14": 51.54654913891131,
      "ppo": {
        "ppo": 0.21129021575259657,
        "signal": 0.3876075426996903,
        "histogram": -0.1763173269470937
      },
      "stochRsi": {
        "k": 3.2703302431693955e-13,
        "d": 48.48690153568203
      },
      "vprofile": {
        "vpBins": [
          0.009224611452249138,
          0.09809172587009546,
          0.005352194965521254,
          0.05313690445466351,
          0.030621663850244906,
          0.025506214614632393,
          0.07683234370271264,
          0.21797366835233592,
          0.10282436557557059,
          0.0810905113911722,
          0.11335158843206079,
          0.022276141537234423,
          0.015183535989665393,
          0.004111044886456967,
          0.005664325932819751,
          0.007263810834356903,
          0.04321692105981132,
          0.017738083602149814,
          0.015678285929537628,
          0.05486205756670886
        ],
        "currentBinShare": 0.21797366835233592
      },
      "ttm": {
        "squeeze": false,
        "release": false,
        "widthPct": 3.005267457840022
      }
    },
    "min15": {
      "sma20": 0.05454499999999999,
      "sma50": 0.05457,
      "ema20": 0.05472764486163747,
      "ema50": 0.054628906818825713,
      "vwma20": 0.05457962971024987,
      "hma21": 0.055326839826839815,
      "atr14": 0.0005500000000000004,
      "atrPercentile": 0.36585365853658536,
      "rvolZ": -0.393962677945632,
      "rvolPercentile": 0.4375,
      "mfi14": 55.14178675350243,
      "ppo": {
        "ppo": 0.3711210224858233,
        "signal": 0.2715422258417257,
        "histogram": 0.09957879664409758
      },
      "stochRsi": {
        "k": 59.386973180076566,
        "d": 59.18663761801014
      },
      "vprofile": {
        "vpBins": [
          0,
          0.25106206980500373,
          0.032700723236220794,
          0.02379627742402944,
          0.03841574606243099,
          0.03451839289911289,
          0.09694458600355757,
          0.10250461819922652,
          0.08522677687784556,
          0.07529998428327656,
          0.09521090039987501,
          0.006552604678326885,
          0,
          0,
          0.009124364950121477,
          0.010805113902302267,
          0.04665181018091316,
          0.009460013710962351,
          0.02144164366619125,
          0.06028437372060348
        ],
        "currentBinShare": 0.10250461819922652
      },
      "ttm": {
        "squeeze": false,
        "release": false,
        "widthPct": 4.297863432153346
      }
    },
    "hourly": {
      "sma20": 0.05441999999999999,
      "sma50": 0.05614600000000001,
      "ema20": 0.05483433794881545,
      "ema50": 0.05610442153429261,
      "vwma20": 0.0545305843867176,
      "hma21": 0.05460779220779223,
      "atr14": 0.0011214285714285718,
      "atrPercentile": 0.2236024844720497,
      "rvolZ": -0.1579529497300089,
      "rvolPercentile": 0.6160714285714286,
      "mfi14": 59.33378337528627,
      "ppo": {
        "ppo": -0.6552065948233909,
        "signal": -1.0413411229988456,
        "histogram": 0.3861345281754547
      },
      "stochRsi": {
        "k": 81.06489045285083,
        "d": 61.930116850808965
      },
      "vprofile": {
        "vpBins": [
          0.010776811508368338,
          0.005654777756834781,
          0.02244876864885145,
          0.072675281645829,
          0.031108925943355528,
          0.06058481188886009,
          0.029366724367576622,
          0.03781067682677824,
          0.07599764688893504,
          0.07063008399315253,
          0.0772128658556737,
          0.13974860196425168,
          0.06819169555065718,
          0.039569574471494944,
          0.05941299943402722,
          0.07039168852480325,
          0.0479675174439205,
          0.02794291889575206,
          0.052507628390877796,
          0
        ],
        "currentBinShare": 0.031108925943355528
      },
      "ttm": {
        "squeeze": false,
        "release": false,
        "widthPct": 5.5033609841484346
      }
    },
    "fourHour": {
      "sma20": 0.05771,
      "sma50": 0.05953999999999999,
      "ema20": 0.057156197092696516,
      "ema50": 0.0605313843961521,
      "vwma20": 0.057627178289212884,
      "hma21": 0.053212121212121224,
      "atr14": 0.0028500000000000014,
      "atrPercentile": 0.4857142857142857,
      "rvolZ": 0.03213180337583906,
      "rvolPercentile": 0.6547619047619048,
      "mfi14": 37.4940065138027,
      "ppo": {
        "ppo": -3.2197233737519317,
        "signal": -2.736644865044325,
        "histogram": -0.4830785087076066
      },
      "stochRsi": {
        "k": 72.08424110384904,
        "d": 38.05393342564059
      },
      "vprofile": {
        "vpBins": [
          0,
          0.013974475194999572,
          0.15311689253157026,
          0.17936353565578583,
          0.16651582661615244,
          0.14705106459320977,
          0.10226623390544158,
          0.011671503102282219,
          0.03789076301002687,
          0.006843724095774477,
          0.07347100303103425,
          0.02826716169778749,
          0.006657275287465362,
          0,
          0.0082292013934583,
          0.03975905218098488,
          0.015817701543766324,
          0.009104586160260227,
          0,
          0
        ],
        "currentBinShare": 0.15311689253157026
      },
      "ttm": {
        "squeeze": false,
        "release": false,
        "widthPct": 20.186242722440216
      }
    },
    "daily": {
      "sma20": 0.07151,
      "sma50": 0.099744,
      "ema20": 0.0710346329596796,
      "ema50": 0.1015080197703392,
      "vwma20": 0,
      "hma21": 0.0434948051948052,
      "atr14": 0.007764285714285714,
      "atrPercentile": 0.013157894736842105,
      "rvolZ": 0,
      "rvolPercentile": 1,
      "mfi14": 50,
      "ppo": {
        "ppo": -18.770573742668912,
        "signal": -17.220147677993303,
        "histogram": -1.5504260646756087
      },
      "stochRsi": {
        "k": 79.37019290039856,
        "d": 23.480536131216912
      },
      "vprofile": {
        "vpBins": [
          0,
          0,
          0,
          0,
          0,
          0,
          0,
          0,
          0,
          0,
          0,
          0,
          0,
          0,
          0,
          0,
          0,
          0,
          0,
          0
        ],
        "currentBinShare": 0
      },
      "ttm": {
        "squeeze": false,
        "release": false,
        "widthPct": 93.47761230416222
      }
    }
  },
  "smaMin5": 0.054955,
  "emaMin5": 0.054904223011526254,
  "vwmaMin5": 0.055265353848281865,
  "hmaMin5": 0.05533463203463205,
  "keltner15": {
    "upper": 0.05555264486163747,
    "middle": 0.05472764486163747,
    "lower": 0.05390264486163747
  },
  "superTrend15": {
    "isBull": true,
    "finalUpper": 0.056249999999999994,
    "finalLower": 0.05295
  },
  "mfi15": 55.14178675350243,
  "stochRsi15": {
    "k": 59.386973180076566,
    "d": 59.18663761801014
  },
  "ppo15": {
    "ppo": 0.3711210224858233,
    "signal": 0.2715422258417257,
    "histogram": 0.09957879664409758
  },
  "vpMin15": {
    "vpBins": [
      0,
      0.25106206980500373,
      0.032700723236220794,
      0.02379627742402944,
      0.03841574606243099,
      0.03451839289911289,
      0.09694458600355757,
      0.10250461819922652,
      0.08522677687784556,
      0.07529998428327656,
      0.09521090039987501,
      0.006552604678326885,
      0,
      0,
      0.009124364950121477,
      0.010805113902302267,
      0.04665181018091316,
      0.009460013710962351,
      0.02144164366619125,
      0.06028437372060348
    ],
    "currentBinShare": 0.10250461819922652
  },
  "ttm15": {
    "squeeze": false,
    "release": false,
    "widthPct": 4.297863432153346
  },
  "marketCorrelation": {
    "hourly": {
      "btcCorrelation": 0,
      "ethCorrelation": 0,
      "btcBeta": 1,
      "ethBeta": 1,
      "btcTrend": "UNKNOWN",
      "ethTrend": "UNKNOWN",
      "tokenVol": 0,
      "btcVol": 0,
      "ethVol": 0,
      "marketDependence": 0,
      "verdict": "INSUFFICIENT_DATA"
    },
    "min15": {
      "btcCorrelation": 0,
      "ethCorrelation": 0,
      "btcBeta": 1,
      "ethBeta": 1,
      "btcTrend": "UNKNOWN",
      "ethTrend": "UNKNOWN",
      "tokenVol": 0,
      "btcVol": 0,
      "ethVol": 0,
      "marketDependence": 0,
      "verdict": "INSUFFICIENT_DATA"
    },
    "daily": {
      "btcCorrelation": 0,
      "ethCorrelation": 0,
      "btcBeta": 1,
      "ethBeta": 1,
      "btcTrend": "UNKNOWN",
      "ethTrend": "UNKNOWN",
      "tokenVol": 0,
      "btcVol": 0,
      "ethVol": 0,
      "marketDependence": 0,
      "verdict": "INSUFFICIENT_DATA"
    }
  },
  "tradeTape": {
    "totalTrades": 0,
    "totalVolume": 0,
    "buysVolume": 0,
    "sellsVolume": 0,
    "buySellRatio": 0.5,
    "vwap": 0,
    "signedVolume": 0,
    "avgTradeSize": 0,
    "tradesPerSec": 0,
    "cumulativeDelta": 0,
    "tradesLast1m": 0,
    "tradesLast5m": 0,
    "tradesLast15m": 0,
    "tradesLast1h": 0,
    "buyVWAP": 0,
    "sellVWAP": 0,
    "aggressorVWAP": 0,
    "bucketDurationMs": 60000,
    "bucketCount": 15,
    "bucketSignedVolumes": [],
    "bucketVolumes": [],
    "bucketVWAPs": [],
    "latestBucketSignedZ": 0
  },
  "enhancedMetrics": {
    "relativeVolumeZScore": -1,
    "volumePercentile": 40,
    "atrPercentile": 35.03649635036496,
    "volatilityPercentile": 32.278481012658226,
    "relativeVolatilityRatio": 0.8361846972743782,
    "isHighVolume": false,
    "isHighVolatility": false,
    "isLowVolatility": false,
    "isExpandingVolatility": false,
    "isContractingVolatility": false
  },
  "orderBook": {
    "bidAskSpread": 0,
    "spreadPct": 0,
    "midPrice": 0,
    "bestBid": 0,
    "bestAsk": 0,
    "bidDepth": 0,
    "askDepth": 0,
    "orderBookImbalance": 0,
    "liquidityScore": 0,
    "depthAt1Pct": {
      "bidVolume": 0,
      "askVolume": 0,
      "imbalance": 0
    },
    "depthAt2Pct": {
      "bidVolume": 0,
      "askVolume": 0,
      "imbalance": 0
    },
    "depthAt5Pct": {
      "bidVolume": 0,
      "askVolume": 0,
      "imbalance": 0
    },
    "weightedMidPrice": 0,
    "volumeWeightedSpread": 0,
    "totalBidLevels": 0,
    "totalAskLevels": 0
  },
  "marketCap": {
    "marketCap": 0,
    "totalVolume24h": 0,
    "volumeToMarketCapRatio": 0,
    "marketCapRank": 0,
    "normalizedRank": 0,
    "isHighLiquidity": false,
    "isVeryHighLiquidity": false,
    "isLowLiquidity": true,
    "liquidityTier": "VERY_LOW"
  },
  "sweeps": {
    "sweepScore": 0,
    "sweepCount": 0,
    "sweepDirection": "NEUTRAL",
    "buySweeps": 0,
    "sellSweeps": 0,
    "avgSweepSize": 0,
    "avgSweepIntensity": 0,
    "bidLiftRatio": 0,
    "askLiftRatio": 0,
    "sweepFrequency": 0,
    "largestSweep": null,
    "recentSweepClusters": 0,
    "sweepDetails": []
  },
  "absorption": {
    "absorptionScore": 0,
    "absorptionLevel": null,
    "absorptionSide": "NONE",
    "icebergProbability": 0,
    "hiddenLiquidityEstimate": 0,
    "volumeAtPrice": {},
    "topAbsorptionLevels": [],
    "persistenceDuration": 0,
    "refillDetected": false
  },
  "orderArrival": {
    "avgInterArrivalTime": 0,
    "recentInterArrivalTime": 0,
    "accelerationRatio": 1,
    "hawkesIntensity": 0,
    "hawkesDirection": "NEUTRAL",
    "clusteringScore": 0,
    "burstCount": 0,
    "cascadeDetected": false,
    "timeToNextTrade": 0,
    "accelerationTrend": "STABLE"
  },
  "liquidityVacuum": {
    "vacuumScore": 0,
    "vacuumSide": "NONE",
    "bidVacuumSeverity": 0,
    "askVacuumSeverity": 0,
    "depthConcentration": 0,
    "priceImpact10k": 0,
    "priceImpact50k": 0,
    "priceImpact100k": 0,
    "largestGapBid": 0,
    "largestGapAsk": 0,
    "avgGapBid": 0,
    "avgGapAsk": 0,
    "bidCliffDistance": 0,
    "askCliffDistance": 0
  },
  "volatilityRegime": {
    "regime": "BELOW_NORMAL",
    "regimeScore": -0.5,
    "currentATR": 0.007977,
    "avgATR": 0.011241,
    "atrPercentile": 1.3,
    "realizedVolatility": 124.7,
    "volPercentile": 40.7,
    "expanding": false,
    "contracting": true,
    "transitionProbability": 0.7,
    "daysInRegime": 1,
    "regimeStrength": 0.1
  },
  "temporalPatterns": {
    "currentHour": 8,
    "currentDay": 0,
    "currentDayName": "Sunday",
    "dayBias": "NEUTRAL",
    "hourlyProfile": [
      {
        "avgVolume": 61611.81,
        "avgATR": 0.001371,
        "avgReturn": 0.11
      },
      {
        "avgVolume": 69649.07,
        "avgATR": 0.001443,
        "avgReturn": 0.37
      },
      {
        "avgVolume": 75127.61,
        "avgATR": 0.001279,
        "avgReturn": -0.507
      },
      {
        "avgVolume": 61646.09,
        "avgATR": 0.001271,
        "avgReturn": -0.188
      },
      {
        "avgVolume": 63060.46,
        "avgATR": 0.00095,
        "avgReturn": 0.206
      },
      {
        "avgVolume": 48734.98,
        "avgATR": 0.00115,
        "avgReturn": -0.176
      },
      {
        "avgVolume": 113996.44,
        "avgATR": 0.001457,
        "avgReturn": -1.45
      },
      {
        "avgVolume": 76924.62,
        "avgATR": 0.001271,
        "avgReturn": -0.166
      },
      {
        "avgVolume": 116460.23,
        "avgATR": 0.0014,
        "avgReturn": 0.932
      },
      {
        "avgVolume": 58061.01,
        "avgATR": 0.001121,
        "avgReturn": 0.065
      },
      {
        "avgVolume": 54066.85,
        "avgATR": 0.001143,
        "avgReturn": 0.076
      },
      {
        "avgVolume": 57227.12,
        "avgATR": 0.001293,
        "avgReturn": -0.702
      },
      {
        "avgVolume": 121821.06,
        "avgATR": 0.001593,
        "avgReturn": -0.181
      },
      {
        "avgVolume": 132494.31,
        "avgATR": 0.002,
        "avgReturn": 0.421
      },
      {
        "avgVolume": 140144.76,
        "avgATR": 0.001723,
        "avgReturn": -0.037
      },
      {
        "avgVolume": 131008.82,
        "avgATR": 0.001843,
        "avgReturn": 0.003
      },
      {
        "avgVolume": 111007.89,
        "avgATR": 0.001607,
        "avgReturn": -0.43
      },
      {
        "avgVolume": 112831.94,
        "avgATR": 0.002236,
        "avgReturn": 0.52
      },
      {
        "avgVolume": 95360.26,
        "avgATR": 0.001486,
        "avgReturn": -0.135
      },
      {
        "avgVolume": 129894.14,
        "avgATR": 0.001379,
        "avgReturn": -0.325
      },
      {
        "avgVolume": 117045.26,
        "avgATR": 0.001393,
        "avgReturn": 0.054
      },
      {
        "avgVolume": 102936.51,
        "avgATR": 0.001271,
        "avgReturn": -0.507
      },
      {
        "avgVolume": 97541.66,
        "avgATR": 0.001286,
        "avgReturn": -0.65
      },
      {
        "avgVolume": 83188.98,
        "avgATR": 0.001093,
        "avgReturn": -0.224
      }
    ],
    "dailyProfile": [
      {
        "avgVolume": 97822.93,
        "avgATR": 0.001458,
        "avgReturn": -0.578
      },
      {
        "avgVolume": 100277.03,
        "avgATR": 0.001504,
        "avgReturn": 0.012
      },
      {
        "avgVolume": 99973.03,
        "avgATR": 0.001215,
        "avgReturn": -0.227
      },
      {
        "avgVolume": 110847.96,
        "avgATR": 0.001687,
        "avgReturn": 0.181
      },
      {
        "avgVolume": 58336.86,
        "avgATR": 0.001381,
        "avgReturn": -0.333
      },
      {
        "avgVolume": 100176.25,
        "avgATR": 0.001454,
        "avgReturn": 0.066
      },
      {
        "avgVolume": 82909.49,
        "avgATR": 0.001233,
        "avgReturn": 0.033
      }
    ],
    "favorableHours": [
      14,
      13,
      15,
      19,
      12,
      8
    ],
    "favorableWindow": true,
    "currentVsAvgVolume": 0,
    "currentVsAvgVolatility": 0,
    "anomalyDetected": true,
    "timeUntilFavorable": null,
    "temporalScore": 0.5
  },
  "unifiedMicrostructure": {
    "signalDirections": {
      "vpin": "NEUTRAL",
      "sweeps": "NEUTRAL",
      "absorption": "NEUTRAL",
      "arrival": "NEUTRAL",
      "vacuum": "NONE",
      "volRegime": "FAVORABLE",
      "temporal": "FAVORABLE"
    },
    "consensusDirection": "BULLISH",
    "consensusStrength": 100,
    "bullishSignals": 2,
    "bearishSignals": 0,
    "neutralSignals": 0,
    "totalAvailableSignals": 2,
    "dominantPattern": "NONE",
    "clusters": {
      "strongBuyCluster": false,
      "distributionPattern": false,
      "accumulationPattern": false,
      "momentumCascade": false
    },
    "adaptiveWeights": {
      "vpin": 0,
      "sweeps": 0,
      "absorption": 0,
      "arrival": 0,
      "vacuum": 0,
      "volRegime": 0.03,
      "temporal": 0.02
    },
    "convictionLevel": "HIGH",
    "convictionScore": 100,
    "riskAdjustment": "NORMAL",
    "timingQuality": "FAVORABLE",
    "signalQuality": "LOW"
  },
  "deltaAnalysis": {
    "currentDelta": 0,
    "cumulativeDelta": 0,
    "deltaPerVolume": 0,
    "deltaDirection": "NEUTRAL",
    "deltaDivergence": false,
    "institutionalRatio": 0,
    "aggressionScore": 0
  },
  "volumeProfile": {
    "pointOfControl": 0,
    "valueAreaHigh": 0,
    "valueAreaLow": 0,
    "currentPosition": "ABOVE_VALUE_AREA",
    "volumeNodes": [],
    "airPockets": []
  },
  "momentumCascade": {
    "cascadeDetected": false,
    "alignmentScore": -0.003803181265408336,
    "cascadeStrength": 0,
    "acceleratingTimeframes": [
      "1h"
    ],
    "divergingTimeframes": [
      "1m",
      "5m",
      "15m"
    ]
  },
  "breakoutConfirmation": {
    "breakoutConfirmed": false,
    "volumeConfirmation": false,
    "retestStrength": 0,
    "falseBreakoutRisk": 0,
    "breakoutQuality": "NO_BREAKOUT"
  },
  "liquidityHeatmap": {
    "liquidityScore": 0,
    "magnetDirection": "NONE",
    "magnetStrength": 0,
    "priceTarget5pct": null,
    "message": "No order book data"
  },
  "smartMoneyDivergence": {
    "divergenceDetected": false,
    "divergenceDirection": "NONE",
    "smartMoneyScore": 0.5,
    "message": "Insufficient trade data"
  },
  "microstructure": {
    "raw": -0.02311050540515569,
    "pct": 50,
    "summary": {
      "latestBucketSignedZ": 0,
      "buySellRatio": 0.5,
      "tradesPerSec": 0,
      "vwap": 0,
      "aggressorVWAP": 0,
      "vpinToxicity": "UNKNOWN",
      "sweepDirection": "NEUTRAL",
      "absorptionSide": "NONE",
      "icebergDetected": false,
      "hawkesDirection": "NEUTRAL",
      "cascadeDetected": false,
      "vacuumSide": "NONE",
      "volatilityRegime": "BELOW_NORMAL",
      "volExpanding": false,
      "favorableTimeWindow": true,
      "temporalAnomaly": true,
      "consensusDirection": "BULLISH",
      "consensusStrength": 100,
      "dominantPattern": "NONE",
      "convictionLevel": "HIGH",
      "riskAdjustment": "NORMAL",
      "timingQuality": "FAVORABLE",
      "deltaDirection": "NEUTRAL",
      "deltaDivergence": false,
      "institutionalRatio": 0,
      "volumeProfilePosition": "ABOVE_VALUE_AREA",
      "pointOfControl": 0,
      "momentumCascadeDetected": false,
      "cascadeStrength": 0,
      "breakoutQuality": "NO_BREAKOUT",
      "breakoutConfirmed": false,
      "magnetDirection": "NONE",
      "magnetStrength": 0,
      "priceTarget5pct": null,
      "nearestBidWall": 0,
      "nearestAskWall": 0,
      "divergenceDetected": false,
      "divergenceDirection": "NONE",
      "whaleAccumulation": false,
      "whaleDistribution": false,
      "retailPanic": false,
      "smartMoneyScore": 0.5
    }
  }
}

=== MICROSTRUCTURE ALERTS ===

🔬 VPIN: Insufficient data for VPIN analysis

🌊 SWEEP DETECTION: No significant sweeps detected

🧊 ABSORPTION & ICEBERG: No significant absorption or iceberg orders detected

⚡ ORDER ARRIVAL DYNAMICS: Insufficient trades for analysis

🌪️ LIQUIDITY VACUUM: No significant vacuum detected

📊 VOLATILITY REGIME DETECTION:
   Current Regime: BELOW_NORMAL
   Regime Score: -0.50 (-1=low vol, +1=extreme vol)
   Days in Regime: 1
   ATR: $0.007977 (avg: $0.011241)
   ATR Percentile: 1.3%
   Realized Volatility: 124.70% (annualized)
   Vol Percentile: 40.7%

   🟢 BELOW NORMAL VOLATILITY:
   ⚡ Consolidation phase - watch for expansion
   ✅ Good entry zone for patient trades

   📉 VOLATILITY CONTRACTING:
   🔄 Consolidation phase - accumulation likely
   ⏳ Wait for expansion before entering

   ⚠️ HIGH REGIME TRANSITION PROBABILITY: 70%
   Market near regime boundary - expect volatility shift soon

   ⚠️ NEW REGIME: Only 1 day(s) - conditions still settling

⏰ TEMPORAL PATTERN ANALYSIS:
   Current Time: Sunday 8:00 UTC
   Day Bias: NEUTRAL
   Current vs Avg Volume: 0x
   Current vs Avg Volatility: 0x

   ✅ FAVORABLE TIME WINDOW:
   This hour historically shows strong volume and positive returns
   GOOD time to trade - patterns favor entry

   ⚠️ LOW ACTIVITY ANOMALY:
   Volume 0x below typical - Extremely quiet

   📉 LOW VOLATILITY ANOMALY:
   Volatility 0x below typical - Consolidation likely

   🔥 Best Trading Hours (UTC): 14:00, 13:00, 15:00

🎯 UNIFIED MICROSTRUCTURE INTEGRATION:
   Signal Consensus: BULLISH (100% agreement)
   Available Signals: 2 (2 bullish / 0 bearish / 0 neutral)
   Conviction Level: HIGH (100%)
   Signal Quality: LOW
   Risk Adjustment: NORMAL
   Timing Quality: FAVORABLE

   ✅ HIGH CONVICTION: 100% of signals agree on direction
   Strong institutional alignment - Follow the smart money

   📊 NORMAL RISK LEVEL: Standard position sizing applies

   ⏰ FAVORABLE TIMING: Good time window for trading

   Signal Directions Breakdown:
   • VPIN: NEUTRAL
   • Sweeps: NEUTRAL
   • Absorption: NEUTRAL
   • Arrival Dynamics: NEUTRAL
   • Liquidity Vacuum: NONE
   • Vol Regime: FAVORABLE
   • Temporal: FAVORABLE

   Adaptive Weights (Total: 5.0%):
   • VPIN: 0.0%
   • Sweeps: 0.0%
   • Absorption: 0.0%
   • Arrival: 0.0%
   • Vacuum: 0.0%
   • Vol Regime: 3.0%
   • Temporal: 2.0%


💹 DELTA ANALYSIS (Order Flow Aggression):
   Direction: NEUTRAL
   Delta Per Volume: 0.00%
   Institutional Ratio: 0.0%
   Aggression Score: 0.0%

📊 VOLUME PROFILE (Support/Resistance Strength):
   Point of Control (POC): $0.000000
   Value Area High: $0.000000
   Value Area Low: $0.000000
   Current Position: ABOVE_VALUE_AREA
   ⚠️ DISTRIBUTION RISK: Price above value area - potential rejection zone

⚡ MOMENTUM CASCADE (Multi-Timeframe Alignment):
   Cascade Detected: NO
   Alignment Score: -0.4%
   Cascade Strength: 0.0%
   Accelerating: 1h
   Diverging: 1m, 5m, 15m

💥 BREAKOUT CONFIRMATION:
   Quality: NO_BREAKOUT
   Volume Confirmation: NO
   Retest Strength: 0.0%
   False Breakout Risk: 0.0%
   No breakout detected - price below resistance


levels:
Entry=0.0547092, StopLoss=0.05607693, TakeProfit=0.054596976, 0.05442863999999999, 0.054344472

---

=== Token: XCN (XCN) ===
Contract: XCN-USD
Timestamp: 2025-04-16T13:25:00.000Z

Calculations:
{
  "momentumScore": 30.23604190443045,
  "volumeScore": 10.23924278608556,
  "patternScore": 45.181698621119146,
  "totalScore": 20.897370635453854,
  "finalScore": 34,
  "weights": "0.23,0.45,0.23",
  "hourlyUptrend": false,
  "rsi": 37.83783783783789,
  "ultraShortVolumeSurge": 1.5106128291524799,
  "baseVolumeSurge": 0.07641565014255927,
  "currentPrice": 0.01683,
  "resistance": 0.01773,
  "support": 0.01653,
  "rocMin5": -0.01865889212827973,
  "shortROC": 0.0035778175313059646,
  "priceAcceleration": -0.00465384470984126,
  "buySellRatio": 0.3058502389947021,
  "macdHistogram": -0.000028330598156803787,
  "stochasticK": 21.58273381294978,
  "atr": 0.0002271428571428568,
  "bbUpper": 0.01829847803771425,
  "bbLower": 0.016932521962285757,
  "hammerDetected": false,
  "engulfingDetected": true,
  "compressionSpring": {
    "detected": false,
    "confidence": 0,
    "signals": {
      "sidewaysPrice": false,
      "atrCompression": false,
      "bbSqueeze": false,
      "consolidationTime": true,
      "strongBuying": false,
      "obvPositive": false,
      "chaikinPositive": false,
      "rsiNeutral": false,
      "volumeBuilding": false
    },
    "metrics": {
      "priceRange": 8.41,
      "atrRatio": 0.891,
      "bbWidth": 7.75,
      "volumeRatio": 2.858,
      "signalCount": 1,
      "buySellRatio": 0.306
    }
  },
  "riskTier": "LOW",
  "atrPercent": 1.718869365928187,
  "distanceToResistance": 5.347593582887688,
  "slPercent": 2.5,
  "tpPercent": 1.2477718360071368,
  "trailingActivation": 0.7486631016042821,
  "shortMomentumScore": 85,
  "overboughtScore": 0,
  "shortPatternScore": 0,
  "shootingStarDetected": false,
  "bearishEngulfingDetected": false,
  "eveningStarDetected": false,
  "bearishPatternsCount": 0,
  "shortTotalScore": 34,
  "chaikin": -0.13077245000985765,
  "obvIncreasing": false,
  "obvTrend": "declining",
  "adx": 85.62874251497024,
  "recentCandles": {
    "redCount": 7,
    "greenCount": 3
  },
  "resistanceDistance": 5.347593582887688,
  "multiplePatterns": false,
  "bullishPattern": true,
  "priceAboveVWAP": false,
  "breakingResistance": false,
  "atrSufficient": true,
  "macdDivergenceBearish": false,
  "rvolMin1": 0.44851155762764805,
  "rvolMin5": 0.3219617693640233,
  "atrPercentileOld": 0.8048780487804879,
  "vwapDeviation": -9.811340092850994,
  "bbWidthPercent": 7.7542850071158425,
  "bbSqueeze": false,
  "multiTFMomentum": {
    "min1": {
      "roc1": 0.007751937984496015,
      "roc3": 0.01562499999999999
    },
    "min5": {
      "roc1": 0.0035778175313059646,
      "roc3": -0.016939252336448517
    },
    "min15": {
      "roc1": -0.016939252336448517,
      "roc3": -0.027167630057803364
    },
    "hourly": {
      "roc1": -0.009395184967704076,
      "roc3": -0.03874643874643875
    },
    "fourHour": {
      "roc1": -0.04796839729119639,
      "roc3": -0.09447128287708004
    },
    "divergenceShortUpLongDown": true
  },
  "returnZMin5": 0.86030592386233,
  "wickClosePct": 0.4444444444444466,
  "wickUpper": 0.0000999999999999994,
  "wickLower": 0,
  "wickRatio": 1.2499999999999891,
  "donchianBreakout15": false,
  "bbWidthPercentile15": 0.7662337662337663,
  "signedMin5": -52462640,
  "signedMin5Z": -7.519003725402148,
  "signedMin1": -48850911.1,
  "signedMin1Z": -16.301018733157868,
  "streakMin1": {
    "upStreak": 2,
    "downStreak": 0
  },
  "streakMin5": {
    "upStreak": 1,
    "downStreak": 0
  },
  "rvolPercentileMin1": 0.8916666666666667,
  "rvolPercentileMin5": 0.84375,
  "perTfMetrics": {
    "min1": {
      "sma20": 0.016958500000000005,
      "sma50": 0.017107599999999997,
      "ema20": 0.01690693771780745,
      "ema50": 0.0170761486958027,
      "vwma20": 0.016813986539617153,
      "hma21": 0.016669523809523804,
      "atr14": 0.00011714285714285708,
      "atrPercentile": 0.9496475327291037,
      "rvolZ": 0.44851155762764805,
      "rvolPercentile": 0.8916666666666667,
      "mfi14": 20.852278712878416,
      "ppo": {
        "ppo": -0.7077597536214433,
        "signal": -0.6242774339924129,
        "histogram": -0.08348231962903041
      },
      "stochRsi": {
        "k": 61.054228289723014,
        "d": 28.662818662818577
      },
      "vprofile": {
        "vpBins": [
          0,
          0.0948174537692291,
          0,
          0.06328295864670089,
          0,
          0.007810525227584086,
          0.02524795267005176,
          0.12032788758946136,
          0.06063997495024932,
          0.08397740502137516,
          0.0631337457900544,
          0.05368706816311498,
          0.06673305307296776,
          0.045140369328750665,
          0.10342954597556926,
          0.08315477914084807,
          0.02905949868002427,
          0.023929296745340882,
          0.03291798579950885,
          0.04271049942916931
        ],
        "currentBinShare": 0.007810525227584086
      },
      "ttm": {
        "squeeze": false,
        "release": false,
        "widthPct": 4.896374872195462
      }
    },
    "min5": {
      "sma20": 0.017248500000000003,
      "sma50": 0.017548200000000003,
      "ema20": 0.017192247050063232,
      "ema50": 0.017480293807921335,
      "vwma20": 0.017080569906342376,
      "hma21": 0.016887575757575757,
      "atr14": 0.0002271428571428568,
      "atrPercentile": 0.927007299270073,
      "rvolZ": 0.3219617693640233,
      "rvolPercentile": 0.84375,
      "mfi14": 20.93113327590214,
      "ppo": {
        "ppo": -1.14677173868424,
        "signal": -0.9135321644367334,
        "histogram": -0.23323957424750663
      },
      "stochRsi": {
        "k": 55.72809973787935,
        "d": 34.342953185937
      },
      "vprofile": {
        "vpBins": [
          0,
          0.060453695594681424,
          0.009859721307689953,
          0.053382027347491916,
          0.015955757154908917,
          0.04142666747771217,
          0.020146492199881436,
          0.05396615728453131,
          0.06443390771929394,
          0.03373048664969507,
          0.06549433067742369,
          0.043420719322731935,
          0.06110915671337614,
          0.021048095954953584,
          0.060211207204158346,
          0.08744325393188475,
          0.15836073801262504,
          0.1118094736907824,
          0.030074687152177704,
          0.007673424604000443
        ],
        "currentBinShare": 0.009859721307689953
      },
      "ttm": {
        "squeeze": false,
        "release": false,
        "widthPct": 5.852205431762366
      }
    },
    "min15": {
      "sma20": 0.017615500000000003,
      "sma50": 0.0181206,
      "ema20": 0.01753917211024579,
      "ema50": 0.018015142419693143,
      "vwma20": 0.01738332188227504,
      "hma21": 0.017114848484848476,
      "atr14": 0.0002892857142857139,
      "atrPercentile": 0.8048780487804879,
      "rvolZ": 1.960899375853806,
      "rvolPercentile": 0.9791666666666666,
      "mfi14": 16.31490717229842,
      "ppo": {
        "ppo": -1.699557029071706,
        "signal": -1.3838392071929946,
        "histogram": -0.31571782187871134
      },
      "stochRsi": {
        "k": 18.875633273410802,
        "d": 28.29147320390381
      },
      "vprofile": {
        "vpBins": [
          0,
          0.03780545338372911,
          0.047866518087208064,
          0.011221513085092146,
          0.040405325409201893,
          0.03528378474690092,
          0.060499576005565346,
          0.048323367144804515,
          0.01579630235949136,
          0.05948277129921315,
          0.15674914028512912,
          0.21202120678565267,
          0.022767977266855973,
          0.05576659242423484,
          0.03341140527304781,
          0.024463008793559376,
          0.043286048261528876,
          0.07777416295187942,
          0,
          0.017075846436905344
        ],
        "currentBinShare": 0.03780545338372911
      },
      "ttm": {
        "squeeze": false,
        "release": true,
        "widthPct": 7.7542850071158425
      }
    },
    "hourly": {
      "sma20": 0.0182615,
      "sma50": 0.019406,
      "ema20": 0.01822448231583709,
      "ema50": 0.018992653057743634,
      "vwma20": 0.018249547307511767,
      "hma21": 0.017458008658008662,
      "atr14": 0.0004871428571428571,
      "atrPercentile": 0.5186335403726708,
      "rvolZ": 0.1726559510278798,
      "rvolPercentile": 0.7976190476190477,
      "mfi14": 19.609018749363315,
      "ppo": {
        "ppo": -3.4737092905207136,
        "signal": -2.7760530170953492,
        "histogram": -0.6976562734253644
      },
      "stochRsi": {
        "k": 0,
        "d": 19.709763100658833
      },
      "vprofile": {
        "vpBins": [
          0.01742263305057264,
          0.014106948278998072,
          0.00943484942630643,
          0.04259332188224437,
          0.04680249942784275,
          0.012652462576711637,
          0.028369688529954397,
          0.035887901724277846,
          0.06366018317205688,
          0.06214244805815495,
          0.03105198531063341,
          0.12705517889748358,
          0.1562877429820388,
          0.18131225553821564,
          0.05156563080711544,
          0.030908560053389364,
          0,
          0.041514415907966604,
          0.04723129437603734,
          0
        ],
        "currentBinShare": 0.06214244805815495
      },
      "ttm": {
        "squeeze": false,
        "release": true,
        "widthPct": 13.528853565049351
      }
    },
    "fourHour": {
      "sma20": 0.019575,
      "sma50": 0.017057199999999995,
      "ema20": 0.018997493972695047,
      "ema50": 0.017236364504290547,
      "vwma20": 0.019722518720812852,
      "hma21": 0.01876515151515152,
      "atr14": 0.0011085714285714282,
      "atrPercentile": 0.5,
      "rvolZ": -0.1371149122543438,
      "rvolPercentile": 0.6785714285714286,
      "mfi14": 36.36382820163055,
      "ppo": {
        "ppo": 0.17635652149329645,
        "signal": 3.1686389673461526,
        "histogram": -2.9922824458528563
      },
      "stochRsi": {
        "k": 0,
        "d": 30.506386028263723
      },
      "vprofile": {
        "vpBins": [
          0.02655189722340086,
          0.13203480265496045,
          0.012713638821305726,
          0.009708756732308853,
          0.07605784804154782,
          0,
          0.03130018506305331,
          0,
          0.11387159683272263,
          0.009879895611618799,
          0.02718281311536325,
          0.09702012427136658,
          0.15195615261098858,
          0.11744918438713019,
          0.10219695898642148,
          0.03309325003684125,
          0,
          0,
          0.05898289561097029,
          0
        ],
        "currentBinShare": 0.009879895611618799
      },
      "ttm": {
        "squeeze": false,
        "release": true,
        "widthPct": 20.081710268395984
      }
    },
    "daily": {
      "sma20": 0.012849,
      "sma50": 0.013125599999999998,
      "ema20": 0.014706279820268618,
      "ema50": 0.014254447553899962,
      "vwma20": 0,
      "hma21": 0.018436969696969695,
      "atr14": 0.003554285714285715,
      "atrPercentile": 0.7368421052631579,
      "rvolZ": 0,
      "rvolPercentile": 1,
      "mfi14": 50,
      "ppo": {
        "ppo": 13.082426765769936,
        "signal": 5.547304080480374,
        "histogram": 7.535122685289562
      },
      "stochRsi": {
        "k": 84.72759315063837,
        "d": 76.95890967397622
      },
      "vprofile": {
        "vpBins": [
          0,
          0,
          0,
          0,
          0,
          0,
          0,
          0,
          0,
          0,
          0,
          0,
          0,
          0,
          0,
          0,
          0,
          0,
          0,
          0
        ],
        "currentBinShare": 0
      },
      "ttm": {
        "squeeze": false,
        "release": false,
        "widthPct": 145.93768265242727
      }
    }
  },
  "smaMin5": 0.017248500000000003,
  "emaMin5": 0.017192247050063232,
  "vwmaMin5": 0.017080569906342376,
  "hmaMin5": 0.016887575757575757,
  "keltner15": {
    "upper": 0.01802667211024579,
    "middle": 0.01753917211024579,
    "lower": 0.017051672110245792
  },
  "superTrend15": {
    "isBull": false,
    "finalUpper": 0.017825,
    "finalLower": 0.015875
  },
  "mfi15": 16.31490717229842,
  "stochRsi15": {
    "k": 18.875633273410802,
    "d": 28.29147320390381
  },
  "ppo15": {
    "ppo": -1.699557029071706,
    "signal": -1.3838392071929946,
    "histogram": -0.31571782187871134
  },
  "vpMin15": {
    "vpBins": [
      0,
      0.03780545338372911,
      0.047866518087208064,
      0.011221513085092146,
      0.040405325409201893,
      0.03528378474690092,
      0.060499576005565346,
      0.048323367144804515,
      0.01579630235949136,
      0.05948277129921315,
      0.15674914028512912,
      0.21202120678565267,
      0.022767977266855973,
      0.05576659242423484,
      0.03341140527304781,
      0.024463008793559376,
      0.043286048261528876,
      0.07777416295187942,
      0,
      0.017075846436905344
    ],
    "currentBinShare": 0.03780545338372911
  },
  "ttm15": {
    "squeeze": false,
    "release": true,
    "widthPct": 7.7542850071158425
  },
  "marketCorrelation": {
    "hourly": {
      "btcCorrelation": 0,
      "ethCorrelation": 0,
      "btcBeta": 1,
      "ethBeta": 1,
      "btcTrend": "UNKNOWN",
      "ethTrend": "UNKNOWN",
      "tokenVol": 0,
      "btcVol": 0,
      "ethVol": 0,
      "marketDependence": 0,
      "verdict": "INSUFFICIENT_DATA"
    },
    "min15": {
      "btcCorrelation": 0,
      "ethCorrelation": 0,
      "btcBeta": 1,
      "ethBeta": 1,
      "btcTrend": "UNKNOWN",
      "ethTrend": "UNKNOWN",
      "tokenVol": 0,
      "btcVol": 0,
      "ethVol": 0,
      "marketDependence": 0,
      "verdict": "INSUFFICIENT_DATA"
    },
    "daily": {
      "btcCorrelation": 0,
      "ethCorrelation": 0,
      "btcBeta": 1,
      "ethBeta": 1,
      "btcTrend": "UNKNOWN",
      "ethTrend": "UNKNOWN",
      "tokenVol": 0,
      "btcVol": 0,
      "ethVol": 0,
      "marketDependence": 0,
      "verdict": "INSUFFICIENT_DATA"
    }
  },
  "tradeTape": {
    "totalTrades": 0,
    "totalVolume": 0,
    "buysVolume": 0,
    "sellsVolume": 0,
    "buySellRatio": 0.5,
    "vwap": 0,
    "signedVolume": 0,
    "avgTradeSize": 0,
    "tradesPerSec": 0,
    "cumulativeDelta": 0,
    "tradesLast1m": 0,
    "tradesLast5m": 0,
    "tradesLast15m": 0,
    "tradesLast1h": 0,
    "buyVWAP": 0,
    "sellVWAP": 0,
    "aggressorVWAP": 0,
    "bucketDurationMs": 60000,
    "bucketCount": 15,
    "bucketSignedVolumes": [],
    "bucketVolumes": [],
    "bucketVWAPs": [],
    "latestBucketSignedZ": 0
  },
  "enhancedMetrics": {
    "relativeVolumeZScore": -1,
    "volumePercentile": 40,
    "atrPercentile": 93.06569343065694,
    "volatilityPercentile": 7.2784810126582276,
    "relativeVolatilityRatio": 0.8032956332894178,
    "isHighVolume": false,
    "isHighVolatility": false,
    "isLowVolatility": true,
    "isExpandingVolatility": false,
    "isContractingVolatility": false
  },
  "orderBook": {
    "bidAskSpread": 0,
    "spreadPct": 0,
    "midPrice": 0,
    "bestBid": 0,
    "bestAsk": 0,
    "bidDepth": 0,
    "askDepth": 0,
    "orderBookImbalance": 0,
    "liquidityScore": 0,
    "depthAt1Pct": {
      "bidVolume": 0,
      "askVolume": 0,
      "imbalance": 0
    },
    "depthAt2Pct": {
      "bidVolume": 0,
      "askVolume": 0,
      "imbalance": 0
    },
    "depthAt5Pct": {
      "bidVolume": 0,
      "askVolume": 0,
      "imbalance": 0
    },
    "weightedMidPrice": 0,
    "volumeWeightedSpread": 0,
    "totalBidLevels": 0,
    "totalAskLevels": 0
  },
  "marketCap": {
    "marketCap": 0,
    "totalVolume24h": 0,
    "volumeToMarketCapRatio": 0,
    "marketCapRank": 0,
    "normalizedRank": 0,
    "isHighLiquidity": false,
    "isVeryHighLiquidity": false,
    "isLowLiquidity": true,
    "liquidityTier": "VERY_LOW"
  },
  "sweeps": {
    "sweepScore": 0,
    "sweepCount": 0,
    "sweepDirection": "NEUTRAL",
    "buySweeps": 0,
    "sellSweeps": 0,
    "avgSweepSize": 0,
    "avgSweepIntensity": 0,
    "bidLiftRatio": 0,
    "askLiftRatio": 0,
    "sweepFrequency": 0,
    "largestSweep": null,
    "recentSweepClusters": 0,
    "sweepDetails": []
  },
  "absorption": {
    "absorptionScore": 0,
    "absorptionLevel": null,
    "absorptionSide": "NONE",
    "icebergProbability": 0,
    "hiddenLiquidityEstimate": 0,
    "volumeAtPrice": {},
    "topAbsorptionLevels": [],
    "persistenceDuration": 0,
    "refillDetected": false
  },
  "orderArrival": {
    "avgInterArrivalTime": 0,
    "recentInterArrivalTime": 0,
    "accelerationRatio": 1,
    "hawkesIntensity": 0,
    "hawkesDirection": "NEUTRAL",
    "clusteringScore": 0,
    "burstCount": 0,
    "cascadeDetected": false,
    "timeToNextTrade": 0,
    "accelerationTrend": "STABLE"
  },
  "liquidityVacuum": {
    "vacuumScore": 0,
    "vacuumSide": "NONE",
    "bidVacuumSeverity": 0,
    "askVacuumSeverity": 0,
    "depthConcentration": 0,
    "priceImpact10k": 0,
    "priceImpact50k": 0,
    "priceImpact100k": 0,
    "largestGapBid": 0,
    "largestGapAsk": 0,
    "avgGapBid": 0,
    "avgGapAsk": 0,
    "bidCliffDistance": 0,
    "askCliffDistance": 0
  },
  "volatilityRegime": {
    "regime": "ELEVATED",
    "regimeScore": 0.5,
    "currentATR": 0.003589,
    "avgATR": 0.001509,
    "atrPercentile": 72.4,
    "realizedVolatility": 171.75,
    "volPercentile": 86.4,
    "expanding": true,
    "contracting": false,
    "transitionProbability": 0.7,
    "daysInRegime": 3,
    "regimeStrength": 0.06
  },
  "temporalPatterns": {
    "currentHour": 8,
    "currentDay": 0,
    "currentDayName": "Sunday",
    "dayBias": "NEUTRAL",
    "hourlyProfile": [
      {
        "avgVolume": 90222809.06,
        "avgATR": 0.000619,
        "avgReturn": -0.856
      },
      {
        "avgVolume": 111212710.26,
        "avgATR": 0.000828,
        "avgReturn": 1.811
      },
      {
        "avgVolume": 97070317.23,
        "avgATR": 0.000671,
        "avgReturn": -0.308
      },
      {
        "avgVolume": 76528802.69,
        "avgATR": 0.000487,
        "avgReturn": -0.815
      },
      {
        "avgVolume": 62138356.96,
        "avgATR": 0.000516,
        "avgReturn": 0.361
      },
      {
        "avgVolume": 48085876.79,
        "avgATR": 0.000414,
        "avgReturn": -0.344
      },
      {
        "avgVolume": 44348373.51,
        "avgATR": 0.000494,
        "avgReturn": -0.274
      },
      {
        "avgVolume": 65174237.16,
        "avgATR": 0.000717,
        "avgReturn": 1.702
      },
      {
        "avgVolume": 56996501.58,
        "avgATR": 0.000599,
        "avgReturn": 0.782
      },
      {
        "avgVolume": 40348274.75,
        "avgATR": 0.000406,
        "avgReturn": -0.607
      },
      {
        "avgVolume": 53682437.29,
        "avgATR": 0.000607,
        "avgReturn": -0.358
      },
      {
        "avgVolume": 53778141.56,
        "avgATR": 0.00051,
        "avgReturn": 0.375
      },
      {
        "avgVolume": 98652691.44,
        "avgATR": 0.000617,
        "avgReturn": 0.486
      },
      {
        "avgVolume": 115197994.41,
        "avgATR": 0.000716,
        "avgReturn": 0.531
      },
      {
        "avgVolume": 95993040.33,
        "avgATR": 0.000695,
        "avgReturn": 1.01
      },
      {
        "avgVolume": 171102401.54,
        "avgATR": 0.000909,
        "avgReturn": 1.876
      },
      {
        "avgVolume": 154348899.47,
        "avgATR": 0.000739,
        "avgReturn": 0.077
      },
      {
        "avgVolume": 105642705.42,
        "avgATR": 0.000733,
        "avgReturn": 0.994
      },
      {
        "avgVolume": 112078554.26,
        "avgATR": 0.000644,
        "avgReturn": -0.478
      },
      {
        "avgVolume": 113542677.62,
        "avgATR": 0.000603,
        "avgReturn": 0.192
      },
      {
        "avgVolume": 107034723.07,
        "avgATR": 0.000605,
        "avgReturn": 0.036
      },
      {
        "avgVolume": 213946135.59,
        "avgATR": 0.001284,
        "avgReturn": -0.111
      },
      {
        "avgVolume": 129139515.84,
        "avgATR": 0.000738,
        "avgReturn": -1.134
      },
      {
        "avgVolume": 77684519.43,
        "avgATR": 0.000442,
        "avgReturn": 0.584
      }
    ],
    "dailyProfile": [
      {
        "avgVolume": 70618960.1,
        "avgATR": 0.000563,
        "avgReturn": -0.291
      },
      {
        "avgVolume": 57257345.99,
        "avgATR": 0.0005,
        "avgReturn": 0.159
      },
      {
        "avgVolume": 39615041.51,
        "avgATR": 0.000403,
        "avgReturn": -0.293
      },
      {
        "avgVolume": 75117789.8,
        "avgATR": 0.000493,
        "avgReturn": 0.576
      },
      {
        "avgVolume": 138930468.48,
        "avgATR": 0.000636,
        "avgReturn": 0.699
      },
      {
        "avgVolume": 193488653.29,
        "avgATR": 0.001167,
        "avgReturn": 0.597
      },
      {
        "avgVolume": 93605793.14,
        "avgATR": 0.000782,
        "avgReturn": 0.158
      }
    ],
    "favorableHours": [
      21,
      15,
      16,
      22,
      13,
      19
    ],
    "favorableWindow": false,
    "currentVsAvgVolume": 0,
    "currentVsAvgVolatility": 0,
    "anomalyDetected": true,
    "timeUntilFavorable": 5,
    "temporalScore": 0
  },
  "unifiedMicrostructure": {
    "signalDirections": {
      "vpin": "NEUTRAL",
      "sweeps": "NEUTRAL",
      "absorption": "NEUTRAL",
      "arrival": "NEUTRAL",
      "vacuum": "NONE",
      "volRegime": "NEUTRAL",
      "temporal": "UNFAVORABLE"
    },
    "consensusDirection": "BEARISH",
    "consensusStrength": 50,
    "bullishSignals": 0,
    "bearishSignals": 1,
    "neutralSignals": 1,
    "totalAvailableSignals": 2,
    "dominantPattern": "NONE",
    "clusters": {
      "strongBuyCluster": false,
      "distributionPattern": false,
      "accumulationPattern": false,
      "momentumCascade": false
    },
    "adaptiveWeights": {
      "vpin": 0,
      "sweeps": 0,
      "absorption": 0,
      "arrival": 0,
      "vacuum": 0,
      "volRegime": 0.021,
      "temporal": 0.02
    },
    "convictionLevel": "LOW",
    "convictionScore": 30,
    "riskAdjustment": "REDUCE",
    "timingQuality": "UNFAVORABLE",
    "signalQuality": "LOW"
  },
  "deltaAnalysis": {
    "currentDelta": 0,
    "cumulativeDelta": 0,
    "deltaPerVolume": 0,
    "deltaDirection": "NEUTRAL",
    "deltaDivergence": false,
    "institutionalRatio": 0,
    "aggressionScore": 0
  },
  "volumeProfile": {
    "pointOfControl": 0,
    "valueAreaHigh": 0,
    "valueAreaLow": 0,
    "currentPosition": "ABOVE_VALUE_AREA",
    "volumeNodes": [],
    "airPockets": []
  },
  "momentumCascade": {
    "cascadeDetected": false,
    "alignmentScore": -0.030143207198773395,
    "cascadeStrength": 0,
    "acceleratingTimeframes": [],
    "divergingTimeframes": [
      "1m",
      "5m",
      "15m",
      "1h"
    ]
  },
  "breakoutConfirmation": {
    "breakoutConfirmed": false,
    "volumeConfirmation": false,
    "retestStrength": 0,
    "falseBreakoutRisk": 0,
    "breakoutQuality": "NO_BREAKOUT"
  },
  "liquidityHeatmap": {
    "liquidityScore": 0,
    "magnetDirection": "NONE",
    "magnetStrength": 0,
    "priceTarget5pct": null,
    "message": "No order book data"
  },
  "smartMoneyDivergence": {
    "divergenceDetected": false,
    "divergenceDirection": "NONE",
    "smartMoneyScore": 0.5,
    "message": "Insufficient trade data"
  },
  "microstructure": {
    "raw": -0.06792802365333087,
    "pct": 49,
    "summary": {
      "latestBucketSignedZ": 0,
      "buySellRatio": 0.5,
      "tradesPerSec": 0,
      "vwap": 0,
      "aggressorVWAP": 0,
      "vpinToxicity": "UNKNOWN",
      "sweepDirection": "NEUTRAL",
      "absorptionSide": "NONE",
      "icebergDetected": false,
      "hawkesDirection": "NEUTRAL",
      "cascadeDetected": false,
      "vacuumSide": "NONE",
      "volatilityRegime": "ELEVATED",
      "volExpanding": true,
      "favorableTimeWindow": false,
      "temporalAnomaly": true,
      "consensusDirection": "BEARISH",
      "consensusStrength": 50,
      "dominantPattern": "NONE",
      "convictionLevel": "LOW",
      "riskAdjustment": "REDUCE",
      "timingQuality": "UNFAVORABLE",
      "deltaDirection": "NEUTRAL",
      "deltaDivergence": false,
      "institutionalRatio": 0,
      "volumeProfilePosition": "ABOVE_VALUE_AREA",
      "pointOfControl": 0,
      "momentumCascadeDetected": false,
      "cascadeStrength": 0,
      "breakoutQuality": "NO_BREAKOUT",
      "breakoutConfirmed": false,
      "magnetDirection": "NONE",
      "magnetStrength": 0,
      "priceTarget5pct": null,
      "nearestBidWall": 0,
      "nearestAskWall": 0,
      "divergenceDetected": false,
      "divergenceDirection": "NONE",
      "whaleAccumulation": false,
      "whaleDistribution": false,
      "retailPanic": false,
      "smartMoneyScore": 0.5
    }
  }
}

=== MICROSTRUCTURE ALERTS ===

🔬 VPIN: Insufficient data for VPIN analysis

🌊 SWEEP DETECTION: No significant sweeps detected

🧊 ABSORPTION & ICEBERG: No significant absorption or iceberg orders detected

⚡ ORDER ARRIVAL DYNAMICS: Insufficient trades for analysis

🌪️ LIQUIDITY VACUUM: No significant vacuum detected

📊 VOLATILITY REGIME DETECTION:
   Current Regime: ELEVATED
   Regime Score: 0.50 (-1=low vol, +1=extreme vol)
   Days in Regime: 3
   ATR: $0.003589 (avg: $0.001509)
   ATR Percentile: 72.4%
   Realized Volatility: 171.75% (annualized)
   Vol Percentile: 86.4%

   🟡 ELEVATED VOLATILITY:
   ⚠️ Increased risk - wider stops needed
   ⚠️ Reduce position size
   💡 Good for momentum strategies

   🚀 VOLATILITY EXPANDING:
   💥 Breakout likely imminent!
   📈 Market transitioning to higher vol regime
   ✅ Strong signal when combined with other indicators

   ⚠️ HIGH REGIME TRANSITION PROBABILITY: 70%
   Market near regime boundary - expect volatility shift soon

⏰ TEMPORAL PATTERN ANALYSIS:
   Current Time: Sunday 8:00 UTC
   Day Bias: NEUTRAL
   Current vs Avg Volume: 0x
   Current vs Avg Volatility: 0x

   ⏳ NON-FAVORABLE TIME WINDOW:
   This hour typically shows weaker activity
   Next favorable window in 5 hour(s)

   ⚠️ LOW ACTIVITY ANOMALY:
   Volume 0x below typical - Extremely quiet

   📉 LOW VOLATILITY ANOMALY:
   Volatility 0x below typical - Consolidation likely

   🔥 Best Trading Hours (UTC): 21:00, 15:00, 16:00

🎯 UNIFIED MICROSTRUCTURE INTEGRATION:
   Signal Consensus: BEARISH (50% agreement)
   Available Signals: 2 (0 bullish / 1 bearish / 1 neutral)
   Conviction Level: LOW (30%)
   Signal Quality: LOW
   Risk Adjustment: REDUCE
   Timing Quality: UNFAVORABLE

   ⚠️ LOW CONVICTION: Only 50% signal agreement
   Weak alignment - Reduce position size or wait for clarity

   ⚠️ RISK REDUCTION RECOMMENDED: Extreme volatility or unfavorable timing detected

   ⏰ UNFAVORABLE TIMING: Avoid trading during this hour

   Signal Directions Breakdown:
   • VPIN: NEUTRAL
   • Sweeps: NEUTRAL
   • Absorption: NEUTRAL
   • Arrival Dynamics: NEUTRAL
   • Liquidity Vacuum: NONE
   • Vol Regime: NEUTRAL
   • Temporal: UNFAVORABLE

   Adaptive Weights (Total: 4.1%):
   • VPIN: 0.0%
   • Sweeps: 0.0%
   • Absorption: 0.0%
   • Arrival: 0.0%
   • Vacuum: 0.0%
   • Vol Regime: 2.1%
   • Temporal: 2.0%


💹 DELTA ANALYSIS (Order Flow Aggression):
   Direction: NEUTRAL
   Delta Per Volume: 0.00%
   Institutional Ratio: 0.0%
   Aggression Score: 0.0%

📊 VOLUME PROFILE (Support/Resistance Strength):
   Point of Control (POC): $0.000000
   Value Area High: $0.000000
   Value Area Low: $0.000000
   Current Position: ABOVE_VALUE_AREA
   ⚠️ DISTRIBUTION RISK: Price above value area - potential rejection zone

⚡ MOMENTUM CASCADE (Multi-Timeframe Alignment):
   Cascade Detected: NO
   Alignment Score: -3.0%
   Cascade Strength: 0.0%
   Accelerating: None
   Diverging: 1m, 5m, 15m, 1h

💥 BREAKOUT CONFIRMATION:
   Quality: NO_BREAKOUT
   Volume Confirmation: NO
   Retest Strength: 0.0%
   False Breakout Risk: 0.0%
   No breakout detected - price below resistance


levels:
Entry=0.016863660000000003, StopLoss=0.0172852515, TakeProfit=0.016779492000000003, 0.01665324, 0.016590114

---
