
=== Token: BNKR (BNKR) ===
Contract: BNKR-USD
Timestamp: 2025-11-16T16:00:00.000Z

Calculations:
{
  "momentumScore": 20.740985480812068,
  "volumeScore": 45,
  "patternScore": 35,
  "totalScore": 32.34554692028426,
  "finalScore": 32.34554692028426,
  "weights": "0.23,0.45,0.23",
  "hourlyUptrend": false,
  "rsi": 43.715846994535575,
  "ultraShortVolumeSurge": 0.5418169396782643,
  "baseVolumeSurge": 0.0393460849383051,
  "currentPrice": 0.0003051,
  "resistance": 0.0003134,
  "support": 0.000304,
  "rocMin5": -0.023680000000000055,
  "shortROC": -0.012301715765619892,
  "priceAcceleration": -0.005958644434880106,
  "buySellRatio": 0.8488968553308854,
  "macdHistogram": -5.697050500424678e-7,
  "stochasticK": 11.702127659574229,
  "atr": 0.0000017785714285714407,
  "bbUpper": 0.000324772047373618,
  "bbLower": 0.000300897952626382,
  "hammerDetected": false,
  "engulfingDetected": false,
  "compressionSpring": {
    "detected": true,
    "confidence": 44,
    "signals": {
      "sidewaysPrice": true,
      "atrCompression": true,
      "bbSqueeze": false,
      "consolidationTime": true,
      "strongBuying": true,
      "obvPositive": false,
      "chaikinPositive": false,
      "rsiNeutral": false,
      "volumeBuilding": false
    },
    "metrics": {
      "priceRange": 3.09,
      "atrRatio": 0.737,
      "bbWidth": 7.63,
      "volumeRatio": 0.312,
      "signalCount": 4,
      "buySellRatio": 0.849
    }
  },
  "riskTier": "LOW",
  "atrPercent": 0.8615442243760848,
  "distanceToResistance": 2.720419534578822,
  "slPercent": 2.5,
  "tpPercent": 2.3123566043919985,
  "trailingActivation": 1.3874139626351991,
  "shortMomentumScore": 30,
  "overboughtScore": 0,
  "shortPatternScore": 0,
  "shootingStarDetected": false,
  "bearishEngulfingDetected": false,
  "eveningStarDetected": false,
  "bearishPatternsCount": 0,
  "shortTotalScore": 12,
  "chaikin": 0.2237524091452463,
  "obvIncreasing": false,
  "obvTrend": "declining",
  "adx": 57.6576576576576,
  "recentCandles": {
    "redCount": 5,
    "greenCount": 5
  },
  "resistanceDistance": 2.720419534578822,
  "multiplePatterns": false,
  "bullishPattern": false,
  "priceAboveVWAP": false,
  "breakingResistance": false,
  "atrSufficient": false,
  "macdDivergenceBearish": false,
  "rvolMin1": -0.2595986161478667,
  "rvolMin5": 0.3060057092370178,
  "atrPercentileOld": 0.7073170731707317,
  "vwapDeviation": -3.9808926601781423,
  "bbWidthPercent": 7.631529319684817,
  "bbSqueeze": false,
  "multiTFMomentum": {
    "min1": {
      "roc1": -0.002272727272727328,
      "roc3": -0.0012999675008125112
    },
    "min5": {
      "roc1": -0.012301715765619892,
      "roc3": -0.02555094219099339
    },
    "min15": {
      "roc1": -0.021488133418858243,
      "roc3": -0.022428708747196435
    },
    "hourly": {
      "roc1": -0.002622091117666225,
      "roc3": -0.01297437560817382
    },
    "fourHour": {
      "roc1": -0.013614262560777936,
      "roc3": -0.04308176100628917
    },
    "divergenceShortUpLongDown": false
  },
  "returnZMin5": -2.1253894022031354,
  "wickClosePct": 0,
  "wickUpper": 0.000001199999999999975,
  "wickLower": 0,
  "wickRatio": 0.4615384615384503,
  "donchianBreakout15": false,
  "bbWidthPercentile15": 0.8831168831168831,
  "signedMin5": -97302595,
  "signedMin5Z": -7.298007910419838,
  "signedMin1": -29866219,
  "signedMin1Z": -3.4810631293114715,
  "streakMin1": {
    "upStreak": 0,
    "downStreak": 0
  },
  "streakMin5": {
    "upStreak": 0,
    "downStreak": 3
  },
  "rvolPercentileMin1": 0.40902777777777777,
  "rvolPercentileMin5": 0.8541666666666666,
  "perTfMetrics": {
    "min1": {
      "sma20": 0.000310745,
      "sma50": 0.00030924399999999997,
      "ema20": 0.0003100870324965236,
      "ema50": 0.00031069704033177673,
      "vwma20": 0.00031018955072193653,
      "hma21": 0.00031052337662337674,
      "atr14": 0.0000010500000000000022,
      "atrPercentile": 0.40634441087613293,
      "rvolZ": -0.2595986161478667,
      "rvolPercentile": 0.40902777777777777,
      "mfi14": 51.923771126766624,
      "ppo": {
        "ppo": -0.11516926878670816,
        "signal": 0.08287134424217094,
        "histogram": -0.1980406130288791
      },
      "stochRsi": {
        "k": 6.511990251990246,
        "d": 41.89591926848382
      },
      "vprofile": {
        "vpBins": [
          0.11364414363247394,
          0,
          0.12082994416644635,
          0.058268030384234525,
          0.08076153520211161,
          0.045571638644006186,
          0.010097741906544793,
          0.12297199807706315,
          0.09927596910092727,
          0.0013081366420567148,
          0.0017643125380811162,
          0.013156462834403452,
          0.005507421107420442,
          0.13342790809596974,
          0.023695838858632485,
          0.01938899431039548,
          0.062097213547896206,
          0.06491152737181274,
          0.018438689759066675,
          0.004882493820457146
        ],
        "currentBinShare": 0.12082994416644635
      },
      "ttm": {
        "squeeze": false,
        "release": false,
        "widthPct": 2.404561490500196
      }
    },
    "min5": {
      "sma20": 0.00030941000000000003,
      "sma50": 0.00031538199999999996,
      "ema20": 0.0003105075231742276,
      "ema50": 0.0003131813061593866,
      "vwma20": 0.00030843486795890674,
      "hma21": 0.00031208095238095243,
      "atr14": 0.0000017785714285714407,
      "atrPercentile": 0.5912408759124088,
      "rvolZ": 0.3060057092370178,
      "rvolPercentile": 0.8541666666666666,
      "mfi14": 74.70747022608879,
      "ppo": {
        "ppo": -0.3721958340813254,
        "signal": -0.4226121195495152,
        "histogram": 0.050416285468189825
      },
      "stochRsi": {
        "k": 42.454967566310344,
        "d": 54.16305274178938
      },
      "vprofile": {
        "vpBins": [
          0.010162937029838375,
          0,
          0.12668253532429874,
          0.049693126803558293,
          0.03809416981823833,
          0.04333283872729907,
          0.08424248114284129,
          0.05683494157805762,
          0.06535060580771243,
          0.03347578095006093,
          0.06099652139422494,
          0.0232267129816222,
          0.018413901464631396,
          0.15125644596855514,
          0.049525391788545474,
          0.03887150960339438,
          0.03390372582512634,
          0.04126968761608739,
          0.007982615346036968,
          0.06668407082987071
        ],
        "currentBinShare": 0.010162937029838375
      },
      "ttm": {
        "squeeze": false,
        "release": false,
        "widthPct": 2.827296111837131
      }
    },
    "min15": {
      "sma20": 0.000312835,
      "sma50": 0.00031624199999999984,
      "ema20": 0.00031224851719685955,
      "ema50": 0.00031563360037339906,
      "vwma20": 0.00031145084236819056,
      "hma21": 0.00030505670995670985,
      "atr14": 0.0000026285714285714345,
      "atrPercentile": 0.7073170731707317,
      "rvolZ": 0.011136656759668235,
      "rvolPercentile": 0.6666666666666666,
      "mfi14": 22.550288479492508,
      "ppo": {
        "ppo": -0.830669090055883,
        "signal": -0.7886928590357266,
        "histogram": -0.04197623102015635
      },
      "stochRsi": {
        "k": 92.94127836480153,
        "d": 30.169011881758177
      },
      "vprofile": {
        "vpBins": [
          0.010593465682857373,
          0,
          0.13413866804118652,
          0.013485908577955669,
          0.08263442414530016,
          0.043318361147985006,
          0.09970491391717796,
          0.047174852330294365,
          0.06465171579277296,
          0.028706321313299917,
          0.0653573960574579,
          0.038446490193884186,
          0.002150565622586797,
          0.12552371607315385,
          0.07442665786847885,
          0.012149707589864065,
          0.06803057404530494,
          0.01093548213947131,
          0.003785281427934519,
          0.07478549803303368
        ],
        "currentBinShare": 0.010593465682857373
      },
      "ttm": {
        "squeeze": false,
        "release": false,
        "widthPct": 7.631529319684817
      }
    },
    "hourly": {
      "sma20": 0.00031497999999999997,
      "sma50": 0.00032052000000000003,
      "ema20": 0.0003149074258635615,
      "ema50": 0.00032474785289522934,
      "vwma20": 0.00031217790564047306,
      "hma21": 0.0003138012987012988,
      "atr14": 0.000004978571428571433,
      "atrPercentile": 0.09006211180124224,
      "rvolZ": 0.2347513090334897,
      "rvolPercentile": 0.7886904761904762,
      "mfi14": 33.642547230425635,
      "ppo": {
        "ppo": -1.4305714047039442,
        "signal": -1.0696490752194818,
        "histogram": -0.36092232948446235
      },
      "stochRsi": {
        "k": 0,
        "d": 38.33947762772012
      },
      "vprofile": {
        "vpBins": [
          0.04345437431840285,
          0.07851394546653609,
          0.11474302572699954,
          0.06263162681747382,
          0.040970446866294745,
          0.08088157215526208,
          0.03587669835618948,
          0.0018157366583624267,
          0.080055595434687,
          0.11315319104298552,
          0.019763376145027885,
          0.059324058147808945,
          0.04279949786101731,
          0.07330945447752134,
          0.14099859575888177,
          0.011708804766549223,
          0,
          0,
          0,
          0
        ],
        "currentBinShare": 0.04345437431840285
      },
      "ttm": {
        "squeeze": false,
        "release": false,
        "widthPct": 7.551989679605625
      }
    },
    "fourHour": {
      "sma20": 0.000332275,
      "sma50": 0.0003764099999999999,
      "ema20": 0.00033389389160555044,
      "ema50": 0.0003686547285671796,
      "vwma20": 0.00033606837692992225,
      "hma21": 0.0003003363636363636,
      "atr14": 0.000013764285714285715,
      "atrPercentile": 0.02857142857142857,
      "rvolZ": 0.1173320063662958,
      "rvolPercentile": 0.7261904761904762,
      "mfi14": 31.712724525266253,
      "ppo": {
        "ppo": -5.896614524106612,
        "signal": -5.741120747426217,
        "histogram": -0.15549377668039455
      },
      "stochRsi": {
        "k": 24.997930438015914,
        "d": 29.31833793314934
      },
      "vprofile": {
        "vpBins": [
          0.04455073475985953,
          0.08243508741433972,
          0.00610572874161937,
          0.09315848479509443,
          0.0634267604691889,
          0.16317069415686938,
          0.10732367726308725,
          0.11897851387540034,
          0.06852419523027795,
          0.10734645012103756,
          0.07219833879690993,
          0.03180191540569224,
          0.007088735835719962,
          0,
          0.006462011421244441,
          0.012696176623598565,
          0,
          0,
          0.014732495090060437,
          0
        ],
        "currentBinShare": 0.04455073475985953
      },
      "ttm": {
        "squeeze": false,
        "release": false,
        "widthPct": 25.025863269875277
      }
    },
    "daily": {
      "sma20": 0.00043616,
      "sma50": 0.00045276799999999993,
      "ema20": 0.00040162152609810454,
      "ema50": 0.0004497521671742485,
      "vwma20": 0,
      "hma21": 0.0003053316017316017,
      "atr14": 0.00006712142857142859,
      "atrPercentile": 0.2631578947368421,
      "rvolZ": 0,
      "rvolPercentile": 1,
      "mfi14": 50,
      "ppo": {
        "ppo": -9.589681352829139,
        "signal": -5.925375599780187,
        "histogram": -3.664305753048952
      },
      "stochRsi": {
        "k": 0.13650235359133434,
        "d": 20.31634787918134
      },
      "vprofile": {
        "vpBins": [
          0,
          0,
          0,
          0,
          0,
          0,
          0,
          0,
          0,
          0,
          0,
          0,
          0,
          0,
          0,
          0,
          0,
          0,
          0,
          0
        ],
        "currentBinShare": 0
      },
      "ttm": {
        "squeeze": false,
        "release": false,
        "widthPct": 82.9247322652004
      }
    }
  },
  "smaMin5": 0.00030941000000000003,
  "emaMin5": 0.0003105075231742276,
  "vwmaMin5": 0.00030843486795890674,
  "hmaMin5": 0.00031208095238095243,
  "keltner15": {
    "upper": 0.0003163135171968596,
    "middle": 0.00031224851719685955,
    "lower": 0.0003081835171968595
  },
  "superTrend15": {
    "isBull": false,
    "finalUpper": 0.00031643,
    "finalLower": 0.00030016999999999994
  },
  "mfi15": 22.550288479492508,
  "stochRsi15": {
    "k": 92.94127836480153,
    "d": 30.169011881758177
  },
  "ppo15": {
    "ppo": -0.830669090055883,
    "signal": -0.7886928590357266,
    "histogram": -0.04197623102015635
  },
  "vpMin15": {
    "vpBins": [
      0.010593465682857373,
      0,
      0.13413866804118652,
      0.013485908577955669,
      0.08263442414530016,
      0.043318361147985006,
      0.09970491391717796,
      0.047174852330294365,
      0.06465171579277296,
      0.028706321313299917,
      0.0653573960574579,
      0.038446490193884186,
      0.002150565622586797,
      0.12552371607315385,
      0.07442665786847885,
      0.012149707589864065,
      0.06803057404530494,
      0.01093548213947131,
      0.003785281427934519,
      0.07478549803303368
    ],
    "currentBinShare": 0.010593465682857373
  },
  "ttm15": {
    "squeeze": false,
    "release": false,
    "widthPct": 7.631529319684817
  },
  "marketCorrelation": {
    "hourly": {
      "btcCorrelation": 0,
      "ethCorrelation": 0,
      "btcBeta": 1,
      "ethBeta": 1,
      "btcTrend": "UNKNOWN",
      "ethTrend": "UNKNOWN",
      "tokenVol": 0,
      "btcVol": 0,
      "ethVol": 0,
      "marketDependence": 0,
      "verdict": "INSUFFICIENT_DATA"
    },
    "min15": {
      "btcCorrelation": 0,
      "ethCorrelation": 0,
      "btcBeta": 1,
      "ethBeta": 1,
      "btcTrend": "UNKNOWN",
      "ethTrend": "UNKNOWN",
      "tokenVol": 0,
      "btcVol": 0,
      "ethVol": 0,
      "marketDependence": 0,
      "verdict": "INSUFFICIENT_DATA"
    },
    "daily": {
      "btcCorrelation": 0,
      "ethCorrelation": 0,
      "btcBeta": 1,
      "ethBeta": 1,
      "btcTrend": "UNKNOWN",
      "ethTrend": "UNKNOWN",
      "tokenVol": 0,
      "btcVol": 0,
      "ethVol": 0,
      "marketDependence": 0,
      "verdict": "INSUFFICIENT_DATA"
    }
  },
  "tradeTape": {
    "totalTrades": 0,
    "totalVolume": 0,
    "buysVolume": 0,
    "sellsVolume": 0,
    "buySellRatio": 0.5,
    "vwap": 0,
    "signedVolume": 0,
    "avgTradeSize": 0,
    "tradesPerSec": 0,
    "cumulativeDelta": 0,
    "tradesLast1m": 0,
    "tradesLast5m": 0,
    "tradesLast15m": 0,
    "tradesLast1h": 0,
    "buyVWAP": 0,
    "sellVWAP": 0,
    "aggressorVWAP": 0,
    "bucketDurationMs": 60000,
    "bucketCount": 15,
    "bucketSignedVolumes": [],
    "bucketVolumes": [],
    "bucketVWAPs": [],
    "latestBucketSignedZ": 0
  },
  "enhancedMetrics": {
    "relativeVolumeZScore": -1,
    "volumePercentile": 40,
    "atrPercentile": 59.48905109489051,
    "volatilityPercentile": 15.18987341772152,
    "relativeVolatilityRatio": 0.8486494677835894,
    "isHighVolume": false,
    "isHighVolatility": false,
    "isLowVolatility": true,
    "isExpandingVolatility": false,
    "isContractingVolatility": false
  },
  "orderBook": {
    "bidAskSpread": 0,
    "spreadPct": 0,
    "midPrice": 0,
    "bestBid": 0,
    "bestAsk": 0,
    "bidDepth": 0,
    "askDepth": 0,
    "orderBookImbalance": 0,
    "liquidityScore": 0,
    "depthAt1Pct": {
      "bidVolume": 0,
      "askVolume": 0,
      "imbalance": 0
    },
    "depthAt2Pct": {
      "bidVolume": 0,
      "askVolume": 0,
      "imbalance": 0
    },
    "depthAt5Pct": {
      "bidVolume": 0,
      "askVolume": 0,
      "imbalance": 0
    },
    "weightedMidPrice": 0,
    "volumeWeightedSpread": 0,
    "totalBidLevels": 0,
    "totalAskLevels": 0
  },
  "marketCap": {
    "marketCap": 0,
    "totalVolume24h": 0,
    "volumeToMarketCapRatio": 0,
    "marketCapRank": 0,
    "normalizedRank": 0,
    "isHighLiquidity": false,
    "isVeryHighLiquidity": false,
    "isLowLiquidity": true,
    "liquidityTier": "VERY_LOW"
  },
  "sweeps": {
    "sweepScore": 0,
    "sweepCount": 0,
    "sweepDirection": "NEUTRAL",
    "buySweeps": 0,
    "sellSweeps": 0,
    "avgSweepSize": 0,
    "avgSweepIntensity": 0,
    "bidLiftRatio": 0,
    "askLiftRatio": 0,
    "sweepFrequency": 0,
    "largestSweep": null,
    "recentSweepClusters": 0,
    "sweepDetails": []
  },
  "absorption": {
    "absorptionScore": 0,
    "absorptionLevel": null,
    "absorptionSide": "NONE",
    "icebergProbability": 0,
    "hiddenLiquidityEstimate": 0,
    "volumeAtPrice": {},
    "topAbsorptionLevels": [],
    "persistenceDuration": 0,
    "refillDetected": false
  },
  "orderArrival": {
    "avgInterArrivalTime": 0,
    "recentInterArrivalTime": 0,
    "accelerationRatio": 1,
    "hawkesIntensity": 0,
    "hawkesDirection": "NEUTRAL",
    "clusteringScore": 0,
    "burstCount": 0,
    "cascadeDetected": false,
    "timeToNextTrade": 0,
    "accelerationTrend": "STABLE"
  },
  "liquidityVacuum": {
    "vacuumScore": 0,
    "vacuumSide": "NONE",
    "bidVacuumSeverity": 0,
    "askVacuumSeverity": 0,
    "depthConcentration": 0,
    "priceImpact10k": 0,
    "priceImpact50k": 0,
    "priceImpact100k": 0,
    "largestGapBid": 0,
    "largestGapAsk": 0,
    "avgGapBid": 0,
    "avgGapAsk": 0,
    "bidCliffDistance": 0,
    "askCliffDistance": 0
  },
  "volatilityRegime": {
    "regime": "NORMAL",
    "regimeScore": 0,
    "currentATR": 0.00007,
    "avgATR": 0.000089,
    "atrPercentile": 36.8,
    "realizedVolatility": 188.56,
    "volPercentile": 81.4,
    "expanding": false,
    "contracting": false,
    "transitionProbability": 0.3,
    "daysInRegime": 4,
    "regimeStrength": 0.09
  },
  "temporalPatterns": {
    "currentHour": 22,
    "currentDay": 0,
    "currentDayName": "Sunday",
    "dayBias": "NEUTRAL",
    "hourlyProfile": [
      {
        "avgVolume": 52251135.21,
        "avgATR": 0.00001,
        "avgReturn": -0.103
      },
      {
        "avgVolume": 98496357,
        "avgATR": 0.000012,
        "avgReturn": 0.276
      },
      {
        "avgVolume": 35636901.93,
        "avgATR": 0.000007,
        "avgReturn": 0.553
      },
      {
        "avgVolume": 39935279.79,
        "avgATR": 0.000008,
        "avgReturn": -0.084
      },
      {
        "avgVolume": 46758119.36,
        "avgATR": 0.000008,
        "avgReturn": -1.104
      },
      {
        "avgVolume": 28477869.93,
        "avgATR": 0.00001,
        "avgReturn": -0.193
      },
      {
        "avgVolume": 26298577.07,
        "avgATR": 0.000006,
        "avgReturn": -0.362
      },
      {
        "avgVolume": 28167212.21,
        "avgATR": 0.000007,
        "avgReturn": -0.122
      },
      {
        "avgVolume": 15263559.79,
        "avgATR": 0.000005,
        "avgReturn": -0.163
      },
      {
        "avgVolume": 33778504.5,
        "avgATR": 0.000007,
        "avgReturn": -0.057
      },
      {
        "avgVolume": 20185460.86,
        "avgATR": 0.000007,
        "avgReturn": -0.431
      },
      {
        "avgVolume": 21419547.21,
        "avgATR": 0.000008,
        "avgReturn": -0.585
      },
      {
        "avgVolume": 65428864.5,
        "avgATR": 0.00001,
        "avgReturn": -0.219
      },
      {
        "avgVolume": 89292126.07,
        "avgATR": 0.000012,
        "avgReturn": -0.214
      },
      {
        "avgVolume": 80829512.14,
        "avgATR": 0.000012,
        "avgReturn": -0.557
      },
      {
        "avgVolume": 79137616,
        "avgATR": 0.000015,
        "avgReturn": -0.599
      },
      {
        "avgVolume": 105209274.36,
        "avgATR": 0.000012,
        "avgReturn": -0.106
      },
      {
        "avgVolume": 86138425.08,
        "avgATR": 0.000013,
        "avgReturn": 0.521
      },
      {
        "avgVolume": 57035678.79,
        "avgATR": 0.00001,
        "avgReturn": -0.128
      },
      {
        "avgVolume": 80071476.29,
        "avgATR": 0.000011,
        "avgReturn": 0.28
      },
      {
        "avgVolume": 80545820.79,
        "avgATR": 0.000012,
        "avgReturn": -0.416
      },
      {
        "avgVolume": 64383098.93,
        "avgATR": 0.00001,
        "avgReturn": -0.618
      },
      {
        "avgVolume": 52110371.43,
        "avgATR": 0.000009,
        "avgReturn": 0.554
      },
      {
        "avgVolume": 70853210.21,
        "avgATR": 0.00001,
        "avgReturn": -0.095
      }
    ],
    "dailyProfile": [
      {
        "avgVolume": 46969402.17,
        "avgATR": 0.000007,
        "avgReturn": 0.193
      },
      {
        "avgVolume": 31820006.98,
        "avgATR": 0.00001,
        "avgReturn": -0.486
      },
      {
        "avgVolume": 81932097.94,
        "avgATR": 0.000014,
        "avgReturn": -0.42
      },
      {
        "avgVolume": 77038104.6,
        "avgATR": 0.000012,
        "avgReturn": 0.024
      },
      {
        "avgVolume": 73026285.04,
        "avgATR": 0.00001,
        "avgReturn": -0.241
      },
      {
        "avgVolume": 46565874.77,
        "avgATR": 0.000008,
        "avgReturn": -0.122
      },
      {
        "avgVolume": 37829207.02,
        "avgATR": 0.000005,
        "avgReturn": -0.114
      }
    ],
    "favorableHours": [
      16,
      1,
      13,
      17,
      14,
      19
    ],
    "favorableWindow": false,
    "currentVsAvgVolume": 0,
    "currentVsAvgVolatility": 0,
    "anomalyDetected": true,
    "timeUntilFavorable": 3,
    "temporalScore": 0
  },
  "unifiedMicrostructure": {
    "signalDirections": {
      "vpin": "NEUTRAL",
      "sweeps": "NEUTRAL",
      "absorption": "NEUTRAL",
      "arrival": "NEUTRAL",
      "vacuum": "NONE",
      "volRegime": "NEUTRAL",
      "temporal": "UNFAVORABLE"
    },
    "consensusDirection": "BEARISH",
    "consensusStrength": 50,
    "bullishSignals": 0,
    "bearishSignals": 1,
    "neutralSignals": 1,
    "totalAvailableSignals": 2,
    "dominantPattern": "NONE",
    "clusters": {
      "strongBuyCluster": false,
      "distributionPattern": false,
      "accumulationPattern": false,
      "momentumCascade": false
    },
    "adaptiveWeights": {
      "vpin": 0,
      "sweeps": 0,
      "absorption": 0,
      "arrival": 0,
      "vacuum": 0,
      "volRegime": 0.021,
      "temporal": 0.02
    },
    "convictionLevel": "LOW",
    "convictionScore": 30,
    "riskAdjustment": "REDUCE",
    "timingQuality": "UNFAVORABLE",
    "signalQuality": "LOW"
  },
  "deltaAnalysis": {
    "currentDelta": 0,
    "cumulativeDelta": 0,
    "deltaPerVolume": 0,
    "deltaDirection": "NEUTRAL",
    "deltaDivergence": false,
    "institutionalRatio": 0,
    "aggressionScore": 0
  },
  "volumeProfile": {
    "pointOfControl": 0,
    "valueAreaHigh": 0,
    "valueAreaLow": 0,
    "currentPosition": "ABOVE_VALUE_AREA",
    "volumeNodes": [],
    "airPockets": []
  },
  "momentumCascade": {
    "cascadeDetected": false,
    "alignmentScore": -0.01938499910219816,
    "cascadeStrength": 0,
    "acceleratingTimeframes": [],
    "divergingTimeframes": [
      "1m",
      "5m",
      "15m",
      "1h"
    ]
  },
  "breakoutConfirmation": {
    "breakoutConfirmed": false,
    "volumeConfirmation": false,
    "retestStrength": 0,
    "falseBreakoutRisk": 0,
    "breakoutQuality": "NO_BREAKOUT"
  },
  "liquidityHeatmap": {
    "liquidityScore": 0,
    "magnetDirection": "NONE",
    "magnetStrength": 0,
    "priceTarget5pct": null,
    "message": "No order book data"
  },
  "smartMoneyDivergence": {
    "divergenceDetected": false,
    "divergenceDirection": "NONE",
    "smartMoneyScore": 0.5,
    "message": "Insufficient trade data"
  },
  "microstructure": {
    "raw": -0.044617481289845703,
    "pct": 49,
    "summary": {
      "latestBucketSignedZ": 0,
      "buySellRatio": 0.5,
      "tradesPerSec": 0,
      "vwap": 0,
      "aggressorVWAP": 0,
      "vpinToxicity": "UNKNOWN",
      "sweepDirection": "NEUTRAL",
      "absorptionSide": "NONE",
      "icebergDetected": false,
      "hawkesDirection": "NEUTRAL",
      "cascadeDetected": false,
      "vacuumSide": "NONE",
      "volatilityRegime": "NORMAL",
      "volExpanding": false,
      "favorableTimeWindow": false,
      "temporalAnomaly": true,
      "consensusDirection": "BEARISH",
      "consensusStrength": 50,
      "dominantPattern": "NONE",
      "convictionLevel": "LOW",
      "riskAdjustment": "REDUCE",
      "timingQuality": "UNFAVORABLE",
      "deltaDirection": "NEUTRAL",
      "deltaDivergence": false,
      "institutionalRatio": 0,
      "volumeProfilePosition": "ABOVE_VALUE_AREA",
      "pointOfControl": 0,
      "momentumCascadeDetected": false,
      "cascadeStrength": 0,
      "breakoutQuality": "NO_BREAKOUT",
      "breakoutConfirmed": false,
      "magnetDirection": "NONE",
      "magnetStrength": 0,
      "priceTarget5pct": null,
      "nearestBidWall": 0,
      "nearestAskWall": 0,
      "divergenceDetected": false,
      "divergenceDirection": "NONE",
      "whaleAccumulation": false,
      "whaleDistribution": false,
      "retailPanic": false,
      "smartMoneyScore": 0.5
    }
  }
}

=== MICROSTRUCTURE ALERTS ===

🔬 VPIN: Insufficient data for VPIN analysis

🌊 SWEEP DETECTION: No significant sweeps detected

🧊 ABSORPTION & ICEBERG: No significant absorption or iceberg orders detected

⚡ ORDER ARRIVAL DYNAMICS: Insufficient trades for analysis

🌪️ LIQUIDITY VACUUM: No significant vacuum detected

📊 VOLATILITY REGIME DETECTION:
   Current Regime: NORMAL
   Regime Score: 0.00 (-1=low vol, +1=extreme vol)
   Days in Regime: 4
   ATR: $0.000070 (avg: $0.000089)
   ATR Percentile: 36.8%
   Realized Volatility: 188.56% (annualized)
   Vol Percentile: 81.4%

   ⚪ NORMAL VOLATILITY:
   📊 Balanced market conditions
   ✅ Standard risk management applies

   📍 MODERATE REGIME TRANSITION PROBABILITY: 30%
   Monitor for potential regime change

⏰ TEMPORAL PATTERN ANALYSIS:
   Current Time: Sunday 22:00 UTC
   Day Bias: NEUTRAL
   Current vs Avg Volume: 0x
   Current vs Avg Volatility: 0x

   ⏳ NON-FAVORABLE TIME WINDOW:
   This hour typically shows weaker activity
   Next favorable window in 3 hour(s)

   ⚠️ LOW ACTIVITY ANOMALY:
   Volume 0x below typical - Extremely quiet

   📉 LOW VOLATILITY ANOMALY:
   Volatility 0x below typical - Consolidation likely

   🔥 Best Trading Hours (UTC): 16:00, 1:00, 13:00

🎯 UNIFIED MICROSTRUCTURE INTEGRATION:
   Signal Consensus: BEARISH (50% agreement)
   Available Signals: 2 (0 bullish / 1 bearish / 1 neutral)
   Conviction Level: LOW (30%)
   Signal Quality: LOW
   Risk Adjustment: REDUCE
   Timing Quality: UNFAVORABLE

   ⚠️ LOW CONVICTION: Only 50% signal agreement
   Weak alignment - Reduce position size or wait for clarity

   ⚠️ RISK REDUCTION RECOMMENDED: Extreme volatility or unfavorable timing detected

   ⏰ UNFAVORABLE TIMING: Avoid trading during this hour

   Signal Directions Breakdown:
   • VPIN: NEUTRAL
   • Sweeps: NEUTRAL
   • Absorption: NEUTRAL
   • Arrival Dynamics: NEUTRAL
   • Liquidity Vacuum: NONE
   • Vol Regime: NEUTRAL
   • Temporal: UNFAVORABLE

   Adaptive Weights (Total: 4.1%):
   • VPIN: 0.0%
   • Sweeps: 0.0%
   • Absorption: 0.0%
   • Arrival: 0.0%
   • Vacuum: 0.0%
   • Vol Regime: 2.1%
   • Temporal: 2.0%


💹 DELTA ANALYSIS (Order Flow Aggression):
   Direction: NEUTRAL
   Delta Per Volume: 0.00%
   Institutional Ratio: 0.0%
   Aggression Score: 0.0%

📊 VOLUME PROFILE (Support/Resistance Strength):
   Point of Control (POC): $0.000000
   Value Area High: $0.000000
   Value Area Low: $0.000000
   Current Position: ABOVE_VALUE_AREA
   ⚠️ DISTRIBUTION RISK: Price above value area - potential rejection zone

⚡ MOMENTUM CASCADE (Multi-Timeframe Alignment):
   Cascade Detected: NO
   Alignment Score: -1.9%
   Cascade Strength: 0.0%
   Accelerating: None
   Diverging: 1m, 5m, 15m, 1h

💥 BREAKOUT CONFIRMATION:
   Quality: NO_BREAKOUT
   Volume Confirmation: NO
   Retest Strength: 0.0%
   False Breakout Risk: 0.0%
   No breakout detected - price below resistance


levels:
Entry=0.00030448979999999997, StopLoss=0.000296877555, TakeProfit=0.000308010245, 0.0003115306899999999, 0.00031434704599999996

---

=== Token: DASH (DASH) ===
Contract: DASH-USD
Timestamp: 2025-11-16T16:00:00.000Z

Calculations:
{
  "momentumScore": 58.38638855662039,
  "volumeScore": 20,
  "patternScore": 42.63469119579526,
  "totalScore": 33.18720065016746,
  "finalScore": 33.18720065016746,
  "weights": "0.27,0.41,0.23",
  "hourlyUptrend": true,
  "rsi": 50.82680591818972,
  "ultraShortVolumeSurge": 1.6829782732957834,
  "baseVolumeSurge": 0.051686277461971304,
  "currentPrice": 93.06,
  "resistance": 98.92,
  "support": 91.32,
  "rocMin5": -0.033945811273746455,
  "shortROC": -0.006512223764278845,
  "priceAcceleration": -0.008533114023504871,
  "buySellRatio": 0.09503248754656152,
  "macdHistogram": 0.16561353875364015,
  "stochasticK": 30.394736842105257,
  "atr": 1.557142857142857,
  "bbUpper": 99.0279529752173,
  "bbLower": 89.41604702478271,
  "hammerDetected": false,
  "engulfingDetected": false,
  "compressionSpring": {
    "detected": false,
    "confidence": 0,
    "signals": {
      "sidewaysPrice": false,
      "atrCompression": false,
      "bbSqueeze": false,
      "consolidationTime": true,
      "strongBuying": false,
      "obvPositive": false,
      "chaikinPositive": false,
      "rsiNeutral": true,
      "volumeBuilding": true
    },
    "metrics": {
      "priceRange": 8.32,
      "atrRatio": 0.948,
      "bbWidth": 10.2,
      "volumeRatio": 1.11,
      "signalCount": 3,
      "buySellRatio": 0.095
    }
  },
  "riskTier": "LOW",
  "atrPercent": 3.084031807436064,
  "distanceToResistance": 6.297012679991402,
  "slPercent": 3,
  "tpPercent": 5.352460777992692,
  "trailingActivation": 3.2114764667956153,
  "shortMomentumScore": 45,
  "overboughtScore": 0,
  "shortPatternScore": 0,
  "shootingStarDetected": false,
  "bearishEngulfingDetected": false,
  "eveningStarDetected": false,
  "bearishPatternsCount": 0,
  "shortTotalScore": 18,
  "chaikin": 0.11271810086804232,
  "obvIncreasing": false,
  "obvTrend": "declining",
  "adx": 2.4561403508772854,
  "recentCandles": {
    "redCount": 5,
    "greenCount": 5
  },
  "resistanceDistance": 6.297012679991402,
  "multiplePatterns": false,
  "bullishPattern": false,
  "priceAboveVWAP": true,
  "breakingResistance": false,
  "atrSufficient": true,
  "macdDivergenceBearish": false,
  "rvolMin1": 1.4590295704960563,
  "rvolMin5": 0.6631183502701083,
  "atrPercentileOld": 0.7317073170731707,
  "vwapDeviation": 1.1957432960958696,
  "bbWidthPercent": 10.201339337346468,
  "bbSqueeze": false,
  "multiTFMomentum": {
    "min1": {
      "roc1": -0.003950037365218368,
      "roc3": 0.003225806451612873
    },
    "min5": {
      "roc1": -0.006512223764278845,
      "roc3": -0.009894669645706912
    },
    "min15": {
      "roc1": -0.00042703106651015537,
      "roc3": -0.037421609951680895
    },
    "hourly": {
      "roc1": 0.0769723497384434,
      "roc3": 0.036367372097801436
    },
    "fourHour": {
      "roc1": 0.059107611548556385,
      "roc3": 0.14558255734726314
    },
    "divergenceShortUpLongDown": false
  },
  "returnZMin5": -0.7504513520696668,
  "wickClosePct": 0.5437500000000024,
  "wickUpper": 0.9599999999999937,
  "wickLower": 1.740000000000009,
  "wickRatio": 3.480000000000018,
  "donchianBreakout15": false,
  "bbWidthPercentile15": 0.5584415584415584,
  "signedMin5": -3415.0797047099995,
  "signedMin5Z": -0.9800803246532332,
  "signedMin1": -28300.62656826,
  "signedMin1Z": -21.076678512633904,
  "streakMin1": {
    "upStreak": 0,
    "downStreak": 1
  },
  "streakMin5": {
    "upStreak": 0,
    "downStreak": 1
  },
  "rvolPercentileMin1": 0.9111111111111111,
  "rvolPercentileMin5": 0.8680555555555556,
  "perTfMetrics": {
    "min1": {
      "sma20": 94.51650000000001,
      "sma50": 95.34639999999999,
      "ema20": 94.22690622447783,
      "ema50": 94.76495135253548,
      "vwma20": 94.59077870562619,
      "hma21": 92.33038961038962,
      "atr14": 0.7564285714285727,
      "atrPercentile": 0.8695871097683786,
      "rvolZ": 1.4590295704960563,
      "rvolPercentile": 0.9111111111111111,
      "mfi14": 24.39740115606122,
      "ppo": {
        "ppo": -0.7419049315042686,
        "signal": -0.629570710157947,
        "histogram": -0.11233422134632165
      },
      "stochRsi": {
        "k": 68.34924858892558,
        "d": 28.578615038628183
      },
      "vprofile": {
        "vpBins": [
          0.0010145888207527415,
          0.045943703566028,
          0.08842414112187677,
          0.07419216468428148,
          0.08547096808961155,
          0.12463330342097169,
          0.029878183715410043,
          0.04753960104278673,
          0.02537874392680018,
          0.04604325475073393,
          0.07710749768884091,
          0.041074622727656024,
          0.04997051555237168,
          0.05356667016315092,
          0.07659653181996579,
          0.06921277657998438,
          0.013872360239229694,
          0.03257595734732112,
          0.014058391372389059,
          0.003446023369837446
        ],
        "currentBinShare": 0.07419216468428148
      },
      "ttm": {
        "squeeze": false,
        "release": false,
        "widthPct": 5.815668889528234
      }
    },
    "min5": {
      "sma20": 94.33949999999999,
      "sma50": 94.4648,
      "ema20": 94.60721418406753,
      "ema50": 94.21019741370523,
      "vwma20": 93.98732122381516,
      "hma21": 95.89017316017318,
      "atr14": 1.557142857142857,
      "atrPercentile": 0.7664233576642335,
      "rvolZ": 0.6631183502701083,
      "rvolPercentile": 0.8680555555555556,
      "mfi14": 46.176895977616155,
      "ppo": {
        "ppo": -0.12565812124132708,
        "signal": 0.11617210846106812,
        "histogram": -0.2418302297023952
      },
      "stochRsi": {
        "k": 53.69320213077346,
        "d": 51.06378067107757
      },
      "vprofile": {
        "vpBins": [
          0.035835992821592375,
          0.060726210364430086,
          0.10917748840444788,
          0.16324431443698403,
          0.16724369501055103,
          0.1364233313049422,
          0.03764084408372758,
          0.0842116934784421,
          0.08011206323123307,
          0,
          0,
          0.06925272001255588,
          0,
          0,
          0.02059802867988949,
          0.03553361817120423,
          0,
          0,
          0,
          0
        ],
        "currentBinShare": 0.16724369501055103
      },
      "ttm": {
        "squeeze": false,
        "release": false,
        "widthPct": 6.020650690992532
      }
    },
    "min15": {
      "sma20": 94.22200000000001,
      "sma50": 91.8918,
      "ema20": 94.14102231353058,
      "ema50": 92.28994741465557,
      "vwma20": 94.94041469942245,
      "hma21": 96.02896103896109,
      "atr14": 2.8700000000000014,
      "atrPercentile": 0.7317073170731707,
      "rvolZ": 0.13632414912595492,
      "rvolPercentile": 0.75,
      "mfi14": 58.51359887226954,
      "ppo": {
        "ppo": 0.8837437277991951,
        "signal": 1.1192084046176807,
        "histogram": -0.2354646768184856
      },
      "stochRsi": {
        "k": 0,
        "d": 56.65490822925468
      },
      "vprofile": {
        "vpBins": [
          0.015893530137250814,
          0.06021051005670426,
          0.05736625195908827,
          0.011636629103410331,
          0,
          0.04483531941937207,
          0.060460087380107955,
          0.26735622709315154,
          0.13468864136540715,
          0.07601566892903378,
          0.08583781014251404,
          0.12511957390207704,
          0,
          0.06057975051188276,
          0,
          0,
          0,
          0,
          0,
          0
        ],
        "currentBinShare": 0.13468864136540715
      },
      "ttm": {
        "squeeze": false,
        "release": false,
        "widthPct": 10.201339337346468
      }
    },
    "hourly": {
      "sma20": 91.72849999999998,
      "sma50": 84.3944,
      "ema20": 91.31650043078109,
      "ema50": 85.0532038796585,
      "vwma20": 94.05101576472714,
      "hma21": 94.88554112554114,
      "atr14": 4.675000000000002,
      "atrPercentile": 0.4968944099378882,
      "rvolZ": 2.5371255530974905,
      "rvolPercentile": 0.9702380952380952,
      "mfi14": 71.64809544780354,
      "ppo": {
        "ppo": 4.055947435137224,
        "signal": 3.7079105734310644,
        "histogram": 0.34803686170615933
      },
      "stochRsi": {
        "k": 100,
        "d": 59.99513832557701
      },
      "vprofile": {
        "vpBins": [
          0.019463573647934666,
          0.02630660814354562,
          0.08883651497812936,
          0.03982172446396459,
          0.08074397650753742,
          0.07154335583480494,
          0.10359759522154458,
          0.12503755812712278,
          0.07166965801459564,
          0.06726608530525999,
          0.0726033859899937,
          0.08853449596523608,
          0.05212683290998507,
          0.01474902547392205,
          0.07769960941642354,
          0,
          0,
          0,
          0,
          0
        ],
        "currentBinShare": 0.07769960941642354
      },
      "ttm": {
        "squeeze": false,
        "release": true,
        "widthPct": 18.101276867974907
      }
    },
    "fourHour": {
      "sma20": 77.66399999999999,
      "sma50": 76.049,
      "ema20": 82.15932349702987,
      "ema50": 80.95258452600956,
      "vwma20": 84.53201722817997,
      "hma21": 95.42670995670994,
      "atr14": 10.63714285714286,
      "atrPercentile": 0.6714285714285714,
      "rvolZ": 1.9389912787125194,
      "rvolPercentile": 0.9285714285714286,
      "mfi14": 79.13298531490801,
      "ppo": {
        "ppo": 6.996099431100987,
        "signal": 3.3216903072154844,
        "histogram": 3.6744091238855026
      },
      "stochRsi": {
        "k": 100,
        "d": 79.58380965333764
      },
      "vprofile": {
        "vpBins": [
          0.016640133443454573,
          0.04694324287392622,
          0.05145188696319247,
          0.08317982583219506,
          0.08441818539616777,
          0.107526858690647,
          0.10338570054190932,
          0.012952508122852108,
          0.044713644670025275,
          0.048469871327625536,
          0.07275249356001676,
          0.11104038396599644,
          0.03308737786763565,
          0.03297698325468659,
          0.059663311156344614,
          0.022639977777192233,
          0,
          0.03708684138880576,
          0,
          0.031070773167326628
        ],
        "currentBinShare": 0.044713644670025275
      },
      "ttm": {
        "squeeze": false,
        "release": true,
        "widthPct": 58.44252983799188
      }
    },
    "daily": {
      "sma20": 80.108,
      "sma50": 55.411,
      "ema20": 76.44177778255859,
      "ema50": 60.65158675227929,
      "vwma20": 0,
      "hma21": 86.03956709956711,
      "atr14": 24.735000000000003,
      "atrPercentile": 0.9868421052631579,
      "rvolZ": 0,
      "rvolPercentile": 1,
      "mfi14": 50,
      "ppo": {
        "ppo": 10.434068899618719,
        "signal": 13.771011520777815,
        "histogram": -3.3369426211590962
      },
      "stochRsi": {
        "k": 0,
        "d": 54.47378646566002
      },
      "vprofile": {
        "vpBins": [
          0,
          0,
          0,
          0,
          0,
          0,
          0,
          0,
          0,
          0,
          0,
          0,
          0,
          0,
          0,
          0,
          0,
          0,
          0,
          0
        ],
        "currentBinShare": 0
      },
      "ttm": {
        "squeeze": false,
        "release": false,
        "widthPct": 116.52851319577715
      }
    }
  },
  "smaMin5": 94.33949999999999,
  "emaMin5": 94.60721418406753,
  "vwmaMin5": 93.98732122381516,
  "hmaMin5": 95.89017316017318,
  "keltner15": {
    "upper": 98.32152231353058,
    "middle": 94.14102231353058,
    "lower": 89.96052231353059
  },
  "superTrend15": {
    "isBull": true,
    "finalUpper": 101.28099999999999,
    "finalLower": 84.55899999999998
  },
  "mfi15": 58.51359887226954,
  "stochRsi15": {
    "k": 0,
    "d": 56.65490822925468
  },
  "ppo15": {
    "ppo": 0.8837437277991951,
    "signal": 1.1192084046176807,
    "histogram": -0.2354646768184856
  },
  "vpMin15": {
    "vpBins": [
      0.015893530137250814,
      0.06021051005670426,
      0.05736625195908827,
      0.011636629103410331,
      0,
      0.04483531941937207,
      0.060460087380107955,
      0.26735622709315154,
      0.13468864136540715,
      0.07601566892903378,
      0.08583781014251404,
      0.12511957390207704,
      0,
      0.06057975051188276,
      0,
      0,
      0,
      0,
      0,
      0
    ],
    "currentBinShare": 0.13468864136540715
  },
  "ttm15": {
    "squeeze": false,
    "release": false,
    "widthPct": 10.201339337346468
  },
  "marketCorrelation": {
    "hourly": {
      "btcCorrelation": 0,
      "ethCorrelation": 0,
      "btcBeta": 1,
      "ethBeta": 1,
      "btcTrend": "UNKNOWN",
      "ethTrend": "UNKNOWN",
      "tokenVol": 0,
      "btcVol": 0,
      "ethVol": 0,
      "marketDependence": 0,
      "verdict": "INSUFFICIENT_DATA"
    },
    "min15": {
      "btcCorrelation": 0,
      "ethCorrelation": 0,
      "btcBeta": 1,
      "ethBeta": 1,
      "btcTrend": "UNKNOWN",
      "ethTrend": "UNKNOWN",
      "tokenVol": 0,
      "btcVol": 0,
      "ethVol": 0,
      "marketDependence": 0,
      "verdict": "INSUFFICIENT_DATA"
    },
    "daily": {
      "btcCorrelation": 0,
      "ethCorrelation": 0,
      "btcBeta": 1,
      "ethBeta": 1,
      "btcTrend": "UNKNOWN",
      "ethTrend": "UNKNOWN",
      "tokenVol": 0,
      "btcVol": 0,
      "ethVol": 0,
      "marketDependence": 0,
      "verdict": "INSUFFICIENT_DATA"
    }
  },
  "tradeTape": {
    "totalTrades": 0,
    "totalVolume": 0,
    "buysVolume": 0,
    "sellsVolume": 0,
    "buySellRatio": 0.5,
    "vwap": 0,
    "signedVolume": 0,
    "avgTradeSize": 0,
    "tradesPerSec": 0,
    "cumulativeDelta": 0,
    "tradesLast1m": 0,
    "tradesLast5m": 0,
    "tradesLast15m": 0,
    "tradesLast1h": 0,
    "buyVWAP": 0,
    "sellVWAP": 0,
    "aggressorVWAP": 0,
    "bucketDurationMs": 60000,
    "bucketCount": 15,
    "bucketSignedVolumes": [],
    "bucketVolumes": [],
    "bucketVWAPs": [],
    "latestBucketSignedZ": 0
  },
  "enhancedMetrics": {
    "relativeVolumeZScore": -1,
    "volumePercentile": 40,
    "atrPercentile": 77.37226277372264,
    "volatilityPercentile": 86.07594936708861,
    "relativeVolatilityRatio": 1.147614256271796,
    "isHighVolume": false,
    "isHighVolatility": true,
    "isLowVolatility": false,
    "isExpandingVolatility": false,
    "isContractingVolatility": false
  },
  "orderBook": {
    "bidAskSpread": 0,
    "spreadPct": 0,
    "midPrice": 0,
    "bestBid": 0,
    "bestAsk": 0,
    "bidDepth": 0,
    "askDepth": 0,
    "orderBookImbalance": 0,
    "liquidityScore": 0,
    "depthAt1Pct": {
      "bidVolume": 0,
      "askVolume": 0,
      "imbalance": 0
    },
    "depthAt2Pct": {
      "bidVolume": 0,
      "askVolume": 0,
      "imbalance": 0
    },
    "depthAt5Pct": {
      "bidVolume": 0,
      "askVolume": 0,
      "imbalance": 0
    },
    "weightedMidPrice": 0,
    "volumeWeightedSpread": 0,
    "totalBidLevels": 0,
    "totalAskLevels": 0
  },
  "marketCap": {
    "marketCap": 0,
    "totalVolume24h": 0,
    "volumeToMarketCapRatio": 0,
    "marketCapRank": 0,
    "normalizedRank": 0,
    "isHighLiquidity": false,
    "isVeryHighLiquidity": false,
    "isLowLiquidity": true,
    "liquidityTier": "VERY_LOW"
  },
  "sweeps": {
    "sweepScore": 0,
    "sweepCount": 0,
    "sweepDirection": "NEUTRAL",
    "buySweeps": 0,
    "sellSweeps": 0,
    "avgSweepSize": 0,
    "avgSweepIntensity": 0,
    "bidLiftRatio": 0,
    "askLiftRatio": 0,
    "sweepFrequency": 0,
    "largestSweep": null,
    "recentSweepClusters": 0,
    "sweepDetails": []
  },
  "absorption": {
    "absorptionScore": 0,
    "absorptionLevel": null,
    "absorptionSide": "NONE",
    "icebergProbability": 0,
    "hiddenLiquidityEstimate": 0,
    "volumeAtPrice": {},
    "topAbsorptionLevels": [],
    "persistenceDuration": 0,
    "refillDetected": false
  },
  "orderArrival": {
    "avgInterArrivalTime": 0,
    "recentInterArrivalTime": 0,
    "accelerationRatio": 1,
    "hawkesIntensity": 0,
    "hawkesDirection": "NEUTRAL",
    "clusteringScore": 0,
    "burstCount": 0,
    "cascadeDetected": false,
    "timeToNextTrade": 0,
    "accelerationTrend": "STABLE"
  },
  "liquidityVacuum": {
    "vacuumScore": 0,
    "vacuumSide": "NONE",
    "bidVacuumSeverity": 0,
    "askVacuumSeverity": 0,
    "depthConcentration": 0,
    "priceImpact10k": 0,
    "priceImpact50k": 0,
    "priceImpact100k": 0,
    "largestGapBid": 0,
    "largestGapAsk": 0,
    "avgGapBid": 0,
    "avgGapAsk": 0,
    "bidCliffDistance": 0,
    "askCliffDistance": 0
  },
  "volatilityRegime": {
    "regime": "EXTREME",
    "regimeScore": 1,
    "currentATR": 25.006923,
    "avgATR": 14.040333,
    "atrPercentile": 100,
    "realizedVolatility": 215.54,
    "volPercentile": 100,
    "expanding": true,
    "contracting": false,
    "transitionProbability": 0.4,
    "daysInRegime": 13,
    "regimeStrength": 2
  },
  "temporalPatterns": {
    "currentHour": 22,
    "currentDay": 0,
    "currentDayName": "Sunday",
    "dayBias": "NEUTRAL",
    "hourlyProfile": [
      {
        "avgVolume": 27156.02,
        "avgATR": 5.539286,
        "avgReturn": -1.421
      },
      {
        "avgVolume": 29995.78,
        "avgATR": 5.742143,
        "avgReturn": 1.364
      },
      {
        "avgVolume": 21454.73,
        "avgATR": 4.228571,
        "avgReturn": -0.268
      },
      {
        "avgVolume": 32312.61,
        "avgATR": 6.000714,
        "avgReturn": 0.647
      },
      {
        "avgVolume": 26975.24,
        "avgATR": 5.056429,
        "avgReturn": 0.102
      },
      {
        "avgVolume": 28754.57,
        "avgATR": 5.472143,
        "avgReturn": -0.456
      },
      {
        "avgVolume": 18602.4,
        "avgATR": 4.131429,
        "avgReturn": 0.219
      },
      {
        "avgVolume": 17711.86,
        "avgATR": 4.284286,
        "avgReturn": -0.303
      },
      {
        "avgVolume": 12902.91,
        "avgATR": 4.835714,
        "avgReturn": -0.108
      },
      {
        "avgVolume": 19390.09,
        "avgATR": 5.419286,
        "avgReturn": -0.096
      },
      {
        "avgVolume": 24378.11,
        "avgATR": 6.036429,
        "avgReturn": 0.476
      },
      {
        "avgVolume": 25419.59,
        "avgATR": 6.07,
        "avgReturn": 1.305
      },
      {
        "avgVolume": 19753.09,
        "avgATR": 4.951429,
        "avgReturn": -0.979
      },
      {
        "avgVolume": 23963.94,
        "avgATR": 4.277857,
        "avgReturn": -0.138
      },
      {
        "avgVolume": 32624.72,
        "avgATR": 6.59,
        "avgReturn": -0.193
      },
      {
        "avgVolume": 31705.92,
        "avgATR": 6.287857,
        "avgReturn": -0.331
      },
      {
        "avgVolume": 33716.23,
        "avgATR": 6.789286,
        "avgReturn": -0.312
      },
      {
        "avgVolume": 28448.34,
        "avgATR": 5.294615,
        "avgReturn": 2.023
      },
      {
        "avgVolume": 26188.81,
        "avgATR": 4.407143,
        "avgReturn": 1.248
      },
      {
        "avgVolume": 19163.2,
        "avgATR": 3.575,
        "avgReturn": -0.715
      },
      {
        "avgVolume": 21071.89,
        "avgATR": 4.345,
        "avgReturn": -0.239
      },
      {
        "avgVolume": 18981.68,
        "avgATR": 3.715714,
        "avgReturn": -0.667
      },
      {
        "avgVolume": 19914.86,
        "avgATR": 5.402143,
        "avgReturn": 1.128
      },
      {
        "avgVolume": 28563.31,
        "avgATR": 5.898571,
        "avgReturn": 0.274
      }
    ],
    "dailyProfile": [
      {
        "avgVolume": 25567.62,
        "avgATR": 4.470851,
        "avgReturn": 0.103
      },
      {
        "avgVolume": 22621.47,
        "avgATR": 4.526667,
        "avgReturn": 0.429
      },
      {
        "avgVolume": 31819.22,
        "avgATR": 7.674167,
        "avgReturn": -0.029
      },
      {
        "avgVolume": 20510,
        "avgATR": 4.93375,
        "avgReturn": -0.249
      },
      {
        "avgVolume": 20287.07,
        "avgATR": 5.000833,
        "avgReturn": 0.106
      },
      {
        "avgVolume": 18154.64,
        "avgATR": 4.271667,
        "avgReturn": 0.118
      },
      {
        "avgVolume": 32815.35,
        "avgATR": 5.373958,
        "avgReturn": 0.229
      }
    ],
    "favorableHours": [
      16,
      14,
      3,
      15,
      1,
      17
    ],
    "favorableWindow": false,
    "currentVsAvgVolume": 0,
    "currentVsAvgVolatility": 0,
    "anomalyDetected": true,
    "timeUntilFavorable": 3,
    "temporalScore": 0
  },
  "unifiedMicrostructure": {
    "signalDirections": {
      "vpin": "NEUTRAL",
      "sweeps": "NEUTRAL",
      "absorption": "NEUTRAL",
      "arrival": "NEUTRAL",
      "vacuum": "NONE",
      "volRegime": "UNFAVORABLE",
      "temporal": "UNFAVORABLE"
    },
    "consensusDirection": "BEARISH",
    "consensusStrength": 100,
    "bullishSignals": 0,
    "bearishSignals": 2,
    "neutralSignals": 0,
    "totalAvailableSignals": 2,
    "dominantPattern": "NONE",
    "clusters": {
      "strongBuyCluster": false,
      "distributionPattern": false,
      "accumulationPattern": false,
      "momentumCascade": false
    },
    "adaptiveWeights": {
      "vpin": 0,
      "sweeps": 0,
      "absorption": 0,
      "arrival": 0,
      "vacuum": 0,
      "volRegime": 0.021,
      "temporal": 0.012
    },
    "convictionLevel": "HIGH",
    "convictionScore": 100,
    "riskAdjustment": "REDUCE",
    "timingQuality": "UNFAVORABLE",
    "signalQuality": "LOW"
  },
  "deltaAnalysis": {
    "currentDelta": 0,
    "cumulativeDelta": 0,
    "deltaPerVolume": 0,
    "deltaDirection": "NEUTRAL",
    "deltaDivergence": false,
    "institutionalRatio": 0,
    "aggressionScore": 0
  },
  "volumeProfile": {
    "pointOfControl": 0,
    "valueAreaHigh": 0,
    "valueAreaLow": 0,
    "currentPosition": "ABOVE_VALUE_AREA",
    "volumeNodes": [],
    "airPockets": []
  },
  "momentumCascade": {
    "cascadeDetected": false,
    "alignmentScore": -0.002110575155965912,
    "cascadeStrength": 0,
    "acceleratingTimeframes": [],
    "divergingTimeframes": [
      "1m",
      "5m",
      "15m",
      "1h"
    ]
  },
  "breakoutConfirmation": {
    "breakoutConfirmed": false,
    "volumeConfirmation": false,
    "retestStrength": 0,
    "falseBreakoutRisk": 0,
    "breakoutQuality": "NO_BREAKOUT"
  },
  "liquidityHeatmap": {
    "liquidityScore": 0,
    "magnetDirection": "NONE",
    "magnetStrength": 0,
    "priceTarget5pct": null,
    "message": "No order book data"
  },
  "smartMoneyDivergence": {
    "divergenceDetected": false,
    "divergenceDirection": "NONE",
    "smartMoneyScore": 0.5,
    "message": "Insufficient trade data"
  },
  "microstructure": {
    "raw": -0.02699297791739814,
    "pct": 50,
    "summary": {
      "latestBucketSignedZ": 0,
      "buySellRatio": 0.5,
      "tradesPerSec": 0,
      "vwap": 0,
      "aggressorVWAP": 0,
      "vpinToxicity": "UNKNOWN",
      "sweepDirection": "NEUTRAL",
      "absorptionSide": "NONE",
      "icebergDetected": false,
      "hawkesDirection": "NEUTRAL",
      "cascadeDetected": false,
      "vacuumSide": "NONE",
      "volatilityRegime": "EXTREME",
      "volExpanding": true,
      "favorableTimeWindow": false,
      "temporalAnomaly": true,
      "consensusDirection": "BEARISH",
      "consensusStrength": 100,
      "dominantPattern": "NONE",
      "convictionLevel": "HIGH",
      "riskAdjustment": "REDUCE",
      "timingQuality": "UNFAVORABLE",
      "deltaDirection": "NEUTRAL",
      "deltaDivergence": false,
      "institutionalRatio": 0,
      "volumeProfilePosition": "ABOVE_VALUE_AREA",
      "pointOfControl": 0,
      "momentumCascadeDetected": false,
      "cascadeStrength": 0,
      "breakoutQuality": "NO_BREAKOUT",
      "breakoutConfirmed": false,
      "magnetDirection": "NONE",
      "magnetStrength": 0,
      "priceTarget5pct": null,
      "nearestBidWall": 0,
      "nearestAskWall": 0,
      "divergenceDetected": false,
      "divergenceDirection": "NONE",
      "whaleAccumulation": false,
      "whaleDistribution": false,
      "retailPanic": false,
      "smartMoneyScore": 0.5
    }
  }
}

=== MICROSTRUCTURE ALERTS ===

🔬 VPIN: Insufficient data for VPIN analysis

🌊 SWEEP DETECTION: No significant sweeps detected

🧊 ABSORPTION & ICEBERG: No significant absorption or iceberg orders detected

⚡ ORDER ARRIVAL DYNAMICS: Insufficient trades for analysis

🌪️ LIQUIDITY VACUUM: No significant vacuum detected

📊 VOLATILITY REGIME DETECTION:
   Current Regime: EXTREME
   Regime Score: 1.00 (-1=low vol, +1=extreme vol)
   Days in Regime: 13
   ATR: $25.006923 (avg: $14.040333)
   ATR Percentile: 100.0%
   Realized Volatility: 215.54% (annualized)
   Vol Percentile: 100.0%

   🔴 EXTREME VOLATILITY:
   🚨 HIGH RISK ENVIRONMENT!
   ⚠️ Significantly reduce position size
   ⚠️ Wide stops or avoid trading
   💡 Only for experienced traders

   🚀 VOLATILITY EXPANDING:
   💥 Breakout likely imminent!
   📈 Market transitioning to higher vol regime
   ✅ Strong signal when combined with other indicators

   📍 MODERATE REGIME TRANSITION PROBABILITY: 40%
   Monitor for potential regime change

   ✅ STABLE REGIME: 13 days - predictable conditions

⏰ TEMPORAL PATTERN ANALYSIS:
   Current Time: Sunday 22:00 UTC
   Day Bias: NEUTRAL
   Current vs Avg Volume: 0x
   Current vs Avg Volatility: 0x

   ⏳ NON-FAVORABLE TIME WINDOW:
   This hour typically shows weaker activity
   Next favorable window in 3 hour(s)

   ⚠️ LOW ACTIVITY ANOMALY:
   Volume 0x below typical - Extremely quiet

   📉 LOW VOLATILITY ANOMALY:
   Volatility 0x below typical - Consolidation likely

   🔥 Best Trading Hours (UTC): 16:00, 14:00, 3:00

🎯 UNIFIED MICROSTRUCTURE INTEGRATION:
   Signal Consensus: BEARISH (100% agreement)
   Available Signals: 2 (0 bullish / 2 bearish / 0 neutral)
   Conviction Level: HIGH (100%)
   Signal Quality: LOW
   Risk Adjustment: REDUCE
   Timing Quality: UNFAVORABLE

   ✅ HIGH CONVICTION: 100% of signals agree on direction
   Strong institutional alignment - Follow the smart money

   ⚠️ RISK REDUCTION RECOMMENDED: Extreme volatility or unfavorable timing detected

   ⏰ UNFAVORABLE TIMING: Avoid trading during this hour

   Signal Directions Breakdown:
   • VPIN: NEUTRAL
   • Sweeps: NEUTRAL
   • Absorption: NEUTRAL
   • Arrival Dynamics: NEUTRAL
   • Liquidity Vacuum: NONE
   • Vol Regime: UNFAVORABLE
   • Temporal: UNFAVORABLE

   Adaptive Weights (Total: 3.3%):
   • VPIN: 0.0%
   • Sweeps: 0.0%
   • Absorption: 0.0%
   • Arrival: 0.0%
   • Vacuum: 0.0%
   • Vol Regime: 2.1%
   • Temporal: 1.2%


💹 DELTA ANALYSIS (Order Flow Aggression):
   Direction: NEUTRAL
   Delta Per Volume: 0.00%
   Institutional Ratio: 0.0%
   Aggression Score: 0.0%

📊 VOLUME PROFILE (Support/Resistance Strength):
   Point of Control (POC): $0.000000
   Value Area High: $0.000000
   Value Area Low: $0.000000
   Current Position: ABOVE_VALUE_AREA
   ⚠️ DISTRIBUTION RISK: Price above value area - potential rejection zone

⚡ MOMENTUM CASCADE (Multi-Timeframe Alignment):
   Cascade Detected: NO
   Alignment Score: -0.2%
   Cascade Strength: 0.0%
   Accelerating: None
   Diverging: 1m, 5m, 15m, 1h

💥 BREAKOUT CONFIRMATION:
   Quality: NO_BREAKOUT
   Volume Confirmation: NO
   Retest Strength: 0.0%
   False Breakout Risk: 0.0%
   No breakout detected - price below resistance


levels:
Entry=92.87388, StopLoss=90.0876636, TakeProfit=95.359399, 97.844918, 99.8333332

---

=== Token: ZEC (ZEC) ===
Contract: ZEC-USD
Timestamp: 2025-11-16T16:00:00.000Z

Calculations:
{
  "momentumScore": 80.10780819553841,
  "volumeScore": 20.047565752658073,
  "patternScore": 70,
  "totalScore": 45.006249086593066,
  "finalScore": 45.006249086593066,
  "weights": "0.27,0.41,0.23",
  "hourlyUptrend": true,
  "rsi": 55.564529155225394,
  "ultraShortVolumeSurge": 2.604587043769745,
  "baseVolumeSurge": 0.049300820690458526,
  "currentPrice": 716.69,
  "resistance": 730.75,
  "support": 695.01,
  "rocMin5": -0.013978124785031255,
  "shortROC": 0.020722363061497804,
  "priceAcceleration": -0.003391656565357782,
  "buySellRatio": 0.18833141242668228,
  "macdHistogram": -1.2595061264142453,
  "stochasticK": 62.61891438164518,
  "atr": 8.109285714285713,
  "bbUpper": 727.0919572387601,
  "bbLower": 692.0310427612397,
  "hammerDetected": false,
  "engulfingDetected": false,
  "compressionSpring": {
    "detected": true,
    "confidence": 66,
    "signals": {
      "sidewaysPrice": true,
      "atrCompression": true,
      "bbSqueeze": true,
      "consolidationTime": true,
      "strongBuying": false,
      "obvPositive": false,
      "chaikinPositive": false,
      "rsiNeutral": true,
      "volumeBuilding": false
    },
    "metrics": {
      "priceRange": 5.14,
      "atrRatio": 0.532,
      "bbWidth": 4.94,
      "volumeRatio": 1.418,
      "signalCount": 5,
      "buySellRatio": 0.188
    }
  },
  "riskTier": "MEDIUM",
  "atrPercent": 2.0481060749517126,
  "distanceToResistance": 1.961796592669068,
  "slPercent": 4,
  "tpPercent": 1.6675271037687076,
  "trailingActivation": 1.0005162622612245,
  "shortMomentumScore": 60,
  "overboughtScore": 0,
  "shortPatternScore": 0,
  "shootingStarDetected": false,
  "bearishEngulfingDetected": false,
  "eveningStarDetected": false,
  "bearishPatternsCount": 0,
  "shortTotalScore": 24,
  "chaikin": -0.04454131826230369,
  "obvIncreasing": true,
  "obvTrend": "increasing",
  "adx": 19.331026528258327,
  "recentCandles": {
    "redCount": 5,
    "greenCount": 5
  },
  "resistanceDistance": 1.961796592669068,
  "multiplePatterns": false,
  "bullishPattern": false,
  "priceAboveVWAP": true,
  "breakingResistance": false,
  "atrSufficient": true,
  "macdDivergenceBearish": false,
  "rvolMin1": 0.6839164158678676,
  "rvolMin5": 0.774808570313527,
  "atrPercentileOld": 0.6097560975609756,
  "vwapDeviation": 4.320070795591226,
  "bbWidthPercent": 4.941208686987714,
  "bbSqueeze": false,
  "multiTFMomentum": {
    "min1": {
      "roc1": 0.0025920756544279633,
      "roc3": -0.004820673763376971
    },
    "min5": {
      "roc1": 0.020722363061497804,
      "roc3": -0.012592480332860293
    },
    "min15": {
      "roc1": 0.021719315236277667,
      "roc3": -0.009047711136282105
    },
    "hourly": {
      "roc1": 0.022730509584983103,
      "roc3": 0.016275120294367392
    },
    "fourHour": {
      "roc1": 0.0035216188266860193,
      "roc3": 0.07040112093252049
    },
    "divergenceShortUpLongDown": false
  },
  "returnZMin5": 2.237957262567397,
  "wickClosePct": 0.9491833030853043,
  "wickUpper": 0.8399999999999181,
  "wickLower": 1.1900000000000546,
  "wickRatio": 0.08206896551724514,
  "donchianBreakout15": false,
  "bbWidthPercentile15": 0.24675324675324675,
  "signedMin5": 8561.330977929989,
  "signedMin5Z": 3.483320082973855,
  "signedMin1": -4859.312146030001,
  "signedMin1Z": -6.715996789054574,
  "streakMin1": {
    "upStreak": 1,
    "downStreak": 0
  },
  "streakMin5": {
    "upStreak": 1,
    "downStreak": 0
  },
  "rvolPercentileMin1": 0.8833333333333333,
  "rvolPercentileMin5": 0.8402777777777778,
  "perTfMetrics": {
    "min1": {
      "sma20": 717.3520000000001,
      "sma50": 719.7642000000001,
      "ema20": 713.9280313964064,
      "ema50": 716.7532832707838,
      "vwma20": 714.1489703659743,
      "hma21": 702.5436796536798,
      "atr14": 5.555000000000023,
      "atrPercentile": 0.9425981873111783,
      "rvolZ": 0.6839164158678676,
      "rvolPercentile": 0.8833333333333333,
      "mfi14": 13.595973391019257,
      "ppo": {
        "ppo": -0.698732822782188,
        "signal": -0.4198719160010404,
        "histogram": -0.27886090678114756
      },
      "stochRsi": {
        "k": 13.667556031360284,
        "d": 20.803222480764457
      },
      "vprofile": {
        "vpBins": [
          0.011905502836559612,
          0.00793811834514109,
          0.014829812124964755,
          0.06833021870115318,
          0.024228679148240066,
          0.07487733683968378,
          0.03965374257688095,
          0.10989162174858787,
          0.0854257626710549,
          0.0669498826768244,
          0.061387236770521075,
          0.07295885288302502,
          0.1020000676955163,
          0.06894866120502463,
          0.0030973020281794637,
          0.05510138540257419,
          0.02782115847356114,
          0.04574645897863659,
          0.05511670559864415,
          0.003791493295226879
        ],
        "currentBinShare": 0.07487733683968378
      },
      "ttm": {
        "squeeze": false,
        "release": false,
        "widthPct": 5.04707596625377
      }
    },
    "min5": {
      "sma20": 713.954,
      "sma50": 711.6268000000001,
      "ema20": 715.2472147120939,
      "ema50": 711.1249955951603,
      "vwma20": 715.7945338851429,
      "hma21": 726.3480952380951,
      "atr14": 8.109285714285713,
      "atrPercentile": 0.6131386861313869,
      "rvolZ": 0.774808570313527,
      "rvolPercentile": 0.8402777777777778,
      "mfi14": 62.109359822176934,
      "ppo": {
        "ppo": 0.2979423658985138,
        "signal": 0.42262601141044015,
        "histogram": -0.12468364551192634
      },
      "stochRsi": {
        "k": 21.598793129981296,
        "d": 54.29807551177287
      },
      "vprofile": {
        "vpBins": [
          0,
          0.02710384849822274,
          0.01475065930337529,
          0.02080887688741558,
          0.04519088623794291,
          0.03439969197258964,
          0.025135370324412352,
          0.06474903833922525,
          0.07068283181202764,
          0.0479055305215384,
          0.08003127264986257,
          0.05617200042082994,
          0.07964794133847908,
          0.12132496236928028,
          0.10709168024457154,
          0.05280309015468606,
          0.06518253303920965,
          0.035286538129424526,
          0.028420971295209894,
          0.023312276461696528
        ],
        "currentBinShare": 0.06518253303920965
      },
      "ttm": {
        "squeeze": false,
        "release": false,
        "widthPct": 5.463890280481195
      }
    },
    "min15": {
      "sma20": 709.5614999999999,
      "sma50": 697.3042,
      "ema20": 709.673146401348,
      "ema50": 699.7401987128478,
      "vwma20": 710.9045877875127,
      "hma21": 712.8621212121219,
      "atr14": 14.678571428571429,
      "atrPercentile": 0.6097560975609756,
      "rvolZ": 0.5278480367287856,
      "rvolPercentile": 0.7916666666666666,
      "mfi14": 48.70379740745793,
      "ppo": {
        "ppo": 0.6919536430201862,
        "signal": 0.6982469830731338,
        "histogram": -0.006293340052947571
      },
      "stochRsi": {
        "k": 36.539074774090516,
        "d": 52.200912990266126
      },
      "vprofile": {
        "vpBins": [
          0,
          0,
          0.01800031625340852,
          0.041263268171248875,
          0.04192911223563206,
          0.048733071531321795,
          0.045091550352008104,
          0.04604318220502288,
          0.06908044036932492,
          0.10119638901836141,
          0.058331160211384264,
          0.05847457990194684,
          0.06274353592697339,
          0.05578009586335439,
          0.15674414254735197,
          0.06994309980822187,
          0.07090249783524183,
          0.02119236304086289,
          0.009343425455087926,
          0.025207769273246132
        ],
        "currentBinShare": 0.02119236304086289
      },
      "ttm": {
        "squeeze": false,
        "release": false,
        "widthPct": 4.941208686987714
      }
    },
    "hourly": {
      "sma20": 691.7194999999999,
      "sma50": 662.7416000000002,
      "ema20": 692.9474006901488,
      "ema50": 656.736989051676,
      "vwma20": 695.6796314488329,
      "hma21": 714.3927705627706,
      "atr14": 28.896428571428583,
      "atrPercentile": 0.6987577639751553,
      "rvolZ": 1.3165291635770444,
      "rvolPercentile": 0.9017857142857143,
      "mfi14": 67.12785053455782,
      "ppo": {
        "ppo": 2.2727280587414174,
        "signal": 2.2647637179211446,
        "histogram": 0.007964340820272753
      },
      "stochRsi": {
        "k": 46.92524069142562,
        "d": 59.51023177217095
      },
      "vprofile": {
        "vpBins": [
          0.008261285572726316,
          0.015218627589101058,
          0.04691179208754718,
          0.06136056375196192,
          0.07301979810730196,
          0.06802497145557561,
          0.10494675361732354,
          0.0613419824498244,
          0.008051972428655014,
          0.0754601462621379,
          0.07418058478329127,
          0.059717755916069024,
          0.03278043637112904,
          0.03508585228315449,
          0.07213815262821302,
          0.042157155639179544,
          0.08959659876633597,
          0.04480994383828117,
          0.02693562645219149,
          0
        ],
        "currentBinShare": 0.02693562645219149
      },
      "ttm": {
        "squeeze": false,
        "release": false,
        "widthPct": 9.429343926537747
      }
    },
    "fourHour": {
      "sma20": 606.9305,
      "sma50": 568.9574,
      "ema20": 628.6311870528987,
      "ema50": 576.3014896192275,
      "vwma20": 623.5473632237681,
      "hma21": 747.5453246753248,
      "atr14": 55.43,
      "atrPercentile": 0.5428571428571428,
      "rvolZ": 0.7855770632094455,
      "rvolPercentile": 0.8214285714285714,
      "mfi14": 89.89877139502062,
      "ppo": {
        "ppo": 7.660278305948946,
        "signal": 6.056685437717678,
        "histogram": 1.6035928682312681
      },
      "stochRsi": {
        "k": 94.76823843368285,
        "d": 84.67537440900382
      },
      "vprofile": {
        "vpBins": [
          0.02373464557143469,
          0.026437271336577743,
          0.045960382097287984,
          0.030713380833627128,
          0.015015534625394058,
          0.08259494074204303,
          0.06750316135267136,
          0.08519936571661842,
          0.09152270276491388,
          0.05582172821892901,
          0.07582179145101735,
          0.07545832641250627,
          0.009187747331743297,
          0.032820040535504164,
          0.0768681415269537,
          0.052704993263818146,
          0.08048067948065683,
          0.042759362424700596,
          0.029395804313602298,
          0
        ],
        "currentBinShare": 0.029395804313602298
      },
      "ttm": {
        "squeeze": false,
        "release": false,
        "widthPct": 52.655979807981524
      }
    },
    "daily": {
      "sma20": 498.47400000000005,
      "sma50": 323.633,
      "ema20": 506.3779981704639,
      "ema50": 363.93398878630717,
      "vwma20": 0,
      "hma21": 666.2144588744586,
      "atr14": 124.76357142857144,
      "atrPercentile": 1,
      "rvolZ": 0,
      "rvolPercentile": 1,
      "mfi14": 50,
      "ppo": {
        "ppo": 19.497783649279974,
        "signal": 20.056493796018813,
        "histogram": -0.5587101467388393
      },
      "stochRsi": {
        "k": 27.297143502132336,
        "d": 68.1723647836818
      },
      "vprofile": {
        "vpBins": [
          0,
          0,
          0,
          0,
          0,
          0,
          0,
          0,
          0,
          0,
          0,
          0,
          0,
          0,
          0,
          0,
          0,
          0,
          0,
          0
        ],
        "currentBinShare": 0
      },
      "ttm": {
        "squeeze": false,
        "release": false,
        "widthPct": 88.1878504345906
      }
    }
  },
  "smaMin5": 713.954,
  "emaMin5": 715.2472147120939,
  "vwmaMin5": 715.7945338851429,
  "hmaMin5": 726.3480952380951,
  "keltner15": {
    "upper": 732.101146401348,
    "middle": 709.673146401348,
    "lower": 687.245146401348
  },
  "superTrend15": {
    "isBull": true,
    "finalUpper": 757.356,
    "finalLower": 667.644
  },
  "mfi15": 48.70379740745793,
  "stochRsi15": {
    "k": 36.539074774090516,
    "d": 52.200912990266126
  },
  "ppo15": {
    "ppo": 0.6919536430201862,
    "signal": 0.6982469830731338,
    "histogram": -0.006293340052947571
  },
  "vpMin15": {
    "vpBins": [
      0,
      0,
      0.01800031625340852,
      0.041263268171248875,
      0.04192911223563206,
      0.048733071531321795,
      0.045091550352008104,
      0.04604318220502288,
      0.06908044036932492,
      0.10119638901836141,
      0.058331160211384264,
      0.05847457990194684,
      0.06274353592697339,
      0.05578009586335439,
      0.15674414254735197,
      0.06994309980822187,
      0.07090249783524183,
      0.02119236304086289,
      0.009343425455087926,
      0.025207769273246132
    ],
    "currentBinShare": 0.02119236304086289
  },
  "ttm15": {
    "squeeze": false,
    "release": false,
    "widthPct": 4.941208686987714
  },
  "marketCorrelation": {
    "hourly": {
      "btcCorrelation": 0,
      "ethCorrelation": 0,
      "btcBeta": 1,
      "ethBeta": 1,
      "btcTrend": "UNKNOWN",
      "ethTrend": "UNKNOWN",
      "tokenVol": 0,
      "btcVol": 0,
      "ethVol": 0,
      "marketDependence": 0,
      "verdict": "INSUFFICIENT_DATA"
    },
    "min15": {
      "btcCorrelation": 0,
      "ethCorrelation": 0,
      "btcBeta": 1,
      "ethBeta": 1,
      "btcTrend": "UNKNOWN",
      "ethTrend": "UNKNOWN",
      "tokenVol": 0,
      "btcVol": 0,
      "ethVol": 0,
      "marketDependence": 0,
      "verdict": "INSUFFICIENT_DATA"
    },
    "daily": {
      "btcCorrelation": 0,
      "ethCorrelation": 0,
      "btcBeta": 1,
      "ethBeta": 1,
      "btcTrend": "UNKNOWN",
      "ethTrend": "UNKNOWN",
      "tokenVol": 0,
      "btcVol": 0,
      "ethVol": 0,
      "marketDependence": 0,
      "verdict": "INSUFFICIENT_DATA"
    }
  },
  "tradeTape": {
    "totalTrades": 0,
    "totalVolume": 0,
    "buysVolume": 0,
    "sellsVolume": 0,
    "buySellRatio": 0.5,
    "vwap": 0,
    "signedVolume": 0,
    "avgTradeSize": 0,
    "tradesPerSec": 0,
    "cumulativeDelta": 0,
    "tradesLast1m": 0,
    "tradesLast5m": 0,
    "tradesLast15m": 0,
    "tradesLast1h": 0,
    "buyVWAP": 0,
    "sellVWAP": 0,
    "aggressorVWAP": 0,
    "bucketDurationMs": 60000,
    "bucketCount": 15,
    "bucketSignedVolumes": [],
    "bucketVolumes": [],
    "bucketVWAPs": [],
    "latestBucketSignedZ": 0
  },
  "enhancedMetrics": {
    "relativeVolumeZScore": -1,
    "volumePercentile": 40,
    "atrPercentile": 63.138686131386855,
    "volatilityPercentile": 9.177215189873419,
    "relativeVolatilityRatio": 0.8125521928683002,
    "isHighVolume": false,
    "isHighVolatility": false,
    "isLowVolatility": true,
    "isExpandingVolatility": false,
    "isContractingVolatility": false
  },
  "orderBook": {
    "bidAskSpread": 0,
    "spreadPct": 0,
    "midPrice": 0,
    "bestBid": 0,
    "bestAsk": 0,
    "bidDepth": 0,
    "askDepth": 0,
    "orderBookImbalance": 0,
    "liquidityScore": 0,
    "depthAt1Pct": {
      "bidVolume": 0,
      "askVolume": 0,
      "imbalance": 0
    },
    "depthAt2Pct": {
      "bidVolume": 0,
      "askVolume": 0,
      "imbalance": 0
    },
    "depthAt5Pct": {
      "bidVolume": 0,
      "askVolume": 0,
      "imbalance": 0
    },
    "weightedMidPrice": 0,
    "volumeWeightedSpread": 0,
    "totalBidLevels": 0,
    "totalAskLevels": 0
  },
  "marketCap": {
    "marketCap": 0,
    "totalVolume24h": 0,
    "volumeToMarketCapRatio": 0,
    "marketCapRank": 0,
    "normalizedRank": 0,
    "isHighLiquidity": false,
    "isVeryHighLiquidity": false,
    "isLowLiquidity": true,
    "liquidityTier": "VERY_LOW"
  },
  "sweeps": {
    "sweepScore": 0,
    "sweepCount": 0,
    "sweepDirection": "NEUTRAL",
    "buySweeps": 0,
    "sellSweeps": 0,
    "avgSweepSize": 0,
    "avgSweepIntensity": 0,
    "bidLiftRatio": 0,
    "askLiftRatio": 0,
    "sweepFrequency": 0,
    "largestSweep": null,
    "recentSweepClusters": 0,
    "sweepDetails": []
  },
  "absorption": {
    "absorptionScore": 0,
    "absorptionLevel": null,
    "absorptionSide": "NONE",
    "icebergProbability": 0,
    "hiddenLiquidityEstimate": 0,
    "volumeAtPrice": {},
    "topAbsorptionLevels": [],
    "persistenceDuration": 0,
    "refillDetected": false
  },
  "orderArrival": {
    "avgInterArrivalTime": 0,
    "recentInterArrivalTime": 0,
    "accelerationRatio": 1,
    "hawkesIntensity": 0,
    "hawkesDirection": "NEUTRAL",
    "clusteringScore": 0,
    "burstCount": 0,
    "cascadeDetected": false,
    "timeToNextTrade": 0,
    "accelerationTrend": "STABLE"
  },
  "liquidityVacuum": {
    "vacuumScore": 0,
    "vacuumSide": "NONE",
    "bidVacuumSeverity": 0,
    "askVacuumSeverity": 0,
    "depthConcentration": 0,
    "priceImpact10k": 0,
    "priceImpact50k": 0,
    "priceImpact100k": 0,
    "largestGapBid": 0,
    "largestGapAsk": 0,
    "avgGapBid": 0,
    "avgGapAsk": 0,
    "bidCliffDistance": 0,
    "askCliffDistance": 0
  },
  "volatilityRegime": {
    "regime": "ELEVATED",
    "regimeScore": 0.5,
    "currentATR": 127.514615,
    "avgATR": 68.858231,
    "atrPercentile": 100,
    "realizedVolatility": 141.38,
    "volPercentile": 27.1,
    "expanding": true,
    "contracting": false,
    "transitionProbability": 0.7,
    "daysInRegime": 1,
    "regimeStrength": 0.36
  },
  "temporalPatterns": {
    "currentHour": 22,
    "currentDay": 0,
    "currentDayName": "Sunday",
    "dayBias": "NEUTRAL",
    "hourlyProfile": [
      {
        "avgVolume": 20197.46,
        "avgATR": 30.794286,
        "avgReturn": 0.208
      },
      {
        "avgVolume": 21919.18,
        "avgATR": 26.756429,
        "avgReturn": 1.022
      },
      {
        "avgVolume": 19238.41,
        "avgATR": 21.638571,
        "avgReturn": -0.107
      },
      {
        "avgVolume": 20477.2,
        "avgATR": 28.895,
        "avgReturn": 0.392
      },
      {
        "avgVolume": 18969.75,
        "avgATR": 24.25,
        "avgReturn": -0.516
      },
      {
        "avgVolume": 15586.38,
        "avgATR": 20.288571,
        "avgReturn": -0.492
      },
      {
        "avgVolume": 14985.84,
        "avgATR": 22.944286,
        "avgReturn": 1.3
      },
      {
        "avgVolume": 15898.03,
        "avgATR": 23.858571,
        "avgReturn": 0.18
      },
      {
        "avgVolume": 11589.86,
        "avgATR": 22.165,
        "avgReturn": -0.044
      },
      {
        "avgVolume": 11514.94,
        "avgATR": 20.599286,
        "avgReturn": 0.242
      },
      {
        "avgVolume": 14559.73,
        "avgATR": 23.021429,
        "avgReturn": -0.357
      },
      {
        "avgVolume": 15514.57,
        "avgATR": 26.212143,
        "avgReturn": -0.353
      },
      {
        "avgVolume": 16986.76,
        "avgATR": 23.206429,
        "avgReturn": 0.631
      },
      {
        "avgVolume": 21053.69,
        "avgATR": 25.306429,
        "avgReturn": 0.085
      },
      {
        "avgVolume": 28994.49,
        "avgATR": 35.975714,
        "avgReturn": 1.817
      },
      {
        "avgVolume": 30354.48,
        "avgATR": 30.413571,
        "avgReturn": -0.969
      },
      {
        "avgVolume": 33005.45,
        "avgATR": 35.36,
        "avgReturn": -0.509
      },
      {
        "avgVolume": 27395.96,
        "avgATR": 34.584615,
        "avgReturn": 2.146
      },
      {
        "avgVolume": 23720.71,
        "avgATR": 27.407143,
        "avgReturn": 1.375
      },
      {
        "avgVolume": 19901.89,
        "avgATR": 24.562143,
        "avgReturn": -0.645
      },
      {
        "avgVolume": 22458.52,
        "avgATR": 26.432857,
        "avgReturn": 0.082
      },
      {
        "avgVolume": 20148.91,
        "avgATR": 25.833571,
        "avgReturn": 0.16
      },
      {
        "avgVolume": 18128.81,
        "avgATR": 24.347857,
        "avgReturn": 0.692
      },
      {
        "avgVolume": 17864.65,
        "avgATR": 26.095,
        "avgReturn": -0.899
      }
    ],
    "dailyProfile": [
      {
        "avgVolume": 17025.53,
        "avgATR": 24.98,
        "avgReturn": 0.357
      },
      {
        "avgVolume": 14926.99,
        "avgATR": 23.077083,
        "avgReturn": -0.232
      },
      {
        "avgVolume": 22185.02,
        "avgATR": 29.115,
        "avgReturn": -0.231
      },
      {
        "avgVolume": 17220.92,
        "avgATR": 20.460417,
        "avgReturn": 0.476
      },
      {
        "avgVolume": 14149.61,
        "avgATR": 18.831667,
        "avgReturn": 0.307
      },
      {
        "avgVolume": 25672.13,
        "avgATR": 29.62,
        "avgReturn": 0.757
      },
      {
        "avgVolume": 28739.58,
        "avgATR": 37.7425,
        "avgReturn": 0.117
      }
    ],
    "favorableHours": [
      16,
      15,
      14,
      17,
      18,
      20
    ],
    "favorableWindow": false,
    "currentVsAvgVolume": 0,
    "currentVsAvgVolatility": 0,
    "anomalyDetected": true,
    "timeUntilFavorable": 16,
    "temporalScore": 0
  },
  "unifiedMicrostructure": {
    "signalDirections": {
      "vpin": "NEUTRAL",
      "sweeps": "NEUTRAL",
      "absorption": "NEUTRAL",
      "arrival": "NEUTRAL",
      "vacuum": "NONE",
      "volRegime": "NEUTRAL",
      "temporal": "UNFAVORABLE"
    },
    "consensusDirection": "BEARISH",
    "consensusStrength": 50,
    "bullishSignals": 0,
    "bearishSignals": 1,
    "neutralSignals": 1,
    "totalAvailableSignals": 2,
    "dominantPattern": "NONE",
    "clusters": {
      "strongBuyCluster": false,
      "distributionPattern": false,
      "accumulationPattern": false,
      "momentumCascade": false
    },
    "adaptiveWeights": {
      "vpin": 0,
      "sweeps": 0,
      "absorption": 0,
      "arrival": 0,
      "vacuum": 0,
      "volRegime": 0.021,
      "temporal": 0.02
    },
    "convictionLevel": "LOW",
    "convictionScore": 30,
    "riskAdjustment": "REDUCE",
    "timingQuality": "UNFAVORABLE",
    "signalQuality": "LOW"
  },
  "deltaAnalysis": {
    "currentDelta": 0,
    "cumulativeDelta": 0,
    "deltaPerVolume": 0,
    "deltaDirection": "NEUTRAL",
    "deltaDivergence": false,
    "institutionalRatio": 0,
    "aggressionScore": 0
  },
  "volumeProfile": {
    "pointOfControl": 0,
    "valueAreaHigh": 0,
    "valueAreaLow": 0,
    "currentPosition": "ABOVE_VALUE_AREA",
    "volumeNodes": [],
    "airPockets": []
  },
  "momentumCascade": {
    "cascadeDetected": false,
    "alignmentScore": -0.000973582495897715,
    "cascadeStrength": 0,
    "acceleratingTimeframes": [],
    "divergingTimeframes": [
      "1m",
      "5m",
      "15m",
      "1h"
    ]
  },
  "breakoutConfirmation": {
    "breakoutConfirmed": false,
    "volumeConfirmation": false,
    "retestStrength": 0,
    "falseBreakoutRisk": 0,
    "breakoutQuality": "NO_BREAKOUT"
  },
  "liquidityHeatmap": {
    "liquidityScore": 0,
    "magnetDirection": "NONE",
    "magnetStrength": 0,
    "priceTarget5pct": null,
    "message": "No order book data"
  },
  "smartMoneyDivergence": {
    "divergenceDetected": false,
    "divergenceDirection": "NONE",
    "smartMoneyScore": 0.5,
    "message": "Insufficient trade data"
  },
  "microstructure": {
    "raw": -0.049212325602882745,
    "pct": 49,
    "summary": {
      "latestBucketSignedZ": 0,
      "buySellRatio": 0.5,
      "tradesPerSec": 0,
      "vwap": 0,
      "aggressorVWAP": 0,
      "vpinToxicity": "UNKNOWN",
      "sweepDirection": "NEUTRAL",
      "absorptionSide": "NONE",
      "icebergDetected": false,
      "hawkesDirection": "NEUTRAL",
      "cascadeDetected": false,
      "vacuumSide": "NONE",
      "volatilityRegime": "ELEVATED",
      "volExpanding": true,
      "favorableTimeWindow": false,
      "temporalAnomaly": true,
      "consensusDirection": "BEARISH",
      "consensusStrength": 50,
      "dominantPattern": "NONE",
      "convictionLevel": "LOW",
      "riskAdjustment": "REDUCE",
      "timingQuality": "UNFAVORABLE",
      "deltaDirection": "NEUTRAL",
      "deltaDivergence": false,
      "institutionalRatio": 0,
      "volumeProfilePosition": "ABOVE_VALUE_AREA",
      "pointOfControl": 0,
      "momentumCascadeDetected": false,
      "cascadeStrength": 0,
      "breakoutQuality": "NO_BREAKOUT",
      "breakoutConfirmed": false,
      "magnetDirection": "NONE",
      "magnetStrength": 0,
      "priceTarget5pct": null,
      "nearestBidWall": 0,
      "nearestAskWall": 0,
      "divergenceDetected": false,
      "divergenceDirection": "NONE",
      "whaleAccumulation": false,
      "whaleDistribution": false,
      "retailPanic": false,
      "smartMoneyScore": 0.5
    }
  }
}

=== MICROSTRUCTURE ALERTS ===

🔬 VPIN: Insufficient data for VPIN analysis

🌊 SWEEP DETECTION: No significant sweeps detected

🧊 ABSORPTION & ICEBERG: No significant absorption or iceberg orders detected

⚡ ORDER ARRIVAL DYNAMICS: Insufficient trades for analysis

🌪️ LIQUIDITY VACUUM: No significant vacuum detected

📊 VOLATILITY REGIME DETECTION:
   Current Regime: ELEVATED
   Regime Score: 0.50 (-1=low vol, +1=extreme vol)
   Days in Regime: 1
   ATR: $127.514615 (avg: $68.858231)
   ATR Percentile: 100.0%
   Realized Volatility: 141.38% (annualized)
   Vol Percentile: 27.1%

   🟡 ELEVATED VOLATILITY:
   ⚠️ Increased risk - wider stops needed
   ⚠️ Reduce position size
   💡 Good for momentum strategies

   🚀 VOLATILITY EXPANDING:
   💥 Breakout likely imminent!
   📈 Market transitioning to higher vol regime
   ✅ Strong signal when combined with other indicators

   ⚠️ HIGH REGIME TRANSITION PROBABILITY: 70%
   Market near regime boundary - expect volatility shift soon

   ⚠️ NEW REGIME: Only 1 day(s) - conditions still settling

⏰ TEMPORAL PATTERN ANALYSIS:
   Current Time: Sunday 22:00 UTC
   Day Bias: NEUTRAL
   Current vs Avg Volume: 0x
   Current vs Avg Volatility: 0x

   ⏳ NON-FAVORABLE TIME WINDOW:
   This hour typically shows weaker activity
   Next favorable window in 16 hour(s)

   ⚠️ LOW ACTIVITY ANOMALY:
   Volume 0x below typical - Extremely quiet

   📉 LOW VOLATILITY ANOMALY:
   Volatility 0x below typical - Consolidation likely

   🔥 Best Trading Hours (UTC): 16:00, 15:00, 14:00

🎯 UNIFIED MICROSTRUCTURE INTEGRATION:
   Signal Consensus: BEARISH (50% agreement)
   Available Signals: 2 (0 bullish / 1 bearish / 1 neutral)
   Conviction Level: LOW (30%)
   Signal Quality: LOW
   Risk Adjustment: REDUCE
   Timing Quality: UNFAVORABLE

   ⚠️ LOW CONVICTION: Only 50% signal agreement
   Weak alignment - Reduce position size or wait for clarity

   ⚠️ RISK REDUCTION RECOMMENDED: Extreme volatility or unfavorable timing detected

   ⏰ UNFAVORABLE TIMING: Avoid trading during this hour

   Signal Directions Breakdown:
   • VPIN: NEUTRAL
   • Sweeps: NEUTRAL
   • Absorption: NEUTRAL
   • Arrival Dynamics: NEUTRAL
   • Liquidity Vacuum: NONE
   • Vol Regime: NEUTRAL
   • Temporal: UNFAVORABLE

   Adaptive Weights (Total: 4.1%):
   • VPIN: 0.0%
   • Sweeps: 0.0%
   • Absorption: 0.0%
   • Arrival: 0.0%
   • Vacuum: 0.0%
   • Vol Regime: 2.1%
   • Temporal: 2.0%


💹 DELTA ANALYSIS (Order Flow Aggression):
   Direction: NEUTRAL
   Delta Per Volume: 0.00%
   Institutional Ratio: 0.0%
   Aggression Score: 0.0%

📊 VOLUME PROFILE (Support/Resistance Strength):
   Point of Control (POC): $0.000000
   Value Area High: $0.000000
   Value Area Low: $0.000000
   Current Position: ABOVE_VALUE_AREA
   ⚠️ DISTRIBUTION RISK: Price above value area - potential rejection zone

⚡ MOMENTUM CASCADE (Multi-Timeframe Alignment):
   Cascade Detected: NO
   Alignment Score: -0.1%
   Cascade Strength: 0.0%
   Accelerating: None
   Diverging: 1m, 5m, 15m, 1h

💥 BREAKOUT CONFIRMATION:
   Quality: NO_BREAKOUT
   Volume Confirmation: NO
   Retest Strength: 0.0%
   False Breakout Risk: 0.0%
   No breakout detected - price below resistance


levels:
Entry=715.25662, StopLoss=686.6463552, TakeProfit=721.220169, 727.183718, 731.9545571999998

---

=== Token: OMNI (OMNI) ===
Contract: OMNI-USD
Timestamp: 2025-11-16T16:00:00.000Z

Calculations:
{
  "momentumScore": 47.17138809251259,
  "volumeScore": 27.022719702041492,
  "patternScore": 62.5805698694552,
  "totalScore": 37.397124996805495,
  "finalScore": 37.397124996805495,
  "weights": "0.27,0.41,0.23",
  "hourlyUptrend": true,
  "rsi": 31.775700934579447,
  "ultraShortVolumeSurge": 0.5413906310988488,
  "baseVolumeSurge": 0.024104847344754977,
  "currentPrice": 1.879,
  "resistance": 2.135,
  "support": 1.826,
  "rocMin5": 0.010215053763440809,
  "shortROC": 0,
  "priceAcceleration": 0.002656757438615827,
  "buySellRatio": 0.4514380712400662,
  "macdHistogram": -0.019891679892401835,
  "stochasticK": 16.279069767441882,
  "atr": 0.05635714285714282,
  "bbUpper": 2.0466590650374776,
  "bbLower": 1.7711409349625222,
  "hammerDetected": false,
  "engulfingDetected": false,
  "compressionSpring": {
    "detected": false,
    "confidence": 0,
    "signals": {
      "sidewaysPrice": false,
      "atrCompression": false,
      "bbSqueeze": false,
      "consolidationTime": true,
      "strongBuying": false,
      "obvPositive": false,
      "chaikinPositive": false,
      "rsiNeutral": true,
      "volumeBuilding": false
    },
    "metrics": {
      "priceRange": 18.67,
      "atrRatio": 0.894,
      "bbWidth": 14.43,
      "volumeRatio": 0.366,
      "signalCount": 2,
      "buySellRatio": 0.451
    }
  },
  "riskTier": "MEDIUM",
  "atrPercent": 4.599711092526417,
  "distanceToResistance": 13.624268227780723,
  "slPercent": 4.5,
  "tpPercent": 11.580627993613614,
  "trailingActivation": 6.948376796168168,
  "shortMomentumScore": 25,
  "overboughtScore": 0,
  "shortPatternScore": 0,
  "shootingStarDetected": false,
  "bearishEngulfingDetected": false,
  "eveningStarDetected": false,
  "bearishPatternsCount": 0,
  "shortTotalScore": 10,
  "chaikin": -0.1976197838160605,
  "obvIncreasing": true,
  "obvTrend": "increasing",
  "adx": 3.392568659127605,
  "recentCandles": {
    "redCount": 6,
    "greenCount": 4
  },
  "resistanceDistance": 13.624268227780723,
  "multiplePatterns": false,
  "bullishPattern": false,
  "priceAboveVWAP": false,
  "breakingResistance": false,
  "atrSufficient": true,
  "macdDivergenceBearish": false,
  "rvolMin1": -0.4453752165608464,
  "rvolMin5": -0.5231815134439733,
  "atrPercentileOld": 0.9512195121951219,
  "vwapDeviation": -1.5150071396225298,
  "bbWidthPercent": 14.433345386083893,
  "bbSqueeze": false,
  "multiTFMomentum": {
    "min1": {
      "roc1": 0.020223523150612044,
      "roc3": -0.0005213764337851355
    },
    "min5": {
      "roc1": 0,
      "roc3": -0.001063264221158959
    },
    "min15": {
      "roc1": 0.007506702412868639,
      "roc3": 0.006966773847802733
    },
    "hourly": {
      "roc1": 0.007450771687067596,
      "roc3": -0.025231719876416033
    },
    "fourHour": {
      "roc1": -0.008381351492928242,
      "roc3": 0.044701986754966866
    },
    "divergenceShortUpLongDown": true
  },
  "returnZMin5": -0.02480058621336487,
  "wickClosePct": 0,
  "wickUpper": 0,
  "wickLower": 0,
  "wickRatio": 0,
  "donchianBreakout15": false,
  "bbWidthPercentile15": 0.987012987012987,
  "signedMin5": -665.6200000000017,
  "signedMin5Z": -0.7952075235329239,
  "signedMin1": -5187.42,
  "signedMin1Z": -12.792582123913629,
  "streakMin1": {
    "upStreak": 0,
    "downStreak": 0
  },
  "streakMin5": {
    "upStreak": 0,
    "downStreak": 1
  },
  "rvolPercentileMin1": 0.15347222222222223,
  "rvolPercentileMin5": 0.18055555555555555,
  "perTfMetrics": {
    "min1": {
      "sma20": 1.88595,
      "sma50": 1.9784800000000002,
      "ema20": 1.895782697356169,
      "ema50": 1.9280180153375923,
      "vwma20": 1.8744437409004753,
      "hma21": 1.858939393939395,
      "atr14": 0.028999999999999963,
      "atrPercentile": 0.6742195367573011,
      "rvolZ": -0.4453752165608464,
      "rvolPercentile": 0.15347222222222223,
      "mfi14": 50.610801665304265,
      "ppo": {
        "ppo": -1.088481225641689,
        "signal": -1.4981764783843394,
        "histogram": 0.4096952527426505
      },
      "stochRsi": {
        "k": 97.20182806128403,
        "d": 46.65049041197526
      },
      "vprofile": {
        "vpBins": [
          0,
          0,
          0.016238736883894083,
          0.001121032437352051,
          0.10642470104041944,
          0.04835564311944233,
          0.17323211046564416,
          0.1463033117309564,
          0.08712826701635906,
          0.08935607812331725,
          0.061575748745140525,
          0.09157333088379693,
          0.039443078898299885,
          0.00961733384858064,
          0,
          0.08327526242770171,
          0.014623837790011378,
          0.021096368139978332,
          0.010635158449105599,
          0
        ],
        "currentBinShare": 0.08935607812331725
      },
      "ttm": {
        "squeeze": false,
        "release": false,
        "widthPct": 6.223624356725073
      }
    },
    "min5": {
      "sma20": 1.9532999999999998,
      "sma50": 1.9170000000000005,
      "ema20": 1.9179604860552448,
      "ema50": 1.9179722464781044,
      "vwma20": 1.9751247841699302,
      "hma21": 1.8297575757575764,
      "atr14": 0.05635714285714282,
      "atrPercentile": 0.8102189781021898,
      "rvolZ": -0.5231815134439733,
      "rvolPercentile": 0.18055555555555555,
      "mfi14": 29.318511727404683,
      "ppo": {
        "ppo": -0.7962478081302352,
        "signal": -0.2341013804973865,
        "histogram": -0.5621464276328487
      },
      "stochRsi": {
        "k": 7.558535206282357,
        "d": 32.35451099019197
      },
      "vprofile": {
        "vpBins": [
          0,
          0,
          0,
          0.008723088318873003,
          0.008272391055176352,
          0.09747335086933684,
          0.10948909438122012,
          0.12391719913440752,
          0.11546703917687344,
          0.1698836310146467,
          0.07752985903850054,
          0.11729410078931324,
          0.07575299748847986,
          0.036883254652090816,
          0.0045762045911818625,
          0.0011293634921701004,
          0.045164058355090145,
          0,
          0.008444367642639547,
          0
        ],
        "currentBinShare": 0.12391719913440752
      },
      "ttm": {
        "squeeze": false,
        "release": false,
        "widthPct": 17.485535270420776
      }
    },
    "min15": {
      "sma20": 1.9088999999999998,
      "sma50": 1.8849799999999997,
      "ema20": 1.9033760852813024,
      "ema50": 1.897571162745455,
      "vwma20": 1.9295658955478547,
      "hma21": 1.9468787878787874,
      "atr14": 0.08642857142857138,
      "atrPercentile": 0.9512195121951219,
      "rvolZ": -0.5823013045032909,
      "rvolPercentile": 0.125,
      "mfi14": 50.33797545188654,
      "ppo": {
        "ppo": -0.18739886698640412,
        "signal": 0.32231524076027845,
        "histogram": -0.5097141077466826
      },
      "stochRsi": {
        "k": 37.734765516945785,
        "d": 50.47138495898003
      },
      "vprofile": {
        "vpBins": [
          0,
          0.00558791190723401,
          0,
          0.011932709203688534,
          0.07301364359145802,
          0.07108788526033266,
          0.15383898694906586,
          0.2004389368302131,
          0.17231814056788514,
          0.1044473489356925,
          0.058212707283599764,
          0.07056571938507267,
          0,
          0,
          0,
          0,
          0.05408413844142463,
          0,
          0.024471871644333038,
          0
        ],
        "currentBinShare": 0.2004389368302131
      },
      "ttm": {
        "squeeze": false,
        "release": false,
        "widthPct": 14.433345386083893
      }
    },
    "hourly": {
      "sma20": 1.8797000000000001,
      "sma50": 1.8878599999999996,
      "ema20": 1.8852657933439225,
      "ema50": 1.8962372929066162,
      "vwma20": 1.9033492701591839,
      "hma21": 1.9262337662337674,
      "atr14": 0.1011428571428571,
      "atrPercentile": 0.8571428571428571,
      "rvolZ": -0.4147981259995182,
      "rvolPercentile": 0.06845238095238096,
      "mfi14": 73.89517586274033,
      "ppo": {
        "ppo": 0.11679995155881075,
        "signal": -0.002367592840796528,
        "histogram": 0.11916754439960728
      },
      "stochRsi": {
        "k": 75.7790362611056,
        "d": 54.95597040512413
      },
      "vprofile": {
        "vpBins": [
          0.010651791708865802,
          0.03611156787327743,
          0.033393279811554794,
          0.015012858882301397,
          0.09561229047418549,
          0.09256590177179466,
          0.10873005735289096,
          0.2376507078075038,
          0.010651364976046065,
          0.07876870512193179,
          0.22139120589005087,
          0,
          0,
          0.05946026832959705,
          0,
          0,
          0,
          0,
          0,
          0
        ],
        "currentBinShare": 0.09561229047418549
      },
      "ttm": {
        "squeeze": true,
        "release": false,
        "widthPct": 10.043412056780467
      }
    },
    "fourHour": {
      "sma20": 1.9133999999999998,
      "sma50": 1.9077600000000006,
      "ema20": 1.9015833222666811,
      "ema50": 1.9096322162524026,
      "vwma20": 1.9087866115958512,
      "hma21": 1.8295627705627706,
      "atr14": 0.14371428571428568,
      "atrPercentile": 0.7285714285714285,
      "rvolZ": 0.08644149348424711,
      "rvolPercentile": 0.8452380952380952,
      "mfi14": 67.1006173154141,
      "ppo": {
        "ppo": -0.9032704228736467,
        "signal": -0.7695897952295045,
        "histogram": -0.13368062764414212
      },
      "stochRsi": {
        "k": 75.4456937095826,
        "d": 48.499765811918564
      },
      "vprofile": {
        "vpBins": [
          0.008928594721026192,
          0.00941510132377969,
          0.06678009267701433,
          0.09847509263987361,
          0.041669453965905205,
          0.0701618562709927,
          0.1504155395631777,
          0.14670292507746982,
          0.1230443675561365,
          0.0615306805662247,
          0.22287629563839959,
          0,
          0,
          0,
          0,
          0,
          0,
          0,
          0,
          0
        ],
        "currentBinShare": 0.0701618562709927
      },
      "ttm": {
        "squeeze": true,
        "release": false,
        "widthPct": 13.70389345043572
      }
    },
    "daily": {
      "sma20": 1.9526500000000002,
      "sma50": 2.409720000000001,
      "ema20": 1.9964708498077735,
      "ema50": 2.364748804987429,
      "vwma20": 0,
      "hma21": 1.8388571428571425,
      "atr14": 0.31892857142857134,
      "atrPercentile": 0.3157894736842105,
      "rvolZ": 0,
      "rvolPercentile": 1,
      "mfi14": 50,
      "ppo": {
        "ppo": -6.829190549737059,
        "signal": -7.85965238958513,
        "histogram": 1.030461839848071
      },
      "stochRsi": {
        "k": 100,
        "d": 44.303319517474
      },
      "vprofile": {
        "vpBins": [
          0,
          0,
          0,
          0,
          0,
          0,
          0,
          0,
          0,
          0,
          0,
          0,
          0,
          0,
          0,
          0,
          0,
          0,
          0,
          0
        ],
        "currentBinShare": 0
      },
      "ttm": {
        "squeeze": true,
        "release": false,
        "widthPct": 32.86976535516995
      }
    }
  },
  "smaMin5": 1.9532999999999998,
  "emaMin5": 1.9179604860552448,
  "vwmaMin5": 1.9751247841699302,
  "hmaMin5": 1.8297575757575764,
  "keltner15": {
    "upper": 2.0056760852813023,
    "middle": 1.9033760852813024,
    "lower": 1.8010760852813026
  },
  "superTrend15": {
    "isBull": false,
    "finalUpper": 2.1026,
    "finalLower": 1.6934000000000002
  },
  "mfi15": 50.33797545188654,
  "stochRsi15": {
    "k": 37.734765516945785,
    "d": 50.47138495898003
  },
  "ppo15": {
    "ppo": -0.18739886698640412,
    "signal": 0.32231524076027845,
    "histogram": -0.5097141077466826
  },
  "vpMin15": {
    "vpBins": [
      0,
      0.00558791190723401,
      0,
      0.011932709203688534,
      0.07301364359145802,
      0.07108788526033266,
      0.15383898694906586,
      0.2004389368302131,
      0.17231814056788514,
      0.1044473489356925,
      0.058212707283599764,
      0.07056571938507267,
      0,
      0,
      0,
      0,
      0.05408413844142463,
      0,
      0.024471871644333038,
      0
    ],
    "currentBinShare": 0.2004389368302131
  },
  "ttm15": {
    "squeeze": false,
    "release": false,
    "widthPct": 14.433345386083893
  },
  "marketCorrelation": {
    "hourly": {
      "btcCorrelation": 0,
      "ethCorrelation": 0,
      "btcBeta": 1,
      "ethBeta": 1,
      "btcTrend": "UNKNOWN",
      "ethTrend": "UNKNOWN",
      "tokenVol": 0,
      "btcVol": 0,
      "ethVol": 0,
      "marketDependence": 0,
      "verdict": "INSUFFICIENT_DATA"
    },
    "min15": {
      "btcCorrelation": 0,
      "ethCorrelation": 0,
      "btcBeta": 1,
      "ethBeta": 1,
      "btcTrend": "UNKNOWN",
      "ethTrend": "UNKNOWN",
      "tokenVol": 0,
      "btcVol": 0,
      "ethVol": 0,
      "marketDependence": 0,
      "verdict": "INSUFFICIENT_DATA"
    },
    "daily": {
      "btcCorrelation": 0,
      "ethCorrelation": 0,
      "btcBeta": 1,
      "ethBeta": 1,
      "btcTrend": "UNKNOWN",
      "ethTrend": "UNKNOWN",
      "tokenVol": 0,
      "btcVol": 0,
      "ethVol": 0,
      "marketDependence": 0,
      "verdict": "INSUFFICIENT_DATA"
    }
  },
  "tradeTape": {
    "totalTrades": 0,
    "totalVolume": 0,
    "buysVolume": 0,
    "sellsVolume": 0,
    "buySellRatio": 0.5,
    "vwap": 0,
    "signedVolume": 0,
    "avgTradeSize": 0,
    "tradesPerSec": 0,
    "cumulativeDelta": 0,
    "tradesLast1m": 0,
    "tradesLast5m": 0,
    "tradesLast15m": 0,
    "tradesLast1h": 0,
    "buyVWAP": 0,
    "sellVWAP": 0,
    "aggressorVWAP": 0,
    "bucketDurationMs": 60000,
    "bucketCount": 15,
    "bucketSignedVolumes": [],
    "bucketVolumes": [],
    "bucketVWAPs": [],
    "latestBucketSignedZ": 0
  },
  "enhancedMetrics": {
    "relativeVolumeZScore": -1,
    "volumePercentile": 40,
    "atrPercentile": 81.02189781021897,
    "volatilityPercentile": 68.0379746835443,
    "relativeVolatilityRatio": 0.9021491672951184,
    "isHighVolume": false,
    "isHighVolatility": false,
    "isLowVolatility": false,
    "isExpandingVolatility": false,
    "isContractingVolatility": false
  },
  "orderBook": {
    "bidAskSpread": 0,
    "spreadPct": 0,
    "midPrice": 0,
    "bestBid": 0,
    "bestAsk": 0,
    "bidDepth": 0,
    "askDepth": 0,
    "orderBookImbalance": 0,
    "liquidityScore": 0,
    "depthAt1Pct": {
      "bidVolume": 0,
      "askVolume": 0,
      "imbalance": 0
    },
    "depthAt2Pct": {
      "bidVolume": 0,
      "askVolume": 0,
      "imbalance": 0
    },
    "depthAt5Pct": {
      "bidVolume": 0,
      "askVolume": 0,
      "imbalance": 0
    },
    "weightedMidPrice": 0,
    "volumeWeightedSpread": 0,
    "totalBidLevels": 0,
    "totalAskLevels": 0
  },
  "marketCap": {
    "marketCap": 0,
    "totalVolume24h": 0,
    "volumeToMarketCapRatio": 0,
    "marketCapRank": 0,
    "normalizedRank": 0,
    "isHighLiquidity": false,
    "isVeryHighLiquidity": false,
    "isLowLiquidity": true,
    "liquidityTier": "VERY_LOW"
  },
  "sweeps": {
    "sweepScore": 0,
    "sweepCount": 0,
    "sweepDirection": "NEUTRAL",
    "buySweeps": 0,
    "sellSweeps": 0,
    "avgSweepSize": 0,
    "avgSweepIntensity": 0,
    "bidLiftRatio": 0,
    "askLiftRatio": 0,
    "sweepFrequency": 0,
    "largestSweep": null,
    "recentSweepClusters": 0,
    "sweepDetails": []
  },
  "absorption": {
    "absorptionScore": 0,
    "absorptionLevel": null,
    "absorptionSide": "NONE",
    "icebergProbability": 0,
    "hiddenLiquidityEstimate": 0,
    "volumeAtPrice": {},
    "topAbsorptionLevels": [],
    "persistenceDuration": 0,
    "refillDetected": false
  },
  "orderArrival": {
    "avgInterArrivalTime": 0,
    "recentInterArrivalTime": 0,
    "accelerationRatio": 1,
    "hawkesIntensity": 0,
    "hawkesDirection": "NEUTRAL",
    "clusteringScore": 0,
    "burstCount": 0,
    "cascadeDetected": false,
    "timeToNextTrade": 0,
    "accelerationTrend": "STABLE"
  },
  "liquidityVacuum": {
    "vacuumScore": 0,
    "vacuumSide": "NONE",
    "bidVacuumSeverity": 0,
    "askVacuumSeverity": 0,
    "depthConcentration": 0,
    "priceImpact10k": 0,
    "priceImpact50k": 0,
    "priceImpact100k": 0,
    "largestGapBid": 0,
    "largestGapAsk": 0,
    "avgGapBid": 0,
    "avgGapAsk": 0,
    "bidCliffDistance": 0,
    "askCliffDistance": 0
  },
  "volatilityRegime": {
    "regime": "NORMAL",
    "regimeScore": 0,
    "currentATR": 0.307923,
    "avgATR": 0.399479,
    "atrPercentile": 34.2,
    "realizedVolatility": 188.14,
    "volPercentile": 66.1,
    "expanding": false,
    "contracting": true,
    "transitionProbability": 0.4,
    "daysInRegime": 1,
    "regimeStrength": 0.98
  },
  "temporalPatterns": {
    "currentHour": 22,
    "currentDay": 0,
    "currentDayName": "Sunday",
    "dayBias": "NEUTRAL",
    "hourlyProfile": [
      {
        "avgVolume": 7026.09,
        "avgATR": 0.074571,
        "avgReturn": -0.086
      },
      {
        "avgVolume": 4994.17,
        "avgATR": 0.084867,
        "avgReturn": 0.583
      },
      {
        "avgVolume": 2982.12,
        "avgATR": 0.080308,
        "avgReturn": -1.131
      },
      {
        "avgVolume": 3056.43,
        "avgATR": 0.053429,
        "avgReturn": -0.643
      },
      {
        "avgVolume": 1871.36,
        "avgATR": 0.04175,
        "avgReturn": -0.053
      },
      {
        "avgVolume": 1372.97,
        "avgATR": 0.04675,
        "avgReturn": -0.443
      },
      {
        "avgVolume": 1732.03,
        "avgATR": 0.047429,
        "avgReturn": 0.052
      },
      {
        "avgVolume": 1658.4,
        "avgATR": 0.054923,
        "avgReturn": 0.789
      },
      {
        "avgVolume": 1194.61,
        "avgATR": 0.050429,
        "avgReturn": 0.096
      },
      {
        "avgVolume": 1225.62,
        "avgATR": 0.0565,
        "avgReturn": -1.128
      },
      {
        "avgVolume": 1444.82,
        "avgATR": 0.046643,
        "avgReturn": 0.482
      },
      {
        "avgVolume": 1159.92,
        "avgATR": 0.038929,
        "avgReturn": 0.155
      },
      {
        "avgVolume": 3325.38,
        "avgATR": 0.072286,
        "avgReturn": 0.439
      },
      {
        "avgVolume": 3090.95,
        "avgATR": 0.0576,
        "avgReturn": -0.083
      },
      {
        "avgVolume": 2566.92,
        "avgATR": 0.064714,
        "avgReturn": 0.304
      },
      {
        "avgVolume": 2261.8,
        "avgATR": 0.059125,
        "avgReturn": -0.59
      },
      {
        "avgVolume": 2037.18,
        "avgATR": 0.052786,
        "avgReturn": -0.429
      },
      {
        "avgVolume": 4189.56,
        "avgATR": 0.0696,
        "avgReturn": -0.065
      },
      {
        "avgVolume": 3179.21,
        "avgATR": 0.061333,
        "avgReturn": -0.265
      },
      {
        "avgVolume": 3809.62,
        "avgATR": 0.0795,
        "avgReturn": 1.245
      },
      {
        "avgVolume": 4380.51,
        "avgATR": 0.079,
        "avgReturn": -0.115
      },
      {
        "avgVolume": 2949.9,
        "avgATR": 0.054538,
        "avgReturn": -0.128
      },
      {
        "avgVolume": 1493.62,
        "avgATR": 0.042933,
        "avgReturn": -0.009
      },
      {
        "avgVolume": 4970.4,
        "avgATR": 0.104462,
        "avgReturn": 1.329
      }
    ],
    "dailyProfile": [
      {
        "avgVolume": 2211.47,
        "avgATR": 0.069929,
        "avgReturn": 0.526
      },
      {
        "avgVolume": 8546.6,
        "avgATR": 0.11,
        "avgReturn": -0.352
      },
      {
        "avgVolume": 1902.71,
        "avgATR": 0.037413,
        "avgReturn": -0.157
      },
      {
        "avgVolume": 3171.62,
        "avgATR": 0.074043,
        "avgReturn": 0.113
      },
      {
        "avgVolume": 1810.89,
        "avgATR": 0.039581,
        "avgReturn": -0.234
      },
      {
        "avgVolume": 1234.69,
        "avgATR": 0.042682,
        "avgReturn": 0.025
      },
      {
        "avgVolume": 1003.67,
        "avgATR": 0.051529,
        "avgReturn": 0.032
      }
    ],
    "favorableHours": [
      0,
      23,
      1,
      20,
      17,
      19
    ],
    "favorableWindow": false,
    "currentVsAvgVolume": 0,
    "currentVsAvgVolatility": 0,
    "anomalyDetected": true,
    "timeUntilFavorable": 1,
    "temporalScore": 0
  },
  "unifiedMicrostructure": {
    "signalDirections": {
      "vpin": "NEUTRAL",
      "sweeps": "NEUTRAL",
      "absorption": "NEUTRAL",
      "arrival": "NEUTRAL",
      "vacuum": "NONE",
      "volRegime": "NEUTRAL",
      "temporal": "UNFAVORABLE"
    },
    "consensusDirection": "BEARISH",
    "consensusStrength": 50,
    "bullishSignals": 0,
    "bearishSignals": 1,
    "neutralSignals": 1,
    "totalAvailableSignals": 2,
    "dominantPattern": "NONE",
    "clusters": {
      "strongBuyCluster": false,
      "distributionPattern": false,
      "accumulationPattern": false,
      "momentumCascade": false
    },
    "adaptiveWeights": {
      "vpin": 0,
      "sweeps": 0,
      "absorption": 0,
      "arrival": 0,
      "vacuum": 0,
      "volRegime": 0.021,
      "temporal": 0.02
    },
    "convictionLevel": "LOW",
    "convictionScore": 30,
    "riskAdjustment": "REDUCE",
    "timingQuality": "UNFAVORABLE",
    "signalQuality": "LOW"
  },
  "deltaAnalysis": {
    "currentDelta": 0,
    "cumulativeDelta": 0,
    "deltaPerVolume": 0,
    "deltaDirection": "NEUTRAL",
    "deltaDivergence": false,
    "institutionalRatio": 0,
    "aggressionScore": 0
  },
  "volumeProfile": {
    "pointOfControl": 0,
    "valueAreaHigh": 0,
    "valueAreaLow": 0,
    "currentPosition": "ABOVE_VALUE_AREA",
    "volumeNodes": [],
    "airPockets": []
  },
  "momentumCascade": {
    "cascadeDetected": false,
    "alignmentScore": -0.004899180169156801,
    "cascadeStrength": 0,
    "acceleratingTimeframes": [
      "1m"
    ],
    "divergingTimeframes": [
      "5m",
      "15m",
      "1h"
    ]
  },
  "breakoutConfirmation": {
    "breakoutConfirmed": false,
    "volumeConfirmation": false,
    "retestStrength": 0,
    "falseBreakoutRisk": 0,
    "breakoutQuality": "NO_BREAKOUT"
  },
  "liquidityHeatmap": {
    "liquidityScore": 0,
    "magnetDirection": "NONE",
    "magnetStrength": 0,
    "priceTarget5pct": null,
    "message": "No order book data"
  },
  "smartMoneyDivergence": {
    "divergenceDetected": false,
    "divergenceDirection": "NONE",
    "smartMoneyScore": 0.5,
    "message": "Insufficient trade data"
  },
  "microstructure": {
    "raw": -0.03639794881271366,
    "pct": 49,
    "summary": {
      "latestBucketSignedZ": 0,
      "buySellRatio": 0.5,
      "tradesPerSec": 0,
      "vwap": 0,
      "aggressorVWAP": 0,
      "vpinToxicity": "UNKNOWN",
      "sweepDirection": "NEUTRAL",
      "absorptionSide": "NONE",
      "icebergDetected": false,
      "hawkesDirection": "NEUTRAL",
      "cascadeDetected": false,
      "vacuumSide": "NONE",
      "volatilityRegime": "NORMAL",
      "volExpanding": false,
      "favorableTimeWindow": false,
      "temporalAnomaly": true,
      "consensusDirection": "BEARISH",
      "consensusStrength": 50,
      "dominantPattern": "NONE",
      "convictionLevel": "LOW",
      "riskAdjustment": "REDUCE",
      "timingQuality": "UNFAVORABLE",
      "deltaDirection": "NEUTRAL",
      "deltaDivergence": false,
      "institutionalRatio": 0,
      "volumeProfilePosition": "ABOVE_VALUE_AREA",
      "pointOfControl": 0,
      "momentumCascadeDetected": false,
      "cascadeStrength": 0,
      "breakoutQuality": "NO_BREAKOUT",
      "breakoutConfirmed": false,
      "magnetDirection": "NONE",
      "magnetStrength": 0,
      "priceTarget5pct": null,
      "nearestBidWall": 0,
      "nearestAskWall": 0,
      "divergenceDetected": false,
      "divergenceDirection": "NONE",
      "whaleAccumulation": false,
      "whaleDistribution": false,
      "retailPanic": false,
      "smartMoneyScore": 0.5
    }
  }
}

=== MICROSTRUCTURE ALERTS ===

🔬 VPIN: Insufficient data for VPIN analysis

🌊 SWEEP DETECTION: No significant sweeps detected

🧊 ABSORPTION & ICEBERG: No significant absorption or iceberg orders detected

⚡ ORDER ARRIVAL DYNAMICS: Insufficient trades for analysis

🌪️ LIQUIDITY VACUUM: No significant vacuum detected

📊 VOLATILITY REGIME DETECTION:
   Current Regime: NORMAL
   Regime Score: 0.00 (-1=low vol, +1=extreme vol)
   Days in Regime: 1
   ATR: $0.307923 (avg: $0.399479)
   ATR Percentile: 34.2%
   Realized Volatility: 188.14% (annualized)
   Vol Percentile: 66.1%

   ⚪ NORMAL VOLATILITY:
   📊 Balanced market conditions
   ✅ Standard risk management applies

   📉 VOLATILITY CONTRACTING:
   🔄 Consolidation phase - accumulation likely
   ⏳ Wait for expansion before entering

   📍 MODERATE REGIME TRANSITION PROBABILITY: 40%
   Monitor for potential regime change

   ⚠️ NEW REGIME: Only 1 day(s) - conditions still settling

⏰ TEMPORAL PATTERN ANALYSIS:
   Current Time: Sunday 22:00 UTC
   Day Bias: NEUTRAL
   Current vs Avg Volume: 0x
   Current vs Avg Volatility: 0x

   ⏳ NON-FAVORABLE TIME WINDOW:
   This hour typically shows weaker activity
   Next favorable window in 1 hour(s)

   ⚠️ LOW ACTIVITY ANOMALY:
   Volume 0x below typical - Extremely quiet

   📉 LOW VOLATILITY ANOMALY:
   Volatility 0x below typical - Consolidation likely

   🔥 Best Trading Hours (UTC): 0:00, 23:00, 1:00

🎯 UNIFIED MICROSTRUCTURE INTEGRATION:
   Signal Consensus: BEARISH (50% agreement)
   Available Signals: 2 (0 bullish / 1 bearish / 1 neutral)
   Conviction Level: LOW (30%)
   Signal Quality: LOW
   Risk Adjustment: REDUCE
   Timing Quality: UNFAVORABLE

   ⚠️ LOW CONVICTION: Only 50% signal agreement
   Weak alignment - Reduce position size or wait for clarity

   ⚠️ RISK REDUCTION RECOMMENDED: Extreme volatility or unfavorable timing detected

   ⏰ UNFAVORABLE TIMING: Avoid trading during this hour

   Signal Directions Breakdown:
   • VPIN: NEUTRAL
   • Sweeps: NEUTRAL
   • Absorption: NEUTRAL
   • Arrival Dynamics: NEUTRAL
   • Liquidity Vacuum: NONE
   • Vol Regime: NEUTRAL
   • Temporal: UNFAVORABLE

   Adaptive Weights (Total: 4.1%):
   • VPIN: 0.0%
   • Sweeps: 0.0%
   • Absorption: 0.0%
   • Arrival: 0.0%
   • Vacuum: 0.0%
   • Vol Regime: 2.1%
   • Temporal: 2.0%


💹 DELTA ANALYSIS (Order Flow Aggression):
   Direction: NEUTRAL
   Delta Per Volume: 0.00%
   Institutional Ratio: 0.0%
   Aggression Score: 0.0%

📊 VOLUME PROFILE (Support/Resistance Strength):
   Point of Control (POC): $0.000000
   Value Area High: $0.000000
   Value Area Low: $0.000000
   Current Position: ABOVE_VALUE_AREA
   ⚠️ DISTRIBUTION RISK: Price above value area - potential rejection zone

⚡ MOMENTUM CASCADE (Multi-Timeframe Alignment):
   Cascade Detected: NO
   Alignment Score: -0.5%
   Cascade Strength: 0.0%
   Accelerating: 1m
   Diverging: 5m, 15m, 1h

💥 BREAKOUT CONFIRMATION:
   Quality: NO_BREAKOUT
   Volume Confirmation: NO
   Retest Strength: 0.0%
   False Breakout Risk: 0.0%
   No breakout detected - price below resistance


levels:
Entry=1.875242, StopLoss=1.79085611, TakeProfit=1.9838244, 2.0924068, 2.1792727199999997

---

=== Token: KTA (KTA) ===
Contract: KTA-USD
Timestamp: 2025-11-16T16:00:00.000Z

Calculations:
{
  "momentumScore": 90.92476324814342,
  "volumeScore": 22.322069077180316,
  "patternScore": 67.76509842778282,
  "totalScore": 45.57582214143203,
  "finalScore": 45.57582214143203,
  "weights": "0.23,0.45,0.23",
  "hourlyUptrend": false,
  "rsi": 66.17647058823533,
  "ultraShortVolumeSurge": 10.808898608050642,
  "baseVolumeSurge": 0.04885403140915772,
  "currentPrice": 0.3193,
  "resistance": 0.3215,
  "support": 0.3127,
  "rocMin5": -0.0018755861206628474,
  "shortROC": 0.0028266331658290088,
  "priceAcceleration": -0.000465926547898454,
  "buySellRatio": 0.02245275915274414,
  "macdHistogram": -0.00002411674032462151,
  "stochasticK": 64.7727272727275,
  "atr": 0.0008642857142857063,
  "bbUpper": 0.32107018231974777,
  "bbLower": 0.31297981768025224,
  "hammerDetected": false,
  "engulfingDetected": true,
  "compressionSpring": {
    "detected": true,
    "confidence": 66,
    "signals": {
      "sidewaysPrice": true,
      "atrCompression": true,
      "bbSqueeze": true,
      "consolidationTime": true,
      "strongBuying": false,
      "obvPositive": false,
      "chaikinPositive": false,
      "rsiNeutral": true,
      "volumeBuilding": false
    },
    "metrics": {
      "priceRange": 2.81,
      "atrRatio": 0.394,
      "bbWidth": 2.55,
      "volumeRatio": 3.221,
      "signalCount": 5,
      "buySellRatio": 0.022
    }
  },
  "riskTier": "MEDIUM",
  "atrPercent": 0.6979553487539722,
  "distanceToResistance": 0.689007203257136,
  "slPercent": 3,
  "tpPercent": 0.5856561227685656,
  "trailingActivation": 0.3513936736611393,
  "shortMomentumScore": 15,
  "overboughtScore": 0,
  "shortPatternScore": 0,
  "shootingStarDetected": false,
  "bearishEngulfingDetected": false,
  "eveningStarDetected": false,
  "bearishPatternsCount": 0,
  "shortTotalScore": 6,
  "chaikin": -0.6512008229855722,
  "obvIncreasing": true,
  "obvTrend": "increasing",
  "adx": 58.064516129032484,
  "recentCandles": {
    "redCount": 4,
    "greenCount": 6
  },
  "resistanceDistance": 0.689007203257136,
  "multiplePatterns": false,
  "bullishPattern": true,
  "priceAboveVWAP": true,
  "breakingResistance": true,
  "atrSufficient": false,
  "macdDivergenceBearish": false,
  "rvolMin1": 0.6604844577394022,
  "rvolMin5": 1.4803579130914872,
  "atrPercentileOld": 0.4146341463414634,
  "vwapDeviation": -0.10113405966910807,
  "bbWidthPercent": 2.551964242408494,
  "bbSqueeze": true,
  "multiTFMomentum": {
    "min1": {
      "roc1": 0,
      "roc3": -0.00031397174254313654
    },
    "min5": {
      "roc1": 0.0028266331658290088,
      "roc3": -0.0018755861206628474
    },
    "min15": {
      "roc1": 0,
      "roc3": -0.004066312167657078
    },
    "hourly": {
      "roc1": -0.02135678391959808,
      "roc3": -0.007327174259318331
    },
    "fourHour": {
      "roc1": -0.014236001265422347,
      "roc3": 0.0003210272873193868
    },
    "divergenceShortUpLongDown": true
  },
  "returnZMin5": 0.8363279113349031,
  "wickClosePct": 1,
  "wickUpper": 0,
  "wickLower": 0,
  "wickRatio": 0,
  "donchianBreakout15": false,
  "bbWidthPercentile15": 0.2857142857142857,
  "signedMin5": 32228.299999999996,
  "signedMin5Z": 1.5635608509254348,
  "signedMin1": 76826.89999999997,
  "signedMin1Z": 4.883839153684337,
  "streakMin1": {
    "upStreak": 0,
    "downStreak": 0
  },
  "streakMin5": {
    "upStreak": 1,
    "downStreak": 0
  },
  "rvolPercentileMin1": 0.9104166666666667,
  "rvolPercentileMin5": 0.9583333333333334,
  "perTfMetrics": {
    "min1": {
      "sma20": 0.31904500000000013,
      "sma50": 0.3188080000000001,
      "ema20": 0.3188806429119498,
      "ema50": 0.3185206972455288,
      "vwma20": 0.31850762470020544,
      "hma21": 0.3183134199134199,
      "atr14": 0.0006428571428571395,
      "atrPercentile": 0.16163141993957703,
      "rvolZ": 0.6604844577394022,
      "rvolPercentile": 0.9104166666666667,
      "mfi14": 42.735021901120895,
      "ppo": {
        "ppo": -0.04362579009126519,
        "signal": 0.004231167891423689,
        "histogram": -0.04785695798268888
      },
      "stochRsi": {
        "k": 0,
        "d": 39.16305916305942
      },
      "vprofile": {
        "vpBins": [
          0.013000227062562545,
          0.01827191064192808,
          0.015314367043409069,
          0.014152730731735973,
          0.036000339519415295,
          0.01025309238437896,
          0.2603112905963867,
          0.059970123724026596,
          0.024309840834157666,
          0.004387607971113632,
          0.4196651579302496,
          0.06627773547712867,
          0.01534516732791774,
          0.0029559319557249503,
          0.0027204530363708393,
          0,
          0.013118951415058193,
          0.004158396551514194,
          0.001413768873232476,
          0.018372906923689078
        ],
        "currentBinShare": 0.4196651579302496
      },
      "ttm": {
        "squeeze": false,
        "release": false,
        "widthPct": 0.7610480232269788
      }
    },
    "min5": {
      "sma20": 0.318215,
      "sma50": 0.31784999999999997,
      "ema20": 0.3184318136942237,
      "ema50": 0.31756526116768874,
      "vwma20": 0.3182142348404438,
      "hma21": 0.32070649350649344,
      "atr14": 0.0008642857142857063,
      "atrPercentile": 0.06204379562043796,
      "rvolZ": 1.4803579130914872,
      "rvolPercentile": 0.9583333333333334,
      "mfi14": 24.106637870031065,
      "ppo": {
        "ppo": 0.2217136549419387,
        "signal": 0.2177785421779925,
        "histogram": 0.0039351127639462025
      },
      "stochRsi": {
        "k": 27.70984798413781,
        "d": 66.20733038978321
      },
      "vprofile": {
        "vpBins": [
          0,
          0,
          0.00034900630870309885,
          0.07465103082752896,
          0.056578609233255646,
          0.07106872134011295,
          0.07742102237532253,
          0.2166361406839306,
          0.2006772905999284,
          0.07922628888720541,
          0.01873983395647931,
          0.03929800637851922,
          0.019697725925694857,
          0.0567522582542703,
          0.015844693306714088,
          0.04989267628940713,
          0.023166695632927663,
          0,
          0,
          0
        ],
        "currentBinShare": 0.07922628888720541
      },
      "ttm": {
        "squeeze": false,
        "release": false,
        "widthPct": 2.086516481683391
      }
    },
    "min15": {
      "sma20": 0.317025,
      "sma50": 0.31569800000000003,
      "ema20": 0.31759081886828955,
      "ema50": 0.31676347615379,
      "vwma20": 0.3177169639407971,
      "hma21": 0.31777489177489165,
      "atr14": 0.002228571428571433,
      "atrPercentile": 0.4146341463414634,
      "rvolZ": 1.7605810335990835,
      "rvolPercentile": 0.9583333333333334,
      "mfi14": 47.487817817519044,
      "ppo": {
        "ppo": 0.23617271340842677,
        "signal": 0.1690002858293284,
        "histogram": 0.06717242757909836
      },
      "stochRsi": {
        "k": 80.7429760056252,
        "d": 60.84143020265117
      },
      "vprofile": {
        "vpBins": [
          0,
          0,
          0,
          0.049764868854018686,
          0.03575273523116962,
          0.057443610096125315,
          0.15305162810960093,
          0.15267681835901448,
          0.2700022850504503,
          0.08986004276698241,
          0.02331177830221396,
          0.04003300308925534,
          0.025658602952182058,
          0.04077786310153185,
          0.012252510915466369,
          0.028142015017873123,
          0.02127223815411552,
          0,
          0,
          0
        ],
        "currentBinShare": 0.2700022850504503
      },
      "ttm": {
        "squeeze": false,
        "release": false,
        "widthPct": 2.551964242408494
      }
    },
    "hourly": {
      "sma20": 0.3157150000000001,
      "sma50": 0.31420000000000003,
      "ema20": 0.3159978683400746,
      "ema50": 0.3198278446760691,
      "vwma20": 0.31613567663990916,
      "hma21": 0.31698528138528115,
      "atr14": 0.004842857142857144,
      "atrPercentile": 0.015527950310559006,
      "rvolZ": 0.10685575815877434,
      "rvolPercentile": 0.6785714285714286,
      "mfi14": 66.68421733197246,
      "ppo": {
        "ppo": -0.02292549981743385,
        "signal": -0.000957169253483982,
        "histogram": -0.02196833056394987
      },
      "stochRsi": {
        "k": 58.955587348938984,
        "d": 52.88300185679816
      },
      "vprofile": {
        "vpBins": [
          0.03300270694172181,
          0.007889664648541572,
          0.05867637831709205,
          0.14670469873213793,
          0.08952554885303132,
          0.02885175803340807,
          0.028361087319017573,
          0.046040117905652565,
          0.0774726435744232,
          0.08596824534272499,
          0.06513876260518252,
          0.07269308294703376,
          0.05169043562710838,
          0.056740007667585274,
          0.047245802550669624,
          0.03901515453012124,
          0.04176034002246704,
          0.023223564382080814,
          0,
          0
        ],
        "currentBinShare": 0.14670469873213793
      },
      "ttm": {
        "squeeze": false,
        "release": false,
        "widthPct": 3.7462938923753497
      }
    },
    "fourHour": {
      "sma20": 0.322135,
      "sma50": 0.358688,
      "ema20": 0.3255401534693954,
      "ema50": 0.3473833572649832,
      "vwma20": 0.3211848814731687,
      "hma21": 0.29991904761904764,
      "atr14": 0.017564285714285723,
      "atrPercentile": 0.014285714285714285,
      "rvolZ": 0.06326163163985624,
      "rvolPercentile": 0.6309523809523809,
      "mfi14": 53.817260666795626,
      "ppo": {
        "ppo": -4.22371174887755,
        "signal": -4.626894309006114,
        "histogram": 0.4031825601285641
      },
      "stochRsi": {
        "k": 87.7386134929188,
        "d": 43.30630036568983
      },
      "vprofile": {
        "vpBins": [
          0,
          0,
          0.17240230641071913,
          0.050205706768279075,
          0.018011638818725993,
          0.06202575091492921,
          0.04247251093627449,
          0.01463099538417176,
          0.0784107205955894,
          0.09692721394779319,
          0.09942644713800088,
          0.06091839605996235,
          0.07241107732533389,
          0.039003588396677884,
          0.08727649787832265,
          0.04683060376433976,
          0.05904654566088035,
          0,
          0,
          0
        ],
        "currentBinShare": 0.050205706768279075
      },
      "ttm": {
        "squeeze": false,
        "release": false,
        "widthPct": 23.294305948778902
      }
    },
    "daily": {
      "sma20": 0.37504499999999996,
      "sma50": 0,
      "ema20": 0.38013385324655824,
      "ema50": 0.43740910403903444,
      "vwma20": 0,
      "hma21": 0.3349826839826841,
      "atr14": 0.07150000000000002,
      "atrPercentile": 0.4166666666666667,
      "rvolZ": 0,
      "rvolPercentile": 1,
      "mfi14": 50,
      "ppo": {
        "ppo": -10.766121703612317,
        "signal": 0,
        "histogram": -10.766121703612317
      },
      "stochRsi": {
        "k": 50,
        "d": 50
      },
      "vprofile": {
        "vpBins": [
          0,
          0,
          0,
          0,
          0,
          0,
          0,
          0,
          0,
          0,
          0,
          0,
          0,
          0,
          0,
          0,
          0,
          0,
          0,
          0
        ],
        "currentBinShare": 0
      },
      "ttm": {
        "squeeze": false,
        "release": false,
        "widthPct": 46.8177861559661
      }
    }
  },
  "smaMin5": 0.318215,
  "emaMin5": 0.3184318136942237,
  "vwmaMin5": 0.3182142348404438,
  "hmaMin5": 0.32070649350649344,
  "keltner15": {
    "upper": 0.32092081886828955,
    "middle": 0.31759081886828955,
    "lower": 0.31426081886828955
  },
  "superTrend15": {
    "isBull": false,
    "finalUpper": 0.32626,
    "finalLower": 0.31294
  },
  "mfi15": 47.487817817519044,
  "stochRsi15": {
    "k": 80.7429760056252,
    "d": 60.84143020265117
  },
  "ppo15": {
    "ppo": 0.23617271340842677,
    "signal": 0.1690002858293284,
    "histogram": 0.06717242757909836
  },
  "vpMin15": {
    "vpBins": [
      0,
      0,
      0,
      0.049764868854018686,
      0.03575273523116962,
      0.057443610096125315,
      0.15305162810960093,
      0.15267681835901448,
      0.2700022850504503,
      0.08986004276698241,
      0.02331177830221396,
      0.04003300308925534,
      0.025658602952182058,
      0.04077786310153185,
      0.012252510915466369,
      0.028142015017873123,
      0.02127223815411552,
      0,
      0,
      0
    ],
    "currentBinShare": 0.2700022850504503
  },
  "ttm15": {
    "squeeze": false,
    "release": false,
    "widthPct": 2.551964242408494
  },
  "marketCorrelation": {
    "hourly": {
      "btcCorrelation": 0,
      "ethCorrelation": 0,
      "btcBeta": 1,
      "ethBeta": 1,
      "btcTrend": "UNKNOWN",
      "ethTrend": "UNKNOWN",
      "tokenVol": 0,
      "btcVol": 0,
      "ethVol": 0,
      "marketDependence": 0,
      "verdict": "INSUFFICIENT_DATA"
    },
    "min15": {
      "btcCorrelation": 0,
      "ethCorrelation": 0,
      "btcBeta": 1,
      "ethBeta": 1,
      "btcTrend": "UNKNOWN",
      "ethTrend": "UNKNOWN",
      "tokenVol": 0,
      "btcVol": 0,
      "ethVol": 0,
      "marketDependence": 0,
      "verdict": "INSUFFICIENT_DATA"
    },
    "daily": {
      "btcCorrelation": 0,
      "ethCorrelation": 0,
      "btcBeta": 1,
      "ethBeta": 1,
      "btcTrend": "UNKNOWN",
      "ethTrend": "UNKNOWN",
      "tokenVol": 0,
      "btcVol": 0,
      "ethVol": 0,
      "marketDependence": 0,
      "verdict": "INSUFFICIENT_DATA"
    }
  },
  "tradeTape": {
    "totalTrades": 0,
    "totalVolume": 0,
    "buysVolume": 0,
    "sellsVolume": 0,
    "buySellRatio": 0.5,
    "vwap": 0,
    "signedVolume": 0,
    "avgTradeSize": 0,
    "tradesPerSec": 0,
    "cumulativeDelta": 0,
    "tradesLast1m": 0,
    "tradesLast5m": 0,
    "tradesLast15m": 0,
    "tradesLast1h": 0,
    "buyVWAP": 0,
    "sellVWAP": 0,
    "aggressorVWAP": 0,
    "bucketDurationMs": 60000,
    "bucketCount": 15,
    "bucketSignedVolumes": [],
    "bucketVolumes": [],
    "bucketVWAPs": [],
    "latestBucketSignedZ": 0
  },
  "enhancedMetrics": {
    "relativeVolumeZScore": -1,
    "volumePercentile": 40,
    "atrPercentile": 5.109489051094891,
    "volatilityPercentile": 1.5822784810126582,
    "relativeVolatilityRatio": 0.9141537905885276,
    "isHighVolume": false,
    "isHighVolatility": false,
    "isLowVolatility": true,
    "isExpandingVolatility": false,
    "isContractingVolatility": false
  },
  "orderBook": {
    "bidAskSpread": 0,
    "spreadPct": 0,
    "midPrice": 0,
    "bestBid": 0,
    "bestAsk": 0,
    "bidDepth": 0,
    "askDepth": 0,
    "orderBookImbalance": 0,
    "liquidityScore": 0,
    "depthAt1Pct": {
      "bidVolume": 0,
      "askVolume": 0,
      "imbalance": 0
    },
    "depthAt2Pct": {
      "bidVolume": 0,
      "askVolume": 0,
      "imbalance": 0
    },
    "depthAt5Pct": {
      "bidVolume": 0,
      "askVolume": 0,
      "imbalance": 0
    },
    "weightedMidPrice": 0,
    "volumeWeightedSpread": 0,
    "totalBidLevels": 0,
    "totalAskLevels": 0
  },
  "marketCap": {
    "marketCap": 0,
    "totalVolume24h": 0,
    "volumeToMarketCapRatio": 0,
    "marketCapRank": 0,
    "normalizedRank": 0,
    "isHighLiquidity": false,
    "isVeryHighLiquidity": false,
    "isLowLiquidity": true,
    "liquidityTier": "VERY_LOW"
  },
  "sweeps": {
    "sweepScore": 0,
    "sweepCount": 0,
    "sweepDirection": "NEUTRAL",
    "buySweeps": 0,
    "sellSweeps": 0,
    "avgSweepSize": 0,
    "avgSweepIntensity": 0,
    "bidLiftRatio": 0,
    "askLiftRatio": 0,
    "sweepFrequency": 0,
    "largestSweep": null,
    "recentSweepClusters": 0,
    "sweepDetails": []
  },
  "absorption": {
    "absorptionScore": 0,
    "absorptionLevel": null,
    "absorptionSide": "NONE",
    "icebergProbability": 0,
    "hiddenLiquidityEstimate": 0,
    "volumeAtPrice": {},
    "topAbsorptionLevels": [],
    "persistenceDuration": 0,
    "refillDetected": false
  },
  "orderArrival": {
    "avgInterArrivalTime": 0,
    "recentInterArrivalTime": 0,
    "accelerationRatio": 1,
    "hawkesIntensity": 0,
    "hawkesDirection": "NEUTRAL",
    "clusteringScore": 0,
    "burstCount": 0,
    "cascadeDetected": false,
    "timeToNextTrade": 0,
    "accelerationTrend": "STABLE"
  },
  "liquidityVacuum": {
    "vacuumScore": 0,
    "vacuumSide": "NONE",
    "bidVacuumSeverity": 0,
    "askVacuumSeverity": 0,
    "depthConcentration": 0,
    "priceImpact10k": 0,
    "priceImpact50k": 0,
    "priceImpact100k": 0,
    "largestGapBid": 0,
    "largestGapAsk": 0,
    "avgGapBid": 0,
    "avgGapAsk": 0,
    "bidCliffDistance": 0,
    "askCliffDistance": 0
  },
  "volatilityRegime": {
    "regime": "UNKNOWN",
    "regimeScore": 0,
    "currentATR": 0,
    "avgATR": 0,
    "atrPercentile": 0,
    "realizedVolatility": 0,
    "volPercentile": 0,
    "expanding": false,
    "contracting": false,
    "transitionProbability": 0,
    "daysInRegime": 0,
    "regimeStrength": 0
  },
  "temporalPatterns": {
    "currentHour": 22,
    "currentDay": 0,
    "currentDayName": "Sunday",
    "dayBias": "NEUTRAL",
    "hourlyProfile": [
      {
        "avgVolume": 139219.28,
        "avgATR": 0.010936,
        "avgReturn": -0.528
      },
      {
        "avgVolume": 171971.56,
        "avgATR": 0.012464,
        "avgReturn": 0.668
      },
      {
        "avgVolume": 140569.3,
        "avgATR": 0.011114,
        "avgReturn": 0.653
      },
      {
        "avgVolume": 125173.55,
        "avgATR": 0.011343,
        "avgReturn": -0.245
      },
      {
        "avgVolume": 117080.94,
        "avgATR": 0.011471,
        "avgReturn": -0.472
      },
      {
        "avgVolume": 60730.47,
        "avgATR": 0.010407,
        "avgReturn": -0.539
      },
      {
        "avgVolume": 72599.06,
        "avgATR": 0.0093,
        "avgReturn": -0.541
      },
      {
        "avgVolume": 71219.46,
        "avgATR": 0.008443,
        "avgReturn": 0.159
      },
      {
        "avgVolume": 46936.33,
        "avgATR": 0.009121,
        "avgReturn": -0.13
      },
      {
        "avgVolume": 49695.01,
        "avgATR": 0.009957,
        "avgReturn": -0.8
      },
      {
        "avgVolume": 60012.74,
        "avgATR": 0.008986,
        "avgReturn": -0.277
      },
      {
        "avgVolume": 89087.71,
        "avgATR": 0.010521,
        "avgReturn": -0.3
      },
      {
        "avgVolume": 131242.81,
        "avgATR": 0.009843,
        "avgReturn": -0.243
      },
      {
        "avgVolume": 147734.41,
        "avgATR": 0.01155,
        "avgReturn": 0.338
      },
      {
        "avgVolume": 186999.24,
        "avgATR": 0.018929,
        "avgReturn": 0.168
      },
      {
        "avgVolume": 206324.28,
        "avgATR": 0.016943,
        "avgReturn": -1.781
      },
      {
        "avgVolume": 163099.91,
        "avgATR": 0.013586,
        "avgReturn": 0.318
      },
      {
        "avgVolume": 227836.54,
        "avgATR": 0.017962,
        "avgReturn": 1.581
      },
      {
        "avgVolume": 266786.78,
        "avgATR": 0.018264,
        "avgReturn": -0.062
      },
      {
        "avgVolume": 188117.35,
        "avgATR": 0.012786,
        "avgReturn": 0.442
      },
      {
        "avgVolume": 247071.91,
        "avgATR": 0.019014,
        "avgReturn": -1.128
      },
      {
        "avgVolume": 145667.06,
        "avgATR": 0.011614,
        "avgReturn": -0.068
      },
      {
        "avgVolume": 108762.21,
        "avgATR": 0.011543,
        "avgReturn": 0.704
      },
      {
        "avgVolume": 161136.37,
        "avgATR": 0.013293,
        "avgReturn": 0.874
      }
    ],
    "dailyProfile": [
      {
        "avgVolume": 104226.6,
        "avgATR": 0.009453,
        "avgReturn": 0.262
      },
      {
        "avgVolume": 122665.97,
        "avgATR": 0.012358,
        "avgReturn": -0.305
      },
      {
        "avgVolume": 159097.26,
        "avgATR": 0.013129,
        "avgReturn": -0.543
      },
      {
        "avgVolume": 137743.34,
        "avgATR": 0.01156,
        "avgReturn": 0.562
      },
      {
        "avgVolume": 133296.16,
        "avgATR": 0.013694,
        "avgReturn": -0.199
      },
      {
        "avgVolume": 207235.89,
        "avgATR": 0.016838,
        "avgReturn": -0.077
      },
      {
        "avgVolume": 102972.9,
        "avgATR": 0.010113,
        "avgReturn": -0.079
      }
    ],
    "favorableHours": [
      18,
      20,
      17,
      15,
      19,
      14
    ],
    "favorableWindow": false,
    "currentVsAvgVolume": 0,
    "currentVsAvgVolatility": 0,
    "anomalyDetected": true,
    "timeUntilFavorable": 16,
    "temporalScore": 0
  },
  "unifiedMicrostructure": {
    "signalDirections": {
      "vpin": "NEUTRAL",
      "sweeps": "NEUTRAL",
      "absorption": "NEUTRAL",
      "arrival": "NEUTRAL",
      "vacuum": "NONE",
      "volRegime": "NEUTRAL",
      "temporal": "UNFAVORABLE"
    },
    "consensusDirection": "BEARISH",
    "consensusStrength": 100,
    "bullishSignals": 0,
    "bearishSignals": 1,
    "neutralSignals": 0,
    "totalAvailableSignals": 1,
    "dominantPattern": "NONE",
    "clusters": {
      "strongBuyCluster": false,
      "distributionPattern": false,
      "accumulationPattern": false,
      "momentumCascade": false
    },
    "adaptiveWeights": {
      "vpin": 0,
      "sweeps": 0,
      "absorption": 0,
      "arrival": 0,
      "vacuum": 0,
      "volRegime": 0,
      "temporal": 0.02
    },
    "convictionLevel": "HIGH",
    "convictionScore": 100,
    "riskAdjustment": "REDUCE",
    "timingQuality": "UNFAVORABLE",
    "signalQuality": "LOW"
  },
  "deltaAnalysis": {
    "currentDelta": 0,
    "cumulativeDelta": 0,
    "deltaPerVolume": 0,
    "deltaDirection": "NEUTRAL",
    "deltaDivergence": false,
    "institutionalRatio": 0,
    "aggressionScore": 0
  },
  "volumeProfile": {
    "pointOfControl": 0,
    "valueAreaHigh": 0,
    "valueAreaLow": 0,
    "currentPosition": "ABOVE_VALUE_AREA",
    "volumeNodes": [],
    "airPockets": []
  },
  "momentumCascade": {
    "cascadeDetected": false,
    "alignmentScore": -0.003606762992523633,
    "cascadeStrength": 0,
    "acceleratingTimeframes": [],
    "divergingTimeframes": [
      "1m",
      "5m",
      "15m",
      "1h"
    ]
  },
  "breakoutConfirmation": {
    "breakoutConfirmed": false,
    "volumeConfirmation": false,
    "retestStrength": 0,
    "falseBreakoutRisk": 0,
    "breakoutQuality": "NO_BREAKOUT"
  },
  "liquidityHeatmap": {
    "liquidityScore": 0,
    "magnetDirection": "NONE",
    "magnetStrength": 0,
    "priceTarget5pct": null,
    "message": "No order book data"
  },
  "smartMoneyDivergence": {
    "divergenceDetected": false,
    "divergenceDirection": "NONE",
    "smartMoneyScore": 0.5,
    "message": "Insufficient trade data"
  },
  "microstructure": {
    "raw": -0.017432782038251875,
    "pct": 50,
    "summary": {
      "latestBucketSignedZ": 0,
      "buySellRatio": 0.5,
      "tradesPerSec": 0,
      "vwap": 0,
      "aggressorVWAP": 0,
      "vpinToxicity": "UNKNOWN",
      "sweepDirection": "NEUTRAL",
      "absorptionSide": "NONE",
      "icebergDetected": false,
      "hawkesDirection": "NEUTRAL",
      "cascadeDetected": false,
      "vacuumSide": "NONE",
      "volatilityRegime": "UNKNOWN",
      "volExpanding": false,
      "favorableTimeWindow": false,
      "temporalAnomaly": true,
      "consensusDirection": "BEARISH",
      "consensusStrength": 100,
      "dominantPattern": "NONE",
      "convictionLevel": "HIGH",
      "riskAdjustment": "REDUCE",
      "timingQuality": "UNFAVORABLE",
      "deltaDirection": "NEUTRAL",
      "deltaDivergence": false,
      "institutionalRatio": 0,
      "volumeProfilePosition": "ABOVE_VALUE_AREA",
      "pointOfControl": 0,
      "momentumCascadeDetected": false,
      "cascadeStrength": 0,
      "breakoutQuality": "NO_BREAKOUT",
      "breakoutConfirmed": false,
      "magnetDirection": "NONE",
      "magnetStrength": 0,
      "priceTarget5pct": null,
      "nearestBidWall": 0,
      "nearestAskWall": 0,
      "divergenceDetected": false,
      "divergenceDirection": "NONE",
      "whaleAccumulation": false,
      "whaleDistribution": false,
      "retailPanic": false,
      "smartMoneyScore": 0.5
    }
  }
}

=== MICROSTRUCTURE ALERTS ===

🔬 VPIN: Insufficient data for VPIN analysis

🌊 SWEEP DETECTION: No significant sweeps detected

🧊 ABSORPTION & ICEBERG: No significant absorption or iceberg orders detected

⚡ ORDER ARRIVAL DYNAMICS: Insufficient trades for analysis

🌪️ LIQUIDITY VACUUM: No significant vacuum detected

📊 VOLATILITY REGIME: Insufficient data for classification

⏰ TEMPORAL PATTERN ANALYSIS:
   Current Time: Sunday 22:00 UTC
   Day Bias: NEUTRAL
   Current vs Avg Volume: 0x
   Current vs Avg Volatility: 0x

   ⏳ NON-FAVORABLE TIME WINDOW:
   This hour typically shows weaker activity
   Next favorable window in 16 hour(s)

   ⚠️ LOW ACTIVITY ANOMALY:
   Volume 0x below typical - Extremely quiet

   📉 LOW VOLATILITY ANOMALY:
   Volatility 0x below typical - Consolidation likely

   🔥 Best Trading Hours (UTC): 18:00, 20:00, 17:00

🎯 UNIFIED MICROSTRUCTURE INTEGRATION:
   Signal Consensus: BEARISH (100% agreement)
   Available Signals: 1 (0 bullish / 1 bearish / 0 neutral)
   Conviction Level: HIGH (100%)
   Signal Quality: LOW
   Risk Adjustment: REDUCE
   Timing Quality: UNFAVORABLE

   ✅ HIGH CONVICTION: 100% of signals agree on direction
   Strong institutional alignment - Follow the smart money

   ⚠️ RISK REDUCTION RECOMMENDED: Extreme volatility or unfavorable timing detected

   ⏰ UNFAVORABLE TIMING: Avoid trading during this hour

   Signal Directions Breakdown:
   • VPIN: NEUTRAL
   • Sweeps: NEUTRAL
   • Absorption: NEUTRAL
   • Arrival Dynamics: NEUTRAL
   • Liquidity Vacuum: NONE
   • Vol Regime: NEUTRAL
   • Temporal: UNFAVORABLE

   Adaptive Weights (Total: 2.0%):
   • VPIN: 0.0%
   • Sweeps: 0.0%
   • Absorption: 0.0%
   • Arrival: 0.0%
   • Vacuum: 0.0%
   • Vol Regime: 0.0%
   • Temporal: 2.0%


💹 DELTA ANALYSIS (Order Flow Aggression):
   Direction: NEUTRAL
   Delta Per Volume: 0.00%
   Institutional Ratio: 0.0%
   Aggression Score: 0.0%

📊 VOLUME PROFILE (Support/Resistance Strength):
   Point of Control (POC): $0.000000
   Value Area High: $0.000000
   Value Area Low: $0.000000
   Current Position: ABOVE_VALUE_AREA
   ⚠️ DISTRIBUTION RISK: Price above value area - potential rejection zone

⚡ MOMENTUM CASCADE (Multi-Timeframe Alignment):
   Cascade Detected: NO
   Alignment Score: -0.4%
   Cascade Strength: 0.0%
   Accelerating: None
   Diverging: 1m, 5m, 15m, 1h

💥 BREAKOUT CONFIRMATION:
   Quality: NO_BREAKOUT
   Volume Confirmation: NO
   Retest Strength: 0.0%
   False Breakout Risk: 0.0%
   No breakout detected - price below resistance


levels:
Entry=0.3186614, StopLoss=0.309101558, TakeProfit=0.31959453, 0.32052766000000005, 0.32127416400000003

---

=== Token: CLANKER (CLANKER) ===
Contract: CLANKER-USD
Timestamp: 2025-11-16T16:00:00.000Z

Calculations:
{
  "momentumScore": 71.28954559870736,
  "volumeScore": 18.612818238449666,
  "patternScore": 20,
  "totalScore": 30.7515031341466,
  "finalScore": 30.7515031341466,
  "weights": "0.27,0.41,0.23",
  "hourlyUptrend": false,
  "rsi": 42.51497005988027,
  "ultraShortVolumeSurge": 1.87292072376071,
  "baseVolumeSurge": 0.03516692341908998,
  "currentPrice": 64.17,
  "resistance": 66.1,
  "support": 63.6,
  "rocMin5": -0.011857098860486541,
  "shortROC": 0.004697040864255586,
  "priceAcceleration": -0.0029563208688480613,
  "buySellRatio": 0.30066990736233173,
  "macdHistogram": -0.4015906119471886,
  "stochasticK": 4.207119741100182,
  "atr": 0.4900000000000015,
  "bbUpper": 67.54953614423614,
  "bbLower": 63.73146385576386,
  "hammerDetected": false,
  "engulfingDetected": false,
  "compressionSpring": {
    "detected": false,
    "confidence": 0,
    "signals": {
      "sidewaysPrice": true,
      "atrCompression": true,
      "bbSqueeze": false,
      "consolidationTime": true,
      "strongBuying": false,
      "obvPositive": false,
      "chaikinPositive": false,
      "rsiNeutral": false,
      "volumeBuilding": false
    },
    "metrics": {
      "priceRange": 4.09,
      "atrRatio": 0.582,
      "bbWidth": 5.82,
      "volumeRatio": 1.452,
      "signalCount": 3,
      "buySellRatio": 0.301
    }
  },
  "riskTier": "LOW",
  "atrPercent": 1.1832409448117733,
  "distanceToResistance": 3.0076359669627437,
  "slPercent": 2.5,
  "tpPercent": 2.556490571918332,
  "trailingActivation": 1.533894343150999,
  "shortMomentumScore": 30,
  "overboughtScore": 0,
  "shortPatternScore": 0,
  "shootingStarDetected": false,
  "bearishEngulfingDetected": false,
  "eveningStarDetected": false,
  "bearishPatternsCount": 0,
  "shortTotalScore": 12,
  "chaikin": -0.05549997767454692,
  "obvIncreasing": true,
  "obvTrend": "increasing",
  "adx": 39.03508771929877,
  "recentCandles": {
    "redCount": 5,
    "greenCount": 5
  },
  "resistanceDistance": 3.0076359669627437,
  "multiplePatterns": false,
  "bullishPattern": false,
  "priceAboveVWAP": false,
  "breakingResistance": false,
  "atrSufficient": true,
  "macdDivergenceBearish": false,
  "rvolMin1": -0.0009058466864737852,
  "rvolMin5": 0.12264782640416122,
  "atrPercentileOld": 0.573170731707317,
  "vwapDeviation": -4.342034731374081,
  "bbWidthPercent": 5.816641080540641,
  "bbSqueeze": false,
  "multiTFMomentum": {
    "min1": {
      "roc1": -0.004379790395745364,
      "roc3": -0.0068653456077391916
    },
    "min5": {
      "roc1": 0.004697040864255586,
      "roc3": -0.006656346749225893
    },
    "min15": {
      "roc1": -0.0021919524033192513,
      "roc3": -0.03410124280084885
    },
    "hourly": {
      "roc1": -0.01706591514012833,
      "roc3": -0.04006116207951077
    },
    "fourHour": {
      "roc1": -0.05394816154309823,
      "roc3": -0.06549568323905933
    },
    "divergenceShortUpLongDown": true
  },
  "returnZMin5": 1.0469379844532858,
  "wickClosePct": 0.8124999999999951,
  "wickUpper": 0.12000000000000455,
  "wickLower": 0.30000000000000426,
  "wickRatio": 1.36363636363639,
  "donchianBreakout15": false,
  "bbWidthPercentile15": 0.6623376623376623,
  "signedMin5": 376.41579999999954,
  "signedMin5Z": 3.0381434768237945,
  "signedMin1": -595.3417000000001,
  "signedMin1Z": -9.586646810781435,
  "streakMin1": {
    "upStreak": 0,
    "downStreak": 1
  },
  "streakMin5": {
    "upStreak": 2,
    "downStreak": 0
  },
  "rvolPercentileMin1": 0.7590277777777777,
  "rvolPercentileMin5": 0.6979166666666666,
  "perTfMetrics": {
    "min1": {
      "sma20": 64.493,
      "sma50": 65.02600000000001,
      "ema20": 64.39278577944468,
      "ema50": 64.84584234006243,
      "vwma20": 64.29240847542052,
      "hma21": 63.49116883116882,
      "atr14": 0.2328571428571427,
      "atrPercentile": 0.9224572004028198,
      "rvolZ": -0.0009058466864737852,
      "rvolPercentile": 0.7590277777777777,
      "mfi14": 33.19384570459903,
      "ppo": {
        "ppo": -0.6618643509277193,
        "signal": -0.5585711808081901,
        "histogram": -0.10329317011952921
      },
      "stochRsi": {
        "k": 78.93009033774585,
        "d": 26.25998612173745
      },
      "vprofile": {
        "vpBins": [
          0.05489301414561743,
          0.030074653508960523,
          0.013281295267331997,
          0.01770066285038277,
          0.019786346846143117,
          0.04553491128108917,
          0.06470376221950912,
          0.08018572631135061,
          0.17372523917577695,
          0.04617051534381606,
          0.09133966536012218,
          0.0847070940418088,
          0.07510998699752337,
          0.024368374940339388,
          0.02589872914582443,
          0.039013707071572826,
          0.00424943252151502,
          0.02052230841586672,
          0.0682820783570373,
          0.020452496198411867
        ],
        "currentBinShare": 0.05489301414561743
      },
      "ttm": {
        "squeeze": false,
        "release": false,
        "widthPct": 3.805158891558998
      }
    },
    "min5": {
      "sma20": 64.99449999999999,
      "sma50": 65.58859999999999,
      "ema20": 64.9678011920392,
      "ema50": 65.54637933989083,
      "vwma20": 64.86215417297713,
      "hma21": 65.07471861471859,
      "atr14": 0.4900000000000015,
      "atrPercentile": 0.8138686131386861,
      "rvolZ": 0.12264782640416122,
      "rvolPercentile": 0.6979166666666666,
      "mfi14": 44.49998699598285,
      "ppo": {
        "ppo": -0.5395100273151484,
        "signal": -0.3646111357637894,
        "histogram": -0.17489889155135901
      },
      "stochRsi": {
        "k": 24.45126222020592,
        "d": 39.684798947968616
      },
      "vprofile": {
        "vpBins": [
          0.027545652183040743,
          0.005751595642408301,
          0.007699592060173881,
          0.004417703565497614,
          0.06141327236941325,
          0.07301539278731128,
          0.05136829213141855,
          0.12420396072598244,
          0.07396209918902814,
          0.060460542617038524,
          0.06536333131262102,
          0.1037382690777775,
          0.10603675087917314,
          0.049860075003359934,
          0.023561229730898196,
          0.06629285862743055,
          0.05348492636224412,
          0.03312580373918619,
          0.00869865199599676,
          0
        ],
        "currentBinShare": 0.005751595642408301
      },
      "ttm": {
        "squeeze": false,
        "release": false,
        "widthPct": 3.7965248915036387
      }
    },
    "min15": {
      "sma20": 65.6405,
      "sma50": 66.48020000000001,
      "ema20": 65.48474210441472,
      "ema50": 66.16059454596095,
      "vwma20": 65.45471558978096,
      "hma21": 64.28761904761905,
      "atr14": 0.759285714285715,
      "atrPercentile": 0.573170731707317,
      "rvolZ": -0.08133956723564441,
      "rvolPercentile": 0.5625,
      "mfi14": 26.779546563987765,
      "ppo": {
        "ppo": -1.027894268121385,
        "signal": -0.7709663896090604,
        "histogram": -0.25692787851232457
      },
      "stochRsi": {
        "k": 38.19853071235648,
        "d": 33.93509664090677
      },
      "vprofile": {
        "vpBins": [
          0.03185223486180477,
          0,
          0.0334721178570203,
          0,
          0.06034193910459676,
          0.058943468117269714,
          0.06389414402062321,
          0.13348202872083756,
          0.04253597085597485,
          0.10788573157367441,
          0.10361697457588806,
          0.11954273540329746,
          0.08592993746829838,
          0.021421311363529618,
          0.04569753214994645,
          0.032990800044626595,
          0.026714094052644074,
          0.015850571756140526,
          0.01582840807382712,
          0
        ],
        "currentBinShare": 0.03185223486180477
      },
      "ttm": {
        "squeeze": false,
        "release": true,
        "widthPct": 5.816641080540641
      }
    },
    "hourly": {
      "sma20": 66.50699999999999,
      "sma50": 65.7412,
      "ema20": 65.95888457236742,
      "ema50": 66.27495084470976,
      "vwma20": 66.54336968218718,
      "hma21": 65.53303030303032,
      "atr14": 1.7535714285714274,
      "atrPercentile": 0.07142857142857142,
      "rvolZ": -0.5606936924587675,
      "rvolPercentile": 0.25297619047619047,
      "mfi14": 15.823080004567117,
      "ppo": {
        "ppo": -0.665823122134111,
        "signal": 0.12137338470523307,
        "histogram": -0.7871965068393441
      },
      "stochRsi": {
        "k": 0,
        "d": 35.43449852479619
      },
      "vprofile": {
        "vpBins": [
          0.004176244407259308,
          0.060552380729787074,
          0.06450336441726781,
          0.08977852114208638,
          0.0798754993020832,
          0.05241105341070296,
          0.02224093540246476,
          0.06071353611360551,
          0.05432231887494526,
          0.10256332301187868,
          0.09005766710582873,
          0.11216161252769605,
          0.09618775873745913,
          0.01566688189972933,
          0.07554276386113165,
          0.0030079987007270116,
          0,
          0.016238140355347305,
          0,
          0
        ],
        "currentBinShare": 0.060552380729787074
      },
      "ttm": {
        "squeeze": false,
        "release": true,
        "widthPct": 9.048912920901508
      }
    },
    "fourHour": {
      "sma20": 65.34649999999999,
      "sma50": 71.5694,
      "ema20": 66.56224036343214,
      "ema50": 70.55273936788385,
      "vwma20": 65.36367968126503,
      "hma21": 65.13324675324677,
      "atr14": 3.562857142857143,
      "atrPercentile": 0.02857142857142857,
      "rvolZ": -0.7033963181176883,
      "rvolPercentile": 0.19047619047619047,
      "mfi14": 62.55850937330541,
      "ppo": {
        "ppo": -2.6596425787020137,
        "signal": -3.1302822416272513,
        "histogram": 0.4706396629252376
      },
      "stochRsi": {
        "k": 68.46273022760275,
        "d": 54.9674967978414
      },
      "vprofile": {
        "vpBins": [
          0.011751945695146789,
          0.055494896214292586,
          0.04977855317400756,
          0.04212855043720309,
          0.028854955412098923,
          0.03622244857632442,
          0.12194091818787316,
          0.08129168170740599,
          0.12048314569496417,
          0.08443438423635843,
          0.09619083873738761,
          0.12756216476489057,
          0.03259931612335242,
          0.044300385854374846,
          0.0129065772349294,
          0.020379231389538,
          0,
          0.03368000655985211,
          0,
          0
        ],
        "currentBinShare": 0.055494896214292586
      },
      "ttm": {
        "squeeze": false,
        "release": false,
        "widthPct": 16.28047989661865
      }
    },
    "daily": {
      "sma20": 82.127,
      "sma50": 56.35199999999998,
      "ema20": 72.42151508890244,
      "ema50": 63.20124373761204,
      "vwma20": 0,
      "hma21": 61.13190476190475,
      "atr14": 14.39214285714286,
      "atrPercentile": 0.7368421052631579,
      "rvolZ": 0,
      "rvolPercentile": 1,
      "mfi14": 50,
      "ppo": {
        "ppo": 1.2625337987754381,
        "signal": 7.099171306113049,
        "histogram": -5.836637507337611
      },
      "stochRsi": {
        "k": 24.439783923000622,
        "d": 34.59015480486556
      },
      "vprofile": {
        "vpBins": [
          0,
          0,
          0,
          0,
          0,
          0,
          0,
          0,
          0,
          0,
          0,
          0,
          0,
          0,
          0,
          0,
          0,
          0,
          0,
          0
        ],
        "currentBinShare": 0
      },
      "ttm": {
        "squeeze": false,
        "release": false,
        "widthPct": 74.01347704548475
      }
    }
  },
  "smaMin5": 64.99449999999999,
  "emaMin5": 64.9678011920392,
  "vwmaMin5": 64.86215417297713,
  "hmaMin5": 65.07471861471859,
  "keltner15": {
    "upper": 66.59774210441472,
    "middle": 65.48474210441472,
    "lower": 64.37174210441472
  },
  "superTrend15": {
    "isBull": false,
    "finalUpper": 66.266,
    "finalLower": 61.814
  },
  "mfi15": 26.779546563987765,
  "stochRsi15": {
    "k": 38.19853071235648,
    "d": 33.93509664090677
  },
  "ppo15": {
    "ppo": -1.027894268121385,
    "signal": -0.7709663896090604,
    "histogram": -0.25692787851232457
  },
  "vpMin15": {
    "vpBins": [
      0.03185223486180477,
      0,
      0.0334721178570203,
      0,
      0.06034193910459676,
      0.058943468117269714,
      0.06389414402062321,
      0.13348202872083756,
      0.04253597085597485,
      0.10788573157367441,
      0.10361697457588806,
      0.11954273540329746,
      0.08592993746829838,
      0.021421311363529618,
      0.04569753214994645,
      0.032990800044626595,
      0.026714094052644074,
      0.015850571756140526,
      0.01582840807382712,
      0
    ],
    "currentBinShare": 0.03185223486180477
  },
  "ttm15": {
    "squeeze": false,
    "release": true,
    "widthPct": 5.816641080540641
  },
  "marketCorrelation": {
    "hourly": {
      "btcCorrelation": 0,
      "ethCorrelation": 0,
      "btcBeta": 1,
      "ethBeta": 1,
      "btcTrend": "UNKNOWN",
      "ethTrend": "UNKNOWN",
      "tokenVol": 0,
      "btcVol": 0,
      "ethVol": 0,
      "marketDependence": 0,
      "verdict": "INSUFFICIENT_DATA"
    },
    "min15": {
      "btcCorrelation": 0,
      "ethCorrelation": 0,
      "btcBeta": 1,
      "ethBeta": 1,
      "btcTrend": "UNKNOWN",
      "ethTrend": "UNKNOWN",
      "tokenVol": 0,
      "btcVol": 0,
      "ethVol": 0,
      "marketDependence": 0,
      "verdict": "INSUFFICIENT_DATA"
    },
    "daily": {
      "btcCorrelation": 0,
      "ethCorrelation": 0,
      "btcBeta": 1,
      "ethBeta": 1,
      "btcTrend": "UNKNOWN",
      "ethTrend": "UNKNOWN",
      "tokenVol": 0,
      "btcVol": 0,
      "ethVol": 0,
      "marketDependence": 0,
      "verdict": "INSUFFICIENT_DATA"
    }
  },
  "tradeTape": {
    "totalTrades": 0,
    "totalVolume": 0,
    "buysVolume": 0,
    "sellsVolume": 0,
    "buySellRatio": 0.5,
    "vwap": 0,
    "signedVolume": 0,
    "avgTradeSize": 0,
    "tradesPerSec": 0,
    "cumulativeDelta": 0,
    "tradesLast1m": 0,
    "tradesLast5m": 0,
    "tradesLast15m": 0,
    "tradesLast1h": 0,
    "buyVWAP": 0,
    "sellVWAP": 0,
    "aggressorVWAP": 0,
    "bucketDurationMs": 60000,
    "bucketCount": 15,
    "bucketSignedVolumes": [],
    "bucketVolumes": [],
    "bucketVWAPs": [],
    "latestBucketSignedZ": 0
  },
  "enhancedMetrics": {
    "relativeVolumeZScore": -1,
    "volumePercentile": 40,
    "atrPercentile": 81.02189781021897,
    "volatilityPercentile": 25.31645569620253,
    "relativeVolatilityRatio": 1.0919128098055726,
    "isHighVolume": false,
    "isHighVolatility": false,
    "isLowVolatility": false,
    "isExpandingVolatility": false,
    "isContractingVolatility": false
  },
  "orderBook": {
    "bidAskSpread": 0,
    "spreadPct": 0,
    "midPrice": 0,
    "bestBid": 0,
    "bestAsk": 0,
    "bidDepth": 0,
    "askDepth": 0,
    "orderBookImbalance": 0,
    "liquidityScore": 0,
    "depthAt1Pct": {
      "bidVolume": 0,
      "askVolume": 0,
      "imbalance": 0
    },
    "depthAt2Pct": {
      "bidVolume": 0,
      "askVolume": 0,
      "imbalance": 0
    },
    "depthAt5Pct": {
      "bidVolume": 0,
      "askVolume": 0,
      "imbalance": 0
    },
    "weightedMidPrice": 0,
    "volumeWeightedSpread": 0,
    "totalBidLevels": 0,
    "totalAskLevels": 0
  },
  "marketCap": {
    "marketCap": 0,
    "totalVolume24h": 0,
    "volumeToMarketCapRatio": 0,
    "marketCapRank": 0,
    "normalizedRank": 0,
    "isHighLiquidity": false,
    "isVeryHighLiquidity": false,
    "isLowLiquidity": true,
    "liquidityTier": "VERY_LOW"
  },
  "sweeps": {
    "sweepScore": 0,
    "sweepCount": 0,
    "sweepDirection": "NEUTRAL",
    "buySweeps": 0,
    "sellSweeps": 0,
    "avgSweepSize": 0,
    "avgSweepIntensity": 0,
    "bidLiftRatio": 0,
    "askLiftRatio": 0,
    "sweepFrequency": 0,
    "largestSweep": null,
    "recentSweepClusters": 0,
    "sweepDetails": []
  },
  "absorption": {
    "absorptionScore": 0,
    "absorptionLevel": null,
    "absorptionSide": "NONE",
    "icebergProbability": 0,
    "hiddenLiquidityEstimate": 0,
    "volumeAtPrice": {},
    "topAbsorptionLevels": [],
    "persistenceDuration": 0,
    "refillDetected": false
  },
  "orderArrival": {
    "avgInterArrivalTime": 0,
    "recentInterArrivalTime": 0,
    "accelerationRatio": 1,
    "hawkesIntensity": 0,
    "hawkesDirection": "NEUTRAL",
    "clusteringScore": 0,
    "burstCount": 0,
    "cascadeDetected": false,
    "timeToNextTrade": 0,
    "accelerationTrend": "STABLE"
  },
  "liquidityVacuum": {
    "vacuumScore": 0,
    "vacuumSide": "NONE",
    "bidVacuumSeverity": 0,
    "askVacuumSeverity": 0,
    "depthConcentration": 0,
    "priceImpact10k": 0,
    "priceImpact50k": 0,
    "priceImpact100k": 0,
    "largestGapBid": 0,
    "largestGapAsk": 0,
    "avgGapBid": 0,
    "avgGapAsk": 0,
    "bidCliffDistance": 0,
    "askCliffDistance": 0
  },
  "volatilityRegime": {
    "regime": "EXTREME",
    "regimeScore": 1,
    "currentATR": 14.921538,
    "avgATR": 16.515513,
    "atrPercentile": 73.7,
    "realizedVolatility": 282.41,
    "volPercentile": 93.2,
    "expanding": true,
    "contracting": false,
    "transitionProbability": 0.7,
    "daysInRegime": 1,
    "regimeStrength": 0.35
  },
  "temporalPatterns": {
    "currentHour": 22,
    "currentDay": 0,
    "currentDayName": "Sunday",
    "dayBias": "NEUTRAL",
    "hourlyProfile": [
      {
        "avgVolume": 2605.31,
        "avgATR": 3.383571,
        "avgReturn": 0.339
      },
      {
        "avgVolume": 2710.93,
        "avgATR": 3.235714,
        "avgReturn": 1.048
      },
      {
        "avgVolume": 2124.63,
        "avgATR": 2.973571,
        "avgReturn": -0.28
      },
      {
        "avgVolume": 2108.4,
        "avgATR": 2.927143,
        "avgReturn": 0.161
      },
      {
        "avgVolume": 1978.44,
        "avgATR": 2.475714,
        "avgReturn": -0.896
      },
      {
        "avgVolume": 2131.87,
        "avgATR": 3.082857,
        "avgReturn": -0.815
      },
      {
        "avgVolume": 1869.1,
        "avgATR": 2.683571,
        "avgReturn": -0.369
      },
      {
        "avgVolume": 1326.7,
        "avgATR": 2.268571,
        "avgReturn": 0.581
      },
      {
        "avgVolume": 1259.16,
        "avgATR": 2.365714,
        "avgReturn": -1.02
      },
      {
        "avgVolume": 1407.35,
        "avgATR": 2.76,
        "avgReturn": -0.081
      },
      {
        "avgVolume": 2349.86,
        "avgATR": 2.976429,
        "avgReturn": 1.175
      },
      {
        "avgVolume": 1763.74,
        "avgATR": 2.665714,
        "avgReturn": 0.347
      },
      {
        "avgVolume": 3252.43,
        "avgATR": 3.518571,
        "avgReturn": -0.389
      },
      {
        "avgVolume": 2852.38,
        "avgATR": 2.61,
        "avgReturn": -0.341
      },
      {
        "avgVolume": 3124.95,
        "avgATR": 3.676429,
        "avgReturn": 0.505
      },
      {
        "avgVolume": 3508.77,
        "avgATR": 3.827857,
        "avgReturn": 0.014
      },
      {
        "avgVolume": 2407.18,
        "avgATR": 2.695714,
        "avgReturn": -0.581
      },
      {
        "avgVolume": 2834.45,
        "avgATR": 3.307692,
        "avgReturn": 0.527
      },
      {
        "avgVolume": 2511.15,
        "avgATR": 2.711429,
        "avgReturn": -0.506
      },
      {
        "avgVolume": 2318.88,
        "avgATR": 2.964286,
        "avgReturn": 0.212
      },
      {
        "avgVolume": 2477.23,
        "avgATR": 2.665714,
        "avgReturn": -0.101
      },
      {
        "avgVolume": 2342.28,
        "avgATR": 2.941429,
        "avgReturn": -0.493
      },
      {
        "avgVolume": 1743.11,
        "avgATR": 2.167857,
        "avgReturn": -0.024
      },
      {
        "avgVolume": 1729.01,
        "avgATR": 1.925714,
        "avgReturn": 0.154
      }
    ],
    "dailyProfile": [
      {
        "avgVolume": 1412.32,
        "avgATR": 2.43383,
        "avgReturn": 0.001
      },
      {
        "avgVolume": 1765.73,
        "avgATR": 2.975417,
        "avgReturn": -0.319
      },
      {
        "avgVolume": 2456.02,
        "avgATR": 3.416042,
        "avgReturn": -0.096
      },
      {
        "avgVolume": 4469.84,
        "avgATR": 4.0125,
        "avgReturn": 0.539
      },
      {
        "avgVolume": 2073.03,
        "avgATR": 2.74625,
        "avgReturn": -0.427
      },
      {
        "avgVolume": 1952.97,
        "avgATR": 2.433958,
        "avgReturn": 0.052
      },
      {
        "avgVolume": 1805.52,
        "avgATR": 2.03375,
        "avgReturn": -0.004
      }
    ],
    "favorableHours": [
      15,
      12,
      14,
      17,
      13,
      1
    ],
    "favorableWindow": false,
    "currentVsAvgVolume": 0,
    "currentVsAvgVolatility": 0,
    "anomalyDetected": true,
    "timeUntilFavorable": 3,
    "temporalScore": 0
  },
  "unifiedMicrostructure": {
    "signalDirections": {
      "vpin": "NEUTRAL",
      "sweeps": "NEUTRAL",
      "absorption": "NEUTRAL",
      "arrival": "NEUTRAL",
      "vacuum": "NONE",
      "volRegime": "UNFAVORABLE",
      "temporal": "UNFAVORABLE"
    },
    "consensusDirection": "BEARISH",
    "consensusStrength": 100,
    "bullishSignals": 0,
    "bearishSignals": 2,
    "neutralSignals": 0,
    "totalAvailableSignals": 2,
    "dominantPattern": "NONE",
    "clusters": {
      "strongBuyCluster": false,
      "distributionPattern": false,
      "accumulationPattern": false,
      "momentumCascade": false
    },
    "adaptiveWeights": {
      "vpin": 0,
      "sweeps": 0,
      "absorption": 0,
      "arrival": 0,
      "vacuum": 0,
      "volRegime": 0.021,
      "temporal": 0.012
    },
    "convictionLevel": "HIGH",
    "convictionScore": 100,
    "riskAdjustment": "REDUCE",
    "timingQuality": "UNFAVORABLE",
    "signalQuality": "LOW"
  },
  "deltaAnalysis": {
    "currentDelta": 0,
    "cumulativeDelta": 0,
    "deltaPerVolume": 0,
    "deltaDirection": "NEUTRAL",
    "deltaDivergence": false,
    "institutionalRatio": 0,
    "aggressionScore": 0
  },
  "volumeProfile": {
    "pointOfControl": 0,
    "valueAreaHigh": 0,
    "valueAreaLow": 0,
    "currentPosition": "ABOVE_VALUE_AREA",
    "volumeNodes": [],
    "airPockets": []
  },
  "momentumCascade": {
    "cascadeDetected": false,
    "alignmentScore": -0.02375434892780659,
    "cascadeStrength": 0,
    "acceleratingTimeframes": [],
    "divergingTimeframes": [
      "1m",
      "5m",
      "15m",
      "1h"
    ]
  },
  "breakoutConfirmation": {
    "breakoutConfirmed": false,
    "volumeConfirmation": false,
    "retestStrength": 0,
    "falseBreakoutRisk": 0,
    "breakoutQuality": "NO_BREAKOUT"
  },
  "liquidityHeatmap": {
    "liquidityScore": 0,
    "magnetDirection": "NONE",
    "magnetStrength": 0,
    "priceTarget5pct": null,
    "message": "No order book data"
  },
  "smartMoneyDivergence": {
    "divergenceDetected": false,
    "divergenceDirection": "NONE",
    "smartMoneyScore": 0.5,
    "message": "Insufficient trade data"
  },
  "microstructure": {
    "raw": -0.05348655640765037,
    "pct": 49,
    "summary": {
      "latestBucketSignedZ": 0,
      "buySellRatio": 0.5,
      "tradesPerSec": 0,
      "vwap": 0,
      "aggressorVWAP": 0,
      "vpinToxicity": "UNKNOWN",
      "sweepDirection": "NEUTRAL",
      "absorptionSide": "NONE",
      "icebergDetected": false,
      "hawkesDirection": "NEUTRAL",
      "cascadeDetected": false,
      "vacuumSide": "NONE",
      "volatilityRegime": "EXTREME",
      "volExpanding": true,
      "favorableTimeWindow": false,
      "temporalAnomaly": true,
      "consensusDirection": "BEARISH",
      "consensusStrength": 100,
      "dominantPattern": "NONE",
      "convictionLevel": "HIGH",
      "riskAdjustment": "REDUCE",
      "timingQuality": "UNFAVORABLE",
      "deltaDirection": "NEUTRAL",
      "deltaDivergence": false,
      "institutionalRatio": 0,
      "volumeProfilePosition": "ABOVE_VALUE_AREA",
      "pointOfControl": 0,
      "momentumCascadeDetected": false,
      "cascadeStrength": 0,
      "breakoutQuality": "NO_BREAKOUT",
      "breakoutConfirmed": false,
      "magnetDirection": "NONE",
      "magnetStrength": 0,
      "priceTarget5pct": null,
      "nearestBidWall": 0,
      "nearestAskWall": 0,
      "divergenceDetected": false,
      "divergenceDirection": "NONE",
      "whaleAccumulation": false,
      "whaleDistribution": false,
      "retailPanic": false,
      "smartMoneyScore": 0.5
    }
  }
}

=== MICROSTRUCTURE ALERTS ===

🔬 VPIN: Insufficient data for VPIN analysis

🌊 SWEEP DETECTION: No significant sweeps detected

🧊 ABSORPTION & ICEBERG: No significant absorption or iceberg orders detected

⚡ ORDER ARRIVAL DYNAMICS: Insufficient trades for analysis

🌪️ LIQUIDITY VACUUM: No significant vacuum detected

📊 VOLATILITY REGIME DETECTION:
   Current Regime: EXTREME
   Regime Score: 1.00 (-1=low vol, +1=extreme vol)
   Days in Regime: 1
   ATR: $14.921538 (avg: $16.515513)
   ATR Percentile: 73.7%
   Realized Volatility: 282.41% (annualized)
   Vol Percentile: 93.2%

   🔴 EXTREME VOLATILITY:
   🚨 HIGH RISK ENVIRONMENT!
   ⚠️ Significantly reduce position size
   ⚠️ Wide stops or avoid trading
   💡 Only for experienced traders

   🚀 VOLATILITY EXPANDING:
   💥 Breakout likely imminent!
   📈 Market transitioning to higher vol regime
   ✅ Strong signal when combined with other indicators

   ⚠️ HIGH REGIME TRANSITION PROBABILITY: 70%
   Market near regime boundary - expect volatility shift soon

   ⚠️ NEW REGIME: Only 1 day(s) - conditions still settling

⏰ TEMPORAL PATTERN ANALYSIS:
   Current Time: Sunday 22:00 UTC
   Day Bias: NEUTRAL
   Current vs Avg Volume: 0x
   Current vs Avg Volatility: 0x

   ⏳ NON-FAVORABLE TIME WINDOW:
   This hour typically shows weaker activity
   Next favorable window in 3 hour(s)

   ⚠️ LOW ACTIVITY ANOMALY:
   Volume 0x below typical - Extremely quiet

   📉 LOW VOLATILITY ANOMALY:
   Volatility 0x below typical - Consolidation likely

   🔥 Best Trading Hours (UTC): 15:00, 12:00, 14:00

🎯 UNIFIED MICROSTRUCTURE INTEGRATION:
   Signal Consensus: BEARISH (100% agreement)
   Available Signals: 2 (0 bullish / 2 bearish / 0 neutral)
   Conviction Level: HIGH (100%)
   Signal Quality: LOW
   Risk Adjustment: REDUCE
   Timing Quality: UNFAVORABLE

   ✅ HIGH CONVICTION: 100% of signals agree on direction
   Strong institutional alignment - Follow the smart money

   ⚠️ RISK REDUCTION RECOMMENDED: Extreme volatility or unfavorable timing detected

   ⏰ UNFAVORABLE TIMING: Avoid trading during this hour

   Signal Directions Breakdown:
   • VPIN: NEUTRAL
   • Sweeps: NEUTRAL
   • Absorption: NEUTRAL
   • Arrival Dynamics: NEUTRAL
   • Liquidity Vacuum: NONE
   • Vol Regime: UNFAVORABLE
   • Temporal: UNFAVORABLE

   Adaptive Weights (Total: 3.3%):
   • VPIN: 0.0%
   • Sweeps: 0.0%
   • Absorption: 0.0%
   • Arrival: 0.0%
   • Vacuum: 0.0%
   • Vol Regime: 2.1%
   • Temporal: 1.2%


💹 DELTA ANALYSIS (Order Flow Aggression):
   Direction: NEUTRAL
   Delta Per Volume: 0.00%
   Institutional Ratio: 0.0%
   Aggression Score: 0.0%

📊 VOLUME PROFILE (Support/Resistance Strength):
   Point of Control (POC): $0.000000
   Value Area High: $0.000000
   Value Area Low: $0.000000
   Current Position: ABOVE_VALUE_AREA
   ⚠️ DISTRIBUTION RISK: Price above value area - potential rejection zone

⚡ MOMENTUM CASCADE (Multi-Timeframe Alignment):
   Cascade Detected: NO
   Alignment Score: -2.4%
   Cascade Strength: 0.0%
   Accelerating: None
   Diverging: 1m, 5m, 15m, 1h

💥 BREAKOUT CONFIRMATION:
   Quality: NO_BREAKOUT
   Volume Confirmation: NO
   Retest Strength: 0.0%
   False Breakout Risk: 0.0%
   No breakout detected - price below resistance


levels:
Entry=64.04166000000001, StopLoss=62.44061850000001, TakeProfit=64.8602695, 65.67887900000001, 66.33376659999999

---

=== Token: SQD (SQD) ===
Contract: SQD-USD
Timestamp: 2025-11-16T16:00:00.000Z

Calculations:
{
  "momentumScore": 64.00199044585987,
  "volumeScore": 59.55428765709799,
  "patternScore": 35,
  "totalScore": 48.969245770557514,
  "finalScore": 48.969245770557514,
  "weights": "0.23,0.45,0.23",
  "hourlyUptrend": false,
  "rsi": 18.749999999999787,
  "ultraShortVolumeSurge": 4.795786681568761,
  "baseVolumeSurge": 0.018663296233191604,
  "currentPrice": 0.06,
  "resistance": 0.0628,
  "support": 0.0595,
  "rocMin5": -0.006622516556291465,
  "shortROC": 0.001669449081802937,
  "priceAcceleration": -0.0016465862653487551,
  "buySellRatio": 0.3930286031505615,
  "macdHistogram": -0.0001494725038292124,
  "stochasticK": 15.555555555555525,
  "atr": 0.000521428571428571,
  "bbUpper": 0.064380548713728,
  "bbLower": 0.05986945128627202,
  "hammerDetected": false,
  "engulfingDetected": false,
  "compressionSpring": {
    "detected": false,
    "confidence": 0,
    "signals": {
      "sidewaysPrice": true,
      "atrCompression": true,
      "bbSqueeze": false,
      "consolidationTime": true,
      "strongBuying": false,
      "obvPositive": false,
      "chaikinPositive": false,
      "rsiNeutral": false,
      "volumeBuilding": false
    },
    "metrics": {
      "priceRange": 6.39,
      "atrRatio": 0.664,
      "bbWidth": 7.26,
      "volumeRatio": 0.576,
      "signalCount": 3,
      "buySellRatio": 0.393
    }
  },
  "riskTier": "MEDIUM",
  "atrPercent": 1.5357142857142867,
  "distanceToResistance": 4.666666666666662,
  "slPercent": 3,
  "tpPercent": 3.9666666666666623,
  "trailingActivation": 2.3799999999999972,
  "shortMomentumScore": 10,
  "overboughtScore": 0,
  "shortPatternScore": 0,
  "shootingStarDetected": false,
  "bearishEngulfingDetected": false,
  "eveningStarDetected": false,
  "bearishPatternsCount": 0,
  "shortTotalScore": 4,
  "chaikin": 0.018562729340760472,
  "obvIncreasing": true,
  "obvTrend": "increasing",
  "adx": 58.06451612903237,
  "recentCandles": {
    "redCount": 7,
    "greenCount": 3
  },
  "resistanceDistance": 4.666666666666662,
  "multiplePatterns": false,
  "bullishPattern": false,
  "priceAboveVWAP": false,
  "breakingResistance": false,
  "atrSufficient": true,
  "macdDivergenceBearish": false,
  "rvolMin1": -0.22165130383953444,
  "rvolMin5": -0.47148563889662654,
  "atrPercentileOld": 0.4878048780487805,
  "vwapDeviation": -10.230157837502924,
  "bbWidthPercent": 7.261323826890923,
  "bbSqueeze": false,
  "multiTFMomentum": {
    "min1": {
      "roc1": -0.001666666666666599,
      "roc3": -0.001666666666666599
    },
    "min5": {
      "roc1": 0.001669449081802937,
      "roc3": -0.00497512437810948
    },
    "min15": {
      "roc1": 0.0050083472454089265,
      "roc3": -0.016339869281045766
    },
    "hourly": {
      "roc1": -0.02671118530884815,
      "roc3": -0.06720000000000004
    },
    "fourHour": {
      "roc1": -0.08188976377952761,
      "roc3": -0.13884785819793205
    },
    "divergenceShortUpLongDown": true
  },
  "returnZMin5": 0.48184071157965264,
  "wickClosePct": 0.666666666666659,
  "wickUpper": 0.00010000000000000286,
  "wickLower": 0.0001999999999999988,
  "wickRatio": 0.666666666666659,
  "donchianBreakout15": false,
  "bbWidthPercentile15": 0.45454545454545453,
  "signedMin5": -2383934.8000000003,
  "signedMin5Z": -14.718472008668936,
  "signedMin1": -1438570.6000000003,
  "signedMin1Z": -17.932647754616294,
  "streakMin1": {
    "upStreak": 0,
    "downStreak": 0
  },
  "streakMin5": {
    "upStreak": 0,
    "downStreak": 0
  },
  "rvolPercentileMin1": 0.38958333333333334,
  "rvolPercentileMin5": 0.20833333333333334,
  "perTfMetrics": {
    "min1": {
      "sma20": 0.060245000000000014,
      "sma50": 0.06090599999999999,
      "ema20": 0.06024443332345188,
      "ema50": 0.060748431124275165,
      "vwma20": 0.06040390207505747,
      "hma21": 0.05967792207792202,
      "atr14": 0.0002142857142857135,
      "atrPercentile": 0.675226586102719,
      "rvolZ": -0.22165130383953444,
      "rvolPercentile": 0.38958333333333334,
      "mfi14": 21.25364531634594,
      "ppo": {
        "ppo": -0.5032283008361684,
        "signal": -0.5200551906785486,
        "histogram": 0.01682688984238012
      },
      "stochRsi": {
        "k": 90.12820512820541,
        "d": 36.22807017543861
      },
      "vprofile": {
        "vpBins": [
          0.0004873005617552275,
          0.009916037054455045,
          0.009462647892331307,
          0.0021142273069787456,
          0.1151700673295603,
          0.01942959111466634,
          0.007785557279450151,
          0.1225325720849211,
          0.11107823502494762,
          0.12558076934534493,
          0.016212266608845387,
          0.03248841010524548,
          0.049804399007857145,
          0.12979367472306585,
          0.0259991824930446,
          0.009374685315983042,
          0.06887241177737438,
          0.01948831096909736,
          0.12333814363411631,
          0.0010715103709596524
        ],
        "currentBinShare": 0.009916037054455045
      },
      "ttm": {
        "squeeze": false,
        "release": false,
        "widthPct": 2.4885049158483117
      }
    },
    "min5": {
      "sma20": 0.06106500000000002,
      "sma50": 0.0621,
      "ema20": 0.06097702454583243,
      "ema50": 0.061944960767826227,
      "vwma20": 0.06109071943439082,
      "hma21": 0.060200432900432886,
      "atr14": 0.000521428571428571,
      "atrPercentile": 0.5620437956204379,
      "rvolZ": -0.47148563889662654,
      "rvolPercentile": 0.20833333333333334,
      "mfi14": 14.081106499103598,
      "ppo": {
        "ppo": -0.9930796301586923,
        "signal": -0.8256434423084721,
        "histogram": -0.1674361878502202
      },
      "stochRsi": {
        "k": 0,
        "d": 21.163844325608903
      },
      "vprofile": {
        "vpBins": [
          0.002627895041890373,
          0.024398315919526306,
          0.04555438038066119,
          0.0634996687867031,
          0.06909252226534428,
          0.05861544968410432,
          0.10363492888881057,
          0.01256031898639528,
          0.040220383602285005,
          0.054413731199819564,
          0.08951934091839746,
          0.021698602846736192,
          0.07834409950954775,
          0.11000870037316213,
          0.024485199892658405,
          0.016322403362097507,
          0.06721806563619036,
          0.0068973338246319195,
          0.08590133272273337,
          0.024987326158304977
        ],
        "currentBinShare": 0.002627895041890373
      },
      "ttm": {
        "squeeze": false,
        "release": false,
        "widthPct": 4.190590638592209
      }
    },
    "min15": {
      "sma20": 0.06212500000000001,
      "sma50": 0.06419800000000002,
      "ema20": 0.061973882895506024,
      "ema50": 0.06309155879769864,
      "vwma20": 0.06201272277510737,
      "hma21": 0.060312987012987006,
      "atr14": 0.0009214285714285721,
      "atrPercentile": 0.4878048780487805,
      "rvolZ": -0.5052042292536418,
      "rvolPercentile": 0.25,
      "mfi14": 23.511219308548704,
      "ppo": {
        "ppo": -1.7161271569866223,
        "signal": -1.4384311701835732,
        "histogram": -0.2776959868030491
      },
      "stochRsi": {
        "k": 23.96788990825669,
        "d": 21.405228758169937
      },
      "vprofile": {
        "vpBins": [
          0.014810727580268416,
          0.02508000173809135,
          0.017321476010658036,
          0.0242588213558364,
          0.04037389826796822,
          0.11243576079101905,
          0.03651038249772293,
          0.06851854167451564,
          0.07862677852475987,
          0.01870025637768417,
          0.09486389075044464,
          0.09531687274449265,
          0.05080797789362944,
          0,
          0,
          0.06967324152654648,
          0.02273806820333661,
          0.12447002761572358,
          0.0682496665512655,
          0.037243609896037234
        ],
        "currentBinShare": 0.017321476010658036
      },
      "ttm": {
        "squeeze": false,
        "release": false,
        "widthPct": 7.261323826890923
      }
    },
    "hourly": {
      "sma20": 0.06419500000000002,
      "sma50": 0.06028199999999998,
      "ema20": 0.06257315975366665,
      "ema50": 0.06207476147376854,
      "vwma20": 0.06765595956814517,
      "hma21": 0.06188181818181819,
      "atr14": 0.002628571428571428,
      "atrPercentile": 0.8136645962732919,
      "rvolZ": 0.16882286242665662,
      "rvolPercentile": 0.8095238095238095,
      "mfi14": 34.34213653864086,
      "ppo": {
        "ppo": -0.041362525891416015,
        "signal": 1.530454499902637,
        "histogram": -1.5718170257940531
      },
      "stochRsi": {
        "k": 0,
        "d": 29.195133897234765
      },
      "vprofile": {
        "vpBins": [
          0.008876775814034978,
          0.09385039300451285,
          0.07597587784870966,
          0.05419280937800252,
          0.05644420222171862,
          0.045927206617699855,
          0.020619684955245278,
          0.1304518695147399,
          0.04297064142925503,
          0.010679771819534977,
          0.12531682251204468,
          0.07396776314468063,
          0.05781325834477843,
          0.04744172805671847,
          0.03790500185704929,
          0.023886515819189096,
          0.04696111867560667,
          0.011593249435707793,
          0.03512530955077109,
          0
        ],
        "currentBinShare": 0.07597587784870966
      },
      "ttm": {
        "squeeze": false,
        "release": false,
        "widthPct": 24.761895540391343
      }
    },
    "fourHour": {
      "sma20": 0.060740000000000016,
      "sma50": 0.06887599999999998,
      "ema20": 0.062459839523199806,
      "ema50": 0.06702868898052321,
      "vwma20": 0.06294117777644995,
      "hma21": 0.05933636363636362,
      "atr14": 0.004200000000000001,
      "atrPercentile": 0.5571428571428572,
      "rvolZ": 0.7181370147808862,
      "rvolPercentile": 0.9047619047619048,
      "mfi14": 53.871245912163985,
      "ppo": {
        "ppo": -3.037918043066666,
        "signal": -4.340223158267858,
        "histogram": 1.3023051152011922
      },
      "stochRsi": {
        "k": 59.72868217054265,
        "d": 52.545711262924804
      },
      "vprofile": {
        "vpBins": [
          0.04308121671697914,
          0.03826253040665655,
          0.06139681584665035,
          0.005905875659230304,
          0.06506048951859718,
          0.004358005726624514,
          0.16073633722812472,
          0.04586677399901057,
          0.11609341677799491,
          0.06077977400336098,
          0.13560867131747145,
          0.04975982159331442,
          0.1128388032983423,
          0.036327253956580575,
          0.06392421395106211,
          0,
          0,
          0,
          0,
          0
        ],
        "currentBinShare": 0.03826253040665655
      },
      "ttm": {
        "squeeze": false,
        "release": false,
        "widthPct": 23.21815765497036
      }
    },
    "daily": {
      "sma20": 0.07888500000000001,
      "sma50": 0.130428,
      "ema20": 0.08212456280792507,
      "ema50": 0.10512148899951435,
      "vwma20": 0,
      "hma21": 0.05846580086580087,
      "atr14": 0.011849999999999998,
      "atrPercentile": 0.34210526315789475,
      "rvolZ": 0,
      "rvolPercentile": 1,
      "mfi14": 50,
      "ppo": {
        "ppo": -20.635430899893553,
        "signal": -18.870430023561614,
        "histogram": -1.7650008763319391
      },
      "stochRsi": {
        "k": 87.82797431831764,
        "d": 26.102715440662447
      },
      "vprofile": {
        "vpBins": [
          0,
          0,
          0,
          0,
          0,
          0,
          0,
          0,
          0,
          0,
          0,
          0,
          0,
          0,
          0,
          0,
          0,
          0,
          0,
          0
        ],
        "currentBinShare": 0
      },
      "ttm": {
        "squeeze": false,
        "release": false,
        "widthPct": 77.64560293231224
      }
    }
  },
  "smaMin5": 0.06106500000000002,
  "emaMin5": 0.06097702454583243,
  "vwmaMin5": 0.06109071943439082,
  "hmaMin5": 0.060200432900432886,
  "keltner15": {
    "upper": 0.06344388289550602,
    "middle": 0.061973882895506024,
    "lower": 0.060503882895506025
  },
  "superTrend15": {
    "isBull": true,
    "finalUpper": 0.06299,
    "finalLower": 0.05711
  },
  "mfi15": 23.511219308548704,
  "stochRsi15": {
    "k": 23.96788990825669,
    "d": 21.405228758169937
  },
  "ppo15": {
    "ppo": -1.7161271569866223,
    "signal": -1.4384311701835732,
    "histogram": -0.2776959868030491
  },
  "vpMin15": {
    "vpBins": [
      0.014810727580268416,
      0.02508000173809135,
      0.017321476010658036,
      0.0242588213558364,
      0.04037389826796822,
      0.11243576079101905,
      0.03651038249772293,
      0.06851854167451564,
      0.07862677852475987,
      0.01870025637768417,
      0.09486389075044464,
      0.09531687274449265,
      0.05080797789362944,
      0,
      0,
      0.06967324152654648,
      0.02273806820333661,
      0.12447002761572358,
      0.0682496665512655,
      0.037243609896037234
    ],
    "currentBinShare": 0.017321476010658036
  },
  "ttm15": {
    "squeeze": false,
    "release": false,
    "widthPct": 7.261323826890923
  },
  "marketCorrelation": {
    "hourly": {
      "btcCorrelation": 0,
      "ethCorrelation": 0,
      "btcBeta": 1,
      "ethBeta": 1,
      "btcTrend": "UNKNOWN",
      "ethTrend": "UNKNOWN",
      "tokenVol": 0,
      "btcVol": 0,
      "ethVol": 0,
      "marketDependence": 0,
      "verdict": "INSUFFICIENT_DATA"
    },
    "min15": {
      "btcCorrelation": 0,
      "ethCorrelation": 0,
      "btcBeta": 1,
      "ethBeta": 1,
      "btcTrend": "UNKNOWN",
      "ethTrend": "UNKNOWN",
      "tokenVol": 0,
      "btcVol": 0,
      "ethVol": 0,
      "marketDependence": 0,
      "verdict": "INSUFFICIENT_DATA"
    },
    "daily": {
      "btcCorrelation": 0,
      "ethCorrelation": 0,
      "btcBeta": 1,
      "ethBeta": 1,
      "btcTrend": "UNKNOWN",
      "ethTrend": "UNKNOWN",
      "tokenVol": 0,
      "btcVol": 0,
      "ethVol": 0,
      "marketDependence": 0,
      "verdict": "INSUFFICIENT_DATA"
    }
  },
  "tradeTape": {
    "totalTrades": 0,
    "totalVolume": 0,
    "buysVolume": 0,
    "sellsVolume": 0,
    "buySellRatio": 0.5,
    "vwap": 0,
    "signedVolume": 0,
    "avgTradeSize": 0,
    "tradesPerSec": 0,
    "cumulativeDelta": 0,
    "tradesLast1m": 0,
    "tradesLast5m": 0,
    "tradesLast15m": 0,
    "tradesLast1h": 0,
    "buyVWAP": 0,
    "sellVWAP": 0,
    "aggressorVWAP": 0,
    "bucketDurationMs": 60000,
    "bucketCount": 15,
    "bucketSignedVolumes": [],
    "bucketVolumes": [],
    "bucketVWAPs": [],
    "latestBucketSignedZ": 0
  },
  "enhancedMetrics": {
    "relativeVolumeZScore": -1,
    "volumePercentile": 40,
    "atrPercentile": 55.47445255474452,
    "volatilityPercentile": 94.30379746835443,
    "relativeVolatilityRatio": 1.3096948925618468,
    "isHighVolume": false,
    "isHighVolatility": true,
    "isLowVolatility": false,
    "isExpandingVolatility": true,
    "isContractingVolatility": false
  },
  "orderBook": {
    "bidAskSpread": 0,
    "spreadPct": 0,
    "midPrice": 0,
    "bestBid": 0,
    "bestAsk": 0,
    "bidDepth": 0,
    "askDepth": 0,
    "orderBookImbalance": 0,
    "liquidityScore": 0,
    "depthAt1Pct": {
      "bidVolume": 0,
      "askVolume": 0,
      "imbalance": 0
    },
    "depthAt2Pct": {
      "bidVolume": 0,
      "askVolume": 0,
      "imbalance": 0
    },
    "depthAt5Pct": {
      "bidVolume": 0,
      "askVolume": 0,
      "imbalance": 0
    },
    "weightedMidPrice": 0,
    "volumeWeightedSpread": 0,
    "totalBidLevels": 0,
    "totalAskLevels": 0
  },
  "marketCap": {
    "marketCap": 0,
    "totalVolume24h": 0,
    "volumeToMarketCapRatio": 0,
    "marketCapRank": 0,
    "normalizedRank": 0,
    "isHighLiquidity": false,
    "isVeryHighLiquidity": false,
    "isLowLiquidity": true,
    "liquidityTier": "VERY_LOW"
  },
  "sweeps": {
    "sweepScore": 0,
    "sweepCount": 0,
    "sweepDirection": "NEUTRAL",
    "buySweeps": 0,
    "sellSweeps": 0,
    "avgSweepSize": 0,
    "avgSweepIntensity": 0,
    "bidLiftRatio": 0,
    "askLiftRatio": 0,
    "sweepFrequency": 0,
    "largestSweep": null,
    "recentSweepClusters": 0,
    "sweepDetails": []
  },
  "absorption": {
    "absorptionScore": 0,
    "absorptionLevel": null,
    "absorptionSide": "NONE",
    "icebergProbability": 0,
    "hiddenLiquidityEstimate": 0,
    "volumeAtPrice": {},
    "topAbsorptionLevels": [],
    "persistenceDuration": 0,
    "refillDetected": false
  },
  "orderArrival": {
    "avgInterArrivalTime": 0,
    "recentInterArrivalTime": 0,
    "accelerationRatio": 1,
    "hawkesIntensity": 0,
    "hawkesDirection": "NEUTRAL",
    "clusteringScore": 0,
    "burstCount": 0,
    "cascadeDetected": false,
    "timeToNextTrade": 0,
    "accelerationTrend": "STABLE"
  },
  "liquidityVacuum": {
    "vacuumScore": 0,
    "vacuumSide": "NONE",
    "bidVacuumSeverity": 0,
    "askVacuumSeverity": 0,
    "depthConcentration": 0,
    "priceImpact10k": 0,
    "priceImpact50k": 0,
    "priceImpact100k": 0,
    "largestGapBid": 0,
    "largestGapAsk": 0,
    "avgGapBid": 0,
    "avgGapAsk": 0,
    "bidCliffDistance": 0,
    "askCliffDistance": 0
  },
  "volatilityRegime": {
    "regime": "BELOW_NORMAL",
    "regimeScore": -0.5,
    "currentATR": 0.011392,
    "avgATR": 0.021646,
    "atrPercentile": 32.9,
    "realizedVolatility": 95.87,
    "volPercentile": 15.3,
    "expanding": false,
    "contracting": true,
    "transitionProbability": 0.7,
    "daysInRegime": 4,
    "regimeStrength": 0.41
  },
  "temporalPatterns": {
    "currentHour": 22,
    "currentDay": 0,
    "currentDayName": "Sunday",
    "dayBias": "NEUTRAL",
    "hourlyProfile": [
      {
        "avgVolume": 589210.83,
        "avgATR": 0.001971,
        "avgReturn": -0.539
      },
      {
        "avgVolume": 876331.22,
        "avgATR": 0.001936,
        "avgReturn": 0.05
      },
      {
        "avgVolume": 1532392.01,
        "avgATR": 0.002693,
        "avgReturn": 1.415
      },
      {
        "avgVolume": 897709.01,
        "avgATR": 0.002021,
        "avgReturn": -0.158
      },
      {
        "avgVolume": 801811.93,
        "avgATR": 0.002064,
        "avgReturn": -1.341
      },
      {
        "avgVolume": 374067.15,
        "avgATR": 0.001629,
        "avgReturn": -0.714
      },
      {
        "avgVolume": 350411.44,
        "avgATR": 0.001693,
        "avgReturn": 0.381
      },
      {
        "avgVolume": 453157.25,
        "avgATR": 0.001671,
        "avgReturn": -0.316
      },
      {
        "avgVolume": 273904.09,
        "avgATR": 0.001693,
        "avgReturn": -0.36
      },
      {
        "avgVolume": 272059.94,
        "avgATR": 0.001693,
        "avgReturn": -0.097
      },
      {
        "avgVolume": 245318.39,
        "avgATR": 0.001343,
        "avgReturn": 0.381
      },
      {
        "avgVolume": 867198.66,
        "avgATR": 0.002879,
        "avgReturn": 1.203
      },
      {
        "avgVolume": 1049161.08,
        "avgATR": 0.002757,
        "avgReturn": -0.871
      },
      {
        "avgVolume": 639459.2,
        "avgATR": 0.001957,
        "avgReturn": -0.126
      },
      {
        "avgVolume": 812071.77,
        "avgATR": 0.002693,
        "avgReturn": -0.575
      },
      {
        "avgVolume": 989829.03,
        "avgATR": 0.002443,
        "avgReturn": -0.854
      },
      {
        "avgVolume": 1071213.78,
        "avgATR": 0.002357,
        "avgReturn": -0.049
      },
      {
        "avgVolume": 1123807.01,
        "avgATR": 0.002738,
        "avgReturn": 0.535
      },
      {
        "avgVolume": 882581.02,
        "avgATR": 0.00245,
        "avgReturn": 0.233
      },
      {
        "avgVolume": 1028341.56,
        "avgATR": 0.002407,
        "avgReturn": 0.186
      },
      {
        "avgVolume": 679872.3,
        "avgATR": 0.002329,
        "avgReturn": -0.808
      },
      {
        "avgVolume": 527272.8,
        "avgATR": 0.0021,
        "avgReturn": 0.007
      },
      {
        "avgVolume": 439014.15,
        "avgATR": 0.0019,
        "avgReturn": 0.463
      },
      {
        "avgVolume": 595624.43,
        "avgATR": 0.002136,
        "avgReturn": 0.017
      }
    ],
    "dailyProfile": [
      {
        "avgVolume": 1114659.15,
        "avgATR": 0.002379,
        "avgReturn": -0.002
      },
      {
        "avgVolume": 799607.12,
        "avgATR": 0.002702,
        "avgReturn": -0.155
      },
      {
        "avgVolume": 782067.36,
        "avgATR": 0.002444,
        "avgReturn": -0.139
      },
      {
        "avgVolume": 648547.67,
        "avgATR": 0.001938,
        "avgReturn": -0.123
      },
      {
        "avgVolume": 504254.1,
        "avgATR": 0.001908,
        "avgReturn": -0.075
      },
      {
        "avgVolume": 835998.82,
        "avgATR": 0.002221,
        "avgReturn": -0.183
      },
      {
        "avgVolume": 381456.06,
        "avgATR": 0.001437,
        "avgReturn": 0.101
      }
    ],
    "favorableHours": [
      2,
      17,
      16,
      12,
      19,
      15
    ],
    "favorableWindow": false,
    "currentVsAvgVolume": 0,
    "currentVsAvgVolatility": 0,
    "anomalyDetected": true,
    "timeUntilFavorable": 4,
    "temporalScore": 0
  },
  "unifiedMicrostructure": {
    "signalDirections": {
      "vpin": "NEUTRAL",
      "sweeps": "NEUTRAL",
      "absorption": "NEUTRAL",
      "arrival": "NEUTRAL",
      "vacuum": "NONE",
      "volRegime": "FAVORABLE",
      "temporal": "UNFAVORABLE"
    },
    "consensusDirection": "NEUTRAL",
    "consensusStrength": 50,
    "bullishSignals": 1,
    "bearishSignals": 1,
    "neutralSignals": 0,
    "totalAvailableSignals": 2,
    "dominantPattern": "NONE",
    "clusters": {
      "strongBuyCluster": false,
      "distributionPattern": false,
      "accumulationPattern": false,
      "momentumCascade": false
    },
    "adaptiveWeights": {
      "vpin": 0,
      "sweeps": 0,
      "absorption": 0,
      "arrival": 0,
      "vacuum": 0,
      "volRegime": 0.021,
      "temporal": 0.02
    },
    "convictionLevel": "LOW",
    "convictionScore": 30,
    "riskAdjustment": "REDUCE",
    "timingQuality": "UNFAVORABLE",
    "signalQuality": "LOW"
  },
  "deltaAnalysis": {
    "currentDelta": 0,
    "cumulativeDelta": 0,
    "deltaPerVolume": 0,
    "deltaDirection": "NEUTRAL",
    "deltaDivergence": false,
    "institutionalRatio": 0,
    "aggressionScore": 0
  },
  "volumeProfile": {
    "pointOfControl": 0,
    "valueAreaHigh": 0,
    "valueAreaLow": 0,
    "currentPosition": "ABOVE_VALUE_AREA",
    "volumeNodes": [],
    "airPockets": []
  },
  "momentumCascade": {
    "cascadeDetected": false,
    "alignmentScore": -0.026933604673240387,
    "cascadeStrength": 0,
    "acceleratingTimeframes": [],
    "divergingTimeframes": [
      "1m",
      "5m",
      "15m",
      "1h"
    ]
  },
  "breakoutConfirmation": {
    "breakoutConfirmed": false,
    "volumeConfirmation": false,
    "retestStrength": 0,
    "falseBreakoutRisk": 0,
    "breakoutQuality": "NO_BREAKOUT"
  },
  "liquidityHeatmap": {
    "liquidityScore": 0,
    "magnetDirection": "NONE",
    "magnetStrength": 0,
    "priceTarget5pct": null,
    "message": "No order book data"
  },
  "smartMoneyDivergence": {
    "divergenceDetected": false,
    "divergenceDirection": "NONE",
    "smartMoneyScore": 0.5,
    "message": "Insufficient trade data"
  },
  "microstructure": {
    "raw": -0.010563152545504943,
    "pct": 50,
    "summary": {
      "latestBucketSignedZ": 0,
      "buySellRatio": 0.5,
      "tradesPerSec": 0,
      "vwap": 0,
      "aggressorVWAP": 0,
      "vpinToxicity": "UNKNOWN",
      "sweepDirection": "NEUTRAL",
      "absorptionSide": "NONE",
      "icebergDetected": false,
      "hawkesDirection": "NEUTRAL",
      "cascadeDetected": false,
      "vacuumSide": "NONE",
      "volatilityRegime": "BELOW_NORMAL",
      "volExpanding": false,
      "favorableTimeWindow": false,
      "temporalAnomaly": true,
      "consensusDirection": "NEUTRAL",
      "consensusStrength": 50,
      "dominantPattern": "NONE",
      "convictionLevel": "LOW",
      "riskAdjustment": "REDUCE",
      "timingQuality": "UNFAVORABLE",
      "deltaDirection": "NEUTRAL",
      "deltaDivergence": false,
      "institutionalRatio": 0,
      "volumeProfilePosition": "ABOVE_VALUE_AREA",
      "pointOfControl": 0,
      "momentumCascadeDetected": false,
      "cascadeStrength": 0,
      "breakoutQuality": "NO_BREAKOUT",
      "breakoutConfirmed": false,
      "magnetDirection": "NONE",
      "magnetStrength": 0,
      "priceTarget5pct": null,
      "nearestBidWall": 0,
      "nearestAskWall": 0,
      "divergenceDetected": false,
      "divergenceDirection": "NONE",
      "whaleAccumulation": false,
      "whaleDistribution": false,
      "retailPanic": false,
      "smartMoneyScore": 0.5
    }
  }
}

=== MICROSTRUCTURE ALERTS ===

🔬 VPIN: Insufficient data for VPIN analysis

🌊 SWEEP DETECTION: No significant sweeps detected

🧊 ABSORPTION & ICEBERG: No significant absorption or iceberg orders detected

⚡ ORDER ARRIVAL DYNAMICS: Insufficient trades for analysis

🌪️ LIQUIDITY VACUUM: No significant vacuum detected

📊 VOLATILITY REGIME DETECTION:
   Current Regime: BELOW_NORMAL
   Regime Score: -0.50 (-1=low vol, +1=extreme vol)
   Days in Regime: 4
   ATR: $0.011392 (avg: $0.021646)
   ATR Percentile: 32.9%
   Realized Volatility: 95.87% (annualized)
   Vol Percentile: 15.3%

   🟢 BELOW NORMAL VOLATILITY:
   ⚡ Consolidation phase - watch for expansion
   ✅ Good entry zone for patient trades

   📉 VOLATILITY CONTRACTING:
   🔄 Consolidation phase - accumulation likely
   ⏳ Wait for expansion before entering

   ⚠️ HIGH REGIME TRANSITION PROBABILITY: 70%
   Market near regime boundary - expect volatility shift soon

⏰ TEMPORAL PATTERN ANALYSIS:
   Current Time: Sunday 22:00 UTC
   Day Bias: NEUTRAL
   Current vs Avg Volume: 0x
   Current vs Avg Volatility: 0x

   ⏳ NON-FAVORABLE TIME WINDOW:
   This hour typically shows weaker activity
   Next favorable window in 4 hour(s)

   ⚠️ LOW ACTIVITY ANOMALY:
   Volume 0x below typical - Extremely quiet

   📉 LOW VOLATILITY ANOMALY:
   Volatility 0x below typical - Consolidation likely

   🔥 Best Trading Hours (UTC): 2:00, 17:00, 16:00

🎯 UNIFIED MICROSTRUCTURE INTEGRATION:
   Signal Consensus: NEUTRAL (50% agreement)
   Available Signals: 2 (1 bullish / 1 bearish / 0 neutral)
   Conviction Level: LOW (30%)
   Signal Quality: LOW
   Risk Adjustment: REDUCE
   Timing Quality: UNFAVORABLE

   ⚠️ LOW CONVICTION: Only 50% signal agreement
   Weak alignment - Reduce position size or wait for clarity

   ⚠️ RISK REDUCTION RECOMMENDED: Extreme volatility or unfavorable timing detected

   ⏰ UNFAVORABLE TIMING: Avoid trading during this hour

   Signal Directions Breakdown:
   • VPIN: NEUTRAL
   • Sweeps: NEUTRAL
   • Absorption: NEUTRAL
   • Arrival Dynamics: NEUTRAL
   • Liquidity Vacuum: NONE
   • Vol Regime: FAVORABLE
   • Temporal: UNFAVORABLE

   Adaptive Weights (Total: 4.1%):
   • VPIN: 0.0%
   • Sweeps: 0.0%
   • Absorption: 0.0%
   • Arrival: 0.0%
   • Vacuum: 0.0%
   • Vol Regime: 2.1%
   • Temporal: 2.0%


💹 DELTA ANALYSIS (Order Flow Aggression):
   Direction: NEUTRAL
   Delta Per Volume: 0.00%
   Institutional Ratio: 0.0%
   Aggression Score: 0.0%

📊 VOLUME PROFILE (Support/Resistance Strength):
   Point of Control (POC): $0.000000
   Value Area High: $0.000000
   Value Area Low: $0.000000
   Current Position: ABOVE_VALUE_AREA
   ⚠️ DISTRIBUTION RISK: Price above value area - potential rejection zone

⚡ MOMENTUM CASCADE (Multi-Timeframe Alignment):
   Cascade Detected: NO
   Alignment Score: -2.7%
   Cascade Strength: 0.0%
   Accelerating: None
   Diverging: 1m, 5m, 15m, 1h

💥 BREAKOUT CONFIRMATION:
   Quality: NO_BREAKOUT
   Volume Confirmation: NO
   Retest Strength: 0.0%
   False Breakout Risk: 0.0%
   No breakout detected - price below resistance


levels:
Entry=0.059879999999999996, StopLoss=0.05808359999999999, TakeProfit=0.061067619999999996, 0.06225523999999999, 0.06320533599999999

---

=== Token: ZEN (ZEN) ===
Contract: ZEN-USD
Timestamp: 2025-11-16T16:00:00.000Z

Calculations:
{
  "momentumScore": 26.151404796473003,
  "volumeScore": 0,
  "patternScore": 44.07931185303969,
  "totalScore": 16.636060690384117,
  "finalScore": 30,
  "weights": "0.27,0.41,0.23",
  "hourlyUptrend": true,
  "rsi": 48.97456931911402,
  "ultraShortVolumeSurge": 5.635843883499178,
  "baseVolumeSurge": 0.023343618871972196,
  "currentPrice": 13.905,
  "resistance": 14.433,
  "support": 13.718,
  "rocMin5": -0.03242641430658973,
  "shortROC": 0.0013682846031974744,
  "priceAcceleration": -0.008184200782613518,
  "buySellRatio": 0.4695688345724228,
  "macdHistogram": -0.02901074443794964,
  "stochasticK": 21.96531791907508,
  "atr": 0.1583571428571429,
  "bbUpper": 14.496868903695775,
  "bbLower": 13.616731096304227,
  "hammerDetected": false,
  "engulfingDetected": false,
  "compressionSpring": {
    "detected": true,
    "confidence": 44,
    "signals": {
      "sidewaysPrice": true,
      "atrCompression": true,
      "bbSqueeze": false,
      "consolidationTime": true,
      "strongBuying": false,
      "obvPositive": false,
      "chaikinPositive": false,
      "rsiNeutral": true,
      "volumeBuilding": false
    },
    "metrics": {
      "priceRange": 6.07,
      "atrRatio": 0.6,
      "bbWidth": 6.26,
      "volumeRatio": 1.575,
      "signalCount": 4,
      "buySellRatio": 0.47
    }
  },
  "riskTier": "LOW",
  "atrPercent": 2.1359223300970864,
  "distanceToResistance": 3.797195253505937,
  "slPercent": 3,
  "tpPercent": 0.9413879899316762,
  "trailingActivation": 0.5648327939590057,
  "shortMomentumScore": 75,
  "overboughtScore": 0,
  "shortPatternScore": 0,
  "shootingStarDetected": false,
  "bearishEngulfingDetected": false,
  "eveningStarDetected": false,
  "bearishPatternsCount": 0,
  "shortTotalScore": 30,
  "chaikin": -0.019610839198659785,
  "obvIncreasing": false,
  "obvTrend": "declining",
  "adx": 2.3958333333334023,
  "recentCandles": {
    "redCount": 6,
    "greenCount": 4
  },
  "resistanceDistance": 3.797195253505937,
  "multiplePatterns": false,
  "bullishPattern": false,
  "priceAboveVWAP": false,
  "breakingResistance": false,
  "atrSufficient": true,
  "macdDivergenceBearish": false,
  "rvolMin1": 0.003708518338041308,
  "rvolMin5": 4.537232114663603,
  "atrPercentileOld": 0.7560975609756098,
  "vwapDeviation": -0.6959537837288918,
  "bbWidthPercent": 6.261295653289145,
  "bbSqueeze": false,
  "multiTFMomentum": {
    "min1": {
      "roc1": -0.004464928705170632,
      "roc3": -0.0187393526405451
    },
    "min5": {
      "roc1": 0.0013682846031974744,
      "roc3": -0.02421052631578952
    },
    "min15": {
      "roc1": 0.0015843295405444508,
      "roc3": -0.023108801011449086
    },
    "hourly": {
      "roc1": 0.025997407460751885,
      "roc3": 0.010783965945370644
    },
    "fourHour": {
      "roc1": -0.01103706788837989,
      "roc3": 0.04419525065963059
    },
    "divergenceShortUpLongDown": true
  },
  "returnZMin5": 0.16577121972577458,
  "wickClosePct": 0.8114285714285651,
  "wickUpper": 0.03300000000000125,
  "wickLower": 0.11100000000000065,
  "wickRatio": 3.5806451612904815,
  "donchianBreakout15": false,
  "bbWidthPercentile15": 0.5844155844155844,
  "signedMin5": 38977.759999999995,
  "signedMin5Z": 12.472440559519434,
  "signedMin1": -86.28300000000183,
  "signedMin1Z": -0.1825794140459776,
  "streakMin1": {
    "upStreak": 0,
    "downStreak": 3
  },
  "streakMin5": {
    "upStreak": 1,
    "downStreak": 0
  },
  "rvolPercentileMin1": 0.8097222222222222,
  "rvolPercentileMin5": 0.9895833333333334,
  "perTfMetrics": {
    "min1": {
      "sma20": 14.175099999999997,
      "sma50": 14.16258,
      "ema20": 14.095749827550094,
      "ema50": 14.121084333679212,
      "vwma20": 14.15827073866009,
      "hma21": 13.901329004329009,
      "atr14": 0.10064285714285719,
      "atrPercentile": 0.9556898288016112,
      "rvolZ": 0.003708518338041308,
      "rvolPercentile": 0.8097222222222222,
      "mfi14": 38.2495950056262,
      "ppo": {
        "ppo": -0.5660186207278791,
        "signal": -0.2430307866266933,
        "histogram": -0.3229878341011858
      },
      "stochRsi": {
        "k": 0,
        "d": 22.114195442419092
      },
      "vprofile": {
        "vpBins": [
          0.023889933171957256,
          0.027608500617803886,
          0.018856075877039677,
          0.019676553014237923,
          0.027332599198840086,
          0.012228822430113175,
          0.05604176564720028,
          0.05775760941824762,
          0.12056718986572852,
          0.09582836105201686,
          0.04271357888054334,
          0.07644331207319893,
          0.12572107553199058,
          0.03441026144427033,
          0.06715304875967695,
          0.08185573569712817,
          0.03920926797254899,
          0.04315819985861486,
          0.020650269587641826,
          0.00889783990120037
        ],
        "currentBinShare": 0.018856075877039677
      },
      "ttm": {
        "squeeze": false,
        "release": false,
        "widthPct": 4.979424449223512
      }
    },
    "min5": {
      "sma20": 14.018849999999997,
      "sma50": 14.075780000000002,
      "ema20": 14.067786063541407,
      "ema50": 14.051411085546372,
      "vwma20": 13.999417917467579,
      "hma21": 14.256645021645022,
      "atr14": 0.1583571428571429,
      "atrPercentile": 0.7883211678832117,
      "rvolZ": 4.537232114663603,
      "rvolPercentile": 0.9895833333333334,
      "mfi14": 28.564008326684018,
      "ppo": {
        "ppo": 0.014109269723992839,
        "signal": 0.121046662208533,
        "histogram": -0.10693739248454015
      },
      "stochRsi": {
        "k": 24.640917618674322,
        "d": 52.52833267880673
      },
      "vprofile": {
        "vpBins": [
          0.01201136888366795,
          0.026276235343183605,
          0.03205638663773671,
          0.10006355114170745,
          0.05652218393045368,
          0.11480039531133579,
          0.08196717990131971,
          0.06948341163599289,
          0.05951061259454165,
          0.1515304995428532,
          0.09906894273889036,
          0.012698938023454702,
          0.11748385314855758,
          0.011444407786466009,
          0.01739628918460191,
          0.015506536961896335,
          0.0077274604357564745,
          0,
          0.014451746797584255,
          0
        ],
        "currentBinShare": 0.11480039531133579
      },
      "ttm": {
        "squeeze": false,
        "release": false,
        "widthPct": 5.092772983549192
      }
    },
    "min15": {
      "sma20": 14.0568,
      "sma50": 13.920859999999998,
      "ema20": 14.041582013263223,
      "ema50": 13.976012741061913,
      "vwma20": 14.087544443729023,
      "hma21": 14.011320346320343,
      "atr14": 0.2969999999999998,
      "atrPercentile": 0.7560975609756098,
      "rvolZ": 1.8625872245673252,
      "rvolPercentile": 0.96875,
      "mfi14": 32.3640615627521,
      "ppo": {
        "ppo": 0.1722155509821155,
        "signal": 0.3133411521515618,
        "histogram": -0.14112560116944628
      },
      "stochRsi": {
        "k": 15.020912217787489,
        "d": 50.71382500498285
      },
      "vprofile": {
        "vpBins": [
          0,
          0.02170226555211201,
          0.02661122071106914,
          0.019651712190622457,
          0.03949828709364346,
          0.06622541195428677,
          0.12337578335687961,
          0.07710510673944512,
          0.11079856465385167,
          0.09452021631009105,
          0.06867413176712253,
          0.11336722786834649,
          0.005098617755258178,
          0.019918926842155786,
          0.16095339518868457,
          0.040003843371140206,
          0.012495288645290753,
          0,
          0,
          0
        ],
        "currentBinShare": 0.11079856465385167
      },
      "ttm": {
        "squeeze": false,
        "release": false,
        "widthPct": 6.261295653289145
      }
    },
    "hourly": {
      "sma20": 13.910750000000002,
      "sma50": 13.883239999999995,
      "ema20": 13.946103597764987,
      "ema50": 13.739049534709157,
      "vwma20": 14.02833833495654,
      "hma21": 13.984000000000005,
      "atr14": 0.5312142857142855,
      "atrPercentile": 0.422360248447205,
      "rvolZ": 0.3789085879453594,
      "rvolPercentile": 0.7648809523809523,
      "mfi14": 60.19364643588723,
      "ppo": {
        "ppo": 0.5259003774692741,
        "signal": 0.36930160224045205,
        "histogram": 0.15659877522882204
      },
      "stochRsi": {
        "k": 16.401675562524183,
        "d": 49.36947475097386
      },
      "vprofile": {
        "vpBins": [
          0,
          0.021385676976986626,
          0.03145345335475639,
          0.039091160331493145,
          0.04659247134921708,
          0.11092959530114392,
          0.09592144732608171,
          0.06281038492365594,
          0.04241333331813782,
          0.0866375063002754,
          0.10076161854775446,
          0.08896155112203945,
          0.10262108054269706,
          0.02763562929156378,
          0.01996723425968815,
          0.04457416051138687,
          0.05266618068838175,
          0.02557751585474028,
          0,
          0
        ],
        "currentBinShare": 0.10076161854775446
      },
      "ttm": {
        "squeeze": true,
        "release": false,
        "widthPct": 8.05949698595155
      }
    },
    "fourHour": {
      "sma20": 13.248949999999999,
      "sma50": 13.627860000000004,
      "ema20": 13.613673875205166,
      "ema50": 14.174774126986373,
      "vwma20": 13.517796649740452,
      "hma21": 14.776670995670992,
      "atr14": 1.092285714285714,
      "atrPercentile": 0.5,
      "rvolZ": -0.2903144576702619,
      "rvolPercentile": 0.5357142857142857,
      "mfi14": 76.0987941803385,
      "ppo": {
        "ppo": 1.0481975492628197,
        "signal": -0.26469044956775134,
        "histogram": 1.312887998830571
      },
      "stochRsi": {
        "k": 85.8609396212644,
        "d": 70.41770817422808
      },
      "vprofile": {
        "vpBins": [
          0.005321150895113689,
          0.06495247532452722,
          0.08976790141615301,
          0.0740110923352328,
          0.13333430919332837,
          0.020931620069401292,
          0.04040829131719831,
          0.08027071508247045,
          0.03784748507776493,
          0,
          0.04198301941538701,
          0.1543056444563994,
          0.08120680561163185,
          0.048758931986570025,
          0.04161595070755457,
          0.03513129460387367,
          0,
          0,
          0.050153312507393515,
          0
        ],
        "currentBinShare": 0.13333430919332837
      },
      "ttm": {
        "squeeze": false,
        "release": false,
        "widthPct": 27.704654800399176
      }
    },
    "daily": {
      "sma20": 15.316450000000003,
      "sma50": 12.729319999999998,
      "ema20": 14.285511557684284,
      "ema50": 12.885637038806097,
      "vwma20": 0,
      "hma21": 13.834727272727267,
      "atr14": 3.6307857142857136,
      "atrPercentile": 0.8947368421052632,
      "rvolZ": 0,
      "rvolPercentile": 1,
      "mfi14": 50,
      "ppo": {
        "ppo": 0.6593901743495751,
        "signal": 4.8571594459802165,
        "histogram": -4.197769271630642
      },
      "stochRsi": {
        "k": 5.545699580164335,
        "d": 40.65171194518101
      },
      "vprofile": {
        "vpBins": [
          0,
          0,
          0,
          0,
          0,
          0,
          0,
          0,
          0,
          0,
          0,
          0,
          0,
          0,
          0,
          0,
          0,
          0,
          0,
          0
        ],
        "currentBinShare": 0
      },
      "ttm": {
        "squeeze": false,
        "release": false,
        "widthPct": 78.82861433044876
      }
    }
  },
  "smaMin5": 14.018849999999997,
  "emaMin5": 14.067786063541407,
  "vwmaMin5": 13.999417917467579,
  "hmaMin5": 14.256645021645022,
  "keltner15": {
    "upper": 14.437732013263222,
    "middle": 14.041582013263223,
    "lower": 13.645432013263225
  },
  "superTrend15": {
    "isBull": true,
    "finalUpper": 14.6638,
    "finalLower": 13.079200000000002
  },
  "mfi15": 32.3640615627521,
  "stochRsi15": {
    "k": 15.020912217787489,
    "d": 50.71382500498285
  },
  "ppo15": {
    "ppo": 0.1722155509821155,
    "signal": 0.3133411521515618,
    "histogram": -0.14112560116944628
  },
  "vpMin15": {
    "vpBins": [
      0,
      0.02170226555211201,
      0.02661122071106914,
      0.019651712190622457,
      0.03949828709364346,
      0.06622541195428677,
      0.12337578335687961,
      0.07710510673944512,
      0.11079856465385167,
      0.09452021631009105,
      0.06867413176712253,
      0.11336722786834649,
      0.005098617755258178,
      0.019918926842155786,
      0.16095339518868457,
      0.040003843371140206,
      0.012495288645290753,
      0,
      0,
      0
    ],
    "currentBinShare": 0.11079856465385167
  },
  "ttm15": {
    "squeeze": false,
    "release": false,
    "widthPct": 6.261295653289145
  },
  "marketCorrelation": {
    "hourly": {
      "btcCorrelation": 0,
      "ethCorrelation": 0,
      "btcBeta": 1,
      "ethBeta": 1,
      "btcTrend": "UNKNOWN",
      "ethTrend": "UNKNOWN",
      "tokenVol": 0,
      "btcVol": 0,
      "ethVol": 0,
      "marketDependence": 0,
      "verdict": "INSUFFICIENT_DATA"
    },
    "min15": {
      "btcCorrelation": 0,
      "ethCorrelation": 0,
      "btcBeta": 1,
      "ethBeta": 1,
      "btcTrend": "UNKNOWN",
      "ethTrend": "UNKNOWN",
      "tokenVol": 0,
      "btcVol": 0,
      "ethVol": 0,
      "marketDependence": 0,
      "verdict": "INSUFFICIENT_DATA"
    },
    "daily": {
      "btcCorrelation": 0,
      "ethCorrelation": 0,
      "btcBeta": 1,
      "ethBeta": 1,
      "btcTrend": "UNKNOWN",
      "ethTrend": "UNKNOWN",
      "tokenVol": 0,
      "btcVol": 0,
      "ethVol": 0,
      "marketDependence": 0,
      "verdict": "INSUFFICIENT_DATA"
    }
  },
  "tradeTape": {
    "totalTrades": 0,
    "totalVolume": 0,
    "buysVolume": 0,
    "sellsVolume": 0,
    "buySellRatio": 0.5,
    "vwap": 0,
    "signedVolume": 0,
    "avgTradeSize": 0,
    "tradesPerSec": 0,
    "cumulativeDelta": 0,
    "tradesLast1m": 0,
    "tradesLast5m": 0,
    "tradesLast15m": 0,
    "tradesLast1h": 0,
    "buyVWAP": 0,
    "sellVWAP": 0,
    "aggressorVWAP": 0,
    "bucketDurationMs": 60000,
    "bucketCount": 15,
    "bucketSignedVolumes": [],
    "bucketVolumes": [],
    "bucketVWAPs": [],
    "latestBucketSignedZ": 0
  },
  "enhancedMetrics": {
    "relativeVolumeZScore": -1,
    "volumePercentile": 40,
    "atrPercentile": 78.1021897810219,
    "volatilityPercentile": 68.9873417721519,
    "relativeVolatilityRatio": 1.1952200249363085,
    "isHighVolume": false,
    "isHighVolatility": false,
    "isLowVolatility": false,
    "isExpandingVolatility": false,
    "isContractingVolatility": false
  },
  "orderBook": {
    "bidAskSpread": 0,
    "spreadPct": 0,
    "midPrice": 0,
    "bestBid": 0,
    "bestAsk": 0,
    "bidDepth": 0,
    "askDepth": 0,
    "orderBookImbalance": 0,
    "liquidityScore": 0,
    "depthAt1Pct": {
      "bidVolume": 0,
      "askVolume": 0,
      "imbalance": 0
    },
    "depthAt2Pct": {
      "bidVolume": 0,
      "askVolume": 0,
      "imbalance": 0
    },
    "depthAt5Pct": {
      "bidVolume": 0,
      "askVolume": 0,
      "imbalance": 0
    },
    "weightedMidPrice": 0,
    "volumeWeightedSpread": 0,
    "totalBidLevels": 0,
    "totalAskLevels": 0
  },
  "marketCap": {
    "marketCap": 0,
    "totalVolume24h": 0,
    "volumeToMarketCapRatio": 0,
    "marketCapRank": 0,
    "normalizedRank": 0,
    "isHighLiquidity": false,
    "isVeryHighLiquidity": false,
    "isLowLiquidity": true,
    "liquidityTier": "VERY_LOW"
  },
  "sweeps": {
    "sweepScore": 0,
    "sweepCount": 0,
    "sweepDirection": "NEUTRAL",
    "buySweeps": 0,
    "sellSweeps": 0,
    "avgSweepSize": 0,
    "avgSweepIntensity": 0,
    "bidLiftRatio": 0,
    "askLiftRatio": 0,
    "sweepFrequency": 0,
    "largestSweep": null,
    "recentSweepClusters": 0,
    "sweepDetails": []
  },
  "absorption": {
    "absorptionScore": 0,
    "absorptionLevel": null,
    "absorptionSide": "NONE",
    "icebergProbability": 0,
    "hiddenLiquidityEstimate": 0,
    "volumeAtPrice": {},
    "topAbsorptionLevels": [],
    "persistenceDuration": 0,
    "refillDetected": false
  },
  "orderArrival": {
    "avgInterArrivalTime": 0,
    "recentInterArrivalTime": 0,
    "accelerationRatio": 1,
    "hawkesIntensity": 0,
    "hawkesDirection": "NEUTRAL",
    "clusteringScore": 0,
    "burstCount": 0,
    "cascadeDetected": false,
    "timeToNextTrade": 0,
    "accelerationTrend": "STABLE"
  },
  "liquidityVacuum": {
    "vacuumScore": 0,
    "vacuumSide": "NONE",
    "bidVacuumSeverity": 0,
    "askVacuumSeverity": 0,
    "depthConcentration": 0,
    "priceImpact10k": 0,
    "priceImpact50k": 0,
    "priceImpact100k": 0,
    "largestGapBid": 0,
    "largestGapAsk": 0,
    "avgGapBid": 0,
    "avgGapAsk": 0,
    "bidCliffDistance": 0,
    "askCliffDistance": 0
  },
  "volatilityRegime": {
    "regime": "EXTREME",
    "regimeScore": 1,
    "currentATR": 3.710692,
    "avgATR": 2.968921,
    "atrPercentile": 89.5,
    "realizedVolatility": 190.98,
    "volPercentile": 100,
    "expanding": true,
    "contracting": false,
    "transitionProbability": 0.4,
    "daysInRegime": 11,
    "regimeStrength": 1.47
  },
  "temporalPatterns": {
    "currentHour": 22,
    "currentDay": 0,
    "currentDayName": "Sunday",
    "dayBias": "NEUTRAL",
    "hourlyProfile": [
      {
        "avgVolume": 30733.47,
        "avgATR": 0.757143,
        "avgReturn": 0.038
      },
      {
        "avgVolume": 27658.36,
        "avgATR": 0.663857,
        "avgReturn": 0.559
      },
      {
        "avgVolume": 24056.42,
        "avgATR": 0.600714,
        "avgReturn": -0.302
      },
      {
        "avgVolume": 30476.02,
        "avgATR": 0.818571,
        "avgReturn": 0.499
      },
      {
        "avgVolume": 48012.28,
        "avgATR": 0.977357,
        "avgReturn": -0.393
      },
      {
        "avgVolume": 37272.79,
        "avgATR": 0.907143,
        "avgReturn": -1.35
      },
      {
        "avgVolume": 33425.76,
        "avgATR": 0.695143,
        "avgReturn": 0.666
      },
      {
        "avgVolume": 20922.66,
        "avgATR": 0.703786,
        "avgReturn": 0.52
      },
      {
        "avgVolume": 16009.1,
        "avgATR": 0.704,
        "avgReturn": -0.097
      },
      {
        "avgVolume": 22410.33,
        "avgATR": 0.764357,
        "avgReturn": -0.325
      },
      {
        "avgVolume": 20306.79,
        "avgATR": 0.671857,
        "avgReturn": -0.21
      },
      {
        "avgVolume": 29591.05,
        "avgATR": 0.900286,
        "avgReturn": -0.631
      },
      {
        "avgVolume": 24121.75,
        "avgATR": 0.655929,
        "avgReturn": 0.235
      },
      {
        "avgVolume": 27747.8,
        "avgATR": 0.660786,
        "avgReturn": -0.049
      },
      {
        "avgVolume": 38985.85,
        "avgATR": 0.991929,
        "avgReturn": 0.447
      },
      {
        "avgVolume": 34276.93,
        "avgATR": 0.838643,
        "avgReturn": -0.43
      },
      {
        "avgVolume": 39051.78,
        "avgATR": 0.87,
        "avgReturn": 0.234
      },
      {
        "avgVolume": 33066.78,
        "avgATR": 0.860846,
        "avgReturn": 0.973
      },
      {
        "avgVolume": 34257.24,
        "avgATR": 0.657714,
        "avgReturn": 0.407
      },
      {
        "avgVolume": 20378.89,
        "avgATR": 0.545286,
        "avgReturn": -0.631
      },
      {
        "avgVolume": 26088.4,
        "avgATR": 0.739429,
        "avgReturn": -0.719
      },
      {
        "avgVolume": 23114.98,
        "avgATR": 0.519071,
        "avgReturn": -0.428
      },
      {
        "avgVolume": 22187.45,
        "avgATR": 0.662571,
        "avgReturn": 0.738
      },
      {
        "avgVolume": 23745.02,
        "avgATR": 0.619571,
        "avgReturn": -0.042
      }
    ],
    "dailyProfile": [
      {
        "avgVolume": 23583.97,
        "avgATR": 0.584809,
        "avgReturn": 0.143
      },
      {
        "avgVolume": 27619.9,
        "avgATR": 0.674437,
        "avgReturn": -0.11
      },
      {
        "avgVolume": 41740.87,
        "avgATR": 1.141271,
        "avgReturn": 0.117
      },
      {
        "avgVolume": 19446.08,
        "avgATR": 0.691667,
        "avgReturn": 0.006
      },
      {
        "avgVolume": 21658.53,
        "avgATR": 0.615542,
        "avgReturn": -0.184
      },
      {
        "avgVolume": 30314.73,
        "avgATR": 0.724604,
        "avgReturn": 0.391
      },
      {
        "avgVolume": 36075.25,
        "avgATR": 0.7495,
        "avgReturn": -0.465
      }
    ],
    "favorableHours": [
      4,
      14,
      16,
      5,
      18,
      15
    ],
    "favorableWindow": false,
    "currentVsAvgVolume": 0,
    "currentVsAvgVolatility": 0,
    "anomalyDetected": true,
    "timeUntilFavorable": 6,
    "temporalScore": 0
  },
  "unifiedMicrostructure": {
    "signalDirections": {
      "vpin": "NEUTRAL",
      "sweeps": "NEUTRAL",
      "absorption": "NEUTRAL",
      "arrival": "NEUTRAL",
      "vacuum": "NONE",
      "volRegime": "UNFAVORABLE",
      "temporal": "UNFAVORABLE"
    },
    "consensusDirection": "BEARISH",
    "consensusStrength": 100,
    "bullishSignals": 0,
    "bearishSignals": 2,
    "neutralSignals": 0,
    "totalAvailableSignals": 2,
    "dominantPattern": "NONE",
    "clusters": {
      "strongBuyCluster": false,
      "distributionPattern": false,
      "accumulationPattern": false,
      "momentumCascade": false
    },
    "adaptiveWeights": {
      "vpin": 0,
      "sweeps": 0,
      "absorption": 0,
      "arrival": 0,
      "vacuum": 0,
      "volRegime": 0.021,
      "temporal": 0.012
    },
    "convictionLevel": "HIGH",
    "convictionScore": 100,
    "riskAdjustment": "REDUCE",
    "timingQuality": "UNFAVORABLE",
    "signalQuality": "LOW"
  },
  "deltaAnalysis": {
    "currentDelta": 0,
    "cumulativeDelta": 0,
    "deltaPerVolume": 0,
    "deltaDirection": "NEUTRAL",
    "deltaDivergence": false,
    "institutionalRatio": 0,
    "aggressionScore": 0
  },
  "volumeProfile": {
    "pointOfControl": 0,
    "valueAreaHigh": 0,
    "valueAreaLow": 0,
    "currentPosition": "ABOVE_VALUE_AREA",
    "volumeNodes": [],
    "airPockets": []
  },
  "momentumCascade": {
    "cascadeDetected": false,
    "alignmentScore": -0.01695653889487976,
    "cascadeStrength": 0,
    "acceleratingTimeframes": [],
    "divergingTimeframes": [
      "1m",
      "5m",
      "15m",
      "1h"
    ]
  },
  "breakoutConfirmation": {
    "breakoutConfirmed": false,
    "volumeConfirmation": false,
    "retestStrength": 0,
    "falseBreakoutRisk": 0,
    "breakoutQuality": "NO_BREAKOUT"
  },
  "liquidityHeatmap": {
    "liquidityScore": 0,
    "magnetDirection": "NONE",
    "magnetStrength": 0,
    "priceTarget5pct": null,
    "message": "No order book data"
  },
  "smartMoneyDivergence": {
    "divergenceDetected": false,
    "divergenceDirection": "NONE",
    "smartMoneyScore": 0.5,
    "message": "Insufficient trade data"
  },
  "microstructure": {
    "raw": -0.034266377159752386,
    "pct": 49,
    "summary": {
      "latestBucketSignedZ": 0,
      "buySellRatio": 0.5,
      "tradesPerSec": 0,
      "vwap": 0,
      "aggressorVWAP": 0,
      "vpinToxicity": "UNKNOWN",
      "sweepDirection": "NEUTRAL",
      "absorptionSide": "NONE",
      "icebergDetected": false,
      "hawkesDirection": "NEUTRAL",
      "cascadeDetected": false,
      "vacuumSide": "NONE",
      "volatilityRegime": "EXTREME",
      "volExpanding": true,
      "favorableTimeWindow": false,
      "temporalAnomaly": true,
      "consensusDirection": "BEARISH",
      "consensusStrength": 100,
      "dominantPattern": "NONE",
      "convictionLevel": "HIGH",
      "riskAdjustment": "REDUCE",
      "timingQuality": "UNFAVORABLE",
      "deltaDirection": "NEUTRAL",
      "deltaDivergence": false,
      "institutionalRatio": 0,
      "volumeProfilePosition": "ABOVE_VALUE_AREA",
      "pointOfControl": 0,
      "momentumCascadeDetected": false,
      "cascadeStrength": 0,
      "breakoutQuality": "NO_BREAKOUT",
      "breakoutConfirmed": false,
      "magnetDirection": "NONE",
      "magnetStrength": 0,
      "priceTarget5pct": null,
      "nearestBidWall": 0,
      "nearestAskWall": 0,
      "divergenceDetected": false,
      "divergenceDirection": "NONE",
      "whaleAccumulation": false,
      "whaleDistribution": false,
      "retailPanic": false,
      "smartMoneyScore": 0.5
    }
  }
}

=== MICROSTRUCTURE ALERTS ===

🔬 VPIN: Insufficient data for VPIN analysis

🌊 SWEEP DETECTION: No significant sweeps detected

🧊 ABSORPTION & ICEBERG: No significant absorption or iceberg orders detected

⚡ ORDER ARRIVAL DYNAMICS: Insufficient trades for analysis

🌪️ LIQUIDITY VACUUM: No significant vacuum detected

📊 VOLATILITY REGIME DETECTION:
   Current Regime: EXTREME
   Regime Score: 1.00 (-1=low vol, +1=extreme vol)
   Days in Regime: 11
   ATR: $3.710692 (avg: $2.968921)
   ATR Percentile: 89.5%
   Realized Volatility: 190.98% (annualized)
   Vol Percentile: 100.0%

   🔴 EXTREME VOLATILITY:
   🚨 HIGH RISK ENVIRONMENT!
   ⚠️ Significantly reduce position size
   ⚠️ Wide stops or avoid trading
   💡 Only for experienced traders

   🚀 VOLATILITY EXPANDING:
   💥 Breakout likely imminent!
   📈 Market transitioning to higher vol regime
   ✅ Strong signal when combined with other indicators

   📍 MODERATE REGIME TRANSITION PROBABILITY: 40%
   Monitor for potential regime change

   ✅ STABLE REGIME: 11 days - predictable conditions

⏰ TEMPORAL PATTERN ANALYSIS:
   Current Time: Sunday 22:00 UTC
   Day Bias: NEUTRAL
   Current vs Avg Volume: 0x
   Current vs Avg Volatility: 0x

   ⏳ NON-FAVORABLE TIME WINDOW:
   This hour typically shows weaker activity
   Next favorable window in 6 hour(s)

   ⚠️ LOW ACTIVITY ANOMALY:
   Volume 0x below typical - Extremely quiet

   📉 LOW VOLATILITY ANOMALY:
   Volatility 0x below typical - Consolidation likely

   🔥 Best Trading Hours (UTC): 4:00, 14:00, 16:00

🎯 UNIFIED MICROSTRUCTURE INTEGRATION:
   Signal Consensus: BEARISH (100% agreement)
   Available Signals: 2 (0 bullish / 2 bearish / 0 neutral)
   Conviction Level: HIGH (100%)
   Signal Quality: LOW
   Risk Adjustment: REDUCE
   Timing Quality: UNFAVORABLE

   ✅ HIGH CONVICTION: 100% of signals agree on direction
   Strong institutional alignment - Follow the smart money

   ⚠️ RISK REDUCTION RECOMMENDED: Extreme volatility or unfavorable timing detected

   ⏰ UNFAVORABLE TIMING: Avoid trading during this hour

   Signal Directions Breakdown:
   • VPIN: NEUTRAL
   • Sweeps: NEUTRAL
   • Absorption: NEUTRAL
   • Arrival Dynamics: NEUTRAL
   • Liquidity Vacuum: NONE
   • Vol Regime: UNFAVORABLE
   • Temporal: UNFAVORABLE

   Adaptive Weights (Total: 3.3%):
   • VPIN: 0.0%
   • Sweeps: 0.0%
   • Absorption: 0.0%
   • Arrival: 0.0%
   • Vacuum: 0.0%
   • Vol Regime: 2.1%
   • Temporal: 1.2%


💹 DELTA ANALYSIS (Order Flow Aggression):
   Direction: NEUTRAL
   Delta Per Volume: 0.00%
   Institutional Ratio: 0.0%
   Aggression Score: 0.0%

📊 VOLUME PROFILE (Support/Resistance Strength):
   Point of Control (POC): $0.000000
   Value Area High: $0.000000
   Value Area Low: $0.000000
   Current Position: ABOVE_VALUE_AREA
   ⚠️ DISTRIBUTION RISK: Price above value area - potential rejection zone

⚡ MOMENTUM CASCADE (Multi-Timeframe Alignment):
   Cascade Detected: NO
   Alignment Score: -1.7%
   Cascade Strength: 0.0%
   Accelerating: None
   Diverging: 1m, 5m, 15m, 1h

💥 BREAKOUT CONFIRMATION:
   Quality: NO_BREAKOUT
   Volume Confirmation: NO
   Retest Strength: 0.0%
   False Breakout Risk: 0.0%
   No breakout detected - price below resistance


levels:
Entry=13.93281, StopLoss=14.3507943, TakeProfit=13.88034528, 13.8016482, 13.76229966

---

=== Token: FIS (FIS) ===
Contract: FIS-USD
Timestamp: 2025-11-16T16:00:00.000Z

Calculations:
{
  "momentumScore": 77.49927237561664,
  "volumeScore": 19.06148743879122,
  "patternScore": 24.924664610339008,
  "totalScore": 31.7808810955642,
  "finalScore": 31.7808810955642,
  "weights": "0.23,0.45,0.23",
  "hourlyUptrend": false,
  "rsi": 32.00000000000014,
  "ultraShortVolumeSurge": 1.895359835961303,
  "baseVolumeSurge": 0.026652111850138317,
  "currentPrice": 0.0601,
  "resistance": 0.0618,
  "support": 0.0596,
  "rocMin5": -0.006611570247933844,
  "shortROC": 0.0016666666666667145,
  "priceAcceleration": -0.0016480256270904822,
  "buySellRatio": 0.2413699473559792,
  "macdHistogram": 0.000009323332273032973,
  "stochasticK": 17.391304347826008,
  "atr": 0.00029285714285714234,
  "bbUpper": 0.06322428068015862,
  "bbLower": 0.059575719319841375,
  "hammerDetected": false,
  "engulfingDetected": false,
  "compressionSpring": {
    "detected": false,
    "confidence": 0,
    "signals": {
      "sidewaysPrice": true,
      "atrCompression": true,
      "bbSqueeze": false,
      "consolidationTime": true,
      "strongBuying": false,
      "obvPositive": false,
      "chaikinPositive": false,
      "rsiNeutral": false,
      "volumeBuilding": false
    },
    "metrics": {
      "priceRange": 3.69,
      "atrRatio": 0.306,
      "bbWidth": 5.94,
      "volumeRatio": 0.293,
      "signalCount": 3,
      "buySellRatio": 0.241
    }
  },
  "riskTier": "LOW",
  "atrPercent": 1.022106013786545,
  "distanceToResistance": 2.8286189683860234,
  "slPercent": 2.5,
  "tpPercent": 2.40432612312812,
  "trailingActivation": 1.442595673876872,
  "shortMomentumScore": 0,
  "overboughtScore": 0,
  "shortPatternScore": 0,
  "shootingStarDetected": false,
  "bearishEngulfingDetected": false,
  "eveningStarDetected": false,
  "bearishPatternsCount": 0,
  "shortTotalScore": 0,
  "chaikin": -0.019306124018703207,
  "obvIncreasing": true,
  "obvTrend": "increasing",
  "adx": 51.3513513513515,
  "recentCandles": {
    "redCount": 4,
    "greenCount": 6
  },
  "resistanceDistance": 2.8286189683860234,
  "multiplePatterns": false,
  "bullishPattern": false,
  "priceAboveVWAP": false,
  "breakingResistance": false,
  "atrSufficient": true,
  "macdDivergenceBearish": false,
  "rvolMin1": -0.2452465883860615,
  "rvolMin5": -0.47882813889135634,
  "atrPercentileOld": 0.012195121951219513,
  "vwapDeviation": -6.269421514506456,
  "bbWidthPercent": 5.942282345793556,
  "bbSqueeze": false,
  "multiTFMomentum": {
    "min1": {
      "roc1": -0.001666666666666599,
      "roc3": 0.0016722408026756332
    },
    "min5": {
      "roc1": 0.0016666666666667145,
      "roc3": 0
    },
    "min15": {
      "roc1": 0,
      "roc3": -0.01315789473684214
    },
    "hourly": {
      "roc1": -0.019999999999999997,
      "roc3": -0.02970297029702975
    },
    "fourHour": {
      "roc1": -0.04854368932038839,
      "roc3": -0.11043872919818468
    },
    "divergenceShortUpLongDown": true
  },
  "returnZMin5": 0.46627614342157475,
  "wickClosePct": 1,
  "wickUpper": 0,
  "wickLower": 0.0001999999999999988,
  "wickRatio": 1,
  "donchianBreakout15": false,
  "bbWidthPercentile15": 0.3116883116883117,
  "signedMin5": 1424401.3000000003,
  "signedMin5Z": 18.110581286531648,
  "signedMin1": 677727.4,
  "signedMin1Z": 25.713552165517612,
  "streakMin1": {
    "upStreak": 0,
    "downStreak": 0
  },
  "streakMin5": {
    "upStreak": 2,
    "downStreak": 0
  },
  "rvolPercentileMin1": 0.4305555555555556,
  "rvolPercentileMin5": 0.2361111111111111,
  "perTfMetrics": {
    "min1": {
      "sma20": 0.06044500000000001,
      "sma50": 0.060799999999999986,
      "ema20": 0.06032884591680053,
      "ema50": 0.06067107530189981,
      "vwma20": 0.06050180648430678,
      "hma21": 0.05980606060606057,
      "atr14": 0.00016428571428571452,
      "atrPercentile": 0.24773413897280966,
      "rvolZ": -0.2452465883860615,
      "rvolPercentile": 0.4305555555555556,
      "mfi14": 35.644002477505595,
      "ppo": {
        "ppo": -0.46774156234573055,
        "signal": -0.35670746682303506,
        "histogram": -0.1110340955226955
      },
      "stochRsi": {
        "k": 33.10104529616688,
        "d": 24.60317460317474
      },
      "vprofile": {
        "vpBins": [
          0.0019425604195300475,
          0.015038528612991747,
          0.017009965480258772,
          0.26467660245705665,
          0.12969595836585632,
          0.12681219582905043,
          0.1113520932633096,
          0.027009387581567186,
          0.01890867510975546,
          0.07191677460209568,
          0.05346601857713208,
          0.003847703470161479,
          0.04714584783857201,
          0.030744136445023853,
          0.016336341919029627,
          0.005187592829367962,
          0.012808608716109875,
          0.002860173325978528,
          0.008901747350456513,
          0.034339087806696256
        ],
        "currentBinShare": 0.0019425604195300475
      },
      "ttm": {
        "squeeze": false,
        "release": false,
        "widthPct": 2.756246513739408
      }
    },
    "min5": {
      "sma20": 0.0608,
      "sma50": 0.06133,
      "ema20": 0.06067021546497408,
      "ema50": 0.06153873204931686,
      "vwma20": 0.06108386600576664,
      "hma21": 0.060226839826839816,
      "atr14": 0.00029285714285714234,
      "atrPercentile": 0.11678832116788321,
      "rvolZ": -0.47882813889135634,
      "rvolPercentile": 0.2361111111111111,
      "mfi14": 41.72235128631472,
      "ppo": {
        "ppo": -0.6352322659234798,
        "signal": -0.5498347306596516,
        "histogram": -0.0853975352638282
      },
      "stochRsi": {
        "k": 35.15294117647067,
        "d": 26.410256410256533
      },
      "vprofile": {
        "vpBins": [
          0.003936144368930393,
          0.010596109834645897,
          0.04410680790332255,
          0.05477203304694855,
          0.07267454942361677,
          0.02850666085391177,
          0.0717143613480848,
          0.03955554018157597,
          0.03129872812766522,
          0.012769751053938452,
          0.07105048934643089,
          0.14294615163217006,
          0.1516557814642109,
          0.12390771834421313,
          0.046884090275853614,
          0.05054374443779656,
          0.043081338356684595,
          0,
          0,
          0
        ],
        "currentBinShare": 0.010596109834645897
      },
      "ttm": {
        "squeeze": false,
        "release": false,
        "widthPct": 3.209555504644862
      }
    },
    "min15": {
      "sma20": 0.061399999999999996,
      "sma50": 0.06400800000000002,
      "ema20": 0.061573391444048,
      "ema50": 0.06275002640291276,
      "vwma20": 0.061526126224986405,
      "hma21": 0.06003982683982685,
      "atr14": 0.0006142857142857136,
      "atrPercentile": 0.012195121951219513,
      "rvolZ": -0.6555123063173994,
      "rvolPercentile": 0.15625,
      "mfi14": 43.65157295991385,
      "ppo": {
        "ppo": -1.743077276298655,
        "signal": -1.6803031837316722,
        "histogram": -0.06277409256698285
      },
      "stochRsi": {
        "k": 87.94063079777365,
        "d": 29.267262460539772
      },
      "vprofile": {
        "vpBins": [
          0.003853981498657202,
          0.000029555539895511626,
          0.05206677196306557,
          0,
          0.0042410418603603586,
          0.032613463841189995,
          0.026490715443726245,
          0.10358809367945528,
          0.08543220710964142,
          0.05305893948643975,
          0.022849701604821575,
          0.09048257319125799,
          0.06625267843489283,
          0.16858358148964803,
          0.08608520987406691,
          0.08108625572304622,
          0.1232852292598351,
          0,
          0,
          0
        ],
        "currentBinShare": 0.026490715443726245
      },
      "ttm": {
        "squeeze": false,
        "release": false,
        "widthPct": 5.942282345793556
      }
    },
    "hourly": {
      "sma20": 0.063575,
      "sma50": 0.060073999999999995,
      "ema20": 0.06211772998945209,
      "ema50": 0.061145184749295846,
      "vwma20": 0.06459341605294144,
      "hma21": 0.06247835497835495,
      "atr14": 0.0022785714285714297,
      "atrPercentile": 0.906832298136646,
      "rvolZ": 0.563091495839593,
      "rvolPercentile": 0.875,
      "mfi14": 31.80421185630344,
      "ppo": {
        "ppo": 0.063749219401178,
        "signal": 1.5163580532600434,
        "histogram": -1.4526088338588654
      },
      "stochRsi": {
        "k": 0,
        "d": 32.866587494496834
      },
      "vprofile": {
        "vpBins": [
          0.001963058825567858,
          0.025590283895461825,
          0.04665524659803041,
          0.051254433316681496,
          0.03447468792382014,
          0.11499712697607282,
          0.08830644696193335,
          0.06275800991414877,
          0.023195657613719917,
          0.0666862839702088,
          0.1427999830610458,
          0.1260099247009844,
          0.03608016129631807,
          0.10341622830889602,
          0.0013444098630548769,
          0.0005650725312620161,
          0.046258606605557494,
          0,
          0,
          0.027644377637236
        ],
        "currentBinShare": 0.051254433316681496
      },
      "ttm": {
        "squeeze": false,
        "release": false,
        "widthPct": 16.467017447292438
      }
    },
    "fourHour": {
      "sma20": 0.059515,
      "sma50": 0.062998,
      "ema20": 0.060681355303762154,
      "ema50": 0.06151424470009574,
      "vwma20": 0.06180492996728819,
      "hma21": 0.06055974025974027,
      "atr14": 0.004135714285714289,
      "atrPercentile": 1,
      "rvolZ": 1.4786358160181265,
      "rvolPercentile": 0.9404761904761905,
      "mfi14": 73.63212958807401,
      "ppo": {
        "ppo": -0.1107836930853989,
        "signal": -1.0419961337471189,
        "histogram": 0.9312124406617199
      },
      "stochRsi": {
        "k": 50.523989225098695,
        "d": 59.0649348047393
      },
      "vprofile": {
        "vpBins": [
          0,
          0.00907074878554126,
          0.08760120122077929,
          0.060760246259817796,
          0.09760891636811896,
          0.07042488454060562,
          0.1048995006207701,
          0.023800575089897805,
          0.06595522634843488,
          0.0031398051664019953,
          0.14376750486685683,
          0.09143047442134725,
          0.12393362690268765,
          0.019279595674401434,
          0.07243546585963324,
          0,
          0,
          0,
          0.025892227874706016,
          0
        ],
        "currentBinShare": 0.07042488454060562
      },
      "ttm": {
        "squeeze": false,
        "release": false,
        "widthPct": 18.58604170644118
      }
    },
    "daily": {
      "sma20": 0.06306,
      "sma50": 0.071312,
      "ema20": 0.06344714430728289,
      "ema50": 0.072587907051185,
      "vwma20": 0,
      "hma21": 0.06164545454545456,
      "atr14": 0.007735714285714288,
      "atrPercentile": 0.5657894736842105,
      "rvolZ": 0,
      "rvolPercentile": 1,
      "mfi14": 50,
      "ppo": {
        "ppo": -5.658718102231039,
        "signal": -5.623218753594085,
        "histogram": -0.0354993486369537
      },
      "stochRsi": {
        "k": 68.73235113268449,
        "d": 42.34838430490604
      },
      "vprofile": {
        "vpBins": [
          0,
          0,
          0,
          0,
          0,
          0,
          0,
          0,
          0,
          0,
          0,
          0,
          0,
          0,
          0,
          0,
          0,
          0,
          0,
          0
        ],
        "currentBinShare": 0
      },
      "ttm": {
        "squeeze": false,
        "release": false,
        "widthPct": 30.166002535730822
      }
    }
  },
  "smaMin5": 0.0608,
  "emaMin5": 0.06067021546497408,
  "vwmaMin5": 0.06108386600576664,
  "hmaMin5": 0.060226839826839816,
  "keltner15": {
    "upper": 0.062458391444047995,
    "middle": 0.061573391444048,
    "lower": 0.060688391444048
  },
  "superTrend15": {
    "isBull": true,
    "finalUpper": 0.06177,
    "finalLower": 0.05823
  },
  "mfi15": 43.65157295991385,
  "stochRsi15": {
    "k": 87.94063079777365,
    "d": 29.267262460539772
  },
  "ppo15": {
    "ppo": -1.743077276298655,
    "signal": -1.6803031837316722,
    "histogram": -0.06277409256698285
  },
  "vpMin15": {
    "vpBins": [
      0.003853981498657202,
      0.000029555539895511626,
      0.05206677196306557,
      0,
      0.0042410418603603586,
      0.032613463841189995,
      0.026490715443726245,
      0.10358809367945528,
      0.08543220710964142,
      0.05305893948643975,
      0.022849701604821575,
      0.09048257319125799,
      0.06625267843489283,
      0.16858358148964803,
      0.08608520987406691,
      0.08108625572304622,
      0.1232852292598351,
      0,
      0,
      0
    ],
    "currentBinShare": 0.026490715443726245
  },
  "ttm15": {
    "squeeze": false,
    "release": false,
    "widthPct": 5.942282345793556
  },
  "marketCorrelation": {
    "hourly": {
      "btcCorrelation": 0,
      "ethCorrelation": 0,
      "btcBeta": 1,
      "ethBeta": 1,
      "btcTrend": "UNKNOWN",
      "ethTrend": "UNKNOWN",
      "tokenVol": 0,
      "btcVol": 0,
      "ethVol": 0,
      "marketDependence": 0,
      "verdict": "INSUFFICIENT_DATA"
    },
    "min15": {
      "btcCorrelation": 0,
      "ethCorrelation": 0,
      "btcBeta": 1,
      "ethBeta": 1,
      "btcTrend": "UNKNOWN",
      "ethTrend": "UNKNOWN",
      "tokenVol": 0,
      "btcVol": 0,
      "ethVol": 0,
      "marketDependence": 0,
      "verdict": "INSUFFICIENT_DATA"
    },
    "daily": {
      "btcCorrelation": 0,
      "ethCorrelation": 0,
      "btcBeta": 1,
      "ethBeta": 1,
      "btcTrend": "UNKNOWN",
      "ethTrend": "UNKNOWN",
      "tokenVol": 0,
      "btcVol": 0,
      "ethVol": 0,
      "marketDependence": 0,
      "verdict": "INSUFFICIENT_DATA"
    }
  },
  "tradeTape": {
    "totalTrades": 0,
    "totalVolume": 0,
    "buysVolume": 0,
    "sellsVolume": 0,
    "buySellRatio": 0.5,
    "vwap": 0,
    "signedVolume": 0,
    "avgTradeSize": 0,
    "tradesPerSec": 0,
    "cumulativeDelta": 0,
    "tradesLast1m": 0,
    "tradesLast5m": 0,
    "tradesLast15m": 0,
    "tradesLast1h": 0,
    "buyVWAP": 0,
    "sellVWAP": 0,
    "aggressorVWAP": 0,
    "bucketDurationMs": 60000,
    "bucketCount": 15,
    "bucketSignedVolumes": [],
    "bucketVolumes": [],
    "bucketVWAPs": [],
    "latestBucketSignedZ": 0
  },
  "enhancedMetrics": {
    "relativeVolumeZScore": -1,
    "volumePercentile": 40,
    "atrPercentile": 12.408759124087592,
    "volatilityPercentile": 95.56962025316456,
    "relativeVolatilityRatio": 1.0564555225706262,
    "isHighVolume": false,
    "isHighVolatility": true,
    "isLowVolatility": false,
    "isExpandingVolatility": false,
    "isContractingVolatility": false
  },
  "orderBook": {
    "bidAskSpread": 0,
    "spreadPct": 0,
    "midPrice": 0,
    "bestBid": 0,
    "bestAsk": 0,
    "bidDepth": 0,
    "askDepth": 0,
    "orderBookImbalance": 0,
    "liquidityScore": 0,
    "depthAt1Pct": {
      "bidVolume": 0,
      "askVolume": 0,
      "imbalance": 0
    },
    "depthAt2Pct": {
      "bidVolume": 0,
      "askVolume": 0,
      "imbalance": 0
    },
    "depthAt5Pct": {
      "bidVolume": 0,
      "askVolume": 0,
      "imbalance": 0
    },
    "weightedMidPrice": 0,
    "volumeWeightedSpread": 0,
    "totalBidLevels": 0,
    "totalAskLevels": 0
  },
  "marketCap": {
    "marketCap": 0,
    "totalVolume24h": 0,
    "volumeToMarketCapRatio": 0,
    "marketCapRank": 0,
    "normalizedRank": 0,
    "isHighLiquidity": false,
    "isVeryHighLiquidity": false,
    "isLowLiquidity": true,
    "liquidityTier": "VERY_LOW"
  },
  "sweeps": {
    "sweepScore": 0,
    "sweepCount": 0,
    "sweepDirection": "NEUTRAL",
    "buySweeps": 0,
    "sellSweeps": 0,
    "avgSweepSize": 0,
    "avgSweepIntensity": 0,
    "bidLiftRatio": 0,
    "askLiftRatio": 0,
    "sweepFrequency": 0,
    "largestSweep": null,
    "recentSweepClusters": 0,
    "sweepDetails": []
  },
  "absorption": {
    "absorptionScore": 0,
    "absorptionLevel": null,
    "absorptionSide": "NONE",
    "icebergProbability": 0,
    "hiddenLiquidityEstimate": 0,
    "volumeAtPrice": {},
    "topAbsorptionLevels": [],
    "persistenceDuration": 0,
    "refillDetected": false
  },
  "orderArrival": {
    "avgInterArrivalTime": 0,
    "recentInterArrivalTime": 0,
    "accelerationRatio": 1,
    "hawkesIntensity": 0,
    "hawkesDirection": "NEUTRAL",
    "clusteringScore": 0,
    "burstCount": 0,
    "cascadeDetected": false,
    "timeToNextTrade": 0,
    "accelerationTrend": "STABLE"
  },
  "liquidityVacuum": {
    "vacuumScore": 0,
    "vacuumSide": "NONE",
    "bidVacuumSeverity": 0,
    "askVacuumSeverity": 0,
    "depthConcentration": 0,
    "priceImpact10k": 0,
    "priceImpact50k": 0,
    "priceImpact100k": 0,
    "largestGapBid": 0,
    "largestGapAsk": 0,
    "avgGapBid": 0,
    "avgGapAsk": 0,
    "bidCliffDistance": 0,
    "askCliffDistance": 0
  },
  "volatilityRegime": {
    "regime": "ELEVATED",
    "regimeScore": 0.5,
    "currentATR": 0.007262,
    "avgATR": 0.007288,
    "atrPercentile": 52.6,
    "realizedVolatility": 90.9,
    "volPercentile": 94.9,
    "expanding": false,
    "contracting": false,
    "transitionProbability": 0,
    "daysInRegime": 1,
    "regimeStrength": 0.62
  },
  "temporalPatterns": {
    "currentHour": 22,
    "currentDay": 0,
    "currentDayName": "Sunday",
    "dayBias": "NEUTRAL",
    "hourlyProfile": [
      {
        "avgVolume": 91471.04,
        "avgATR": 0.0011,
        "avgReturn": -0.123
      },
      {
        "avgVolume": 140746.83,
        "avgATR": 0.001086,
        "avgReturn": 0.402
      },
      {
        "avgVolume": 111899.56,
        "avgATR": 0.001123,
        "avgReturn": 0.089
      },
      {
        "avgVolume": 195222.05,
        "avgATR": 0.00135,
        "avgReturn": -0.202
      },
      {
        "avgVolume": 141661.25,
        "avgATR": 0.00116,
        "avgReturn": -0.253
      },
      {
        "avgVolume": 96814.71,
        "avgATR": 0.001008,
        "avgReturn": -0.439
      },
      {
        "avgVolume": 127199.75,
        "avgATR": 0.000808,
        "avgReturn": 0.133
      },
      {
        "avgVolume": 134751.44,
        "avgATR": 0.000879,
        "avgReturn": 0.309
      },
      {
        "avgVolume": 100710.1,
        "avgATR": 0.000893,
        "avgReturn": -0.335
      },
      {
        "avgVolume": 102373.98,
        "avgATR": 0.000969,
        "avgReturn": -0.18
      },
      {
        "avgVolume": 93358.89,
        "avgATR": 0.000873,
        "avgReturn": -0.147
      },
      {
        "avgVolume": 80886.29,
        "avgATR": 0.000914,
        "avgReturn": -0.414
      },
      {
        "avgVolume": 113752.08,
        "avgATR": 0.000892,
        "avgReturn": -0.275
      },
      {
        "avgVolume": 150301.84,
        "avgATR": 0.001162,
        "avgReturn": 0.326
      },
      {
        "avgVolume": 165979.52,
        "avgATR": 0.00126,
        "avgReturn": 0.005
      },
      {
        "avgVolume": 167359.19,
        "avgATR": 0.001593,
        "avgReturn": -0.442
      },
      {
        "avgVolume": 281471.26,
        "avgATR": 0.001512,
        "avgReturn": -0.06
      },
      {
        "avgVolume": 236131.41,
        "avgATR": 0.001986,
        "avgReturn": 0.729
      },
      {
        "avgVolume": 243003.1,
        "avgATR": 0.00135,
        "avgReturn": -0.305
      },
      {
        "avgVolume": 179647.22,
        "avgATR": 0.000917,
        "avgReturn": -0.533
      },
      {
        "avgVolume": 115188.51,
        "avgATR": 0.001086,
        "avgReturn": -0.014
      },
      {
        "avgVolume": 159421.63,
        "avgATR": 0.001033,
        "avgReturn": 0.164
      },
      {
        "avgVolume": 303305.94,
        "avgATR": 0.001767,
        "avgReturn": 1.855
      },
      {
        "avgVolume": 167293.81,
        "avgATR": 0.00134,
        "avgReturn": -1.104
      }
    ],
    "dailyProfile": [
      {
        "avgVolume": 227715.53,
        "avgATR": 0.001182,
        "avgReturn": -0.13
      },
      {
        "avgVolume": 105948.85,
        "avgATR": 0.000939,
        "avgReturn": -0.281
      },
      {
        "avgVolume": 138763.99,
        "avgATR": 0.001321,
        "avgReturn": -0.108
      },
      {
        "avgVolume": 88941.05,
        "avgATR": 0.00098,
        "avgReturn": 0.012
      },
      {
        "avgVolume": 71149.16,
        "avgATR": 0.000864,
        "avgReturn": -0.051
      },
      {
        "avgVolume": 190721.81,
        "avgATR": 0.001485,
        "avgReturn": 0.316
      },
      {
        "avgVolume": 238614.73,
        "avgATR": 0.001422,
        "avgReturn": 0.033
      }
    ],
    "favorableHours": [
      22,
      16,
      18,
      17,
      3,
      19
    ],
    "favorableWindow": true,
    "currentVsAvgVolume": 0,
    "currentVsAvgVolatility": 0,
    "anomalyDetected": true,
    "timeUntilFavorable": null,
    "temporalScore": 0.5
  },
  "unifiedMicrostructure": {
    "signalDirections": {
      "vpin": "NEUTRAL",
      "sweeps": "NEUTRAL",
      "absorption": "NEUTRAL",
      "arrival": "NEUTRAL",
      "vacuum": "NONE",
      "volRegime": "NEUTRAL",
      "temporal": "FAVORABLE"
    },
    "consensusDirection": "BULLISH",
    "consensusStrength": 50,
    "bullishSignals": 1,
    "bearishSignals": 0,
    "neutralSignals": 1,
    "totalAvailableSignals": 2,
    "dominantPattern": "NONE",
    "clusters": {
      "strongBuyCluster": false,
      "distributionPattern": false,
      "accumulationPattern": false,
      "momentumCascade": false
    },
    "adaptiveWeights": {
      "vpin": 0,
      "sweeps": 0,
      "absorption": 0,
      "arrival": 0,
      "vacuum": 0,
      "volRegime": 0.03,
      "temporal": 0.02
    },
    "convictionLevel": "LOW",
    "convictionScore": 30,
    "riskAdjustment": "NORMAL",
    "timingQuality": "FAVORABLE",
    "signalQuality": "LOW"
  },
  "deltaAnalysis": {
    "currentDelta": 0,
    "cumulativeDelta": 0,
    "deltaPerVolume": 0,
    "deltaDirection": "NEUTRAL",
    "deltaDivergence": false,
    "institutionalRatio": 0,
    "aggressionScore": 0
  },
  "volumeProfile": {
    "pointOfControl": 0,
    "valueAreaHigh": 0,
    "valueAreaLow": 0,
    "currentPosition": "ABOVE_VALUE_AREA",
    "volumeNodes": [],
    "airPockets": []
  },
  "momentumCascade": {
    "cascadeDetected": false,
    "alignmentScore": -0.019831776718785693,
    "cascadeStrength": 0,
    "acceleratingTimeframes": [],
    "divergingTimeframes": [
      "1m",
      "5m",
      "15m",
      "1h"
    ]
  },
  "breakoutConfirmation": {
    "breakoutConfirmed": false,
    "volumeConfirmation": false,
    "retestStrength": 0,
    "falseBreakoutRisk": 0,
    "breakoutQuality": "NO_BREAKOUT"
  },
  "liquidityHeatmap": {
    "liquidityScore": 0,
    "magnetDirection": "NONE",
    "magnetStrength": 0,
    "priceTarget5pct": null,
    "message": "No order book data"
  },
  "smartMoneyDivergence": {
    "divergenceDetected": false,
    "divergenceDirection": "NONE",
    "smartMoneyScore": 0.5,
    "message": "Insufficient trade data"
  },
  "microstructure": {
    "raw": 0.015782592626813266,
    "pct": 50,
    "summary": {
      "latestBucketSignedZ": 0,
      "buySellRatio": 0.5,
      "tradesPerSec": 0,
      "vwap": 0,
      "aggressorVWAP": 0,
      "vpinToxicity": "UNKNOWN",
      "sweepDirection": "NEUTRAL",
      "absorptionSide": "NONE",
      "icebergDetected": false,
      "hawkesDirection": "NEUTRAL",
      "cascadeDetected": false,
      "vacuumSide": "NONE",
      "volatilityRegime": "ELEVATED",
      "volExpanding": false,
      "favorableTimeWindow": true,
      "temporalAnomaly": true,
      "consensusDirection": "BULLISH",
      "consensusStrength": 50,
      "dominantPattern": "NONE",
      "convictionLevel": "LOW",
      "riskAdjustment": "NORMAL",
      "timingQuality": "FAVORABLE",
      "deltaDirection": "NEUTRAL",
      "deltaDivergence": false,
      "institutionalRatio": 0,
      "volumeProfilePosition": "ABOVE_VALUE_AREA",
      "pointOfControl": 0,
      "momentumCascadeDetected": false,
      "cascadeStrength": 0,
      "breakoutQuality": "NO_BREAKOUT",
      "breakoutConfirmed": false,
      "magnetDirection": "NONE",
      "magnetStrength": 0,
      "priceTarget5pct": null,
      "nearestBidWall": 0,
      "nearestAskWall": 0,
      "divergenceDetected": false,
      "divergenceDirection": "NONE",
      "whaleAccumulation": false,
      "whaleDistribution": false,
      "retailPanic": false,
      "smartMoneyScore": 0.5
    }
  }
}

=== MICROSTRUCTURE ALERTS ===

🔬 VPIN: Insufficient data for VPIN analysis

🌊 SWEEP DETECTION: No significant sweeps detected

🧊 ABSORPTION & ICEBERG: No significant absorption or iceberg orders detected

⚡ ORDER ARRIVAL DYNAMICS: Insufficient trades for analysis

🌪️ LIQUIDITY VACUUM: No significant vacuum detected

📊 VOLATILITY REGIME DETECTION:
   Current Regime: ELEVATED
   Regime Score: 0.50 (-1=low vol, +1=extreme vol)
   Days in Regime: 1
   ATR: $0.007262 (avg: $0.007288)
   ATR Percentile: 52.6%
   Realized Volatility: 90.90% (annualized)
   Vol Percentile: 94.9%

   🟡 ELEVATED VOLATILITY:
   ⚠️ Increased risk - wider stops needed
   ⚠️ Reduce position size
   💡 Good for momentum strategies

   ⚠️ NEW REGIME: Only 1 day(s) - conditions still settling

⏰ TEMPORAL PATTERN ANALYSIS:
   Current Time: Sunday 22:00 UTC
   Day Bias: NEUTRAL
   Current vs Avg Volume: 0x
   Current vs Avg Volatility: 0x

   ✅ FAVORABLE TIME WINDOW:
   This hour historically shows strong volume and positive returns
   GOOD time to trade - patterns favor entry

   ⚠️ LOW ACTIVITY ANOMALY:
   Volume 0x below typical - Extremely quiet

   📉 LOW VOLATILITY ANOMALY:
   Volatility 0x below typical - Consolidation likely

   🔥 Best Trading Hours (UTC): 22:00, 16:00, 18:00

🎯 UNIFIED MICROSTRUCTURE INTEGRATION:
   Signal Consensus: BULLISH (50% agreement)
   Available Signals: 2 (1 bullish / 0 bearish / 1 neutral)
   Conviction Level: LOW (30%)
   Signal Quality: LOW
   Risk Adjustment: NORMAL
   Timing Quality: FAVORABLE

   ⚠️ LOW CONVICTION: Only 50% signal agreement
   Weak alignment - Reduce position size or wait for clarity

   📊 NORMAL RISK LEVEL: Standard position sizing applies

   ⏰ FAVORABLE TIMING: Good time window for trading

   Signal Directions Breakdown:
   • VPIN: NEUTRAL
   • Sweeps: NEUTRAL
   • Absorption: NEUTRAL
   • Arrival Dynamics: NEUTRAL
   • Liquidity Vacuum: NONE
   • Vol Regime: NEUTRAL
   • Temporal: FAVORABLE

   Adaptive Weights (Total: 5.0%):
   • VPIN: 0.0%
   • Sweeps: 0.0%
   • Absorption: 0.0%
   • Arrival: 0.0%
   • Vacuum: 0.0%
   • Vol Regime: 3.0%
   • Temporal: 2.0%


💹 DELTA ANALYSIS (Order Flow Aggression):
   Direction: NEUTRAL
   Delta Per Volume: 0.00%
   Institutional Ratio: 0.0%
   Aggression Score: 0.0%

📊 VOLUME PROFILE (Support/Resistance Strength):
   Point of Control (POC): $0.000000
   Value Area High: $0.000000
   Value Area Low: $0.000000
   Current Position: ABOVE_VALUE_AREA
   ⚠️ DISTRIBUTION RISK: Price above value area - potential rejection zone

⚡ MOMENTUM CASCADE (Multi-Timeframe Alignment):
   Cascade Detected: NO
   Alignment Score: -2.0%
   Cascade Strength: 0.0%
   Accelerating: None
   Diverging: 1m, 5m, 15m, 1h

💥 BREAKOUT CONFIRMATION:
   Quality: NO_BREAKOUT
   Volume Confirmation: NO
   Retest Strength: 0.0%
   False Breakout Risk: 0.0%
   No breakout detected - price below resistance


levels:
Entry=0.0599798, StopLoss=0.058480304999999996, TakeProfit=0.060700855000000005, 0.06142191, 0.061998753999999996

---

=== Token: SAPIEN (SAPIEN) ===
Contract: SAPIEN-USD
Timestamp: 2025-11-16T16:00:00.000Z

Calculations:
{
  "momentumScore": 61.18123483777154,
  "volumeScore": 10.59497712307197,
  "patternScore": 20,
  "totalScore": 22.67020330568455,
  "finalScore": 0,
  "weights": "0.23,0.45,0.23",
  "hourlyUptrend": false,
  "rsi": 37.85310734463276,
  "ultraShortVolumeSurge": 1.1608380709455086,
  "baseVolumeSurge": 0.013424693984461035,
  "currentPrice": 0.16218,
  "resistance": 0.1681,
  "support": 0.1614,
  "rocMin5": -0.01786471265063894,
  "shortROC": -0.008376643228370591,
  "priceAcceleration": -0.004489780672795214,
  "buySellRatio": 0.38691052666318637,
  "macdHistogram": 0.00003091353969912809,
  "stochasticK": 7.742782152231049,
  "atr": 0.0010450000000000023,
  "bbUpper": 0.16800933580917518,
  "bbLower": 0.16061566419082482,
  "hammerDetected": false,
  "engulfingDetected": false,
  "compressionSpring": {
    "detected": true,
    "confidence": 54,
    "signals": {
      "sidewaysPrice": true,
      "atrCompression": true,
      "bbSqueeze": true,
      "consolidationTime": true,
      "strongBuying": false,
      "obvPositive": false,
      "chaikinPositive": false,
      "rsiNeutral": false,
      "volumeBuilding": false
    },
    "metrics": {
      "priceRange": 4.42,
      "atrRatio": 0.432,
      "bbWidth": 4.5,
      "volumeRatio": 0.411,
      "signalCount": 4,
      "buySellRatio": 0.387
    }
  },
  "riskTier": "LOW",
  "atrPercent": 1.2556594965030017,
  "distanceToResistance": 3.6502651375015467,
  "slPercent": 2.5,
  "tpPercent": 3.1027253668763146,
  "trailingActivation": 1.8616352201257886,
  "shortMomentumScore": 35,
  "overboughtScore": 0,
  "shortPatternScore": 0,
  "shootingStarDetected": false,
  "bearishEngulfingDetected": false,
  "eveningStarDetected": false,
  "bearishPatternsCount": 0,
  "shortTotalScore": 14,
  "chaikin": 0.08576709387955635,
  "obvIncreasing": false,
  "obvTrend": "declining",
  "adx": 28.396836808051756,
  "recentCandles": {
    "redCount": 7,
    "greenCount": 3
  },
  "resistanceDistance": 3.6502651375015467,
  "multiplePatterns": false,
  "bullishPattern": false,
  "priceAboveVWAP": false,
  "breakingResistance": false,
  "atrSufficient": true,
  "macdDivergenceBearish": false,
  "rvolMin1": -0.3130950308906243,
  "rvolMin5": -0.32466842063502505,
  "atrPercentileOld": 0.43902439024390244,
  "vwapDeviation": -4.668202601171514,
  "bbWidthPercent": 4.499762110825629,
  "bbSqueeze": false,
  "multiTFMomentum": {
    "min1": {
      "roc1": -0.001648653599560313,
      "roc3": -0.0027447392497713077
    },
    "min5": {
      "roc1": -0.008376643228370591,
      "roc3": -0.011218144128764835
    },
    "min15": {
      "roc1": -0.012045246102109443,
      "roc3": -0.03042304230423037
    },
    "hourly": {
      "roc1": -0.027514521553041908,
      "roc3": -0.025906418422342058
    },
    "fourHour": {
      "roc1": -0.04589082183563282,
      "roc3": -0.04897153790959102
    },
    "divergenceShortUpLongDown": false
  },
  "returnZMin5": -1.1576535541168151,
  "wickClosePct": 0.19587628865978968,
  "wickUpper": 0.00026999999999999247,
  "wickLower": 0.00037999999999999146,
  "wickRatio": 0.294573643410843,
  "donchianBreakout15": false,
  "bbWidthPercentile15": 0.2727272727272727,
  "signedMin5": 363386.0000000005,
  "signedMin5Z": 4.129836511473581,
  "signedMin1": 75517.00000000007,
  "signedMin1Z": 8.616305683825987,
  "streakMin1": {
    "upStreak": 0,
    "downStreak": 1
  },
  "streakMin5": {
    "upStreak": 0,
    "downStreak": 1
  },
  "rvolPercentileMin1": 0.29791666666666666,
  "rvolPercentileMin5": 0.4861111111111111,
  "perTfMetrics": {
    "min1": {
      "sma20": 0.1645075,
      "sma50": 0.16531,
      "ema20": 0.16439598378653836,
      "ema50": 0.16487024007839213,
      "vwma20": 0.16377798932307455,
      "hma21": 0.1631402597402597,
      "atr14": 0.000433571428571432,
      "atrPercentile": 0.7683786505538771,
      "rvolZ": -0.3130950308906243,
      "rvolPercentile": 0.29791666666666666,
      "mfi14": 42.325391345658005,
      "ppo": {
        "ppo": -0.3475246352880757,
        "signal": -0.30159893322766124,
        "histogram": -0.045925702060414464
      },
      "stochRsi": {
        "k": 100,
        "d": 31.533838922374244
      },
      "vprofile": {
        "vpBins": [
          0,
          0,
          0,
          0.22706413679280457,
          0.031725197219479015,
          0.07163396033334812,
          0.060952302271651264,
          0.05332881157139852,
          0.1791593815241043,
          0.03584682144342206,
          0.015495462704921125,
          0.023119247407900462,
          0.04070070845837024,
          0.0265037577958498,
          0.033518417849807136,
          0.01807744365021241,
          0.06689625339585399,
          0.11597809758087696,
          0,
          0
        ],
        "currentBinShare": 0.060952302271651264
      },
      "ttm": {
        "squeeze": false,
        "release": false,
        "widthPct": 1.9697683326767992
      }
    },
    "min5": {
      "sma20": 0.164657,
      "sma50": 0.1641086,
      "ema20": 0.1644237509466589,
      "ema50": 0.16473279569546237,
      "vwma20": 0.1647880416713963,
      "hma21": 0.16531653679653688,
      "atr14": 0.0010450000000000023,
      "atrPercentile": 0.5802919708029197,
      "rvolZ": -0.32466842063502505,
      "rvolPercentile": 0.4861111111111111,
      "mfi14": 38.847618187900586,
      "ppo": {
        "ppo": -0.11419527867715198,
        "signal": 0.07862081090709469,
        "histogram": -0.19281608958424667
      },
      "stochRsi": {
        "k": 0,
        "d": 40.668254047149624
      },
      "vprofile": {
        "vpBins": [
          0.004300245308387687,
          0.018393015505206545,
          0.009383045829042225,
          0.0572637565797002,
          0.03816751773658313,
          0.028202570731777097,
          0.059640119006751355,
          0.044277502431628334,
          0.0533850054354045,
          0.05136417925391921,
          0.1334339151361712,
          0.12205928524430712,
          0.08942679725941183,
          0.025267425477743452,
          0.048784623884311706,
          0.0731224074550864,
          0.037708556828584504,
          0.0066193214326582,
          0.08507089269367205,
          0.014129816769653279
        ],
        "currentBinShare": 0.0572637565797002
      },
      "ttm": {
        "squeeze": false,
        "release": true,
        "widthPct": 2.788623472281931
      }
    },
    "min15": {
      "sma20": 0.1643125,
      "sma50": 0.16652319999999998,
      "ema20": 0.16478485944976579,
      "ema50": 0.1663182952109908,
      "vwma20": 0.164320135634435,
      "hma21": 0.16387463203463204,
      "atr14": 0.002036428571428568,
      "atrPercentile": 0.43902439024390244,
      "rvolZ": -0.44932422049008053,
      "rvolPercentile": 0.4270833333333333,
      "mfi14": 28.48171196034926,
      "ppo": {
        "ppo": -0.5310080251351235,
        "signal": -0.509610045144572,
        "histogram": -0.021397979990551486
      },
      "stochRsi": {
        "k": 0,
        "d": 46.2404533286904
      },
      "vprofile": {
        "vpBins": [
          0,
          0.013702480460576172,
          0.01920353828130556,
          0,
          0.052959096341707104,
          0.04527236754879282,
          0.03034501739979565,
          0.03204223690373994,
          0.0500931646696587,
          0.06591893763674542,
          0.14334282791305028,
          0.054112434909215155,
          0.1567278516468994,
          0.018796147616207844,
          0.0655923997598988,
          0.13719286113692877,
          0.03557519432816195,
          0.036674514028459296,
          0.01291125031641015,
          0.029537679102446944
        ],
        "currentBinShare": 0.01920353828130556
      },
      "ttm": {
        "squeeze": false,
        "release": false,
        "widthPct": 4.499762110825629
      }
    },
    "hourly": {
      "sma20": 0.16730299999999995,
      "sma50": 0.17085460000000002,
      "ema20": 0.1664360332084574,
      "ema50": 0.1711342555704636,
      "vwma20": 0.16825296149586563,
      "hma21": 0.1634847186147187,
      "atr14": 0.004859285714285713,
      "atrPercentile": 0.32919254658385094,
      "rvolZ": -0.4393779979930099,
      "rvolPercentile": 0.3958333333333333,
      "mfi14": 49.265606894285504,
      "ppo": {
        "ppo": -1.4102955060517774,
        "signal": -1.0332836585272802,
        "histogram": -0.37701184752449723
      },
      "stochRsi": {
        "k": 0,
        "d": 33.367085088485915
      },
      "vprofile": {
        "vpBins": [
          0.0394521452725113,
          0.12437275324960405,
          0.03690782802829307,
          0.046833524260467545,
          0.054796206091663774,
          0.08578224155288217,
          0.09876685616845421,
          0.04867656790340538,
          0.035448040387113,
          0.056977537128344836,
          0.13004606656244486,
          0.012214321148087575,
          0.06901258142085481,
          0.062260805101406545,
          0.03594395237618801,
          0.06250857334827889,
          0,
          0,
          0,
          0
        ],
        "currentBinShare": 0.0394521452725113
      },
      "ttm": {
        "squeeze": false,
        "release": true,
        "widthPct": 8.382431813650065
      }
    },
    "fourHour": {
      "sma20": 0.17314400000000002,
      "sma50": 0.2105936,
      "ema20": 0.17698174964606925,
      "ema50": 0.19453365762691896,
      "vwma20": 0.174397152468794,
      "hma21": 0.16407666666666668,
      "atr14": 0.01055857142857143,
      "atrPercentile": 0.12857142857142856,
      "rvolZ": -0.5092502736118572,
      "rvolPercentile": 0.30952380952380953,
      "mfi14": 45.19814322021034,
      "ppo": {
        "ppo": -6.553909719005111,
        "signal": -6.909752407322314,
        "histogram": 0.35584268831720234
      },
      "stochRsi": {
        "k": 65.00162259477399,
        "d": 44.14164702928491
      },
      "vprofile": {
        "vpBins": [
          0.03603585773759861,
          0.021756096860160855,
          0.0807153534760801,
          0.03482458236595369,
          0.0843515534333301,
          0.1889524371785351,
          0.13450954009159896,
          0.08479207299476499,
          0.06228372645160662,
          0.09690782912960066,
          0.04145836773203039,
          0.05256062735520801,
          0,
          0.08085195519353189,
          0,
          0,
          0,
          0,
          0,
          0
        ],
        "currentBinShare": 0.021756096860160855
      },
      "ttm": {
        "squeeze": false,
        "release": false,
        "widthPct": 18.236935214493457
      }
    },
    "daily": {
      "sma20": 0.19084049999999997,
      "sma50": 0.1620194,
      "ema20": 0.1866778800559873,
      "ema50": 0.17944238056879344,
      "vwma20": 0,
      "hma21": 0.2575577922077922,
      "atr14": 0.08023428571428572,
      "atrPercentile": 0.9066666666666666,
      "rvolZ": 0,
      "rvolPercentile": 1,
      "mfi14": 50,
      "ppo": {
        "ppo": 3.9802087727058226,
        "signal": 7.5364640350344185,
        "histogram": -3.556255262328596
      },
      "stochRsi": {
        "k": 0.943977496040199,
        "d": 50.4736429854544
      },
      "vprofile": {
        "vpBins": [
          0,
          0,
          0,
          0,
          0,
          0,
          0,
          0,
          0,
          0,
          0,
          0,
          0,
          0,
          0,
          0,
          0,
          0,
          0,
          0
        ],
        "currentBinShare": 0
      },
      "ttm": {
        "squeeze": false,
        "release": false,
        "widthPct": 115.99797673646724
      }
    }
  },
  "smaMin5": 0.164657,
  "emaMin5": 0.1644237509466589,
  "vwmaMin5": 0.1647880416713963,
  "hmaMin5": 0.16531653679653688,
  "keltner15": {
    "upper": 0.16727185944976578,
    "middle": 0.16478485944976579,
    "lower": 0.1622978594497658
  },
  "superTrend15": {
    "isBull": false,
    "finalUpper": 0.16754399999999997,
    "finalLower": 0.157596
  },
  "mfi15": 28.48171196034926,
  "stochRsi15": {
    "k": 0,
    "d": 46.2404533286904
  },
  "ppo15": {
    "ppo": -0.5310080251351235,
    "signal": -0.509610045144572,
    "histogram": -0.021397979990551486
  },
  "vpMin15": {
    "vpBins": [
      0,
      0.013702480460576172,
      0.01920353828130556,
      0,
      0.052959096341707104,
      0.04527236754879282,
      0.03034501739979565,
      0.03204223690373994,
      0.0500931646696587,
      0.06591893763674542,
      0.14334282791305028,
      0.054112434909215155,
      0.1567278516468994,
      0.018796147616207844,
      0.0655923997598988,
      0.13719286113692877,
      0.03557519432816195,
      0.036674514028459296,
      0.01291125031641015,
      0.029537679102446944
    ],
    "currentBinShare": 0.01920353828130556
  },
  "ttm15": {
    "squeeze": false,
    "release": false,
    "widthPct": 4.499762110825629
  },
  "marketCorrelation": {
    "hourly": {
      "btcCorrelation": 0,
      "ethCorrelation": 0,
      "btcBeta": 1,
      "ethBeta": 1,
      "btcTrend": "UNKNOWN",
      "ethTrend": "UNKNOWN",
      "tokenVol": 0,
      "btcVol": 0,
      "ethVol": 0,
      "marketDependence": 0,
      "verdict": "INSUFFICIENT_DATA"
    },
    "min15": {
      "btcCorrelation": 0,
      "ethCorrelation": 0,
      "btcBeta": 1,
      "ethBeta": 1,
      "btcTrend": "UNKNOWN",
      "ethTrend": "UNKNOWN",
      "tokenVol": 0,
      "btcVol": 0,
      "ethVol": 0,
      "marketDependence": 0,
      "verdict": "INSUFFICIENT_DATA"
    },
    "daily": {
      "btcCorrelation": 0,
      "ethCorrelation": 0,
      "btcBeta": 1,
      "ethBeta": 1,
      "btcTrend": "UNKNOWN",
      "ethTrend": "UNKNOWN",
      "tokenVol": 0,
      "btcVol": 0,
      "ethVol": 0,
      "marketDependence": 0,
      "verdict": "INSUFFICIENT_DATA"
    }
  },
  "tradeTape": {
    "totalTrades": 0,
    "totalVolume": 0,
    "buysVolume": 0,
    "sellsVolume": 0,
    "buySellRatio": 0.5,
    "vwap": 0,
    "signedVolume": 0,
    "avgTradeSize": 0,
    "tradesPerSec": 0,
    "cumulativeDelta": 0,
    "tradesLast1m": 0,
    "tradesLast5m": 0,
    "tradesLast15m": 0,
    "tradesLast1h": 0,
    "buyVWAP": 0,
    "sellVWAP": 0,
    "aggressorVWAP": 0,
    "bucketDurationMs": 60000,
    "bucketCount": 15,
    "bucketSignedVolumes": [],
    "bucketVolumes": [],
    "bucketVWAPs": [],
    "latestBucketSignedZ": 0
  },
  "enhancedMetrics": {
    "relativeVolumeZScore": -1,
    "volumePercentile": 40,
    "atrPercentile": 58.75912408759124,
    "volatilityPercentile": 34.810126582278485,
    "relativeVolatilityRatio": 1.1517229884133056,
    "isHighVolume": false,
    "isHighVolatility": false,
    "isLowVolatility": false,
    "isExpandingVolatility": false,
    "isContractingVolatility": false
  },
  "orderBook": {
    "bidAskSpread": 0,
    "spreadPct": 0,
    "midPrice": 0,
    "bestBid": 0,
    "bestAsk": 0,
    "bidDepth": 0,
    "askDepth": 0,
    "orderBookImbalance": 0,
    "liquidityScore": 0,
    "depthAt1Pct": {
      "bidVolume": 0,
      "askVolume": 0,
      "imbalance": 0
    },
    "depthAt2Pct": {
      "bidVolume": 0,
      "askVolume": 0,
      "imbalance": 0
    },
    "depthAt5Pct": {
      "bidVolume": 0,
      "askVolume": 0,
      "imbalance": 0
    },
    "weightedMidPrice": 0,
    "volumeWeightedSpread": 0,
    "totalBidLevels": 0,
    "totalAskLevels": 0
  },
  "marketCap": {
    "marketCap": 0,
    "totalVolume24h": 0,
    "volumeToMarketCapRatio": 0,
    "marketCapRank": 0,
    "normalizedRank": 0,
    "isHighLiquidity": false,
    "isVeryHighLiquidity": false,
    "isLowLiquidity": true,
    "liquidityTier": "VERY_LOW"
  },
  "sweeps": {
    "sweepScore": 0,
    "sweepCount": 0,
    "sweepDirection": "NEUTRAL",
    "buySweeps": 0,
    "sellSweeps": 0,
    "avgSweepSize": 0,
    "avgSweepIntensity": 0,
    "bidLiftRatio": 0,
    "askLiftRatio": 0,
    "sweepFrequency": 0,
    "largestSweep": null,
    "recentSweepClusters": 0,
    "sweepDetails": []
  },
  "absorption": {
    "absorptionScore": 0,
    "absorptionLevel": null,
    "absorptionSide": "NONE",
    "icebergProbability": 0,
    "hiddenLiquidityEstimate": 0,
    "volumeAtPrice": {},
    "topAbsorptionLevels": [],
    "persistenceDuration": 0,
    "refillDetected": false
  },
  "orderArrival": {
    "avgInterArrivalTime": 0,
    "recentInterArrivalTime": 0,
    "accelerationRatio": 1,
    "hawkesIntensity": 0,
    "hawkesDirection": "NEUTRAL",
    "clusteringScore": 0,
    "burstCount": 0,
    "cascadeDetected": false,
    "timeToNextTrade": 0,
    "accelerationTrend": "STABLE"
  },
  "liquidityVacuum": {
    "vacuumScore": 0,
    "vacuumSide": "NONE",
    "bidVacuumSeverity": 0,
    "askVacuumSeverity": 0,
    "depthConcentration": 0,
    "priceImpact10k": 0,
    "priceImpact50k": 0,
    "priceImpact100k": 0,
    "largestGapBid": 0,
    "largestGapAsk": 0,
    "avgGapBid": 0,
    "avgGapAsk": 0,
    "bidCliffDistance": 0,
    "askCliffDistance": 0
  },
  "volatilityRegime": {
    "regime": "EXTREME",
    "regimeScore": 1,
    "currentATR": 0.084785,
    "avgATR": 0.044968,
    "atrPercentile": 92,
    "realizedVolatility": 351.14,
    "volPercentile": 82.8,
    "expanding": true,
    "contracting": false,
    "transitionProbability": 0.4,
    "daysInRegime": 10,
    "regimeStrength": 0.74
  },
  "temporalPatterns": {
    "currentHour": 22,
    "currentDay": 0,
    "currentDayName": "Sunday",
    "dayBias": "NEUTRAL",
    "hourlyProfile": [
      {
        "avgVolume": 1553249.77,
        "avgATR": 0.011276,
        "avgReturn": -1.926
      },
      {
        "avgVolume": 1457126.31,
        "avgATR": 0.010146,
        "avgReturn": 0.542
      },
      {
        "avgVolume": 1298602.79,
        "avgATR": 0.008467,
        "avgReturn": -0.673
      },
      {
        "avgVolume": 1369118.03,
        "avgATR": 0.00817,
        "avgReturn": 0.013
      },
      {
        "avgVolume": 2752908.29,
        "avgATR": 0.026696,
        "avgReturn": 9.175
      },
      {
        "avgVolume": 2506983.1,
        "avgATR": 0.018222,
        "avgReturn": -1.24
      },
      {
        "avgVolume": 2087054.68,
        "avgATR": 0.013294,
        "avgReturn": -0.215
      },
      {
        "avgVolume": 2323234.03,
        "avgATR": 0.013587,
        "avgReturn": -0.177
      },
      {
        "avgVolume": 1548792.61,
        "avgATR": 0.010158,
        "avgReturn": -0.385
      },
      {
        "avgVolume": 1065805.37,
        "avgATR": 0.010339,
        "avgReturn": -0.096
      },
      {
        "avgVolume": 2258006.09,
        "avgATR": 0.026683,
        "avgReturn": 2.069
      },
      {
        "avgVolume": 1330687.74,
        "avgATR": 0.013535,
        "avgReturn": 0.598
      },
      {
        "avgVolume": 1602078.42,
        "avgATR": 0.012534,
        "avgReturn": 0.415
      },
      {
        "avgVolume": 2068233.73,
        "avgATR": 0.020734,
        "avgReturn": 1.572
      },
      {
        "avgVolume": 2494105.79,
        "avgATR": 0.022044,
        "avgReturn": 0.448
      },
      {
        "avgVolume": 1978098.36,
        "avgATR": 0.018187,
        "avgReturn": -0.998
      },
      {
        "avgVolume": 1860620.8,
        "avgATR": 0.016187,
        "avgReturn": -1.03
      },
      {
        "avgVolume": 1589791.49,
        "avgATR": 0.013315,
        "avgReturn": -0.19
      },
      {
        "avgVolume": 1235489.36,
        "avgATR": 0.010828,
        "avgReturn": -0.827
      },
      {
        "avgVolume": 1744848.5,
        "avgATR": 0.014791,
        "avgReturn": -1.621
      },
      {
        "avgVolume": 1269359.9,
        "avgATR": 0.008629,
        "avgReturn": 0.365
      },
      {
        "avgVolume": 1405539.01,
        "avgATR": 0.010072,
        "avgReturn": -0.04
      },
      {
        "avgVolume": 966694.26,
        "avgATR": 0.008017,
        "avgReturn": -0.345
      },
      {
        "avgVolume": 1080368.94,
        "avgATR": 0.008396,
        "avgReturn": -0.468
      }
    ],
    "dailyProfile": [
      {
        "avgVolume": 2084633.89,
        "avgATR": 0.014796,
        "avgReturn": 0.266
      },
      {
        "avgVolume": 798745.48,
        "avgATR": 0.007135,
        "avgReturn": -0.434
      },
      {
        "avgVolume": 625467.45,
        "avgATR": 0.006064,
        "avgReturn": -0.498
      },
      {
        "avgVolume": 555596.26,
        "avgATR": 0.004696,
        "avgReturn": -0.171
      },
      {
        "avgVolume": 4182065.54,
        "avgATR": 0.040461,
        "avgReturn": 3.184
      },
      {
        "avgVolume": 2465528.69,
        "avgATR": 0.016498,
        "avgReturn": -0.491
      },
      {
        "avgVolume": 1211921.14,
        "avgATR": 0.007886,
        "avgReturn": -0.398
      }
    ],
    "favorableHours": [
      4,
      14,
      5,
      7,
      10,
      13
    ],
    "favorableWindow": false,
    "currentVsAvgVolume": 0,
    "currentVsAvgVolatility": 0,
    "anomalyDetected": true,
    "timeUntilFavorable": 6,
    "temporalScore": 0
  },
  "unifiedMicrostructure": {
    "signalDirections": {
      "vpin": "NEUTRAL",
      "sweeps": "NEUTRAL",
      "absorption": "NEUTRAL",
      "arrival": "NEUTRAL",
      "vacuum": "NONE",
      "volRegime": "UNFAVORABLE",
      "temporal": "UNFAVORABLE"
    },
    "consensusDirection": "BEARISH",
    "consensusStrength": 100,
    "bullishSignals": 0,
    "bearishSignals": 2,
    "neutralSignals": 0,
    "totalAvailableSignals": 2,
    "dominantPattern": "NONE",
    "clusters": {
      "strongBuyCluster": false,
      "distributionPattern": false,
      "accumulationPattern": false,
      "momentumCascade": false
    },
    "adaptiveWeights": {
      "vpin": 0,
      "sweeps": 0,
      "absorption": 0,
      "arrival": 0,
      "vacuum": 0,
      "volRegime": 0.021,
      "temporal": 0.012
    },
    "convictionLevel": "HIGH",
    "convictionScore": 100,
    "riskAdjustment": "REDUCE",
    "timingQuality": "UNFAVORABLE",
    "signalQuality": "LOW"
  },
  "deltaAnalysis": {
    "currentDelta": 0,
    "cumulativeDelta": 0,
    "deltaPerVolume": 0,
    "deltaDirection": "NEUTRAL",
    "deltaDivergence": false,
    "institutionalRatio": 0,
    "aggressionScore": 0
  },
  "volumeProfile": {
    "pointOfControl": 0,
    "valueAreaHigh": 0,
    "valueAreaLow": 0,
    "currentPosition": "ABOVE_VALUE_AREA",
    "volumeNodes": [],
    "airPockets": []
  },
  "momentumCascade": {
    "cascadeDetected": false,
    "alignmentScore": -0.022396535845568357,
    "cascadeStrength": 0,
    "acceleratingTimeframes": [],
    "divergingTimeframes": [
      "1m",
      "5m",
      "15m",
      "1h"
    ]
  },
  "breakoutConfirmation": {
    "breakoutConfirmed": false,
    "volumeConfirmation": false,
    "retestStrength": 0,
    "falseBreakoutRisk": 0,
    "breakoutQuality": "NO_BREAKOUT"
  },
  "liquidityHeatmap": {
    "liquidityScore": 0,
    "magnetDirection": "NONE",
    "magnetStrength": 0,
    "priceTarget5pct": null,
    "message": "No order book data"
  },
  "smartMoneyDivergence": {
    "divergenceDetected": false,
    "divergenceDirection": "NONE",
    "smartMoneyScore": 0.5,
    "message": "Insufficient trade data"
  },
  "microstructure": {
    "raw": -0.03633142381964335,
    "pct": 49,
    "summary": {
      "latestBucketSignedZ": 0,
      "buySellRatio": 0.5,
      "tradesPerSec": 0,
      "vwap": 0,
      "aggressorVWAP": 0,
      "vpinToxicity": "UNKNOWN",
      "sweepDirection": "NEUTRAL",
      "absorptionSide": "NONE",
      "icebergDetected": false,
      "hawkesDirection": "NEUTRAL",
      "cascadeDetected": false,
      "vacuumSide": "NONE",
      "volatilityRegime": "EXTREME",
      "volExpanding": true,
      "favorableTimeWindow": false,
      "temporalAnomaly": true,
      "consensusDirection": "BEARISH",
      "consensusStrength": 100,
      "dominantPattern": "NONE",
      "convictionLevel": "HIGH",
      "riskAdjustment": "REDUCE",
      "timingQuality": "UNFAVORABLE",
      "deltaDirection": "NEUTRAL",
      "deltaDivergence": false,
      "institutionalRatio": 0,
      "volumeProfilePosition": "ABOVE_VALUE_AREA",
      "pointOfControl": 0,
      "momentumCascadeDetected": false,
      "cascadeStrength": 0,
      "breakoutQuality": "NO_BREAKOUT",
      "breakoutConfirmed": false,
      "magnetDirection": "NONE",
      "magnetStrength": 0,
      "priceTarget5pct": null,
      "nearestBidWall": 0,
      "nearestAskWall": 0,
      "divergenceDetected": false,
      "divergenceDirection": "NONE",
      "whaleAccumulation": false,
      "whaleDistribution": false,
      "retailPanic": false,
      "smartMoneyScore": 0.5
    }
  }
}

=== MICROSTRUCTURE ALERTS ===

🔬 VPIN: Insufficient data for VPIN analysis

🌊 SWEEP DETECTION: No significant sweeps detected

🧊 ABSORPTION & ICEBERG: No significant absorption or iceberg orders detected

⚡ ORDER ARRIVAL DYNAMICS: Insufficient trades for analysis

🌪️ LIQUIDITY VACUUM: No significant vacuum detected

📊 VOLATILITY REGIME DETECTION:
   Current Regime: EXTREME
   Regime Score: 1.00 (-1=low vol, +1=extreme vol)
   Days in Regime: 10
   ATR: $0.084785 (avg: $0.044968)
   ATR Percentile: 92.0%
   Realized Volatility: 351.14% (annualized)
   Vol Percentile: 82.8%

   🔴 EXTREME VOLATILITY:
   🚨 HIGH RISK ENVIRONMENT!
   ⚠️ Significantly reduce position size
   ⚠️ Wide stops or avoid trading
   💡 Only for experienced traders

   🚀 VOLATILITY EXPANDING:
   💥 Breakout likely imminent!
   📈 Market transitioning to higher vol regime
   ✅ Strong signal when combined with other indicators

   📍 MODERATE REGIME TRANSITION PROBABILITY: 40%
   Monitor for potential regime change

   ✅ STABLE REGIME: 10 days - predictable conditions

⏰ TEMPORAL PATTERN ANALYSIS:
   Current Time: Sunday 22:00 UTC
   Day Bias: NEUTRAL
   Current vs Avg Volume: 0x
   Current vs Avg Volatility: 0x

   ⏳ NON-FAVORABLE TIME WINDOW:
   This hour typically shows weaker activity
   Next favorable window in 6 hour(s)

   ⚠️ LOW ACTIVITY ANOMALY:
   Volume 0x below typical - Extremely quiet

   📉 LOW VOLATILITY ANOMALY:
   Volatility 0x below typical - Consolidation likely

   🔥 Best Trading Hours (UTC): 4:00, 14:00, 5:00

🎯 UNIFIED MICROSTRUCTURE INTEGRATION:
   Signal Consensus: BEARISH (100% agreement)
   Available Signals: 2 (0 bullish / 2 bearish / 0 neutral)
   Conviction Level: HIGH (100%)
   Signal Quality: LOW
   Risk Adjustment: REDUCE
   Timing Quality: UNFAVORABLE

   ✅ HIGH CONVICTION: 100% of signals agree on direction
   Strong institutional alignment - Follow the smart money

   ⚠️ RISK REDUCTION RECOMMENDED: Extreme volatility or unfavorable timing detected

   ⏰ UNFAVORABLE TIMING: Avoid trading during this hour

   Signal Directions Breakdown:
   • VPIN: NEUTRAL
   • Sweeps: NEUTRAL
   • Absorption: NEUTRAL
   • Arrival Dynamics: NEUTRAL
   • Liquidity Vacuum: NONE
   • Vol Regime: UNFAVORABLE
   • Temporal: UNFAVORABLE

   Adaptive Weights (Total: 3.3%):
   • VPIN: 0.0%
   • Sweeps: 0.0%
   • Absorption: 0.0%
   • Arrival: 0.0%
   • Vacuum: 0.0%
   • Vol Regime: 2.1%
   • Temporal: 1.2%


💹 DELTA ANALYSIS (Order Flow Aggression):
   Direction: NEUTRAL
   Delta Per Volume: 0.00%
   Institutional Ratio: 0.0%
   Aggression Score: 0.0%

📊 VOLUME PROFILE (Support/Resistance Strength):
   Point of Control (POC): $0.000000
   Value Area High: $0.000000
   Value Area Low: $0.000000
   Current Position: ABOVE_VALUE_AREA
   ⚠️ DISTRIBUTION RISK: Price above value area - potential rejection zone

⚡ MOMENTUM CASCADE (Multi-Timeframe Alignment):
   Cascade Detected: NO
   Alignment Score: -2.2%
   Cascade Strength: 0.0%
   Accelerating: None
   Diverging: 1m, 5m, 15m, 1h

💥 BREAKOUT CONFIRMATION:
   Quality: NO_BREAKOUT
   Volume Confirmation: NO
   Retest Strength: 0.0%
   False Breakout Risk: 0.0%
   No breakout detected - price below resistance


levels:
Entry=0.16185564, StopLoss=0.15780924899999998, TakeProfit=0.164366608, 0.16687757600000003, 0.1688863504

---

=== Token: ELA (ELA) ===
Contract: ELA-USD
Timestamp: 2025-11-16T16:00:00.000Z

Calculations:
{
  "momentumScore": 78.71194305486341,
  "volumeScore": 15,
  "patternScore": 35,
  "totalScore": 32.018449683879425,
  "finalScore": 32.018449683879425,
  "weights": "0.23,0.45,0.23",
  "hourlyUptrend": false,
  "rsi": 36.296296296296305,
  "ultraShortVolumeSurge": 1.777210684636995,
  "baseVolumeSurge": 0.019916918417669877,
  "currentPrice": 1.232,
  "resistance": 1.27,
  "support": 1.232,
  "rocMin5": -0.029921259842519712,
  "shortROC": -0.005649717514124388,
  "priceAcceleration": -0.007547020740639368,
  "buySellRatio": 0.3530533527151307,
  "macdHistogram": -0.002366861083295854,
  "stochasticK": 0,
  "atr": 0.014928571428571402,
  "bbUpper": 1.2803022057929132,
  "bbLower": 1.225897794207087,
  "hammerDetected": false,
  "engulfingDetected": false,
  "compressionSpring": {
    "detected": true,
    "confidence": 66,
    "signals": {
      "sidewaysPrice": true,
      "atrCompression": true,
      "bbSqueeze": true,
      "consolidationTime": true,
      "strongBuying": false,
      "obvPositive": false,
      "chaikinPositive": false,
      "rsiNeutral": true,
      "volumeBuilding": false
    },
    "metrics": {
      "priceRange": 3.81,
      "atrRatio": 0.823,
      "bbWidth": 4.34,
      "volumeRatio": 0.892,
      "signalCount": 5,
      "buySellRatio": 0.353
    }
  },
  "riskTier": "LOW",
  "atrPercent": 1.3392857142857135,
  "distanceToResistance": 3.0844155844155874,
  "slPercent": 2.5,
  "tpPercent": 2.6217532467532494,
  "trailingActivation": 1.5730519480519496,
  "shortMomentumScore": 55,
  "overboughtScore": 0,
  "shortPatternScore": 0,
  "shootingStarDetected": false,
  "bearishEngulfingDetected": false,
  "eveningStarDetected": false,
  "bearishPatternsCount": 0,
  "shortTotalScore": 22,
  "chaikin": -0.21883119891306063,
  "obvIncreasing": true,
  "obvTrend": "increasing",
  "adx": 30.84112149532723,
  "recentCandles": {
    "redCount": 3,
    "greenCount": 7
  },
  "resistanceDistance": 3.0844155844155874,
  "multiplePatterns": false,
  "bullishPattern": false,
  "priceAboveVWAP": true,
  "breakingResistance": false,
  "atrSufficient": true,
  "macdDivergenceBearish": false,
  "rvolMin1": -0.3903165449233632,
  "rvolMin5": -0.5728727078838031,
  "atrPercentileOld": 0.8292682926829268,
  "vwapDeviation": 0.5413781662728758,
  "bbWidthPercent": 4.341585794096736,
  "bbSqueeze": false,
  "multiTFMomentum": {
    "min1": {
      "roc1": -0.0008071025020178465,
      "roc3": 0.0008084074373483345
    },
    "min5": {
      "roc1": -0.005649717514124388,
      "roc3": -0.016759776536312776
    },
    "min15": {
      "roc1": -0.005649717514124388,
      "roc3": -0.029921259842519712
    },
    "hourly": {
      "roc1": -0.012175324675324596,
      "roc3": -0.02950558213716102
    },
    "fourHour": {
      "roc1": -0.026399999999999934,
      "roc3": -0.0240577385725742
    },
    "divergenceShortUpLongDown": false
  },
  "returnZMin5": -0.7564408500256508,
  "wickClosePct": 0,
  "wickUpper": 0.0029999999999998916,
  "wickLower": 0,
  "wickRatio": 0.999999999999926,
  "donchianBreakout15": false,
  "bbWidthPercentile15": 0.7272727272727273,
  "signedMin5": 2554.240000000001,
  "signedMin5Z": 1.3717474690129907,
  "signedMin1": -14745.62,
  "signedMin1Z": -10.434666654281923,
  "streakMin1": {
    "upStreak": 1,
    "downStreak": 0
  },
  "streakMin5": {
    "upStreak": 0,
    "downStreak": 1
  },
  "rvolPercentileMin1": 0.22916666666666666,
  "rvolPercentileMin5": 0.0763888888888889,
  "perTfMetrics": {
    "min1": {
      "sma20": 1.25275,
      "sma50": 1.25532,
      "ema20": 1.2489922616135045,
      "ema50": 1.2487080823018246,
      "vwma20": 1.2541492241000192,
      "hma21": 1.2411645021645024,
      "atr14": 0.006357142857142839,
      "atrPercentile": 0.520964962665135,
      "rvolZ": -0.3903165449233632,
      "rvolPercentile": 0.22916666666666666,
      "mfi14": 65.33266147173683,
      "ppo": {
        "ppo": -0.3935895450416688,
        "signal": -0.17910093676190864,
        "histogram": -0.21448860827976018
      },
      "stochRsi": {
        "k": 17.866666666666266,
        "d": 39.932659932659924
      },
      "vprofile": {
        "vpBins": [
          0.012793878053177945,
          0.09643167747984827,
          0.17621407852676954,
          0.01136603391424386,
          0.1987047472598052,
          0.07837497033887392,
          0.02724562810071795,
          0.08312513460534124,
          0.09273136637368141,
          0.00018522790979071986,
          0.037874449453879064,
          0.009206046321225748,
          0.08037589757444599,
          0.006231028524550096,
          0.012816894539009928,
          0.0000126042660508478,
          0.013903601477219979,
          0.008326761761287256,
          0.007300336095494304,
          0.046779637424586754
        ],
        "currentBinShare": 0.037874449453879064
      },
      "ttm": {
        "squeeze": false,
        "release": false,
        "widthPct": 3.7111043158366783
      }
    },
    "min5": {
      "sma20": 1.2558500000000001,
      "sma50": 1.2323,
      "ema20": 1.248573520665498,
      "ema50": 1.2385737827478267,
      "vwma20": 1.2555295757586133,
      "hma21": 1.254272727272727,
      "atr14": 0.014928571428571402,
      "atrPercentile": 0.864963503649635,
      "rvolZ": -0.5728727078838031,
      "rvolPercentile": 0.0763888888888889,
      "mfi14": 44.18860191848897,
      "ppo": {
        "ppo": 0.25985105763178096,
        "signal": 0.6374397435892327,
        "histogram": -0.37758868595745176
      },
      "stochRsi": {
        "k": 0,
        "d": 43.57577578898249
      },
      "vprofile": {
        "vpBins": [
          0.012904366490310319,
          0.11111258134800722,
          0.07797288679504269,
          0.04817958299527895,
          0.09890215523113548,
          0.07809496222355011,
          0.02737269890906477,
          0.2171196191946852,
          0.09498729766808643,
          0.06304776264211798,
          0.030931936487001762,
          0.016461132697277954,
          0.01437004393582714,
          0.0005313447584126753,
          0.040922402143749544,
          0.0016007790585085744,
          0.005193586092112731,
          0.03867211590235571,
          0.013526070749790266,
          0.008096674677684311
        ],
        "currentBinShare": 0.02737269890906477
      },
      "ttm": {
        "squeeze": false,
        "release": false,
        "widthPct": 3.9272025250686635
      }
    },
    "min15": {
      "sma20": 1.2531,
      "sma50": 1.2298200000000001,
      "ema20": 1.2468246661355302,
      "ema50": 1.2366480102107429,
      "vwma20": 1.2521698613596997,
      "hma21": 1.257190476190476,
      "atr14": 0.01649999999999999,
      "atrPercentile": 0.8292682926829268,
      "rvolZ": -0.4252200400396589,
      "rvolPercentile": 0.07291666666666667,
      "mfi14": 39.44879148820244,
      "ppo": {
        "ppo": 0.38930890652310557,
        "signal": 0.7164271077852771,
        "histogram": -0.3271182012621715
      },
      "stochRsi": {
        "k": 14.431913116123397,
        "d": 44.7908900639382
      },
      "vprofile": {
        "vpBins": [
          0.00470874176197396,
          0.057871013620816064,
          0.185011424900113,
          0.009003169847116651,
          0.11293399624947222,
          0.05345672859845329,
          0.0448280983151921,
          0.043765209989674786,
          0.039504782355946885,
          0.012156444416692856,
          0.029688167746679962,
          0.001955774393960665,
          0.16565843210660494,
          0.1678837509597376,
          0.012382472574840287,
          0,
          0.04888687547291903,
          0.0015046803545926326,
          0.0037764023395304327,
          0.005023833995682799
        ],
        "currentBinShare": 0.012156444416692856
      },
      "ttm": {
        "squeeze": false,
        "release": false,
        "widthPct": 4.341585794096736
      }
    },
    "hourly": {
      "sma20": 1.2323499999999998,
      "sma50": 1.2251200000000002,
      "ema20": 1.2356447175716943,
      "ema50": 1.2344489536165622,
      "vwma20": 1.225776899722122,
      "hma21": 1.2634155844155839,
      "atr14": 0.02471428571428569,
      "atrPercentile": 0.9285714285714286,
      "rvolZ": -0.3103135453138281,
      "rvolPercentile": 0.6071428571428571,
      "mfi14": 60.32407371214213,
      "ppo": {
        "ppo": 0.3982636374491778,
        "signal": 0.5176573490615569,
        "histogram": -0.1193937116123791
      },
      "stochRsi": {
        "k": 73.0213118058283,
        "d": 58.23197495770112
      },
      "vprofile": {
        "vpBins": [
          0.04005125951268279,
          0.05435180430774055,
          0.02330554289464093,
          0.062203767144894284,
          0.11154129846438442,
          0.15202396561477333,
          0.07483504628998779,
          0.09728159610711314,
          0.04769011395357268,
          0.06460971553968133,
          0.08022222559005891,
          0.10499248812932152,
          0.011784971091165062,
          0,
          0,
          0,
          0.07510620535998329,
          0,
          0,
          0
        ],
        "currentBinShare": 0.02330554289464093
      },
      "ttm": {
        "squeeze": false,
        "release": false,
        "widthPct": 7.38116202402227
      }
    },
    "fourHour": {
      "sma20": 1.2415,
      "sma50": 1.2766,
      "ema20": 1.2402647785930336,
      "ema50": 1.2708887128023638,
      "vwma20": 1.2445189910227685,
      "hma21": 1.2043896103896103,
      "atr14": 0.03307142857142858,
      "atrPercentile": 0.3,
      "rvolZ": -0.48837595902625247,
      "rvolPercentile": 0.38095238095238093,
      "mfi14": 77.538761032096,
      "ppo": {
        "ppo": -1.1656720729240533,
        "signal": -1.3855707284728598,
        "histogram": 0.2198986555488065
      },
      "stochRsi": {
        "k": 69.17110182638592,
        "d": 46.4476044364211
      },
      "vprofile": {
        "vpBins": [
          0.004660631481405276,
          0.016915599705191027,
          0.011787046048908803,
          0.11471885089687249,
          0.038529414103787095,
          0.1350754844831166,
          0.11953994927094107,
          0.08729461599571259,
          0.01741585910205944,
          0.05448683205613984,
          0.044107366780460656,
          0.03235495097689451,
          0.10971344937276808,
          0.04198249474654369,
          0.005557740514743923,
          0.012446564306626261,
          0.12238949498218821,
          0.023211559513256697,
          0.007812095662383923,
          0
        ],
        "currentBinShare": 0.011787046048908803
      },
      "ttm": {
        "squeeze": false,
        "release": false,
        "widthPct": 10.10699033217357
      }
    },
    "daily": {
      "sma20": 1.34585,
      "sma50": 1.5645999999999995,
      "ema20": 1.3749073450827045,
      "ema50": 1.5038706710343819,
      "vwma20": 0,
      "hma21": 1.2682727272727268,
      "atr14": 0.13985714285714285,
      "atrPercentile": 0.3815789473684211,
      "rvolZ": 0,
      "rvolPercentile": 1,
      "mfi14": 50,
      "ppo": {
        "ppo": -3.9760131241564522,
        "signal": -6.374082081542422,
        "histogram": 2.39806895738597
      },
      "stochRsi": {
        "k": 100,
        "d": 44.570814966153335
      },
      "vprofile": {
        "vpBins": [
          0,
          0,
          0,
          0,
          0,
          0,
          0,
          0,
          0,
          0,
          0,
          0,
          0,
          0,
          0,
          0,
          0,
          0,
          0,
          0
        ],
        "currentBinShare": 0
      },
      "ttm": {
        "squeeze": false,
        "release": true,
        "widthPct": 36.54634346510491
      }
    }
  },
  "smaMin5": 1.2558500000000001,
  "emaMin5": 1.248573520665498,
  "vwmaMin5": 1.2555295757586133,
  "hmaMin5": 1.254272727272727,
  "keltner15": {
    "upper": 1.2696246661355302,
    "middle": 1.2468246661355302,
    "lower": 1.2240246661355303
  },
  "superTrend15": {
    "isBull": false,
    "finalUpper": 1.2805999999999997,
    "finalLower": 1.1894
  },
  "mfi15": 39.44879148820244,
  "stochRsi15": {
    "k": 14.431913116123397,
    "d": 44.7908900639382
  },
  "ppo15": {
    "ppo": 0.38930890652310557,
    "signal": 0.7164271077852771,
    "histogram": -0.3271182012621715
  },
  "vpMin15": {
    "vpBins": [
      0.00470874176197396,
      0.057871013620816064,
      0.185011424900113,
      0.009003169847116651,
      0.11293399624947222,
      0.05345672859845329,
      0.0448280983151921,
      0.043765209989674786,
      0.039504782355946885,
      0.012156444416692856,
      0.029688167746679962,
      0.001955774393960665,
      0.16565843210660494,
      0.1678837509597376,
      0.012382472574840287,
      0,
      0.04888687547291903,
      0.0015046803545926326,
      0.0037764023395304327,
      0.005023833995682799
    ],
    "currentBinShare": 0.012156444416692856
  },
  "ttm15": {
    "squeeze": false,
    "release": false,
    "widthPct": 4.341585794096736
  },
  "marketCorrelation": {
    "hourly": {
      "btcCorrelation": 0,
      "ethCorrelation": 0,
      "btcBeta": 1,
      "ethBeta": 1,
      "btcTrend": "UNKNOWN",
      "ethTrend": "UNKNOWN",
      "tokenVol": 0,
      "btcVol": 0,
      "ethVol": 0,
      "marketDependence": 0,
      "verdict": "INSUFFICIENT_DATA"
    },
    "min15": {
      "btcCorrelation": 0,
      "ethCorrelation": 0,
      "btcBeta": 1,
      "ethBeta": 1,
      "btcTrend": "UNKNOWN",
      "ethTrend": "UNKNOWN",
      "tokenVol": 0,
      "btcVol": 0,
      "ethVol": 0,
      "marketDependence": 0,
      "verdict": "INSUFFICIENT_DATA"
    },
    "daily": {
      "btcCorrelation": 0,
      "ethCorrelation": 0,
      "btcBeta": 1,
      "ethBeta": 1,
      "btcTrend": "UNKNOWN",
      "ethTrend": "UNKNOWN",
      "tokenVol": 0,
      "btcVol": 0,
      "ethVol": 0,
      "marketDependence": 0,
      "verdict": "INSUFFICIENT_DATA"
    }
  },
  "tradeTape": {
    "totalTrades": 0,
    "totalVolume": 0,
    "buysVolume": 0,
    "sellsVolume": 0,
    "buySellRatio": 0.5,
    "vwap": 0,
    "signedVolume": 0,
    "avgTradeSize": 0,
    "tradesPerSec": 0,
    "cumulativeDelta": 0,
    "tradesLast1m": 0,
    "tradesLast5m": 0,
    "tradesLast15m": 0,
    "tradesLast1h": 0,
    "buyVWAP": 0,
    "sellVWAP": 0,
    "aggressorVWAP": 0,
    "bucketDurationMs": 60000,
    "bucketCount": 15,
    "bucketSignedVolumes": [],
    "bucketVolumes": [],
    "bucketVWAPs": [],
    "latestBucketSignedZ": 0
  },
  "enhancedMetrics": {
    "relativeVolumeZScore": -1,
    "volumePercentile": 40,
    "atrPercentile": 86.86131386861314,
    "volatilityPercentile": 88.60759493670885,
    "relativeVolatilityRatio": 1.3623225330268107,
    "isHighVolume": false,
    "isHighVolatility": true,
    "isLowVolatility": false,
    "isExpandingVolatility": true,
    "isContractingVolatility": false
  },
  "orderBook": {
    "bidAskSpread": 0,
    "spreadPct": 0,
    "midPrice": 0,
    "bestBid": 0,
    "bestAsk": 0,
    "bidDepth": 0,
    "askDepth": 0,
    "orderBookImbalance": 0,
    "liquidityScore": 0,
    "depthAt1Pct": {
      "bidVolume": 0,
      "askVolume": 0,
      "imbalance": 0
    },
    "depthAt2Pct": {
      "bidVolume": 0,
      "askVolume": 0,
      "imbalance": 0
    },
    "depthAt5Pct": {
      "bidVolume": 0,
      "askVolume": 0,
      "imbalance": 0
    },
    "weightedMidPrice": 0,
    "volumeWeightedSpread": 0,
    "totalBidLevels": 0,
    "totalAskLevels": 0
  },
  "marketCap": {
    "marketCap": 0,
    "totalVolume24h": 0,
    "volumeToMarketCapRatio": 0,
    "marketCapRank": 0,
    "normalizedRank": 0,
    "isHighLiquidity": false,
    "isVeryHighLiquidity": false,
    "isLowLiquidity": true,
    "liquidityTier": "VERY_LOW"
  },
  "sweeps": {
    "sweepScore": 0,
    "sweepCount": 0,
    "sweepDirection": "NEUTRAL",
    "buySweeps": 0,
    "sellSweeps": 0,
    "avgSweepSize": 0,
    "avgSweepIntensity": 0,
    "bidLiftRatio": 0,
    "askLiftRatio": 0,
    "sweepFrequency": 0,
    "largestSweep": null,
    "recentSweepClusters": 0,
    "sweepDetails": []
  },
  "absorption": {
    "absorptionScore": 0,
    "absorptionLevel": null,
    "absorptionSide": "NONE",
    "icebergProbability": 0,
    "hiddenLiquidityEstimate": 0,
    "volumeAtPrice": {},
    "topAbsorptionLevels": [],
    "persistenceDuration": 0,
    "refillDetected": false
  },
  "orderArrival": {
    "avgInterArrivalTime": 0,
    "recentInterArrivalTime": 0,
    "accelerationRatio": 1,
    "hawkesIntensity": 0,
    "hawkesDirection": "NEUTRAL",
    "clusteringScore": 0,
    "burstCount": 0,
    "cascadeDetected": false,
    "timeToNextTrade": 0,
    "accelerationTrend": "STABLE"
  },
  "liquidityVacuum": {
    "vacuumScore": 0,
    "vacuumSide": "NONE",
    "bidVacuumSeverity": 0,
    "askVacuumSeverity": 0,
    "depthConcentration": 0,
    "priceImpact10k": 0,
    "priceImpact50k": 0,
    "priceImpact100k": 0,
    "largestGapBid": 0,
    "largestGapAsk": 0,
    "avgGapBid": 0,
    "avgGapAsk": 0,
    "bidCliffDistance": 0,
    "askCliffDistance": 0
  },
  "volatilityRegime": {
    "regime": "BELOW_NORMAL",
    "regimeScore": -0.5,
    "currentATR": 0.094385,
    "avgATR": 0.104985,
    "atrPercentile": 17.1,
    "realizedVolatility": 120.96,
    "volPercentile": 62.7,
    "expanding": false,
    "contracting": false,
    "transitionProbability": 0.3,
    "daysInRegime": 1,
    "regimeStrength": 0.01
  },
  "temporalPatterns": {
    "currentHour": 22,
    "currentDay": 0,
    "currentDayName": "Sunday",
    "dayBias": "NEUTRAL",
    "hourlyProfile": [
      {
        "avgVolume": 1489.29,
        "avgATR": 0.014786,
        "avgReturn": 0.165
      },
      {
        "avgVolume": 1472.68,
        "avgATR": 0.012143,
        "avgReturn": 0.127
      },
      {
        "avgVolume": 2625.33,
        "avgATR": 0.016091,
        "avgReturn": 0.27
      },
      {
        "avgVolume": 2803.23,
        "avgATR": 0.015235,
        "avgReturn": 0.099
      },
      {
        "avgVolume": 2289.74,
        "avgATR": 0.014231,
        "avgReturn": -0.161
      },
      {
        "avgVolume": 1623.41,
        "avgATR": 0.012571,
        "avgReturn": -0.08
      },
      {
        "avgVolume": 1163.09,
        "avgATR": 0.014538,
        "avgReturn": -0.067
      },
      {
        "avgVolume": 935.66,
        "avgATR": 0.011,
        "avgReturn": -0.507
      },
      {
        "avgVolume": 3617.52,
        "avgATR": 0.020545,
        "avgReturn": 0.221
      },
      {
        "avgVolume": 1863.79,
        "avgATR": 0.013714,
        "avgReturn": 0.021
      },
      {
        "avgVolume": 2521.7,
        "avgATR": 0.014143,
        "avgReturn": -0.033
      },
      {
        "avgVolume": 1956.52,
        "avgATR": 0.014,
        "avgReturn": 0.201
      },
      {
        "avgVolume": 1021.36,
        "avgATR": 0.009,
        "avgReturn": -0.264
      },
      {
        "avgVolume": 4089.28,
        "avgATR": 0.024063,
        "avgReturn": 0.284
      },
      {
        "avgVolume": 5105,
        "avgATR": 0.023867,
        "avgReturn": -0.296
      },
      {
        "avgVolume": 3469.38,
        "avgATR": 0.016824,
        "avgReturn": -0.519
      },
      {
        "avgVolume": 5107.46,
        "avgATR": 0.021812,
        "avgReturn": -0.073
      },
      {
        "avgVolume": 3453.85,
        "avgATR": 0.016933,
        "avgReturn": -0.105
      },
      {
        "avgVolume": 3874.88,
        "avgATR": 0.0178,
        "avgReturn": -0.219
      },
      {
        "avgVolume": 2855.31,
        "avgATR": 0.016133,
        "avgReturn": -0.122
      },
      {
        "avgVolume": 1724.87,
        "avgATR": 0.0145,
        "avgReturn": 0.432
      },
      {
        "avgVolume": 1619.37,
        "avgATR": 0.012933,
        "avgReturn": -0.002
      },
      {
        "avgVolume": 1119.76,
        "avgATR": 0.010118,
        "avgReturn": -0.183
      },
      {
        "avgVolume": 3374.73,
        "avgATR": 0.017615,
        "avgReturn": 0.02
      }
    ],
    "dailyProfile": [
      {
        "avgVolume": 2108.53,
        "avgATR": 0.013833,
        "avgReturn": 0.098
      },
      {
        "avgVolume": 3332.6,
        "avgATR": 0.0151,
        "avgReturn": -0.275
      },
      {
        "avgVolume": 3670.31,
        "avgATR": 0.018452,
        "avgReturn": -0.176
      },
      {
        "avgVolume": 1475.19,
        "avgATR": 0.011436,
        "avgReturn": 0.143
      },
      {
        "avgVolume": 2251.13,
        "avgATR": 0.013171,
        "avgReturn": -0.213
      },
      {
        "avgVolume": 3668.19,
        "avgATR": 0.022,
        "avgReturn": 0.08
      },
      {
        "avgVolume": 1642.73,
        "avgATR": 0.013821,
        "avgReturn": -0.049
      }
    ],
    "favorableHours": [
      16,
      14,
      13,
      18,
      8,
      15
    ],
    "favorableWindow": false,
    "currentVsAvgVolume": 0,
    "currentVsAvgVolatility": 0,
    "anomalyDetected": true,
    "timeUntilFavorable": 10,
    "temporalScore": 0
  },
  "unifiedMicrostructure": {
    "signalDirections": {
      "vpin": "NEUTRAL",
      "sweeps": "NEUTRAL",
      "absorption": "NEUTRAL",
      "arrival": "NEUTRAL",
      "vacuum": "NONE",
      "volRegime": "FAVORABLE",
      "temporal": "UNFAVORABLE"
    },
    "consensusDirection": "NEUTRAL",
    "consensusStrength": 50,
    "bullishSignals": 1,
    "bearishSignals": 1,
    "neutralSignals": 0,
    "totalAvailableSignals": 2,
    "dominantPattern": "NONE",
    "clusters": {
      "strongBuyCluster": false,
      "distributionPattern": false,
      "accumulationPattern": false,
      "momentumCascade": false
    },
    "adaptiveWeights": {
      "vpin": 0,
      "sweeps": 0,
      "absorption": 0,
      "arrival": 0,
      "vacuum": 0,
      "volRegime": 0.021,
      "temporal": 0.02
    },
    "convictionLevel": "LOW",
    "convictionScore": 30,
    "riskAdjustment": "REDUCE",
    "timingQuality": "UNFAVORABLE",
    "signalQuality": "LOW"
  },
  "deltaAnalysis": {
    "currentDelta": 0,
    "cumulativeDelta": 0,
    "deltaPerVolume": 0,
    "deltaDirection": "NEUTRAL",
    "deltaDivergence": false,
    "institutionalRatio": 0,
    "aggressionScore": 0
  },
  "volumeProfile": {
    "pointOfControl": 0,
    "valueAreaHigh": 0,
    "valueAreaLow": 0,
    "currentPosition": "ABOVE_VALUE_AREA",
    "volumeNodes": [],
    "airPockets": []
  },
  "momentumCascade": {
    "cascadeDetected": false,
    "alignmentScore": -0.023660550697822063,
    "cascadeStrength": 0,
    "acceleratingTimeframes": [],
    "divergingTimeframes": [
      "1m",
      "5m",
      "15m",
      "1h"
    ]
  },
  "breakoutConfirmation": {
    "breakoutConfirmed": false,
    "volumeConfirmation": false,
    "retestStrength": 0,
    "falseBreakoutRisk": 0,
    "breakoutQuality": "NO_BREAKOUT"
  },
  "liquidityHeatmap": {
    "liquidityScore": 0,
    "magnetDirection": "NONE",
    "magnetStrength": 0,
    "priceTarget5pct": null,
    "message": "No order book data"
  },
  "smartMoneyDivergence": {
    "divergenceDetected": false,
    "divergenceDirection": "NONE",
    "smartMoneyScore": 0.5,
    "message": "Insufficient trade data"
  },
  "microstructure": {
    "raw": -0.03167375034648434,
    "pct": 49,
    "summary": {
      "latestBucketSignedZ": 0,
      "buySellRatio": 0.5,
      "tradesPerSec": 0,
      "vwap": 0,
      "aggressorVWAP": 0,
      "vpinToxicity": "UNKNOWN",
      "sweepDirection": "NEUTRAL",
      "absorptionSide": "NONE",
      "icebergDetected": false,
      "hawkesDirection": "NEUTRAL",
      "cascadeDetected": false,
      "vacuumSide": "NONE",
      "volatilityRegime": "BELOW_NORMAL",
      "volExpanding": false,
      "favorableTimeWindow": false,
      "temporalAnomaly": true,
      "consensusDirection": "NEUTRAL",
      "consensusStrength": 50,
      "dominantPattern": "NONE",
      "convictionLevel": "LOW",
      "riskAdjustment": "REDUCE",
      "timingQuality": "UNFAVORABLE",
      "deltaDirection": "NEUTRAL",
      "deltaDivergence": false,
      "institutionalRatio": 0,
      "volumeProfilePosition": "ABOVE_VALUE_AREA",
      "pointOfControl": 0,
      "momentumCascadeDetected": false,
      "cascadeStrength": 0,
      "breakoutQuality": "NO_BREAKOUT",
      "breakoutConfirmed": false,
      "magnetDirection": "NONE",
      "magnetStrength": 0,
      "priceTarget5pct": null,
      "nearestBidWall": 0,
      "nearestAskWall": 0,
      "divergenceDetected": false,
      "divergenceDirection": "NONE",
      "whaleAccumulation": false,
      "whaleDistribution": false,
      "retailPanic": false,
      "smartMoneyScore": 0.5
    }
  }
}

=== MICROSTRUCTURE ALERTS ===

🔬 VPIN: Insufficient data for VPIN analysis

🌊 SWEEP DETECTION: No significant sweeps detected

🧊 ABSORPTION & ICEBERG: No significant absorption or iceberg orders detected

⚡ ORDER ARRIVAL DYNAMICS: Insufficient trades for analysis

🌪️ LIQUIDITY VACUUM: No significant vacuum detected

📊 VOLATILITY REGIME DETECTION:
   Current Regime: BELOW_NORMAL
   Regime Score: -0.50 (-1=low vol, +1=extreme vol)
   Days in Regime: 1
   ATR: $0.094385 (avg: $0.104985)
   ATR Percentile: 17.1%
   Realized Volatility: 120.96% (annualized)
   Vol Percentile: 62.7%

   🟢 BELOW NORMAL VOLATILITY:
   ⚡ Consolidation phase - watch for expansion
   ✅ Good entry zone for patient trades

   📍 MODERATE REGIME TRANSITION PROBABILITY: 30%
   Monitor for potential regime change

   ⚠️ NEW REGIME: Only 1 day(s) - conditions still settling

⏰ TEMPORAL PATTERN ANALYSIS:
   Current Time: Sunday 22:00 UTC
   Day Bias: NEUTRAL
   Current vs Avg Volume: 0x
   Current vs Avg Volatility: 0x

   ⏳ NON-FAVORABLE TIME WINDOW:
   This hour typically shows weaker activity
   Next favorable window in 10 hour(s)

   ⚠️ LOW ACTIVITY ANOMALY:
   Volume 0x below typical - Extremely quiet

   📉 LOW VOLATILITY ANOMALY:
   Volatility 0x below typical - Consolidation likely

   🔥 Best Trading Hours (UTC): 16:00, 14:00, 13:00

🎯 UNIFIED MICROSTRUCTURE INTEGRATION:
   Signal Consensus: NEUTRAL (50% agreement)
   Available Signals: 2 (1 bullish / 1 bearish / 0 neutral)
   Conviction Level: LOW (30%)
   Signal Quality: LOW
   Risk Adjustment: REDUCE
   Timing Quality: UNFAVORABLE

   ⚠️ LOW CONVICTION: Only 50% signal agreement
   Weak alignment - Reduce position size or wait for clarity

   ⚠️ RISK REDUCTION RECOMMENDED: Extreme volatility or unfavorable timing detected

   ⏰ UNFAVORABLE TIMING: Avoid trading during this hour

   Signal Directions Breakdown:
   • VPIN: NEUTRAL
   • Sweeps: NEUTRAL
   • Absorption: NEUTRAL
   • Arrival Dynamics: NEUTRAL
   • Liquidity Vacuum: NONE
   • Vol Regime: FAVORABLE
   • Temporal: UNFAVORABLE

   Adaptive Weights (Total: 4.1%):
   • VPIN: 0.0%
   • Sweeps: 0.0%
   • Absorption: 0.0%
   • Arrival: 0.0%
   • Vacuum: 0.0%
   • Vol Regime: 2.1%
   • Temporal: 2.0%


💹 DELTA ANALYSIS (Order Flow Aggression):
   Direction: NEUTRAL
   Delta Per Volume: 0.00%
   Institutional Ratio: 0.0%
   Aggression Score: 0.0%

📊 VOLUME PROFILE (Support/Resistance Strength):
   Point of Control (POC): $0.000000
   Value Area High: $0.000000
   Value Area Low: $0.000000
   Current Position: ABOVE_VALUE_AREA
   ⚠️ DISTRIBUTION RISK: Price above value area - potential rejection zone

⚡ MOMENTUM CASCADE (Multi-Timeframe Alignment):
   Cascade Detected: NO
   Alignment Score: -2.4%
   Cascade Strength: 0.0%
   Accelerating: None
   Diverging: 1m, 5m, 15m, 1h

💥 BREAKOUT CONFIRMATION:
   Quality: NO_BREAKOUT
   Volume Confirmation: NO
   Retest Strength: 0.0%
   False Breakout Risk: 0.0%
   No breakout detected - price below resistance


levels:
Entry=1.229536, StopLoss=1.1987976, TakeProfit=1.2456537, 1.2617714, 1.2746655599999999

---

=== Token: EDGE (EDGE) ===
Contract: EDGE-USD
Timestamp: 2025-11-16T16:00:00.000Z

Calculations:
{
  "momentumScore": 36.07338644559633,
  "volumeScore": 15,
  "patternScore": 20,
  "totalScore": 19.131794219500605,
  "finalScore": 0,
  "weights": "0.23,0.45,0.23",
  "hourlyUptrend": false,
  "rsi": 33.19148936170218,
  "ultraShortVolumeSurge": 1.0778164533525434,
  "baseVolumeSurge": 0.014890440172249437,
  "currentPrice": 0.23604,
  "resistance": 0.23949,
  "support": 0.23602,
  "rocMin5": -0.006147368421052586,
  "shortROC": -0.00012708095056551975,
  "priceAcceleration": -0.001537033395536103,
  "buySellRatio": 0.031160445191531595,
  "macdHistogram": -0.00022059751246949295,
  "stochasticK": 0,
  "atr": 0.0006742857142857185,
  "bbUpper": 0.23992939704847413,
  "bbLower": 0.23606360295152587,
  "hammerDetected": false,
  "engulfingDetected": false,
  "compressionSpring": {
    "detected": true,
    "confidence": 54,
    "signals": {
      "sidewaysPrice": true,
      "atrCompression": true,
      "bbSqueeze": true,
      "consolidationTime": true,
      "strongBuying": false,
      "obvPositive": false,
      "chaikinPositive": false,
      "rsiNeutral": false,
      "volumeBuilding": false
    },
    "metrics": {
      "priceRange": 1.47,
      "atrRatio": 0.509,
      "bbWidth": 1.62,
      "volumeRatio": 0.431,
      "signalCount": 4,
      "buySellRatio": 0.031
    }
  },
  "riskTier": "LOW",
  "atrPercent": 0.40035587188612415,
  "distanceToResistance": 1.4616166751398105,
  "slPercent": 2.5,
  "tpPercent": 1.242374173868839,
  "trailingActivation": 0.7454245043213034,
  "shortMomentumScore": 45,
  "overboughtScore": 0,
  "shortPatternScore": 0,
  "shootingStarDetected": false,
  "bearishEngulfingDetected": false,
  "eveningStarDetected": false,
  "bearishPatternsCount": 0,
  "shortTotalScore": 18,
  "chaikin": -0.6641825324753841,
  "obvIncreasing": true,
  "obvTrend": "increasing",
  "adx": 21.111111111110826,
  "recentCandles": {
    "redCount": 6,
    "greenCount": 4
  },
  "resistanceDistance": 1.4616166751398105,
  "multiplePatterns": false,
  "bullishPattern": false,
  "priceAboveVWAP": false,
  "breakingResistance": false,
  "atrSufficient": false,
  "macdDivergenceBearish": false,
  "rvolMin1": -0.14242665549312905,
  "rvolMin5": -0.2249442833610113,
  "atrPercentileOld": 0.14634146341463414,
  "vwapDeviation": -1.233614424353914,
  "bbWidthPercent": 1.624307120881299,
  "bbSqueeze": true,
  "multiTFMomentum": {
    "min1": {
      "roc1": -0.003545650246929245,
      "roc3": -0.0060629026146267395
    },
    "min5": {
      "roc1": -0.00012708095056551975,
      "roc3": -0.006147368421052586
    },
    "min15": {
      "roc1": -0.00016944844531044859,
      "roc3": -0.006231578947368342
    },
    "hourly": {
      "roc1": -0.008726594933491394,
      "roc3": -0.014861280680335022
    },
    "fourHour": {
      "roc1": -0.01481980464802962,
      "roc3": -0.019895287958115085
    },
    "divergenceShortUpLongDown": false
  },
  "returnZMin5": 0.013414472916266336,
  "wickClosePct": 0.33333333333364173,
  "wickUpper": 0,
  "wickLower": 0.000010000000000010001,
  "wickRatio": 0.5000000000006939,
  "donchianBreakout15": false,
  "bbWidthPercentile15": 0.4675324675324675,
  "signedMin5": -242781,
  "signedMin5Z": -15.749646062714346,
  "signedMin1": 44968.4,
  "signedMin1Z": 6.539152406975515,
  "streakMin1": {
    "upStreak": 0,
    "downStreak": 2
  },
  "streakMin5": {
    "upStreak": 0,
    "downStreak": 3
  },
  "rvolPercentileMin1": 0.7388888888888889,
  "rvolPercentileMin5": 0.6319444444444444,
  "perTfMetrics": {
    "min1": {
      "sma20": 0.23757299999999995,
      "sma50": 0.2377946000000001,
      "ema20": 0.23743800465216705,
      "ema50": 0.23781988844697768,
      "vwma20": 0.23794466662675848,
      "hma21": 0.23706904761904765,
      "atr14": 0.0002607142857142887,
      "atrPercentile": 0.026686807653575024,
      "rvolZ": -0.14242665549312905,
      "rvolPercentile": 0.7388888888888889,
      "mfi14": 3.8176221438158535,
      "ppo": {
        "ppo": -0.11363162695940207,
        "signal": -0.06644988737800829,
        "histogram": -0.04718173958139378
      },
      "stochRsi": {
        "k": 0,
        "d": 32.34748153506376
      },
      "vprofile": {
        "vpBins": [
          0,
          0,
          0.00009758286839903252,
          0.05489174622765175,
          0.012727057951581513,
          0.0025405126932792656,
          0.03363922467843086,
          0.09770534082495845,
          0.302807344552861,
          0.08285496657292915,
          0.026570787876968146,
          0.02198439306221362,
          0.19327531564304737,
          0.01883053055845055,
          0.010536381816874486,
          0.015981466366306332,
          0.0027757782727595246,
          0.02418692136717154,
          0.09265532861722307,
          0.005939320048894151
        ],
        "currentBinShare": 0.05489174622765175
      },
      "ttm": {
        "squeeze": false,
        "release": true,
        "widthPct": 0.8864623722630756
      }
    },
    "min5": {
      "sma20": 0.23763949999999995,
      "sma50": 0.2384378000000001,
      "ema20": 0.23759290428254623,
      "ema50": 0.2380412955760438,
      "vwma20": 0.23784147127904984,
      "hma21": 0.23725099567099575,
      "atr14": 0.0006742857142857185,
      "atrPercentile": 0.14233576642335766,
      "rvolZ": -0.2249442833610113,
      "rvolPercentile": 0.6319444444444444,
      "mfi14": 44.19032997332283,
      "ppo": {
        "ppo": -0.19815968706765763,
        "signal": -0.12984096383356822,
        "histogram": -0.06831872323408941
      },
      "stochRsi": {
        "k": 11.229379189741701,
        "d": 33.08469939364884
      },
      "vprofile": {
        "vpBins": [
          0.026266682179729658,
          0.00013456680222558338,
          0.03176416897333287,
          0.09507487307698899,
          0.02048094102961642,
          0.024072305304295043,
          0.22760594655389021,
          0.032106899434765315,
          0.1644085238869603,
          0.01573692009780445,
          0.11067857925596825,
          0.08640045529036032,
          0.022792748184204997,
          0.06265599873009345,
          0.016042942322972948,
          0.02634027903671094,
          0.015759648538931026,
          0.020144614216279156,
          0.0015329070848699832,
          0
        ],
        "currentBinShare": 0.09507487307698899
      },
      "ttm": {
        "squeeze": false,
        "release": true,
        "widthPct": 1.1999314837412505
      }
    },
    "min15": {
      "sma20": 0.2379965,
      "sma50": 0.23793359999999997,
      "ema20": 0.2376891517291166,
      "ema50": 0.23825534155256814,
      "vwma20": 0.23773410849887464,
      "hma21": 0.23661484848484854,
      "atr14": 0.0009450000000000074,
      "atrPercentile": 0.14634146341463414,
      "rvolZ": -0.310571419617206,
      "rvolPercentile": 0.5416666666666666,
      "mfi14": 36.301052203064685,
      "ppo": {
        "ppo": -0.20967050473547527,
        "signal": -0.11446167741774134,
        "histogram": -0.09520882731773393
      },
      "stochRsi": {
        "k": 0,
        "d": 33.868531738039565
      },
      "vprofile": {
        "vpBins": [
          0,
          0.01571191561718455,
          0.05629294890746725,
          0.010991325306635142,
          0.1577682691982656,
          0.21869488441522414,
          0.03208890715604521,
          0.07475061665066798,
          0.0178754915632745,
          0.036179164316946365,
          0.028616239656982862,
          0.19111529395604543,
          0.033420534561143786,
          0.05623513371540544,
          0.0205553799786124,
          0.006636406025228349,
          0.0151607262339318,
          0.027906762740939107,
          0,
          0
        ],
        "currentBinShare": 0.01571191561718455
      },
      "ttm": {
        "squeeze": false,
        "release": true,
        "widthPct": 1.624307120881299
      }
    },
    "hourly": {
      "sma20": 0.237739,
      "sma50": 0.24010820000000002,
      "ema20": 0.23794324253660593,
      "ema50": 0.24213641347678855,
      "vwma20": 0.23739756452282806,
      "hma21": 0.23761437229437238,
      "atr14": 0.001772142857142859,
      "atrPercentile": 0.018633540372670808,
      "rvolZ": -0.3684541958792283,
      "rvolPercentile": 0.4642857142857143,
      "mfi14": 64.01313950237629,
      "ppo": {
        "ppo": -0.5649390992459151,
        "signal": -0.5188804228308719,
        "histogram": -0.04605867641504324
      },
      "stochRsi": {
        "k": 0,
        "d": 37.43116196445098
      },
      "vprofile": {
        "vpBins": [
          0.012240578738877447,
          0.03603139676043164,
          0.03425205672011653,
          0.028455476169201,
          0.07438877483230509,
          0.07264671549213537,
          0.07923023214479687,
          0.022574212679303835,
          0.02966680724559759,
          0.04764970233835689,
          0.07841617897949944,
          0.11369772187678755,
          0.13033079582008233,
          0.05642902757223811,
          0.06202445832838632,
          0.03279237207165934,
          0.008468414177885747,
          0.018027127960894368,
          0.010783931153426133,
          0.05189401893801833
        ],
        "currentBinShare": 0.012240578738877447
      },
      "ttm": {
        "squeeze": false,
        "release": true,
        "widthPct": 2.2533292676552024
      }
    },
    "fourHour": {
      "sma20": 0.24752949999999996,
      "sma50": 0.25732299999999997,
      "ema20": 0.24583285091628265,
      "ema50": 0.25393954205254043,
      "vwma20": 0.25045673637519905,
      "hma21": 0.22896532467532466,
      "atr14": 0.005489285714285712,
      "atrPercentile": 0.014285714285714285,
      "rvolZ": -0.7908509006319968,
      "rvolPercentile": 0.10714285714285714,
      "mfi14": 26.660109325392966,
      "ppo": {
        "ppo": -2.874505550156976,
        "signal": -2.525174366672657,
        "histogram": -0.34933118348431913
      },
      "stochRsi": {
        "k": 47.3526408803744,
        "d": 25.00393205854044
      },
      "vprofile": {
        "vpBins": [
          0.009710779062000774,
          0,
          0.0924430816644078,
          0.04198653634369601,
          0.031608607922291775,
          0.07230579287060207,
          0.15003605427686337,
          0.12764191311088924,
          0.08558334083218191,
          0.0669910670802752,
          0.07278439902478069,
          0.10841390827323792,
          0.0481661510351383,
          0.04893646778979789,
          0,
          0.008878184130818846,
          0.02301277023910756,
          0.01150094634391069,
          0,
          0
        ],
        "currentBinShare": 0.0924430816644078
      },
      "ttm": {
        "squeeze": false,
        "release": false,
        "widthPct": 19.802705883987812
      }
    },
    "daily": {
      "sma20": 0.27198500000000003,
      "sma50": 0.2758602,
      "ema20": 0.2606100672687652,
      "ema50": 0.29112300633759014,
      "vwma20": 0,
      "hma21": 0.227392987012987,
      "atr14": 0.02917428571428573,
      "atrPercentile": 0.02631578947368421,
      "rvolZ": 0,
      "rvolPercentile": 1,
      "mfi14": 50,
      "ppo": {
        "ppo": -4.932749300993976,
        "signal": -3.540044864538836,
        "histogram": -1.3927044364551397
      },
      "stochRsi": {
        "k": 19.55022897330418,
        "d": 36.17305468319832
      },
      "vprofile": {
        "vpBins": [
          0,
          0,
          0,
          0,
          0,
          0,
          0,
          0,
          0,
          0,
          0,
          0,
          0,
          0,
          0,
          0,
          0,
          0,
          0,
          0
        ],
        "currentBinShare": 0
      },
      "ttm": {
        "squeeze": false,
        "release": false,
        "widthPct": 57.86527123760528
      }
    }
  },
  "smaMin5": 0.23763949999999995,
  "emaMin5": 0.23759290428254623,
  "vwmaMin5": 0.23784147127904984,
  "hmaMin5": 0.23725099567099575,
  "keltner15": {
    "upper": 0.2388921517291166,
    "middle": 0.2376891517291166,
    "lower": 0.23648615172911658
  },
  "superTrend15": {
    "isBull": false,
    "finalUpper": 0.23843600000000004,
    "finalLower": 0.233624
  },
  "mfi15": 36.301052203064685,
  "stochRsi15": {
    "k": 0,
    "d": 33.868531738039565
  },
  "ppo15": {
    "ppo": -0.20967050473547527,
    "signal": -0.11446167741774134,
    "histogram": -0.09520882731773393
  },
  "vpMin15": {
    "vpBins": [
      0,
      0.01571191561718455,
      0.05629294890746725,
      0.010991325306635142,
      0.1577682691982656,
      0.21869488441522414,
      0.03208890715604521,
      0.07475061665066798,
      0.0178754915632745,
      0.036179164316946365,
      0.028616239656982862,
      0.19111529395604543,
      0.033420534561143786,
      0.05623513371540544,
      0.0205553799786124,
      0.006636406025228349,
      0.0151607262339318,
      0.027906762740939107,
      0,
      0
    ],
    "currentBinShare": 0.01571191561718455
  },
  "ttm15": {
    "squeeze": false,
    "release": true,
    "widthPct": 1.624307120881299
  },
  "marketCorrelation": {
    "hourly": {
      "btcCorrelation": 0,
      "ethCorrelation": 0,
      "btcBeta": 1,
      "ethBeta": 1,
      "btcTrend": "UNKNOWN",
      "ethTrend": "UNKNOWN",
      "tokenVol": 0,
      "btcVol": 0,
      "ethVol": 0,
      "marketDependence": 0,
      "verdict": "INSUFFICIENT_DATA"
    },
    "min15": {
      "btcCorrelation": 0,
      "ethCorrelation": 0,
      "btcBeta": 1,
      "ethBeta": 1,
      "btcTrend": "UNKNOWN",
      "ethTrend": "UNKNOWN",
      "tokenVol": 0,
      "btcVol": 0,
      "ethVol": 0,
      "marketDependence": 0,
      "verdict": "INSUFFICIENT_DATA"
    },
    "daily": {
      "btcCorrelation": 0,
      "ethCorrelation": 0,
      "btcBeta": 1,
      "ethBeta": 1,
      "btcTrend": "UNKNOWN",
      "ethTrend": "UNKNOWN",
      "tokenVol": 0,
      "btcVol": 0,
      "ethVol": 0,
      "marketDependence": 0,
      "verdict": "INSUFFICIENT_DATA"
    }
  },
  "tradeTape": {
    "totalTrades": 0,
    "totalVolume": 0,
    "buysVolume": 0,
    "sellsVolume": 0,
    "buySellRatio": 0.5,
    "vwap": 0,
    "signedVolume": 0,
    "avgTradeSize": 0,
    "tradesPerSec": 0,
    "cumulativeDelta": 0,
    "tradesLast1m": 0,
    "tradesLast5m": 0,
    "tradesLast15m": 0,
    "tradesLast1h": 0,
    "buyVWAP": 0,
    "sellVWAP": 0,
    "aggressorVWAP": 0,
    "bucketDurationMs": 60000,
    "bucketCount": 15,
    "bucketSignedVolumes": [],
    "bucketVolumes": [],
    "bucketVWAPs": [],
    "latestBucketSignedZ": 0
  },
  "enhancedMetrics": {
    "relativeVolumeZScore": -1,
    "volumePercentile": 40,
    "atrPercentile": 14.963503649635038,
    "volatilityPercentile": 1.2658227848101267,
    "relativeVolatilityRatio": 0.7923689516126459,
    "isHighVolume": false,
    "isHighVolatility": false,
    "isLowVolatility": true,
    "isExpandingVolatility": false,
    "isContractingVolatility": true
  },
  "orderBook": {
    "bidAskSpread": 0,
    "spreadPct": 0,
    "midPrice": 0,
    "bestBid": 0,
    "bestAsk": 0,
    "bidDepth": 0,
    "askDepth": 0,
    "orderBookImbalance": 0,
    "liquidityScore": 0,
    "depthAt1Pct": {
      "bidVolume": 0,
      "askVolume": 0,
      "imbalance": 0
    },
    "depthAt2Pct": {
      "bidVolume": 0,
      "askVolume": 0,
      "imbalance": 0
    },
    "depthAt5Pct": {
      "bidVolume": 0,
      "askVolume": 0,
      "imbalance": 0
    },
    "weightedMidPrice": 0,
    "volumeWeightedSpread": 0,
    "totalBidLevels": 0,
    "totalAskLevels": 0
  },
  "marketCap": {
    "marketCap": 0,
    "totalVolume24h": 0,
    "volumeToMarketCapRatio": 0,
    "marketCapRank": 0,
    "normalizedRank": 0,
    "isHighLiquidity": false,
    "isVeryHighLiquidity": false,
    "isLowLiquidity": true,
    "liquidityTier": "VERY_LOW"
  },
  "sweeps": {
    "sweepScore": 0,
    "sweepCount": 0,
    "sweepDirection": "NEUTRAL",
    "buySweeps": 0,
    "sellSweeps": 0,
    "avgSweepSize": 0,
    "avgSweepIntensity": 0,
    "bidLiftRatio": 0,
    "askLiftRatio": 0,
    "sweepFrequency": 0,
    "largestSweep": null,
    "recentSweepClusters": 0,
    "sweepDetails": []
  },
  "absorption": {
    "absorptionScore": 0,
    "absorptionLevel": null,
    "absorptionSide": "NONE",
    "icebergProbability": 0,
    "hiddenLiquidityEstimate": 0,
    "volumeAtPrice": {},
    "topAbsorptionLevels": [],
    "persistenceDuration": 0,
    "refillDetected": false
  },
  "orderArrival": {
    "avgInterArrivalTime": 0,
    "recentInterArrivalTime": 0,
    "accelerationRatio": 1,
    "hawkesIntensity": 0,
    "hawkesDirection": "NEUTRAL",
    "clusteringScore": 0,
    "burstCount": 0,
    "cascadeDetected": false,
    "timeToNextTrade": 0,
    "accelerationTrend": "STABLE"
  },
  "liquidityVacuum": {
    "vacuumScore": 0,
    "vacuumSide": "NONE",
    "bidVacuumSeverity": 0,
    "askVacuumSeverity": 0,
    "depthConcentration": 0,
    "priceImpact10k": 0,
    "priceImpact50k": 0,
    "priceImpact100k": 0,
    "largestGapBid": 0,
    "largestGapAsk": 0,
    "avgGapBid": 0,
    "avgGapAsk": 0,
    "bidCliffDistance": 0,
    "askCliffDistance": 0
  },
  "volatilityRegime": {
    "regime": "NORMAL",
    "regimeScore": 0,
    "currentATR": 0.029988,
    "avgATR": 0.042203,
    "atrPercentile": 5.3,
    "realizedVolatility": 151,
    "volPercentile": 86.4,
    "expanding": false,
    "contracting": true,
    "transitionProbability": 0.4,
    "daysInRegime": 1,
    "regimeStrength": 0.59
  },
  "temporalPatterns": {
    "currentHour": 22,
    "currentDay": 0,
    "currentDayName": "Sunday",
    "dayBias": "NEUTRAL",
    "hourlyProfile": [
      {
        "avgVolume": 108407.62,
        "avgATR": 0.004552,
        "avgReturn": -0.113
      },
      {
        "avgVolume": 75067.59,
        "avgATR": 0.004781,
        "avgReturn": 0.21
      },
      {
        "avgVolume": 134528.26,
        "avgATR": 0.005028,
        "avgReturn": 0.407
      },
      {
        "avgVolume": 84319.17,
        "avgATR": 0.004119,
        "avgReturn": -0.377
      },
      {
        "avgVolume": 47278.32,
        "avgATR": 0.003133,
        "avgReturn": -0.011
      },
      {
        "avgVolume": 62205.85,
        "avgATR": 0.004158,
        "avgReturn": -0.316
      },
      {
        "avgVolume": 68360.25,
        "avgATR": 0.003404,
        "avgReturn": -0.087
      },
      {
        "avgVolume": 56803.47,
        "avgATR": 0.003252,
        "avgReturn": 0.089
      },
      {
        "avgVolume": 21699.59,
        "avgATR": 0.002521,
        "avgReturn": 0.108
      },
      {
        "avgVolume": 34876.96,
        "avgATR": 0.003193,
        "avgReturn": 0.067
      },
      {
        "avgVolume": 52546.33,
        "avgATR": 0.003686,
        "avgReturn": -0.097
      },
      {
        "avgVolume": 72358.14,
        "avgATR": 0.003297,
        "avgReturn": -0.032
      },
      {
        "avgVolume": 47400.94,
        "avgATR": 0.003312,
        "avgReturn": -0.315
      },
      {
        "avgVolume": 91225.39,
        "avgATR": 0.004186,
        "avgReturn": 0.39
      },
      {
        "avgVolume": 174743.09,
        "avgATR": 0.005664,
        "avgReturn": 0.276
      },
      {
        "avgVolume": 213347.83,
        "avgATR": 0.007497,
        "avgReturn": -0.899
      },
      {
        "avgVolume": 131120.59,
        "avgATR": 0.005137,
        "avgReturn": -0.56
      },
      {
        "avgVolume": 153124.88,
        "avgATR": 0.00564,
        "avgReturn": 1.028
      },
      {
        "avgVolume": 145275.91,
        "avgATR": 0.004251,
        "avgReturn": -0.455
      },
      {
        "avgVolume": 101096.14,
        "avgATR": 0.004715,
        "avgReturn": -0.792
      },
      {
        "avgVolume": 157058.7,
        "avgATR": 0.004533,
        "avgReturn": -0.334
      },
      {
        "avgVolume": 139287.98,
        "avgATR": 0.00468,
        "avgReturn": -0.05
      },
      {
        "avgVolume": 82659.73,
        "avgATR": 0.004572,
        "avgReturn": 0.47
      },
      {
        "avgVolume": 78077.64,
        "avgATR": 0.004196,
        "avgReturn": -0.121
      }
    ],
    "dailyProfile": [
      {
        "avgVolume": 97654.45,
        "avgATR": 0.003714,
        "avgReturn": -0.001
      },
      {
        "avgVolume": 144905.53,
        "avgATR": 0.005297,
        "avgReturn": -0.186
      },
      {
        "avgVolume": 88554.49,
        "avgATR": 0.003995,
        "avgReturn": -0.163
      },
      {
        "avgVolume": 83428.45,
        "avgATR": 0.00478,
        "avgReturn": 0.252
      },
      {
        "avgVolume": 81194.78,
        "avgATR": 0.004216,
        "avgReturn": -0.276
      },
      {
        "avgVolume": 144837.2,
        "avgATR": 0.00516,
        "avgReturn": 0.06
      },
      {
        "avgVolume": 40696.69,
        "avgATR": 0.003037,
        "avgReturn": -0.13
      }
    ],
    "favorableHours": [
      15,
      14,
      20,
      17,
      18,
      21
    ],
    "favorableWindow": false,
    "currentVsAvgVolume": 0,
    "currentVsAvgVolatility": 0,
    "anomalyDetected": true,
    "timeUntilFavorable": 16,
    "temporalScore": 0
  },
  "unifiedMicrostructure": {
    "signalDirections": {
      "vpin": "NEUTRAL",
      "sweeps": "NEUTRAL",
      "absorption": "NEUTRAL",
      "arrival": "NEUTRAL",
      "vacuum": "NONE",
      "volRegime": "NEUTRAL",
      "temporal": "UNFAVORABLE"
    },
    "consensusDirection": "BEARISH",
    "consensusStrength": 50,
    "bullishSignals": 0,
    "bearishSignals": 1,
    "neutralSignals": 1,
    "totalAvailableSignals": 2,
    "dominantPattern": "NONE",
    "clusters": {
      "strongBuyCluster": false,
      "distributionPattern": false,
      "accumulationPattern": false,
      "momentumCascade": false
    },
    "adaptiveWeights": {
      "vpin": 0,
      "sweeps": 0,
      "absorption": 0,
      "arrival": 0,
      "vacuum": 0,
      "volRegime": 0.021,
      "temporal": 0.02
    },
    "convictionLevel": "LOW",
    "convictionScore": 30,
    "riskAdjustment": "REDUCE",
    "timingQuality": "UNFAVORABLE",
    "signalQuality": "LOW"
  },
  "deltaAnalysis": {
    "currentDelta": 0,
    "cumulativeDelta": 0,
    "deltaPerVolume": 0,
    "deltaDirection": "NEUTRAL",
    "deltaDivergence": false,
    "institutionalRatio": 0,
    "aggressionScore": 0
  },
  "volumeProfile": {
    "pointOfControl": 0,
    "valueAreaHigh": 0,
    "valueAreaLow": 0,
    "currentPosition": "ABOVE_VALUE_AREA",
    "volumeNodes": [],
    "airPockets": []
  },
  "momentumCascade": {
    "cascadeDetected": false,
    "alignmentScore": -0.008182816466013536,
    "cascadeStrength": 0,
    "acceleratingTimeframes": [],
    "divergingTimeframes": [
      "1m",
      "5m",
      "15m",
      "1h"
    ]
  },
  "breakoutConfirmation": {
    "breakoutConfirmed": false,
    "volumeConfirmation": false,
    "retestStrength": 0,
    "falseBreakoutRisk": 0,
    "breakoutQuality": "NO_BREAKOUT"
  },
  "liquidityHeatmap": {
    "liquidityScore": 0,
    "magnetDirection": "NONE",
    "magnetStrength": 0,
    "priceTarget5pct": null,
    "message": "No order book data"
  },
  "smartMoneyDivergence": {
    "divergenceDetected": false,
    "divergenceDirection": "NONE",
    "smartMoneyScore": 0.5,
    "message": "Insufficient trade data"
  },
  "microstructure": {
    "raw": -0.02347177307585697,
    "pct": 50,
    "summary": {
      "latestBucketSignedZ": 0,
      "buySellRatio": 0.5,
      "tradesPerSec": 0,
      "vwap": 0,
      "aggressorVWAP": 0,
      "vpinToxicity": "UNKNOWN",
      "sweepDirection": "NEUTRAL",
      "absorptionSide": "NONE",
      "icebergDetected": false,
      "hawkesDirection": "NEUTRAL",
      "cascadeDetected": false,
      "vacuumSide": "NONE",
      "volatilityRegime": "NORMAL",
      "volExpanding": false,
      "favorableTimeWindow": false,
      "temporalAnomaly": true,
      "consensusDirection": "BEARISH",
      "consensusStrength": 50,
      "dominantPattern": "NONE",
      "convictionLevel": "LOW",
      "riskAdjustment": "REDUCE",
      "timingQuality": "UNFAVORABLE",
      "deltaDirection": "NEUTRAL",
      "deltaDivergence": false,
      "institutionalRatio": 0,
      "volumeProfilePosition": "ABOVE_VALUE_AREA",
      "pointOfControl": 0,
      "momentumCascadeDetected": false,
      "cascadeStrength": 0,
      "breakoutQuality": "NO_BREAKOUT",
      "breakoutConfirmed": false,
      "magnetDirection": "NONE",
      "magnetStrength": 0,
      "priceTarget5pct": null,
      "nearestBidWall": 0,
      "nearestAskWall": 0,
      "divergenceDetected": false,
      "divergenceDirection": "NONE",
      "whaleAccumulation": false,
      "whaleDistribution": false,
      "retailPanic": false,
      "smartMoneyScore": 0.5
    }
  }
}

=== MICROSTRUCTURE ALERTS ===

🔬 VPIN: Insufficient data for VPIN analysis

🌊 SWEEP DETECTION: No significant sweeps detected

🧊 ABSORPTION & ICEBERG: No significant absorption or iceberg orders detected

⚡ ORDER ARRIVAL DYNAMICS: Insufficient trades for analysis

🌪️ LIQUIDITY VACUUM: No significant vacuum detected

📊 VOLATILITY REGIME DETECTION:
   Current Regime: NORMAL
   Regime Score: 0.00 (-1=low vol, +1=extreme vol)
   Days in Regime: 1
   ATR: $0.029988 (avg: $0.042203)
   ATR Percentile: 5.3%
   Realized Volatility: 151.00% (annualized)
   Vol Percentile: 86.4%

   ⚪ NORMAL VOLATILITY:
   📊 Balanced market conditions
   ✅ Standard risk management applies

   📉 VOLATILITY CONTRACTING:
   🔄 Consolidation phase - accumulation likely
   ⏳ Wait for expansion before entering

   📍 MODERATE REGIME TRANSITION PROBABILITY: 40%
   Monitor for potential regime change

   ⚠️ NEW REGIME: Only 1 day(s) - conditions still settling

⏰ TEMPORAL PATTERN ANALYSIS:
   Current Time: Sunday 22:00 UTC
   Day Bias: NEUTRAL
   Current vs Avg Volume: 0x
   Current vs Avg Volatility: 0x

   ⏳ NON-FAVORABLE TIME WINDOW:
   This hour typically shows weaker activity
   Next favorable window in 16 hour(s)

   ⚠️ LOW ACTIVITY ANOMALY:
   Volume 0x below typical - Extremely quiet

   📉 LOW VOLATILITY ANOMALY:
   Volatility 0x below typical - Consolidation likely

   🔥 Best Trading Hours (UTC): 15:00, 14:00, 20:00

🎯 UNIFIED MICROSTRUCTURE INTEGRATION:
   Signal Consensus: BEARISH (50% agreement)
   Available Signals: 2 (0 bullish / 1 bearish / 1 neutral)
   Conviction Level: LOW (30%)
   Signal Quality: LOW
   Risk Adjustment: REDUCE
   Timing Quality: UNFAVORABLE

   ⚠️ LOW CONVICTION: Only 50% signal agreement
   Weak alignment - Reduce position size or wait for clarity

   ⚠️ RISK REDUCTION RECOMMENDED: Extreme volatility or unfavorable timing detected

   ⏰ UNFAVORABLE TIMING: Avoid trading during this hour

   Signal Directions Breakdown:
   • VPIN: NEUTRAL
   • Sweeps: NEUTRAL
   • Absorption: NEUTRAL
   • Arrival Dynamics: NEUTRAL
   • Liquidity Vacuum: NONE
   • Vol Regime: NEUTRAL
   • Temporal: UNFAVORABLE

   Adaptive Weights (Total: 4.1%):
   • VPIN: 0.0%
   • Sweeps: 0.0%
   • Absorption: 0.0%
   • Arrival: 0.0%
   • Vacuum: 0.0%
   • Vol Regime: 2.1%
   • Temporal: 2.0%


💹 DELTA ANALYSIS (Order Flow Aggression):
   Direction: NEUTRAL
   Delta Per Volume: 0.00%
   Institutional Ratio: 0.0%
   Aggression Score: 0.0%

📊 VOLUME PROFILE (Support/Resistance Strength):
   Point of Control (POC): $0.000000
   Value Area High: $0.000000
   Value Area Low: $0.000000
   Current Position: ABOVE_VALUE_AREA
   ⚠️ DISTRIBUTION RISK: Price above value area - potential rejection zone

⚡ MOMENTUM CASCADE (Multi-Timeframe Alignment):
   Cascade Detected: NO
   Alignment Score: -0.8%
   Cascade Strength: 0.0%
   Accelerating: None
   Diverging: 1m, 5m, 15m, 1h

💥 BREAKOUT CONFIRMATION:
   Quality: NO_BREAKOUT
   Volume Confirmation: NO
   Retest Strength: 0.0%
   False Breakout Risk: 0.0%
   No breakout detected - price below resistance


levels:
Entry=0.23556792, StopLoss=0.22967872199999997, TakeProfit=0.2370312375, 0.23849455499999997, 0.239665209

---

=== Token: HONEY (HONEY) ===
Contract: HONEY-USD
Timestamp: 2025-11-16T16:00:00.000Z

Calculations:
{
  "momentumScore": 93.05744949494948,
  "volumeScore": 15.001724960875668,
  "patternScore": 35,
  "totalScore": 35.205737848753984,
  "finalScore": 35.205737848753984,
  "weights": "0.23,0.45,0.23",
  "hourlyUptrend": false,
  "rsi": 50,
  "ultraShortVolumeSurge": 0.2435601533780388,
  "baseVolumeSurge": 0.028666821613459802,
  "currentPrice": 0.0088,
  "resistance": 0.009,
  "support": 0.0088,
  "rocMin5": -0.011235955056179707,
  "shortROC": 0,
  "priceAcceleration": -0.002808988764044927,
  "buySellRatio": 0,
  "macdHistogram": 0.000001724960875667647,
  "stochasticK": 0,
  "atr": 0.0000428571428571426,
  "bbUpper": 0.008848588989435406,
  "bbLower": 0.008761411010564595,
  "hammerDetected": false,
  "engulfingDetected": false,
  "compressionSpring": {
    "detected": true,
    "confidence": 44,
    "signals": {
      "sidewaysPrice": true,
      "atrCompression": false,
      "bbSqueeze": true,
      "consolidationTime": true,
      "strongBuying": false,
      "obvPositive": false,
      "chaikinPositive": false,
      "rsiNeutral": true,
      "volumeBuilding": false
    },
    "metrics": {
      "priceRange": 2.27,
      "atrRatio": 0.857,
      "bbWidth": 0.99,
      "volumeRatio": 5.258,
      "signalCount": 4,
      "buySellRatio": 0
    }
  },
  "riskTier": "MEDIUM",
  "atrPercent": 0.730519480519476,
  "distanceToResistance": 2.2727272727272587,
  "slPercent": 3,
  "tpPercent": 1.9318181818181699,
  "trailingActivation": 1.1590909090909018,
  "shortMomentumScore": 40,
  "overboughtScore": 0,
  "shortPatternScore": 0,
  "shootingStarDetected": false,
  "bearishEngulfingDetected": false,
  "eveningStarDetected": false,
  "bearishPatternsCount": 0,
  "shortTotalScore": 16,
  "chaikin": -0.7570696232112277,
  "obvIncreasing": true,
  "obvTrend": "increasing",
  "adx": 100,
  "recentCandles": {
    "redCount": 3,
    "greenCount": 7
  },
  "resistanceDistance": 2.2727272727272587,
  "multiplePatterns": false,
  "bullishPattern": false,
  "priceAboveVWAP": true,
  "breakingResistance": false,
  "atrSufficient": false,
  "macdDivergenceBearish": false,
  "rvolMin1": -0.23895199897063596,
  "rvolMin5": -0.2784341977154837,
  "atrPercentileOld": 0.32926829268292684,
  "vwapDeviation": 0.0655893463912455,
  "bbWidthPercent": 0.9900962960909889,
  "bbSqueeze": true,
  "multiTFMomentum": {
    "min1": {
      "roc1": 0,
      "roc3": -0.011235955056179707
    },
    "min5": {
      "roc1": 0,
      "roc3": -0.011235955056179707
    },
    "min15": {
      "roc1": 0,
      "roc3": 0
    },
    "hourly": {
      "roc1": 0,
      "roc3": 0
    },
    "fourHour": {
      "roc1": 0,
      "roc3": 0
    },
    "divergenceShortUpLongDown": false
  },
  "returnZMin5": -0.0007989782169152859,
  "wickClosePct": 0,
  "wickUpper": 0,
  "wickLower": 0,
  "wickRatio": 0,
  "donchianBreakout15": false,
  "bbWidthPercentile15": 0.2857142857142857,
  "signedMin5": 3189594.2000000016,
  "signedMin5Z": 28.928522478819943,
  "signedMin1": 2308465.4000000004,
  "signedMin1Z": 21.63272530599738,
  "streakMin1": {
    "upStreak": 0,
    "downStreak": 0
  },
  "streakMin5": {
    "upStreak": 0,
    "downStreak": 0
  },
  "rvolPercentileMin1": 0.34097222222222223,
  "rvolPercentileMin5": 0.4340277777777778,
  "perTfMetrics": {
    "min1": {
      "sma20": 0.008845000000000002,
      "sma50": 0.008819999999999996,
      "ema20": 0.008846248719874406,
      "ema50": 0.008829156164212842,
      "vwma20": 0.008810789118726363,
      "hma21": 0.008902597402597403,
      "atr14": 0.0000428571428571426,
      "atrPercentile": 0.45417925478348437,
      "rvolZ": -0.23895199897063596,
      "rvolPercentile": 0.34097222222222223,
      "mfi14": 1.857999753558076,
      "ppo": {
        "ppo": 0.10067380508756021,
        "signal": 0.2015400825656238,
        "histogram": -0.10086627747806359
      },
      "stochRsi": {
        "k": 66.66666666666666,
        "d": 50
      },
      "vprofile": {
        "vpBins": [
          0,
          0,
          0,
          0,
          0,
          0,
          0.9082828136816689,
          0,
          0,
          0,
          0,
          0,
          0,
          0.09168110434646336,
          0,
          0,
          0,
          0,
          0,
          0.00003608197186774454
        ],
        "currentBinShare": 0.9082828136816689
      },
      "ttm": {
        "squeeze": false,
        "release": false,
        "widthPct": 2.6658736286153784
      }
    },
    "min5": {
      "sma20": 0.008815,
      "sma50": 0.008805999999999993,
      "ema20": 0.008819209863548725,
      "ema50": 0.008810120027453046,
      "vwma20": 0.008802060535604663,
      "hma21": 0.00884025974025974,
      "atr14": 0.0000428571428571426,
      "atrPercentile": 0.3795620437956204,
      "rvolZ": -0.2784341977154837,
      "rvolPercentile": 0.4340277777777778,
      "mfi14": 67.72222342304752,
      "ppo": {
        "ppo": 0.08519520583923229,
        "signal": 0.09773900243487786,
        "histogram": -0.01254379659564557
      },
      "stochRsi": {
        "k": 100,
        "d": 50
      },
      "vprofile": {
        "vpBins": [
          0,
          0,
          0,
          0,
          0.1506883961006691,
          0,
          0,
          0,
          0,
          0,
          0.7146648616858764,
          0,
          0,
          0,
          0,
          0.12845145020041276,
          0,
          0,
          0,
          0.006195292013041823
        ],
        "currentBinShare": 0.7146648616858764
      },
      "ttm": {
        "squeeze": false,
        "release": false,
        "widthPct": 1.620290057525294
      }
    },
    "min15": {
      "sma20": 0.008805,
      "sma50": 0.00880199999999999,
      "ema20": 0.008808079927889123,
      "ema50": 0.008805673704649762,
      "vwma20": 0.008801906484528894,
      "hma21": 0.008813419913419916,
      "atr14": 0.0000642857142857139,
      "atrPercentile": 0.32926829268292684,
      "rvolZ": -0.20862611234022754,
      "rvolPercentile": 0.6041666666666666,
      "mfi14": 72.88794082578333,
      "ppo": {
        "ppo": 0.04596513038711079,
        "signal": 0.02362642902232714,
        "histogram": 0.022338701364783647
      },
      "stochRsi": {
        "k": 100,
        "d": 33.333333333333336
      },
      "vprofile": {
        "vpBins": [
          0.05608668367533805,
          0,
          0,
          0,
          0.06731167052326244,
          0,
          0,
          0,
          0,
          0,
          0.7775014952971036,
          0,
          0,
          0,
          0,
          0.09533678468597159,
          0,
          0,
          0,
          0.0037633658183242953
        ],
        "currentBinShare": 0.7775014952971036
      },
      "ttm": {
        "squeeze": true,
        "release": false,
        "widthPct": 0.9900962960909889
      }
    },
    "hourly": {
      "sma20": 0.008810000000000002,
      "sma50": 0.00870399999999999,
      "ema20": 0.00879477509097671,
      "ema50": 0.008845666771501174,
      "vwma20": 0.008809550905341077,
      "hma21": 0.00879047619047619,
      "atr14": 0.0001642857142857139,
      "atrPercentile": 0.06521739130434782,
      "rvolZ": -0.358618157779551,
      "rvolPercentile": 0.2976190476190476,
      "mfi14": 44.14640911045886,
      "ppo": {
        "ppo": 0.11058794304320267,
        "signal": 0.15472372995704028,
        "histogram": -0.04413578691383761
      },
      "stochRsi": {
        "k": 0,
        "d": 44.44444444444448
      },
      "vprofile": {
        "vpBins": [
          0.008945693138496358,
          0.04489418580972123,
          0.09614630220728944,
          0.02527745278181012,
          0.019290252806041647,
          0.07683687792780894,
          0.04913692355585601,
          0.07617100808721151,
          0.28282089404359806,
          0.08467111126775531,
          0.12944066924803962,
          0.03623501543168852,
          0.0701336136946833,
          0,
          0,
          0,
          0,
          0,
          0,
          0
        ],
        "currentBinShare": 0.09614630220728944
      },
      "ttm": {
        "squeeze": true,
        "release": false,
        "widthPct": 2.4450237489827273
      }
    },
    "fourHour": {
      "sma20": 0.008895,
      "sma50": 0.009496,
      "ema20": 0.00897115966829087,
      "ema50": 0.009400233113882385,
      "vwma20": 0.00889992886287707,
      "hma21": 0.00852987012987013,
      "atr14": 0.0003928571428571428,
      "atrPercentile": 0.21428571428571427,
      "rvolZ": -0.5011348166524446,
      "rvolPercentile": 0.17857142857142858,
      "mfi14": 32.69643739543345,
      "ppo": {
        "ppo": -2.6119961162754644,
        "signal": -3.011476520740715,
        "histogram": 0.3994804044652507
      },
      "stochRsi": {
        "k": 100,
        "d": 41.403508771929836
      },
      "vprofile": {
        "vpBins": [
          0.013904695955711276,
          0.04012050041151192,
          0.09127424737724815,
          0.19407044977696192,
          0.2128801223691735,
          0.08432696761199907,
          0.002657109606754759,
          0.04680445814413657,
          0.01887595257250659,
          0.0554379358612306,
          0.025774803005601376,
          0.13938848022533756,
          0,
          0,
          0,
          0,
          0.0744842770818268,
          0,
          0,
          0
        ],
        "currentBinShare": 0.04012050041151192
      },
      "ttm": {
        "squeeze": false,
        "release": false,
        "widthPct": 15.081413232363367
      }
    },
    "daily": {
      "sma20": 0.010005,
      "sma50": 0.011524000000000003,
      "ema20": 0.009877168410568305,
      "ema50": 0.011430872966252522,
      "vwma20": 0,
      "hma21": 0.008867965367965368,
      "atr14": 0.0016428571428571427,
      "atrPercentile": 0.8421052631578947,
      "rvolZ": 0,
      "rvolPercentile": 1,
      "mfi14": 50,
      "ppo": {
        "ppo": -7.317435961362636,
        "signal": -6.170409828039017,
        "histogram": -1.1470261333236191
      },
      "stochRsi": {
        "k": 37.83442483333827,
        "d": 33.22124861340549
      },
      "vprofile": {
        "vpBins": [
          0,
          0,
          0,
          0,
          0,
          0,
          0,
          0,
          0,
          0,
          0,
          0,
          0,
          0,
          0,
          0,
          0,
          0,
          0,
          0
        ],
        "currentBinShare": 0
      },
      "ttm": {
        "squeeze": false,
        "release": false,
        "widthPct": 46.85471253856868
      }
    }
  },
  "smaMin5": 0.008815,
  "emaMin5": 0.008819209863548725,
  "vwmaMin5": 0.008802060535604663,
  "hmaMin5": 0.00884025974025974,
  "keltner15": {
    "upper": 0.008913079927889122,
    "middle": 0.008808079927889123,
    "lower": 0.008703079927889124
  },
  "superTrend15": {
    "isBull": true,
    "finalUpper": 0.009009999999999999,
    "finalLower": 0.008590000000000002
  },
  "mfi15": 72.88794082578333,
  "stochRsi15": {
    "k": 100,
    "d": 33.333333333333336
  },
  "ppo15": {
    "ppo": 0.04596513038711079,
    "signal": 0.02362642902232714,
    "histogram": 0.022338701364783647
  },
  "vpMin15": {
    "vpBins": [
      0.05608668367533805,
      0,
      0,
      0,
      0.06731167052326244,
      0,
      0,
      0,
      0,
      0,
      0.7775014952971036,
      0,
      0,
      0,
      0,
      0.09533678468597159,
      0,
      0,
      0,
      0.0037633658183242953
    ],
    "currentBinShare": 0.7775014952971036
  },
  "ttm15": {
    "squeeze": true,
    "release": false,
    "widthPct": 0.9900962960909889
  },
  "marketCorrelation": {
    "hourly": {
      "btcCorrelation": 0,
      "ethCorrelation": 0,
      "btcBeta": 1,
      "ethBeta": 1,
      "btcTrend": "UNKNOWN",
      "ethTrend": "UNKNOWN",
      "tokenVol": 0,
      "btcVol": 0,
      "ethVol": 0,
      "marketDependence": 0,
      "verdict": "INSUFFICIENT_DATA"
    },
    "min15": {
      "btcCorrelation": 0,
      "ethCorrelation": 0,
      "btcBeta": 1,
      "ethBeta": 1,
      "btcTrend": "UNKNOWN",
      "ethTrend": "UNKNOWN",
      "tokenVol": 0,
      "btcVol": 0,
      "ethVol": 0,
      "marketDependence": 0,
      "verdict": "INSUFFICIENT_DATA"
    },
    "daily": {
      "btcCorrelation": 0,
      "ethCorrelation": 0,
      "btcBeta": 1,
      "ethBeta": 1,
      "btcTrend": "UNKNOWN",
      "ethTrend": "UNKNOWN",
      "tokenVol": 0,
      "btcVol": 0,
      "ethVol": 0,
      "marketDependence": 0,
      "verdict": "INSUFFICIENT_DATA"
    }
  },
  "tradeTape": {
    "totalTrades": 0,
    "totalVolume": 0,
    "buysVolume": 0,
    "sellsVolume": 0,
    "buySellRatio": 0.5,
    "vwap": 0,
    "signedVolume": 0,
    "avgTradeSize": 0,
    "tradesPerSec": 0,
    "cumulativeDelta": 0,
    "tradesLast1m": 0,
    "tradesLast5m": 0,
    "tradesLast15m": 0,
    "tradesLast1h": 0,
    "buyVWAP": 0,
    "sellVWAP": 0,
    "aggressorVWAP": 0,
    "bucketDurationMs": 60000,
    "bucketCount": 15,
    "bucketSignedVolumes": [],
    "bucketVolumes": [],
    "bucketVWAPs": [],
    "latestBucketSignedZ": 0
  },
  "enhancedMetrics": {
    "relativeVolumeZScore": -1,
    "volumePercentile": 40,
    "atrPercentile": 40.14598540145985,
    "volatilityPercentile": 8.227848101265822,
    "relativeVolatilityRatio": 0.5144416091001641,
    "isHighVolume": false,
    "isHighVolatility": false,
    "isLowVolatility": true,
    "isExpandingVolatility": false,
    "isContractingVolatility": true
  },
  "orderBook": {
    "bidAskSpread": 0,
    "spreadPct": 0,
    "midPrice": 0,
    "bestBid": 0,
    "bestAsk": 0,
    "bidDepth": 0,
    "askDepth": 0,
    "orderBookImbalance": 0,
    "liquidityScore": 0,
    "depthAt1Pct": {
      "bidVolume": 0,
      "askVolume": 0,
      "imbalance": 0
    },
    "depthAt2Pct": {
      "bidVolume": 0,
      "askVolume": 0,
      "imbalance": 0
    },
    "depthAt5Pct": {
      "bidVolume": 0,
      "askVolume": 0,
      "imbalance": 0
    },
    "weightedMidPrice": 0,
    "volumeWeightedSpread": 0,
    "totalBidLevels": 0,
    "totalAskLevels": 0
  },
  "marketCap": {
    "marketCap": 0,
    "totalVolume24h": 0,
    "volumeToMarketCapRatio": 0,
    "marketCapRank": 0,
    "normalizedRank": 0,
    "isHighLiquidity": false,
    "isVeryHighLiquidity": false,
    "isLowLiquidity": true,
    "liquidityTier": "VERY_LOW"
  },
  "sweeps": {
    "sweepScore": 0,
    "sweepCount": 0,
    "sweepDirection": "NEUTRAL",
    "buySweeps": 0,
    "sellSweeps": 0,
    "avgSweepSize": 0,
    "avgSweepIntensity": 0,
    "bidLiftRatio": 0,
    "askLiftRatio": 0,
    "sweepFrequency": 0,
    "largestSweep": null,
    "recentSweepClusters": 0,
    "sweepDetails": []
  },
  "absorption": {
    "absorptionScore": 0,
    "absorptionLevel": null,
    "absorptionSide": "NONE",
    "icebergProbability": 0,
    "hiddenLiquidityEstimate": 0,
    "volumeAtPrice": {},
    "topAbsorptionLevels": [],
    "persistenceDuration": 0,
    "refillDetected": false
  },
  "orderArrival": {
    "avgInterArrivalTime": 0,
    "recentInterArrivalTime": 0,
    "accelerationRatio": 1,
    "hawkesIntensity": 0,
    "hawkesDirection": "NEUTRAL",
    "clusteringScore": 0,
    "burstCount": 0,
    "cascadeDetected": false,
    "timeToNextTrade": 0,
    "accelerationTrend": "STABLE"
  },
  "liquidityVacuum": {
    "vacuumScore": 0,
    "vacuumSide": "NONE",
    "bidVacuumSeverity": 0,
    "askVacuumSeverity": 0,
    "depthConcentration": 0,
    "priceImpact10k": 0,
    "priceImpact50k": 0,
    "priceImpact100k": 0,
    "largestGapBid": 0,
    "largestGapAsk": 0,
    "avgGapBid": 0,
    "avgGapAsk": 0,
    "bidCliffDistance": 0,
    "askCliffDistance": 0
  },
  "volatilityRegime": {
    "regime": "EXTREME",
    "regimeScore": 1,
    "currentATR": 0.001715,
    "avgATR": 0.001554,
    "atrPercentile": 85.5,
    "realizedVolatility": 157.23,
    "volPercentile": 93.2,
    "expanding": true,
    "contracting": false,
    "transitionProbability": 0.4,
    "daysInRegime": 12,
    "regimeStrength": 0.94
  },
  "temporalPatterns": {
    "currentHour": 22,
    "currentDay": 0,
    "currentDayName": "Sunday",
    "dayBias": "NEUTRAL",
    "hourlyProfile": [
      {
        "avgVolume": 1343771.06,
        "avgATR": 0.000343,
        "avgReturn": -0.193
      },
      {
        "avgVolume": 1269800.26,
        "avgATR": 0.000329,
        "avgReturn": -0.752
      },
      {
        "avgVolume": 894990.94,
        "avgATR": 0.000264,
        "avgReturn": 0.102
      },
      {
        "avgVolume": 1781297.84,
        "avgATR": 0.00035,
        "avgReturn": 0.541
      },
      {
        "avgVolume": 1477842.49,
        "avgATR": 0.000257,
        "avgReturn": -0.143
      },
      {
        "avgVolume": 1116663.68,
        "avgATR": 0.000279,
        "avgReturn": -0.771
      },
      {
        "avgVolume": 1007489.04,
        "avgATR": 0.000214,
        "avgReturn": -0.257
      },
      {
        "avgVolume": 1010850.08,
        "avgATR": 0.000207,
        "avgReturn": 0.293
      },
      {
        "avgVolume": 1045503.84,
        "avgATR": 0.000271,
        "avgReturn": 0.203
      },
      {
        "avgVolume": 1155469.84,
        "avgATR": 0.000221,
        "avgReturn": -0.031
      },
      {
        "avgVolume": 1202677.36,
        "avgATR": 0.000271,
        "avgReturn": -0.53
      },
      {
        "avgVolume": 1248515.82,
        "avgATR": 0.000279,
        "avgReturn": 0.112
      },
      {
        "avgVolume": 4983612.21,
        "avgATR": 0.000693,
        "avgReturn": 3.072
      },
      {
        "avgVolume": 3616225.3,
        "avgATR": 0.000514,
        "avgReturn": -0.629
      },
      {
        "avgVolume": 3344793.41,
        "avgATR": 0.000436,
        "avgReturn": -0.868
      },
      {
        "avgVolume": 3302758.24,
        "avgATR": 0.00045,
        "avgReturn": 0.024
      },
      {
        "avgVolume": 3977837.06,
        "avgATR": 0.000436,
        "avgReturn": 0.075
      },
      {
        "avgVolume": 2976751.23,
        "avgATR": 0.000469,
        "avgReturn": -0.53
      },
      {
        "avgVolume": 4205405.24,
        "avgATR": 0.000571,
        "avgReturn": 1.034
      },
      {
        "avgVolume": 2447266.7,
        "avgATR": 0.000471,
        "avgReturn": -0.123
      },
      {
        "avgVolume": 2568221.55,
        "avgATR": 0.0004,
        "avgReturn": -0.3
      },
      {
        "avgVolume": 3442887.36,
        "avgATR": 0.000464,
        "avgReturn": -0.183
      },
      {
        "avgVolume": 2009531.08,
        "avgATR": 0.000379,
        "avgReturn": -0.657
      },
      {
        "avgVolume": 1556329.17,
        "avgATR": 0.000343,
        "avgReturn": 0.608
      }
    ],
    "dailyProfile": [
      {
        "avgVolume": 1034644.98,
        "avgATR": 0.000287,
        "avgReturn": 0.12
      },
      {
        "avgVolume": 1385012.35,
        "avgATR": 0.000306,
        "avgReturn": -0.112
      },
      {
        "avgVolume": 5584735.45,
        "avgATR": 0.000717,
        "avgReturn": 0.646
      },
      {
        "avgVolume": 2181299.37,
        "avgATR": 0.000402,
        "avgReturn": -0.168
      },
      {
        "avgVolume": 1223316.2,
        "avgATR": 0.000256,
        "avgReturn": -0.301
      },
      {
        "avgVolume": 2451501.84,
        "avgATR": 0.000315,
        "avgReturn": -0.218
      },
      {
        "avgVolume": 1553422.43,
        "avgATR": 0.000313,
        "avgReturn": 0.075
      }
    ],
    "favorableHours": [
      12,
      18,
      16,
      13,
      21,
      14
    ],
    "favorableWindow": false,
    "currentVsAvgVolume": 0,
    "currentVsAvgVolatility": 0,
    "anomalyDetected": true,
    "timeUntilFavorable": 14,
    "temporalScore": 0
  },
  "unifiedMicrostructure": {
    "signalDirections": {
      "vpin": "NEUTRAL",
      "sweeps": "NEUTRAL",
      "absorption": "NEUTRAL",
      "arrival": "NEUTRAL",
      "vacuum": "NONE",
      "volRegime": "UNFAVORABLE",
      "temporal": "UNFAVORABLE"
    },
    "consensusDirection": "BEARISH",
    "consensusStrength": 100,
    "bullishSignals": 0,
    "bearishSignals": 2,
    "neutralSignals": 0,
    "totalAvailableSignals": 2,
    "dominantPattern": "NONE",
    "clusters": {
      "strongBuyCluster": false,
      "distributionPattern": false,
      "accumulationPattern": false,
      "momentumCascade": false
    },
    "adaptiveWeights": {
      "vpin": 0,
      "sweeps": 0,
      "absorption": 0,
      "arrival": 0,
      "vacuum": 0,
      "volRegime": 0.021,
      "temporal": 0.012
    },
    "convictionLevel": "HIGH",
    "convictionScore": 100,
    "riskAdjustment": "REDUCE",
    "timingQuality": "UNFAVORABLE",
    "signalQuality": "LOW"
  },
  "deltaAnalysis": {
    "currentDelta": 0,
    "cumulativeDelta": 0,
    "deltaPerVolume": 0,
    "deltaDirection": "NEUTRAL",
    "deltaDivergence": false,
    "institutionalRatio": 0,
    "aggressionScore": 0
  },
  "volumeProfile": {
    "pointOfControl": 0,
    "valueAreaHigh": 0,
    "valueAreaLow": 0,
    "currentPosition": "ABOVE_VALUE_AREA",
    "volumeNodes": [],
    "airPockets": []
  },
  "momentumCascade": {
    "cascadeDetected": false,
    "alignmentScore": -0.004397344228804876,
    "cascadeStrength": 0,
    "acceleratingTimeframes": [],
    "divergingTimeframes": [
      "1m",
      "5m"
    ]
  },
  "breakoutConfirmation": {
    "breakoutConfirmed": false,
    "volumeConfirmation": false,
    "retestStrength": 0,
    "falseBreakoutRisk": 0,
    "breakoutQuality": "NO_BREAKOUT"
  },
  "liquidityHeatmap": {
    "liquidityScore": 0,
    "magnetDirection": "NONE",
    "magnetStrength": 0,
    "priceTarget5pct": null,
    "message": "No order book data"
  },
  "smartMoneyDivergence": {
    "divergenceDetected": false,
    "divergenceDirection": "NONE",
    "smartMoneyScore": 0.5,
    "message": "Insufficient trade data"
  },
  "microstructure": {
    "raw": -0.035796452000369586,
    "pct": 49,
    "summary": {
      "latestBucketSignedZ": 0,
      "buySellRatio": 0.5,
      "tradesPerSec": 0,
      "vwap": 0,
      "aggressorVWAP": 0,
      "vpinToxicity": "UNKNOWN",
      "sweepDirection": "NEUTRAL",
      "absorptionSide": "NONE",
      "icebergDetected": false,
      "hawkesDirection": "NEUTRAL",
      "cascadeDetected": false,
      "vacuumSide": "NONE",
      "volatilityRegime": "EXTREME",
      "volExpanding": true,
      "favorableTimeWindow": false,
      "temporalAnomaly": true,
      "consensusDirection": "BEARISH",
      "consensusStrength": 100,
      "dominantPattern": "NONE",
      "convictionLevel": "HIGH",
      "riskAdjustment": "REDUCE",
      "timingQuality": "UNFAVORABLE",
      "deltaDirection": "NEUTRAL",
      "deltaDivergence": false,
      "institutionalRatio": 0,
      "volumeProfilePosition": "ABOVE_VALUE_AREA",
      "pointOfControl": 0,
      "momentumCascadeDetected": false,
      "cascadeStrength": 0,
      "breakoutQuality": "NO_BREAKOUT",
      "breakoutConfirmed": false,
      "magnetDirection": "NONE",
      "magnetStrength": 0,
      "priceTarget5pct": null,
      "nearestBidWall": 0,
      "nearestAskWall": 0,
      "divergenceDetected": false,
      "divergenceDirection": "NONE",
      "whaleAccumulation": false,
      "whaleDistribution": false,
      "retailPanic": false,
      "smartMoneyScore": 0.5
    }
  }
}

=== MICROSTRUCTURE ALERTS ===

🔬 VPIN: Insufficient data for VPIN analysis

🌊 SWEEP DETECTION: No significant sweeps detected

🧊 ABSORPTION & ICEBERG: No significant absorption or iceberg orders detected

⚡ ORDER ARRIVAL DYNAMICS: Insufficient trades for analysis

🌪️ LIQUIDITY VACUUM: No significant vacuum detected

📊 VOLATILITY REGIME DETECTION:
   Current Regime: EXTREME
   Regime Score: 1.00 (-1=low vol, +1=extreme vol)
   Days in Regime: 12
   ATR: $0.001715 (avg: $0.001554)
   ATR Percentile: 85.5%
   Realized Volatility: 157.23% (annualized)
   Vol Percentile: 93.2%

   🔴 EXTREME VOLATILITY:
   🚨 HIGH RISK ENVIRONMENT!
   ⚠️ Significantly reduce position size
   ⚠️ Wide stops or avoid trading
   💡 Only for experienced traders

   🚀 VOLATILITY EXPANDING:
   💥 Breakout likely imminent!
   📈 Market transitioning to higher vol regime
   ✅ Strong signal when combined with other indicators

   📍 MODERATE REGIME TRANSITION PROBABILITY: 40%
   Monitor for potential regime change

   ✅ STABLE REGIME: 12 days - predictable conditions

⏰ TEMPORAL PATTERN ANALYSIS:
   Current Time: Sunday 22:00 UTC
   Day Bias: NEUTRAL
   Current vs Avg Volume: 0x
   Current vs Avg Volatility: 0x

   ⏳ NON-FAVORABLE TIME WINDOW:
   This hour typically shows weaker activity
   Next favorable window in 14 hour(s)

   ⚠️ LOW ACTIVITY ANOMALY:
   Volume 0x below typical - Extremely quiet

   📉 LOW VOLATILITY ANOMALY:
   Volatility 0x below typical - Consolidation likely

   🔥 Best Trading Hours (UTC): 12:00, 18:00, 16:00

🎯 UNIFIED MICROSTRUCTURE INTEGRATION:
   Signal Consensus: BEARISH (100% agreement)
   Available Signals: 2 (0 bullish / 2 bearish / 0 neutral)
   Conviction Level: HIGH (100%)
   Signal Quality: LOW
   Risk Adjustment: REDUCE
   Timing Quality: UNFAVORABLE

   ✅ HIGH CONVICTION: 100% of signals agree on direction
   Strong institutional alignment - Follow the smart money

   ⚠️ RISK REDUCTION RECOMMENDED: Extreme volatility or unfavorable timing detected

   ⏰ UNFAVORABLE TIMING: Avoid trading during this hour

   Signal Directions Breakdown:
   • VPIN: NEUTRAL
   • Sweeps: NEUTRAL
   • Absorption: NEUTRAL
   • Arrival Dynamics: NEUTRAL
   • Liquidity Vacuum: NONE
   • Vol Regime: UNFAVORABLE
   • Temporal: UNFAVORABLE

   Adaptive Weights (Total: 3.3%):
   • VPIN: 0.0%
   • Sweeps: 0.0%
   • Absorption: 0.0%
   • Arrival: 0.0%
   • Vacuum: 0.0%
   • Vol Regime: 2.1%
   • Temporal: 1.2%


💹 DELTA ANALYSIS (Order Flow Aggression):
   Direction: NEUTRAL
   Delta Per Volume: 0.00%
   Institutional Ratio: 0.0%
   Aggression Score: 0.0%

📊 VOLUME PROFILE (Support/Resistance Strength):
   Point of Control (POC): $0.000000
   Value Area High: $0.000000
   Value Area Low: $0.000000
   Current Position: ABOVE_VALUE_AREA
   ⚠️ DISTRIBUTION RISK: Price above value area - potential rejection zone

⚡ MOMENTUM CASCADE (Multi-Timeframe Alignment):
   Cascade Detected: NO
   Alignment Score: -0.4%
   Cascade Strength: 0.0%
   Accelerating: None
   Diverging: 1m, 5m

💥 BREAKOUT CONFIRMATION:
   Quality: NO_BREAKOUT
   Volume Confirmation: NO
   Retest Strength: 0.0%
   False Breakout Risk: 0.0%
   No breakout detected - price below resistance


levels:
Entry=0.008782400000000001, StopLoss=0.008518928, TakeProfit=0.00886723, 0.008952060000000001, 0.009019924

---

=== Token: STRK (STRK) ===
Contract: STRK-USD
Timestamp: 2025-11-16T16:00:00.000Z

Calculations:
{
  "momentumScore": 82.91311144901101,
  "volumeScore": 19.410681447528255,
  "patternScore": 75.19773550731625,
  "totalScore": 44.0863479742071,
  "finalScore": 44.0863479742071,
  "weights": "0.23,0.45,0.23",
  "hourlyUptrend": true,
  "rsi": 42.857142857142854,
  "ultraShortVolumeSurge": 2.1283990695174504,
  "baseVolumeSurge": 0.025150196159252524,
  "currentPrice": 0.227,
  "resistance": 0.24,
  "support": 0.22,
  "rocMin5": 0.01793721973094172,
  "shortROC": 0.02714932126696835,
  "priceAcceleration": 0.004540127957432103,
  "buySellRatio": 0.06208714878789007,
  "macdHistogram": -0.0020424406803364256,
  "stochasticK": 34.615384615384656,
  "atr": 0.004285714285714289,
  "bbUpper": 0.24415581056226449,
  "bbLower": 0.21704418943773562,
  "hammerDetected": false,
  "engulfingDetected": true,
  "compressionSpring": {
    "detected": false,
    "confidence": 0,
    "signals": {
      "sidewaysPrice": false,
      "atrCompression": true,
      "bbSqueeze": false,
      "consolidationTime": true,
      "strongBuying": false,
      "obvPositive": false,
      "chaikinPositive": false,
      "rsiNeutral": false,
      "volumeBuilding": false
    },
    "metrics": {
      "priceRange": 11.36,
      "atrRatio": 0.632,
      "bbWidth": 11.76,
      "volumeRatio": 0.913,
      "signalCount": 2,
      "buySellRatio": 0.062
    }
  },
  "riskTier": "MEDIUM",
  "atrPercent": 3.178099433606041,
  "distanceToResistance": 5.726872246696027,
  "slPercent": 4,
  "tpPercent": 4.867841409691623,
  "trailingActivation": 2.920704845814974,
  "shortMomentumScore": 45,
  "overboughtScore": 0,
  "shortPatternScore": 0,
  "shootingStarDetected": false,
  "bearishEngulfingDetected": false,
  "eveningStarDetected": false,
  "bearishPatternsCount": 0,
  "shortTotalScore": 18,
  "chaikin": -0.2553021110542439,
  "obvIncreasing": true,
  "obvTrend": "increasing",
  "adx": 29.03225806451607,
  "recentCandles": {
    "redCount": 6,
    "greenCount": 4
  },
  "resistanceDistance": 5.726872246696027,
  "multiplePatterns": false,
  "bullishPattern": true,
  "priceAboveVWAP": true,
  "breakingResistance": false,
  "atrSufficient": true,
  "macdDivergenceBearish": true,
  "rvolMin1": -0.25925469981856414,
  "rvolMin5": 0.8388478802567718,
  "atrPercentileOld": 0.6829268292682927,
  "vwapDeviation": 6.295781099269332,
  "bbWidthPercent": 11.756990947323875,
  "bbSqueeze": false,
  "multiTFMomentum": {
    "min1": {
      "roc1": 0,
      "roc3": -0.00896860986547086
    },
    "min5": {
      "roc1": 0.02714932126696835,
      "roc3": 0.01793721973094172
    },
    "min15": {
      "roc1": 0.036199095022624465,
      "roc3": 0.013274336283185853
    },
    "hourly": {
      "roc1": 0.040723981900452524,
      "roc3": -0.033613445378151176
    },
    "fourHour": {
      "roc1": -0.04564315352697088,
      "roc3": 0.008771929824561412
    },
    "divergenceShortUpLongDown": true
  },
  "returnZMin5": 2.391052526204152,
  "wickClosePct": 0.875,
  "wickUpper": 0.0010000000000000009,
  "wickLower": 0.0010000000000000009,
  "wickRatio": 0.16666666666666666,
  "donchianBreakout15": false,
  "bbWidthPercentile15": 0.6753246753246753,
  "signedMin5": 4189726.7299999995,
  "signedMin5Z": 10.198798242649964,
  "signedMin1": 160284.60999999958,
  "signedMin1Z": 1.376708519825005,
  "streakMin1": {
    "upStreak": 0,
    "downStreak": 0
  },
  "streakMin5": {
    "upStreak": 1,
    "downStreak": 0
  },
  "rvolPercentileMin1": 0.5125,
  "rvolPercentileMin5": 0.8923611111111112,
  "perTfMetrics": {
    "min1": {
      "sma20": 0.22310000000000002,
      "sma50": 0.2255000000000001,
      "ema20": 0.22300961687474513,
      "ema50": 0.22512221112145203,
      "vwma20": 0.22211280704385034,
      "hma21": 0.22135497835497836,
      "atr14": 0.001285714285714287,
      "atrPercentile": 0.56797583081571,
      "rvolZ": -0.25925469981856414,
      "rvolPercentile": 0.5125,
      "mfi14": 8.314918112887412,
      "ppo": {
        "ppo": -0.5740623123984734,
        "signal": -0.5127970849654068,
        "histogram": -0.061265227433066616
      },
      "stochRsi": {
        "k": 36.36363636363632,
        "d": 37.51803751803751
      },
      "vprofile": {
        "vpBins": [
          0.060273401559077726,
          0.027135144188908694,
          0.011774006089607634,
          0.018240061844408056,
          0.07019364236271647,
          0.030092941936302672,
          0.051803449894856204,
          0.03532404859741355,
          0.05217797215759778,
          0.031443993868635035,
          0.09657426098395724,
          0.25583149721812987,
          0.05589005118794844,
          0.021948626401318592,
          0.031233186917501893,
          0.05652177375580532,
          0.02480598241827162,
          0.018158894024046284,
          0.039667442286244754,
          0.010909622307252027
        ],
        "currentBinShare": 0.060273401559077726
      },
      "ttm": {
        "squeeze": false,
        "release": false,
        "widthPct": 2.4648546992142566
      }
    },
    "min5": {
      "sma20": 0.22725,
      "sma50": 0.23230000000000006,
      "ema20": 0.22723017939011575,
      "ema50": 0.2295249072352298,
      "vwma20": 0.22633091262961275,
      "hma21": 0.22302164502164504,
      "atr14": 0.004285714285714289,
      "atrPercentile": 0.7627737226277372,
      "rvolZ": 0.8388478802567718,
      "rvolPercentile": 0.8923611111111112,
      "mfi14": 35.33590395984321,
      "ppo": {
        "ppo": -1.125326078228219,
        "signal": -1.0047812266016867,
        "histogram": -0.12054485162653239
      },
      "stochRsi": {
        "k": 89.11149825783968,
        "d": 39.65533794162826
      },
      "vprofile": {
        "vpBins": [
          0.004288439869324444,
          0.025163634786488802,
          0.02247244090977248,
          0.011929410376650372,
          0.04589416861703003,
          0.030622195140299804,
          0.013088011656960575,
          0.025786492894126857,
          0.014449782211562527,
          0.00946919197379472,
          0.07086034664890033,
          0.1386416883161438,
          0.07540663593050348,
          0.1151931547272923,
          0.11174971850656164,
          0.17596990720848055,
          0.062098466167860016,
          0.024879911900441195,
          0.022036402157806143,
          0
        ],
        "currentBinShare": 0.1151931547272923
      },
      "ttm": {
        "squeeze": false,
        "release": false,
        "widthPct": 5.534767061308736
      }
    },
    "min15": {
      "sma20": 0.23060000000000005,
      "sma50": 0.22750000000000004,
      "ema20": 0.2289124155943176,
      "ema50": 0.22477162642083995,
      "vwma20": 0.23104422402394909,
      "hma21": 0.2274285714285714,
      "atr14": 0.007214285714285713,
      "atrPercentile": 0.6829268292682927,
      "rvolZ": 0.9044311125521358,
      "rvolPercentile": 0.8229166666666666,
      "mfi14": 31.701240488956657,
      "ppo": {
        "ppo": -0.08916272923139165,
        "signal": 0.5613801374502148,
        "histogram": -0.6505428666816064
      },
      "stochRsi": {
        "k": 10.947543023014761,
        "d": 39.67295597484277
      },
      "vprofile": {
        "vpBins": [
          0.0039500641626685285,
          0,
          0.020808414216525326,
          0.01330702111628707,
          0.07783741378241278,
          0.08603736951189778,
          0.08625217569419129,
          0.018709410344843636,
          0.08018174840261452,
          0.05338366202976861,
          0,
          0.021021294361405117,
          0.14520056165600806,
          0.034655523910849174,
          0.13920558195057184,
          0.13160447504790374,
          0.04159083216420172,
          0.022720511172735283,
          0.017280691330486923,
          0.006253249144628542
        ],
        "currentBinShare": 0.13920558195057184
      },
      "ttm": {
        "squeeze": false,
        "release": false,
        "widthPct": 11.756990947323875
      }
    },
    "hourly": {
      "sma20": 0.22030000000000002,
      "sma50": 0.19378,
      "ema20": 0.2192017457272307,
      "ema50": 0.19814885111151598,
      "vwma20": 0.2224573306998629,
      "hma21": 0.23567099567099564,
      "atr14": 0.014142857142857138,
      "atrPercentile": 0.9316770186335404,
      "rvolZ": 2.3708657060566805,
      "rvolPercentile": 0.9642857142857143,
      "mfi14": 56.754760576235306,
      "ppo": {
        "ppo": 5.452812264100966,
        "signal": 6.169634634141473,
        "histogram": -0.7168223700405072
      },
      "stochRsi": {
        "k": 0,
        "d": 59.90136188728622
      },
      "vprofile": {
        "vpBins": [
          0.007100247265541017,
          0.02650164787844257,
          0.07305763251230421,
          0.050323498550755554,
          0.06954207064498441,
          0.04556369440301461,
          0.06798845765308888,
          0.10955255736793906,
          0.1043989875757426,
          0.09275738597777644,
          0.022022640751879673,
          0.03410010339455737,
          0.05965037462285098,
          0.033444004980795666,
          0.041097704337063466,
          0.05113933392737627,
          0.010038169255705037,
          0.04220347744798513,
          0.048975334429285325,
          0.010542677022911576
        ],
        "currentBinShare": 0.04220347744798513
      },
      "ttm": {
        "squeeze": false,
        "release": false,
        "widthPct": 25.78749809324486
      }
    },
    "fourHour": {
      "sma20": 0.17614999999999997,
      "sma50": 0.16096000000000005,
      "ema20": 0.18678716613395374,
      "ema50": 0.16376548185299458,
      "vwma20": 0.19204040311653636,
      "hma21": 0.21816450216450214,
      "atr14": 0.02414285714285714,
      "atrPercentile": 1,
      "rvolZ": 1.979351215209778,
      "rvolPercentile": 0.9404761904761905,
      "mfi14": 62.31376406185113,
      "ppo": {
        "ppo": 11.376100810242345,
        "signal": 7.716533903666483,
        "histogram": 3.6595669065758623
      },
      "stochRsi": {
        "k": 80.703332441945,
        "d": 75.06144044819116
      },
      "vprofile": {
        "vpBins": [
          0.007276414665696435,
          0.047116252556113916,
          0.013464449998732819,
          0.0004391463647442292,
          0.01977702393429931,
          0.08767201232386138,
          0.04818609335988665,
          0.12171742949549223,
          0.05851877288250887,
          0.1291085940477297,
          0.0842714843078439,
          0.13205769947796814,
          0.05434564110015767,
          0.04718020478742435,
          0,
          0,
          0.026363302464622006,
          0.1010375864767463,
          0,
          0.021467891756171986
        ],
        "currentBinShare": 0.1010375864767463
      },
      "ttm": {
        "squeeze": false,
        "release": false,
        "widthPct": 71.93887139897132
      }
    },
    "daily": {
      "sma20": 0.13599999999999998,
      "sma50": 0.1341,
      "ema20": 0.14852356647935347,
      "ema50": 0.13628748211756497,
      "vwma20": 0,
      "hma21": 0.17757575757575753,
      "atr14": 0.03428571428571429,
      "atrPercentile": 1,
      "rvolZ": 0,
      "rvolPercentile": 1,
      "mfi14": 50,
      "ppo": {
        "ppo": 12.005426023939968,
        "signal": 5.467314723365288,
        "histogram": 6.5381113005746805
      },
      "stochRsi": {
        "k": 100,
        "d": 71.1766340434526
      },
      "vprofile": {
        "vpBins": [
          0,
          0,
          0,
          0,
          0,
          0,
          0,
          0,
          0,
          0,
          0,
          0,
          0,
          0,
          0,
          0,
          0,
          0,
          0,
          0
        ],
        "currentBinShare": 0
      },
      "ttm": {
        "squeeze": false,
        "release": true,
        "widthPct": 94.90023900560949
      }
    }
  },
  "smaMin5": 0.22725,
  "emaMin5": 0.22723017939011575,
  "vwmaMin5": 0.22633091262961275,
  "hmaMin5": 0.22302164502164504,
  "keltner15": {
    "upper": 0.2389624155943176,
    "middle": 0.2289124155943176,
    "lower": 0.2188624155943176
  },
  "superTrend15": {
    "isBull": true,
    "finalUpper": 0.24509999999999998,
    "finalLower": 0.20490000000000003
  },
  "mfi15": 31.701240488956657,
  "stochRsi15": {
    "k": 10.947543023014761,
    "d": 39.67295597484277
  },
  "ppo15": {
    "ppo": -0.08916272923139165,
    "signal": 0.5613801374502148,
    "histogram": -0.6505428666816064
  },
  "vpMin15": {
    "vpBins": [
      0.0039500641626685285,
      0,
      0.020808414216525326,
      0.01330702111628707,
      0.07783741378241278,
      0.08603736951189778,
      0.08625217569419129,
      0.018709410344843636,
      0.08018174840261452,
      0.05338366202976861,
      0,
      0.021021294361405117,
      0.14520056165600806,
      0.034655523910849174,
      0.13920558195057184,
      0.13160447504790374,
      0.04159083216420172,
      0.022720511172735283,
      0.017280691330486923,
      0.006253249144628542
    ],
    "currentBinShare": 0.13920558195057184
  },
  "ttm15": {
    "squeeze": false,
    "release": false,
    "widthPct": 11.756990947323875
  },
  "marketCorrelation": {
    "hourly": {
      "btcCorrelation": 0,
      "ethCorrelation": 0,
      "btcBeta": 1,
      "ethBeta": 1,
      "btcTrend": "UNKNOWN",
      "ethTrend": "UNKNOWN",
      "tokenVol": 0,
      "btcVol": 0,
      "ethVol": 0,
      "marketDependence": 0,
      "verdict": "INSUFFICIENT_DATA"
    },
    "min15": {
      "btcCorrelation": 0,
      "ethCorrelation": 0,
      "btcBeta": 1,
      "ethBeta": 1,
      "btcTrend": "UNKNOWN",
      "ethTrend": "UNKNOWN",
      "tokenVol": 0,
      "btcVol": 0,
      "ethVol": 0,
      "marketDependence": 0,
      "verdict": "INSUFFICIENT_DATA"
    },
    "daily": {
      "btcCorrelation": 0,
      "ethCorrelation": 0,
      "btcBeta": 1,
      "ethBeta": 1,
      "btcTrend": "UNKNOWN",
      "ethTrend": "UNKNOWN",
      "tokenVol": 0,
      "btcVol": 0,
      "ethVol": 0,
      "marketDependence": 0,
      "verdict": "INSUFFICIENT_DATA"
    }
  },
  "tradeTape": {
    "totalTrades": 0,
    "totalVolume": 0,
    "buysVolume": 0,
    "sellsVolume": 0,
    "buySellRatio": 0.5,
    "vwap": 0,
    "signedVolume": 0,
    "avgTradeSize": 0,
    "tradesPerSec": 0,
    "cumulativeDelta": 0,
    "tradesLast1m": 0,
    "tradesLast5m": 0,
    "tradesLast15m": 0,
    "tradesLast1h": 0,
    "buyVWAP": 0,
    "sellVWAP": 0,
    "aggressorVWAP": 0,
    "bucketDurationMs": 60000,
    "bucketCount": 15,
    "bucketSignedVolumes": [],
    "bucketVolumes": [],
    "bucketVWAPs": [],
    "latestBucketSignedZ": 0
  },
  "enhancedMetrics": {
    "relativeVolumeZScore": -1,
    "volumePercentile": 40,
    "atrPercentile": 72.99270072992701,
    "volatilityPercentile": 91.13924050632912,
    "relativeVolatilityRatio": 1.001158331076123,
    "isHighVolume": false,
    "isHighVolatility": true,
    "isLowVolatility": false,
    "isExpandingVolatility": false,
    "isContractingVolatility": false
  },
  "orderBook": {
    "bidAskSpread": 0,
    "spreadPct": 0,
    "midPrice": 0,
    "bestBid": 0,
    "bestAsk": 0,
    "bidDepth": 0,
    "askDepth": 0,
    "orderBookImbalance": 0,
    "liquidityScore": 0,
    "depthAt1Pct": {
      "bidVolume": 0,
      "askVolume": 0,
      "imbalance": 0
    },
    "depthAt2Pct": {
      "bidVolume": 0,
      "askVolume": 0,
      "imbalance": 0
    },
    "depthAt5Pct": {
      "bidVolume": 0,
      "askVolume": 0,
      "imbalance": 0
    },
    "weightedMidPrice": 0,
    "volumeWeightedSpread": 0,
    "totalBidLevels": 0,
    "totalAskLevels": 0
  },
  "marketCap": {
    "marketCap": 0,
    "totalVolume24h": 0,
    "volumeToMarketCapRatio": 0,
    "marketCapRank": 0,
    "normalizedRank": 0,
    "isHighLiquidity": false,
    "isVeryHighLiquidity": false,
    "isLowLiquidity": true,
    "liquidityTier": "VERY_LOW"
  },
  "sweeps": {
    "sweepScore": 0,
    "sweepCount": 0,
    "sweepDirection": "NEUTRAL",
    "buySweeps": 0,
    "sellSweeps": 0,
    "avgSweepSize": 0,
    "avgSweepIntensity": 0,
    "bidLiftRatio": 0,
    "askLiftRatio": 0,
    "sweepFrequency": 0,
    "largestSweep": null,
    "recentSweepClusters": 0,
    "sweepDetails": []
  },
  "absorption": {
    "absorptionScore": 0,
    "absorptionLevel": null,
    "absorptionSide": "NONE",
    "icebergProbability": 0,
    "hiddenLiquidityEstimate": 0,
    "volumeAtPrice": {},
    "topAbsorptionLevels": [],
    "persistenceDuration": 0,
    "refillDetected": false
  },
  "orderArrival": {
    "avgInterArrivalTime": 0,
    "recentInterArrivalTime": 0,
    "accelerationRatio": 1,
    "hawkesIntensity": 0,
    "hawkesDirection": "NEUTRAL",
    "clusteringScore": 0,
    "burstCount": 0,
    "cascadeDetected": false,
    "timeToNextTrade": 0,
    "accelerationTrend": "STABLE"
  },
  "liquidityVacuum": {
    "vacuumScore": 0,
    "vacuumSide": "NONE",
    "bidVacuumSeverity": 0,
    "askVacuumSeverity": 0,
    "depthConcentration": 0,
    "priceImpact10k": 0,
    "priceImpact50k": 0,
    "priceImpact100k": 0,
    "largestGapBid": 0,
    "largestGapAsk": 0,
    "avgGapBid": 0,
    "avgGapAsk": 0,
    "bidCliffDistance": 0,
    "askCliffDistance": 0
  },
  "volatilityRegime": {
    "regime": "EXTREME",
    "regimeScore": 1,
    "currentATR": 0.032462,
    "avgATR": 0.017649,
    "atrPercentile": 100,
    "realizedVolatility": 150.09,
    "volPercentile": 94.9,
    "expanding": true,
    "contracting": false,
    "transitionProbability": 0.4,
    "daysInRegime": 4,
    "regimeStrength": 1.75
  },
  "temporalPatterns": {
    "currentHour": 22,
    "currentDay": 0,
    "currentDayName": "Sunday",
    "dayBias": "NEUTRAL",
    "hourlyProfile": [
      {
        "avgVolume": 1308194.83,
        "avgATR": 0.006071,
        "avgReturn": -1.09
      },
      {
        "avgVolume": 1686825.12,
        "avgATR": 0.006071,
        "avgReturn": 0.842
      },
      {
        "avgVolume": 1115924.31,
        "avgATR": 0.005429,
        "avgReturn": 0.663
      },
      {
        "avgVolume": 2255850.19,
        "avgATR": 0.006357,
        "avgReturn": 0.083
      },
      {
        "avgVolume": 1445658.51,
        "avgATR": 0.005714,
        "avgReturn": -0.465
      },
      {
        "avgVolume": 1163484.84,
        "avgATR": 0.006071,
        "avgReturn": 0.657
      },
      {
        "avgVolume": 1243138.15,
        "avgATR": 0.005214,
        "avgReturn": 0.937
      },
      {
        "avgVolume": 1349754.31,
        "avgATR": 0.006929,
        "avgReturn": -0.698
      },
      {
        "avgVolume": 774121.09,
        "avgATR": 0.005286,
        "avgReturn": 0.415
      },
      {
        "avgVolume": 1033160.8,
        "avgATR": 0.007,
        "avgReturn": 1.016
      },
      {
        "avgVolume": 1339369.38,
        "avgATR": 0.006857,
        "avgReturn": 0.737
      },
      {
        "avgVolume": 885284.02,
        "avgATR": 0.006286,
        "avgReturn": -0.546
      },
      {
        "avgVolume": 1345857.9,
        "avgATR": 0.007571,
        "avgReturn": 0.285
      },
      {
        "avgVolume": 1063725.49,
        "avgATR": 0.005857,
        "avgReturn": 1.059
      },
      {
        "avgVolume": 1632799.4,
        "avgATR": 0.006786,
        "avgReturn": 1
      },
      {
        "avgVolume": 2176408.27,
        "avgATR": 0.009143,
        "avgReturn": 1.393
      },
      {
        "avgVolume": 2356035.47,
        "avgATR": 0.009143,
        "avgReturn": -0.023
      },
      {
        "avgVolume": 1520310.79,
        "avgATR": 0.007077,
        "avgReturn": 0.936
      },
      {
        "avgVolume": 1462630.38,
        "avgATR": 0.006,
        "avgReturn": -0.411
      },
      {
        "avgVolume": 795862.78,
        "avgATR": 0.004571,
        "avgReturn": 0.049
      },
      {
        "avgVolume": 1413729.18,
        "avgATR": 0.006357,
        "avgReturn": 0.272
      },
      {
        "avgVolume": 1015305.53,
        "avgATR": 0.005071,
        "avgReturn": -0.712
      },
      {
        "avgVolume": 802402.56,
        "avgATR": 0.005714,
        "avgReturn": 0.051
      },
      {
        "avgVolume": 1038085.07,
        "avgATR": 0.004286,
        "avgReturn": -0.499
      }
    ],
    "dailyProfile": [
      {
        "avgVolume": 1897035.81,
        "avgATR": 0.008617,
        "avgReturn": 0.503
      },
      {
        "avgVolume": 1830327.62,
        "avgATR": 0.008125,
        "avgReturn": 0.076
      },
      {
        "avgVolume": 891385.03,
        "avgATR": 0.005063,
        "avgReturn": -0.276
      },
      {
        "avgVolume": 804227.45,
        "avgATR": 0.003917,
        "avgReturn": -0.016
      },
      {
        "avgVolume": 363822.64,
        "avgATR": 0.003604,
        "avgReturn": 0.125
      },
      {
        "avgVolume": 1727232.97,
        "avgATR": 0.007104,
        "avgReturn": 0.999
      },
      {
        "avgVolume": 1892459.77,
        "avgATR": 0.007604,
        "avgReturn": 0.315
      }
    ],
    "favorableHours": [
      16,
      3,
      15,
      1,
      14,
      17
    ],
    "favorableWindow": false,
    "currentVsAvgVolume": 0,
    "currentVsAvgVolatility": 0,
    "anomalyDetected": true,
    "timeUntilFavorable": 3,
    "temporalScore": 0
  },
  "unifiedMicrostructure": {
    "signalDirections": {
      "vpin": "NEUTRAL",
      "sweeps": "NEUTRAL",
      "absorption": "NEUTRAL",
      "arrival": "NEUTRAL",
      "vacuum": "NONE",
      "volRegime": "UNFAVORABLE",
      "temporal": "UNFAVORABLE"
    },
    "consensusDirection": "BEARISH",
    "consensusStrength": 100,
    "bullishSignals": 0,
    "bearishSignals": 2,
    "neutralSignals": 0,
    "totalAvailableSignals": 2,
    "dominantPattern": "NONE",
    "clusters": {
      "strongBuyCluster": false,
      "distributionPattern": false,
      "accumulationPattern": false,
      "momentumCascade": false
    },
    "adaptiveWeights": {
      "vpin": 0,
      "sweeps": 0,
      "absorption": 0,
      "arrival": 0,
      "vacuum": 0,
      "volRegime": 0.021,
      "temporal": 0.012
    },
    "convictionLevel": "HIGH",
    "convictionScore": 100,
    "riskAdjustment": "REDUCE",
    "timingQuality": "UNFAVORABLE",
    "signalQuality": "LOW"
  },
  "deltaAnalysis": {
    "currentDelta": 0,
    "cumulativeDelta": 0,
    "deltaPerVolume": 0,
    "deltaDirection": "NEUTRAL",
    "deltaDivergence": false,
    "institutionalRatio": 0,
    "aggressionScore": 0
  },
  "volumeProfile": {
    "pointOfControl": 0,
    "valueAreaHigh": 0,
    "valueAreaLow": 0,
    "currentPosition": "ABOVE_VALUE_AREA",
    "volumeNodes": [],
    "airPockets": []
  },
  "momentumCascade": {
    "cascadeDetected": false,
    "alignmentScore": -0.0030153500435442506,
    "cascadeStrength": 0,
    "acceleratingTimeframes": [],
    "divergingTimeframes": [
      "1m",
      "5m",
      "15m",
      "1h"
    ]
  },
  "breakoutConfirmation": {
    "breakoutConfirmed": false,
    "volumeConfirmation": false,
    "retestStrength": 0,
    "falseBreakoutRisk": 0,
    "breakoutQuality": "NO_BREAKOUT"
  },
  "liquidityHeatmap": {
    "liquidityScore": 0,
    "magnetDirection": "NONE",
    "magnetStrength": 0,
    "priceTarget5pct": null,
    "message": "No order book data"
  },
  "smartMoneyDivergence": {
    "divergenceDetected": false,
    "divergenceDirection": "NONE",
    "smartMoneyScore": 0.5,
    "message": "Insufficient trade data"
  },
  "microstructure": {
    "raw": -0.022339924235424562,
    "pct": 50,
    "summary": {
      "latestBucketSignedZ": 0,
      "buySellRatio": 0.5,
      "tradesPerSec": 0,
      "vwap": 0,
      "aggressorVWAP": 0,
      "vpinToxicity": "UNKNOWN",
      "sweepDirection": "NEUTRAL",
      "absorptionSide": "NONE",
      "icebergDetected": false,
      "hawkesDirection": "NEUTRAL",
      "cascadeDetected": false,
      "vacuumSide": "NONE",
      "volatilityRegime": "EXTREME",
      "volExpanding": true,
      "favorableTimeWindow": false,
      "temporalAnomaly": true,
      "consensusDirection": "BEARISH",
      "consensusStrength": 100,
      "dominantPattern": "NONE",
      "convictionLevel": "HIGH",
      "riskAdjustment": "REDUCE",
      "timingQuality": "UNFAVORABLE",
      "deltaDirection": "NEUTRAL",
      "deltaDivergence": false,
      "institutionalRatio": 0,
      "volumeProfilePosition": "ABOVE_VALUE_AREA",
      "pointOfControl": 0,
      "momentumCascadeDetected": false,
      "cascadeStrength": 0,
      "breakoutQuality": "NO_BREAKOUT",
      "breakoutConfirmed": false,
      "magnetDirection": "NONE",
      "magnetStrength": 0,
      "priceTarget5pct": null,
      "nearestBidWall": 0,
      "nearestAskWall": 0,
      "divergenceDetected": false,
      "divergenceDirection": "NONE",
      "whaleAccumulation": false,
      "whaleDistribution": false,
      "retailPanic": false,
      "smartMoneyScore": 0.5
    }
  }
}

=== MICROSTRUCTURE ALERTS ===

🔬 VPIN: Insufficient data for VPIN analysis

🌊 SWEEP DETECTION: No significant sweeps detected

🧊 ABSORPTION & ICEBERG: No significant absorption or iceberg orders detected

⚡ ORDER ARRIVAL DYNAMICS: Insufficient trades for analysis

🌪️ LIQUIDITY VACUUM: No significant vacuum detected

📊 VOLATILITY REGIME DETECTION:
   Current Regime: EXTREME
   Regime Score: 1.00 (-1=low vol, +1=extreme vol)
   Days in Regime: 4
   ATR: $0.032462 (avg: $0.017649)
   ATR Percentile: 100.0%
   Realized Volatility: 150.09% (annualized)
   Vol Percentile: 94.9%

   🔴 EXTREME VOLATILITY:
   🚨 HIGH RISK ENVIRONMENT!
   ⚠️ Significantly reduce position size
   ⚠️ Wide stops or avoid trading
   💡 Only for experienced traders

   🚀 VOLATILITY EXPANDING:
   💥 Breakout likely imminent!
   📈 Market transitioning to higher vol regime
   ✅ Strong signal when combined with other indicators

   📍 MODERATE REGIME TRANSITION PROBABILITY: 40%
   Monitor for potential regime change

⏰ TEMPORAL PATTERN ANALYSIS:
   Current Time: Sunday 22:00 UTC
   Day Bias: NEUTRAL
   Current vs Avg Volume: 0x
   Current vs Avg Volatility: 0x

   ⏳ NON-FAVORABLE TIME WINDOW:
   This hour typically shows weaker activity
   Next favorable window in 3 hour(s)

   ⚠️ LOW ACTIVITY ANOMALY:
   Volume 0x below typical - Extremely quiet

   📉 LOW VOLATILITY ANOMALY:
   Volatility 0x below typical - Consolidation likely

   🔥 Best Trading Hours (UTC): 16:00, 3:00, 15:00

🎯 UNIFIED MICROSTRUCTURE INTEGRATION:
   Signal Consensus: BEARISH (100% agreement)
   Available Signals: 2 (0 bullish / 2 bearish / 0 neutral)
   Conviction Level: HIGH (100%)
   Signal Quality: LOW
   Risk Adjustment: REDUCE
   Timing Quality: UNFAVORABLE

   ✅ HIGH CONVICTION: 100% of signals agree on direction
   Strong institutional alignment - Follow the smart money

   ⚠️ RISK REDUCTION RECOMMENDED: Extreme volatility or unfavorable timing detected

   ⏰ UNFAVORABLE TIMING: Avoid trading during this hour

   Signal Directions Breakdown:
   • VPIN: NEUTRAL
   • Sweeps: NEUTRAL
   • Absorption: NEUTRAL
   • Arrival Dynamics: NEUTRAL
   • Liquidity Vacuum: NONE
   • Vol Regime: UNFAVORABLE
   • Temporal: UNFAVORABLE

   Adaptive Weights (Total: 3.3%):
   • VPIN: 0.0%
   • Sweeps: 0.0%
   • Absorption: 0.0%
   • Arrival: 0.0%
   • Vacuum: 0.0%
   • Vol Regime: 2.1%
   • Temporal: 1.2%


💹 DELTA ANALYSIS (Order Flow Aggression):
   Direction: NEUTRAL
   Delta Per Volume: 0.00%
   Institutional Ratio: 0.0%
   Aggression Score: 0.0%

📊 VOLUME PROFILE (Support/Resistance Strength):
   Point of Control (POC): $0.000000
   Value Area High: $0.000000
   Value Area Low: $0.000000
   Current Position: ABOVE_VALUE_AREA
   ⚠️ DISTRIBUTION RISK: Price above value area - potential rejection zone

⚡ MOMENTUM CASCADE (Multi-Timeframe Alignment):
   Cascade Detected: NO
   Alignment Score: -0.3%
   Cascade Strength: 0.0%
   Accelerating: None
   Diverging: 1m, 5m, 15m, 1h

💥 BREAKOUT CONFIRMATION:
   Quality: NO_BREAKOUT
   Volume Confirmation: NO
   Retest Strength: 0.0%
   False Breakout Risk: 0.0%
   No breakout detected - price below resistance


levels:
Entry=0.226546, StopLoss=0.21748415999999998, TakeProfit=0.23205995, 0.2375739, 0.24198505999999997

---

=== Token: PUMP (PUMP) ===
Contract: PUMP-USD
Timestamp: 2025-11-16T16:00:00.000Z

Calculations:
{
  "momentumScore": 28.560550791210886,
  "volumeScore": 2.638397268182801,
  "patternScore": 60.74626865671635,
  "totalScore": 21.314515585715636,
  "finalScore": 36,
  "weights": "0.23,0.45,0.23",
  "hourlyUptrend": false,
  "rsi": 30.627306273062686,
  "ultraShortVolumeSurge": 14.359660990921679,
  "baseVolumeSurge": 0.0812683311221202,
  "currentPrice": 0.003418,
  "resistance": 0.003539,
  "support": 0.00335,
  "rocMin5": -0.01668584579976982,
  "shortROC": 0.01756475141411135,
  "priceAcceleration": -0.004085437789172075,
  "buySellRatio": 0.24197121570800573,
  "macdHistogram": -0.00001573167784171663,
  "stochasticK": 27.57009345794397,
  "atr": 0.000027499999999999964,
  "bbUpper": 0.0036055118951594674,
  "bbLower": 0.0034047881048405323,
  "hammerDetected": false,
  "engulfingDetected": false,
  "compressionSpring": {
    "detected": false,
    "confidence": 0,
    "signals": {
      "sidewaysPrice": true,
      "atrCompression": true,
      "bbSqueeze": false,
      "consolidationTime": true,
      "strongBuying": false,
      "obvPositive": false,
      "chaikinPositive": false,
      "rsiNeutral": false,
      "volumeBuilding": false
    },
    "metrics": {
      "priceRange": 6.09,
      "atrRatio": 0.8,
      "bbWidth": 5.73,
      "volumeRatio": 1.926,
      "signalCount": 3,
      "buySellRatio": 0.242
    }
  },
  "riskTier": "MEDIUM",
  "atrPercent": 1.232968318983532,
  "distanceToResistance": 3.5400819192510244,
  "slPercent": 3,
  "tpPercent": 1.3926272674078393,
  "trailingActivation": 0.8355763604447035,
  "shortMomentumScore": 90,
  "overboughtScore": 0,
  "shortPatternScore": 0,
  "shootingStarDetected": false,
  "bearishEngulfingDetected": false,
  "eveningStarDetected": false,
  "bearishPatternsCount": 0,
  "shortTotalScore": 36,
  "chaikin": -0.4327293574867068,
  "obvIncreasing": false,
  "obvTrend": "declining",
  "adx": 60.13289036544869,
  "recentCandles": {
    "redCount": 5,
    "greenCount": 5
  },
  "resistanceDistance": 3.5400819192510244,
  "multiplePatterns": false,
  "bullishPattern": false,
  "priceAboveVWAP": false,
  "breakingResistance": false,
  "atrSufficient": true,
  "macdDivergenceBearish": false,
  "rvolMin1": 0.15144284058997243,
  "rvolMin5": 1.804677371183368,
  "atrPercentileOld": 1,
  "vwapDeviation": -3.943337192558679,
  "bbWidthPercent": 5.726539244224503,
  "bbSqueeze": false,
  "multiTFMomentum": {
    "min1": {
      "roc1": 0.0011908306043465606,
      "roc3": -0.0026690391459074417
    },
    "min5": {
      "roc1": 0.01756475141411135,
      "roc3": -0.010422698320787495
    },
    "min15": {
      "roc1": 0.014885382554331686,
      "roc3": -0.023209169054441234
    },
    "hourly": {
      "roc1": -0.014885382554331686,
      "roc3": -0.050502152080344316
    },
    "fourHour": {
      "roc1": -0.06604572396274351,
      "roc3": -0.07336880425651081
    },
    "divergenceShortUpLongDown": true
  },
  "returnZMin5": 3.9086872612772368,
  "wickClosePct": 0.8840579710144956,
  "wickUpper": 0.00000799999999999976,
  "wickLower": 0.000004999999999999796,
  "wickRatio": 0.14285714285713844,
  "donchianBreakout15": false,
  "bbWidthPercentile15": 0.8961038961038961,
  "signedMin5": -201221702,
  "signedMin5Z": -13.553265999044855,
  "signedMin1": -73808911,
  "signedMin1Z": -8.601135565743208,
  "streakMin1": {
    "upStreak": 2,
    "downStreak": 0
  },
  "streakMin5": {
    "upStreak": 1,
    "downStreak": 0
  },
  "rvolPercentileMin1": 0.8479166666666667,
  "rvolPercentileMin5": 0.9513888888888888,
  "perTfMetrics": {
    "min1": {
      "sma20": 0.0034227,
      "sma50": 0.0034638800000000003,
      "ema20": 0.0034093695312300302,
      "ema50": 0.0034494668330457136,
      "vwma20": 0.003394798123707127,
      "hma21": 0.003336956709956708,
      "atr14": 0.000021928571428571366,
      "atrPercentile": 1,
      "rvolZ": 0.15144284058997243,
      "rvolPercentile": 0.8479166666666667,
      "mfi14": 18.73425652468002,
      "ppo": {
        "ppo": -0.9897078728311394,
        "signal": -0.8143643469772097,
        "histogram": -0.17534352585392965
      },
      "stochRsi": {
        "k": 57.16934807156575,
        "d": 12.87714162537975
      },
      "vprofile": {
        "vpBins": [
          0.054184468134415964,
          0.03502648255392959,
          0.06444380112703106,
          0.018155130390548776,
          0.18981535799979127,
          0,
          0,
          0,
          0,
          0.01383605665019124,
          0.025264757095076338,
          0.06067521230319273,
          0.20972432404226643,
          0.05435903060197559,
          0.08790527963098511,
          0.060118522554106206,
          0.08095834862260698,
          0.01996686227966364,
          0.023358449857141476,
          0.002207916157077608
        ],
        "currentBinShare": 0.03502648255392959
      },
      "ttm": {
        "squeeze": false,
        "release": false,
        "widthPct": 5.903809593258106
      }
    },
    "min5": {
      "sma20": 0.0034811,
      "sma50": 0.0035077000000000003,
      "ema20": 0.0034658824447161792,
      "ema50": 0.0035045670983553157,
      "vwma20": 0.0034064410188036627,
      "hma21": 0.0034331904761904764,
      "atr14": 0.000027499999999999964,
      "atrPercentile": 1,
      "rvolZ": 1.804677371183368,
      "rvolPercentile": 0.9513888888888888,
      "mfi14": 16.759253128334322,
      "ppo": {
        "ppo": -0.822083300798075,
        "signal": -0.5089552979699665,
        "histogram": -0.3131280028281085
      },
      "stochRsi": {
        "k": 39.80055576149146,
        "d": 17.584880137884216
      },
      "vprofile": {
        "vpBins": [
          0.03830648962288075,
          0.06502383596604866,
          0,
          0,
          0.017038500414644223,
          0,
          0.0098455325997254,
          0.03711973977318481,
          0.09426030123638053,
          0.038440093229005164,
          0.05038923191270262,
          0.0962389531436964,
          0.07952966980001562,
          0.09993997316001825,
          0.10145799014251528,
          0.10340434171133092,
          0.07214276359523825,
          0.035180085830588,
          0.05418302006798715,
          0.007499477794037985
        ],
        "currentBinShare": 0.017038500414644223
      },
      "ttm": {
        "squeeze": false,
        "release": false,
        "widthPct": 5.365504739774889
      }
    },
    "min15": {
      "sma20": 0.00350515,
      "sma50": 0.0035707,
      "ema20": 0.003500421399719136,
      "ema50": 0.0035436078994339785,
      "vwma20": 0.0034565613798450173,
      "hma21": 0.0034365714285714277,
      "atr14": 0.00004214285714285713,
      "atrPercentile": 1,
      "rvolZ": 1.2337727874548932,
      "rvolPercentile": 0.9270833333333334,
      "mfi14": 19.479148153517187,
      "ppo": {
        "ppo": -1.1920559549788108,
        "signal": -0.8836714472002039,
        "histogram": -0.30838450777860693
      },
      "stochRsi": {
        "k": 71.08155479371916,
        "d": 27.01853832683146
      },
      "vprofile": {
        "vpBins": [
          0.0928734764223742,
          0,
          0,
          0.02533513371507769,
          0,
          0,
          0,
          0.03201310878781667,
          0.11460279260147466,
          0.00947232621095425,
          0.053662714293098754,
          0.09952010477348248,
          0.10762390973507129,
          0.13087977856589833,
          0.11647081213270484,
          0.08026480013098704,
          0.05954874473301657,
          0.024749566884220968,
          0.052982731013822275,
          0
        ],
        "currentBinShare": 0.02533513371507769
      },
      "ttm": {
        "squeeze": false,
        "release": false,
        "widthPct": 5.726539244224503
      }
    },
    "hourly": {
      "sma20": 0.0035527500000000004,
      "sma50": 0.00356876,
      "ema20": 0.003529758366160468,
      "ema50": 0.0035882789638616982,
      "vwma20": 0.003506383877436615,
      "hma21": 0.00352495670995671,
      "atr14": 0.00007628571428571431,
      "atrPercentile": 0.19254658385093168,
      "rvolZ": 0.9650140281695879,
      "rvolPercentile": 0.9136904761904762,
      "mfi14": 33.36390882624856,
      "ppo": {
        "ppo": -1.208030368299779,
        "signal": -0.38606945656121083,
        "histogram": -0.8219609117385682
      },
      "stochRsi": {
        "k": 0,
        "d": 35.14803966884241
      },
      "vprofile": {
        "vpBins": [
          0.015228582165737687,
          0,
          0.040067578733378434,
          0.17496973319291914,
          0.07823821153043663,
          0.04911437941180229,
          0.02686158969003615,
          0.059003156773921074,
          0.057319773022878245,
          0.023211453104257766,
          0.052665850054765026,
          0.0690388065907455,
          0.05338223731214267,
          0.044573873754281415,
          0.1296127467434906,
          0.07786927392969231,
          0.02141439366226283,
          0.008927375070886152,
          0.010261257828456043,
          0.008239727427910026
        ],
        "currentBinShare": 0.015228582165737687
      },
      "ttm": {
        "squeeze": false,
        "release": true,
        "widthPct": 9.71145640130234
      }
    },
    "fourHour": {
      "sma20": 0.0035882000000000006,
      "sma50": 0.00392624,
      "ema20": 0.003631482175543252,
      "ema50": 0.0038208599555989717,
      "vwma20": 0.0035785261554032214,
      "hma21": 0.003483329004329004,
      "atr14": 0.00014900000000000002,
      "atrPercentile": 0.04285714285714286,
      "rvolZ": 0.33851465310884865,
      "rvolPercentile": 0.75,
      "mfi14": 42.42124374692239,
      "ppo": {
        "ppo": -3.6219664784436474,
        "signal": -3.57203224322559,
        "histogram": -0.0499342352180574
      },
      "stochRsi": {
        "k": 50.222229398796614,
        "d": 41.040897980113435
      },
      "vprofile": {
        "vpBins": [
          0.014693591733347326,
          0,
          0.01364647693338543,
          0.13352514008694197,
          0.0766041440844506,
          0.09399521563897081,
          0.025387136270152683,
          0.14191065563762692,
          0.04331571311349279,
          0.0745311951733418,
          0.060391764794612085,
          0.05434557856166845,
          0.05891549705820898,
          0.06107914694962673,
          0.0597118903458996,
          0.05114022747885188,
          0.008076022306433818,
          0.02873060383298813,
          0,
          0
        ],
        "currentBinShare": 0.014693591733347326
      },
      "ttm": {
        "squeeze": false,
        "release": true,
        "widthPct": 12.472203558522956
      }
    },
    "daily": {
      "sma20": 0.0041038,
      "sma50": 0.004604340000000001,
      "ema20": 0.003983068650558962,
      "ema50": 0.0043452668440349534,
      "vwma20": 0,
      "hma21": 0.0035744978354978335,
      "atr14": 0.0005720714285714285,
      "atrPercentile": 0.23684210526315788,
      "rvolZ": 0,
      "rvolPercentile": 1,
      "mfi14": 50,
      "ppo": {
        "ppo": -6.236578823272601,
        "signal": -4.95208300660779,
        "histogram": -1.284495816664811
      },
      "stochRsi": {
        "k": 11.285784046464403,
        "d": 38.19910764203923
      },
      "vprofile": {
        "vpBins": [
          0,
          0,
          0,
          0,
          0,
          0,
          0,
          0,
          0,
          0,
          0,
          0,
          0,
          0,
          0,
          0,
          0,
          0,
          0,
          0
        ],
        "currentBinShare": 0
      },
      "ttm": {
        "squeeze": false,
        "release": false,
        "widthPct": 45.064783472365164
      }
    }
  },
  "smaMin5": 0.0034811,
  "emaMin5": 0.0034658824447161792,
  "vwmaMin5": 0.0034064410188036627,
  "hmaMin5": 0.0034331904761904764,
  "keltner15": {
    "upper": 0.003568371399719136,
    "middle": 0.003500421399719136,
    "lower": 0.0034324713997191357
  },
  "superTrend15": {
    "isBull": true,
    "finalUpper": 0.0035369000000000004,
    "finalLower": 0.0032651000000000004
  },
  "mfi15": 19.479148153517187,
  "stochRsi15": {
    "k": 71.08155479371916,
    "d": 27.01853832683146
  },
  "ppo15": {
    "ppo": -1.1920559549788108,
    "signal": -0.8836714472002039,
    "histogram": -0.30838450777860693
  },
  "vpMin15": {
    "vpBins": [
      0.0928734764223742,
      0,
      0,
      0.02533513371507769,
      0,
      0,
      0,
      0.03201310878781667,
      0.11460279260147466,
      0.00947232621095425,
      0.053662714293098754,
      0.09952010477348248,
      0.10762390973507129,
      0.13087977856589833,
      0.11647081213270484,
      0.08026480013098704,
      0.05954874473301657,
      0.024749566884220968,
      0.052982731013822275,
      0
    ],
    "currentBinShare": 0.02533513371507769
  },
  "ttm15": {
    "squeeze": false,
    "release": false,
    "widthPct": 5.726539244224503
  },
  "marketCorrelation": {
    "hourly": {
      "btcCorrelation": 0,
      "ethCorrelation": 0,
      "btcBeta": 1,
      "ethBeta": 1,
      "btcTrend": "UNKNOWN",
      "ethTrend": "UNKNOWN",
      "tokenVol": 0,
      "btcVol": 0,
      "ethVol": 0,
      "marketDependence": 0,
      "verdict": "INSUFFICIENT_DATA"
    },
    "min15": {
      "btcCorrelation": 0,
      "ethCorrelation": 0,
      "btcBeta": 1,
      "ethBeta": 1,
      "btcTrend": "UNKNOWN",
      "ethTrend": "UNKNOWN",
      "tokenVol": 0,
      "btcVol": 0,
      "ethVol": 0,
      "marketDependence": 0,
      "verdict": "INSUFFICIENT_DATA"
    },
    "daily": {
      "btcCorrelation": 0,
      "ethCorrelation": 0,
      "btcBeta": 1,
      "ethBeta": 1,
      "btcTrend": "UNKNOWN",
      "ethTrend": "UNKNOWN",
      "tokenVol": 0,
      "btcVol": 0,
      "ethVol": 0,
      "marketDependence": 0,
      "verdict": "INSUFFICIENT_DATA"
    }
  },
  "tradeTape": {
    "totalTrades": 0,
    "totalVolume": 0,
    "buysVolume": 0,
    "sellsVolume": 0,
    "buySellRatio": 0.5,
    "vwap": 0,
    "signedVolume": 0,
    "avgTradeSize": 0,
    "tradesPerSec": 0,
    "cumulativeDelta": 0,
    "tradesLast1m": 0,
    "tradesLast5m": 0,
    "tradesLast15m": 0,
    "tradesLast1h": 0,
    "buyVWAP": 0,
    "sellVWAP": 0,
    "aggressorVWAP": 0,
    "bucketDurationMs": 60000,
    "bucketCount": 15,
    "bucketSignedVolumes": [],
    "bucketVolumes": [],
    "bucketVWAPs": [],
    "latestBucketSignedZ": 0
  },
  "enhancedMetrics": {
    "relativeVolumeZScore": -1,
    "volumePercentile": 40,
    "atrPercentile": -0.36496350364963503,
    "volatilityPercentile": 45.25316455696203,
    "relativeVolatilityRatio": 1.547933996230464,
    "isHighVolume": false,
    "isHighVolatility": false,
    "isLowVolatility": false,
    "isExpandingVolatility": true,
    "isContractingVolatility": false
  },
  "orderBook": {
    "bidAskSpread": 0,
    "spreadPct": 0,
    "midPrice": 0,
    "bestBid": 0,
    "bestAsk": 0,
    "bidDepth": 0,
    "askDepth": 0,
    "orderBookImbalance": 0,
    "liquidityScore": 0,
    "depthAt1Pct": {
      "bidVolume": 0,
      "askVolume": 0,
      "imbalance": 0
    },
    "depthAt2Pct": {
      "bidVolume": 0,
      "askVolume": 0,
      "imbalance": 0
    },
    "depthAt5Pct": {
      "bidVolume": 0,
      "askVolume": 0,
      "imbalance": 0
    },
    "weightedMidPrice": 0,
    "volumeWeightedSpread": 0,
    "totalBidLevels": 0,
    "totalAskLevels": 0
  },
  "marketCap": {
    "marketCap": 0,
    "totalVolume24h": 0,
    "volumeToMarketCapRatio": 0,
    "marketCapRank": 0,
    "normalizedRank": 0,
    "isHighLiquidity": false,
    "isVeryHighLiquidity": false,
    "isLowLiquidity": true,
    "liquidityTier": "VERY_LOW"
  },
  "sweeps": {
    "sweepScore": 0,
    "sweepCount": 0,
    "sweepDirection": "NEUTRAL",
    "buySweeps": 0,
    "sellSweeps": 0,
    "avgSweepSize": 0,
    "avgSweepIntensity": 0,
    "bidLiftRatio": 0,
    "askLiftRatio": 0,
    "sweepFrequency": 0,
    "largestSweep": null,
    "recentSweepClusters": 0,
    "sweepDetails": []
  },
  "absorption": {
    "absorptionScore": 0,
    "absorptionLevel": null,
    "absorptionSide": "NONE",
    "icebergProbability": 0,
    "hiddenLiquidityEstimate": 0,
    "volumeAtPrice": {},
    "topAbsorptionLevels": [],
    "persistenceDuration": 0,
    "refillDetected": false
  },
  "orderArrival": {
    "avgInterArrivalTime": 0,
    "recentInterArrivalTime": 0,
    "accelerationRatio": 1,
    "hawkesIntensity": 0,
    "hawkesDirection": "NEUTRAL",
    "clusteringScore": 0,
    "burstCount": 0,
    "cascadeDetected": false,
    "timeToNextTrade": 0,
    "accelerationTrend": "STABLE"
  },
  "liquidityVacuum": {
    "vacuumScore": 0,
    "vacuumSide": "NONE",
    "bidVacuumSeverity": 0,
    "askVacuumSeverity": 0,
    "depthConcentration": 0,
    "priceImpact10k": 0,
    "priceImpact50k": 0,
    "priceImpact100k": 0,
    "largestGapBid": 0,
    "largestGapAsk": 0,
    "avgGapBid": 0,
    "avgGapAsk": 0,
    "bidCliffDistance": 0,
    "askCliffDistance": 0
  },
  "volatilityRegime": {
    "regime": "BELOW_NORMAL",
    "regimeScore": -0.5,
    "currentATR": 0.000584,
    "avgATR": 0.000617,
    "atrPercentile": 25,
    "realizedVolatility": 133.69,
    "volPercentile": 39,
    "expanding": false,
    "contracting": false,
    "transitionProbability": 0,
    "daysInRegime": 4,
    "regimeStrength": 0.8
  },
  "temporalPatterns": {
    "currentHour": 22,
    "currentDay": 0,
    "currentDayName": "Sunday",
    "dayBias": "NEUTRAL",
    "hourlyProfile": [
      {
        "avgVolume": 130612473.64,
        "avgATR": 0.000108,
        "avgReturn": -0.033
      },
      {
        "avgVolume": 182193980.07,
        "avgATR": 0.000107,
        "avgReturn": 0.17
      },
      {
        "avgVolume": 138565124,
        "avgATR": 0.000107,
        "avgReturn": 1.16
      },
      {
        "avgVolume": 122665868.71,
        "avgATR": 0.000083,
        "avgReturn": -0.001
      },
      {
        "avgVolume": 129058559.93,
        "avgATR": 0.000095,
        "avgReturn": -0.323
      },
      {
        "avgVolume": 181205915.57,
        "avgATR": 0.000123,
        "avgReturn": -0.436
      },
      {
        "avgVolume": 134619279.5,
        "avgATR": 0.000101,
        "avgReturn": -0.055
      },
      {
        "avgVolume": 76671386.36,
        "avgATR": 0.000083,
        "avgReturn": -0.374
      },
      {
        "avgVolume": 74888692.14,
        "avgATR": 0.000098,
        "avgReturn": -0.119
      },
      {
        "avgVolume": 73923798.86,
        "avgATR": 0.000088,
        "avgReturn": -0.228
      },
      {
        "avgVolume": 55067637.86,
        "avgATR": 0.000075,
        "avgReturn": 0.319
      },
      {
        "avgVolume": 60465280.14,
        "avgATR": 0.00008,
        "avgReturn": -0.019
      },
      {
        "avgVolume": 104385915.07,
        "avgATR": 0.000102,
        "avgReturn": -0.18
      },
      {
        "avgVolume": 166090640.29,
        "avgATR": 0.000124,
        "avgReturn": 0.34
      },
      {
        "avgVolume": 172526606,
        "avgATR": 0.000152,
        "avgReturn": 0.808
      },
      {
        "avgVolume": 230948813.5,
        "avgATR": 0.000165,
        "avgReturn": -1.409
      },
      {
        "avgVolume": 206379429.5,
        "avgATR": 0.000143,
        "avgReturn": -0.4
      },
      {
        "avgVolume": 245063159.77,
        "avgATR": 0.000115,
        "avgReturn": -0.042
      },
      {
        "avgVolume": 164300232.29,
        "avgATR": 0.000104,
        "avgReturn": -0.227
      },
      {
        "avgVolume": 154329229.93,
        "avgATR": 0.000089,
        "avgReturn": -0.449
      },
      {
        "avgVolume": 228403398.64,
        "avgATR": 0.000109,
        "avgReturn": -0.223
      },
      {
        "avgVolume": 162950068.71,
        "avgATR": 0.00009,
        "avgReturn": 0.189
      },
      {
        "avgVolume": 107120033.29,
        "avgATR": 0.00009,
        "avgReturn": 0.596
      },
      {
        "avgVolume": 115303809.71,
        "avgATR": 0.000089,
        "avgReturn": -0.52
      }
    ],
    "dailyProfile": [
      {
        "avgVolume": 113326236.45,
        "avgATR": 0.000081,
        "avgReturn": 0.064
      },
      {
        "avgVolume": 163814431.71,
        "avgATR": 0.000127,
        "avgReturn": -0.038
      },
      {
        "avgVolume": 205144772.44,
        "avgATR": 0.000144,
        "avgReturn": -0.236
      },
      {
        "avgVolume": 154953588.56,
        "avgATR": 0.000117,
        "avgReturn": 0.13
      },
      {
        "avgVolume": 150505149.92,
        "avgATR": 0.000091,
        "avgReturn": -0.39
      },
      {
        "avgVolume": 134081274.79,
        "avgATR": 0.000108,
        "avgReturn": 0.189
      },
      {
        "avgVolume": 72270665.83,
        "avgATR": 0.000065,
        "avgReturn": -0.143
      }
    ],
    "favorableHours": [
      17,
      20,
      15,
      16,
      1,
      5
    ],
    "favorableWindow": false,
    "currentVsAvgVolume": 0,
    "currentVsAvgVolatility": 0,
    "anomalyDetected": true,
    "timeUntilFavorable": 3,
    "temporalScore": 0
  },
  "unifiedMicrostructure": {
    "signalDirections": {
      "vpin": "NEUTRAL",
      "sweeps": "NEUTRAL",
      "absorption": "NEUTRAL",
      "arrival": "NEUTRAL",
      "vacuum": "NONE",
      "volRegime": "FAVORABLE",
      "temporal": "UNFAVORABLE"
    },
    "consensusDirection": "NEUTRAL",
    "consensusStrength": 50,
    "bullishSignals": 1,
    "bearishSignals": 1,
    "neutralSignals": 0,
    "totalAvailableSignals": 2,
    "dominantPattern": "NONE",
    "clusters": {
      "strongBuyCluster": false,
      "distributionPattern": false,
      "accumulationPattern": false,
      "momentumCascade": false
    },
    "adaptiveWeights": {
      "vpin": 0,
      "sweeps": 0,
      "absorption": 0,
      "arrival": 0,
      "vacuum": 0,
      "volRegime": 0.021,
      "temporal": 0.02
    },
    "convictionLevel": "LOW",
    "convictionScore": 30,
    "riskAdjustment": "REDUCE",
    "timingQuality": "UNFAVORABLE",
    "signalQuality": "LOW"
  },
  "deltaAnalysis": {
    "currentDelta": 0,
    "cumulativeDelta": 0,
    "deltaPerVolume": 0,
    "deltaDirection": "NEUTRAL",
    "deltaDivergence": false,
    "institutionalRatio": 0,
    "aggressionScore": 0
  },
  "volumeProfile": {
    "pointOfControl": 0,
    "valueAreaHigh": 0,
    "valueAreaLow": 0,
    "currentPosition": "ABOVE_VALUE_AREA",
    "volumeNodes": [],
    "airPockets": []
  },
  "momentumCascade": {
    "cascadeDetected": false,
    "alignmentScore": -0.027872208510122412,
    "cascadeStrength": 0,
    "acceleratingTimeframes": [],
    "divergingTimeframes": [
      "1m",
      "5m",
      "15m",
      "1h"
    ]
  },
  "breakoutConfirmation": {
    "breakoutConfirmed": false,
    "volumeConfirmation": false,
    "retestStrength": 0,
    "falseBreakoutRisk": 0,
    "breakoutQuality": "NO_BREAKOUT"
  },
  "liquidityHeatmap": {
    "liquidityScore": 0,
    "magnetDirection": "NONE",
    "magnetStrength": 0,
    "priceTarget5pct": null,
    "message": "No order book data"
  },
  "smartMoneyDivergence": {
    "divergenceDetected": false,
    "divergenceDirection": "NONE",
    "smartMoneyScore": 0.5,
    "message": "Insufficient trade data"
  },
  "microstructure": {
    "raw": 0.003320243924974587,
    "pct": 50,
    "summary": {
      "latestBucketSignedZ": 0,
      "buySellRatio": 0.5,
      "tradesPerSec": 0,
      "vwap": 0,
      "aggressorVWAP": 0,
      "vpinToxicity": "UNKNOWN",
      "sweepDirection": "NEUTRAL",
      "absorptionSide": "NONE",
      "icebergDetected": false,
      "hawkesDirection": "NEUTRAL",
      "cascadeDetected": false,
      "vacuumSide": "NONE",
      "volatilityRegime": "BELOW_NORMAL",
      "volExpanding": false,
      "favorableTimeWindow": false,
      "temporalAnomaly": true,
      "consensusDirection": "NEUTRAL",
      "consensusStrength": 50,
      "dominantPattern": "NONE",
      "convictionLevel": "LOW",
      "riskAdjustment": "REDUCE",
      "timingQuality": "UNFAVORABLE",
      "deltaDirection": "NEUTRAL",
      "deltaDivergence": false,
      "institutionalRatio": 0,
      "volumeProfilePosition": "ABOVE_VALUE_AREA",
      "pointOfControl": 0,
      "momentumCascadeDetected": false,
      "cascadeStrength": 0,
      "breakoutQuality": "NO_BREAKOUT",
      "breakoutConfirmed": false,
      "magnetDirection": "NONE",
      "magnetStrength": 0,
      "priceTarget5pct": null,
      "nearestBidWall": 0,
      "nearestAskWall": 0,
      "divergenceDetected": false,
      "divergenceDirection": "NONE",
      "whaleAccumulation": false,
      "whaleDistribution": false,
      "retailPanic": false,
      "smartMoneyScore": 0.5
    }
  }
}

=== MICROSTRUCTURE ALERTS ===

🔬 VPIN: Insufficient data for VPIN analysis

🌊 SWEEP DETECTION: No significant sweeps detected

🧊 ABSORPTION & ICEBERG: No significant absorption or iceberg orders detected

⚡ ORDER ARRIVAL DYNAMICS: Insufficient trades for analysis

🌪️ LIQUIDITY VACUUM: No significant vacuum detected

📊 VOLATILITY REGIME DETECTION:
   Current Regime: BELOW_NORMAL
   Regime Score: -0.50 (-1=low vol, +1=extreme vol)
   Days in Regime: 4
   ATR: $0.000584 (avg: $0.000617)
   ATR Percentile: 25.0%
   Realized Volatility: 133.69% (annualized)
   Vol Percentile: 39.0%

   🟢 BELOW NORMAL VOLATILITY:
   ⚡ Consolidation phase - watch for expansion
   ✅ Good entry zone for patient trades

⏰ TEMPORAL PATTERN ANALYSIS:
   Current Time: Sunday 22:00 UTC
   Day Bias: NEUTRAL
   Current vs Avg Volume: 0x
   Current vs Avg Volatility: 0x

   ⏳ NON-FAVORABLE TIME WINDOW:
   This hour typically shows weaker activity
   Next favorable window in 3 hour(s)

   ⚠️ LOW ACTIVITY ANOMALY:
   Volume 0x below typical - Extremely quiet

   📉 LOW VOLATILITY ANOMALY:
   Volatility 0x below typical - Consolidation likely

   🔥 Best Trading Hours (UTC): 17:00, 20:00, 15:00

🎯 UNIFIED MICROSTRUCTURE INTEGRATION:
   Signal Consensus: NEUTRAL (50% agreement)
   Available Signals: 2 (1 bullish / 1 bearish / 0 neutral)
   Conviction Level: LOW (30%)
   Signal Quality: LOW
   Risk Adjustment: REDUCE
   Timing Quality: UNFAVORABLE

   ⚠️ LOW CONVICTION: Only 50% signal agreement
   Weak alignment - Reduce position size or wait for clarity

   ⚠️ RISK REDUCTION RECOMMENDED: Extreme volatility or unfavorable timing detected

   ⏰ UNFAVORABLE TIMING: Avoid trading during this hour

   Signal Directions Breakdown:
   • VPIN: NEUTRAL
   • Sweeps: NEUTRAL
   • Absorption: NEUTRAL
   • Arrival Dynamics: NEUTRAL
   • Liquidity Vacuum: NONE
   • Vol Regime: FAVORABLE
   • Temporal: UNFAVORABLE

   Adaptive Weights (Total: 4.1%):
   • VPIN: 0.0%
   • Sweeps: 0.0%
   • Absorption: 0.0%
   • Arrival: 0.0%
   • Vacuum: 0.0%
   • Vol Regime: 2.1%
   • Temporal: 2.0%


💹 DELTA ANALYSIS (Order Flow Aggression):
   Direction: NEUTRAL
   Delta Per Volume: 0.00%
   Institutional Ratio: 0.0%
   Aggression Score: 0.0%

📊 VOLUME PROFILE (Support/Resistance Strength):
   Point of Control (POC): $0.000000
   Value Area High: $0.000000
   Value Area Low: $0.000000
   Current Position: ABOVE_VALUE_AREA
   ⚠️ DISTRIBUTION RISK: Price above value area - potential rejection zone

⚡ MOMENTUM CASCADE (Multi-Timeframe Alignment):
   Cascade Detected: NO
   Alignment Score: -2.8%
   Cascade Strength: 0.0%
   Accelerating: None
   Diverging: 1m, 5m, 15m, 1h

💥 BREAKOUT CONFIRMATION:
   Quality: NO_BREAKOUT
   Volume Confirmation: NO
   Retest Strength: 0.0%
   False Breakout Risk: 0.0%
   No breakout detected - price below resistance


levels:
Entry=0.003424836, StopLoss=0.0035275810800000002, TakeProfit=0.00340575792, 0.0033771408, 0.0033628322400000004

---

=== Token: MAMO (MAMO) ===
Contract: MAMO-USD
Timestamp: 2025-11-16T16:00:00.000Z

Calculations:
{
  "momentumScore": 49.87216233144041,
  "volumeScore": 33.23991081729649,
  "patternScore": 9.257240734973754,
  "totalScore": 28.022118983763747,
  "finalScore": 28.022118983763747,
  "weights": "0.23,0.45,0.23",
  "hourlyUptrend": false,
  "rsi": 31.42857142857133,
  "ultraShortVolumeSurge": 0.7243657468486403,
  "baseVolumeSurge": 0.024779621624445802,
  "currentPrice": 0.03255,
  "resistance": 0.03333,
  "support": 0.03211,
  "rocMin5": -0.01839565741857658,
  "shortROC": -0.006713457430576685,
  "priceAcceleration": -0.004623757464355746,
  "buySellRatio": 0.7685383501193861,
  "macdHistogram": -0.00011706893376879593,
  "stochasticK": 7.7380952380951245,
  "atr": 0.00013999999999999926,
  "bbUpper": 0.03357052992191571,
  "bbLower": 0.032534470078084285,
  "hammerDetected": false,
  "engulfingDetected": false,
  "compressionSpring": {
    "detected": true,
    "confidence": 44,
    "signals": {
      "sidewaysPrice": true,
      "atrCompression": false,
      "bbSqueeze": true,
      "consolidationTime": true,
      "strongBuying": true,
      "obvPositive": false,
      "chaikinPositive": false,
      "rsiNeutral": false,
      "volumeBuilding": false
    },
    "metrics": {
      "priceRange": 4.48,
      "atrRatio": 1.101,
      "bbWidth": 3.13,
      "volumeRatio": 3.309,
      "signalCount": 4,
      "buySellRatio": 0.769
    }
  },
  "riskTier": "LOW",
  "atrPercent": 0.7439104674127724,
  "distanceToResistance": 2.396313364055287,
  "slPercent": 2.5,
  "tpPercent": 2.036866359446994,
  "trailingActivation": 1.2221198156681963,
  "shortMomentumScore": 40,
  "overboughtScore": 0,
  "shortPatternScore": 0,
  "shootingStarDetected": false,
  "bearishEngulfingDetected": false,
  "eveningStarDetected": false,
  "bearishPatternsCount": 0,
  "shortTotalScore": 16,
  "chaikin": -0.13177854185555377,
  "obvIncreasing": true,
  "obvTrend": "increasing",
  "adx": 25.60000000000024,
  "recentCandles": {
    "redCount": 8,
    "greenCount": 2
  },
  "resistanceDistance": 2.396313364055287,
  "multiplePatterns": false,
  "bullishPattern": false,
  "priceAboveVWAP": false,
  "breakingResistance": false,
  "atrSufficient": false,
  "macdDivergenceBearish": false,
  "rvolMin1": -0.0953042473613731,
  "rvolMin5": -0.372465865129657,
  "atrPercentileOld": 1,
  "vwapDeviation": -3.408852753158266,
  "bbWidthPercent": 3.1345884390936463,
  "bbSqueeze": false,
  "multiTFMomentum": {
    "min1": {
      "roc1": -0.003062787136293903,
      "roc3": -0.005195599022004785
    },
    "min5": {
      "roc1": -0.006713457430576685,
      "roc3": -0.01839565741857658
    },
    "min15": {
      "roc1": -0.009523809523809669,
      "roc3": -0.02774427020506647
    },
    "hourly": {
      "roc1": -0.00890937019969295,
      "roc3": -0.02567200241618857
    },
    "fourHour": {
      "roc1": -0.024198427102238417,
      "roc3": -0.031231231231231414
    },
    "divergenceShortUpLongDown": false
  },
  "returnZMin5": -1.4625602680169487,
  "wickClosePct": 0,
  "wickUpper": 0,
  "wickLower": 0,
  "wickRatio": 0,
  "donchianBreakout15": false,
  "bbWidthPercentile15": 0.8051948051948052,
  "signedMin5": 312735.69999999995,
  "signedMin5Z": 4.8997516109314025,
  "signedMin1": -26596.699999999884,
  "signedMin1Z": -0.6060643833923848,
  "streakMin1": {
    "upStreak": 0,
    "downStreak": 2
  },
  "streakMin5": {
    "upStreak": 0,
    "downStreak": 4
  },
  "rvolPercentileMin1": 0.68125,
  "rvolPercentileMin5": 0.4618055555555556,
  "perTfMetrics": {
    "min1": {
      "sma20": 0.03298399999999999,
      "sma50": 0.033111400000000006,
      "ema20": 0.03294455042628071,
      "ema50": 0.03306496905494718,
      "vwma20": 0.0330573752470472,
      "hma21": 0.03291792207792211,
      "atr14": 0.0001264285714285705,
      "atrPercentile": 0.5100704934541792,
      "rvolZ": -0.0953042473613731,
      "rvolPercentile": 0.68125,
      "mfi14": 65.78268832639392,
      "ppo": {
        "ppo": -0.3227926503200738,
        "signal": -0.15954345684760582,
        "histogram": -0.163249193472468
      },
      "stochRsi": {
        "k": 6.165590135055956,
        "d": 40.49736518865385
      },
      "vprofile": {
        "vpBins": [
          0.004777332711886244,
          0.0003405815254074987,
          0.0005287536537729765,
          0.009852365094705226,
          0.00958842276829276,
          0.022408325831237006,
          0.15001733824006916,
          0.1599798324933826,
          0.08966689355390135,
          0.09565277262272676,
          0.1673096549514755,
          0.05735700380505432,
          0.0508531667480798,
          0.010474904004640464,
          0.03351208571424274,
          0.05451125966199538,
          0.021192760620486733,
          0.02592961794206203,
          0.03597917940574707,
          0.00006774865083424925
        ],
        "currentBinShare": 0.004777332711886244
      },
      "ttm": {
        "squeeze": false,
        "release": true,
        "widthPct": 2.3575890129138393
      }
    },
    "min5": {
      "sma20": 0.03305249999999999,
      "sma50": 0.0331718,
      "ema20": 0.03301950621160477,
      "ema50": 0.033159859349728364,
      "vwma20": 0.03312488099656191,
      "hma21": 0.0328891774891775,
      "atr14": 0.00013999999999999926,
      "atrPercentile": 0.19708029197080293,
      "rvolZ": -0.372465865129657,
      "rvolPercentile": 0.4618055555555556,
      "mfi14": 49.52633486889072,
      "ppo": {
        "ppo": -0.29157962102427754,
        "signal": -0.19981832600556823,
        "histogram": -0.0917612950187093
      },
      "stochRsi": {
        "k": 0,
        "d": 41.031746031746025
      },
      "vprofile": {
        "vpBins": [
          0.0021816225530120036,
          0.012467682601095322,
          0.07068461345958178,
          0.14487874345949558,
          0.09445275182567081,
          0.1302571921060953,
          0.07654432697282613,
          0.03713712137094658,
          0.013285251440814773,
          0.01813264934746868,
          0.08720251305821311,
          0.10571733281131114,
          0.04065265028494307,
          0.06189985166391374,
          0.026751344253485097,
          0.01565549440838564,
          0.009551553147851607,
          0.02411828077172378,
          0.01980909003935612,
          0.008619934423809799
        ],
        "currentBinShare": 0.0021816225530120036
      },
      "ttm": {
        "squeeze": false,
        "release": true,
        "widthPct": 2.448329796235861
      }
    },
    "min15": {
      "sma20": 0.0330525,
      "sma50": 0.03322860000000001,
      "ema20": 0.03299922092152112,
      "ema50": 0.03318201083187584,
      "vwma20": 0.0330904483411547,
      "hma21": 0.03280354978354979,
      "atr14": 0.00024214285714285744,
      "atrPercentile": 1,
      "rvolZ": -0.017298221313182746,
      "rvolPercentile": 0.6875,
      "mfi14": 67.22038600405261,
      "ppo": {
        "ppo": -0.45931503700021675,
        "signal": -0.25634212278844365,
        "histogram": -0.2029729142117731
      },
      "stochRsi": {
        "k": 0,
        "d": 36.324225886984955
      },
      "vprofile": {
        "vpBins": [
          0,
          0.010129071177113615,
          0,
          0.011964766822949063,
          0,
          0,
          0.012159452668450765,
          0.12685387936155218,
          0.29763126884091495,
          0.09268489918727518,
          0.1096444065788014,
          0.200140382747595,
          0.044664376774044244,
          0.05689989787720769,
          0.0366092860082325,
          0.0006183119558632986,
          0,
          0,
          0,
          0
        ],
        "currentBinShare": 0.010129071177113615
      },
      "ttm": {
        "squeeze": false,
        "release": true,
        "widthPct": 3.1345884390936463
      }
    },
    "hourly": {
      "sma20": 0.03312999999999999,
      "sma50": 0.03346280000000001,
      "ema20": 0.0331130086119118,
      "ema50": 0.03384769996719757,
      "vwma20": 0.03308396607290203,
      "hma21": 0.03292580086580088,
      "atr14": 0.0003085714285714289,
      "atrPercentile": 0.08695652173913043,
      "rvolZ": -0.3536170649071885,
      "rvolPercentile": 0.5148809523809523,
      "mfi14": 66.37567529927385,
      "ppo": {
        "ppo": -0.7489475111651467,
        "signal": -0.6016384451865477,
        "histogram": -0.14730906597859894
      },
      "stochRsi": {
        "k": 0,
        "d": 38.29815452237012
      },
      "vprofile": {
        "vpBins": [
          0.006203451144322725,
          0.06988319101195317,
          0.060947117185777784,
          0.014859096419522072,
          0.06282327004695196,
          0.10094930014285058,
          0.02393273432007407,
          0.012447132278341445,
          0.010163012701621078,
          0.04110816652744319,
          0.030321418412399517,
          0.054063903670805866,
          0.04979666292488172,
          0.08896089904020012,
          0.08876045981311477,
          0.0911595172537695,
          0.027409880306051664,
          0.10170683122787753,
          0.06094864918522836,
          0.003555306386812842
        ],
        "currentBinShare": 0.006203451144322725
      },
      "ttm": {
        "squeeze": false,
        "release": true,
        "widthPct": 3.340279316891712
      }
    },
    "fourHour": {
      "sma20": 0.034576,
      "sma50": 0.03844799999999999,
      "ema20": 0.03463953120391649,
      "ema50": 0.03791697224172133,
      "vwma20": 0.0346587957421771,
      "hma21": 0.03167359307359308,
      "atr14": 0.0008807142857142848,
      "atrPercentile": 0.014285714285714285,
      "rvolZ": -0.3470355636483729,
      "rvolPercentile": 0.5,
      "mfi14": 19.512952655494942,
      "ppo": {
        "ppo": -4.89381540471066,
        "signal": -4.929807218237569,
        "histogram": 0.035991813526909056
      },
      "stochRsi": {
        "k": 43.0629213998177,
        "d": 22.613235337028375
      },
      "vprofile": {
        "vpBins": [
          0.03294671235800233,
          0.055197401788095866,
          0.039076792476672825,
          0.023756254975829644,
          0.06759070589267992,
          0.02429997155753275,
          0.1596165241527877,
          0.214561299643482,
          0.19277991914564535,
          0.03755062187626451,
          0,
          0,
          0,
          0.026454271985411257,
          0,
          0.03501027849876471,
          0.03790561563062405,
          0.014192495921270734,
          0.03906113409693618,
          0
        ],
        "currentBinShare": 0.03294671235800233
      },
      "ttm": {
        "squeeze": false,
        "release": false,
        "widthPct": 21.843026672111392
      }
    },
    "daily": {
      "sma20": 0.044605500000000006,
      "sma50": 0.05525039999999998,
      "ema20": 0.04282697205413607,
      "ema50": 0.05686723920236594,
      "vwma20": 0,
      "hma21": 0.03157233766233767,
      "atr14": 0.004862142857142857,
      "atrPercentile": 0.013157894736842105,
      "rvolZ": 0,
      "rvolPercentile": 1,
      "mfi14": 50,
      "ppo": {
        "ppo": -14.776320637369428,
        "signal": -12.422421263951016,
        "histogram": -2.353899373418413
      },
      "stochRsi": {
        "k": 1.6995675730623474,
        "d": 19.890041494583738
      },
      "vprofile": {
        "vpBins": [
          0,
          0,
          0,
          0,
          0,
          0,
          0,
          0,
          0,
          0,
          0,
          0,
          0,
          0,
          0,
          0,
          0,
          0,
          0,
          0
        ],
        "currentBinShare": 0
      },
      "ttm": {
        "squeeze": false,
        "release": false,
        "widthPct": 80.94445093214946
      }
    }
  },
  "smaMin5": 0.03305249999999999,
  "emaMin5": 0.03301950621160477,
  "vwmaMin5": 0.03312488099656191,
  "hmaMin5": 0.0328891774891775,
  "keltner15": {
    "upper": 0.03332172092152112,
    "middle": 0.03299922092152112,
    "lower": 0.032676720921521116
  },
  "superTrend15": {
    "isBull": false,
    "finalUpper": 0.0329,
    "finalLower": 0.03161
  },
  "mfi15": 67.22038600405261,
  "stochRsi15": {
    "k": 0,
    "d": 36.324225886984955
  },
  "ppo15": {
    "ppo": -0.45931503700021675,
    "signal": -0.25634212278844365,
    "histogram": -0.2029729142117731
  },
  "vpMin15": {
    "vpBins": [
      0,
      0.010129071177113615,
      0,
      0.011964766822949063,
      0,
      0,
      0.012159452668450765,
      0.12685387936155218,
      0.29763126884091495,
      0.09268489918727518,
      0.1096444065788014,
      0.200140382747595,
      0.044664376774044244,
      0.05689989787720769,
      0.0366092860082325,
      0.0006183119558632986,
      0,
      0,
      0,
      0
    ],
    "currentBinShare": 0.010129071177113615
  },
  "ttm15": {
    "squeeze": false,
    "release": true,
    "widthPct": 3.1345884390936463
  },
  "marketCorrelation": {
    "hourly": {
      "btcCorrelation": 0,
      "ethCorrelation": 0,
      "btcBeta": 1,
      "ethBeta": 1,
      "btcTrend": "UNKNOWN",
      "ethTrend": "UNKNOWN",
      "tokenVol": 0,
      "btcVol": 0,
      "ethVol": 0,
      "marketDependence": 0,
      "verdict": "INSUFFICIENT_DATA"
    },
    "min15": {
      "btcCorrelation": 0,
      "ethCorrelation": 0,
      "btcBeta": 1,
      "ethBeta": 1,
      "btcTrend": "UNKNOWN",
      "ethTrend": "UNKNOWN",
      "tokenVol": 0,
      "btcVol": 0,
      "ethVol": 0,
      "marketDependence": 0,
      "verdict": "INSUFFICIENT_DATA"
    },
    "daily": {
      "btcCorrelation": 0,
      "ethCorrelation": 0,
      "btcBeta": 1,
      "ethBeta": 1,
      "btcTrend": "UNKNOWN",
      "ethTrend": "UNKNOWN",
      "tokenVol": 0,
      "btcVol": 0,
      "ethVol": 0,
      "marketDependence": 0,
      "verdict": "INSUFFICIENT_DATA"
    }
  },
  "tradeTape": {
    "totalTrades": 0,
    "totalVolume": 0,
    "buysVolume": 0,
    "sellsVolume": 0,
    "buySellRatio": 0.5,
    "vwap": 0,
    "signedVolume": 0,
    "avgTradeSize": 0,
    "tradesPerSec": 0,
    "cumulativeDelta": 0,
    "tradesLast1m": 0,
    "tradesLast5m": 0,
    "tradesLast15m": 0,
    "tradesLast1h": 0,
    "buyVWAP": 0,
    "sellVWAP": 0,
    "aggressorVWAP": 0,
    "bucketDurationMs": 60000,
    "bucketCount": 15,
    "bucketSignedVolumes": [],
    "bucketVolumes": [],
    "bucketVWAPs": [],
    "latestBucketSignedZ": 0
  },
  "enhancedMetrics": {
    "relativeVolumeZScore": -1,
    "volumePercentile": 40,
    "atrPercentile": 21.532846715328464,
    "volatilityPercentile": 9.81012658227848,
    "relativeVolatilityRatio": 1.1965648863691187,
    "isHighVolume": false,
    "isHighVolatility": false,
    "isLowVolatility": true,
    "isExpandingVolatility": false,
    "isContractingVolatility": false
  },
  "orderBook": {
    "bidAskSpread": 0,
    "spreadPct": 0,
    "midPrice": 0,
    "bestBid": 0,
    "bestAsk": 0,
    "bidDepth": 0,
    "askDepth": 0,
    "orderBookImbalance": 0,
    "liquidityScore": 0,
    "depthAt1Pct": {
      "bidVolume": 0,
      "askVolume": 0,
      "imbalance": 0
    },
    "depthAt2Pct": {
      "bidVolume": 0,
      "askVolume": 0,
      "imbalance": 0
    },
    "depthAt5Pct": {
      "bidVolume": 0,
      "askVolume": 0,
      "imbalance": 0
    },
    "weightedMidPrice": 0,
    "volumeWeightedSpread": 0,
    "totalBidLevels": 0,
    "totalAskLevels": 0
  },
  "marketCap": {
    "marketCap": 0,
    "totalVolume24h": 0,
    "volumeToMarketCapRatio": 0,
    "marketCapRank": 0,
    "normalizedRank": 0,
    "isHighLiquidity": false,
    "isVeryHighLiquidity": false,
    "isLowLiquidity": true,
    "liquidityTier": "VERY_LOW"
  },
  "sweeps": {
    "sweepScore": 0,
    "sweepCount": 0,
    "sweepDirection": "NEUTRAL",
    "buySweeps": 0,
    "sellSweeps": 0,
    "avgSweepSize": 0,
    "avgSweepIntensity": 0,
    "bidLiftRatio": 0,
    "askLiftRatio": 0,
    "sweepFrequency": 0,
    "largestSweep": null,
    "recentSweepClusters": 0,
    "sweepDetails": []
  },
  "absorption": {
    "absorptionScore": 0,
    "absorptionLevel": null,
    "absorptionSide": "NONE",
    "icebergProbability": 0,
    "hiddenLiquidityEstimate": 0,
    "volumeAtPrice": {},
    "topAbsorptionLevels": [],
    "persistenceDuration": 0,
    "refillDetected": false
  },
  "orderArrival": {
    "avgInterArrivalTime": 0,
    "recentInterArrivalTime": 0,
    "accelerationRatio": 1,
    "hawkesIntensity": 0,
    "hawkesDirection": "NEUTRAL",
    "clusteringScore": 0,
    "burstCount": 0,
    "cascadeDetected": false,
    "timeToNextTrade": 0,
    "accelerationTrend": "STABLE"
  },
  "liquidityVacuum": {
    "vacuumScore": 0,
    "vacuumSide": "NONE",
    "bidVacuumSeverity": 0,
    "askVacuumSeverity": 0,
    "depthConcentration": 0,
    "priceImpact10k": 0,
    "priceImpact50k": 0,
    "priceImpact100k": 0,
    "largestGapBid": 0,
    "largestGapAsk": 0,
    "avgGapBid": 0,
    "avgGapAsk": 0,
    "bidCliffDistance": 0,
    "askCliffDistance": 0
  },
  "volatilityRegime": {
    "regime": "LOW",
    "regimeScore": -1,
    "currentATR": 0.005066,
    "avgATR": 0.007153,
    "atrPercentile": 1.3,
    "realizedVolatility": 138.88,
    "volPercentile": 27.1,
    "expanding": false,
    "contracting": false,
    "transitionProbability": 0,
    "daysInRegime": 6,
    "regimeStrength": 0.58
  },
  "temporalPatterns": {
    "currentHour": 22,
    "currentDay": 0,
    "currentDayName": "Sunday",
    "dayBias": "NEUTRAL",
    "hourlyProfile": [
      {
        "avgVolume": 215473.22,
        "avgATR": 0.00063,
        "avgReturn": 0.221
      },
      {
        "avgVolume": 382052.69,
        "avgATR": 0.000606,
        "avgReturn": 0.278
      },
      {
        "avgVolume": 206621.8,
        "avgATR": 0.000477,
        "avgReturn": -0.196
      },
      {
        "avgVolume": 210463.81,
        "avgATR": 0.000523,
        "avgReturn": 0.219
      },
      {
        "avgVolume": 340481.48,
        "avgATR": 0.00074,
        "avgReturn": 0.329
      },
      {
        "avgVolume": 252342.43,
        "avgATR": 0.000566,
        "avgReturn": -0.354
      },
      {
        "avgVolume": 85065.07,
        "avgATR": 0.000457,
        "avgReturn": 0.156
      },
      {
        "avgVolume": 93176.55,
        "avgATR": 0.000592,
        "avgReturn": -0.365
      },
      {
        "avgVolume": 108410.73,
        "avgATR": 0.000634,
        "avgReturn": -0.622
      },
      {
        "avgVolume": 123271.64,
        "avgATR": 0.000749,
        "avgReturn": -0.315
      },
      {
        "avgVolume": 119669.86,
        "avgATR": 0.000672,
        "avgReturn": -0.633
      },
      {
        "avgVolume": 139546.8,
        "avgATR": 0.000611,
        "avgReturn": 0.127
      },
      {
        "avgVolume": 313804.82,
        "avgATR": 0.000784,
        "avgReturn": 0.22
      },
      {
        "avgVolume": 334513.23,
        "avgATR": 0.000899,
        "avgReturn": -0.391
      },
      {
        "avgVolume": 314523.9,
        "avgATR": 0.001025,
        "avgReturn": 0.021
      },
      {
        "avgVolume": 286057.37,
        "avgATR": 0.000911,
        "avgReturn": -0.98
      },
      {
        "avgVolume": 316492.43,
        "avgATR": 0.000717,
        "avgReturn": -0.645
      },
      {
        "avgVolume": 354548.66,
        "avgATR": 0.000988,
        "avgReturn": 0.32
      },
      {
        "avgVolume": 230647.11,
        "avgATR": 0.000652,
        "avgReturn": -0.076
      },
      {
        "avgVolume": 150162.81,
        "avgATR": 0.000547,
        "avgReturn": -0.189
      },
      {
        "avgVolume": 292817.39,
        "avgATR": 0.000899,
        "avgReturn": -0.434
      },
      {
        "avgVolume": 228016.52,
        "avgATR": 0.000793,
        "avgReturn": -0.841
      },
      {
        "avgVolume": 156069.92,
        "avgATR": 0.000608,
        "avgReturn": 0.736
      },
      {
        "avgVolume": 162660.34,
        "avgATR": 0.000514,
        "avgReturn": -0.099
      }
    ],
    "dailyProfile": [
      {
        "avgVolume": 163647.63,
        "avgATR": 0.000416,
        "avgReturn": -0.062
      },
      {
        "avgVolume": 208044.87,
        "avgATR": 0.000783,
        "avgReturn": -0.084
      },
      {
        "avgVolume": 333110.11,
        "avgATR": 0.0012,
        "avgReturn": -0.721
      },
      {
        "avgVolume": 303514.68,
        "avgATR": 0.000807,
        "avgReturn": 0.126
      },
      {
        "avgVolume": 199771.29,
        "avgATR": 0.000658,
        "avgReturn": -0.193
      },
      {
        "avgVolume": 279923.13,
        "avgATR": 0.000667,
        "avgReturn": -0.051
      },
      {
        "avgVolume": 112125.48,
        "avgATR": 0.000344,
        "avgReturn": -0.056
      }
    ],
    "favorableHours": [
      1,
      17,
      4,
      13,
      14,
      12
    ],
    "favorableWindow": false,
    "currentVsAvgVolume": 0,
    "currentVsAvgVolatility": 0,
    "anomalyDetected": true,
    "timeUntilFavorable": 3,
    "temporalScore": 0
  },
  "unifiedMicrostructure": {
    "signalDirections": {
      "vpin": "NEUTRAL",
      "sweeps": "NEUTRAL",
      "absorption": "NEUTRAL",
      "arrival": "NEUTRAL",
      "vacuum": "NONE",
      "volRegime": "FAVORABLE",
      "temporal": "UNFAVORABLE"
    },
    "consensusDirection": "NEUTRAL",
    "consensusStrength": 50,
    "bullishSignals": 1,
    "bearishSignals": 1,
    "neutralSignals": 0,
    "totalAvailableSignals": 2,
    "dominantPattern": "NONE",
    "clusters": {
      "strongBuyCluster": false,
      "distributionPattern": false,
      "accumulationPattern": false,
      "momentumCascade": false
    },
    "adaptiveWeights": {
      "vpin": 0,
      "sweeps": 0,
      "absorption": 0,
      "arrival": 0,
      "vacuum": 0,
      "volRegime": 0.021,
      "temporal": 0.02
    },
    "convictionLevel": "LOW",
    "convictionScore": 30,
    "riskAdjustment": "REDUCE",
    "timingQuality": "UNFAVORABLE",
    "signalQuality": "LOW"
  },
  "deltaAnalysis": {
    "currentDelta": 0,
    "cumulativeDelta": 0,
    "deltaPerVolume": 0,
    "deltaDirection": "NEUTRAL",
    "deltaDivergence": false,
    "institutionalRatio": 0,
    "aggressionScore": 0
  },
  "volumeProfile": {
    "pointOfControl": 0,
    "valueAreaHigh": 0,
    "valueAreaLow": 0,
    "currentPosition": "ABOVE_VALUE_AREA",
    "volumeNodes": [],
    "airPockets": []
  },
  "momentumCascade": {
    "cascadeDetected": false,
    "alignmentScore": -0.02087693827634642,
    "cascadeStrength": 0,
    "acceleratingTimeframes": [],
    "divergingTimeframes": [
      "1m",
      "5m",
      "15m",
      "1h"
    ]
  },
  "breakoutConfirmation": {
    "breakoutConfirmed": false,
    "volumeConfirmation": false,
    "retestStrength": 0,
    "falseBreakoutRisk": 0,
    "breakoutQuality": "NO_BREAKOUT"
  },
  "liquidityHeatmap": {
    "liquidityScore": 0,
    "magnetDirection": "NONE",
    "magnetStrength": 0,
    "priceTarget5pct": null,
    "message": "No order book data"
  },
  "smartMoneyDivergence": {
    "divergenceDetected": false,
    "divergenceDirection": "NONE",
    "smartMoneyScore": 0.5,
    "message": "Insufficient trade data"
  },
  "microstructure": {
    "raw": -0.02399565739628569,
    "pct": 50,
    "summary": {
      "latestBucketSignedZ": 0,
      "buySellRatio": 0.5,
      "tradesPerSec": 0,
      "vwap": 0,
      "aggressorVWAP": 0,
      "vpinToxicity": "UNKNOWN",
      "sweepDirection": "NEUTRAL",
      "absorptionSide": "NONE",
      "icebergDetected": false,
      "hawkesDirection": "NEUTRAL",
      "cascadeDetected": false,
      "vacuumSide": "NONE",
      "volatilityRegime": "LOW",
      "volExpanding": false,
      "favorableTimeWindow": false,
      "temporalAnomaly": true,
      "consensusDirection": "NEUTRAL",
      "consensusStrength": 50,
      "dominantPattern": "NONE",
      "convictionLevel": "LOW",
      "riskAdjustment": "REDUCE",
      "timingQuality": "UNFAVORABLE",
      "deltaDirection": "NEUTRAL",
      "deltaDivergence": false,
      "institutionalRatio": 0,
      "volumeProfilePosition": "ABOVE_VALUE_AREA",
      "pointOfControl": 0,
      "momentumCascadeDetected": false,
      "cascadeStrength": 0,
      "breakoutQuality": "NO_BREAKOUT",
      "breakoutConfirmed": false,
      "magnetDirection": "NONE",
      "magnetStrength": 0,
      "priceTarget5pct": null,
      "nearestBidWall": 0,
      "nearestAskWall": 0,
      "divergenceDetected": false,
      "divergenceDirection": "NONE",
      "whaleAccumulation": false,
      "whaleDistribution": false,
      "retailPanic": false,
      "smartMoneyScore": 0.5
    }
  }
}

=== MICROSTRUCTURE ALERTS ===

🔬 VPIN: Insufficient data for VPIN analysis

🌊 SWEEP DETECTION: No significant sweeps detected

🧊 ABSORPTION & ICEBERG: No significant absorption or iceberg orders detected

⚡ ORDER ARRIVAL DYNAMICS: Insufficient trades for analysis

🌪️ LIQUIDITY VACUUM: No significant vacuum detected

📊 VOLATILITY REGIME DETECTION:
   Current Regime: LOW
   Regime Score: -1.00 (-1=low vol, +1=extreme vol)
   Days in Regime: 6
   ATR: $0.005066 (avg: $0.007153)
   ATR Percentile: 1.3%
   Realized Volatility: 138.88% (annualized)
   Vol Percentile: 27.1%

   🔵 LOW VOLATILITY REGIME:
   ✅ Ideal for breakout setups - price coiling
   ✅ Tight stops recommended
   ✅ Can increase position size (lower risk)

⏰ TEMPORAL PATTERN ANALYSIS:
   Current Time: Sunday 22:00 UTC
   Day Bias: NEUTRAL
   Current vs Avg Volume: 0x
   Current vs Avg Volatility: 0x

   ⏳ NON-FAVORABLE TIME WINDOW:
   This hour typically shows weaker activity
   Next favorable window in 3 hour(s)

   ⚠️ LOW ACTIVITY ANOMALY:
   Volume 0x below typical - Extremely quiet

   📉 LOW VOLATILITY ANOMALY:
   Volatility 0x below typical - Consolidation likely

   🔥 Best Trading Hours (UTC): 1:00, 17:00, 4:00

🎯 UNIFIED MICROSTRUCTURE INTEGRATION:
   Signal Consensus: NEUTRAL (50% agreement)
   Available Signals: 2 (1 bullish / 1 bearish / 0 neutral)
   Conviction Level: LOW (30%)
   Signal Quality: LOW
   Risk Adjustment: REDUCE
   Timing Quality: UNFAVORABLE

   ⚠️ LOW CONVICTION: Only 50% signal agreement
   Weak alignment - Reduce position size or wait for clarity

   ⚠️ RISK REDUCTION RECOMMENDED: Extreme volatility or unfavorable timing detected

   ⏰ UNFAVORABLE TIMING: Avoid trading during this hour

   Signal Directions Breakdown:
   • VPIN: NEUTRAL
   • Sweeps: NEUTRAL
   • Absorption: NEUTRAL
   • Arrival Dynamics: NEUTRAL
   • Liquidity Vacuum: NONE
   • Vol Regime: FAVORABLE
   • Temporal: UNFAVORABLE

   Adaptive Weights (Total: 4.1%):
   • VPIN: 0.0%
   • Sweeps: 0.0%
   • Absorption: 0.0%
   • Arrival: 0.0%
   • Vacuum: 0.0%
   • Vol Regime: 2.1%
   • Temporal: 2.0%


💹 DELTA ANALYSIS (Order Flow Aggression):
   Direction: NEUTRAL
   Delta Per Volume: 0.00%
   Institutional Ratio: 0.0%
   Aggression Score: 0.0%

📊 VOLUME PROFILE (Support/Resistance Strength):
   Point of Control (POC): $0.000000
   Value Area High: $0.000000
   Value Area Low: $0.000000
   Current Position: ABOVE_VALUE_AREA
   ⚠️ DISTRIBUTION RISK: Price above value area - potential rejection zone

⚡ MOMENTUM CASCADE (Multi-Timeframe Alignment):
   Cascade Detected: NO
   Alignment Score: -2.1%
   Cascade Strength: 0.0%
   Accelerating: None
   Diverging: 1m, 5m, 15m, 1h

💥 BREAKOUT CONFIRMATION:
   Quality: NO_BREAKOUT
   Volume Confirmation: NO
   Retest Strength: 0.0%
   False Breakout Risk: 0.0%
   No breakout detected - price below resistance


levels:
Entry=0.032484900000000004, StopLoss=0.031672777500000006, TakeProfit=0.032815737000000005, 0.033146574000000005, 0.0334112436

---

=== Token: FLOCK (FLOCK) ===
Contract: FLOCK-USD
Timestamp: 2025-11-16T16:00:00.000Z

Calculations:
{
  "momentumScore": 31.70767454584559,
  "volumeScore": 2.5277082240378075,
  "patternScore": 39.93068683049756,
  "totalScore": 16.78428535651658,
  "finalScore": 36,
  "weights": "0.23,0.45,0.23",
  "hourlyUptrend": false,
  "rsi": 34.567901234567884,
  "ultraShortVolumeSurge": 5.709001573412095,
  "baseVolumeSurge": 0.0351190431027287,
  "currentPrice": 0.1606,
  "resistance": 0.1648,
  "support": 0.1587,
  "rocMin5": -0.01351351351351356,
  "shortROC": 0.006265664160401008,
  "priceAcceleration": -0.003376026237330387,
  "buySellRatio": 0.011474243275223707,
  "macdHistogram": -0.0004911027131316733,
  "stochasticK": 22.38805970149261,
  "atr": 0.0007857142857142844,
  "bbUpper": 0.16673274386784143,
  "bbLower": 0.16060725613215865,
  "hammerDetected": false,
  "engulfingDetected": false,
  "compressionSpring": {
    "detected": true,
    "confidence": 54,
    "signals": {
      "sidewaysPrice": true,
      "atrCompression": true,
      "bbSqueeze": true,
      "consolidationTime": true,
      "strongBuying": false,
      "obvPositive": false,
      "chaikinPositive": false,
      "rsiNeutral": false,
      "volumeBuilding": false
    },
    "metrics": {
      "priceRange": 3.84,
      "atrRatio": 0.769,
      "bbWidth": 3.74,
      "volumeRatio": 1.934,
      "signalCount": 4,
      "buySellRatio": 0.011
    }
  },
  "riskTier": "MEDIUM",
  "atrPercent": 0.8361501512186426,
  "distanceToResistance": 2.6151930261519363,
  "slPercent": 3,
  "tpPercent": 0.828144458281438,
  "trailingActivation": 0.4968866749688628,
  "shortMomentumScore": 90,
  "overboughtScore": 0,
  "shortPatternScore": 0,
  "shootingStarDetected": false,
  "bearishEngulfingDetected": false,
  "eveningStarDetected": false,
  "bearishPatternsCount": 0,
  "shortTotalScore": 36,
  "chaikin": -0.22807432202699088,
  "obvIncreasing": false,
  "obvTrend": "declining",
  "adx": 67.0103092783502,
  "recentCandles": {
    "redCount": 7,
    "greenCount": 3
  },
  "resistanceDistance": 2.6151930261519363,
  "multiplePatterns": false,
  "bullishPattern": false,
  "priceAboveVWAP": false,
  "breakingResistance": false,
  "atrSufficient": false,
  "macdDivergenceBearish": false,
  "rvolMin1": -0.2603184453932707,
  "rvolMin5": 0.758863378545647,
  "atrPercentileOld": 1,
  "vwapDeviation": -3.8099200223393535,
  "bbWidthPercent": 3.7425843072540945,
  "bbSqueeze": false,
  "multiTFMomentum": {
    "min1": {
      "roc1": -0.0006277463904581857,
      "roc3": -0.010565568676196268
    },
    "min5": {
      "roc1": 0.006265664160401008,
      "roc3": -0.011083743842364508
    },
    "min15": {
      "roc1": 0.0037593984962407093,
      "roc3": -0.02078239608801948
    },
    "hourly": {
      "roc1": -0.015037593984962315,
      "roc3": -0.036174126302881596
    },
    "fourHour": {
      "roc1": -0.04784978800726827,
      "roc3": -0.0659536541889483
    },
    "divergenceShortUpLongDown": true
  },
  "returnZMin5": 1.9954753995442027,
  "wickClosePct": 1,
  "wickUpper": 0,
  "wickLower": 0.0007999999999999952,
  "wickRatio": 0.8888888888888992,
  "donchianBreakout15": false,
  "bbWidthPercentile15": 0.8961038961038961,
  "signedMin5": -123783.59999999996,
  "signedMin5Z": -13.445216777735762,
  "signedMin1": -43766.599999999984,
  "signedMin1Z": -6.970557450439504,
  "streakMin1": {
    "upStreak": 0,
    "downStreak": 3
  },
  "streakMin5": {
    "upStreak": 1,
    "downStreak": 0
  },
  "rvolPercentileMin1": 0.6625,
  "rvolPercentileMin5": 0.90625,
  "perTfMetrics": {
    "min1": {
      "sma20": 0.162235,
      "sma50": 0.16302399999999997,
      "ema20": 0.16168816840080874,
      "ema50": 0.16278432696815257,
      "vwma20": 0.15979725223925664,
      "hma21": 0.1596991341991342,
      "atr14": 0.0005357142857142862,
      "atrPercentile": 0.9269889224572004,
      "rvolZ": -0.2603184453932707,
      "rvolPercentile": 0.6625,
      "mfi14": 1.151022544912351,
      "ppo": {
        "ppo": -0.6726978566263639,
        "signal": -0.4402464340385041,
        "histogram": -0.23245142258785984
      },
      "stochRsi": {
        "k": 0,
        "d": 4.87709268104426
      },
      "vprofile": {
        "vpBins": [
          0,
          0.16879889252346897,
          0,
          0,
          0.020190104030835623,
          0,
          0.002046713283437989,
          0.0036178737600233335,
          0.022171884530349687,
          0.05695882516368917,
          0.15470581723230928,
          0.07615684141391671,
          0.1007019659730923,
          0.07925205948694586,
          0.06582241628727117,
          0.008434875078903979,
          0.07144469057399516,
          0.027887033987522267,
          0.09195919240648348,
          0.049850814267755145
        ],
        "currentBinShare": 0.16879889252346897
      },
      "ttm": {
        "squeeze": false,
        "release": false,
        "widthPct": 4.015362086848922
      }
    },
    "min5": {
      "sma20": 0.163025,
      "sma50": 0.16414399999999996,
      "ema20": 0.16282127001100594,
      "ema50": 0.16403018348527576,
      "vwma20": 0.161202725195925,
      "hma21": 0.16250043290043292,
      "atr14": 0.0007857142857142844,
      "atrPercentile": 0.8321167883211679,
      "rvolZ": 0.758863378545647,
      "rvolPercentile": 0.90625,
      "mfi14": 23.501542125312795,
      "ppo": {
        "ppo": -0.5190927534383308,
        "signal": -0.31573528693320374,
        "histogram": -0.2033574665051271
      },
      "stochRsi": {
        "k": 28.194820837097257,
        "d": 32.32915455137674
      },
      "vprofile": {
        "vpBins": [
          0,
          0.06813382100150207,
          0.011326605617060356,
          0.006986799219227325,
          0,
          0.014881883391995384,
          0.00782270834768629,
          0.048908544071655034,
          0.0449504515734515,
          0.08071740268273765,
          0.06468172625416176,
          0.0953930255236618,
          0.1818773888110562,
          0.14542139030583853,
          0.09587802795500418,
          0.038523879221839606,
          0.056547675253682025,
          0.02864130847051419,
          0.00890254299741209,
          0.0004048193015142057
        ],
        "currentBinShare": 0.011326605617060356
      },
      "ttm": {
        "squeeze": false,
        "release": false,
        "widthPct": 3.101538549250471
      }
    },
    "min15": {
      "sma20": 0.16367000000000004,
      "sma50": 0.16602199999999992,
      "ema20": 0.1636144407963734,
      "ema50": 0.16536562738386784,
      "vwma20": 0.16294984685275024,
      "hma21": 0.16177619047619046,
      "atr14": 0.0013428571428571398,
      "atrPercentile": 1,
      "rvolZ": 0.34156620568956836,
      "rvolPercentile": 0.7604166666666666,
      "mfi14": 11.757503448206464,
      "ppo": {
        "ppo": -0.805927708874306,
        "signal": -0.6133452841534728,
        "histogram": -0.1925824247208332
      },
      "stochRsi": {
        "k": 22.509135622868122,
        "d": 31.48788740893994
      },
      "vprofile": {
        "vpBins": [
          0,
          0.07559912472130113,
          0.014624022349554346,
          0,
          0,
          0,
          0.0426637119005928,
          0.01174986256451759,
          0.03436900798720324,
          0.017609482171824873,
          0.12689534776404138,
          0.034135214550357354,
          0.10126413188399708,
          0.1561610272887839,
          0.1358746419444011,
          0.06762015810518762,
          0.06962292518884575,
          0.07805976368488868,
          0.028387739762350133,
          0.00536383813215306
        ],
        "currentBinShare": 0.014624022349554346
      },
      "ttm": {
        "squeeze": false,
        "release": true,
        "widthPct": 3.7425843072540945
      }
    },
    "hourly": {
      "sma20": 0.16609000000000002,
      "sma50": 0.16788,
      "ema20": 0.1652960047665358,
      "ema50": 0.1685855527370864,
      "vwma20": 0.16528540873406844,
      "hma21": 0.16294502164502167,
      "atr14": 0.002578571428571428,
      "atrPercentile": 0.055900621118012424,
      "rvolZ": -0.4348123977912121,
      "rvolPercentile": 0.39880952380952384,
      "mfi14": 17.566956857474267,
      "ppo": {
        "ppo": -1.3025410487499351,
        "signal": -0.7645834124330269,
        "histogram": -0.5379576363169083
      },
      "stochRsi": {
        "k": 0,
        "d": 32.11693365530687
      },
      "vprofile": {
        "vpBins": [
          0.010301136024080323,
          0,
          0.05158409388007051,
          0.07608027064495143,
          0.087305136905333,
          0.06897283527562684,
          0.008350126219130883,
          0.039298681108243624,
          0,
          0.03749604615217387,
          0.06933248569360809,
          0.1305571632930214,
          0.04480481325702993,
          0.09568486394800771,
          0.08643148832957255,
          0.12061569416386274,
          0.032007420752630716,
          0.035947024263728325,
          0.005230720088928025,
          0
        ],
        "currentBinShare": 0.010301136024080323
      },
      "ttm": {
        "squeeze": false,
        "release": true,
        "widthPct": 7.567263822430716
      }
    },
    "fourHour": {
      "sma20": 0.170115,
      "sma50": 0.186116,
      "ema20": 0.17106982620057873,
      "ema50": 0.18309881848523193,
      "vwma20": 0.17030426749167774,
      "hma21": 0.16275974025974022,
      "atr14": 0.006335714285714287,
      "atrPercentile": 0.11428571428571428,
      "rvolZ": -0.48950074262860593,
      "rvolPercentile": 0.39285714285714285,
      "mfi14": 32.586774373610865,
      "ppo": {
        "ppo": -3.8363935390611217,
        "signal": -3.7598439159149613,
        "histogram": -0.07654962314616043
      },
      "stochRsi": {
        "k": 53.485995030494706,
        "d": 38.76022885532409
      },
      "vprofile": {
        "vpBins": [
          0.008258278205140447,
          0.019965702883632343,
          0.05228516229738408,
          0.08036343315934981,
          0.008603306790685453,
          0,
          0.045508734229553045,
          0.0939806541740675,
          0.09313029125064894,
          0.1688018836934599,
          0.16945314469990116,
          0.13614702939441647,
          0.013523138273541105,
          0.016322783861184284,
          0.06377402980327902,
          0,
          0.022198581427632372,
          0,
          0,
          0.007683845856124072
        ],
        "currentBinShare": 0.008258278205140447
      },
      "ttm": {
        "squeeze": false,
        "release": false,
        "widthPct": 15.608837238423877
      }
    },
    "daily": {
      "sma20": 0.205625,
      "sma50": 0.224426,
      "ema20": 0.19607752476280008,
      "ema50": 0.2313626699485259,
      "vwma20": 0,
      "hma21": 0.1673155844155844,
      "atr14": 0.020850000000000004,
      "atrPercentile": 0.01818181818181818,
      "rvolZ": 0,
      "rvolPercentile": 1,
      "mfi14": 50,
      "ppo": {
        "ppo": -8.558393436519658,
        "signal": -6.445911422367284,
        "histogram": -2.1124820141523744
      },
      "stochRsi": {
        "k": 6.327293872370809,
        "d": 22.332907630685398
      },
      "vprofile": {
        "vpBins": [
          0,
          0,
          0,
          0,
          0,
          0,
          0,
          0,
          0,
          0,
          0,
          0,
          0,
          0,
          0,
          0,
          0,
          0,
          0,
          0
        ],
        "currentBinShare": 0
      },
      "ttm": {
        "squeeze": false,
        "release": false,
        "widthPct": 55.27478604617446
      }
    }
  },
  "smaMin5": 0.163025,
  "emaMin5": 0.16282127001100594,
  "vwmaMin5": 0.161202725195925,
  "hmaMin5": 0.16250043290043292,
  "keltner15": {
    "upper": 0.1656844407963734,
    "middle": 0.1636144407963734,
    "lower": 0.16154444079637342
  },
  "superTrend15": {
    "isBull": true,
    "finalUpper": 0.16409,
    "finalLower": 0.15581
  },
  "mfi15": 11.757503448206464,
  "stochRsi15": {
    "k": 22.509135622868122,
    "d": 31.48788740893994
  },
  "ppo15": {
    "ppo": -0.805927708874306,
    "signal": -0.6133452841534728,
    "histogram": -0.1925824247208332
  },
  "vpMin15": {
    "vpBins": [
      0,
      0.07559912472130113,
      0.014624022349554346,
      0,
      0,
      0,
      0.0426637119005928,
      0.01174986256451759,
      0.03436900798720324,
      0.017609482171824873,
      0.12689534776404138,
      0.034135214550357354,
      0.10126413188399708,
      0.1561610272887839,
      0.1358746419444011,
      0.06762015810518762,
      0.06962292518884575,
      0.07805976368488868,
      0.028387739762350133,
      0.00536383813215306
    ],
    "currentBinShare": 0.014624022349554346
  },
  "ttm15": {
    "squeeze": false,
    "release": true,
    "widthPct": 3.7425843072540945
  },
  "marketCorrelation": {
    "hourly": {
      "btcCorrelation": 0,
      "ethCorrelation": 0,
      "btcBeta": 1,
      "ethBeta": 1,
      "btcTrend": "UNKNOWN",
      "ethTrend": "UNKNOWN",
      "tokenVol": 0,
      "btcVol": 0,
      "ethVol": 0,
      "marketDependence": 0,
      "verdict": "INSUFFICIENT_DATA"
    },
    "min15": {
      "btcCorrelation": 0,
      "ethCorrelation": 0,
      "btcBeta": 1,
      "ethBeta": 1,
      "btcTrend": "UNKNOWN",
      "ethTrend": "UNKNOWN",
      "tokenVol": 0,
      "btcVol": 0,
      "ethVol": 0,
      "marketDependence": 0,
      "verdict": "INSUFFICIENT_DATA"
    },
    "daily": {
      "btcCorrelation": 0,
      "ethCorrelation": 0,
      "btcBeta": 1,
      "ethBeta": 1,
      "btcTrend": "UNKNOWN",
      "ethTrend": "UNKNOWN",
      "tokenVol": 0,
      "btcVol": 0,
      "ethVol": 0,
      "marketDependence": 0,
      "verdict": "INSUFFICIENT_DATA"
    }
  },
  "tradeTape": {
    "totalTrades": 0,
    "totalVolume": 0,
    "buysVolume": 0,
    "sellsVolume": 0,
    "buySellRatio": 0.5,
    "vwap": 0,
    "signedVolume": 0,
    "avgTradeSize": 0,
    "tradesPerSec": 0,
    "cumulativeDelta": 0,
    "tradesLast1m": 0,
    "tradesLast5m": 0,
    "tradesLast15m": 0,
    "tradesLast1h": 0,
    "buyVWAP": 0,
    "sellVWAP": 0,
    "aggressorVWAP": 0,
    "bucketDurationMs": 60000,
    "bucketCount": 15,
    "bucketSignedVolumes": [],
    "bucketVolumes": [],
    "bucketVWAPs": [],
    "latestBucketSignedZ": 0
  },
  "enhancedMetrics": {
    "relativeVolumeZScore": -1,
    "volumePercentile": 40,
    "atrPercentile": 82.11678832116789,
    "volatilityPercentile": 42.721518987341774,
    "relativeVolatilityRatio": 1.2116485285088021,
    "isHighVolume": false,
    "isHighVolatility": false,
    "isLowVolatility": false,
    "isExpandingVolatility": true,
    "isContractingVolatility": false
  },
  "orderBook": {
    "bidAskSpread": 0,
    "spreadPct": 0,
    "midPrice": 0,
    "bestBid": 0,
    "bestAsk": 0,
    "bidDepth": 0,
    "askDepth": 0,
    "orderBookImbalance": 0,
    "liquidityScore": 0,
    "depthAt1Pct": {
      "bidVolume": 0,
      "askVolume": 0,
      "imbalance": 0
    },
    "depthAt2Pct": {
      "bidVolume": 0,
      "askVolume": 0,
      "imbalance": 0
    },
    "depthAt5Pct": {
      "bidVolume": 0,
      "askVolume": 0,
      "imbalance": 0
    },
    "weightedMidPrice": 0,
    "volumeWeightedSpread": 0,
    "totalBidLevels": 0,
    "totalAskLevels": 0
  },
  "marketCap": {
    "marketCap": 0,
    "totalVolume24h": 0,
    "volumeToMarketCapRatio": 0,
    "marketCapRank": 0,
    "normalizedRank": 0,
    "isHighLiquidity": false,
    "isVeryHighLiquidity": false,
    "isLowLiquidity": true,
    "liquidityTier": "VERY_LOW"
  },
  "sweeps": {
    "sweepScore": 0,
    "sweepCount": 0,
    "sweepDirection": "NEUTRAL",
    "buySweeps": 0,
    "sellSweeps": 0,
    "avgSweepSize": 0,
    "avgSweepIntensity": 0,
    "bidLiftRatio": 0,
    "askLiftRatio": 0,
    "sweepFrequency": 0,
    "largestSweep": null,
    "recentSweepClusters": 0,
    "sweepDetails": []
  },
  "absorption": {
    "absorptionScore": 0,
    "absorptionLevel": null,
    "absorptionSide": "NONE",
    "icebergProbability": 0,
    "hiddenLiquidityEstimate": 0,
    "volumeAtPrice": {},
    "topAbsorptionLevels": [],
    "persistenceDuration": 0,
    "refillDetected": false
  },
  "orderArrival": {
    "avgInterArrivalTime": 0,
    "recentInterArrivalTime": 0,
    "accelerationRatio": 1,
    "hawkesIntensity": 0,
    "hawkesDirection": "NEUTRAL",
    "clusteringScore": 0,
    "burstCount": 0,
    "cascadeDetected": false,
    "timeToNextTrade": 0,
    "accelerationTrend": "STABLE"
  },
  "liquidityVacuum": {
    "vacuumScore": 0,
    "vacuumSide": "NONE",
    "bidVacuumSeverity": 0,
    "askVacuumSeverity": 0,
    "depthConcentration": 0,
    "priceImpact10k": 0,
    "priceImpact50k": 0,
    "priceImpact100k": 0,
    "largestGapBid": 0,
    "largestGapAsk": 0,
    "avgGapBid": 0,
    "avgGapAsk": 0,
    "bidCliffDistance": 0,
    "askCliffDistance": 0
  },
  "volatilityRegime": {
    "regime": "LOW",
    "regimeScore": -1,
    "currentATR": 0.021154,
    "avgATR": 0.029569,
    "atrPercentile": 1.8,
    "realizedVolatility": 117.78,
    "volPercentile": 5.3,
    "expanding": false,
    "contracting": false,
    "transitionProbability": 0,
    "daysInRegime": 2,
    "regimeStrength": 1.65
  },
  "temporalPatterns": {
    "currentHour": 22,
    "currentDay": 0,
    "currentDayName": "Sunday",
    "dayBias": "NEUTRAL",
    "hourlyProfile": [
      {
        "avgVolume": 169299.89,
        "avgATR": 0.006243,
        "avgReturn": 0.086
      },
      {
        "avgVolume": 109636.82,
        "avgATR": 0.004936,
        "avgReturn": -0.418
      },
      {
        "avgVolume": 64588.49,
        "avgATR": 0.003414,
        "avgReturn": 0.048
      },
      {
        "avgVolume": 69195.76,
        "avgATR": 0.003207,
        "avgReturn": -0.401
      },
      {
        "avgVolume": 68320.09,
        "avgATR": 0.003071,
        "avgReturn": -0.25
      },
      {
        "avgVolume": 67743.43,
        "avgATR": 0.003379,
        "avgReturn": -0.539
      },
      {
        "avgVolume": 65140.4,
        "avgATR": 0.003336,
        "avgReturn": 0.437
      },
      {
        "avgVolume": 62446.22,
        "avgATR": 0.00325,
        "avgReturn": -0.419
      },
      {
        "avgVolume": 50052.83,
        "avgATR": 0.003493,
        "avgReturn": -0.302
      },
      {
        "avgVolume": 52932.99,
        "avgATR": 0.003643,
        "avgReturn": -0.159
      },
      {
        "avgVolume": 43356.6,
        "avgATR": 0.002593,
        "avgReturn": -0.231
      },
      {
        "avgVolume": 46609.64,
        "avgATR": 0.003429,
        "avgReturn": -0.108
      },
      {
        "avgVolume": 55097.53,
        "avgATR": 0.002907,
        "avgReturn": 0.106
      },
      {
        "avgVolume": 70209.79,
        "avgATR": 0.003621,
        "avgReturn": 0.063
      },
      {
        "avgVolume": 94842.65,
        "avgATR": 0.005129,
        "avgReturn": 0.374
      },
      {
        "avgVolume": 149908.33,
        "avgATR": 0.005514,
        "avgReturn": -0.366
      },
      {
        "avgVolume": 90667.21,
        "avgATR": 0.004436,
        "avgReturn": -0.42
      },
      {
        "avgVolume": 66075.8,
        "avgATR": 0.004015,
        "avgReturn": 0.238
      },
      {
        "avgVolume": 64941.73,
        "avgATR": 0.003121,
        "avgReturn": -0.198
      },
      {
        "avgVolume": 66839.02,
        "avgATR": 0.003157,
        "avgReturn": -0.416
      },
      {
        "avgVolume": 63428.41,
        "avgATR": 0.00345,
        "avgReturn": -0.417
      },
      {
        "avgVolume": 80166.31,
        "avgATR": 0.003243,
        "avgReturn": 0.332
      },
      {
        "avgVolume": 43993.6,
        "avgATR": 0.002936,
        "avgReturn": 0.192
      },
      {
        "avgVolume": 36133.8,
        "avgATR": 0.00285,
        "avgReturn": -0.037
      }
    ],
    "dailyProfile": [
      {
        "avgVolume": 37691.31,
        "avgATR": 0.002751,
        "avgReturn": -0.122
      },
      {
        "avgVolume": 85526.29,
        "avgATR": 0.004242,
        "avgReturn": -0.316
      },
      {
        "avgVolume": 96160.62,
        "avgATR": 0.0043,
        "avgReturn": -0.143
      },
      {
        "avgVolume": 74314.46,
        "avgATR": 0.003379,
        "avgReturn": -0.025
      },
      {
        "avgVolume": 83709.08,
        "avgATR": 0.003885,
        "avgReturn": -0.124
      },
      {
        "avgVolume": 72773.98,
        "avgATR": 0.003965,
        "avgReturn": 0.003
      },
      {
        "avgVolume": 60124.22,
        "avgATR": 0.003227,
        "avgReturn": -0.099
      }
    ],
    "favorableHours": [
      0,
      15,
      1,
      14,
      16,
      21
    ],
    "favorableWindow": false,
    "currentVsAvgVolume": 0,
    "currentVsAvgVolatility": 0,
    "anomalyDetected": true,
    "timeUntilFavorable": 2,
    "temporalScore": 0
  },
  "unifiedMicrostructure": {
    "signalDirections": {
      "vpin": "NEUTRAL",
      "sweeps": "NEUTRAL",
      "absorption": "NEUTRAL",
      "arrival": "NEUTRAL",
      "vacuum": "NONE",
      "volRegime": "FAVORABLE",
      "temporal": "UNFAVORABLE"
    },
    "consensusDirection": "NEUTRAL",
    "consensusStrength": 50,
    "bullishSignals": 1,
    "bearishSignals": 1,
    "neutralSignals": 0,
    "totalAvailableSignals": 2,
    "dominantPattern": "NONE",
    "clusters": {
      "strongBuyCluster": false,
      "distributionPattern": false,
      "accumulationPattern": false,
      "momentumCascade": false
    },
    "adaptiveWeights": {
      "vpin": 0,
      "sweeps": 0,
      "absorption": 0,
      "arrival": 0,
      "vacuum": 0,
      "volRegime": 0.021,
      "temporal": 0.02
    },
    "convictionLevel": "LOW",
    "convictionScore": 30,
    "riskAdjustment": "REDUCE",
    "timingQuality": "UNFAVORABLE",
    "signalQuality": "LOW"
  },
  "deltaAnalysis": {
    "currentDelta": 0,
    "cumulativeDelta": 0,
    "deltaPerVolume": 0,
    "deltaDirection": "NEUTRAL",
    "deltaDivergence": false,
    "institutionalRatio": 0,
    "aggressionScore": 0
  },
  "volumeProfile": {
    "pointOfControl": 0,
    "valueAreaHigh": 0,
    "valueAreaLow": 0,
    "currentPosition": "ABOVE_VALUE_AREA",
    "volumeNodes": [],
    "airPockets": []
  },
  "momentumCascade": {
    "cascadeDetected": false,
    "alignmentScore": -0.023231599238126677,
    "cascadeStrength": 0,
    "acceleratingTimeframes": [],
    "divergingTimeframes": [
      "1m",
      "5m",
      "15m",
      "1h"
    ]
  },
  "breakoutConfirmation": {
    "breakoutConfirmed": false,
    "volumeConfirmation": false,
    "retestStrength": 0,
    "falseBreakoutRisk": 0,
    "breakoutQuality": "NO_BREAKOUT"
  },
  "liquidityHeatmap": {
    "liquidityScore": 0,
    "magnetDirection": "NONE",
    "magnetStrength": 0,
    "priceTarget5pct": null,
    "message": "No order book data"
  },
  "smartMoneyDivergence": {
    "divergenceDetected": false,
    "divergenceDirection": "NONE",
    "smartMoneyScore": 0.5,
    "message": "Insufficient trade data"
  },
  "microstructure": {
    "raw": -0.04718146539776402,
    "pct": 49,
    "summary": {
      "latestBucketSignedZ": 0,
      "buySellRatio": 0.5,
      "tradesPerSec": 0,
      "vwap": 0,
      "aggressorVWAP": 0,
      "vpinToxicity": "UNKNOWN",
      "sweepDirection": "NEUTRAL",
      "absorptionSide": "NONE",
      "icebergDetected": false,
      "hawkesDirection": "NEUTRAL",
      "cascadeDetected": false,
      "vacuumSide": "NONE",
      "volatilityRegime": "LOW",
      "volExpanding": false,
      "favorableTimeWindow": false,
      "temporalAnomaly": true,
      "consensusDirection": "NEUTRAL",
      "consensusStrength": 50,
      "dominantPattern": "NONE",
      "convictionLevel": "LOW",
      "riskAdjustment": "REDUCE",
      "timingQuality": "UNFAVORABLE",
      "deltaDirection": "NEUTRAL",
      "deltaDivergence": false,
      "institutionalRatio": 0,
      "volumeProfilePosition": "ABOVE_VALUE_AREA",
      "pointOfControl": 0,
      "momentumCascadeDetected": false,
      "cascadeStrength": 0,
      "breakoutQuality": "NO_BREAKOUT",
      "breakoutConfirmed": false,
      "magnetDirection": "NONE",
      "magnetStrength": 0,
      "priceTarget5pct": null,
      "nearestBidWall": 0,
      "nearestAskWall": 0,
      "divergenceDetected": false,
      "divergenceDirection": "NONE",
      "whaleAccumulation": false,
      "whaleDistribution": false,
      "retailPanic": false,
      "smartMoneyScore": 0.5
    }
  }
}

=== MICROSTRUCTURE ALERTS ===

🔬 VPIN: Insufficient data for VPIN analysis

🌊 SWEEP DETECTION: No significant sweeps detected

🧊 ABSORPTION & ICEBERG: No significant absorption or iceberg orders detected

⚡ ORDER ARRIVAL DYNAMICS: Insufficient trades for analysis

🌪️ LIQUIDITY VACUUM: No significant vacuum detected

📊 VOLATILITY REGIME DETECTION:
   Current Regime: LOW
   Regime Score: -1.00 (-1=low vol, +1=extreme vol)
   Days in Regime: 2
   ATR: $0.021154 (avg: $0.029569)
   ATR Percentile: 1.8%
   Realized Volatility: 117.78% (annualized)
   Vol Percentile: 5.3%

   🔵 LOW VOLATILITY REGIME:
   ✅ Ideal for breakout setups - price coiling
   ✅ Tight stops recommended
   ✅ Can increase position size (lower risk)

   ⚠️ NEW REGIME: Only 2 day(s) - conditions still settling

⏰ TEMPORAL PATTERN ANALYSIS:
   Current Time: Sunday 22:00 UTC
   Day Bias: NEUTRAL
   Current vs Avg Volume: 0x
   Current vs Avg Volatility: 0x

   ⏳ NON-FAVORABLE TIME WINDOW:
   This hour typically shows weaker activity
   Next favorable window in 2 hour(s)

   ⚠️ LOW ACTIVITY ANOMALY:
   Volume 0x below typical - Extremely quiet

   📉 LOW VOLATILITY ANOMALY:
   Volatility 0x below typical - Consolidation likely

   🔥 Best Trading Hours (UTC): 0:00, 15:00, 1:00

🎯 UNIFIED MICROSTRUCTURE INTEGRATION:
   Signal Consensus: NEUTRAL (50% agreement)
   Available Signals: 2 (1 bullish / 1 bearish / 0 neutral)
   Conviction Level: LOW (30%)
   Signal Quality: LOW
   Risk Adjustment: REDUCE
   Timing Quality: UNFAVORABLE

   ⚠️ LOW CONVICTION: Only 50% signal agreement
   Weak alignment - Reduce position size or wait for clarity

   ⚠️ RISK REDUCTION RECOMMENDED: Extreme volatility or unfavorable timing detected

   ⏰ UNFAVORABLE TIMING: Avoid trading during this hour

   Signal Directions Breakdown:
   • VPIN: NEUTRAL
   • Sweeps: NEUTRAL
   • Absorption: NEUTRAL
   • Arrival Dynamics: NEUTRAL
   • Liquidity Vacuum: NONE
   • Vol Regime: FAVORABLE
   • Temporal: UNFAVORABLE

   Adaptive Weights (Total: 4.1%):
   • VPIN: 0.0%
   • Sweeps: 0.0%
   • Absorption: 0.0%
   • Arrival: 0.0%
   • Vacuum: 0.0%
   • Vol Regime: 2.1%
   • Temporal: 2.0%


💹 DELTA ANALYSIS (Order Flow Aggression):
   Direction: NEUTRAL
   Delta Per Volume: 0.00%
   Institutional Ratio: 0.0%
   Aggression Score: 0.0%

📊 VOLUME PROFILE (Support/Resistance Strength):
   Point of Control (POC): $0.000000
   Value Area High: $0.000000
   Value Area Low: $0.000000
   Current Position: ABOVE_VALUE_AREA
   ⚠️ DISTRIBUTION RISK: Price above value area - potential rejection zone

⚡ MOMENTUM CASCADE (Multi-Timeframe Alignment):
   Cascade Detected: NO
   Alignment Score: -2.3%
   Cascade Strength: 0.0%
   Accelerating: None
   Diverging: 1m, 5m, 15m, 1h

💥 BREAKOUT CONFIRMATION:
   Quality: NO_BREAKOUT
   Volume Confirmation: NO
   Retest Strength: 0.0%
   False Breakout Risk: 0.0%
   No breakout detected - price below resistance


levels:
Entry=0.1609212, StopLoss=0.16574883599999998, TakeProfit=0.160388136, 0.15958854, 0.159188742

---

=== Token: NEON (NEON) ===
Contract: NEON-USD
Timestamp: 2025-11-16T16:00:00.000Z

Calculations:
{
  "momentumScore": 55.47845712388833,
  "volumeScore": 11.674940964703875,
  "patternScore": 35,
  "totalScore": 25.306955146827153,
  "finalScore": 0,
  "weights": "0.23,0.45,0.23",
  "hourlyUptrend": false,
  "rsi": 42.36760124610586,
  "ultraShortVolumeSurge": 4.498649612124093,
  "baseVolumeSurge": 0.018913726315030584,
  "currentPrice": 0.07135,
  "resistance": 0.07249,
  "support": 0.07066,
  "rocMin5": 0.0005609311457018423,
  "shortROC": 0.0071993224167136724,
  "priceAcceleration": 0.00016478371583267606,
  "buySellRatio": 0.3402239986278664,
  "macdHistogram": -0.00008044585310922617,
  "stochasticK": 19.125683060109477,
  "atr": 0.0004021428571428569,
  "bbUpper": 0.07290002938926278,
  "bbLower": 0.07090097061073723,
  "hammerDetected": false,
  "engulfingDetected": false,
  "compressionSpring": {
    "detected": false,
    "confidence": 0,
    "signals": {
      "sidewaysPrice": true,
      "atrCompression": false,
      "bbSqueeze": true,
      "consolidationTime": true,
      "strongBuying": false,
      "obvPositive": false,
      "chaikinPositive": false,
      "rsiNeutral": false,
      "volumeBuilding": false
    },
    "metrics": {
      "priceRange": 2.59,
      "atrRatio": 0.884,
      "bbWidth": 2.78,
      "volumeRatio": 3.499,
      "signalCount": 3,
      "buySellRatio": 0.34
    }
  },
  "riskTier": "LOW",
  "atrPercent": 0.5846431074181597,
  "distanceToResistance": 1.5977575332866183,
  "slPercent": 2.5,
  "tpPercent": 1.3580939032936254,
  "trailingActivation": 0.8148563419761753,
  "shortMomentumScore": 45,
  "overboughtScore": 0,
  "shortPatternScore": 0,
  "shootingStarDetected": false,
  "bearishEngulfingDetected": false,
  "eveningStarDetected": false,
  "bearishPatternsCount": 0,
  "shortTotalScore": 18,
  "chaikin": 0.0022899462060664132,
  "obvIncreasing": false,
  "obvTrend": "declining",
  "adx": 30.26819923371626,
  "recentCandles": {
    "redCount": 5,
    "greenCount": 5
  },
  "resistanceDistance": 1.5977575332866183,
  "multiplePatterns": false,
  "bullishPattern": false,
  "priceAboveVWAP": false,
  "breakingResistance": false,
  "atrSufficient": false,
  "macdDivergenceBearish": false,
  "rvolMin1": -0.19917674162960852,
  "rvolMin5": -0.34534017224902874,
  "atrPercentileOld": 0.13414634146341464,
  "vwapDeviation": -1.7762345875802346,
  "bbWidthPercent": 2.7803127635072737,
  "bbSqueeze": true,
  "multiTFMomentum": {
    "min1": {
      "roc1": -0.013645224171539889,
      "roc3": -0.011442924923248691
    },
    "min5": {
      "roc1": 0.0071993224167136724,
      "roc3": -0.0026558568632933967
    },
    "min15": {
      "roc1": 0.003958716244874911,
      "roc3": -0.007408442829186506
    },
    "hourly": {
      "roc1": 0.003251802629718565,
      "roc3": -0.004908147524891363
    },
    "fourHour": {
      "roc1": -0.016084303937881423,
      "roc3": -0.026611796982167504
    },
    "divergenceShortUpLongDown": true
  },
  "returnZMin5": 1.1905136351086374,
  "wickClosePct": 1,
  "wickUpper": 0,
  "wickLower": 0.00010999999999999899,
  "wickRatio": 0.21568627450980338,
  "donchianBreakout15": false,
  "bbWidthPercentile15": 0.2857142857142857,
  "signedMin5": -102364.16000000002,
  "signedMin5Z": -4.341682984294038,
  "signedMin1": -103078.60999999999,
  "signedMin1Z": -8.475502668330028,
  "streakMin1": {
    "upStreak": 0,
    "downStreak": 0
  },
  "streakMin5": {
    "upStreak": 1,
    "downStreak": 0
  },
  "rvolPercentileMin1": 0.6291666666666667,
  "rvolPercentileMin5": 0.4236111111111111,
  "perTfMetrics": {
    "min1": {
      "sma20": 0.0718405,
      "sma50": 0.07197619999999999,
      "ema20": 0.07172479006786062,
      "ema50": 0.07197144685941549,
      "vwma20": 0.07157352240923996,
      "hma21": 0.07143653679653676,
      "atr14": 0.00037642857142857123,
      "atrPercentile": 0.6148036253776435,
      "rvolZ": -0.19917674162960852,
      "rvolPercentile": 0.6291666666666667,
      "mfi14": 33.66378049143766,
      "ppo": {
        "ppo": -0.2562415340847333,
        "signal": -0.15168869021790068,
        "histogram": -0.10455284386683264
      },
      "stochRsi": {
        "k": 0,
        "d": 40.73833502761096
      },
      "vprofile": {
        "vpBins": [
          0,
          0.0027926971047164593,
          0.10942491047334238,
          0.001394858557339947,
          0.05378731342346557,
          0.011629349732132935,
          0.06922459933782835,
          0.13308107587462012,
          0.04641304347219511,
          0.18896328881075683,
          0.022174686234672655,
          0.018764305277545607,
          0.0546009511525502,
          0.017060588052483318,
          0.05717271603714004,
          0.16741428887364918,
          0.03298210560627088,
          0.0013172448842527784,
          0.003197797173507353,
          0.008604179921530276
        ],
        "currentBinShare": 0.0027926971047164593
      },
      "ttm": {
        "squeeze": false,
        "release": true,
        "widthPct": 2.143057273323576
      }
    },
    "min5": {
      "sma20": 0.0718185,
      "sma50": 0.0723086,
      "ema20": 0.07179705058395412,
      "ema50": 0.07214537831098566,
      "vwma20": 0.0717190913159584,
      "hma21": 0.07156346320346321,
      "atr14": 0.0004021428571428569,
      "atrPercentile": 0.35036496350364965,
      "rvolZ": -0.34534017224902874,
      "rvolPercentile": 0.4236111111111111,
      "mfi14": 17.50903320573697,
      "ppo": {
        "ppo": -0.36040684962074443,
        "signal": -0.27360249567561895,
        "histogram": -0.08680435394512548
      },
      "stochRsi": {
        "k": 55.026754088476615,
        "d": 40.88318920063261
      },
      "vprofile": {
        "vpBins": [
          0.024758157991319696,
          0.06814327095889172,
          0.02587061494344596,
          0.1067323340771575,
          0.12759970633145473,
          0.09023101911759916,
          0.09444001623202145,
          0.04562046413963415,
          0.03130068523277934,
          0.004232203148278722,
          0.004471677433340313,
          0.0626453202968154,
          0.06934563222622138,
          0.06191496213172936,
          0.008645140989348177,
          0.07768835392552886,
          0.0031426199370358193,
          0.08507552087767878,
          0.008142300009719295,
          0
        ],
        "currentBinShare": 0.02587061494344596
      },
      "ttm": {
        "squeeze": false,
        "release": false,
        "widthPct": 1.990713629457808
      }
    },
    "min15": {
      "sma20": 0.0719005,
      "sma50": 0.07227240000000001,
      "ema20": 0.07177049346367245,
      "ema50": 0.07210650549848159,
      "vwma20": 0.0717816951203733,
      "hma21": 0.07142653679653681,
      "atr14": 0.000417142857142857,
      "atrPercentile": 0.13414634146341464,
      "rvolZ": -0.4168261960430218,
      "rvolPercentile": 0.2916666666666667,
      "mfi14": 22.301853954520027,
      "ppo": {
        "ppo": -0.4323547801599049,
        "signal": -0.3010182571761111,
        "histogram": -0.13133652298379384
      },
      "stochRsi": {
        "k": 12.498699961594141,
        "d": 37.58821263960308
      },
      "vprofile": {
        "vpBins": [
          0,
          0.04791579674937861,
          0.04127381933913905,
          0,
          0.04143822375427546,
          0.010401211803236384,
          0.10393387620110228,
          0.176934110895776,
          0.07788228456901271,
          0.11890752993898095,
          0.005260797457469232,
          0.17295646508830692,
          0.0807000383760978,
          0.049904604243088624,
          0.050886171439502276,
          0.014861797506421746,
          0.002603626379434768,
          0.0023705548949506335,
          0.0012173405718670382,
          0.0005517507919596862
        ],
        "currentBinShare": 0.04127381933913905
      },
      "ttm": {
        "squeeze": false,
        "release": false,
        "widthPct": 2.7803127635072737
      }
    },
    "hourly": {
      "sma20": 0.07210849999999999,
      "sma50": 0.0724176,
      "ema20": 0.07192120249027047,
      "ema50": 0.07266523992717253,
      "vwma20": 0.07169795494601826,
      "hma21": 0.07119510822510823,
      "atr14": 0.0008092857142857178,
      "atrPercentile": 0.19254658385093168,
      "rvolZ": 0.504052272553286,
      "rvolPercentile": 0.9047619047619048,
      "mfi14": 17.315632737784867,
      "ppo": {
        "ppo": -0.5700918457367261,
        "signal": -0.41316585833393393,
        "histogram": -0.15692598740279218
      },
      "stochRsi": {
        "k": 28.578453374242972,
        "d": 40.66251550269266
      },
      "vprofile": {
        "vpBins": [
          0.006643194563433532,
          0.021179523627758535,
          0.029226689630424695,
          0.022203536697434082,
          0.0717098187631493,
          0.01705651950878051,
          0.034942602784464386,
          0.04547337829569897,
          0.10154814187399255,
          0.04844892653033662,
          0.0742750000405639,
          0.14039063544474328,
          0.20881405101335007,
          0.04920002752616661,
          0.08544924928596899,
          0,
          0.04343870441373401,
          0,
          0,
          0
        ],
        "currentBinShare": 0.021179523627758535
      },
      "ttm": {
        "squeeze": false,
        "release": false,
        "widthPct": 3.8992202792829507
      }
    },
    "fourHour": {
      "sma20": 0.07328649999999999,
      "sma50": 0.07554939999999997,
      "ema20": 0.07341401629470388,
      "ema50": 0.07534089604563805,
      "vwma20": 0.0734428705537493,
      "hma21": 0.07172194805194806,
      "atr14": 0.0019114285714285748,
      "atrPercentile": 0.014285714285714285,
      "rvolZ": -0.05285405341366702,
      "rvolPercentile": 0.6904761904761905,
      "mfi14": 31.154669809985023,
      "ppo": {
        "ppo": -1.5954535791272892,
        "signal": -1.4385426861421178,
        "histogram": -0.15691089298517147
      },
      "stochRsi": {
        "k": 84.54549531521994,
        "d": 37.5103736648941
      },
      "vprofile": {
        "vpBins": [
          0.007552627069545005,
          0.04942675503608862,
          0.03816045646526246,
          0.07294502199572421,
          0.0782140039679196,
          0.08558770832934806,
          0.08032247464534899,
          0.13312005457047302,
          0.07613013194552416,
          0.06012296291280237,
          0.18047937744467632,
          0.00770987947278097,
          0.03979658220797072,
          0.005325892659316383,
          0,
          0.017872054920683108,
          0.011318496669182797,
          0.05591551968735331,
          0,
          0
        ],
        "currentBinShare": 0.04942675503608862
      },
      "ttm": {
        "squeeze": false,
        "release": false,
        "widthPct": 6.958877881406648
      }
    },
    "daily": {
      "sma20": 0.07886749999999998,
      "sma50": 0.09299180000000001,
      "ema20": 0.07883613037377285,
      "ema50": 0.09060175308303306,
      "vwma20": 0,
      "hma21": 0.0693205627705628,
      "atr14": 0.007017857142857144,
      "atrPercentile": 0.06578947368421052,
      "rvolZ": 0,
      "rvolPercentile": 1,
      "mfi14": 50,
      "ppo": {
        "ppo": -7.595488813507929,
        "signal": -7.519026695374639,
        "histogram": -0.07646211813329007
      },
      "stochRsi": {
        "k": 58.146619322224794,
        "d": 36.71639490735581
      },
      "vprofile": {
        "vpBins": [
          0,
          0,
          0,
          0,
          0,
          0,
          0,
          0,
          0,
          0,
          0,
          0,
          0,
          0,
          0,
          0,
          0,
          0,
          0,
          0
        ],
        "currentBinShare": 0
      },
      "ttm": {
        "squeeze": false,
        "release": false,
        "widthPct": 33.8603134595468
      }
    }
  },
  "smaMin5": 0.0718185,
  "emaMin5": 0.07179705058395412,
  "vwmaMin5": 0.0717190913159584,
  "hmaMin5": 0.07156346320346321,
  "keltner15": {
    "upper": 0.07249799346367246,
    "middle": 0.07177049346367245,
    "lower": 0.07104299346367245
  },
  "superTrend15": {
    "isBull": false,
    "finalUpper": 0.07263499999999999,
    "finalLower": 0.069725
  },
  "mfi15": 22.301853954520027,
  "stochRsi15": {
    "k": 12.498699961594141,
    "d": 37.58821263960308
  },
  "ppo15": {
    "ppo": -0.4323547801599049,
    "signal": -0.3010182571761111,
    "histogram": -0.13133652298379384
  },
  "vpMin15": {
    "vpBins": [
      0,
      0.04791579674937861,
      0.04127381933913905,
      0,
      0.04143822375427546,
      0.010401211803236384,
      0.10393387620110228,
      0.176934110895776,
      0.07788228456901271,
      0.11890752993898095,
      0.005260797457469232,
      0.17295646508830692,
      0.0807000383760978,
      0.049904604243088624,
      0.050886171439502276,
      0.014861797506421746,
      0.002603626379434768,
      0.0023705548949506335,
      0.0012173405718670382,
      0.0005517507919596862
    ],
    "currentBinShare": 0.04127381933913905
  },
  "ttm15": {
    "squeeze": false,
    "release": false,
    "widthPct": 2.7803127635072737
  },
  "marketCorrelation": {
    "hourly": {
      "btcCorrelation": 0,
      "ethCorrelation": 0,
      "btcBeta": 1,
      "ethBeta": 1,
      "btcTrend": "UNKNOWN",
      "ethTrend": "UNKNOWN",
      "tokenVol": 0,
      "btcVol": 0,
      "ethVol": 0,
      "marketDependence": 0,
      "verdict": "INSUFFICIENT_DATA"
    },
    "min15": {
      "btcCorrelation": 0,
      "ethCorrelation": 0,
      "btcBeta": 1,
      "ethBeta": 1,
      "btcTrend": "UNKNOWN",
      "ethTrend": "UNKNOWN",
      "tokenVol": 0,
      "btcVol": 0,
      "ethVol": 0,
      "marketDependence": 0,
      "verdict": "INSUFFICIENT_DATA"
    },
    "daily": {
      "btcCorrelation": 0,
      "ethCorrelation": 0,
      "btcBeta": 1,
      "ethBeta": 1,
      "btcTrend": "UNKNOWN",
      "ethTrend": "UNKNOWN",
      "tokenVol": 0,
      "btcVol": 0,
      "ethVol": 0,
      "marketDependence": 0,
      "verdict": "INSUFFICIENT_DATA"
    }
  },
  "tradeTape": {
    "totalTrades": 0,
    "totalVolume": 0,
    "buysVolume": 0,
    "sellsVolume": 0,
    "buySellRatio": 0.5,
    "vwap": 0,
    "signedVolume": 0,
    "avgTradeSize": 0,
    "tradesPerSec": 0,
    "cumulativeDelta": 0,
    "tradesLast1m": 0,
    "tradesLast5m": 0,
    "tradesLast15m": 0,
    "tradesLast1h": 0,
    "buyVWAP": 0,
    "sellVWAP": 0,
    "aggressorVWAP": 0,
    "bucketDurationMs": 60000,
    "bucketCount": 15,
    "bucketSignedVolumes": [],
    "bucketVolumes": [],
    "bucketVWAPs": [],
    "latestBucketSignedZ": 0
  },
  "enhancedMetrics": {
    "relativeVolumeZScore": -1,
    "volumePercentile": 40,
    "atrPercentile": 36.496350364963504,
    "volatilityPercentile": 16.139240506329113,
    "relativeVolatilityRatio": 0.8796000432781436,
    "isHighVolume": false,
    "isHighVolatility": false,
    "isLowVolatility": true,
    "isExpandingVolatility": false,
    "isContractingVolatility": false
  },
  "orderBook": {
    "bidAskSpread": 0,
    "spreadPct": 0,
    "midPrice": 0,
    "bestBid": 0,
    "bestAsk": 0,
    "bidDepth": 0,
    "askDepth": 0,
    "orderBookImbalance": 0,
    "liquidityScore": 0,
    "depthAt1Pct": {
      "bidVolume": 0,
      "askVolume": 0,
      "imbalance": 0
    },
    "depthAt2Pct": {
      "bidVolume": 0,
      "askVolume": 0,
      "imbalance": 0
    },
    "depthAt5Pct": {
      "bidVolume": 0,
      "askVolume": 0,
      "imbalance": 0
    },
    "weightedMidPrice": 0,
    "volumeWeightedSpread": 0,
    "totalBidLevels": 0,
    "totalAskLevels": 0
  },
  "marketCap": {
    "marketCap": 0,
    "totalVolume24h": 0,
    "volumeToMarketCapRatio": 0,
    "marketCapRank": 0,
    "normalizedRank": 0,
    "isHighLiquidity": false,
    "isVeryHighLiquidity": false,
    "isLowLiquidity": true,
    "liquidityTier": "VERY_LOW"
  },
  "sweeps": {
    "sweepScore": 0,
    "sweepCount": 0,
    "sweepDirection": "NEUTRAL",
    "buySweeps": 0,
    "sellSweeps": 0,
    "avgSweepSize": 0,
    "avgSweepIntensity": 0,
    "bidLiftRatio": 0,
    "askLiftRatio": 0,
    "sweepFrequency": 0,
    "largestSweep": null,
    "recentSweepClusters": 0,
    "sweepDetails": []
  },
  "absorption": {
    "absorptionScore": 0,
    "absorptionLevel": null,
    "absorptionSide": "NONE",
    "icebergProbability": 0,
    "hiddenLiquidityEstimate": 0,
    "volumeAtPrice": {},
    "topAbsorptionLevels": [],
    "persistenceDuration": 0,
    "refillDetected": false
  },
  "orderArrival": {
    "avgInterArrivalTime": 0,
    "recentInterArrivalTime": 0,
    "accelerationRatio": 1,
    "hawkesIntensity": 0,
    "hawkesDirection": "NEUTRAL",
    "clusteringScore": 0,
    "burstCount": 0,
    "cascadeDetected": false,
    "timeToNextTrade": 0,
    "accelerationTrend": "STABLE"
  },
  "liquidityVacuum": {
    "vacuumScore": 0,
    "vacuumSide": "NONE",
    "bidVacuumSeverity": 0,
    "askVacuumSeverity": 0,
    "depthConcentration": 0,
    "priceImpact10k": 0,
    "priceImpact50k": 0,
    "priceImpact100k": 0,
    "largestGapBid": 0,
    "largestGapAsk": 0,
    "avgGapBid": 0,
    "avgGapAsk": 0,
    "bidCliffDistance": 0,
    "askCliffDistance": 0
  },
  "volatilityRegime": {
    "regime": "LOW",
    "regimeScore": -1,
    "currentATR": 0.00735,
    "avgATR": 0.010416,
    "atrPercentile": 11.8,
    "realizedVolatility": 86.91,
    "volPercentile": 18.6,
    "expanding": false,
    "contracting": true,
    "transitionProbability": 0.7,
    "daysInRegime": 2,
    "regimeStrength": 0.48
  },
  "temporalPatterns": {
    "currentHour": 22,
    "currentDay": 0,
    "currentDayName": "Sunday",
    "dayBias": "NEUTRAL",
    "hourlyProfile": [
      {
        "avgVolume": 46291.91,
        "avgATR": 0.001071,
        "avgReturn": -0.207
      },
      {
        "avgVolume": 75688.46,
        "avgATR": 0.001151,
        "avgReturn": -0.385
      },
      {
        "avgVolume": 61213.37,
        "avgATR": 0.000653,
        "avgReturn": 0.392
      },
      {
        "avgVolume": 18644.03,
        "avgATR": 0.000584,
        "avgReturn": -0.029
      },
      {
        "avgVolume": 51845.07,
        "avgATR": 0.001203,
        "avgReturn": 0.085
      },
      {
        "avgVolume": 92964.23,
        "avgATR": 0.001404,
        "avgReturn": -0.084
      },
      {
        "avgVolume": 19626,
        "avgATR": 0.000869,
        "avgReturn": -0.152
      },
      {
        "avgVolume": 32133.61,
        "avgATR": 0.001072,
        "avgReturn": 0.328
      },
      {
        "avgVolume": 59348.31,
        "avgATR": 0.001108,
        "avgReturn": -0.357
      },
      {
        "avgVolume": 40730.63,
        "avgATR": 0.001036,
        "avgReturn": -0.185
      },
      {
        "avgVolume": 34998.84,
        "avgATR": 0.001017,
        "avgReturn": -0.275
      },
      {
        "avgVolume": 16372.05,
        "avgATR": 0.000972,
        "avgReturn": -0.03
      },
      {
        "avgVolume": 27138.88,
        "avgATR": 0.000802,
        "avgReturn": 0.066
      },
      {
        "avgVolume": 34660.22,
        "avgATR": 0.001125,
        "avgReturn": -0.931
      },
      {
        "avgVolume": 35402.71,
        "avgATR": 0.001091,
        "avgReturn": 0.194
      },
      {
        "avgVolume": 56429.61,
        "avgATR": 0.001335,
        "avgReturn": -0.117
      },
      {
        "avgVolume": 78438.01,
        "avgATR": 0.001662,
        "avgReturn": 0.538
      },
      {
        "avgVolume": 118864.1,
        "avgATR": 0.001848,
        "avgReturn": -0.217
      },
      {
        "avgVolume": 46820.19,
        "avgATR": 0.001114,
        "avgReturn": 0.03
      },
      {
        "avgVolume": 38552.5,
        "avgATR": 0.001064,
        "avgReturn": -0.214
      },
      {
        "avgVolume": 71314.68,
        "avgATR": 0.00108,
        "avgReturn": -0.489
      },
      {
        "avgVolume": 35285.19,
        "avgATR": 0.001053,
        "avgReturn": -0.51
      },
      {
        "avgVolume": 84893.62,
        "avgATR": 0.001416,
        "avgReturn": 1.09
      },
      {
        "avgVolume": 207907.75,
        "avgATR": 0.001234,
        "avgReturn": -0.171
      }
    ],
    "dailyProfile": [
      {
        "avgVolume": 87779.2,
        "avgATR": 0.001005,
        "avgReturn": 0.021
      },
      {
        "avgVolume": 79863.69,
        "avgATR": 0.001403,
        "avgReturn": -0.282
      },
      {
        "avgVolume": 64256.46,
        "avgATR": 0.001571,
        "avgReturn": -0.115
      },
      {
        "avgVolume": 43123.79,
        "avgATR": 0.001036,
        "avgReturn": 0.085
      },
      {
        "avgVolume": 47412.2,
        "avgATR": 0.000894,
        "avgReturn": -0.256
      },
      {
        "avgVolume": 39538.98,
        "avgATR": 0.001113,
        "avgReturn": 0.127
      },
      {
        "avgVolume": 38708.29,
        "avgATR": 0.000899,
        "avgReturn": -0.068
      }
    ],
    "favorableHours": [
      23,
      17,
      5,
      22,
      16,
      1
    ],
    "favorableWindow": true,
    "currentVsAvgVolume": 0,
    "currentVsAvgVolatility": 0,
    "anomalyDetected": true,
    "timeUntilFavorable": null,
    "temporalScore": 0.5
  },
  "unifiedMicrostructure": {
    "signalDirections": {
      "vpin": "NEUTRAL",
      "sweeps": "NEUTRAL",
      "absorption": "NEUTRAL",
      "arrival": "NEUTRAL",
      "vacuum": "NONE",
      "volRegime": "FAVORABLE",
      "temporal": "FAVORABLE"
    },
    "consensusDirection": "BULLISH",
    "consensusStrength": 100,
    "bullishSignals": 2,
    "bearishSignals": 0,
    "neutralSignals": 0,
    "totalAvailableSignals": 2,
    "dominantPattern": "NONE",
    "clusters": {
      "strongBuyCluster": false,
      "distributionPattern": false,
      "accumulationPattern": false,
      "momentumCascade": false
    },
    "adaptiveWeights": {
      "vpin": 0,
      "sweeps": 0,
      "absorption": 0,
      "arrival": 0,
      "vacuum": 0,
      "volRegime": 0.03,
      "temporal": 0.02
    },
    "convictionLevel": "HIGH",
    "convictionScore": 100,
    "riskAdjustment": "INCREASE",
    "timingQuality": "FAVORABLE",
    "signalQuality": "LOW"
  },
  "deltaAnalysis": {
    "currentDelta": 0,
    "cumulativeDelta": 0,
    "deltaPerVolume": 0,
    "deltaDirection": "NEUTRAL",
    "deltaDivergence": false,
    "institutionalRatio": 0,
    "aggressionScore": 0
  },
  "volumeProfile": {
    "pointOfControl": 0,
    "valueAreaHigh": 0,
    "valueAreaLow": 0,
    "currentPosition": "ABOVE_VALUE_AREA",
    "volumeNodes": [],
    "airPockets": []
  },
  "momentumCascade": {
    "cascadeDetected": false,
    "alignmentScore": -0.007795730781871353,
    "cascadeStrength": 0,
    "acceleratingTimeframes": [],
    "divergingTimeframes": [
      "1m",
      "5m",
      "15m",
      "1h"
    ]
  },
  "breakoutConfirmation": {
    "breakoutConfirmed": false,
    "volumeConfirmation": false,
    "retestStrength": 0,
    "falseBreakoutRisk": 0,
    "breakoutQuality": "NO_BREAKOUT"
  },
  "liquidityHeatmap": {
    "liquidityScore": 0,
    "magnetDirection": "NONE",
    "magnetStrength": 0,
    "priceTarget5pct": null,
    "message": "No order book data"
  },
  "smartMoneyDivergence": {
    "divergenceDetected": false,
    "divergenceDirection": "NONE",
    "smartMoneyScore": 0.5,
    "message": "Insufficient trade data"
  },
  "microstructure": {
    "raw": -0.03044211401644646,
    "pct": 49,
    "summary": {
      "latestBucketSignedZ": 0,
      "buySellRatio": 0.5,
      "tradesPerSec": 0,
      "vwap": 0,
      "aggressorVWAP": 0,
      "vpinToxicity": "UNKNOWN",
      "sweepDirection": "NEUTRAL",
      "absorptionSide": "NONE",
      "icebergDetected": false,
      "hawkesDirection": "NEUTRAL",
      "cascadeDetected": false,
      "vacuumSide": "NONE",
      "volatilityRegime": "LOW",
      "volExpanding": false,
      "favorableTimeWindow": true,
      "temporalAnomaly": true,
      "consensusDirection": "BULLISH",
      "consensusStrength": 100,
      "dominantPattern": "NONE",
      "convictionLevel": "HIGH",
      "riskAdjustment": "INCREASE",
      "timingQuality": "FAVORABLE",
      "deltaDirection": "NEUTRAL",
      "deltaDivergence": false,
      "institutionalRatio": 0,
      "volumeProfilePosition": "ABOVE_VALUE_AREA",
      "pointOfControl": 0,
      "momentumCascadeDetected": false,
      "cascadeStrength": 0,
      "breakoutQuality": "NO_BREAKOUT",
      "breakoutConfirmed": false,
      "magnetDirection": "NONE",
      "magnetStrength": 0,
      "priceTarget5pct": null,
      "nearestBidWall": 0,
      "nearestAskWall": 0,
      "divergenceDetected": false,
      "divergenceDirection": "NONE",
      "whaleAccumulation": false,
      "whaleDistribution": false,
      "retailPanic": false,
      "smartMoneyScore": 0.5
    }
  }
}

=== MICROSTRUCTURE ALERTS ===

🔬 VPIN: Insufficient data for VPIN analysis

🌊 SWEEP DETECTION: No significant sweeps detected

🧊 ABSORPTION & ICEBERG: No significant absorption or iceberg orders detected

⚡ ORDER ARRIVAL DYNAMICS: Insufficient trades for analysis

🌪️ LIQUIDITY VACUUM: No significant vacuum detected

📊 VOLATILITY REGIME DETECTION:
   Current Regime: LOW
   Regime Score: -1.00 (-1=low vol, +1=extreme vol)
   Days in Regime: 2
   ATR: $0.007350 (avg: $0.010416)
   ATR Percentile: 11.8%
   Realized Volatility: 86.91% (annualized)
   Vol Percentile: 18.6%

   🔵 LOW VOLATILITY REGIME:
   ✅ Ideal for breakout setups - price coiling
   ✅ Tight stops recommended
   ✅ Can increase position size (lower risk)

   📉 VOLATILITY CONTRACTING:
   🔄 Consolidation phase - accumulation likely
   ⏳ Wait for expansion before entering

   ⚠️ HIGH REGIME TRANSITION PROBABILITY: 70%
   Market near regime boundary - expect volatility shift soon

   ⚠️ NEW REGIME: Only 2 day(s) - conditions still settling

⏰ TEMPORAL PATTERN ANALYSIS:
   Current Time: Sunday 22:00 UTC
   Day Bias: NEUTRAL
   Current vs Avg Volume: 0x
   Current vs Avg Volatility: 0x

   ✅ FAVORABLE TIME WINDOW:
   This hour historically shows strong volume and positive returns
   GOOD time to trade - patterns favor entry

   ⚠️ LOW ACTIVITY ANOMALY:
   Volume 0x below typical - Extremely quiet

   📉 LOW VOLATILITY ANOMALY:
   Volatility 0x below typical - Consolidation likely

   🔥 Best Trading Hours (UTC): 23:00, 17:00, 5:00

🎯 UNIFIED MICROSTRUCTURE INTEGRATION:
   Signal Consensus: BULLISH (100% agreement)
   Available Signals: 2 (2 bullish / 0 bearish / 0 neutral)
   Conviction Level: HIGH (100%)
   Signal Quality: LOW
   Risk Adjustment: INCREASE
   Timing Quality: FAVORABLE

   ✅ HIGH CONVICTION: 100% of signals agree on direction
   Strong institutional alignment - Follow the smart money

   💰 RISK INCREASE OPPORTUNITY: Low vol + Favorable timing = Lower risk

   ⏰ FAVORABLE TIMING: Good time window for trading

   Signal Directions Breakdown:
   • VPIN: NEUTRAL
   • Sweeps: NEUTRAL
   • Absorption: NEUTRAL
   • Arrival Dynamics: NEUTRAL
   • Liquidity Vacuum: NONE
   • Vol Regime: FAVORABLE
   • Temporal: FAVORABLE

   Adaptive Weights (Total: 5.0%):
   • VPIN: 0.0%
   • Sweeps: 0.0%
   • Absorption: 0.0%
   • Arrival: 0.0%
   • Vacuum: 0.0%
   • Vol Regime: 3.0%
   • Temporal: 2.0%


💹 DELTA ANALYSIS (Order Flow Aggression):
   Direction: NEUTRAL
   Delta Per Volume: 0.00%
   Institutional Ratio: 0.0%
   Aggression Score: 0.0%

📊 VOLUME PROFILE (Support/Resistance Strength):
   Point of Control (POC): $0.000000
   Value Area High: $0.000000
   Value Area Low: $0.000000
   Current Position: ABOVE_VALUE_AREA
   ⚠️ DISTRIBUTION RISK: Price above value area - potential rejection zone

⚡ MOMENTUM CASCADE (Multi-Timeframe Alignment):
   Cascade Detected: NO
   Alignment Score: -0.8%
   Cascade Strength: 0.0%
   Accelerating: None
   Diverging: 1m, 5m, 15m, 1h

💥 BREAKOUT CONFIRMATION:
   Quality: NO_BREAKOUT
   Volume Confirmation: NO
   Retest Strength: 0.0%
   False Breakout Risk: 0.0%
   No breakout detected - price below resistance


levels:
Entry=0.0712073, StopLoss=0.0694271175, TakeProfit=0.07169083100000001, 0.072174362, 0.0725611868

---

=== Token: PRCL (PRCL) ===
Contract: PRCL-USD
Timestamp: 2025-11-16T16:00:00.000Z

Calculations:
{
  "momentumScore": 28.198138297872326,
  "volumeScore": 16.745677943555684,
  "patternScore": 0,
  "totalScore": 13.212654901775633,
  "finalScore": 0,
  "weights": "0.23,0.45,0.23",
  "hourlyUptrend": false,
  "rsi": 16.666666666666472,
  "ultraShortVolumeSurge": 0.4017917722991757,
  "baseVolumeSurge": 0.0567078066358955,
  "currentPrice": 0.036,
  "resistance": 0.0376,
  "support": 0.0357,
  "rocMin5": -0.005524861878453196,
  "shortROC": 0.005586592178770916,
  "priceAcceleration": -0.0013734563138094505,
  "buySellRatio": 0.046434810358725896,
  "macdHistogram": -0.0001184109044914062,
  "stochasticK": 4.545454545454359,
  "atr": 0.00021428571428571249,
  "bbUpper": 0.03805977873939989,
  "bbLower": 0.03580022126060012,
  "hammerDetected": false,
  "engulfingDetected": false,
  "compressionSpring": {
    "detected": false,
    "confidence": 0,
    "signals": {
      "sidewaysPrice": true,
      "atrCompression": true,
      "bbSqueeze": false,
      "consolidationTime": true,
      "strongBuying": false,
      "obvPositive": false,
      "chaikinPositive": false,
      "rsiNeutral": false,
      "volumeBuilding": false
    },
    "metrics": {
      "priceRange": 5.6,
      "atrRatio": 0.789,
      "bbWidth": 6.12,
      "volumeRatio": 0.376,
      "signalCount": 3,
      "buySellRatio": 0.046
    }
  },
  "riskTier": "LOW",
  "atrPercent": 0.8928571428571409,
  "distanceToResistance": 4.444444444444456,
  "slPercent": 2.5,
  "tpPercent": 3.7777777777777874,
  "trailingActivation": 2.2666666666666724,
  "shortMomentumScore": 50,
  "overboughtScore": 0,
  "shortPatternScore": 0,
  "shootingStarDetected": false,
  "bearishEngulfingDetected": false,
  "eveningStarDetected": false,
  "bearishPatternsCount": 0,
  "shortTotalScore": 20,
  "chaikin": 0.3530181308525115,
  "obvIncreasing": false,
  "obvTrend": "declining",
  "adx": 55.55555555555532,
  "recentCandles": {
    "redCount": 5,
    "greenCount": 5
  },
  "resistanceDistance": 4.444444444444456,
  "multiplePatterns": false,
  "bullishPattern": false,
  "priceAboveVWAP": false,
  "breakingResistance": false,
  "atrSufficient": false,
  "macdDivergenceBearish": false,
  "rvolMin1": 0.0381006906359842,
  "rvolMin5": 1.0977899312268395,
  "atrPercentileOld": 0.926829268292683,
  "vwapDeviation": -5.468526565220498,
  "bbWidthPercent": 6.118487621986929,
  "bbSqueeze": false,
  "multiTFMomentum": {
    "min1": {
      "roc1": 0.002793296089385555,
      "roc3": 0
    },
    "min5": {
      "roc1": 0.005586592178770916,
      "roc3": -0.005524861878453196
    },
    "min15": {
      "roc1": 0,
      "roc3": -0.011049723756906202
    },
    "hourly": {
      "roc1": -0.005586592178770916,
      "roc3": -0.04301075268817197
    },
    "fourHour": {
      "roc1": -0.04301075268817197,
      "roc3": -0.0631578947368421
    },
    "divergenceShortUpLongDown": true
  },
  "returnZMin5": 1.6680931538889237,
  "wickClosePct": 1,
  "wickUpper": 0,
  "wickLower": 0.00010000000000000286,
  "wickRatio": 1.0000000000000695,
  "donchianBreakout15": false,
  "bbWidthPercentile15": 1,
  "signedMin5": 459387.39999999997,
  "signedMin5Z": 11.059080752000865,
  "signedMin1": -62826.60000000002,
  "signedMin1Z": -1.6615072595912805,
  "streakMin1": {
    "upStreak": 1,
    "downStreak": 0
  },
  "streakMin5": {
    "upStreak": 1,
    "downStreak": 0
  },
  "rvolPercentileMin1": 0.8770833333333333,
  "rvolPercentileMin5": 0.96875,
  "perTfMetrics": {
    "min1": {
      "sma20": 0.036485000000000004,
      "sma50": 0.03701399999999999,
      "ema20": 0.03637601870292167,
      "ema50": 0.03680108970427981,
      "vwma20": 0.03670781975129881,
      "hma21": 0.035763203463203476,
      "atr14": 0.00016428571428571254,
      "atrPercentile": 0.8897280966767371,
      "rvolZ": 0.0381006906359842,
      "rvolPercentile": 0.8770833333333333,
      "mfi14": 57.35846048090483,
      "ppo": {
        "ppo": -0.9473940245999419,
        "signal": -0.7652236072562418,
        "histogram": -0.1821704173437001
      },
      "stochRsi": {
        "k": 8.730158730158626,
        "d": 22.846003898635146
      },
      "vprofile": {
        "vpBins": [
          0.008482562716064783,
          0.03304700085267296,
          0,
          0.011283368626165106,
          0.02590939295748587,
          0.0024216852817915122,
          0,
          0.288191524911675,
          0.0800651021203924,
          0.18164939426071303,
          0.025822627298985046,
          0.07662287498183669,
          0.06846246026289646,
          0.05114234481230218,
          0.03221662910886791,
          0.005053751151213029,
          0.019372959569642332,
          0.039548588594532204,
          0.026478683698753815,
          0.02422904879400961
        ],
        "currentBinShare": 0.03304700085267296
      },
      "ttm": {
        "squeeze": false,
        "release": false,
        "widthPct": 4.991362394258793
      }
    },
    "min5": {
      "sma20": 0.036855000000000006,
      "sma50": 0.037222,
      "ema20": 0.03667073987961262,
      "ema50": 0.03712829335933828,
      "vwma20": 0.03683221398672248,
      "hma21": 0.036032034632034624,
      "atr14": 0.00021428571428571249,
      "atrPercentile": 0.9890510948905109,
      "rvolZ": 1.0977899312268395,
      "rvolPercentile": 0.96875,
      "mfi14": 29.78348136967486,
      "ppo": {
        "ppo": -1.023020809345867,
        "signal": -0.727658249731379,
        "histogram": -0.295362559614488
      },
      "stochRsi": {
        "k": 28.571428571428463,
        "d": 9.368191721132689
      },
      "vprofile": {
        "vpBins": [
          0.00606959651882938,
          0,
          0.03902427023650462,
          0.021746263523703232,
          0,
          0.002685538220060413,
          0.0016910868552721815,
          0,
          0.3226307058709915,
          0.016132431746326684,
          0.025991578641116137,
          0.0616620458600792,
          0.022927441927177883,
          0.02206399491140806,
          0.006940072539328811,
          0.1798973928300892,
          0.06702736666589247,
          0.12407456531208579,
          0.04016256152416531,
          0.0392730868169692
        ],
        "currentBinShare": 0.03902427023650462
      },
      "ttm": {
        "squeeze": false,
        "release": false,
        "widthPct": 6.047514156552847
      }
    },
    "min15": {
      "sma20": 0.036930000000000004,
      "sma50": 0.03761200000000001,
      "ema20": 0.036834875032179554,
      "ema50": 0.03743998122060316,
      "vwma20": 0.03694317890605541,
      "hma21": 0.03624675324675324,
      "atr14": 0.0003214285714285707,
      "atrPercentile": 0.926829268292683,
      "rvolZ": 0.3719807104820106,
      "rvolPercentile": 0.9270833333333334,
      "mfi14": 13.323446683473307,
      "ppo": {
        "ppo": -1.3242044317735557,
        "signal": -0.9595956341825604,
        "histogram": -0.3646087975909953
      },
      "stochRsi": {
        "k": 0,
        "d": 19.987922705314165
      },
      "vprofile": {
        "vpBins": [
          0.030826112556039266,
          0.005493746391394482,
          0.013476703966140539,
          0,
          0.003064341324956911,
          0,
          0,
          0.22801568867439048,
          0.08118518106417799,
          0,
          0.02093898813185591,
          0.08832001158320023,
          0.058472408410516034,
          0.0723499595764857,
          0.08214047411950025,
          0.03400464540536031,
          0.1467906725281654,
          0.06594100484975185,
          0.0534506560306641,
          0.015529405387400634
        ],
        "currentBinShare": 0.030826112556039266
      },
      "ttm": {
        "squeeze": false,
        "release": true,
        "widthPct": 6.118487621986929
      }
    },
    "hourly": {
      "sma20": 0.03769499999999999,
      "sma50": 0.038356,
      "ema20": 0.03749267659426016,
      "ema50": 0.03821087411014458,
      "vwma20": 0.037151203217279015,
      "hma21": 0.03687619047619049,
      "atr14": 0.0006071428571428557,
      "atrPercentile": 0.16459627329192547,
      "rvolZ": -0.07218419316855683,
      "rvolPercentile": 0.6994047619047619,
      "mfi14": 15.929626523961318,
      "ppo": {
        "ppo": -1.6360812800103701,
        "signal": -0.9835061745884048,
        "histogram": -0.6525751054219653
      },
      "stochRsi": {
        "k": 0,
        "d": 23.80952380952382
      },
      "vprofile": {
        "vpBins": [
          0.008286232523575975,
          0.0028924517778776797,
          0.020749060553667806,
          0.024307568507251586,
          0.07118366699452436,
          0.10386061406862303,
          0.14160636076464453,
          0.012530277247146277,
          0.02293064820621758,
          0.10023892493670519,
          0.026490005247685976,
          0.04316296936997137,
          0.061175309903518306,
          0.10595441636501124,
          0.09335838484810871,
          0.061550684231821993,
          0.0721749561147474,
          0.022550440856760803,
          0.0002957053483471184,
          0.0047013221337931085
        ],
        "currentBinShare": 0.008286232523575975
      },
      "ttm": {
        "squeeze": false,
        "release": true,
        "widthPct": 8.682472683894519
      }
    },
    "fourHour": {
      "sma20": 0.03839000000000001,
      "sma50": 0.041021999999999996,
      "ema20": 0.03856355336217009,
      "ema50": 0.04011664409230367,
      "vwma20": 0.03829365494913949,
      "hma21": 0.03773722943722942,
      "atr14": 0.0012142857142857148,
      "atrPercentile": 0.02857142857142857,
      "rvolZ": -0.04828355701734727,
      "rvolPercentile": 0.6666666666666666,
      "mfi14": 42.57802955937425,
      "ppo": {
        "ppo": -2.7407504761630284,
        "signal": -2.4437099193353085,
        "histogram": -0.2970405568277199
      },
      "stochRsi": {
        "k": 4.88170887600305,
        "d": 41.07066642277912
      },
      "vprofile": {
        "vpBins": [
          0.011238475447840223,
          0.022367504152062366,
          0.018388334286644083,
          0.06599257931719169,
          0.13595108128428865,
          0.061886787156859926,
          0.03313006629247997,
          0.07005208739992855,
          0.05200513915922971,
          0.13068129846760881,
          0.06482417429241022,
          0.05537679287207984,
          0.04731485523028887,
          0.08117762653357342,
          0.0287697656519178,
          0.07971014907497913,
          0,
          0.0411332833806169,
          0,
          0
        ],
        "currentBinShare": 0.011238475447840223
      },
      "ttm": {
        "squeeze": false,
        "release": true,
        "widthPct": 10.256078993261005
      }
    },
    "daily": {
      "sma20": 0.04163,
      "sma50": 0.05076000000000002,
      "ema20": 0.04214810972932523,
      "ema50": 0.050235105817874354,
      "vwma20": 0,
      "hma21": 0.04208138528138528,
      "atr14": 0.005071428571428572,
      "atrPercentile": 0.06578947368421052,
      "rvolZ": 0,
      "rvolPercentile": 1,
      "mfi14": 50,
      "ppo": {
        "ppo": -7.482324542100673,
        "signal": -7.175105972818463,
        "histogram": -0.3072185692822096
      },
      "stochRsi": {
        "k": 28.246915860628473,
        "d": 40.64713279226698
      },
      "vprofile": {
        "vpBins": [
          0,
          0,
          0,
          0,
          0,
          0,
          0,
          0,
          0,
          0,
          0,
          0,
          0,
          0,
          0,
          0,
          0,
          0,
          0,
          0
        ],
        "currentBinShare": 0
      },
      "ttm": {
        "squeeze": false,
        "release": false,
        "widthPct": 30.21259602904805
      }
    }
  },
  "smaMin5": 0.036855000000000006,
  "emaMin5": 0.03667073987961262,
  "vwmaMin5": 0.03683221398672248,
  "hmaMin5": 0.036032034632034624,
  "keltner15": {
    "upper": 0.03732987503217955,
    "middle": 0.036834875032179554,
    "lower": 0.03633987503217956
  },
  "superTrend15": {
    "isBull": false,
    "finalUpper": 0.03689,
    "finalLower": 0.034910000000000004
  },
  "mfi15": 13.323446683473307,
  "stochRsi15": {
    "k": 0,
    "d": 19.987922705314165
  },
  "ppo15": {
    "ppo": -1.3242044317735557,
    "signal": -0.9595956341825604,
    "histogram": -0.3646087975909953
  },
  "vpMin15": {
    "vpBins": [
      0.030826112556039266,
      0.005493746391394482,
      0.013476703966140539,
      0,
      0.003064341324956911,
      0,
      0,
      0.22801568867439048,
      0.08118518106417799,
      0,
      0.02093898813185591,
      0.08832001158320023,
      0.058472408410516034,
      0.0723499595764857,
      0.08214047411950025,
      0.03400464540536031,
      0.1467906725281654,
      0.06594100484975185,
      0.0534506560306641,
      0.015529405387400634
    ],
    "currentBinShare": 0.030826112556039266
  },
  "ttm15": {
    "squeeze": false,
    "release": true,
    "widthPct": 6.118487621986929
  },
  "marketCorrelation": {
    "hourly": {
      "btcCorrelation": 0,
      "ethCorrelation": 0,
      "btcBeta": 1,
      "ethBeta": 1,
      "btcTrend": "UNKNOWN",
      "ethTrend": "UNKNOWN",
      "tokenVol": 0,
      "btcVol": 0,
      "ethVol": 0,
      "marketDependence": 0,
      "verdict": "INSUFFICIENT_DATA"
    },
    "min15": {
      "btcCorrelation": 0,
      "ethCorrelation": 0,
      "btcBeta": 1,
      "ethBeta": 1,
      "btcTrend": "UNKNOWN",
      "ethTrend": "UNKNOWN",
      "tokenVol": 0,
      "btcVol": 0,
      "ethVol": 0,
      "marketDependence": 0,
      "verdict": "INSUFFICIENT_DATA"
    },
    "daily": {
      "btcCorrelation": 0,
      "ethCorrelation": 0,
      "btcBeta": 1,
      "ethBeta": 1,
      "btcTrend": "UNKNOWN",
      "ethTrend": "UNKNOWN",
      "tokenVol": 0,
      "btcVol": 0,
      "ethVol": 0,
      "marketDependence": 0,
      "verdict": "INSUFFICIENT_DATA"
    }
  },
  "tradeTape": {
    "totalTrades": 0,
    "totalVolume": 0,
    "buysVolume": 0,
    "sellsVolume": 0,
    "buySellRatio": 0.5,
    "vwap": 0,
    "signedVolume": 0,
    "avgTradeSize": 0,
    "tradesPerSec": 0,
    "cumulativeDelta": 0,
    "tradesLast1m": 0,
    "tradesLast5m": 0,
    "tradesLast15m": 0,
    "tradesLast1h": 0,
    "buyVWAP": 0,
    "sellVWAP": 0,
    "aggressorVWAP": 0,
    "bucketDurationMs": 60000,
    "bucketCount": 15,
    "bucketSignedVolumes": [],
    "bucketVolumes": [],
    "bucketVWAPs": [],
    "latestBucketSignedZ": 0
  },
  "enhancedMetrics": {
    "relativeVolumeZScore": -1,
    "volumePercentile": 40,
    "atrPercentile": 98.90510948905109,
    "volatilityPercentile": 18.9873417721519,
    "relativeVolatilityRatio": 1.286717042752303,
    "isHighVolume": false,
    "isHighVolatility": false,
    "isLowVolatility": true,
    "isExpandingVolatility": true,
    "isContractingVolatility": false
  },
  "orderBook": {
    "bidAskSpread": 0,
    "spreadPct": 0,
    "midPrice": 0,
    "bestBid": 0,
    "bestAsk": 0,
    "bidDepth": 0,
    "askDepth": 0,
    "orderBookImbalance": 0,
    "liquidityScore": 0,
    "depthAt1Pct": {
      "bidVolume": 0,
      "askVolume": 0,
      "imbalance": 0
    },
    "depthAt2Pct": {
      "bidVolume": 0,
      "askVolume": 0,
      "imbalance": 0
    },
    "depthAt5Pct": {
      "bidVolume": 0,
      "askVolume": 0,
      "imbalance": 0
    },
    "weightedMidPrice": 0,
    "volumeWeightedSpread": 0,
    "totalBidLevels": 0,
    "totalAskLevels": 0
  },
  "marketCap": {
    "marketCap": 0,
    "totalVolume24h": 0,
    "volumeToMarketCapRatio": 0,
    "marketCapRank": 0,
    "normalizedRank": 0,
    "isHighLiquidity": false,
    "isVeryHighLiquidity": false,
    "isLowLiquidity": true,
    "liquidityTier": "VERY_LOW"
  },
  "sweeps": {
    "sweepScore": 0,
    "sweepCount": 0,
    "sweepDirection": "NEUTRAL",
    "buySweeps": 0,
    "sellSweeps": 0,
    "avgSweepSize": 0,
    "avgSweepIntensity": 0,
    "bidLiftRatio": 0,
    "askLiftRatio": 0,
    "sweepFrequency": 0,
    "largestSweep": null,
    "recentSweepClusters": 0,
    "sweepDetails": []
  },
  "absorption": {
    "absorptionScore": 0,
    "absorptionLevel": null,
    "absorptionSide": "NONE",
    "icebergProbability": 0,
    "hiddenLiquidityEstimate": 0,
    "volumeAtPrice": {},
    "topAbsorptionLevels": [],
    "persistenceDuration": 0,
    "refillDetected": false
  },
  "orderArrival": {
    "avgInterArrivalTime": 0,
    "recentInterArrivalTime": 0,
    "accelerationRatio": 1,
    "hawkesIntensity": 0,
    "hawkesDirection": "NEUTRAL",
    "clusteringScore": 0,
    "burstCount": 0,
    "cascadeDetected": false,
    "timeToNextTrade": 0,
    "accelerationTrend": "STABLE"
  },
  "liquidityVacuum": {
    "vacuumScore": 0,
    "vacuumSide": "NONE",
    "bidVacuumSeverity": 0,
    "askVacuumSeverity": 0,
    "depthConcentration": 0,
    "priceImpact10k": 0,
    "priceImpact50k": 0,
    "priceImpact100k": 0,
    "largestGapBid": 0,
    "largestGapAsk": 0,
    "avgGapBid": 0,
    "avgGapAsk": 0,
    "bidCliffDistance": 0,
    "askCliffDistance": 0
  },
  "volatilityRegime": {
    "regime": "BELOW_NORMAL",
    "regimeScore": -0.5,
    "currentATR": 0.005185,
    "avgATR": 0.006878,
    "atrPercentile": 10.5,
    "realizedVolatility": 93.4,
    "volPercentile": 33.9,
    "expanding": false,
    "contracting": true,
    "transitionProbability": 0.7,
    "daysInRegime": 1,
    "regimeStrength": 0.22
  },
  "temporalPatterns": {
    "currentHour": 22,
    "currentDay": 0,
    "currentDayName": "Sunday",
    "dayBias": "NEUTRAL",
    "hourlyProfile": [
      {
        "avgVolume": 498139.62,
        "avgATR": 0.001436,
        "avgReturn": -0.583
      },
      {
        "avgVolume": 273310.19,
        "avgATR": 0.001029,
        "avgReturn": 0.628
      },
      {
        "avgVolume": 383940.82,
        "avgATR": 0.000943,
        "avgReturn": 0.234
      },
      {
        "avgVolume": 263177.26,
        "avgATR": 0.000943,
        "avgReturn": -0.068
      },
      {
        "avgVolume": 332551.92,
        "avgATR": 0.001057,
        "avgReturn": -0.785
      },
      {
        "avgVolume": 170446.94,
        "avgATR": 0.000743,
        "avgReturn": -0.303
      },
      {
        "avgVolume": 166759.32,
        "avgATR": 0.00065,
        "avgReturn": -0.007
      },
      {
        "avgVolume": 230758.94,
        "avgATR": 0.000729,
        "avgReturn": -0.414
      },
      {
        "avgVolume": 127376.38,
        "avgATR": 0.00075,
        "avgReturn": 0.094
      },
      {
        "avgVolume": 104835.59,
        "avgATR": 0.000721,
        "avgReturn": -0.362
      },
      {
        "avgVolume": 102669.11,
        "avgATR": 0.000493,
        "avgReturn": -0.051
      },
      {
        "avgVolume": 92105.64,
        "avgATR": 0.000557,
        "avgReturn": 0.333
      },
      {
        "avgVolume": 153615.49,
        "avgATR": 0.000657,
        "avgReturn": -0.182
      },
      {
        "avgVolume": 198029.64,
        "avgATR": 0.000807,
        "avgReturn": 0.268
      },
      {
        "avgVolume": 482151.56,
        "avgATR": 0.00145,
        "avgReturn": 0.885
      },
      {
        "avgVolume": 480577.72,
        "avgATR": 0.001193,
        "avgReturn": -0.709
      },
      {
        "avgVolume": 428783.5,
        "avgATR": 0.001143,
        "avgReturn": -0.132
      },
      {
        "avgVolume": 716922.78,
        "avgATR": 0.001354,
        "avgReturn": 0.362
      },
      {
        "avgVolume": 241442.76,
        "avgATR": 0.000829,
        "avgReturn": -0.263
      },
      {
        "avgVolume": 276121.04,
        "avgATR": 0.000721,
        "avgReturn": -0.107
      },
      {
        "avgVolume": 361278.16,
        "avgATR": 0.000979,
        "avgReturn": -0.701
      },
      {
        "avgVolume": 282906.39,
        "avgATR": 0.000729,
        "avgReturn": -0.202
      },
      {
        "avgVolume": 232114.6,
        "avgATR": 0.000864,
        "avgReturn": 0.898
      },
      {
        "avgVolume": 381444.82,
        "avgATR": 0.000943,
        "avgReturn": 0.407
      }
    ],
    "dailyProfile": [
      {
        "avgVolume": 158042.36,
        "avgATR": 0.000632,
        "avgReturn": -0.104
      },
      {
        "avgVolume": 256119.25,
        "avgATR": 0.000906,
        "avgReturn": -0.325
      },
      {
        "avgVolume": 451278.36,
        "avgATR": 0.001185,
        "avgReturn": 0.071
      },
      {
        "avgVolume": 213878.16,
        "avgATR": 0.000892,
        "avgReturn": 0.086
      },
      {
        "avgVolume": 302453.79,
        "avgATR": 0.000865,
        "avgReturn": 0.172
      },
      {
        "avgVolume": 448836.35,
        "avgATR": 0.001225,
        "avgReturn": -0.03
      },
      {
        "avgVolume": 194007.6,
        "avgATR": 0.000615,
        "avgReturn": -0.103
      }
    ],
    "favorableHours": [
      17,
      0,
      14,
      15,
      16,
      2
    ],
    "favorableWindow": false,
    "currentVsAvgVolume": 0,
    "currentVsAvgVolatility": 0,
    "anomalyDetected": true,
    "timeUntilFavorable": 2,
    "temporalScore": 0
  },
  "unifiedMicrostructure": {
    "signalDirections": {
      "vpin": "NEUTRAL",
      "sweeps": "NEUTRAL",
      "absorption": "NEUTRAL",
      "arrival": "NEUTRAL",
      "vacuum": "NONE",
      "volRegime": "FAVORABLE",
      "temporal": "UNFAVORABLE"
    },
    "consensusDirection": "NEUTRAL",
    "consensusStrength": 50,
    "bullishSignals": 1,
    "bearishSignals": 1,
    "neutralSignals": 0,
    "totalAvailableSignals": 2,
    "dominantPattern": "NONE",
    "clusters": {
      "strongBuyCluster": false,
      "distributionPattern": false,
      "accumulationPattern": false,
      "momentumCascade": false
    },
    "adaptiveWeights": {
      "vpin": 0,
      "sweeps": 0,
      "absorption": 0,
      "arrival": 0,
      "vacuum": 0,
      "volRegime": 0.021,
      "temporal": 0.02
    },
    "convictionLevel": "LOW",
    "convictionScore": 30,
    "riskAdjustment": "REDUCE",
    "timingQuality": "UNFAVORABLE",
    "signalQuality": "LOW"
  },
  "deltaAnalysis": {
    "currentDelta": 0,
    "cumulativeDelta": 0,
    "deltaPerVolume": 0,
    "deltaDirection": "NEUTRAL",
    "deltaDivergence": false,
    "institutionalRatio": 0,
    "aggressionScore": 0
  },
  "volumeProfile": {
    "pointOfControl": 0,
    "valueAreaHigh": 0,
    "valueAreaLow": 0,
    "currentPosition": "ABOVE_VALUE_AREA",
    "volumeNodes": [],
    "airPockets": []
  },
  "momentumCascade": {
    "cascadeDetected": false,
    "alignmentScore": -0.02082644407032279,
    "cascadeStrength": 0,
    "acceleratingTimeframes": [],
    "divergingTimeframes": [
      "1m",
      "5m",
      "15m",
      "1h"
    ]
  },
  "breakoutConfirmation": {
    "breakoutConfirmed": false,
    "volumeConfirmation": false,
    "retestStrength": 0,
    "falseBreakoutRisk": 0,
    "breakoutQuality": "NO_BREAKOUT"
  },
  "liquidityHeatmap": {
    "liquidityScore": 0,
    "magnetDirection": "NONE",
    "magnetStrength": 0,
    "priceTarget5pct": null,
    "message": "No order book data"
  },
  "smartMoneyDivergence": {
    "divergenceDetected": false,
    "divergenceDirection": "NONE",
    "smartMoneyScore": 0.5,
    "message": "Insufficient trade data"
  },
  "microstructure": {
    "raw": -0.0667481289845699,
    "pct": 49,
    "summary": {
      "latestBucketSignedZ": 0,
      "buySellRatio": 0.5,
      "tradesPerSec": 0,
      "vwap": 0,
      "aggressorVWAP": 0,
      "vpinToxicity": "UNKNOWN",
      "sweepDirection": "NEUTRAL",
      "absorptionSide": "NONE",
      "icebergDetected": false,
      "hawkesDirection": "NEUTRAL",
      "cascadeDetected": false,
      "vacuumSide": "NONE",
      "volatilityRegime": "BELOW_NORMAL",
      "volExpanding": false,
      "favorableTimeWindow": false,
      "temporalAnomaly": true,
      "consensusDirection": "NEUTRAL",
      "consensusStrength": 50,
      "dominantPattern": "NONE",
      "convictionLevel": "LOW",
      "riskAdjustment": "REDUCE",
      "timingQuality": "UNFAVORABLE",
      "deltaDirection": "NEUTRAL",
      "deltaDivergence": false,
      "institutionalRatio": 0,
      "volumeProfilePosition": "ABOVE_VALUE_AREA",
      "pointOfControl": 0,
      "momentumCascadeDetected": false,
      "cascadeStrength": 0,
      "breakoutQuality": "NO_BREAKOUT",
      "breakoutConfirmed": false,
      "magnetDirection": "NONE",
      "magnetStrength": 0,
      "priceTarget5pct": null,
      "nearestBidWall": 0,
      "nearestAskWall": 0,
      "divergenceDetected": false,
      "divergenceDirection": "NONE",
      "whaleAccumulation": false,
      "whaleDistribution": false,
      "retailPanic": false,
      "smartMoneyScore": 0.5
    }
  }
}

=== MICROSTRUCTURE ALERTS ===

🔬 VPIN: Insufficient data for VPIN analysis

🌊 SWEEP DETECTION: No significant sweeps detected

🧊 ABSORPTION & ICEBERG: No significant absorption or iceberg orders detected

⚡ ORDER ARRIVAL DYNAMICS: Insufficient trades for analysis

🌪️ LIQUIDITY VACUUM: No significant vacuum detected

📊 VOLATILITY REGIME DETECTION:
   Current Regime: BELOW_NORMAL
   Regime Score: -0.50 (-1=low vol, +1=extreme vol)
   Days in Regime: 1
   ATR: $0.005185 (avg: $0.006878)
   ATR Percentile: 10.5%
   Realized Volatility: 93.40% (annualized)
   Vol Percentile: 33.9%

   🟢 BELOW NORMAL VOLATILITY:
   ⚡ Consolidation phase - watch for expansion
   ✅ Good entry zone for patient trades

   📉 VOLATILITY CONTRACTING:
   🔄 Consolidation phase - accumulation likely
   ⏳ Wait for expansion before entering

   ⚠️ HIGH REGIME TRANSITION PROBABILITY: 70%
   Market near regime boundary - expect volatility shift soon

   ⚠️ NEW REGIME: Only 1 day(s) - conditions still settling

⏰ TEMPORAL PATTERN ANALYSIS:
   Current Time: Sunday 22:00 UTC
   Day Bias: NEUTRAL
   Current vs Avg Volume: 0x
   Current vs Avg Volatility: 0x

   ⏳ NON-FAVORABLE TIME WINDOW:
   This hour typically shows weaker activity
   Next favorable window in 2 hour(s)

   ⚠️ LOW ACTIVITY ANOMALY:
   Volume 0x below typical - Extremely quiet

   📉 LOW VOLATILITY ANOMALY:
   Volatility 0x below typical - Consolidation likely

   🔥 Best Trading Hours (UTC): 17:00, 0:00, 14:00

🎯 UNIFIED MICROSTRUCTURE INTEGRATION:
   Signal Consensus: NEUTRAL (50% agreement)
   Available Signals: 2 (1 bullish / 1 bearish / 0 neutral)
   Conviction Level: LOW (30%)
   Signal Quality: LOW
   Risk Adjustment: REDUCE
   Timing Quality: UNFAVORABLE

   ⚠️ LOW CONVICTION: Only 50% signal agreement
   Weak alignment - Reduce position size or wait for clarity

   ⚠️ RISK REDUCTION RECOMMENDED: Extreme volatility or unfavorable timing detected

   ⏰ UNFAVORABLE TIMING: Avoid trading during this hour

   Signal Directions Breakdown:
   • VPIN: NEUTRAL
   • Sweeps: NEUTRAL
   • Absorption: NEUTRAL
   • Arrival Dynamics: NEUTRAL
   • Liquidity Vacuum: NONE
   • Vol Regime: FAVORABLE
   • Temporal: UNFAVORABLE

   Adaptive Weights (Total: 4.1%):
   • VPIN: 0.0%
   • Sweeps: 0.0%
   • Absorption: 0.0%
   • Arrival: 0.0%
   • Vacuum: 0.0%
   • Vol Regime: 2.1%
   • Temporal: 2.0%


💹 DELTA ANALYSIS (Order Flow Aggression):
   Direction: NEUTRAL
   Delta Per Volume: 0.00%
   Institutional Ratio: 0.0%
   Aggression Score: 0.0%

📊 VOLUME PROFILE (Support/Resistance Strength):
   Point of Control (POC): $0.000000
   Value Area High: $0.000000
   Value Area Low: $0.000000
   Current Position: ABOVE_VALUE_AREA
   ⚠️ DISTRIBUTION RISK: Price above value area - potential rejection zone

⚡ MOMENTUM CASCADE (Multi-Timeframe Alignment):
   Cascade Detected: NO
   Alignment Score: -2.1%
   Cascade Strength: 0.0%
   Accelerating: None
   Diverging: 1m, 5m, 15m, 1h

💥 BREAKOUT CONFIRMATION:
   Quality: NO_BREAKOUT
   Volume Confirmation: NO
   Retest Strength: 0.0%
   False Breakout Risk: 0.0%
   No breakout detected - price below resistance


levels:
Entry=0.035927999999999995, StopLoss=0.03502979999999999, TakeProfit=0.036606639999999996, 0.03728528, 0.037828192

---

=== Token: XCN (XCN) ===
Contract: XCN-USD
Timestamp: 2025-11-16T16:00:00.000Z

Calculations:
{
  "momentumScore": 48.72299869974316,
  "volumeScore": 5.0873709577561,
  "patternScore": 26.033342705362216,
  "totalScore": 18.50579329439942,
  "finalScore": 30,
  "weights": "0.23,0.45,0.23",
  "hourlyUptrend": false,
  "rsi": 38.46153846153846,
  "ultraShortVolumeSurge": 2.6208095978279378,
  "baseVolumeSurge": 0.01686894709157786,
  "currentPrice": 0.00581,
  "resistance": 0.0059,
  "support": 0.00575,
  "rocMin5": -0.006837606837606855,
  "shortROC": 0.005190311418685059,
  "priceAcceleration": -0.0017041703053196809,
  "buySellRatio": 0.1358056050884748,
  "macdHistogram": -0.00001603661999800036,
  "stochasticK": 5.263157894737082,
  "atr": 0.000029285714285714206,
  "bbUpper": 0.005983780211639984,
  "bbLower": 0.005787219788360018,
  "hammerDetected": false,
  "engulfingDetected": true,
  "compressionSpring": {
    "detected": true,
    "confidence": 44,
    "signals": {
      "sidewaysPrice": true,
      "atrCompression": false,
      "bbSqueeze": true,
      "consolidationTime": true,
      "strongBuying": false,
      "obvPositive": false,
      "chaikinPositive": false,
      "rsiNeutral": false,
      "volumeBuilding": true
    },
    "metrics": {
      "priceRange": 3.13,
      "atrRatio": 0.911,
      "bbWidth": 3.34,
      "volumeRatio": 1.174,
      "signalCount": 4,
      "buySellRatio": 0.136
    }
  },
  "riskTier": "LOW",
  "atrPercent": 0.6761740840914692,
  "distanceToResistance": 1.5490533562822686,
  "slPercent": 2.5,
  "tpPercent": 0.7228915662650621,
  "trailingActivation": 0.43373493975903726,
  "shortMomentumScore": 75,
  "overboughtScore": 0,
  "shortPatternScore": 0,
  "shootingStarDetected": false,
  "bearishEngulfingDetected": false,
  "eveningStarDetected": false,
  "bearishPatternsCount": 0,
  "shortTotalScore": 30,
  "chaikin": -0.14019437938707038,
  "obvIncreasing": false,
  "obvTrend": "declining",
  "adx": 78.94736842105259,
  "recentCandles": {
    "redCount": 4,
    "greenCount": 6
  },
  "resistanceDistance": 1.5490533562822686,
  "multiplePatterns": false,
  "bullishPattern": true,
  "priceAboveVWAP": false,
  "breakingResistance": false,
  "atrSufficient": false,
  "macdDivergenceBearish": false,
  "rvolMin1": 0.04483159431085074,
  "rvolMin5": 1.5492833091788496,
  "atrPercentileOld": 0.5365853658536586,
  "vwapDeviation": -4.599766245303609,
  "bbWidthPercent": 3.3397404346269086,
  "bbSqueeze": false,
  "multiTFMomentum": {
    "min1": {
      "roc1": -0.0017301038062284531,
      "roc3": -0.003454231433506054
    },
    "min5": {
      "roc1": 0.005190311418685059,
      "roc3": -0.005136986301369803
    },
    "min15": {
      "roc1": -0.003460207612456756,
      "roc3": -0.01706484641638215
    },
    "hourly": {
      "roc1": -0.012110726643598722,
      "roc3": -0.028911564625850344
    },
    "fourHour": {
      "roc1": -0.03547297297297299,
      "roc3": -0.053067993366500824
    },
    "divergenceShortUpLongDown": true
  },
  "returnZMin5": 2.0094193275355883,
  "wickClosePct": 0.8333333333333381,
  "wickUpper": 0.000009999999999999593,
  "wickLower": 0.000009999999999999593,
  "wickRatio": 0.24999999999998915,
  "donchianBreakout15": false,
  "bbWidthPercentile15": 0.7012987012987013,
  "signedMin5": 3139661.999999998,
  "signedMin5Z": 4.209255833316777,
  "signedMin1": 137447.6000000001,
  "signedMin1Z": 0.6800625919046083,
  "streakMin1": {
    "upStreak": 0,
    "downStreak": 0
  },
  "streakMin5": {
    "upStreak": 1,
    "downStreak": 0
  },
  "rvolPercentileMin1": 0.8909722222222223,
  "rvolPercentileMin5": 0.9652777777777778,
  "perTfMetrics": {
    "min1": {
      "sma20": 0.0058235,
      "sma50": 0.005848000000000001,
      "ema20": 0.00581332276163599,
      "ema50": 0.005838403091147296,
      "vwma20": 0.0058071496966295285,
      "hma21": 0.0057783982683982694,
      "atr14": 0.000014999999999999946,
      "atrPercentile": 0.8575025176233635,
      "rvolZ": 0.04483159431085074,
      "rvolPercentile": 0.8909722222222223,
      "mfi14": 15.24620205804635,
      "ppo": {
        "ppo": -0.3738235253402038,
        "signal": -0.2736828490848513,
        "histogram": -0.1001406762553525
      },
      "stochRsi": {
        "k": 20.00000000000038,
        "d": 26.470588235293985
      },
      "vprofile": {
        "vpBins": [
          0.026446347958923554,
          0,
          0.022055576485167785,
          0.004145606240565866,
          0.03765878891395335,
          0,
          0.012386204809109944,
          0.009763441206290682,
          0.06600121526522444,
          0.08872338658664426,
          0,
          0.1817404145545102,
          0,
          0.3105195816904965,
          0,
          0.14920987253551357,
          0,
          0.07958141784802825,
          0,
          0.011768145905571566
        ],
        "currentBinShare": 0.026446347958923554
      },
      "ttm": {
        "squeeze": false,
        "release": false,
        "widthPct": 2.260164283853057
      }
    },
    "min5": {
      "sma20": 0.0058565,
      "sma50": 0.0058866,
      "ema20": 0.005849913031217226,
      "ema50": 0.005887738695376074,
      "vwma20": 0.00583521608291726,
      "hma21": 0.005824199134199135,
      "atr14": 0.000029285714285714206,
      "atrPercentile": 0.8211678832116789,
      "rvolZ": 1.5492833091788496,
      "rvolPercentile": 0.9652777777777778,
      "mfi14": 40.184471546862945,
      "ppo": {
        "ppo": -0.39022423434973125,
        "signal": -0.29288097853843276,
        "histogram": -0.09734325581129849
      },
      "stochRsi": {
        "k": 39.095955590800266,
        "d": 32.687662578967
      },
      "vprofile": {
        "vpBins": [
          0,
          0.009991647639315145,
          0.04372289183531536,
          0,
          0.02929729762744883,
          0.03263292532118806,
          0.06888696154980954,
          0.029658398699824267,
          0.0943036149785981,
          0.03499172755835094,
          0.01481471227326748,
          0.10544484945803699,
          0.12797471742153693,
          0.11999850643437687,
          0.05257341322792913,
          0.04620128965400272,
          0.0785962216361229,
          0.08339353745016621,
          0.025057026009586186,
          0.002460261225124192
        ],
        "currentBinShare": 0.04372289183531536
      },
      "ttm": {
        "squeeze": false,
        "release": false,
        "widthPct": 1.9944938786577542
      }
    },
    "min15": {
      "sma20": 0.005885500000000001,
      "sma50": 0.005963599999999999,
      "ema20": 0.005881370139238657,
      "ema50": 0.005944990422609562,
      "vwma20": 0.005874382781390428,
      "hma21": 0.00581268398268398,
      "atr14": 0.00003928571428571436,
      "atrPercentile": 0.5365853658536586,
      "rvolZ": 0.8416135746534402,
      "rvolPercentile": 0.9270833333333334,
      "mfi14": 2.485735609475995,
      "ppo": {
        "ppo": -0.8158157559691497,
        "signal": -0.6465710752206679,
        "histogram": -0.16924468074848176
      },
      "stochRsi": {
        "k": 0,
        "d": 17.02898550724639
      },
      "vprofile": {
        "vpBins": [
          0.022697782374399574,
          0.019787174230255132,
          0,
          0.03033852535346662,
          0.03408646613200571,
          0.013421866184594174,
          0.08222794970568933,
          0.018010018466438217,
          0.06608116439439499,
          0.15829319784786178,
          0.05905966887975759,
          0.03683413542492108,
          0.23552814528952,
          0.016925288542264428,
          0.077000170355654,
          0.10602413630279858,
          0.02368431051597905,
          0,
          0,
          0
        ],
        "currentBinShare": 0.022697782374399574
      },
      "ttm": {
        "squeeze": false,
        "release": true,
        "widthPct": 3.3397404346269086
      }
    },
    "hourly": {
      "sma20": 0.0059819999999999995,
      "sma50": 0.0060038,
      "ema20": 0.005946771737964168,
      "ema50": 0.006030071213667923,
      "vwma20": 0.005966881790888928,
      "hma21": 0.005863203463203462,
      "atr14": 0.00006785714285714287,
      "atrPercentile": 0.021739130434782608,
      "rvolZ": -0.22657207699794335,
      "rvolPercentile": 0.5357142857142857,
      "mfi14": 13.9355681448843,
      "ppo": {
        "ppo": -1.0718822226863594,
        "signal": -0.5382507637398276,
        "histogram": -0.5336314589465317
      },
      "stochRsi": {
        "k": 0,
        "d": 25.709876543209834
      },
      "vprofile": {
        "vpBins": [
          0.007871138127292876,
          0.02671753727908031,
          0.06869087943717789,
          0.06567366105854208,
          0.08869574479878575,
          0.12226440846118604,
          0.017860699981991388,
          0,
          0,
          0.04325049888355018,
          0.1355181739139468,
          0.09945983559138456,
          0.07513188463855819,
          0.07242413206313154,
          0.11955972884143967,
          0.010687777798224931,
          0.025738737897680195,
          0,
          0.02045516122802759,
          0
        ],
        "currentBinShare": 0.007871138127292876
      },
      "ttm": {
        "squeeze": false,
        "release": true,
        "widthPct": 6.944544906702623
      }
    },
    "fourHour": {
      "sma20": 0.006063000000000001,
      "sma50": 0.0064459999999999995,
      "ema20": 0.00609232667916346,
      "ema50": 0.006366547406622012,
      "vwma20": 0.006074387872204493,
      "hma21": 0.005887402597402598,
      "atr14": 0.00023857142857142857,
      "atrPercentile": 0.45714285714285713,
      "rvolZ": -0.46083441131758823,
      "rvolPercentile": 0.3333333333333333,
      "mfi14": 38.412045807851754,
      "ppo": {
        "ppo": -2.6207123075717718,
        "signal": -2.5182903372624788,
        "histogram": -0.10242197030929301
      },
      "stochRsi": {
        "k": 82.24105461393587,
        "d": 43.10212184058995
      },
      "vprofile": {
        "vpBins": [
          0.005635470874824978,
          0.02713279944249971,
          0.08656436514371457,
          0.0760378490327085,
          0.06745251744022172,
          0.052959657117795295,
          0.04609244048535425,
          0.1785549740875197,
          0.12934211578713367,
          0.14072964725529194,
          0.045693603673384604,
          0.11810522126137912,
          0,
          0,
          0.005065553959590625,
          0.005480897431088577,
          0.008026170247851004,
          0,
          0.007126716759641715,
          0
        ],
        "currentBinShare": 0.005635470874824978
      },
      "ttm": {
        "squeeze": false,
        "release": false,
        "widthPct": 12.775968944882415
      }
    },
    "daily": {
      "sma20": 0.007021999999999999,
      "sma50": 0.008746000000000002,
      "ema20": 0.006966584038132735,
      "ema50": 0.008334881574330969,
      "vwma20": 0,
      "hma21": 0.0056829004329004345,
      "atr14": 0.0007450000000000001,
      "atrPercentile": 0.35526315789473684,
      "rvolZ": 0,
      "rvolPercentile": 1,
      "mfi14": 50,
      "ppo": {
        "ppo": -11.061114961247615,
        "signal": -10.249172258576017,
        "histogram": -0.8119427026715975
      },
      "stochRsi": {
        "k": 86.50398039287948,
        "d": 26.03407808166168
      },
      "vprofile": {
        "vpBins": [
          0,
          0,
          0,
          0,
          0,
          0,
          0,
          0,
          0,
          0,
          0,
          0,
          0,
          0,
          0,
          0,
          0,
          0,
          0,
          0
        ],
        "currentBinShare": 0
      },
      "ttm": {
        "squeeze": false,
        "release": false,
        "widthPct": 55.58385440777077
      }
    }
  },
  "smaMin5": 0.0058565,
  "emaMin5": 0.005849913031217226,
  "vwmaMin5": 0.00583521608291726,
  "hmaMin5": 0.005824199134199135,
  "keltner15": {
    "upper": 0.005942870139238657,
    "middle": 0.005881370139238657,
    "lower": 0.0058198701392386575
  },
  "superTrend15": {
    "isBull": false,
    "finalUpper": 0.005908,
    "finalLower": 0.005662
  },
  "mfi15": 2.485735609475995,
  "stochRsi15": {
    "k": 0,
    "d": 17.02898550724639
  },
  "ppo15": {
    "ppo": -0.8158157559691497,
    "signal": -0.6465710752206679,
    "histogram": -0.16924468074848176
  },
  "vpMin15": {
    "vpBins": [
      0.022697782374399574,
      0.019787174230255132,
      0,
      0.03033852535346662,
      0.03408646613200571,
      0.013421866184594174,
      0.08222794970568933,
      0.018010018466438217,
      0.06608116439439499,
      0.15829319784786178,
      0.05905966887975759,
      0.03683413542492108,
      0.23552814528952,
      0.016925288542264428,
      0.077000170355654,
      0.10602413630279858,
      0.02368431051597905,
      0,
      0,
      0
    ],
    "currentBinShare": 0.022697782374399574
  },
  "ttm15": {
    "squeeze": false,
    "release": true,
    "widthPct": 3.3397404346269086
  },
  "marketCorrelation": {
    "hourly": {
      "btcCorrelation": 0,
      "ethCorrelation": 0,
      "btcBeta": 1,
      "ethBeta": 1,
      "btcTrend": "UNKNOWN",
      "ethTrend": "UNKNOWN",
      "tokenVol": 0,
      "btcVol": 0,
      "ethVol": 0,
      "marketDependence": 0,
      "verdict": "INSUFFICIENT_DATA"
    },
    "min15": {
      "btcCorrelation": 0,
      "ethCorrelation": 0,
      "btcBeta": 1,
      "ethBeta": 1,
      "btcTrend": "UNKNOWN",
      "ethTrend": "UNKNOWN",
      "tokenVol": 0,
      "btcVol": 0,
      "ethVol": 0,
      "marketDependence": 0,
      "verdict": "INSUFFICIENT_DATA"
    },
    "daily": {
      "btcCorrelation": 0,
      "ethCorrelation": 0,
      "btcBeta": 1,
      "ethBeta": 1,
      "btcTrend": "UNKNOWN",
      "ethTrend": "UNKNOWN",
      "tokenVol": 0,
      "btcVol": 0,
      "ethVol": 0,
      "marketDependence": 0,
      "verdict": "INSUFFICIENT_DATA"
    }
  },
  "tradeTape": {
    "totalTrades": 0,
    "totalVolume": 0,
    "buysVolume": 0,
    "sellsVolume": 0,
    "buySellRatio": 0.5,
    "vwap": 0,
    "signedVolume": 0,
    "avgTradeSize": 0,
    "tradesPerSec": 0,
    "cumulativeDelta": 0,
    "tradesLast1m": 0,
    "tradesLast5m": 0,
    "tradesLast15m": 0,
    "tradesLast1h": 0,
    "buyVWAP": 0,
    "sellVWAP": 0,
    "aggressorVWAP": 0,
    "bucketDurationMs": 60000,
    "bucketCount": 15,
    "bucketSignedVolumes": [],
    "bucketVolumes": [],
    "bucketVWAPs": [],
    "latestBucketSignedZ": 0
  },
  "enhancedMetrics": {
    "relativeVolumeZScore": -1,
    "volumePercentile": 40,
    "atrPercentile": 83.21167883211679,
    "volatilityPercentile": 11.39240506329114,
    "relativeVolatilityRatio": 0.8958376338163722,
    "isHighVolume": false,
    "isHighVolatility": false,
    "isLowVolatility": true,
    "isExpandingVolatility": false,
    "isContractingVolatility": false
  },
  "orderBook": {
    "bidAskSpread": 0,
    "spreadPct": 0,
    "midPrice": 0,
    "bestBid": 0,
    "bestAsk": 0,
    "bidDepth": 0,
    "askDepth": 0,
    "orderBookImbalance": 0,
    "liquidityScore": 0,
    "depthAt1Pct": {
      "bidVolume": 0,
      "askVolume": 0,
      "imbalance": 0
    },
    "depthAt2Pct": {
      "bidVolume": 0,
      "askVolume": 0,
      "imbalance": 0
    },
    "depthAt5Pct": {
      "bidVolume": 0,
      "askVolume": 0,
      "imbalance": 0
    },
    "weightedMidPrice": 0,
    "volumeWeightedSpread": 0,
    "totalBidLevels": 0,
    "totalAskLevels": 0
  },
  "marketCap": {
    "marketCap": 0,
    "totalVolume24h": 0,
    "volumeToMarketCapRatio": 0,
    "marketCapRank": 0,
    "normalizedRank": 0,
    "isHighLiquidity": false,
    "isVeryHighLiquidity": false,
    "isLowLiquidity": true,
    "liquidityTier": "VERY_LOW"
  },
  "sweeps": {
    "sweepScore": 0,
    "sweepCount": 0,
    "sweepDirection": "NEUTRAL",
    "buySweeps": 0,
    "sellSweeps": 0,
    "avgSweepSize": 0,
    "avgSweepIntensity": 0,
    "bidLiftRatio": 0,
    "askLiftRatio": 0,
    "sweepFrequency": 0,
    "largestSweep": null,
    "recentSweepClusters": 0,
    "sweepDetails": []
  },
  "absorption": {
    "absorptionScore": 0,
    "absorptionLevel": null,
    "absorptionSide": "NONE",
    "icebergProbability": 0,
    "hiddenLiquidityEstimate": 0,
    "volumeAtPrice": {},
    "topAbsorptionLevels": [],
    "persistenceDuration": 0,
    "refillDetected": false
  },
  "orderArrival": {
    "avgInterArrivalTime": 0,
    "recentInterArrivalTime": 0,
    "accelerationRatio": 1,
    "hawkesIntensity": 0,
    "hawkesDirection": "NEUTRAL",
    "clusteringScore": 0,
    "burstCount": 0,
    "cascadeDetected": false,
    "timeToNextTrade": 0,
    "accelerationTrend": "STABLE"
  },
  "liquidityVacuum": {
    "vacuumScore": 0,
    "vacuumSide": "NONE",
    "bidVacuumSeverity": 0,
    "askVacuumSeverity": 0,
    "depthConcentration": 0,
    "priceImpact10k": 0,
    "priceImpact50k": 0,
    "priceImpact100k": 0,
    "largestGapBid": 0,
    "largestGapAsk": 0,
    "avgGapBid": 0,
    "avgGapAsk": 0,
    "bidCliffDistance": 0,
    "askCliffDistance": 0
  },
  "volatilityRegime": {
    "regime": "NORMAL",
    "regimeScore": 0,
    "currentATR": 0.000764,
    "avgATR": 0.000751,
    "atrPercentile": 40.8,
    "realizedVolatility": 72.41,
    "volPercentile": 44.1,
    "expanding": false,
    "contracting": false,
    "transitionProbability": 0.3,
    "daysInRegime": 1,
    "regimeStrength": 0.24
  },
  "temporalPatterns": {
    "currentHour": 22,
    "currentDay": 0,
    "currentDayName": "Sunday",
    "dayBias": "NEUTRAL",
    "hourlyProfile": [
      {
        "avgVolume": 15610063.01,
        "avgATR": 0.000144,
        "avgReturn": -0.461
      },
      {
        "avgVolume": 14030745.69,
        "avgATR": 0.000126,
        "avgReturn": 0.415
      },
      {
        "avgVolume": 42099211.24,
        "avgATR": 0.000191,
        "avgReturn": 1.22
      },
      {
        "avgVolume": 16347355.97,
        "avgATR": 0.000112,
        "avgReturn": -0.309
      },
      {
        "avgVolume": 13068689.6,
        "avgATR": 0.000119,
        "avgReturn": -0.515
      },
      {
        "avgVolume": 10145259.29,
        "avgATR": 0.000116,
        "avgReturn": -0.166
      },
      {
        "avgVolume": 12322571.69,
        "avgATR": 0.00011,
        "avgReturn": -0.085
      },
      {
        "avgVolume": 8261260.97,
        "avgATR": 0.000093,
        "avgReturn": -0.381
      },
      {
        "avgVolume": 7047268.39,
        "avgATR": 0.000101,
        "avgReturn": 0.13
      },
      {
        "avgVolume": 6547555.33,
        "avgATR": 0.000096,
        "avgReturn": -0.224
      },
      {
        "avgVolume": 5622766.38,
        "avgATR": 0.000083,
        "avgReturn": 0.029
      },
      {
        "avgVolume": 12873066.52,
        "avgATR": 0.000146,
        "avgReturn": 0.495
      },
      {
        "avgVolume": 15064807.73,
        "avgATR": 0.000151,
        "avgReturn": -0.524
      },
      {
        "avgVolume": 13287859.54,
        "avgATR": 0.000145,
        "avgReturn": 0.31
      },
      {
        "avgVolume": 18203889.66,
        "avgATR": 0.000155,
        "avgReturn": -0.1
      },
      {
        "avgVolume": 19766343.74,
        "avgATR": 0.000176,
        "avgReturn": -1.191
      },
      {
        "avgVolume": 20616939.61,
        "avgATR": 0.000133,
        "avgReturn": -0.419
      },
      {
        "avgVolume": 22885392.38,
        "avgATR": 0.000159,
        "avgReturn": 0.199
      },
      {
        "avgVolume": 18020761.31,
        "avgATR": 0.00013,
        "avgReturn": -0.162
      },
      {
        "avgVolume": 21473342.85,
        "avgATR": 0.000165,
        "avgReturn": -0.138
      },
      {
        "avgVolume": 27982884.18,
        "avgATR": 0.000175,
        "avgReturn": -0.399
      },
      {
        "avgVolume": 17673140.45,
        "avgATR": 0.00013,
        "avgReturn": 0.411
      },
      {
        "avgVolume": 22365996.68,
        "avgATR": 0.000159,
        "avgReturn": 0.091
      },
      {
        "avgVolume": 17643791.76,
        "avgATR": 0.000119,
        "avgReturn": -0.343
      }
    ],
    "dailyProfile": [
      {
        "avgVolume": 10322825.88,
        "avgATR": 0.000095,
        "avgReturn": -0.032
      },
      {
        "avgVolume": 17725843.96,
        "avgATR": 0.000161,
        "avgReturn": -0.332
      },
      {
        "avgVolume": 32555437.41,
        "avgATR": 0.000207,
        "avgReturn": -0.154
      },
      {
        "avgVolume": 16796487.51,
        "avgATR": 0.000139,
        "avgReturn": 0.061
      },
      {
        "avgVolume": 13668812.98,
        "avgATR": 0.000116,
        "avgReturn": -0.207
      },
      {
        "avgVolume": 16900003.88,
        "avgATR": 0.000122,
        "avgReturn": 0.02
      },
      {
        "avgVolume": 8132482.74,
        "avgATR": 0.000103,
        "avgReturn": 0.021
      }
    ],
    "favorableHours": [
      2,
      20,
      17,
      22,
      19,
      16
    ],
    "favorableWindow": true,
    "currentVsAvgVolume": 0,
    "currentVsAvgVolatility": 0,
    "anomalyDetected": true,
    "timeUntilFavorable": null,
    "temporalScore": 0.5
  },
  "unifiedMicrostructure": {
    "signalDirections": {
      "vpin": "NEUTRAL",
      "sweeps": "NEUTRAL",
      "absorption": "NEUTRAL",
      "arrival": "NEUTRAL",
      "vacuum": "NONE",
      "volRegime": "NEUTRAL",
      "temporal": "FAVORABLE"
    },
    "consensusDirection": "BULLISH",
    "consensusStrength": 50,
    "bullishSignals": 1,
    "bearishSignals": 0,
    "neutralSignals": 1,
    "totalAvailableSignals": 2,
    "dominantPattern": "NONE",
    "clusters": {
      "strongBuyCluster": false,
      "distributionPattern": false,
      "accumulationPattern": false,
      "momentumCascade": false
    },
    "adaptiveWeights": {
      "vpin": 0,
      "sweeps": 0,
      "absorption": 0,
      "arrival": 0,
      "vacuum": 0,
      "volRegime": 0.03,
      "temporal": 0.02
    },
    "convictionLevel": "LOW",
    "convictionScore": 30,
    "riskAdjustment": "NORMAL",
    "timingQuality": "FAVORABLE",
    "signalQuality": "LOW"
  },
  "deltaAnalysis": {
    "currentDelta": 0,
    "cumulativeDelta": 0,
    "deltaPerVolume": 0,
    "deltaDirection": "NEUTRAL",
    "deltaDivergence": false,
    "institutionalRatio": 0,
    "aggressionScore": 0
  },
  "volumeProfile": {
    "pointOfControl": 0,
    "valueAreaHigh": 0,
    "valueAreaLow": 0,
    "currentPosition": "ABOVE_VALUE_AREA",
    "volumeNodes": [],
    "airPockets": []
  },
  "momentumCascade": {
    "cascadeDetected": false,
    "alignmentScore": -0.016786302449497442,
    "cascadeStrength": 0,
    "acceleratingTimeframes": [],
    "divergingTimeframes": [
      "1m",
      "5m",
      "15m",
      "1h"
    ]
  },
  "breakoutConfirmation": {
    "breakoutConfirmed": false,
    "volumeConfirmation": false,
    "retestStrength": 0,
    "falseBreakoutRisk": 0,
    "breakoutQuality": "NO_BREAKOUT"
  },
  "liquidityHeatmap": {
    "liquidityScore": 0,
    "magnetDirection": "NONE",
    "magnetStrength": 0,
    "priceTarget5pct": null,
    "message": "No order book data"
  },
  "smartMoneyDivergence": {
    "divergenceDetected": false,
    "divergenceDirection": "NONE",
    "smartMoneyScore": 0.5,
    "message": "Insufficient trade data"
  },
  "microstructure": {
    "raw": -0.06037004527395362,
    "pct": 49,
    "summary": {
      "latestBucketSignedZ": 0,
      "buySellRatio": 0.5,
      "tradesPerSec": 0,
      "vwap": 0,
      "aggressorVWAP": 0,
      "vpinToxicity": "UNKNOWN",
      "sweepDirection": "NEUTRAL",
      "absorptionSide": "NONE",
      "icebergDetected": false,
      "hawkesDirection": "NEUTRAL",
      "cascadeDetected": false,
      "vacuumSide": "NONE",
      "volatilityRegime": "NORMAL",
      "volExpanding": false,
      "favorableTimeWindow": true,
      "temporalAnomaly": true,
      "consensusDirection": "BULLISH",
      "consensusStrength": 50,
      "dominantPattern": "NONE",
      "convictionLevel": "LOW",
      "riskAdjustment": "NORMAL",
      "timingQuality": "FAVORABLE",
      "deltaDirection": "NEUTRAL",
      "deltaDivergence": false,
      "institutionalRatio": 0,
      "volumeProfilePosition": "ABOVE_VALUE_AREA",
      "pointOfControl": 0,
      "momentumCascadeDetected": false,
      "cascadeStrength": 0,
      "breakoutQuality": "NO_BREAKOUT",
      "breakoutConfirmed": false,
      "magnetDirection": "NONE",
      "magnetStrength": 0,
      "priceTarget5pct": null,
      "nearestBidWall": 0,
      "nearestAskWall": 0,
      "divergenceDetected": false,
      "divergenceDirection": "NONE",
      "whaleAccumulation": false,
      "whaleDistribution": false,
      "retailPanic": false,
      "smartMoneyScore": 0.5
    }
  }
}

=== MICROSTRUCTURE ALERTS ===

🔬 VPIN: Insufficient data for VPIN analysis

🌊 SWEEP DETECTION: No significant sweeps detected

🧊 ABSORPTION & ICEBERG: No significant absorption or iceberg orders detected

⚡ ORDER ARRIVAL DYNAMICS: Insufficient trades for analysis

🌪️ LIQUIDITY VACUUM: No significant vacuum detected

📊 VOLATILITY REGIME DETECTION:
   Current Regime: NORMAL
   Regime Score: 0.00 (-1=low vol, +1=extreme vol)
   Days in Regime: 1
   ATR: $0.000764 (avg: $0.000751)
   ATR Percentile: 40.8%
   Realized Volatility: 72.41% (annualized)
   Vol Percentile: 44.1%

   ⚪ NORMAL VOLATILITY:
   📊 Balanced market conditions
   ✅ Standard risk management applies

   📍 MODERATE REGIME TRANSITION PROBABILITY: 30%
   Monitor for potential regime change

   ⚠️ NEW REGIME: Only 1 day(s) - conditions still settling

⏰ TEMPORAL PATTERN ANALYSIS:
   Current Time: Sunday 22:00 UTC
   Day Bias: NEUTRAL
   Current vs Avg Volume: 0x
   Current vs Avg Volatility: 0x

   ✅ FAVORABLE TIME WINDOW:
   This hour historically shows strong volume and positive returns
   GOOD time to trade - patterns favor entry

   ⚠️ LOW ACTIVITY ANOMALY:
   Volume 0x below typical - Extremely quiet

   📉 LOW VOLATILITY ANOMALY:
   Volatility 0x below typical - Consolidation likely

   🔥 Best Trading Hours (UTC): 2:00, 20:00, 17:00

🎯 UNIFIED MICROSTRUCTURE INTEGRATION:
   Signal Consensus: BULLISH (50% agreement)
   Available Signals: 2 (1 bullish / 0 bearish / 1 neutral)
   Conviction Level: LOW (30%)
   Signal Quality: LOW
   Risk Adjustment: NORMAL
   Timing Quality: FAVORABLE

   ⚠️ LOW CONVICTION: Only 50% signal agreement
   Weak alignment - Reduce position size or wait for clarity

   📊 NORMAL RISK LEVEL: Standard position sizing applies

   ⏰ FAVORABLE TIMING: Good time window for trading

   Signal Directions Breakdown:
   • VPIN: NEUTRAL
   • Sweeps: NEUTRAL
   • Absorption: NEUTRAL
   • Arrival Dynamics: NEUTRAL
   • Liquidity Vacuum: NONE
   • Vol Regime: NEUTRAL
   • Temporal: FAVORABLE

   Adaptive Weights (Total: 5.0%):
   • VPIN: 0.0%
   • Sweeps: 0.0%
   • Absorption: 0.0%
   • Arrival: 0.0%
   • Vacuum: 0.0%
   • Vol Regime: 3.0%
   • Temporal: 2.0%


💹 DELTA ANALYSIS (Order Flow Aggression):
   Direction: NEUTRAL
   Delta Per Volume: 0.00%
   Institutional Ratio: 0.0%
   Aggression Score: 0.0%

📊 VOLUME PROFILE (Support/Resistance Strength):
   Point of Control (POC): $0.000000
   Value Area High: $0.000000
   Value Area Low: $0.000000
   Current Position: ABOVE_VALUE_AREA
   ⚠️ DISTRIBUTION RISK: Price above value area - potential rejection zone

⚡ MOMENTUM CASCADE (Multi-Timeframe Alignment):
   Cascade Detected: NO
   Alignment Score: -1.7%
   Cascade Strength: 0.0%
   Accelerating: None
   Diverging: 1m, 5m, 15m, 1h

💥 BREAKOUT CONFIRMATION:
   Quality: NO_BREAKOUT
   Volume Confirmation: NO
   Retest Strength: 0.0%
   False Breakout Risk: 0.0%
   No breakout detected - price below resistance


levels:
Entry=0.0058216200000000004, StopLoss=0.0059671605, TakeProfit=0.0058047864, 0.005779536, 0.0057669108

---
